artista;musica;pontos;pts_ganho;pts_calc;data
BTS;SWIM;20472;-710;0.315;20260401
BTS;SWIM with Jin;15258;1673;0.029;20260401
BTS;SWIM with Jung Kook;13252;1206;0.025;20260401
BTS;SWIM with V;12975;-16;0.026;20260401
RAYE;WHERE IS MY HUSBAND;12627;34;2.103;20260401
BTS;SWIM with RM;12416;1487;0.023;20260401
Eddie Dalton;Another Day Old;12413;-1112;0.106;20260401
HUNTR/X;Golden;12379;507;4.381;20260401
EJAE;Golden;12379;507;4.381;20260401
AUDREY NUNA;Golden;12379;507;4.381;20260401
REI AMI;Golden;12379;507;4.381;20260401
KPop Demon Hunters Cast;Golden;12379;507;4.381;20260401
BTS;SWIM with Jimin;12282;367;0.024;20260401
BTS;SWIM with SUGA;11861;773;0.023;20260401
BTS;SWIM with j-hope;11494;736;0.022;20260401
Taylor Swift;The Fate of Ophelia;10864;-290;2.915;20260401
Bruno Mars;I Just Might;10783;520;1.193;20260401
Eddie Dalton;Running To You;10573;-1040;0.091;20260401
Alex Warren;Ordinary;10011;699;5.189;20260401
Alex Warren;FEVER DREAM;9861;1195;0.324;20260401
Eddie Dalton;Stay a Little Longer;9071;2991;0.015;20260401
Eddie Dalton;Cheap Red Wine;8780;-1017;0.068;20260401
The Second Voice;LET ME BE;8526;-65;0.215;20260401
Taylor Swift;Opalite;7980;338;1.528;20260401
Olivia Dean;Man I Need;7554;-773;2.033;20260401
BTS;Body to Body;7373;-1887;0.194;20260401
Tame Impala;Dracula;7179;1897;0.128;20260401
JENNIE;Dracula;7179;1897;0.128;20260401
Bruno Mars;Risk It All;6912;392;0.293;20260401
Olivia Dean;So Easy;6722;-361;1.126;20260401
Miley Cyrus;Younger You;6647;304;0.067;20260401
Bebe Rexha;New Religion;6139;-21;0.218;20260401
Faithless;New Religion;6139;-21;0.218;20260401
Ella Langley;Choosin' Texas;6121;362;0.756;20260401
Owen James;When I Stand;5907;-542;0.194;20260401
BTS;NORMAL;5172;-818;0.162;20260401
Djo;End of Beginning;5081;-22;1.66;20260401
RAYE;Click Clack Symphony.;5050;-688;0.094;20260401
sombr;Homewrecker;4864;1034;0.214;20260401
Harry Styles;Sign of the Times;4858;-2160;4.646;20260401
BTS;2.0;4783;-331;0.11;20260401
Harry Styles;American Girls;4749;444;0.169;20260401
mikeeysmind;Papaoutai;4679;-1703;0.713;20260401
Chill77;Papaoutai;4679;-1703;0.713;20260401
Unjaps;Papaoutai;4679;-1703;0.713;20260401
SIENNA SPIRO;Die On This Hill;4604;-156;0.521;20260401
Paul McCartney;Days We Left Behind;4551;-2236;0.058;20260401
The Goo Goo Dolls;Iris;4516;-336;1.818;20260401
Zara Larsson;Lush Life;4431;145;2.524;20260401
Sam Fender;Rein Me In;3965;-230;0.408;20260401
Olivia Dean;Rein Me In;3965;-230;0.408;20260401
BTS;Hooligan;3384;-866;0.121;20260401
Disney;Zoo;3375;-487;0.381;20260401
Shakira;Zoo;3375;-487;0.381;20260401
BTS;Like Animals;3298;-1644;0.152;20260401
Dermot Kennedy;Funeral;3248;335;0.12;20260401
BTS;FYA;3142;-690;0.128;20260401
Dave;Raindance;3137;504;0.281;20260401
Tems;Raindance;3137;504;0.281;20260401
Harry Styles;Aperture;3016;-150;0.531;20260401
Teddy Swims;The Door;3007;641;3.856;20260401
GIUSEPPE ROCCASALVO;PENSIERO STUPENDO;2973;86;0.013;20260401
Tame Impala;Dracula;2971;144;0.174;20260401
Ella Langley;Be Her;2903;-70;0.163;20260401
David Guetta;Gone Gone Gone;2847;-143;0.933;20260401
Teddy Swims;Gone Gone Gone;2847;-143;0.933;20260401
Tones And I;Gone Gone Gone;2847;-143;0.933;20260401
Lady Gaga;Die With A Smile;2801;-416;7.275;20260401
Bruno Mars;Die With A Smile;2801;-416;7.275;20260401
Bad Bunny;DtMF;2741;45;0.978;20260401
Eminem;Lose Yourself;2719;884;3.702;20260401
sombr;12 to 12;2684;-842;0.995;20260401
Bella Kay;iloveitiloveitiloveit;2574;503;0.044;20260401
Shakira;Zoo;2540;301;0.538;20260401
Benson Boone;Beautiful Things;2525;-475;7.101;20260401
Christina Perri;A Thousand Years;2455;472;8.216;20260401
Kneecap;FENIAN;2327;1532;0.003;20260401
Ella Langley;Loving Life Again;2322;913;0.037;20260401
Lady Gaga;Always Remember Us This Way;2273;-1390;9.402;20260401
Chappell Roan;Pink Pony Club;2265;308;2.635;20260401
Boney M.;Rasputin;2262;396;0.462;20260401
Zhang Zi Ning;一念(电视剧《逐玉》插曲);2230;-429;0.01;20260401
Rex;一念(电视剧《逐玉》插曲);2230;-429;0.01;20260401
BTS;Into the Sun;2127;-134;0.098;20260401
HAVEN.;I Run;2091;141;0.4;20260401
Kaitlin Aragon;I Run;2091;141;0.4;20260401
BTS;Aliens;2084;-620;0.098;20260401
Anita Ward;Ring My Bell;2079;1063;0.144;20260401
Ella Langley;you look like you love me;2034;543;1.1;20260401
Riley Green;you look like you love me;2034;543;1.1;20260401
Mrs. GREEN APPLE;lulu.;2033;551;0.136;20260401
BTS;they don’t know ’bout us;2024;-1155;0.1;20260401
Sia;Unstoppable;2019;379;7.511;20260401
Céline Dion;Hymne à l'amour;2008;260;0.22;20260401
Kato;Turn the Lights Off;1980;59;0.325;20260401
Jon;Turn the Lights Off;1980;59;0.325;20260401
ANOTR;Talk To You;1979;84;0.047;20260401
HUGEL;Jamaican;1962;-144;0.23;20260401
SOLTO (FR);Jamaican;1962;-144;0.23;20260401
King Gnu;AIZO;1941;-134;0.154;20260401
disiz;melodrama;1898;970;0.184;20260401
Theodora;melodrama;1898;970;0.184;20260401
Gordo;Loco Loco;1894;-372;0.077;20260401
Reinier Zonneveld;Loco Loco;1894;-372;0.077;20260401
Ac/Dc;Thunderstruck;1875;-318;3.997;20260401
NiziU;Too Bad;1859;1748;0.002;20260401
Billie Eilish;BIRDS OF A FEATHER;1845;613;5.782;20260401
Teddy Swims;Lose Control;1838;-481;7.284;20260401
starly;Kavkaz;1835;296;0.028;20260401
PinkPantheress;Stateside;1821;-285;0.153;20260401
ROSÉ;APT.;1813;236;6.319;20260401
Bruno Mars;APT.;1813;236;6.319;20260401
Luke Combs;Days Like These;1770;-105;0.248;20260401
ZXKAI;NO BATIDÃO;1754;-716;0.111;20260401
slxughter;NO BATIDÃO;1754;-716;0.111;20260401
Phuwin;แค่นาทีเดียว;1749;755;0.003;20260401
ROSALÍA;Berghain;1745;256;0.561;20260401
Björk;Berghain;1745;256;0.561;20260401
Yves Tumor;Berghain;1745;256;0.561;20260401
Ricchi;Sarà perché ti amo;1713;1053;1.486;20260401
Poveri;Sarà perché ti amo;1713;1053;1.486;20260401
IRENE;Biggest Fan;1712;-625;0.007;20260401
ROSALÍA;La Perla;1689;253;0.314;20260401
Yahritza Y Su Esencia;La Perla;1689;253;0.314;20260401
STARGLOW;USOTSUKI;1651;51;0.005;20260401
Luke Combs;Sleepless in a Hotel Room;1641;423;0.271;20260401
JJ Lin;Careful with Fate;1593;-534;0.037;20260401
sombr;back to friends;1591;704;0.557;20260401
Noah Kahan;The Great Divide;1587;170;0.132;20260401
OFFICIAL HIGE DANDISM;Elderflower;1568;-118;0.005;20260401
Shaboozey;A Bar Song;1553;670;4.697;20260401
Cameron Whitcomb;Kingdom of Fear;1550;-674;0.011;20260401
Luv Foundation (UK);Take Me Back;1538;-62;0.003;20260401
Ian G;Take Me Back;1538;-62;0.003;20260401
Vikki Waters;Take Me Back;1538;-62;0.003;20260401
Mr.Children;Again;1538;0;0.095;20260401
Kanye West;FATHER;1526;-2;0.007;20260401
Travis Scott;FATHER;1526;-2;0.007;20260401
Michael Schulte;5am;1519;455;0.035;20260401
Milky;Just the Way You Are;1491;178;0.036;20260401
BTS;One More Night;1490;-591;0.087;20260401
Sevendust;Threshold;1489;1489;0.001;20260401
Bad Bunny;BAILE INoLVIDABLE;1489;551;0.451;20260401
Yumeoi Kakeru;Sushidetamaranai;1479;1479;0.001;20260401
Hoshirube Sho;Sushidetamaranai;1479;1479;0.001;20260401
Milan Kestrel;Sushidetamaranai;1479;1479;0.001;20260401
Nagisa Trout;Sushidetamaranai;1479;1479;0.001;20260401
Journey;Don't Stop Believin';1462;-81;3.603;20260401
HANA;Bad Girl;1450;28;0.011;20260401
Bad Bunny;NUEVAYoL;1444;-425;0.778;20260401
Lola Young;Messy;1441;-344;4.034;20260401
Blasterjaxx;Narco;1425;-80;0.135;20260401
Timmy Trumpet;Narco;1425;-80;0.135;20260401
JO1;EIEN;1422;-144;0.005;20260401
BTS;Please;1414;-526;0.089;20260401
Saja Boys;Soda Pop;1405;1152;1.84;20260401
Andrew Choi;Soda Pop;1405;1152;1.84;20260401
Neckwav;Soda Pop;1405;1152;1.84;20260401
Danny Chung;Soda Pop;1405;1152;1.84;20260401
Kevin Woo;Soda Pop;1405;1152;1.84;20260401
samUIL Lee;Soda Pop;1405;1152;1.84;20260401
KPop Demon Hunters Cast;Soda Pop;1405;1152;1.84;20260401
HWASA;Good Goodbye;1403;359;0.345;20260401
Charlie Puth;We Don’t Talk Anymore;1397;87;3.474;20260401
Luke Combs;Be By You;1387;-381;0.156;20260401
Aiyana-Lee;Housebroken;1376;-1269;0.107;20260401
ARASHI;Five;1368;41;0.062;20260401
Aitana;SUPERESTRELLA;1366;24;0.174;20260401
BTS;Merry Go Round;1362;-578;0.08;20260401
Drake;NOKIA;1340;-195;1.805;20260401
Ati242;Her Nerdeysen;1330;495;0.509;20260401
Myles Smith;Drive Safe;1320;355;0.134;20260401
Niall Horan;Drive Safe;1320;355;0.134;20260401
M!LK;Sukisugite METSU;1315;25;0.188;20260401
Nogizaka46;kimibakari;1313;-400;0.003;20260401
Yisa Yu;清清如我(电视剧《逐玉》抒情主题曲);1296;-628;0.013;20260401
M!LK;Bakuretsu Aishiteru;1290;25;0.066;20260401
Amy Shark;The Biggest Dick;1265;94;0.028;20260401
Oriens;Ienomi;1265;-185;0.003;20260401
Peter Gregson;360;1252;210;0.211;20260401
Diamond Zhang;众里寻他千百度(电视剧《逐玉》爱情主题曲);1248;-346;0.008;20260401
Lewis Capaldi;Someone You Loved;1245;621;6.897;20260401
INI;All 4 U;1241;1241;0.001;20260401
Pietro Basile;Amore Mio;1239;653;0.012;20260401
Tears for Fears;Everybody Wants to Rule the World;1212;-519;1.005;20260401
Angèle;What You Want;1206;73;0.044;20260401
Justice;What You Want;1206;73;0.044;20260401
XXXTENTACION;Moonlight;1197;-614;0.654;20260401
Kate Bush;Running Up That Hill;1196;794;2.667;20260401
Michael Paynter;Gethsemane;1193;-175;0.003;20260401
Σ Desire;BEAST MODE;1193;1193;0.001;20260401
Jannes;Dans tot de morgen met mij;1175;1175;0.001;20260401
Elevation Worship;God I'm Just Grateful;1174;813;0.053;20260401
Chandler Moore;God I'm Just Grateful;1174;813;0.053;20260401
Dylan Wright;THOSE NIGHTS;1170;22;0.004;20260401
Kenshi Yonezu;IRIS OUT;1170;-23;0.329;20260401
TRAP MAFIA HOUSE;Mafia Style;1164;-77;0.089;20260401
Nicholas Britell;Succession;1164;593;0.384;20260401
Ed Sheeran;Sapphire;1159;4;2.052;20260401
milet;Trace;1150;-352;0.011;20260401
Survivor;Eye of the Tiger;1146;457;2.422;20260401
Miley Cyrus;Flowers;1143;-225;7.573;20260401
Tom Odell;Another Love;1140;-161;2.666;20260401
Kygo;Save My Love;1138;205;0.049;20260401
Khalid;Save My Love;1138;205;0.049;20260401
Gryffin;Save My Love;1138;205;0.049;20260401
Fujii Kaze;Michi Teyu Ku;1125;-92;0.358;20260401
Muse;Be With You;1120;-397;0.053;20260401
Zach Bryan;I Remember Everything;1115;1115;0.921;20260401
Disco Lines;No Broke Boys;1109;907;1.233;20260401
Tinashe;No Broke Boys;1109;907;1.233;20260401
Sal da Vinci;Per sempre sì;1100;116;0.106;20260401
The Bausa;Magnetic;1092;-204;0.016;20260401
Guns N' Roses;Sweet Child o' Mine;1084;713;2.36;20260401
Aina The End;On The Way;1083;-139;0.333;20260401
EXILE;24karats GOLD LEGACY;1083;-258;0.004;20260401
Triggerfinger;I Follow Rivers;1068;-290;1.214;20260401
Kazama Iroha;Dream Catch Pure Iroha;1068;1068;0.001;20260401
T.I.;LET 'EM KNOW;1062;-21;0.103;20260401
熊田茜音&増井優花、名探偵プリキュア!;WHYMYSTERYANSWER;1062;1062;0.005;20260401
黄星;第三个吻痕;1059;1059;0.001;20260401
邱鼎杰;第三个吻痕;1059;1059;0.001;20260401
BTS;No. 29;1059;-617;0.065;20260401
Justė;Turn The Lights Off;1050;108;0.067;20260401
Jaxstyle;Turn The Lights Off;1050;108;0.067;20260401
Jon;Turn The Lights Off;1050;108;0.067;20260401
Sean Paul featuring Keyshia Cole;(When You Gonna) Give It Up to Me;1043;-262;0.022;20260401
GroßstadtEngel;Gute Laune;1041;276;0.308;20260401
sumika;Honto;1041;-84;0.048;20260401
=LOVE;モラトリアム;1040;1040;0.001;20260401
SIENNA SPIRO;The Visitor;1024;-248;0.024;20260401
=LOVE;GekiyakuChudoku;1021;1021;0.017;20260401
Cody Johnson;The Fall;1021;28;0.124;20260401
Charlotte Cardin;The Way We Touch;1019;-47;0.026;20260401
Annalisa;Canzone Estiva;1016;277;0.019;20260401
Korn;Blind;1015;123;0.003;20260401
Disturbed;The Sound of Silence;1011;598;10.245;20260401
Ella Langley;Dandelion;1006;126;0.114;20260401
HARLAN;Somebody To Love;1002;-215;0.003;20260401
Hoshimachi Suisei;Prima Donna;983;-100;0.013;20260401
Jahin Music;Your Phone Linging;975;-173;0.297;20260401
Thunderpromot;Irgendwann ist es zu spät;967;790;0.001;20260401
milet;The Story of Us;960;-322;0.088;20260401
Christophe Maé;La lune;948;-53;0.051;20260401
石井あみ、名探偵プリキュア!;Hint in the heart Star Detective Precure;945;945;0.008;20260401
Fred De Palma;LA TESTA GIRA;941;244;0.006;20260401
Anitta;LA TESTA GIRA;941;244;0.006;20260401
Emis Killa;LA TESTA GIRA;941;244;0.006;20260401
I Virtuosi Italiani;Experience;938;774;0.259;20260401
Daniel Hope;Experience;938;774;0.259;20260401
Kato;Turn the Lights Off;933;-55;0.693;20260401
Beatrice Egli;So schön cha s'Läbe si;930;122;0.013;20260401
Heimweh;So schön cha s'Läbe si;930;122;0.013;20260401
BTS;SWIM with Jung Kook;21234;7982;0.047;20260402
BTS;SWIM with Jin;21119;5861;0.05;20260402
BTS;SWIM with SUGA;21038;9177;0.044;20260402
BTS;SWIM with Jimin;20490;8208;0.045;20260402
BTS;SWIM with V;19985;7010;0.046;20260402
BTS;SWIM with RM;19258;6842;0.043;20260402
BTS;SWIM with j-hope;18801;7307;0.041;20260402
BTS;SWIM;18066;-2406;0.333;20260402
Eddie Dalton;Another Day Old;12353;-60;0.118;20260402
HUNTR/X;Golden;11204;-1175;4.392;20260402
EJAE;Golden;11204;-1175;4.392;20260402
AUDREY NUNA;Golden;11204;-1175;4.392;20260402
REI AMI;Golden;11204;-1175;4.392;20260402
KPop Demon Hunters Cast;Golden;11204;-1175;4.392;20260402
Eddie Dalton;Running To You;10865;292;0.101;20260402
Eddie Dalton;Stay a Little Longer;10060;989;0.025;20260402
RAYE;WHERE IS MY HUSBAND;9949;-2678;2.113;20260402
Alex Warren;Ordinary;9183;-828;5.198;20260402
BTS;2.0;8906;4123;0.119;20260402
Alex Warren;FEVER DREAM;8707;-1154;0.332;20260402
Taylor Swift;The Fate of Ophelia;8533;-2331;2.924;20260402
Eddie Dalton;Cheap Red Wine;8096;-684;0.076;20260402
BTS;Body to Body;7761;388;0.202;20260402
Bruno Mars;I Just Might;7620;-3163;1.2;20260402
Ella Langley;Choosin' Texas;7570;1449;0.764;20260402
The Second Voice;LET ME BE;6800;-1726;0.222;20260402
Olivia Dean;So Easy;6561;-161;1.133;20260402
Olivia Dean;Man I Need;6362;-1192;2.039;20260402
Bebe Rexha;New Religion;6003;-136;0.224;20260402
Faithless;New Religion;6003;-136;0.224;20260402
Taylor Swift;Opalite;5916;-2064;1.534;20260402
Miley Cyrus;Younger You;5552;-1095;0.073;20260402
Harry Styles;Sign of the Times;5377;519;4.652;20260402
BTS;NORMAL;5224;52;0.167;20260402
Tame Impala;Dracula;5179;-2000;0.134;20260402
JENNIE;Dracula;5179;-2000;0.134;20260402
Djo;End of Beginning;5090;9;1.665;20260402
mikeeysmind;Papaoutai;5037;358;0.718;20260402
Chill77;Papaoutai;5037;358;0.718;20260402
Unjaps;Papaoutai;5037;358;0.718;20260402
Owen James;When I Stand;4656;-1251;0.199;20260402
Bruno Mars;Risk It All;4654;-2258;0.298;20260402
BTS;FYA;4397;1255;0.132;20260402
Harry Styles;American Girls;4218;-531;0.173;20260402
BTS;Like Animals;4205;907;0.156;20260402
RAYE;Click Clack Symphony.;4130;-920;0.098;20260402
BTS;Hooligan;4112;728;0.125;20260402
Sam Fender;Rein Me In;4005;40;0.412;20260402
Olivia Dean;Rein Me In;4005;40;0.412;20260402
Zara Larsson;Lush Life;3818;-613;2.528;20260402
The Goo Goo Dolls;Iris;3643;-873;1.821;20260402
sombr;Homewrecker;3523;-1341;0.217;20260402
Ella Langley;Be Her;3295;392;0.167;20260402
Peter Gabriel;Till Your Mind Is Shining;3257;3257;0.003;20260402
SIENNA SPIRO;Die On This Hill;3112;-1492;0.524;20260402
Zhang Zi Ning;一念(电视剧《逐玉》插曲);2774;544;0.012;20260402
Rex;一念(电视剧《逐玉》插曲);2774;544;0.012;20260402
sombr;12 to 12;2696;12;0.997;20260402
Paul McCartney;Days We Left Behind;2682;-1869;0.061;20260402
Teddy Swims;The Door;2616;-391;3.859;20260402
Ella Langley;Loving Life Again;2594;272;0.039;20260402
Harry Styles;Aperture;2565;-451;0.534;20260402
Tame Impala;Dracula;2534;-437;0.177;20260402
Lady Gaga;Die With A Smile;2479;-322;7.277;20260402
Bruno Mars;Die With A Smile;2479;-322;7.277;20260402
BTS;they don’t know ’bout us;2461;437;0.103;20260402
Bella Kay;iloveitiloveitiloveit;2459;-115;0.047;20260402
Disney;Zoo;2429;-946;0.384;20260402
Shakira;Zoo;2429;-946;0.384;20260402
Kato;Turn the Lights Off;2365;385;0.327;20260402
Jon;Turn the Lights Off;2365;385;0.327;20260402
Dave;Raindance;2295;-842;0.283;20260402
Tems;Raindance;2295;-842;0.283;20260402
Gordo;Loco Loco;2248;354;0.08;20260402
Reinier Zonneveld;Loco Loco;2248;354;0.08;20260402
Bad Bunny;DtMF;2244;-497;0.981;20260402
HUGEL;Jamaican;2241;279;0.232;20260402
SOLTO (FR);Jamaican;2241;279;0.232;20260402
Ricchi;Sarà perché ti amo;2233;520;1.488;20260402
Poveri;Sarà perché ti amo;2233;520;1.488;20260402
GIUSEPPE ROCCASALVO;PENSIERO STUPENDO;2213;-760;0.016;20260402
Sevendust;Threshold;2176;687;0.004;20260402
BTS;Into the Sun;2140;13;0.1;20260402
Darius Rucker;Wagon Wheel;2119;2084;0.857;20260402
Benson Boone;Beautiful Things;2087;-438;7.103;20260402
Shakira;Zoo;2043;-497;0.54;20260402
Ella Langley;you look like you love me;2022;-12;1.102;20260402
Riley Green;you look like you love me;2022;-12;1.102;20260402
BTS;Please;2010;596;0.091;20260402
Luke Combs;Be By You;2005;618;0.158;20260402
BTS;Aliens;1990;-94;0.1;20260402
Tears for Fears;Everybody Wants to Rule the World;1946;734;1.006;20260402
King Gnu;AIZO;1939;-2;0.156;20260402
Ac/Dc;Thunderstruck;1920;45;3.998;20260402
Billie Eilish;BIRDS OF A FEATHER;1888;43;5.784;20260402
Dermot Kennedy;Funeral;1816;-1432;0.121;20260402
Teddy Swims;Lose Control;1809;-29;7.286;20260402
Christina Perri;A Thousand Years;1792;-663;8.217;20260402
BTS;Merry Go Round;1780;418;0.082;20260402
Sia;Unstoppable;1757;-262;7.513;20260402
JJ Lin;Careful with Fate;1746;153;0.039;20260402
ROSALÍA;Berghain;1722;-23;0.563;20260402
Björk;Berghain;1722;-23;0.563;20260402
Yves Tumor;Berghain;1722;-23;0.563;20260402
ANOTR;Talk To You;1706;-273;0.048;20260402
Eminem;Lose Yourself;1703;-1016;3.704;20260402
BTS;One More Night;1649;159;0.089;20260402
米津玄師;IRIS OUT;1607;1607;0.081;20260402
Ella Langley;Dandelion;1606;600;0.116;20260402
Luke Combs;Days Like These;1601;-169;0.249;20260402
OFFICIAL HIGE DANDISM;Elderflower;1600;32;0.006;20260402
Mrs. GREEN APPLE;lulu.;1584;-449;0.137;20260402
STARGLOW;USOTSUKI;1568;-83;0.006;20260402
Phillip Phillips;Home;1563;1563;0.8;20260402
HAVEN.;I Run;1558;-533;0.401;20260402
Kaitlin Aragon;I Run;1558;-533;0.401;20260402
ZXKAI;NO BATIDÃO;1556;-198;0.113;20260402
slxughter;NO BATIDÃO;1556;-198;0.113;20260402
Bruce Springsteen;Jersey Girl;1549;1511;0.032;20260402
Noah Kahan;The Great Divide;1541;-46;0.133;20260402
Lady Gaga;Always Remember Us This Way;1539;-734;9.404;20260402
starly;Kavkaz;1531;-304;0.029;20260402
Cameron Whitcomb;Kingdom of Fear;1519;-31;0.012;20260402
NiziU;Too Bad;1511;-348;0.003;20260402
Mr.Children;Again;1508;-30;0.097;20260402
HANA;Bad Girl;1479;29;0.012;20260402
Kanye West;FATHER;1470;-56;0.009;20260402
Travis Scott;FATHER;1470;-56;0.009;20260402
ROSÉ;APT.;1468;-345;6.32;20260402
Bruno Mars;APT.;1468;-345;6.32;20260402
Hatsuboshi Gakuen;Tokimeki Emotion;1450;1450;0.001;20260402
Lilja Katsuragi;Tokimeki Emotion;1450;1450;0.001;20260402
Sumika Shiun;Tokimeki Emotion;1450;1450;0.001;20260402
Sabrina Carpenter;Manchild;1442;839;0.832;20260402
Michael Schulte;5am;1434;-85;0.036;20260402
Charlie Puth;We Don’t Talk Anymore;1429;32;3.476;20260402
Milky;Just the Way You Are;1416;-75;0.038;20260402
Shinedown;Outlaw;1412;1412;0.001;20260402
Aina The End;On The Way;1408;325;0.335;20260402
M!LK;Bakuretsu Aishiteru;1395;105;0.068;20260402
Drake;NOKIA;1394;54;1.806;20260402
Chappell Roan;Pink Pony Club;1393;-872;2.636;20260402
Boney M.;Rasputin;1345;-917;0.464;20260402
M!LK;Sukisugite METSU;1341;26;0.189;20260402
JO1;EIEN;1334;-88;0.006;20260402
Tom Odell;Another Love;1321;181;2.668;20260402
ARASHI;Five;1315;-53;0.064;20260402
David Guetta;Gone Gone Gone;1308;-1539;0.934;20260402
Teddy Swims;Gone Gone Gone;1308;-1539;0.934;20260402
Tones And I;Gone Gone Gone;1308;-1539;0.934;20260402
Vincent Gross;Hasentanz;1307;517;0.002;20260402
Metric;Crush Forever;1286;1286;0.001;20260402
PinkPantheress;Stateside;1283;-538;0.155;20260402
Luv Foundation (UK);Take Me Back;1265;-273;0.004;20260402
Ian G;Take Me Back;1265;-273;0.004;20260402
Vikki Waters;Take Me Back;1265;-273;0.004;20260402
Zara Larsson;Midnight Sun;1262;408;0.126;20260402
The Bausa;Magnetic;1255;163;0.017;20260402
Shaboozey;A Bar Song;1255;-298;4.698;20260402
Luke Combs;Sleepless in a Hotel Room;1208;-433;0.272;20260402
BTS;No. 29;1181;122;0.066;20260402
Journey;Don't Stop Believin';1175;-287;3.604;20260402
Eir Aoi;MONSTER;1170;1170;0.001;20260402
岡村靖幸;瞬発的に恋しよう;1167;1167;0.001;20260402
中島健人;瞬発的に恋しよう;1167;1167;0.001;20260402
Danny Vera;Roller Coaster;1166;1166;0.819;20260402
ROSALÍA;La Perla;1156;-533;0.315;20260402
Yahritza Y Su Esencia;La Perla;1156;-533;0.315;20260402
Amy Shark;The Biggest Dick;1148;-117;0.029;20260402
Dax;God, Can You Hear Me;1138;568;0.005;20260402
Natasha Bedingfield;Unwritten;1135;967;1.009;20260402
Phuwin;แค่นาทีเดียว;1133;-616;0.004;20260402
Sal da Vinci;Per sempre sì;1100;0;0.107;20260402
Blasterjaxx;Narco;1096;-329;0.136;20260402
Timmy Trumpet;Narco;1096;-329;0.136;20260402
Shashwat Sachdev;Jaiye Sajana;1090;306;0.012;20260402
Jasmine Sandlas;Jaiye Sajana;1090;306;0.012;20260402
Satinder Sartaaj;Jaiye Sajana;1090;306;0.012;20260402
Peter Gregson;360;1089;-163;0.212;20260402
Zach Bryan;I Remember Everything;1085;-30;0.922;20260402
Yumeoi Kakeru;Sushidetamaranai;1083;-396;0.003;20260402
Hoshirube Sho;Sushidetamaranai;1083;-396;0.003;20260402
Milan Kestrel;Sushidetamaranai;1083;-396;0.003;20260402
Nagisa Trout;Sushidetamaranai;1083;-396;0.003;20260402
Niall Horan;Dinner Party;1073;279;0.03;20260402
Sayf;TU MI PIACI TANTO;1063;443;0.036;20260402
Guns N' Roses;Sweet Child o' Mine;1062;-22;2.361;20260402
Michael Bennett;After I'm Gone;1061;224;0.028;20260402
Fujii Kaze;Michi Teyu Ku;1041;-84;0.359;20260402
Céline Dion;Hymne à l'amour;1020;-988;0.221;20260402
XXXTENTACION;Moonlight;1014;-183;0.655;20260402
Ruby Black;Todavía Respiro;1010;743;0.012;20260402
INI;All 4 U;1002;-239;0.002;20260402
乃木坂46;君ばかり;983;983;0.001;20260402
Saja Boys;Soda Pop;982;-423;1.841;20260402
Andrew Choi;Soda Pop;982;-423;1.841;20260402
Neckwav;Soda Pop;982;-423;1.841;20260402
Danny Chung;Soda Pop;982;-423;1.841;20260402
Kevin Woo;Soda Pop;982;-423;1.841;20260402
samUIL Lee;Soda Pop;982;-423;1.841;20260402
KPop Demon Hunters Cast;Soda Pop;982;-423;1.841;20260402
HWASA;Good Goodbye;978;-425;0.346;20260402
Elton John;Cold Heart;971;217;7.974;20260402
Dua Lipa;Cold Heart;971;217;7.974;20260402
熊田茜音&増井優花、名探偵プリキュア!;なぜ謎ANSWER;969;969;0.007;20260402
Bosse;Flackern;964;964;0.001;20260402
Σ Desire;BEAST MODE;964;-229;0.002;20260402
Myles Smith;Stay;951;633;0.299;20260402
JERUB;Stay;945;70;0.003;20260402
Ed Sheeran;Sapphire;945;-214;2.053;20260402
Bad Bunny;BAILE INoLVIDABLE;937;-552;0.452;20260402
Dexter and The Moonrocks;Freakin’ Out;929;234;0.003;20260402
T.I.;LET 'EM KNOW;927;-135;0.103;20260402
Todd Terje;Johnny and Mary;927;927;0.012;20260402
TRAP MAFIA HOUSE;Mafia Style;925;-239;0.09;20260402
Myles Smith;Drive Safe;921;-399;0.135;20260402
Niall Horan;Drive Safe;921;-399;0.135;20260402
Christophe Maé;La lune;910;-38;0.052;20260402
稲葉浩志;タッチ;909;34;0.039;20260402
Yisa Yu;清清如我(电视剧《逐玉》抒情主题曲);908;-388;0.014;20260402
Lola Young;Messy;908;-533;4.035;20260402
Marc Rebillet;Your New Morning Alarm;906;244;0.676;20260402
Hearts2Hearts;RUDE;905;442;0.063;20260402
Shania Twain;You're Still the One;895;895;0.26;20260402
Metallica;Enter Sandman;894;92;1.605;20260402
Hoshimachi Suisei;Prima Donna;892;-91;0.014;20260402
Survivor;Eye of the Tiger;889;-257;2.423;20260402
Cody Johnson;The Fall;886;-135;0.125;20260402
Fred De Palma;LA TESTA GIRA;880;-61;0.007;20260402
Anitta;LA TESTA GIRA;880;-61;0.007;20260402
Emis Killa;LA TESTA GIRA;880;-61;0.007;20260402
Bappi Lahiri;Tamma Tamma;875;121;0.006;20260402
Anuradha Paudwal;Tamma Tamma;875;121;0.006;20260402
Indeevar;Tamma Tamma;875;121;0.006;20260402
Queen Labyrinth of the Ocean Floor;Persona Abyss;875;875;0.001;20260402
ENSEMBLE STARS!!;Persona Abyss;875;875;0.001;20260402
Queen;Bohemian Rhapsody;866;172;4.375;20260402
Ella Langley;weren't for the wind;866;333;0.237;20260402
Katy Perry;Legendary Lovers;865;865;0.018;20260402
milet;The Story of Us;852;-108;0.089;20260402
Annalisa;Canzone Estiva;850;-166;0.02;20260402
sumika;Honto;842;-199;0.049;20260402
Rhy Elliot;I'm Okay but I'm Not;841;379;0.027;20260402
Céline Dion;Pour que tu m'aimes encore;839;-39;0.169;20260402
disiz;melodrama;838;-1060;0.185;20260402
Theodora;melodrama;838;-1060;0.185;20260402
Yami Safdie;Cuéntame;834;-58;0.009;20260402
Alejandro Sanz;Cuéntame;834;-58;0.009;20260402
Muse;Be With You;833;-287;0.054;20260402
Jeck;La recette;832;341;0.037;20260402
Carla;La recette;832;341;0.037;20260402
Aitana;SUPERESTRELLA;832;-534;0.174;20260402
The Stranglers;Golden Brown;830;660;0.091;20260402
Pietro Basile;Amore Mio;827;-412;0.012;20260402
BTS;SWIM with Jung Kook;20029;-1205;0.067;20260403
BTS;SWIM with Jin;19433;-1686;0.069;20260403
BTS;SWIM with SUGA;19337;-1701;0.063;20260403
BTS;SWIM with V;18490;-1495;0.064;20260403
BTS;SWIM;18307;241;0.352;20260403
BTS;SWIM with Jimin;18271;-2219;0.063;20260403
BTS;SWIM with RM;17595;-1663;0.06;20260403
BTS;SWIM with j-hope;17452;-1349;0.059;20260403
Eddie Dalton;Another Day Old;11941;-412;0.13;20260403
HUNTR/X;Golden;11553;349;4.404;20260403
EJAE;Golden;11553;349;4.404;20260403
AUDREY NUNA;Golden;11553;349;4.404;20260403
REI AMI;Golden;11553;349;4.404;20260403
KPop Demon Hunters Cast;Golden;11553;349;4.404;20260403
Taylor Swift;The Fate of Ophelia;10206;1673;2.934;20260403
Alex Warren;Ordinary;10034;851;5.209;20260403
RAYE;WHERE IS MY HUSBAND;9899;-50;2.123;20260403
Eddie Dalton;Running To You;9631;-1234;0.111;20260403
Eddie Dalton;Stay a Little Longer;9209;-851;0.034;20260403
Ella Langley;Choosin' Texas;8776;1206;0.773;20260403
Bruno Mars;I Just Might;8747;1127;1.209;20260403
The Second Voice;LET ME BE;8166;1366;0.23;20260403
BTS;2.0;8015;-891;0.127;20260403
Alex Warren;FEVER DREAM;7904;-803;0.34;20260403
OneRepublic;Need Your Love;7521;7521;0.008;20260403
BTS;Body to Body;7119;-642;0.209;20260403
Eddie Dalton;Cheap Red Wine;6881;-1215;0.083;20260403
Olivia Dean;So Easy;6759;198;1.14;20260403
Taylor Swift;Opalite;6299;383;1.54;20260403
Bebe Rexha;New Religion;6275;272;0.23;20260403
Faithless;New Religion;6275;272;0.23;20260403
Olivia Dean;Man I Need;6266;-96;2.045;20260403
Shinedown;Outlaw;6089;4677;0.008;20260403
Miley Cyrus;Younger You;5372;-180;0.078;20260403
Djo;End of Beginning;4998;-92;1.67;20260403
mikeeysmind;Papaoutai;4752;-285;0.723;20260403
Chill77;Papaoutai;4752;-285;0.723;20260403
Unjaps;Papaoutai;4752;-285;0.723;20260403
RAYE;Click Clack Symphony.;4719;589;0.103;20260403
Tame Impala;Dracula;4658;-521;0.138;20260403
JENNIE;Dracula;4658;-521;0.138;20260403
Harry Styles;Sign of the Times;4302;-1075;4.656;20260403
Zara Larsson;Lush Life;4215;397;2.532;20260403
Harry Styles;American Girls;3909;-309;0.177;20260403
The Goo Goo Dolls;Iris;3899;256;1.825;20260403
Ella Langley;Be Her;3763;468;0.17;20260403
Sam Fender;Rein Me In;3681;-324;0.416;20260403
Olivia Dean;Rein Me In;3681;-324;0.416;20260403
SIENNA SPIRO;Die On This Hill;3614;502;0.528;20260403
Bruno Mars;Risk It All;3555;-1099;0.302;20260403
sombr;12 to 12;3398;702;1.001;20260403
Disney;Zoo;3254;825;0.387;20260403
Shakira;Zoo;3254;825;0.387;20260403
Bebe Rexha;Hysteria;3195;3195;0.003;20260403
Lady Gaga;Die With A Smile;3132;653;7.28;20260403
Bruno Mars;Die With A Smile;3132;653;7.28;20260403
Paul McCartney;Days We Left Behind;3067;385;0.064;20260403
BTS;Like Animals;3012;-1193;0.159;20260403
BTS;NORMAL;2976;-2248;0.17;20260403
BTS;Hooligan;2975;-1137;0.128;20260403
sombr;Homewrecker;2908;-615;0.22;20260403
HUGEL;Jamaican;2879;638;0.235;20260403
SOLTO (FR);Jamaican;2879;638;0.235;20260403
BTS;FYA;2743;-1654;0.135;20260403
Peter Gabriel;Till Your Mind Is Shining;2720;-537;0.006;20260403
Shakira;Zoo;2654;611;0.543;20260403
Bad Bunny;DtMF;2615;371;0.983;20260403
PLAVE;HMPH;2581;2581;0.003;20260403
Zhang Zi Ning;一念(电视剧《逐玉》插曲);2420;-354;0.015;20260403
Rex;一念(电视剧《逐玉》插曲);2420;-354;0.015;20260403
Lady Gaga;Always Remember Us This Way;2404;865;9.406;20260403
GIUSEPPE ROCCASALVO;PENSIERO STUPENDO;2327;114;0.018;20260403
Eminem;Lose Yourself;2285;582;3.706;20260403
Ella Langley;Loving Life Again;2270;-324;0.041;20260403
Tame Impala;Dracula;2270;-264;0.179;20260403
Benson Boone;Beautiful Things;2270;183;7.106;20260403
Shaboozey;A Bar Song;2224;969;4.7;20260403
Billie Eilish;BIRDS OF A FEATHER;2172;284;5.786;20260403
Harry Styles;Aperture;2165;-400;0.536;20260403
Lola Young;Messy;2141;1233;4.037;20260403
BTS;they don’t know ’bout us;2130;-331;0.105;20260403
Christina Perri;A Thousand Years;2085;293;8.22;20260403
Kato;Turn the Lights Off;2081;-284;0.329;20260403
Jon;Turn the Lights Off;2081;-284;0.329;20260403
Ella Langley;you look like you love me;2069;47;1.104;20260403
Riley Green;you look like you love me;2069;47;1.104;20260403
Sia;Unstoppable;2043;286;7.515;20260403
Gordo;Loco Loco;2028;-220;0.082;20260403
Reinier Zonneveld;Loco Loco;2028;-220;0.082;20260403
Teddy Swims;The Door;1985;-631;3.861;20260403
Ella Langley;Dandelion;1966;360;0.118;20260403
Luke Combs;Be By You;1964;-41;0.16;20260403
ROSALÍA;La Perla;1883;727;0.317;20260403
Yahritza Y Su Esencia;La Perla;1883;727;0.317;20260403
Teddy Swims;Lose Control;1854;45;7.288;20260403
Kanye West;FATHER;1848;378;0.011;20260403
Travis Scott;FATHER;1848;378;0.011;20260403
Cameron Whitcomb;Kingdom of Fear;1832;313;0.014;20260403
Tiziano Ferro;SUPERSTAR;1823;1823;0.002;20260403
Giorgia;SUPERSTAR;1823;1823;0.002;20260403
King Gnu;AIZO;1820;-119;0.158;20260403
Darius Rucker;Wagon Wheel;1812;-307;0.859;20260403
BTS;Into the Sun;1778;-362;0.101;20260403
Disturbed;The Sound of Silence;1760;1284;10.247;20260403
Luke Combs;Days Like These;1639;38;0.251;20260403
桑田佳祐;人誑し / ひとたらし;1636;1636;0.002;20260403
Dan + Shay;Say So;1628;1628;0.002;20260403
Brandon Lake;The Jesus I Know Now;1620;1620;0.002;20260403
Lainey Wilson;The Jesus I Know Now;1620;1620;0.002;20260403
Bruce Springsteen;Jersey Girl;1618;69;0.033;20260403
XXXTENTACION;Moonlight;1616;602;0.657;20260403
Fujii Kaze;It's Alright;1605;1605;0.002;20260403
starly;Kavkaz;1598;67;0.031;20260403
Bad Bunny;Tití Me Preguntó;1598;1093;0.805;20260403
HAVEN.;I Run;1597;39;0.403;20260403
Kaitlin Aragon;I Run;1597;39;0.403;20260403
U2;Song For Hal;1592;1592;0.002;20260403
Dermot Kennedy;Funeral;1579;-237;0.123;20260403
STARGLOW;USOTSUKI;1568;0;0.008;20260403
Tears for Fears;Everybody Wants to Rule the World;1568;-378;1.008;20260403
OFFICIAL HIGE DANDISM;Elderflower;1552;-48;0.008;20260403
Journey;Don't Stop Believin';1528;353;3.606;20260403
Dave;Raindance;1525;-770;0.284;20260403
Tems;Raindance;1525;-770;0.284;20260403
ANOTR;Talk To You;1517;-189;0.05;20260403
JJ Lin;Careful with Fate;1502;-244;0.041;20260403
DPR IAN;Burn;1495;1495;0.001;20260403
Ac/Dc;Thunderstruck;1462;-458;4.0;20260403
Mr.Children;Again;1450;-58;0.098;20260403
Aina The End;Luminous;1422;1422;0.001;20260403
Jack White;G.O.D. And The Broken Ribs;1421;1421;0.001;20260403
BTS;Aliens;1403;-587;0.101;20260403
HANA;Bad Girl;1395;-84;0.013;20260403
Marco Schuitmaker;Deze Nacht;1372;1372;0.001;20260403
M!LK;Sukisugite METSU;1341;0;0.19;20260403
IngaRose;Not for me;1321;689;0.004;20260403
Noah Kahan;The Great Divide;1313;-228;0.135;20260403
Mrs. GREEN APPLE;lulu.;1303;-281;0.139;20260403
KAROL G;Si Antes Te Hubiera Conocido;1293;872;1.806;20260403
M!LK;Bakuretsu Aishiteru;1290;-105;0.069;20260403
不知火フレア;Silent Flame,Never Fade;1284;1284;0.001;20260403
Disco Lines;No Broke Boys;1284;1206;1.235;20260403
Tinashe;No Broke Boys;1284;1206;1.235;20260403
米津玄師;IRIS OUT;1280;-327;0.082;20260403
Kanye West;ALL THE LOVE;1278;523;0.006;20260403
Andre Troutman;ALL THE LOVE;1278;523;0.006;20260403
NiziU;Too Bad;1271;-240;0.005;20260403
ARASHI;Five;1265;-50;0.065;20260403
Ron Goodwin;The Miss Marple Theme;1260;1260;0.001;20260403
Sevendust;Threshold;1256;-920;0.005;20260403
ROSÉ;APT.;1255;-213;6.321;20260403
Bruno Mars;APT.;1255;-213;6.321;20260403
Delta Goodrem;Eclipse;1254;1254;0.039;20260403
Boney M.;Rasputin;1236;-109;0.465;20260403
Bella Kay;iloveitiloveitiloveit;1225;-1234;0.048;20260403
Phillip Phillips;Home;1218;-345;0.801;20260403
Aitana;SUPERESTRELLA;1216;384;0.176;20260403
Luke Combs;Sleepless in a Hotel Room;1215;7;0.274;20260403
The Bausa;Magnetic;1208;-47;0.018;20260403
JO1;EIEN;1193;-141;0.008;20260403
KATSEYE;Gabriela;1172;430;0.361;20260403
sakanaction;Kaiju;1170;344;0.406;20260403
Zara Larsson;Midnight Sun;1154;-108;0.127;20260403
Peter Gregson;360;1152;63;0.213;20260403
ROSALÍA;Berghain;1151;-571;0.564;20260403
Björk;Berghain;1151;-571;0.564;20260403
Yves Tumor;Berghain;1151;-571;0.564;20260403
Luv Foundation (UK);Take Me Back;1125;-140;0.006;20260403
Ian G;Take Me Back;1125;-140;0.006;20260403
Vikki Waters;Take Me Back;1125;-140;0.006;20260403
Bad Bunny;NUEVAYoL;1124;306;0.78;20260403
Aina The End;On The Way;1122;-286;0.336;20260403
Charlie Puth;We Don’t Talk Anymore;1122;-307;3.477;20260403
VΔLZ;Muteki No Osama;1118;1118;0.001;20260403
LINKIN PARK;The Emptiness Machine;1114;349;1.793;20260403
Christophe Maé;La lune;1112;202;0.053;20260403
Milky;Just the Way You Are;1104;-312;0.039;20260403
David Guetta;Gone Gone Gone;1098;-210;0.935;20260403
Teddy Swims;Gone Gone Gone;1098;-210;0.935;20260403
Tones And I;Gone Gone Gone;1098;-210;0.935;20260403
T.O.P;DESPERADO;1086;1086;0.001;20260403
Asian Kung-Fu Generation;Skins;1083;1083;0.001;20260403
Robin Schulz;Embers;1077;267;0.043;20260403
SIENNA SPIRO;The Visitor;1075;558;0.026;20260403
Amy Shark;The Biggest Dick;1062;-86;0.03;20260403
Hatsuboshi Gakuen;Tokimeki Emotion;1062;-388;0.003;20260403
Lilja Katsuragi;Tokimeki Emotion;1062;-388;0.003;20260403
Sumika Shiun;Tokimeki Emotion;1062;-388;0.003;20260403
Yisa Yu;清清如我(电视剧《逐玉》抒情主题曲);1055;147;0.015;20260403
Serena Brancale;AL MIO PAESE;1053;1053;0.001;20260403
Levante;AL MIO PAESE;1053;1053;0.001;20260403
DELIA;AL MIO PAESE;1053;1053;0.001;20260403
Chappell Roan;Pink Pony Club;1052;-341;2.637;20260403
IngaRose;Celebrate Me;1050;394;0.002;20260403
Sarah Connor;Atzensong;1041;1041;0.001;20260403
Eir Aoi;MONSTER;1041;-129;0.002;20260403
Zach Bryan;I Remember Everything;1023;-62;0.923;20260403
U2;In A Life;1018;1018;0.001;20260403
Melissa Naschenweng;Hoamat in mir;1013;1013;0.001;20260403
ditonellapiaga;Che fastidio;1012;328;0.041;20260403
Marteria;9 Leben;1002;1002;0.001;20260403
HWASA;Good Goodbye;987;9;0.347;20260403
Michael Schulte;5am;986;-448;0.037;20260403
sombr;back to friends;980;320;0.558;20260403
Sal da Vinci;Per sempre sì;978;-122;0.108;20260403
Nickelback;Bones for the Crows;967;344;0.042;20260403
Ziggy in tha House;It's Raining;962;629;0.193;20260403
Samurai Jay;OSSESSIONE;961;177;0.039;20260403
The Killers;Mr. Brightside;957;309;1.635;20260403
Pietro Basile;Amore Mio;956;129;0.013;20260403
LiSA;DECOTORA15;947;947;0.001;20260403
The Cranberries;Zombie;939;285;1.793;20260403
MONSTA X;heal;937;937;0.001;20260403
Imagine Dragons;Believer;935;681;8.744;20260403
Fujii Kaze;Michi Teyu Ku;927;-114;0.359;20260403
John de Bever;Als jij nu nog niet weet;922;922;0.001;20260403
Bappi Lahiri;Tamma Tamma;920;45;0.007;20260403
Anuradha Paudwal;Tamma Tamma;920;45;0.007;20260403
Indeevar;Tamma Tamma;920;45;0.007;20260403
Sonny Fodera;Think About Us;919;423;0.266;20260403
D.O.D;Think About Us;919;423;0.266;20260403
Poppy Baskcomb;Think About Us;919;423;0.266;20260403
Alphaville;Forever Young;912;359;1.28;20260403
Guns N' Roses;Sweet Child o' Mine;908;-154;2.362;20260403
GroßstadtEngel;Gute Laune;908;239;0.31;20260403
BTS;Merry Go Round;902;-878;0.083;20260403
Starship;Nothing's Gonna Stop Us Now;895;386;0.656;20260403
T.I.;LET 'EM KNOW;892;-35;0.104;20260403
Vincent Gross;Hasentanz;883;-424;0.003;20260403
Cepeda;El día verde;880;880;0.001;20260403
Flemming;Niet Nodig;879;681;0.077;20260403
Metejoor;Niet Nodig;879;681;0.077;20260403
Ringo Starr;Choose Love;876;876;0.001;20260403
Katy Perry;Legendary Lovers;875;10;0.019;20260403
Elton John;Cold Heart;865;-106;7.975;20260403
Dua Lipa;Cold Heart;865;-106;7.975;20260403
sakanaction;IRANAI;858;858;0.044;20260403
Tom Odell;Another Love;856;-465;2.669;20260403
Diamond Zhang;众里寻他千百度(电视剧《逐玉》爱情主题曲);844;603;0.009;20260403
Lee Brice;When the Kingdom Comes;842;842;0.001;20260403
ZORN;Jimoto LOVE;842;400;0.045;20260403
BTS;SWIM;16415;-1892;0.368;20260404
BTS;SWIM with Jung Kook;13735;-6294;0.08;20260404
BTS;SWIM with Jin;13692;-5741;0.083;20260404
HUNTR/X;Golden;12825;1272;4.416;20260404
EJAE;Golden;12825;1272;4.416;20260404
AUDREY NUNA;Golden;12825;1272;4.416;20260404
REI AMI;Golden;12825;1272;4.416;20260404
KPop Demon Hunters Cast;Golden;12825;1272;4.416;20260404
BTS;SWIM with V;12815;-5675;0.077;20260404
BTS;SWIM with SUGA;12682;-6655;0.076;20260404
BTS;SWIM with Jimin;12655;-5616;0.076;20260404
BTS;SWIM with RM;12097;-5498;0.072;20260404
BTS;SWIM with j-hope;11966;-5486;0.07;20260404
RAYE;WHERE IS MY HUSBAND;11223;1324;2.134;20260404
Eddie Dalton;Another Day Old;10658;-1283;0.14;20260404
The Second Voice;LET ME BE;10257;2091;0.241;20260404
Bruno Mars;I Just Might;10121;1374;1.219;20260404
Alex Warren;Ordinary;9911;-123;5.218;20260404
Taylor Swift;The Fate of Ophelia;9910;-296;2.944;20260404
Eddie Dalton;Running To You;9030;-601;0.12;20260404
Eddie Dalton;Stay a Little Longer;8648;-561;0.043;20260404
Alex Warren;FEVER DREAM;8098;194;0.348;20260404
Ella Langley;Choosin' Texas;7843;-933;0.781;20260404
OneRepublic;Need Your Love;7637;116;0.015;20260404
BTS;2.0;7628;-387;0.135;20260404
Bebe Rexha;New Religion;7433;1158;0.238;20260404
Faithless;New Religion;7433;1158;0.238;20260404
Tame Impala;Dracula;7332;2674;0.146;20260404
JENNIE;Dracula;7332;2674;0.146;20260404
Taylor Swift;Opalite;7085;786;1.547;20260404
Olivia Dean;Man I Need;6336;70;2.052;20260404
Olivia Dean;So Easy;6229;-530;1.146;20260404
Harry Styles;Sign of the Times;6003;1701;4.662;20260404
mikeeysmind;Papaoutai;5875;1123;0.729;20260404
Chill77;Papaoutai;5875;1123;0.729;20260404
Unjaps;Papaoutai;5875;1123;0.729;20260404
Zara Larsson;Lush Life;5693;1478;2.538;20260404
Djo;End of Beginning;5609;611;1.676;20260404
Miley Cyrus;Younger You;5582;210;0.084;20260404
Eddie Dalton;Cheap Red Wine;5392;-1489;0.089;20260404
BTS;Body to Body;5099;-2020;0.214;20260404
SIENNA SPIRO;Die On This Hill;4097;483;0.532;20260404
The Goo Goo Dolls;Iris;4041;142;1.829;20260404
HUGEL;Jamaican;3950;1071;0.239;20260404
SOLTO (FR);Jamaican;3950;1071;0.239;20260404
Tame Impala;Dracula;3937;1667;0.183;20260404
Shinedown;Outlaw;3924;-2165;0.011;20260404
Harry Styles;American Girls;3835;-74;0.181;20260404
sombr;12 to 12;3805;407;1.005;20260404
Sam Fender;Rein Me In;3765;84;0.42;20260404
Olivia Dean;Rein Me In;3765;84;0.42;20260404
Bruno Mars;Risk It All;3615;60;0.305;20260404
Ella Langley;Be Her;3607;-156;0.174;20260404
Disney;Zoo;3544;290;0.391;20260404
Shakira;Zoo;3544;290;0.391;20260404
RAYE;Click Clack Symphony.;3426;-1293;0.107;20260404
Bad Bunny;DtMF;3388;773;0.987;20260404
BTS;Like Animals;3386;374;0.162;20260404
sombr;Homewrecker;3117;209;0.223;20260404
Lola Young;Messy;3099;958;4.04;20260404
Benson Boone;Beautiful Things;3084;814;7.109;20260404
Brandon Lake;The Jesus I Know Now;3055;1435;0.005;20260404
Lainey Wilson;The Jesus I Know Now;3055;1435;0.005;20260404
Harry Styles;Aperture;2913;748;0.539;20260404
IngaRose;Celebrate Me;2910;1860;0.005;20260404
BTS;NORMAL;2832;-144;0.173;20260404
ANOTR;Talk To You;2826;1309;0.053;20260404
Owen James;When I Stand;2804;2804;0.202;20260404
Bebe Rexha;Hysteria;2800;-395;0.006;20260404
Gordo;Loco Loco;2785;757;0.084;20260404
Reinier Zonneveld;Loco Loco;2785;757;0.084;20260404
PLAVE;HMPH;2768;187;0.005;20260404
GIUSEPPE ROCCASALVO;PENSIERO STUPENDO;2762;435;0.021;20260404
Eddie Dalton;Somewhere Along The Way;2648;2546;0.003;20260404
Teddy Swims;Lose Control;2644;790;7.291;20260404
Shakira;Zoo;2551;-103;0.545;20260404
Zhang Zi Ning;一念(电视剧《逐玉》插曲);2520;100;0.017;20260404
Rex;一念(电视剧《逐玉》插曲);2520;100;0.017;20260404
U2;Song For Hal;2505;913;0.004;20260404
Sia;Unstoppable;2422;379;7.517;20260404
Dermot Kennedy;Funeral;2402;823;0.125;20260404
Paul McCartney;Days We Left Behind;2398;-669;0.066;20260404
Lady Gaga;Die With A Smile;2394;-738;7.283;20260404
Bruno Mars;Die With A Smile;2394;-738;7.283;20260404
ROSÉ;APT.;2367;1112;6.324;20260404
Bruno Mars;APT.;2367;1112;6.324;20260404
BTS;Hooligan;2361;-614;0.13;20260404
Ac/Dc;Thunderstruck;2331;869;4.002;20260404
XXXTENTACION;Moonlight;2312;696;0.659;20260404
David Guetta;Gone Gone Gone;2312;1214;0.938;20260404
Teddy Swims;Gone Gone Gone;2312;1214;0.938;20260404
Tones And I;Gone Gone Gone;2312;1214;0.938;20260404
Shaboozey;A Bar Song;2311;87;4.702;20260404
Ragal Ironbull;VALHALLA CALLING;2302;2302;0.002;20260404
Morgan Luna;You Lost Me Forever;2289;1493;0.005;20260404
ROSALÍA;Berghain;2215;1064;0.566;20260404
Björk;Berghain;2215;1064;0.566;20260404
Yves Tumor;Berghain;2215;1064;0.566;20260404
King Gnu;AIZO;2153;333;0.16;20260404
Bad Bunny;Tití Me Preguntó;2142;544;0.807;20260404
Luke Combs;Days Like These;2131;492;0.253;20260404
ROSALÍA;La Perla;2128;245;0.319;20260404
Yahritza Y Su Esencia;La Perla;2128;245;0.319;20260404
Billie Eilish;BIRDS OF A FEATHER;2109;-63;5.788;20260404
IngaRose;Love Me When It’s Hard;2037;1440;0.003;20260404
Tiziano Ferro;SUPERSTAR;1993;170;0.004;20260404
Giorgia;SUPERSTAR;1993;170;0.004;20260404
Luke Combs;Be By You;1931;-33;0.162;20260404
Ella Langley;Loving Life Again;1888;-382;0.043;20260404
Dan + Shay;Say So;1886;258;0.004;20260404
Ricchi;Sarà perché ti amo;1883;1169;1.491;20260404
Poveri;Sarà perché ti amo;1883;1169;1.491;20260404
Tears for Fears;Everybody Wants to Rule the World;1862;294;1.01;20260404
Muse;Be With You;1840;1167;0.057;20260404
Darius Rucker;Wagon Wheel;1833;21;0.861;20260404
JJ Lin;Careful with Fate;1833;331;0.042;20260404
Ella Langley;Dandelion;1831;-135;0.12;20260404
Jack White;G.O.D. And The Broken Ribs;1827;406;0.003;20260404
GroßstadtEngel;Gute Laune;1825;917;0.312;20260404
Kato;Turn the Lights Off;1816;-265;0.331;20260404
Jon;Turn the Lights Off;1816;-265;0.331;20260404
Cameron Whitcomb;Kingdom of Fear;1739;-93;0.016;20260404
Bruce Springsteen;Jersey Girl;1730;112;0.035;20260404
Teddy Swims;The Door;1714;-271;3.863;20260404
Bad Bunny;NUEVAYoL;1704;580;0.782;20260404
The Bausa;Magnetic;1700;492;0.02;20260404
Extreme Hybrid Wrestling;INDUSTRIAL STRENGTH;1683;1301;0.002;20260404
Chappell Roan;Pink Pony Club;1640;588;2.639;20260404
Independentmusicart;Black Sheep;1619;1426;0.108;20260404
Lady Gaga;Always Remember Us This Way;1602;-802;9.408;20260404
Keisuke Kuwata;HITOTARASHI;1600;1600;0.002;20260404
Ella Langley;you look like you love me;1584;-485;1.105;20260404
Riley Green;you look like you love me;1584;-485;1.105;20260404
T.O.P;DESPERADO;1571;485;0.003;20260404
Yisa Yu;清清如我(电视剧《逐玉》抒情主题曲);1570;515;0.017;20260404
STARGLOW;USOTSUKI;1568;0;0.01;20260404
Christina Perri;A Thousand Years;1553;-532;8.221;20260404
OFFICIAL HIGE DANDISM;Elderflower;1538;-14;0.01;20260404
Ed Sheeran;Sapphire;1527;1101;2.055;20260404
HAVEN.;I Run;1525;-72;0.404;20260404
Kaitlin Aragon;I Run;1525;-72;0.404;20260404
starly;Kavkaz;1513;-85;0.032;20260404
Mrs. GREEN APPLE;lulu.;1511;208;0.14;20260404
Aina The End;Luminous;1508;86;0.003;20260404
Eddie Dalton;Dreaming Of You;1507;1403;0.002;20260404
Milky;Just the Way You Are;1492;388;0.04;20260404
藤井 風;It's Alright;1490;1490;0.001;20260404
Eddie Dalton;She Don't Stay Long;1489;1489;0.001;20260404
sombr;back to friends;1481;501;0.56;20260404
Mr.Children;Again;1479;29;0.1;20260404
BTS;Dynamite;1478;683;3.648;20260404
Anyma;Beautiful;1468;682;0.002;20260404
Joji;Beautiful;1468;682;0.002;20260404
GIMS;Soleil;1467;667;0.002;20260404
BTS;they don’t know ’bout us;1464;-666;0.106;20260404
HANA;Bad Girl;1452;57;0.015;20260404
BTS;FYA;1450;-1293;0.136;20260404
U2;Resurrection Song;1447;659;0.002;20260404
tuki.;zero;1387;1387;0.001;20260404
Sal da Vinci;Per sempre sì;1371;393;0.109;20260404
Delta Goodrem;Eclipse;1371;117;0.04;20260404
M!LK;Sukisugite METSU;1368;27;0.192;20260404
Boney M.;Rasputin;1343;107;0.466;20260404
Diamond Zhang;众里寻他千百度(电视剧《逐玉》爱情主题曲);1343;499;0.01;20260404
ARASHI;Five;1341;76;0.066;20260404
MONSTA X;heal;1338;401;0.002;20260404
Luv Foundation (UK);Take Me Back;1315;190;0.007;20260404
Ian G;Take Me Back;1315;190;0.007;20260404
Vikki Waters;Take Me Back;1315;190;0.007;20260404
Bella Kay;iloveitiloveitiloveit;1307;82;0.049;20260404
Luke Combs;Sleepless in a Hotel Room;1297;82;0.275;20260404
Dave;Raindance;1289;-236;0.286;20260404
Tems;Raindance;1289;-236;0.286;20260404
Eddie Dalton;Light In The Dark;1278;1143;0.001;20260404
Peter Gregson;360;1267;115;0.214;20260404
Radiohead;Creep;1260;652;1.83;20260404
ZXKAI;NO BATIDÃO;1250;512;0.115;20260404
slxughter;NO BATIDÃO;1250;512;0.115;20260404
U2;In A Life;1242;224;0.002;20260404
M!LK;Bakuretsu Aishiteru;1241;-49;0.07;20260404
Aitana;SUPERESTRELLA;1240;24;0.177;20260404
Drake;NOKIA;1239;398;1.808;20260404
Disturbed;The Sound of Silence;1237;-523;10.248;20260404
disiz;melodrama;1229;410;0.187;20260404
Theodora;melodrama;1229;410;0.187;20260404
Eminem;Lose Yourself;1207;-1078;3.707;20260404
Oimara;Wackelkontakt;1194;678;0.954;20260404
sakanaction;Kaiju;1193;23;0.407;20260404
藍井エイル;絵空事;1192;1192;0.001;20260404
PinkPantheress;Stateside;1184;621;0.156;20260404
藍井エイル;MONSTER;1176;1176;0.001;20260404
Kanye West;ALL THE LOVE;1170;-108;0.007;20260404
Andre Troutman;ALL THE LOVE;1170;-108;0.007;20260404
MercyMe;Even If;1170;1170;0.133;20260404
Kenshi Yonezu;IRIS OUT;1170;1170;0.33;20260404
Journey;Don't Stop Believin';1170;-358;3.607;20260404
Anita Ward;Ring My Bell;1156;692;0.146;20260404
Shashwat Sachdev;Aari Aari;1144;570;0.017;20260404
Bombay Rockers;Aari Aari;1144;570;0.017;20260404
Irshad Kamil;Aari Aari;1144;570;0.017;20260404
Khan Saab;Aari Aari;1144;570;0.017;20260404
Reble;Aari Aari;1144;570;0.017;20260404
Token;Aari Aari;1144;570;0.017;20260404
Jasmine Sandlas;Aari Aari;1144;570;0.017;20260404
Sudhir Yaduvanshi;Aari Aari;1144;570;0.017;20260404
Navtej Singh Rehal - Dhurandhar The Revenge;Aari Aari;1144;570;0.017;20260404
IngaRose;Not for me;1143;-178;0.005;20260404
Hans Zimmer;F1;1140;552;0.356;20260404
Bleu Soleil;Soleil Bleu;1139;805;0.585;20260404
LUIZA;Soleil Bleu;1139;805;0.585;20260404
Adele;Rolling In the Deep;1121;463;17.183;20260404
Michael Schulte;5am;1113;127;0.038;20260404
Lilas;stay with me;1108;1108;0.001;20260404
Aina The End;On The Way;1104;-18;0.337;20260404
Alphaville;Forever Young;1093;181;1.281;20260404
Justė;Turn The Lights Off;1090;922;0.069;20260404
Jaxstyle;Turn The Lights Off;1090;922;0.069;20260404
Jon;Turn The Lights Off;1090;922;0.069;20260404
Samurai Jay;OSSESSIONE;1085;124;0.041;20260404
NiziU;Too Bad;1085;-186;0.006;20260404
ZORN;Jimoto LOVE;1083;241;0.046;20260404
Olivia Dean;Nice To Each Other;1081;322;0.488;20260404
Little Glee Monster;Pages;1077;1077;0.001;20260404
Sarah Toscano;Atlantide;1075;350;0.002;20260404
Hozier;Too Sweet;1069;346;3.028;20260404
Eddie Dalton;Quite Alright;1068;1068;0.001;20260404
sumika;Honto;1062;312;0.051;20260404
Shiranui Flare;Silent Flame,Never Fade;1061;1061;0.001;20260404
Ziggy in tha House;It's Raining;1060;98;0.194;20260404
Bruce Springsteen;Streets of Minneapolis;1050;743;0.191;20260404
Kanye West;FATHER;1048;-800;0.012;20260404
Travis Scott;FATHER;1048;-800;0.012;20260404
The Naughty Jukebox;Giddy Up;1043;435;0.021;20260404
JO1;EIEN;1041;-152;0.009;20260404
Eddie Dalton;Leave The Light On;1041;1041;0.001;20260404
U2;Scars;1039;408;0.002;20260404
Noah Kahan;The Great Divide;1035;-278;0.136;20260404
Creedence Clearwater Revival;Have You Ever Seen the Rain;1025;661;0.861;20260404
Sarah Connor;Atzensong;1021;-20;0.002;20260404
Asian Kung-Fu Generation;Skins;1020;-63;0.002;20260404
T.I.;LET 'EM KNOW;1003;111;0.105;20260404
Fujii Kaze;Michi Teyu Ku;1002;75;0.36;20260404
Charlie Puth;We Don’t Talk Anymore;1000;-122;3.478;20260404
Ron Goodwin;The Miss Marple Theme;987;-273;0.002;20260404
Teddy Swims;Bad Dreams;984;308;3.503;20260404
BTS;SWIM;15230;-1185;0.383;20260405
HUNTR/X;Golden;13629;804;4.43;20260405
EJAE;Golden;13629;804;4.43;20260405
AUDREY NUNA;Golden;13629;804;4.43;20260405
REI AMI;Golden;13629;804;4.43;20260405
KPop Demon Hunters Cast;Golden;13629;804;4.43;20260405
Taylor Swift;The Fate of Ophelia;11031;1121;2.955;20260405
RAYE;WHERE IS MY HUSBAND;10936;-287;2.145;20260405
Alex Warren;Ordinary;10915;1004;5.229;20260405
The Second Voice;LET ME BE;10578;321;0.251;20260405
BTS;SWIM with Jung Kook;10489;-3246;0.091;20260405
Bruno Mars;I Just Might;10184;63;1.229;20260405
Eddie Dalton;Another Day Old;9328;-1330;0.15;20260405
BTS;SWIM with SUGA;8508;-4174;0.085;20260405
Taylor Swift;Opalite;8129;1044;1.555;20260405
Alex Warren;FEVER DREAM;8006;-92;0.356;20260405
BTS;SWIM with Jimin;7876;-4779;0.083;20260405
BTS;SWIM with Jin;7460;-6232;0.091;20260405
Bebe Rexha;New Religion;7306;-127;0.245;20260405
Faithless;New Religion;7306;-127;0.245;20260405
BTS;SWIM with V;7239;-5576;0.084;20260405
Ella Langley;Choosin' Texas;7100;-743;0.788;20260405
Olivia Dean;Man I Need;6899;563;2.059;20260405
Olivia Dean;So Easy;6701;472;1.153;20260405
Harry Styles;Sign of the Times;6552;549;4.668;20260405
Tame Impala;Dracula;6524;-808;0.152;20260405
JENNIE;Dracula;6524;-808;0.152;20260405
BTS;2.0;6453;-1175;0.141;20260405
BTS;SWIM with RM;6414;-5683;0.079;20260405
BTS;SWIM with j-hope;6271;-5695;0.077;20260405
IngaRose;Celebrate Me;6225;3315;0.011;20260405
Eddie Dalton;Running To You;6207;-2823;0.126;20260405
Eddie Dalton;Stay a Little Longer;6185;-2463;0.049;20260405
Eddie Dalton;Somewhere Along The Way;6141;3493;0.009;20260405
Djo;End of Beginning;6089;480;1.682;20260405
mikeeysmind;Papaoutai;5938;63;0.735;20260405
Chill77;Papaoutai;5938;63;0.735;20260405
Unjaps;Papaoutai;5938;63;0.735;20260405
OneRepublic;Need Your Love;5503;-2134;0.021;20260405
Zara Larsson;Lush Life;5407;-286;2.543;20260405
Bruno Mars;Risk It All;5241;1626;0.31;20260405
Miley Cyrus;Younger You;4898;-684;0.089;20260405
Sam Fender;Rein Me In;4321;556;0.424;20260405
Olivia Dean;Rein Me In;4321;556;0.424;20260405
Ragal Ironbull;VALHALLA CALLING;4233;1931;0.007;20260405
BTS;Body to Body;4229;-870;0.218;20260405
The Goo Goo Dolls;Iris;4216;175;1.834;20260405
Harry Styles;American Girls;4060;225;0.185;20260405
Ella Langley;Be Her;4011;404;0.178;20260405
Disney;Zoo;3954;410;0.394;20260405
Shakira;Zoo;3954;410;0.394;20260405
SIENNA SPIRO;Die On This Hill;3946;-151;0.536;20260405
RAYE;Click Clack Symphony.;3863;437;0.11;20260405
Owen James;When I Stand;3618;814;0.205;20260405
Dave;Raindance;3378;2089;0.289;20260405
Tems;Raindance;3378;2089;0.289;20260405
Tame Impala;Dracula;3363;-574;0.187;20260405
Harry Styles;Aperture;3357;444;0.542;20260405
Gordo;Loco Loco;3344;559;0.088;20260405
Reinier Zonneveld;Loco Loco;3344;559;0.088;20260405
Eddie Dalton;Dreaming Of You;3298;1791;0.005;20260405
IngaRose;Love Me When It’s Hard;3285;1248;0.006;20260405
Shinedown;Outlaw;3154;-770;0.015;20260405
Lady Gaga;Die With A Smile;3141;747;7.286;20260405
Bruno Mars;Die With A Smile;3141;747;7.286;20260405
Eddie Dalton;Leave The Light On;3141;2100;0.004;20260405
Shakira;Zoo;3124;573;0.548;20260405
Eddie Dalton;Cheap Red Wine;3096;-2296;0.092;20260405
Zhang Zi Ning;一念(电视剧《逐玉》插曲);3082;562;0.02;20260405
Rex;一念(电视剧《逐玉》插曲);3082;562;0.02;20260405
Lola Young;Messy;3034;-65;4.043;20260405
HUGEL;Jamaican;2994;-956;0.242;20260405
SOLTO (FR);Jamaican;2994;-956;0.242;20260405
Benson Boone;Beautiful Things;2972;-112;7.112;20260405
Shaboozey;A Bar Song;2933;622;4.705;20260405
ANOTR;Talk To You;2777;-49;0.056;20260405
Lady Gaga;Always Remember Us This Way;2738;1136;9.411;20260405
Bad Bunny;DtMF;2603;-785;0.989;20260405
sombr;Homewrecker;2581;-536;0.226;20260405
Jack White;G.O.D. And The Broken Ribs;2573;746;0.006;20260405
sombr;12 to 12;2469;-1336;1.007;20260405
Brandon Lake;The Jesus I Know Now;2372;-683;0.007;20260405
Lainey Wilson;The Jesus I Know Now;2372;-683;0.007;20260405
Ac/Dc;Thunderstruck;2362;31;4.005;20260405
Ella Langley;Loving Life Again;2354;466;0.046;20260405
U2;Song For Hal;2352;-153;0.006;20260405
Ella Langley;Dandelion;2302;471;0.122;20260405
Chappell Roan;Pink Pony Club;2297;657;2.641;20260405
GIUSEPPE ROCCASALVO;PENSIERO STUPENDO;2259;-503;0.023;20260405
BTS;Like Animals;2228;-1158;0.164;20260405
Christina Perri;A Thousand Years;2215;662;8.223;20260405
Eddie Dalton;Light In The Dark;2193;915;0.004;20260405
ROSÉ;APT.;2190;-177;6.326;20260405
Bruno Mars;APT.;2190;-177;6.326;20260405
IngaRose;Not for me;2180;1037;0.007;20260405
HAVEN.;I Run;2152;627;0.406;20260405
Kaitlin Aragon;I Run;2152;627;0.406;20260405
Independentmusicart;Black Sheep;2148;529;0.11;20260405
Sia;Unstoppable;2142;-280;7.52;20260405
BTS;Hooligan;2114;-247;0.132;20260405
Teddy Swims;The Door;2111;397;3.865;20260405
ROSALÍA;La Perla;2108;-20;0.321;20260405
Yahritza Y Su Esencia;La Perla;2108;-20;0.321;20260405
PLAVE;HMPH;2090;-678;0.007;20260405
Teddy Swims;Lose Control;2058;-586;7.293;20260405
Luke Combs;Be By You;2023;92;0.164;20260405
Ricchi;Sarà perché ti amo;1984;101;1.493;20260405
Poveri;Sarà perché ti amo;1984;101;1.493;20260405
Tears for Fears;Everybody Wants to Rule the World;1970;108;1.012;20260405
Dermot Kennedy;Funeral;1943;-459;0.127;20260405
Mason Crow;I Got You;1937;954;0.003;20260405
Luke Combs;Days Like These;1930;-201;0.255;20260405
Eddie Dalton;She Don't Stay Long;1899;410;0.003;20260405
Kanye West;Runaway;1889;1162;0.115;20260405
Billie Eilish;BIRDS OF A FEATHER;1886;-223;5.79;20260405
JJ Lin;Careful with Fate;1881;48;0.044;20260405
BTS;they don’t know ’bout us;1836;372;0.108;20260405
ROSALÍA;Berghain;1817;-398;0.568;20260405
Björk;Berghain;1817;-398;0.568;20260405
Yves Tumor;Berghain;1817;-398;0.568;20260405
Kato;Turn the Lights Off;1814;-2;0.333;20260405
Jon;Turn the Lights Off;1814;-2;0.333;20260405
Dan + Shay;Say So;1812;-74;0.005;20260405
Ella Langley;you look like you love me;1805;221;1.107;20260405
Riley Green;you look like you love me;1805;221;1.107;20260405
SIENNA SPIRO;The Visitor;1799;1498;0.028;20260405
Tom Odell;Another Love;1786;928;2.671;20260405
XXXTENTACION;Moonlight;1764;-548;0.661;20260405
OFFICIAL HIGE DANDISM;Elderflower;1749;211;0.011;20260405
Luke Combs;Sleepless in a Hotel Room;1743;446;0.277;20260405
Milky;Just the Way You Are;1706;214;0.042;20260405
BTS;NORMAL;1686;-1146;0.175;20260405
Bad Bunny;Tití Me Preguntó;1660;-482;0.809;20260405
King Gnu;AIZO;1636;-517;0.162;20260405
Keisuke Kuwata;HITOTARASHI;1600;0;0.003;20260405
The Bausa;Magnetic;1594;-106;0.022;20260405
ZXKAI;NO BATIDÃO;1590;340;0.116;20260405
slxughter;NO BATIDÃO;1590;340;0.116;20260405
David Guetta;Gone Gone Gone;1580;-732;0.939;20260405
Teddy Swims;Gone Gone Gone;1580;-732;0.939;20260405
Tones And I;Gone Gone Gone;1580;-732;0.939;20260405
Bruce Springsteen;Jersey Girl;1547;-183;0.036;20260405
STARGLOW;USOTSUKI;1538;-30;0.011;20260405
Mrs. GREEN APPLE;lulu.;1533;22;0.142;20260405
The Killers;Mr. Brightside;1526;868;1.637;20260405
Aina The End;Luminous;1508;0;0.004;20260405
Zara Larsson;Midnight Sun;1506;802;0.129;20260405
Melissa Naschenweng;Hoamat in mir;1501;595;0.003;20260405
HANA;Bad Girl;1501;49;0.016;20260405
Yisa Yu;清清如我(电视剧《逐玉》抒情主题曲);1500;-70;0.019;20260405
Alphaville;Forever Young;1496;403;1.283;20260405
Mr.Children;Again;1479;0;0.101;20260405
Sal da Vinci;Per sempre sì;1474;103;0.111;20260405
Aitana;SUPERESTRELLA;1466;226;0.178;20260405
Disturbed;The Sound of Silence;1466;229;10.249;20260405
sombr;back to friends;1457;-24;0.561;20260405
Paul McCartney;Days We Left Behind;1453;-945;0.068;20260405
Eminem;Lose Yourself;1444;237;3.709;20260405
tuki.;zero;1436;49;0.003;20260405
Bebe Rexha;Hysteria;1434;-1366;0.007;20260405
Boney M.;Rasputin;1414;71;0.468;20260405
Tiziano Ferro;SUPERSTAR;1396;-597;0.005;20260405
Giorgia;SUPERSTAR;1396;-597;0.005;20260405
Luv Foundation (UK);Take Me Back;1395;80;0.008;20260405
Ian G;Take Me Back;1395;80;0.008;20260405
Vikki Waters;Take Me Back;1395;80;0.008;20260405
starly;Kavkaz;1375;-138;0.034;20260405
t.A.T.u.;All the Things She Said;1374;1342;0.199;20260405
Eir Aoi;unrealistic;1368;1368;0.001;20260405
Morgan Luna;You Lost Me Forever;1362;-927;0.007;20260405
The Cranberries;Dreams;1345;673;0.87;20260405
Charlie Puth;We Don’t Talk Anymore;1332;332;3.479;20260405
Justė;Turn The Lights Off;1325;235;0.07;20260405
Jaxstyle;Turn The Lights Off;1325;235;0.07;20260405
Jon;Turn The Lights Off;1325;235;0.07;20260405
Draugr Balled;North wind calls;1322;1322;0.001;20260405
Journey;Don't Stop Believin';1317;147;3.608;20260405
M!LK;Sukisugite METSU;1315;-53;0.193;20260405
アイナ・ジ・エンド - 革命道中;On The Way;1297;1297;0.073;20260405
Bleu Soleil;Soleil Bleu;1290;151;0.586;20260405
LUIZA;Soleil Bleu;1290;151;0.586;20260405
Bella Kay;iloveitiloveitiloveit;1276;-31;0.05;20260405
ARASHI;Five;1265;-76;0.068;20260405
Darius Rucker;Wagon Wheel;1262;-571;0.862;20260405
Samurai Jay;OSSESSIONE;1242;157;0.042;20260405
Olivia Dean;Nice To Each Other;1242;161;0.489;20260405
GroßstadtEngel;Gute Laune;1241;-584;0.313;20260405
Tatsuya Kitani;HIDANE;1241;1241;0.001;20260405
M!LK;Bakuretsu Aishiteru;1217;-24;0.071;20260405
Radiohead;Creep;1214;-46;1.831;20260405
Eddie Dalton;Quite Alright;1205;137;0.002;20260405
Delta Goodrem;Eclipse;1193;-178;0.041;20260405
Kaida Haru;Akaneiro No Uta;1193;1193;0.001;20260405
disiz;melodrama;1189;-40;0.189;20260405
Theodora;melodrama;1189;-40;0.189;20260405
Ed Sheeran;Perfect;1172;608;15.672;20260405
sumika;Honto;1170;108;0.052;20260405
張碧晨;眾里尋他千百度(電視劇《逐玉》愛情主題曲);1168;1168;0.006;20260405
Lil Kleine;Lijntje;1162;587;0.033;20260405
Milolaathetlukken;Lijntje;1162;587;0.033;20260405
GIMS;Soleil;1151;-316;0.003;20260405
Muse;Be With You;1141;-699;0.058;20260405
Noah Kahan;The Great Divide;1135;100;0.137;20260405
Phil Collins;In the Air Tonight;1135;398;1.261;20260405
The White Stripes;Seven Nation Army;1134;1007;1.325;20260405
Creedence Clearwater Revival;Have You Ever Seen the Rain;1132;107;0.862;20260405
MONSTA X;heal;1130;-208;0.003;20260405
Hans Zimmer;F1;1128;-12;0.358;20260405
Lilas;stay with me;1126;18;0.002;20260405
Bad Bunny;NUEVAYoL;1120;-584;0.783;20260405
Ruby Black;Todavía Respiro;1116;692;0.015;20260405
Kenshi Yonezu;IRIS OUT;1116;-54;0.331;20260405
Samuel Welten;Uitslover;1109;412;0.026;20260405
Bankzitters;Uitslover;1109;412;0.026;20260405
BTS;Please;1100;479;0.093;20260405
Sonny Fodera;Think About Us;1093;121;0.268;20260405
D.O.D;Think About Us;1093;121;0.268;20260405
Poppy Baskcomb;Think About Us;1093;121;0.268;20260405
HWASA;Good Goodbye;1090;143;0.349;20260405
Rolf Zuckowski und seine Freunde;Stups, der kleine Osterhase;1083;981;0.013;20260405
JO1;EIEN;1083;42;0.01;20260405
Teddy Swims;Bad Dreams;1080;96;3.505;20260405
Little Glee Monster;Pages;1063;-14;0.002;20260405
Eir Aoi;MONSTER;1062;1062;0.003;20260405
T.I.;LET 'EM KNOW;1061;58;0.106;20260405
The Chainsmokers;Closer;1059;1059;5.531;20260405
Céline Dion;Pour que tu m'aimes encore;1055;606;0.171;20260405
藤井 風;満ちてゆく;1050;1050;0.057;20260405
sakanaction;Kaiju;1041;-152;0.408;20260405
Bad Bunny;CAFé CON RON;1025;738;0.095;20260405
Los Pleneros de la Cresta;CAFé CON RON;1025;738;0.095;20260405
Fujii Kaze;It's Alright;1021;1021;0.003;20260405
Oria;Soirée mondaine;1019;488;0.007;20260405
Phil Wickham;What An Awesome God;1011;341;0.26;20260405
Hozier;Too Sweet;1004;-65;3.029;20260405
Don Toliver;Lose My Mind;990;410;0.392;20260405
T.O.P;DESPERADO;983;-588;0.004;20260405
Oimara;Wackelkontakt;982;-212;0.955;20260405
Achille Lauro;In Viaggio Verso Il Paradiso;981;361;0.016;20260405
HUNTR/X;Golden;14216;587;4.444;20260406
EJAE;Golden;14216;587;4.444;20260406
AUDREY NUNA;Golden;14216;587;4.444;20260406
REI AMI;Golden;14216;587;4.444;20260406
KPop Demon Hunters Cast;Golden;14216;587;4.444;20260406
BTS;SWIM;13626;-1604;0.397;20260406
RAYE;WHERE IS MY HUSBAND;12739;1803;2.158;20260406
Taylor Swift;The Fate of Ophelia;12599;1568;2.968;20260406
Alex Warren;Ordinary;11022;107;5.24;20260406
Bruno Mars;I Just Might;10491;307;1.24;20260406
The Second Voice;LET ME BE;10008;-570;0.261;20260406
Olivia Dean;Man I Need;8419;1520;2.067;20260406
Eddie Dalton;Another Day Old;8380;-948;0.158;20260406
Alex Warren;FEVER DREAM;8353;347;0.365;20260406
Ella Langley;Choosin' Texas;7957;857;0.796;20260406
IngaRose;Celebrate Me;7764;1539;0.019;20260406
BTS;2.0;7698;1245;0.149;20260406
Bebe Rexha;New Religion;7688;382;0.253;20260406
Faithless;New Religion;7688;382;0.253;20260406
Olivia Dean;So Easy;7422;721;1.16;20260406
Tame Impala;Dracula;7002;478;0.159;20260406
JENNIE;Dracula;7002;478;0.159;20260406
Taylor Swift;Opalite;6718;-1411;1.562;20260406
Ragal Ironbull;VALHALLA CALLING;6533;2300;0.013;20260406
Harry Styles;Sign of the Times;6447;-105;4.675;20260406
Djo;End of Beginning;6071;-18;1.688;20260406
Zara Larsson;Lush Life;6024;617;2.549;20260406
The Goo Goo Dolls;Iris;5656;1440;1.839;20260406
mikeeysmind;Papaoutai;5314;-624;0.74;20260406
Chill77;Papaoutai;5314;-624;0.74;20260406
Unjaps;Papaoutai;5314;-624;0.74;20260406
Bruno Mars;Risk It All;5308;67;0.316;20260406
Eddie Dalton;Somewhere Along The Way;5153;-988;0.014;20260406
Eddie Dalton;Running To You;5140;-1067;0.131;20260406
SIENNA SPIRO;Die On This Hill;5032;1086;0.541;20260406
BTS;Body to Body;4902;673;0.223;20260406
Disney;Zoo;4873;919;0.399;20260406
Shakira;Zoo;4873;919;0.399;20260406
Miley Cyrus;Younger You;4785;-113;0.093;20260406
BTS;SWIM with Jung Kook;4776;-5713;0.096;20260406
BTS;SWIM with SUGA;4529;-3979;0.089;20260406
Sam Fender;Rein Me In;4480;159;0.429;20260406
Olivia Dean;Rein Me In;4480;159;0.429;20260406
Harry Styles;American Girls;4447;387;0.189;20260406
Eddie Dalton;Stay a Little Longer;4358;-1827;0.054;20260406
IngaRose;Love Me When It’s Hard;4006;721;0.01;20260406
Ella Langley;Be Her;4000;-11;0.182;20260406
BTS;SWIM with Jimin;3890;-3986;0.087;20260406
OneRepublic;Need Your Love;3822;-1681;0.024;20260406
Owen James;When I Stand;3757;139;0.209;20260406
Benson Boone;Beautiful Things;3597;625;7.115;20260406
Lola Young;Messy;3288;254;4.046;20260406
BTS;SWIM with Jin;3243;-4217;0.094;20260406
sombr;12 to 12;3148;679;1.01;20260406
Lady Gaga;Die With A Smile;3126;-15;7.289;20260406
Bruno Mars;Die With A Smile;3126;-15;7.289;20260406
Chappell Roan;Pink Pony Club;3111;814;2.644;20260406
Tame Impala;Dracula;3109;-254;0.19;20260406
Shaboozey;A Bar Song;3091;158;4.708;20260406
Gordo;Loco Loco;3063;-281;0.091;20260406
Reinier Zonneveld;Loco Loco;3063;-281;0.091;20260406
シャキーラ;Zoo;3035;3035;0.005;20260406
BTS;SWIM with V;2910;-4329;0.087;20260406
Bad Bunny;DtMF;2910;307;0.992;20260406
Sia;Unstoppable;2892;750;7.523;20260406
Brandon Lake;The Jesus I Know Now;2881;509;0.01;20260406
Lainey Wilson;The Jesus I Know Now;2881;509;0.01;20260406
HAVEN.;I Run;2840;688;0.409;20260406
Kaitlin Aragon;I Run;2840;688;0.409;20260406
HUGEL;Jamaican;2832;-162;0.245;20260406
SOLTO (FR);Jamaican;2832;-162;0.245;20260406
Billie Eilish;BIRDS OF A FEATHER;2815;929;5.793;20260406
Tom Odell;Another Love;2795;1009;2.674;20260406
Zhang Zi Ning;一念(电视剧《逐玉》插曲);2782;-300;0.023;20260406
Rex;一念(电视剧《逐玉》插曲);2782;-300;0.023;20260406
BTS;SWIM with j-hope;2775;-3496;0.08;20260406
Ella Langley;Loving Life Again;2775;421;0.048;20260406
BTS;Like Animals;2770;542;0.167;20260406
ROSÉ;APT.;2736;546;6.329;20260406
Bruno Mars;APT.;2736;546;6.329;20260406
RAYE;Click Clack Symphony.;2732;-1131;0.113;20260406
Jack White;G.O.D. And The Broken Ribs;2679;106;0.009;20260406
sombr;Homewrecker;2638;57;0.228;20260406
IngaRose;Not for me;2626;446;0.01;20260406
Harry Styles;Aperture;2585;-772;0.545;20260406
Luke Combs;Be By You;2542;519;0.167;20260406
BTS;NORMAL;2435;749;0.177;20260406
Kato;Turn the Lights Off;2427;613;0.335;20260406
Jon;Turn the Lights Off;2427;613;0.335;20260406
Ella Langley;Dandelion;2398;96;0.124;20260406
Ella Langley;you look like you love me;2388;583;1.11;20260406
Riley Green;you look like you love me;2388;583;1.11;20260406
Kanye West;Runaway;2373;484;0.118;20260406
BTS;Hooligan;2352;238;0.135;20260406
ANOTR;Talk To You;2350;-427;0.058;20260406
Independentmusicart;Black Sheep;2347;199;0.112;20260406
Dermot Kennedy;Funeral;2291;348;0.13;20260406
Teddy Swims;The Door;2284;173;3.867;20260406
BTS;SWIM with RM;2255;-4159;0.081;20260406
Dave;Raindance;2178;-1200;0.291;20260406
Tems;Raindance;2178;-1200;0.291;20260406
Christina Perri;A Thousand Years;2139;-76;8.225;20260406
The Killers;Mr. Brightside;2124;598;1.639;20260406
Eddie Dalton;Dreaming Of You;2104;-1194;0.007;20260406
XXXTENTACION;Moonlight;2076;312;0.663;20260406
Mason Crow;I Got You;2062;125;0.005;20260406
LINKIN PARK;The Emptiness Machine;2024;1094;1.797;20260406
Bad Bunny;NUEVAYoL;2019;899;0.785;20260406
Eminem;Lose Yourself;2005;561;3.711;20260406
Ac/Dc;Thunderstruck;1969;-393;4.007;20260406
Coldplay;Viva la Vida;1916;1476;6.946;20260406
starly;Kavkaz;1910;535;0.036;20260406
David Guetta;Gone Gone Gone;1905;325;0.941;20260406
Teddy Swims;Gone Gone Gone;1905;325;0.941;20260406
Tones And I;Gone Gone Gone;1905;325;0.941;20260406
KISS OF LIFE;Who is she;1901;1901;0.002;20260406
ZXKAI;NO BATIDÃO;1899;309;0.118;20260406
slxughter;NO BATIDÃO;1899;309;0.118;20260406
Boney M.;Rasputin;1877;463;0.47;20260406
BTS;they don’t know ’bout us;1854;18;0.11;20260406
Bruce Springsteen;Jersey Girl;1830;283;0.038;20260406
Luke Combs;Days Like These;1824;-106;0.257;20260406
Kis-My-Ft2;HEARTLOUD;1823;1823;0.002;20260406
Milky;Just the Way You Are;1796;90;0.044;20260406
PLAVE;HMPH;1752;-338;0.009;20260406
Bella Kay;iloveitiloveitiloveit;1733;457;0.052;20260406
Lady Gaga;Always Remember Us This Way;1723;-1015;9.412;20260406
Ricchi;Sarà perché ti amo;1712;-272;1.494;20260406
Poveri;Sarà perché ti amo;1712;-272;1.494;20260406
SIENNA SPIRO;The Visitor;1710;-89;0.03;20260406
ROSALÍA;La Perla;1709;-399;0.323;20260406
Yahritza Y Su Esencia;La Perla;1709;-399;0.323;20260406
The xx;Intro;1702;1068;0.855;20260406
Eddie Dalton;Leave The Light On;1669;-1472;0.006;20260406
Metallica;Nothing Else Matters;1655;952;4.462;20260406
The White Stripes;Seven Nation Army;1638;504;1.326;20260406
King Gnu;AIZO;1621;-15;0.163;20260406
Bad Bunny;BAILE INoLVIDABLE;1605;711;0.456;20260406
Eddie Dalton;Cheap Red Wine;1593;-1503;0.093;20260406
Draugr Balled;North wind calls;1579;257;0.003;20260406
Keisuke Kuwata;HITOTARASHI;1568;-32;0.005;20260406
OFFICIAL HIGE DANDISM;Elderflower;1538;-211;0.013;20260406
Tears for Fears;Everybody Wants to Rule the World;1526;-444;1.013;20260406
Radiohead;Creep;1516;302;1.832;20260406
Staying Alive;The Ghost of Mount Buffalo;1508;1508;0.002;20260406
Tatsuya Kitani;HIDANE;1508;267;0.003;20260406
Aina The End;Luminous;1479;-29;0.006;20260406
Zara Larsson;Midnight Sun;1458;-48;0.13;20260406
Teddy Swims;Lose Control;1454;-604;7.294;20260406
Elevation Worship;SO BE IT;1450;1006;0.025;20260406
HANA;Bad Girl;1450;-51;0.018;20260406
Dimitri Vegas;Makina Time;1437;894;0.037;20260406
Like Mike;Makina Time;1437;894;0.037;20260406
Marlon Hoffstadt;Makina Time;1437;894;0.037;20260406
DJ Konik;Makina Time;1437;894;0.037;20260406
tuki.;zero;1436;0;0.004;20260406
JJ Lin;Careful with Fate;1429;-452;0.046;20260406
Marshall Hamburger;Thought of You;1422;1422;0.005;20260406
BTS;Into the Sun;1420;773;0.104;20260406
Mrs. GREEN APPLE;lulu.;1413;-120;0.143;20260406
Shinedown;Outlaw;1413;-1741;0.016;20260406
Aitana;SUPERESTRELLA;1410;-56;0.18;20260406
GIMS;Soleil;1408;257;0.005;20260406
GIUSEPPE ROCCASALVO;PENSIERO STUPENDO;1404;-855;0.024;20260406
STARGLOW;USOTSUKI;1395;-143;0.012;20260406
Disco Lines;No Broke Boys;1388;720;1.237;20260406
Tinashe;No Broke Boys;1388;720;1.237;20260406
Coldplay;A Sky Full of Stars;1374;823;11.243;20260406
Miley Cyrus;The Climb;1371;1371;0.347;20260406
Mr.Children;Again;1368;-111;0.103;20260406
Saja Boys;Soda Pop;1351;566;1.844;20260406
Andrew Choi;Soda Pop;1351;566;1.844;20260406
Neckwav;Soda Pop;1351;566;1.844;20260406
Danny Chung;Soda Pop;1351;566;1.844;20260406
Kevin Woo;Soda Pop;1351;566;1.844;20260406
samUIL Lee;Soda Pop;1351;566;1.844;20260406
KPop Demon Hunters Cast;Soda Pop;1351;566;1.844;20260406
Eir Aoi;unrealistic;1341;-27;0.003;20260406
Hozier;Work Song;1338;1320;0.059;20260406
Kenshi Yonezu;IRIS OUT;1334;218;0.332;20260406
Marco Schuitmaker;Deze Nacht;1325;357;0.005;20260406
The Bausa;Magnetic;1295;-299;0.023;20260406
BTS;Dynamite;1268;365;3.65;20260406
ARASHI;Five;1265;0;0.069;20260406
Keane;Somewhere Only We Know;1255;1100;1.281;20260406
M!LK;Sukisugite METSU;1241;-74;0.194;20260406
Snow Patrol;Chasing Cars;1229;275;2.028;20260406
The Cranberries;Dreams;1229;-116;0.871;20260406
Diamond Zhang;众里寻他千百度(电视剧《逐玉》爱情主题曲);1219;926;0.012;20260406
Lisa Gerrard;Now We Are Free;1219;643;0.434;20260406
Gavin Greenaway;Now We Are Free;1219;643;0.434;20260406
The Lyndhurst Orchestra;Now We Are Free;1219;643;0.434;20260406
Bruce Fowler;Now We Are Free;1219;643;0.434;20260406
Yvonne S. Moriarty;Now We Are Free;1219;643;0.434;20260406
Walt Fowler;Now We Are Free;1219;643;0.434;20260406
Ladd McIntosh;Now We Are Free;1219;643;0.434;20260406
Elizabeth Finch;Now We Are Free;1219;643;0.434;20260406
Jack Smalley;Now We Are Free;1219;643;0.434;20260406
Hans Zimmer;Now We Are Free;1219;643;0.434;20260406
Becky G;Shower;1217;407;0.865;20260406
M!LK;Bakuretsu Aishiteru;1217;0;0.073;20260406
GroßstadtEngel;Gute Laune;1193;-48;0.314;20260406
Disturbed;The Sound of Silence;1190;-276;10.251;20260406
Olivia Dean;Nice To Each Other;1187;-55;0.49;20260406
M83;Outro;1183;446;0.212;20260406
Drake;NOKIA;1175;606;1.81;20260406
Yisa Yu;清清如我(电视剧《逐玉》抒情主题曲);1167;-333;0.02;20260406
ROSALÍA;Berghain;1165;-652;0.569;20260406
Björk;Berghain;1165;-652;0.569;20260406
Yves Tumor;Berghain;1165;-652;0.569;20260406
BTS;Please;1164;64;0.094;20260406
Miley Cyrus;Flowers;1158;743;7.577;20260406
Dan + Shay;Say So;1151;-661;0.006;20260406
PinkPantheress;Stateside;1151;347;0.158;20260406
Kanye West;ALL THE LOVE;1147;542;0.009;20260406
Andre Troutman;ALL THE LOVE;1147;542;0.009;20260406
BTS;FYA;1141;385;0.138;20260406
Aina The End;On The Way;1136;1136;0.338;20260406
T.I.;LET 'EM KNOW;1125;64;0.108;20260406
sumika;Honto;1125;-45;0.053;20260406
Sabrina Carpenter;Manchild;1115;223;0.835;20260406
Teddy Swims;Bad Dreams;1111;31;3.506;20260406
Lionel Richie;Stuck On You;1105;1105;0.074;20260406
Michael Jackson;Billie Jean;1104;283;0.678;20260406
Eir Aoi;MONSTER;1104;42;0.004;20260406
Hozier;Too Sweet;1103;99;3.03;20260406
Lil Kleine;Lijntje;1100;-62;0.034;20260406
Milolaathetlukken;Lijntje;1100;-62;0.034;20260406
U2;Song For Hal;1097;-1255;0.008;20260406
The Beatles;Here Comes the Sun;1091;656;0.797;20260406
Bleu Soleil;Soleil Bleu;1084;-206;0.587;20260406
LUIZA;Soleil Bleu;1084;-206;0.587;20260406
&TEAM;Sakura-iro Yell;1083;1083;0.004;20260406
Angèle;What You Want;1076;365;0.048;20260406
Justice;What You Want;1076;365;0.048;20260406
Unheilig;Wunderschön;1073;108;0.226;20260406
Luke Combs;Sleepless in a Hotel Room;1067;-676;0.278;20260406
UdieNnx;STRUCT;1065;706;0.081;20260406
HWASA;Good Goodbye;1044;-46;0.35;20260406
Cameron Whitcomb;Kingdom of Fear;1043;159;0.018;20260406
sakanaction;Kaiju;1041;0;0.409;20260406
Melissa Naschenweng;Hoamat in mir;1035;-466;0.004;20260406
Michael Schulte;5am;1033;548;0.04;20260406
Myles Smith;Stargazing;1030;310;2.54;20260406
NiziU;Too Bad;1028;119;0.008;20260406
Ed Sheeran;Sapphire;1022;384;2.057;20260406
Starship;Nothing's Gonna Stop Us Now;1019;347;0.657;20260406
Sal da Vinci;Per sempre sì;1016;-458;0.112;20260406
Charlie Puth;We Don’t Talk Anymore;1014;-318;3.48;20260406
Jahin Music;Your Phone Linging;1010;533;0.3;20260406
BTS;SWIM;15065;1439;0.412;20260407
HUNTR/X;Golden;13468;-748;4.458;20260407
EJAE;Golden;13468;-748;4.458;20260407
AUDREY NUNA;Golden;13468;-748;4.458;20260407
REI AMI;Golden;13468;-748;4.458;20260407
KPop Demon Hunters Cast;Golden;13468;-748;4.458;20260407
RAYE;WHERE IS MY HUSBAND;13442;703;2.171;20260407
Taylor Swift;The Fate of Ophelia;12284;-315;2.98;20260407
Alex Warren;Ordinary;11287;265;5.252;20260407
Bruno Mars;I Just Might;11106;615;1.251;20260407
The Second Voice;LET ME BE;9375;-633;0.271;20260407
Eddie Dalton;Another Day Old;9167;787;0.167;20260407
Olivia Dean;So Easy;9069;1647;1.169;20260407
Alex Warren;FEVER DREAM;8829;476;0.373;20260407
Olivia Dean;Man I Need;8550;131;2.075;20260407
Ella Langley;Choosin' Texas;8124;167;0.804;20260407
IngaRose;Celebrate Me;8098;334;0.027;20260407
Tame Impala;Dracula;8087;1085;0.167;20260407
JENNIE;Dracula;8087;1085;0.167;20260407
Ragal Ironbull;VALHALLA CALLING;7358;825;0.02;20260407
Bebe Rexha;New Religion;6947;-741;0.26;20260407
Faithless;New Religion;6947;-741;0.26;20260407
Taylor Swift;Opalite;6710;-8;1.569;20260407
BTS;2.0;6675;-1023;0.155;20260407
Harry Styles;Sign of the Times;6458;11;4.681;20260407
Djo;End of Beginning;6382;311;1.695;20260407
Zara Larsson;Lush Life;6195;171;2.555;20260407
The Goo Goo Dolls;Iris;5939;283;1.845;20260407
Bruno Mars;Risk It All;5578;270;0.321;20260407
mikeeysmind;Papaoutai;5284;-30;0.745;20260407
Chill77;Papaoutai;5284;-30;0.745;20260407
Unjaps;Papaoutai;5284;-30;0.745;20260407
Bad Bunny;DtMF;5043;2133;0.997;20260407
Eddie Dalton;Running To You;4772;-368;0.136;20260407
sombr;12 to 12;4614;1466;1.015;20260407
BTS;Body to Body;4588;-314;0.228;20260407
Disney;Zoo;4411;-462;0.404;20260407
Shakira;Zoo;4411;-462;0.404;20260407
Sam Fender;Rein Me In;4317;-163;0.433;20260407
Olivia Dean;Rein Me In;4317;-163;0.433;20260407
Eddie Dalton;Stay a Little Longer;4070;-288;0.058;20260407
OneRepublic;Need Your Love;4053;231;0.029;20260407
SIENNA SPIRO;Die On This Hill;4040;-992;0.545;20260407
Eddie Dalton;Dreaming Of You;3961;1857;0.011;20260407
Benson Boone;Beautiful Things;3893;296;7.119;20260407
Eddie Dalton;Somewhere Along The Way;3842;-1311;0.018;20260407
IngaRose;Love Me When It’s Hard;3824;-182;0.014;20260407
Shakira;Zoo;3779;3173;0.553;20260407
RAYE;Click Clack Symphony.;3776;1044;0.117;20260407
Ella Langley;Be Her;3770;-230;0.186;20260407
Miley Cyrus;Younger You;3523;-1262;0.097;20260407
Harry Styles;American Girls;3503;-944;0.193;20260407
Lady Gaga;Die With A Smile;3487;361;7.293;20260407
Bruno Mars;Die With A Smile;3487;361;7.293;20260407
Cameron Whitcomb;Kingdom of Fear;3437;2394;0.021;20260407
Chappell Roan;Pink Pony Club;3353;242;2.647;20260407
KISS OF LIFE;Who is she;3333;1432;0.005;20260407
Gordo;Loco Loco;3146;83;0.094;20260407
Reinier Zonneveld;Loco Loco;3146;83;0.094;20260407
sombr;Homewrecker;3105;467;0.231;20260407
Bleu Soleil;Soleil Bleu;3022;1938;0.59;20260407
LUIZA;Soleil Bleu;3022;1938;0.59;20260407
BTS;Like Animals;2955;185;0.17;20260407
Zhang Zi Ning;一念(电视剧《逐玉》插曲);2931;149;0.026;20260407
Rex;一念(电视剧《逐玉》插曲);2931;149;0.026;20260407
HUGEL;Jamaican;2923;91;0.248;20260407
SOLTO (FR);Jamaican;2923;91;0.248;20260407
Tame Impala;Dracula;2917;-192;0.193;20260407
Shaboozey;A Bar Song;2842;-249;4.711;20260407
BTS;NORMAL;2741;306;0.18;20260407
The Killers;Mr. Brightside;2721;597;1.642;20260407
XXXTENTACION;Moonlight;2683;607;0.666;20260407
ROSÉ;APT.;2675;-61;6.331;20260407
Bruno Mars;APT.;2675;-61;6.331;20260407
Ella Langley;you look like you love me;2663;275;1.112;20260407
Riley Green;you look like you love me;2663;275;1.112;20260407
Bilmuri;WHERE TO FIND ME;2606;2188;0.003;20260407
NOVELISTS;WHERE TO FIND ME;2606;2188;0.003;20260407
Lola Young;Messy;2604;-684;4.049;20260407
Ella Langley;Loving Life Again;2599;-176;0.051;20260407
Ac/Dc;Thunderstruck;2561;592;4.009;20260407
Harry Styles;Aperture;2533;-52;0.547;20260407
Jack White;G.O.D. And The Broken Ribs;2473;-206;0.011;20260407
Mason Crow;I Got You;2457;395;0.007;20260407
IngaRose;Not for me;2451;-175;0.013;20260407
Hozier;Work Song;2435;1097;0.062;20260407
Sia;Unstoppable;2411;-481;7.525;20260407
Bruce Springsteen;Jersey Girl;2364;534;0.041;20260407
Ella Langley;Dandelion;2297;-101;0.127;20260407
BTS;Hooligan;2291;-61;0.137;20260407
Independentmusicart;Black Sheep;2288;-59;0.114;20260407
ZXKAI;NO BATIDÃO;2266;367;0.121;20260407
slxughter;NO BATIDÃO;2266;367;0.121;20260407
JJ Lin;Careful with Fate;2265;836;0.048;20260407
Luke Combs;Be By You;2244;-298;0.169;20260407
Teddy Swims;The Door;2229;-55;3.869;20260407
The xx;Intro;2210;508;0.857;20260407
Teddy Swims;Lose Control;2203;749;7.296;20260407
David Guetta;Gone Gone Gone;2203;298;0.943;20260407
Teddy Swims;Gone Gone Gone;2203;298;0.943;20260407
Tones And I;Gone Gone Gone;2203;298;0.943;20260407
Dermot Kennedy;Funeral;2196;-95;0.132;20260407
ANOTR;Talk To You;2187;-163;0.06;20260407
ROSALÍA;La Perla;2129;420;0.325;20260407
Yahritza Y Su Esencia;La Perla;2129;420;0.325;20260407
Metallica;Nothing Else Matters;2065;410;4.464;20260407
Kanye West;Runaway;2059;-314;0.12;20260407
Lea Michele;Nobody's Side;2041;2041;0.002;20260407
CHESS 2025 Broadway Company;Nobody's Side;2041;2041;0.002;20260407
LINKIN PARK;The Emptiness Machine;2038;14;1.799;20260407
Brandon Lake;The Jesus I Know Now;2017;-864;0.012;20260407
Lainey Wilson;The Jesus I Know Now;2017;-864;0.012;20260407
starly;Kavkaz;2011;101;0.038;20260407
Luke Combs;Days Like These;1996;172;0.259;20260407
Aaron Tveit;Pity the Child;1971;1971;0.002;20260407
CHESS 2025 Broadway Company;Pity the Child;1971;1971;0.002;20260407
BTS;they don’t know ’bout us;1963;109;0.112;20260407
HAVEN.;I Run;1959;-881;0.411;20260407
Kaitlin Aragon;I Run;1959;-881;0.411;20260407
Tom Odell;Another Love;1955;-840;2.676;20260407
Bad Bunny;NUEVAYoL;1949;-70;0.787;20260407
Billie Eilish;BIRDS OF A FEATHER;1920;-895;5.795;20260407
JoJo Siwa;Serendipity;1894;1894;0.002;20260407
OFFICIAL HIGE DANDISM;Elderflower;1834;296;0.015;20260407
Bad Bunny;BAILE INoLVIDABLE;1821;216;0.458;20260407
The Cranberries;Zombie;1801;1025;1.797;20260407
DONGHAE;Good Day;1795;1795;0.002;20260407
Yisa Yu;清清如我(电视剧《逐玉》抒情主题曲);1761;594;0.021;20260407
Kis-My-Ft2;HEARTLOUD;1756;-67;0.004;20260407
UdieNnx;STRUCT;1724;659;0.082;20260407
キタニタツヤ;火種;1634;1634;0.002;20260407
Sal da Vinci;Per sempre sì;1633;617;0.114;20260407
Christina Perri;A Thousand Years;1624;-515;8.227;20260407
Kate Bush;Running Up That Hill;1623;691;2.671;20260407
Aina The End;Luminous;1593;114;0.008;20260407
Girl Named Tom;Dust In The Wind;1576;1576;0.019;20260407
At The Gates;The Dissonant Void;1569;1569;0.002;20260407
Staying Alive;The Ghost of Mount Buffalo;1568;60;0.003;20260407
Higanryu;sanka;1568;1568;0.002;20260407
Diamond Zhang;众里寻他千百度(电视剧《逐玉》爱情主题曲);1550;331;0.013;20260407
sombr;back to friends;1545;682;0.564;20260407
The Bausa;Magnetic;1535;240;0.025;20260407
King Gnu;AIZO;1527;-94;0.165;20260407
Journey;Don't Stop Believin';1523;602;3.611;20260407
Sonny Fodera;Think About Us;1521;1046;0.27;20260407
D.O.D;Think About Us;1521;1046;0.27;20260407
Poppy Baskcomb;Think About Us;1521;1046;0.27;20260407
Bella Kay;iloveitiloveitiloveit;1516;-217;0.054;20260407
Aitana;SUPERESTRELLA;1512;102;0.181;20260407
Keisuke Kuwata;HITOTARASHI;1508;-60;0.006;20260407
Charlotte Cardin;The Way We Touch;1500;1017;0.03;20260407
Coldplay;Viva la Vida;1482;-434;6.948;20260407
HANA;Bad Girl;1479;29;0.019;20260407
Marshall Hamburger;Thought of You;1450;28;0.006;20260407
Lord of the Lost;The Days Of Our Lives;1448;1287;0.002;20260407
Draugr Balled;North wind calls;1441;-138;0.004;20260407
Ed Sheeran;Sapphire;1440;418;2.058;20260407
Mrs. GREEN APPLE;lulu.;1428;15;0.144;20260407
Aiyana-Lee;Housebroken;1399;550;0.112;20260407
Kenshi Yonezu;IRIS OUT;1379;45;0.334;20260407
Yurina Hirate;Kill or Kiss;1375;1375;0.001;20260407
Eddie Dalton;Cheap Red Wine;1373;-220;0.095;20260407
Mr.Children;Again;1368;0;0.104;20260407
Radiohead;Creep;1344;-172;1.834;20260407
ARASHI;Five;1341;76;0.07;20260407
tuki.;zero;1338;-98;0.006;20260407
Hozier;Too Sweet;1325;222;3.031;20260407
Becky G;Shower;1320;103;0.866;20260407
GIUSEPPE ROCCASALVO;PENSIERO STUPENDO;1316;-88;0.026;20260407
M!LK;Bakuretsu Aishiteru;1315;98;0.074;20260407
Lady Gaga;Always Remember Us This Way;1311;-412;9.414;20260407
The Cranberries;Dreams;1301;72;0.873;20260407
Milky;Just the Way You Are;1289;-507;0.045;20260407
Marco Schuitmaker;Deze Nacht;1275;-50;0.006;20260407
Miley Cyrus;The Climb;1272;-99;0.348;20260407
Kanye West;FATHER;1268;416;0.015;20260407
Travis Scott;FATHER;1268;416;0.015;20260407
M!LK;Sukisugite METSU;1265;24;0.195;20260407
Boney M.;Rasputin;1261;-616;0.471;20260407
Olivia Dean;Nice To Each Other;1260;73;0.492;20260407
Saint Rene;By My Side;1257;695;0.002;20260407
Eddie Dalton;Leave The Light On;1249;-420;0.007;20260407
SIENNA SPIRO;The Visitor;1248;-462;0.031;20260407
Annalisa;Canzone Estiva;1246;507;0.024;20260407
BTS;Please;1245;81;0.096;20260407
Dave;Raindance;1234;-944;0.292;20260407
Tems;Raindance;1234;-944;0.292;20260407
Myles Smith;Stargazing;1228;198;2.541;20260407
GIMS;Soleil;1225;-183;0.006;20260407
HWASA;Good Goodbye;1223;179;0.352;20260407
U2;Song For Hal;1214;117;0.009;20260407
Eir Aoi;unrealistic;1193;-148;0.004;20260407
Neil Diamond;Sweet Caroline;1192;310;1.408;20260407
Sean Paul featuring Keyshia Cole;(When You Gonna) Give It Up to Me;1176;332;0.026;20260407
Jake Hoot;Desperado;1172;1172;0.013;20260407
Men at Work;Down Under;1172;882;0.376;20260407
Eminem;Lose Yourself;1165;-840;3.712;20260407
Disturbed;The Sound of Silence;1159;-31;10.252;20260407
&TEAM;Sakura-iro Yell;1151;68;0.005;20260407
Backstreet Boys;I Want It That Way;1150;769;0.509;20260407
Kagami Hayato;Melodic Endlessness;1148;1148;0.001;20260407
Keane;Somewhere Only We Know;1132;-123;1.282;20260407
STARGLOW;USOTSUKI;1125;-270;0.014;20260407
藤井 風;満ちてゆく;1116;1116;0.059;20260407
PLAVE;HMPH;1112;-640;0.01;20260407
Muse;Be With You;1104;198;0.06;20260407
乃木坂46;桜橋を教えてくれた;1087;1087;0.001;20260407
T.I.;LET 'EM KNOW;1083;-42;0.109;20260407
GroßstadtEngel;Gute Laune;1083;-110;0.315;20260407
Aina The End;On The Way;1073;-63;0.339;20260407
The Cranberries;Linger;1067;910;0.358;20260407
Elton John;Cold Heart;1064;148;7.979;20260407
Dua Lipa;Cold Heart;1064;148;7.979;20260407
Eir Aoi;MONSTER;1062;-42;0.005;20260407
sumika;Honto;1062;-63;0.054;20260407
BTS;Into the Sun;1059;-361;0.105;20260407
Peter Gregson;360;1046;641;0.216;20260407
Ati242;Her Nerdeysen;1043;258;0.514;20260407
Kato;Turn the Lights Off;1040;-1387;0.336;20260407
Jon;Turn the Lights Off;1040;-1387;0.336;20260407
Tears for Fears;Everybody Wants to Rule the World;1032;-494;1.014;20260407
Backstreet Boys;Shape of My Heart;1031;320;0.079;20260407
The White Stripes;Seven Nation Army;1031;-607;1.327;20260407
Teddy Swims;Bad Dreams;1029;-82;3.507;20260407
Lisa Gerrard;Now We Are Free;1026;-193;0.436;20260407
Gavin Greenaway;Now We Are Free;1026;-193;0.436;20260407
The Lyndhurst Orchestra;Now We Are Free;1026;-193;0.436;20260407
Bruce Fowler;Now We Are Free;1026;-193;0.436;20260407
Yvonne S. Moriarty;Now We Are Free;1026;-193;0.436;20260407
Walt Fowler;Now We Are Free;1026;-193;0.436;20260407
Ladd McIntosh;Now We Are Free;1026;-193;0.436;20260407
Elizabeth Finch;Now We Are Free;1026;-193;0.436;20260407
Jack Smalley;Now We Are Free;1026;-193;0.436;20260407
Hans Zimmer;Now We Are Free;1026;-193;0.436;20260407
sakanaction;Kaiju;1021;-20;0.41;20260407
Lionel Richie;Stuck On You;1021;-84;0.075;20260407
The Naughty Jukebox;Giddy Up;1006;223;0.024;20260407
ŹOOĻ;New Sensation;1002;1002;0.001;20260407
BTS;FYA;1001;-140;0.139;20260407
Anita Ward;Ring My Bell;985;762;0.148;20260407
Sabrina Carpenter;Manchild;966;-149;0.836;20260407
BTS;SWIM;14219;-846;0.426;20260408
HUNTR/X;Golden;13892;424;4.472;20260408
EJAE;Golden;13892;424;4.472;20260408
AUDREY NUNA;Golden;13892;424;4.472;20260408
REI AMI;Golden;13892;424;4.472;20260408
KPop Demon Hunters Cast;Golden;13892;424;4.472;20260408
RAYE;WHERE IS MY HUSBAND;12170;-1272;2.184;20260408
Bruno Mars;I Just Might;11595;489;1.262;20260408
Alex Warren;Ordinary;10538;-749;5.262;20260408
Alex Warren;FEVER DREAM;10281;1452;0.384;20260408
Taylor Swift;The Fate of Ophelia;9607;-2677;2.99;20260408
The Second Voice;LET ME BE;8549;-826;0.279;20260408
IngaRose;Celebrate Me;8547;449;0.036;20260408
Olivia Dean;Man I Need;8381;-169;2.084;20260408
Olivia Dean;So Easy;8377;-692;1.177;20260408
Tame Impala;Dracula;8179;92;0.175;20260408
JENNIE;Dracula;8179;92;0.175;20260408
Ella Langley;Choosin' Texas;8160;36;0.812;20260408
Ragal Ironbull;VALHALLA CALLING;8118;760;0.029;20260408
Eddie Dalton;Another Day Old;7808;-1359;0.175;20260408
BTS;SWIM with SUGA;7793;7793;0.097;20260408
BTS;SWIM with Jung Kook;7518;7518;0.103;20260408
Bebe Rexha;New Religion;7504;557;0.267;20260408
Faithless;New Religion;7504;557;0.267;20260408
BTS;2.0;7415;740;0.163;20260408
Djo;End of Beginning;7252;870;1.702;20260408
Taylor Swift;Opalite;7047;337;1.576;20260408
BTS;SWIM with Jin;6774;6702;0.101;20260408
Harry Styles;Sign of the Times;5763;-695;4.687;20260408
Zara Larsson;Lush Life;5454;-741;2.561;20260408
Bruno Mars;Risk It All;5346;-232;0.327;20260408
mikeeysmind;Papaoutai;5116;-168;0.75;20260408
Chill77;Papaoutai;5116;-168;0.75;20260408
Unjaps;Papaoutai;5116;-168;0.75;20260408
BTS;SWIM with V;4971;4409;0.093;20260408
The Goo Goo Dolls;Iris;4955;-984;1.85;20260408
Cameron Whitcomb;Kingdom of Fear;4850;1413;0.026;20260408
Ella Langley;Be Her;4518;748;0.19;20260408
Harry Styles;American Girls;4184;681;0.197;20260408
BTS;Hooligan;4111;1820;0.141;20260408
RAYE;Click Clack Symphony.;4064;288;0.121;20260408
Sam Fender;Rein Me In;4019;-298;0.437;20260408
Olivia Dean;Rein Me In;4019;-298;0.437;20260408
Eddie Dalton;Dreaming Of You;3973;12;0.015;20260408
Disney;Zoo;3557;-854;0.407;20260408
Shakira;Zoo;3557;-854;0.407;20260408
sombr;12 to 12;3543;-1071;1.018;20260408
The xx;Intro;3489;1279;0.861;20260408
Ella Langley;Dandelion;3483;1186;0.13;20260408
Ella Langley;Loving Life Again;3482;883;0.055;20260408
Lady Gaga;Die With A Smile;3467;-20;7.296;20260408
Bruno Mars;Die With A Smile;3467;-20;7.296;20260408
Sia;Unstoppable;3451;1040;7.528;20260408
Miley Cyrus;Younger You;3447;-76;0.1;20260408
Eddie Dalton;Somewhere Along The Way;3407;-435;0.021;20260408
IngaRose;Love Me When It’s Hard;3393;-431;0.017;20260408
Tame Impala;Dracula;3381;464;0.196;20260408
Bleu Soleil;Soleil Bleu;3333;311;0.593;20260408
LUIZA;Soleil Bleu;3333;311;0.593;20260408
Eddie Dalton;Stay a Little Longer;3271;-799;0.061;20260408
BTS;Body to Body;3266;-1322;0.231;20260408
SIENNA SPIRO;Die On This Hill;3142;-898;0.548;20260408
Shaboozey;A Bar Song;3120;278;4.714;20260408
GIUSEPPE ROCCASALVO;PENSIERO STUPENDO;3075;1759;0.029;20260408
Shakira;Zoo;3059;-720;0.556;20260408
The Killers;Mr. Brightside;2974;253;1.645;20260408
Zhang Zi Ning;一念(电视剧《逐玉》插曲);2963;32;0.029;20260408
Rex;一念(电视剧《逐玉》插曲);2963;32;0.029;20260408
Eddie Dalton;Running To You;2961;-1811;0.139;20260408
Billie Eilish;BIRDS OF A FEATHER;2759;839;5.798;20260408
Draugr Balled;North wind calls;2747;1306;0.007;20260408
Lola Young;Messy;2738;134;4.052;20260408
Gordo;Loco Loco;2713;-433;0.097;20260408
Reinier Zonneveld;Loco Loco;2713;-433;0.097;20260408
KISS OF LIFE;Who is she;2710;-623;0.008;20260408
BTS;SWIM with j-hope;2686;2686;0.082;20260408
XXXTENTACION;Moonlight;2676;-7;0.668;20260408
BTS;SWIM with RM;2671;2601;0.084;20260408
Harry Styles;Aperture;2663;130;0.55;20260408
Chappell Roan;Pink Pony Club;2650;-703;2.65;20260408
HUGEL;Jamaican;2506;-417;0.25;20260408
SOLTO (FR);Jamaican;2506;-417;0.25;20260408
ROSÉ;APT.;2501;-174;6.334;20260408
Bruno Mars;APT.;2501;-174;6.334;20260408
BTS;Like Animals;2496;-459;0.173;20260408
IngaRose;Not for me;2483;32;0.015;20260408
OneRepublic;Need Your Love;2477;-1576;0.031;20260408
Ella Langley;you look like you love me;2463;-200;1.115;20260408
Riley Green;you look like you love me;2463;-200;1.115;20260408
Luke Combs;Be By You;2439;195;0.172;20260408
The Cranberries;Zombie;2389;588;1.799;20260408
Journey;Don't Stop Believin';2377;854;3.613;20260408
Benson Boone;Beautiful Things;2371;-1522;7.122;20260408
BTS;NORMAL;2363;-378;0.182;20260408
sombr;Homewrecker;2327;-778;0.234;20260408
Independentmusicart;Black Sheep;2311;23;0.117;20260408
Bad Bunny;DtMF;2298;-2745;1.0;20260408
DONGHAE;Good Day;2266;471;0.004;20260408
Kato;Turn the Lights Off;2246;1206;0.339;20260408
Jon;Turn the Lights Off;2246;1206;0.339;20260408
Luke Combs;Days Like These;2207;211;0.261;20260408
Disturbed;The Sound of Silence;2178;1019;10.254;20260408
Bella Kay;iloveitiloveitiloveit;2177;661;0.056;20260408
ANOTR;Talk To You;2138;-49;0.062;20260408
Mason Crow;I Got You;2134;-323;0.01;20260408
Hozier;Work Song;2130;-305;0.064;20260408
sombr;back to friends;2111;566;0.566;20260408
David Guetta;Gone Gone Gone;2088;-115;0.946;20260408
Teddy Swims;Gone Gone Gone;2088;-115;0.946;20260408
Tones And I;Gone Gone Gone;2088;-115;0.946;20260408
The Cranberries;Dreams;2064;763;0.875;20260408
Dermot Kennedy;Funeral;2049;-147;0.134;20260408
HAVEN.;I Run;2034;75;0.413;20260408
Kaitlin Aragon;I Run;2034;75;0.413;20260408
Dave;Raindance;2033;799;0.294;20260408
Tems;Raindance;2033;799;0.294;20260408
ROSALÍA;La Perla;2028;-101;0.327;20260408
Yahritza Y Su Esencia;La Perla;2028;-101;0.327;20260408
Ac/Dc;Thunderstruck;2013;-548;4.011;20260408
Teddy Swims;Lose Control;1898;-305;7.298;20260408
Eddie Dalton;Leave The Light On;1873;624;0.009;20260408
Teddy Swims;The Door;1869;-360;3.871;20260408
starly;Kavkaz;1846;-165;0.039;20260408
ZXKAI;NO BATIDÃO;1838;-428;0.122;20260408
slxughter;NO BATIDÃO;1838;-428;0.122;20260408
Christina Perri;A Thousand Years;1833;209;8.229;20260408
Girl Named Tom;Dust In The Wind;1803;227;0.021;20260408
UdieNnx;STRUCT;1802;78;0.084;20260408
The Strokes;Going Shopping;1799;1799;0.002;20260408
B'z;Heaven Knows;1797;1797;0.002;20260408
Bad Bunny;NUEVAYoL;1796;-153;0.789;20260408
JJ Lin;Careful with Fate;1782;-483;0.05;20260408
King Gnu;AIZO;1769;242;0.167;20260408
Coldplay;Viva la Vida;1733;251;6.949;20260408
Hans Zimmer;Cornfield Chase;1715;1214;0.386;20260408
The Beatles;Here Comes the Sun;1683;845;0.799;20260408
The Bausa;Magnetic;1681;146;0.026;20260408
Kis-My-Ft2;HEARTLOUD;1648;-108;0.005;20260408
JoJo Siwa;Serendipity;1637;-257;0.004;20260408
Luke Combs;Sleepless in a Hotel Room;1616;668;0.28;20260408
Tatsuya Kitani;HIDANE;1608;1608;0.004;20260408
Milky;Just the Way You Are;1589;300;0.047;20260408
Marshall Hamburger;Thought of You;1568;118;0.008;20260408
Brandon Lake;The Jesus I Know Now;1562;-455;0.014;20260408
Lainey Wilson;The Jesus I Know Now;1562;-455;0.014;20260408
OFFICIAL HIGE DANDISM;Elderflower;1556;-278;0.016;20260408
Nirvana;Smells Like Teen Spirit;1552;785;1.529;20260408
Billy Ray Cyrus;On Our Way Along;1538;1538;0.002;20260408
Noah Cyrus;On Our Way Along;1538;1538;0.002;20260408
Guns N' Roses;Sweet Child o' Mine;1535;1130;2.366;20260408
Phil Collins;In the Air Tonight;1526;1136;1.264;20260408
Higanryu;sanka;1508;-60;0.003;20260408
Chappell Roan;Good Luck, Babe;1487;1178;2.611;20260408
Keisuke Kuwata;HITOTARASHI;1479;-29;0.008;20260408
Aina The End;Luminous;1470;-123;0.009;20260408
PinkPantheress;Stateside;1468;551;0.161;20260408
Lady Gaga;Always Remember Us This Way;1466;155;9.415;20260408
Tammy Wynette;I Still Believe In Fairy Tales;1466;1466;0.004;20260408
Lisa Gerrard;Now We Are Free;1441;415;0.437;20260408
Gavin Greenaway;Now We Are Free;1441;415;0.437;20260408
The Lyndhurst Orchestra;Now We Are Free;1441;415;0.437;20260408
Bruce Fowler;Now We Are Free;1441;415;0.437;20260408
Yvonne S. Moriarty;Now We Are Free;1441;415;0.437;20260408
Walt Fowler;Now We Are Free;1441;415;0.437;20260408
Ladd McIntosh;Now We Are Free;1441;415;0.437;20260408
Elizabeth Finch;Now We Are Free;1441;415;0.437;20260408
Jack Smalley;Now We Are Free;1441;415;0.437;20260408
Hans Zimmer;Now We Are Free;1441;415;0.437;20260408
HANA;Bad Girl;1422;-57;0.021;20260408
BTS;Please;1416;171;0.097;20260408
EL CAPITXN;Breaking Through;1400;1003;0.009;20260408
TAEHYUN;Breaking Through;1400;1003;0.009;20260408
Jeremy Zucker;Breaking Through;1400;1003;0.009;20260408
Madonna;Live to Tell;1394;1300;0.039;20260408
Oasis;Wonderwall;1385;663;1.304;20260408
Sal da Vinci;Per sempre sì;1352;-281;0.115;20260408
Jake Hoot;Desperado;1351;179;0.015;20260408
MONAKI;Honmayade Nandeyanen Shirankedo;1341;1341;0.001;20260408
Paul McCartney;Days We Left Behind;1323;1009;0.07;20260408
M!LK;Bakuretsu Aishiteru;1315;0;0.075;20260408
Aitana;SUPERESTRELLA;1314;-198;0.183;20260408
Bilmuri;WHERE TO FIND ME;1309;-1297;0.004;20260408
NOVELISTS;WHERE TO FIND ME;1309;-1297;0.004;20260408
Nogizaka46;sakurabashiooshietekureta;1306;1306;0.001;20260408
Diamond Zhang;众里寻他千百度(电视剧《逐玉》爱情主题曲);1305;-245;0.014;20260408
Kenshi Yonezu;IRIS OUT;1303;-76;0.335;20260408
Nogizaka46;mouhitotsunotaiyo;1294;1294;0.001;20260408
BTS;FYA;1292;291;0.141;20260408
T.I.;LET 'EM KNOW;1290;207;0.11;20260408
Mr.Children;Again;1290;-78;0.105;20260408
Anita Ward;Ring My Bell;1277;292;0.149;20260408
Pitbull;Fireball;1275;1078;1.823;20260408
BTS;they don’t know ’bout us;1263;-700;0.113;20260408
Becky G;Shower;1263;-57;0.867;20260408
Sean Paul featuring Keyshia Cole;(When You Gonna) Give It Up to Me;1247;71;0.027;20260408
Sabrina Carpenter;Manchild;1247;281;0.837;20260408
Charlotte Cardin;The Way We Touch;1244;-256;0.031;20260408
Staying Alive;The Ghost of Mount Buffalo;1241;-327;0.004;20260408
ARASHI;Five;1241;-100;0.072;20260408
Nicholas Britell;Succession;1240;333;0.39;20260408
Tom Odell;Another Love;1218;-737;2.677;20260408
Aerosmith;Dream On;1217;585;0.454;20260408
Miley Cyrus;The Climb;1214;-58;0.35;20260408
King Willonius;Do You Ever Get Tired;1201;663;0.004;20260408
M!LK;Sukisugite METSU;1193;-72;0.197;20260408
Nogizaka46;pacificleaguenituretette;1190;1190;0.001;20260408
Teddy Swims;Bad Dreams;1190;161;3.508;20260408
Jack White;G.O.D. And The Broken Ribs;1183;-1290;0.012;20260408
Myles Smith;Stargazing;1181;-47;2.542;20260408
Angèle;What You Want;1172;433;0.05;20260408
Justice;What You Want;1172;433;0.05;20260408
Mrs. GREEN APPLE;lulu.;1170;-258;0.146;20260408
tuki.;zero;1167;-171;0.007;20260408
Myles Smith;Stay;1161;250;0.303;20260408
Michael Jackson;Beat It;1154;1051;0.379;20260408
Bad Bunny;BAILE INoLVIDABLE;1146;-675;0.459;20260408
HWASA;Good Goodbye;1144;-79;0.353;20260408
Boney M.;Rasputin;1144;-117;0.472;20260408
Lady Gaga;Abracadabra;1137;269;2.661;20260408
Yisa Yu;清清如我(电视剧《逐玉》抒情主题曲);1135;-626;0.023;20260408
Josh Groban;You Raise Me Up;1127;1127;0.256;20260408
Aaron Tveit;Pity the Child;1126;-845;0.003;20260408
CHESS 2025 Broadway Company;Pity the Child;1126;-845;0.003;20260408
ADELE;Skyfall;1110;1060;10.969;20260408
Radiohead;Creep;1105;-239;1.835;20260408
Noah Kahan;The Great Divide;1105;158;0.14;20260408
ALI;FUNKIN' BEAUTIFUL;1104;1104;0.001;20260408
Miley Cyrus;Flowers;1100;873;7.578;20260408
disiz;melodrama;1094;325;0.191;20260408
Theodora;melodrama;1094;325;0.191;20260408
Metallica;Nothing Else Matters;1092;-973;4.465;20260408
AC/DC;Highway to Hell;1082;416;1.918;20260408
BTS;Into the Sun;1081;22;0.107;20260408
The Cranberries;Linger;1080;13;0.359;20260408
OXYNOVA;SSAK;1080;311;0.022;20260408
MASON HOME;SSAK;1080;311;0.022;20260408
MILLI;SSAK;1080;311;0.022;20260408
Foggyatthebottom;SSAK;1080;311;0.022;20260408
OSUN;SSAK;1080;311;0.022;20260408
SIENNA SPIRO;The Visitor;1063;-185;0.032;20260408
Nogizaka46;saigonikaidanwokakeagattanowaitsuda;1062;1062;0.008;20260408
Zara Larsson;Midnight Sun;1058;116;0.132;20260408
Kato;Turn the Lights Off;1043;994;0.695;20260408
Eir Aoi;unrealistic;1041;-152;0.005;20260408
Ricchi;Sarà perché ti amo;1035;291;1.496;20260408
Poveri;Sarà perché ti amo;1035;291;1.496;20260408
BTS;SWIM;13726;-493;0.44;20260409
HUNTR/X;Golden;12808;-1084;4.484;20260409
EJAE;Golden;12808;-1084;4.484;20260409
AUDREY NUNA;Golden;12808;-1084;4.484;20260409
REI AMI;Golden;12808;-1084;4.484;20260409
KPop Demon Hunters Cast;Golden;12808;-1084;4.484;20260409
Anyma;Bad Angel;12776;12776;0.013;20260409
LISA;Bad Angel;12776;12776;0.013;20260409
RAYE;WHERE IS MY HUSBAND;12274;104;2.196;20260409
Bruno Mars;I Just Might;10565;-1030;1.273;20260409
Alex Warren;Ordinary;10239;-299;5.272;20260409
Taylor Swift;The Fate of Ophelia;10175;568;3.0;20260409
Alex Warren;FEVER DREAM;9369;-912;0.393;20260409
BTS;SWIM with Jin;8934;2160;0.11;20260409
Tame Impala;Dracula;8864;685;0.184;20260409
JENNIE;Dracula;8864;685;0.184;20260409
Ragal Ironbull;VALHALLA CALLING;8671;553;0.037;20260409
BTS;SWIM with Jung Kook;8669;1151;0.112;20260409
The Second Voice;LET ME BE;8601;52;0.288;20260409
Olivia Dean;Man I Need;8377;-4;2.092;20260409
BTS;SWIM with SUGA;8311;518;0.105;20260409
IngaRose;Celebrate Me;8293;-254;0.044;20260409
Ella Langley;Choosin' Texas;8209;49;0.82;20260409
Olivia Dean;So Easy;8152;-225;1.186;20260409
BTS;SWIM with Jimin;8114;7560;0.096;20260409
Eddie Dalton;Another Day Old;7899;91;0.183;20260409
Taylor Swift;Opalite;7562;515;1.583;20260409
Bebe Rexha;New Religion;7212;-292;0.274;20260409
Faithless;New Religion;7212;-292;0.274;20260409
BTS;SWIM with V;7189;2218;0.1;20260409
Bruno Mars;Risk It All;7151;1805;0.334;20260409
Djo;End of Beginning;6215;-1037;1.708;20260409
BTS;SWIM with RM;5705;3034;0.089;20260409
Zara Larsson;Lush Life;5579;125;2.566;20260409
BTS;SWIM with j-hope;5440;2754;0.088;20260409
Cameron Whitcomb;Kingdom of Fear;5424;574;0.032;20260409
Social Distortion;Partners in Crime;5355;5355;0.005;20260409
Tame Impala;Dracula;5312;1931;0.201;20260409
The Goo Goo Dolls;Iris;5169;214;1.855;20260409
BTS;2.0;5008;-2407;0.168;20260409
Harry Styles;Sign of the Times;4908;-855;4.692;20260409
Ella Langley;Be Her;4771;253;0.195;20260409
sombr;12 to 12;4445;902;1.023;20260409
mikeeysmind;Papaoutai;4315;-801;0.755;20260409
Chill77;Papaoutai;4315;-801;0.755;20260409
Unjaps;Papaoutai;4315;-801;0.755;20260409
The xx;Intro;4255;766;0.865;20260409
Disney;Zoo;4127;570;0.411;20260409
Shakira;Zoo;4127;570;0.411;20260409
SIENNA SPIRO;Die On This Hill;4066;924;0.552;20260409
Harry Styles;American Girls;4004;-180;0.201;20260409
Lady Gaga;Die With A Smile;3984;517;7.3;20260409
Bruno Mars;Die With A Smile;3984;517;7.3;20260409
Ella Langley;Loving Life Again;3791;309;0.058;20260409
BTS;Body to Body;3755;489;0.235;20260409
Inpatient;Down The Road;3701;3701;0.004;20260409
Ren;Down The Road;3701;3701;0.004;20260409
Chris Webby;Down The Road;3701;3701;0.004;20260409
IngaRose;Love Me When It’s Hard;3646;253;0.021;20260409
Sam Fender;Rein Me In;3535;-484;0.441;20260409
Olivia Dean;Rein Me In;3535;-484;0.441;20260409
Eddie Dalton;Somewhere Along The Way;3442;35;0.025;20260409
Bad Bunny;DtMF;3393;1095;1.003;20260409
Ella Langley;Dandelion;3350;-133;0.134;20260409
GIUSEPPE ROCCASALVO;PENSIERO STUPENDO;3331;256;0.032;20260409
Miley Cyrus;Younger You;3296;-151;0.104;20260409
sombr;Homewrecker;3278;951;0.237;20260409
BTS;Hooligan;3275;-836;0.144;20260409
Eddie Dalton;Stay a Little Longer;3167;-104;0.064;20260409
Draugr Balled;North wind calls;3037;290;0.01;20260409
Eddie Dalton;Running To You;3033;72;0.142;20260409
Ac/Dc;Thunderstruck;3004;991;4.014;20260409
Eddie Dalton;Dreaming Of You;2994;-979;0.018;20260409
Shakira;Zoo;2972;-87;0.559;20260409
ROSALÍA;La Perla;2952;924;0.33;20260409
Yahritza Y Su Esencia;La Perla;2952;924;0.33;20260409
Chappell Roan;Pink Pony Club;2881;231;2.653;20260409
Kato;Turn the Lights Off;2786;540;0.342;20260409
Jon;Turn the Lights Off;2786;540;0.342;20260409
Bad Bunny;NUEVAYoL;2784;988;0.791;20260409
Sia;Unstoppable;2775;-676;7.531;20260409
The Strokes;Going Shopping;2767;968;0.005;20260409
Bleu Soleil;Soleil Bleu;2754;-579;0.596;20260409
LUIZA;Soleil Bleu;2754;-579;0.596;20260409
Gordo;Loco Loco;2731;18;0.099;20260409
Reinier Zonneveld;Loco Loco;2731;18;0.099;20260409
ANOTR;Talk To You;2688;550;0.065;20260409
RAYE;Click Clack Symphony.;2609;-1455;0.124;20260409
Shaboozey;A Bar Song;2511;-609;4.717;20260409
Ella Langley;you look like you love me;2437;-26;1.117;20260409
Riley Green;you look like you love me;2437;-26;1.117;20260409
HUGEL;Jamaican;2350;-156;0.253;20260409
SOLTO (FR);Jamaican;2350;-156;0.253;20260409
Lola Young;Messy;2341;-397;4.054;20260409
Lady Gaga;Always Remember Us This Way;2296;830;9.417;20260409
Zhang Zi Ning;一念(电视剧《逐玉》插曲);2295;-668;0.031;20260409
Rex;一念(电视剧《逐玉》插曲);2295;-668;0.031;20260409
starly;Kavkaz;2284;438;0.042;20260409
Milky;Just the Way You Are;2225;636;0.049;20260409
BTS;NORMAL;2217;-146;0.185;20260409
BTS;Like Animals;2187;-309;0.175;20260409
IngaRose;Not for me;2128;-355;0.017;20260409
JJ Lin;Careful with Fate;2072;290;0.052;20260409
sombr;back to friends;2058;-53;0.568;20260409
Harry Styles;Aperture;2042;-621;0.552;20260409
OneRepublic;Need Your Love;2036;-441;0.033;20260409
Journey;Don't Stop Believin';2023;-354;3.615;20260409
Luke Combs;Be By You;2000;-439;0.174;20260409
Billie Eilish;BIRDS OF A FEATHER;1987;-772;5.8;20260409
Dermot Kennedy;Funeral;1984;-65;0.136;20260409
Lykke Li;Sick Of Love;1936;1936;0.002;20260409
HWASA;So Cute;1924;1924;0.002;20260409
XXXTENTACION;Moonlight;1924;-752;0.67;20260409
Foo Fighters;Of All People;1900;1900;0.002;20260409
Benson Boone;Beautiful Things;1853;-518;7.123;20260409
Christina Perri;A Thousand Years;1833;0;8.231;20260409
HAVEN.;I Run;1794;-240;0.415;20260409
Kaitlin Aragon;I Run;1794;-240;0.415;20260409
Dave;Raindance;1792;-241;0.296;20260409
Tems;Raindance;1792;-241;0.296;20260409
ROSÉ;APT.;1777;-724;6.336;20260409
Bruno Mars;APT.;1777;-724;6.336;20260409
Teddy Swims;Lose Control;1742;-156;7.3;20260409
Mason Crow;I Got You;1717;-417;0.011;20260409
KISS OF LIFE;Who is she;1681;-1029;0.01;20260409
King Gnu;AIZO;1650;-119;0.168;20260409
Luke Combs;Days Like These;1650;-557;0.263;20260409
B'z;Heaven Knows;1646;-151;0.003;20260409
PinkPantheress;Stateside;1642;174;0.162;20260409
Bella Kay;iloveitiloveitiloveit;1622;-555;0.058;20260409
OFFICIAL HIGE DANDISM;Elderflower;1614;58;0.018;20260409
Disturbed;The Sound of Silence;1604;-574;10.256;20260409
Billy Ray Cyrus;On Our Way Along;1600;62;0.003;20260409
Noah Cyrus;On Our Way Along;1600;62;0.003;20260409
The Cranberries;Dreams;1597;-467;0.876;20260409
Dexter and The Moonrocks;Freakin’ Out;1594;700;0.009;20260409
Independentmusicart;Black Sheep;1574;-737;0.118;20260409
Kis-My-Ft2;HEARTLOUD;1568;-80;0.007;20260409
Sonny Fodera;Think About Us;1564;900;0.272;20260409
D.O.D;Think About Us;1564;900;0.272;20260409
Poppy Baskcomb;Think About Us;1564;900;0.272;20260409
ARASHI;Five;1556;315;0.073;20260409
Tatsuya Kitani;HIDANE;1538;-70;0.006;20260409
The Killers;Mr. Brightside;1520;-1454;1.646;20260409
ZXKAI;NO BATIDÃO;1503;-335;0.124;20260409
slxughter;NO BATIDÃO;1503;-335;0.124;20260409
Keisuke Kuwata;HITOTARASHI;1479;0;0.009;20260409
緑黄色社会;章;1460;1460;0.001;20260409
HANA;Bad Girl;1450;28;0.022;20260409
Tom Odell;Another Love;1445;227;2.679;20260409
4 Non Blondes;What's Up;1441;1099;1.3;20260409
Bad Bunny;BAILE INoLVIDABLE;1430;284;0.461;20260409
Paul McCartney;Days We Left Behind;1430;107;0.071;20260409
Drake;NOKIA;1417;807;1.812;20260409
DONGHAE;Good Day;1396;-870;0.005;20260409
Aina The End;Luminous;1395;-75;0.01;20260409
Teddy Swims;Bad Dreams;1382;192;3.509;20260409
The Kolors;ROLLING STONES;1377;680;0.009;20260409
Melanie C;Attitude;1368;1368;0.001;20260409
EL CAPITXN;Breaking Through;1342;-58;0.011;20260409
TAEHYUN;Breaking Through;1342;-58;0.011;20260409
Jeremy Zucker;Breaking Through;1342;-58;0.011;20260409
The Beatles;Here Comes the Sun;1340;-343;0.801;20260409
M!LK;Bakuretsu Aishiteru;1315;0;0.076;20260409
Yisa Yu;清清如我(电视剧《逐玉》抒情主题曲);1304;169;0.024;20260409
Higanryu;sanka;1290;-218;0.004;20260409
Eminem;Lose Yourself;1276;316;3.714;20260409
Samurai Jay;OSSESSIONE;1272;317;0.046;20260409
Charlotte Cardin;The Way We Touch;1265;21;0.032;20260409
Josh Groban;As Time Goes By;1265;1265;0.001;20260409
MONAKI;Honmayade Nandeyanen Shirankedo;1265;-76;0.003;20260409
Zara Larsson;Midnight Sun;1264;206;0.134;20260409
Luke Combs;Sleepless in a Hotel Room;1246;-370;0.282;20260409
Boney M.;Rasputin;1243;99;0.473;20260409
M!LK;Sukisugite METSU;1241;48;0.198;20260409
Kenshi Yonezu;IRIS OUT;1229;-74;0.336;20260409
Ravyn Lenae;Love Me Not;1220;878;0.311;20260409
Mr.Children;Again;1217;-73;0.106;20260409
Girl Named Tom;Dust In The Wind;1201;-602;0.022;20260409
Ella Langley;weren't for the wind;1197;178;0.243;20260409
Mrs. GREEN APPLE;lulu.;1193;23;0.147;20260409
Novelbright;Walking with you;1170;1170;0.308;20260409
Ricchi;Sarà perché ti amo;1170;135;1.497;20260409
Poveri;Sarà perché ti amo;1170;135;1.497;20260409
Radiohead;Creep;1161;56;1.836;20260409
Teddy Swims;The Door;1148;-721;3.872;20260409
T.I.;LET 'EM KNOW;1148;-142;0.111;20260409
Disco Lines;No Broke Boys;1138;245;1.239;20260409
Tinashe;No Broke Boys;1138;245;1.239;20260409
Becky G;Shower;1125;-138;0.868;20260409
Aina The End;On The Way;1125;1125;0.34;20260409
Calvin Harris;Blessings;1121;733;0.696;20260409
Clementine Douglas;Blessings;1121;733;0.696;20260409
BTS;they don’t know ’bout us;1108;-155;0.114;20260409
Hozier;Work Song;1103;-1027;0.065;20260409
BTS;Into the Sun;1094;13;0.108;20260409
Eir Aoi;MONSTER;1083;138;0.007;20260409
Prince;Purple Rain;1080;1080;0.673;20260409
The Revolution;Purple Rain;1080;1080;0.673;20260409
Brandon Lake;The Jesus I Know Now;1077;-485;0.015;20260409
Lainey Wilson;The Jesus I Know Now;1077;-485;0.015;20260409
Kate Bush;Running Up That Hill;1069;242;2.673;20260409
Madonna;Live to Tell;1067;-327;0.04;20260409
Eddie Dalton;Leave The Light On;1066;-807;0.01;20260409
Eddie Dalton;Cheap Red Wine;1062;436;0.096;20260409
Penthouse;One Two Three;1062;204;0.002;20260409
Michael Jackson;Beat It;1061;-93;0.38;20260409
Michael Jackson;Billie Jean;1048;62;0.681;20260409
BTS;Please;1046;-370;0.098;20260409
Amy Shark;The Biggest Dick;1041;359;0.035;20260409
sakanaction;Kaiju;1041;20;0.412;20260409
AISHA;Trying Hard Is Hard, So I Try Hard to Try Hard.;1041;1041;0.001;20260409
Arc System Works;Trying Hard Is Hard, So I Try Hard to Try Hard.;1041;1041;0.001;20260409
IngaRose;PIECE BY PIECE;1035;727;0.002;20260409
Hozier;Too Sweet;1026;54;3.033;20260409
IngaRose;Treat me Gently;1026;218;0.005;20260409
LINKIN PARK;The Emptiness Machine;1024;186;1.801;20260409
BTS;One More Night;1023;467;0.093;20260409
Aitana;SUPERESTRELLA;1023;-291;0.184;20260409
SIENNA SPIRO;The Visitor;1021;-42;0.033;20260409
Herbert Grönemeyer;Der Weg;1021;1021;0.057;20260409
Eir Aoi;unrealistic;1021;-20;0.006;20260409
The Cranberries;Zombie;1021;-1368;1.8;20260409
tuki.;zero;1021;-146;0.008;20260409
Alex Warren;Carry You Home;1020;4;1.081;20260409
Metallica;Enter Sandman;1014;509;1.609;20260409
Guns N' Roses;Sweet Child o' Mine;1009;-526;2.367;20260409
AC/DC;Back In Black;1005;586;1.081;20260409
BTS;FYA;1002;-290;0.142;20260409
Anstandslos;Brauch Dich;1002;127;0.005;20260409
Durchgeknallt;Brauch Dich;1002;127;0.005;20260409
稲葉浩志;タッチ;1002;38;0.045;20260409
Gracie Abrams;That’s So True;990;814;1.658;20260409
Sal da Vinci;Per sempre sì;986;-366;0.116;20260409
Jahin Music;Your Phone Linging;986;69;0.302;20260409
Michael Schulte;5am;985;-25;0.042;20260409
Kanye West;FATHER;982;-10;0.017;20260409
Travis Scott;FATHER;982;-10;0.017;20260409
Lady Gaga;Runway;20142;20142;0.02;20260410
Doechii;Runway;20142;20142;0.02;20260410
BTS;SWIM;15747;2021;0.456;20260410
Foo Fighters;Of All People;12812;10912;0.015;20260410
Teddy Swims;Mr. Know It All;12235;12235;0.012;20260410
Anyma;Bad Angel;12021;-755;0.025;20260410
LISA;Bad Angel;12021;-755;0.025;20260410
Evanescence;Who Will You Follow;11131;11131;0.011;20260410
HUNTR/X;Golden;11073;-1735;4.496;20260410
EJAE;Golden;11073;-1735;4.496;20260410
AUDREY NUNA;Golden;11073;-1735;4.496;20260410
REI AMI;Golden;11073;-1735;4.496;20260410
KPop Demon Hunters Cast;Golden;11073;-1735;4.496;20260410
RAYE;WHERE IS MY HUSBAND;10624;-1650;2.207;20260410
Alex Warren;Ordinary;9810;-429;5.282;20260410
Bruno Mars;I Just Might;9183;-1382;1.282;20260410
Melanie C;Attitude;8728;7360;0.01;20260410
BTS;SWIM with Jung Kook;8487;-182;0.12;20260410
BTS;SWIM with Jin;8240;-694;0.118;20260410
The Second Voice;LET ME BE;8074;-527;0.296;20260410
BTS;SWIM with V;7995;806;0.108;20260410
Ella Langley;Choosin' Texas;7923;-286;0.828;20260410
BTS;SWIM with SUGA;7842;-469;0.113;20260410
BTS;SWIM with Jimin;7794;-320;0.104;20260410
Alex Warren;FEVER DREAM;7617;-1752;0.401;20260410
Taylor Swift;The Fate of Ophelia;7591;-2584;3.007;20260410
IngaRose;Celebrate Me;7534;-759;0.051;20260410
Evanescence;Afterlife;7362;7362;0.052;20260410
Ragal Ironbull;VALHALLA CALLING;7213;-1458;0.044;20260410
Olivia Dean;So Easy;6986;-1166;1.193;20260410
BTS;SWIM with j-hope;6981;1541;0.095;20260410
Tame Impala;Dracula;6949;-1915;0.191;20260410
JENNIE;Dracula;6949;-1915;0.191;20260410
BTS;SWIM with RM;6895;1190;0.096;20260410
Cameron Whitcomb;Kingdom of Fear;6755;1331;0.038;20260410
Olivia Dean;Man I Need;6706;-1671;2.099;20260410
Eddie Dalton;Another Day Old;6443;-1456;0.189;20260410
Bruno Mars;Risk It All;6277;-874;0.34;20260410
Bebe Rexha;New Religion;5683;-1529;0.28;20260410
Faithless;New Religion;5683;-1529;0.28;20260410
Taylor Swift;Opalite;5372;-2190;1.589;20260410
Harry Styles;Sign of the Times;5241;333;4.697;20260410
KATSEYE;PINKY UP;5146;5146;0.005;20260410
Zara Larsson;Lush Life;4779;-800;2.571;20260410
Tame Impala;Dracula;4541;-771;0.206;20260410
BTS;2.0;4429;-579;0.172;20260410
Bad Bunny;DtMF;4234;841;1.007;20260410
Eddie Dalton;Somewhere Along The Way;4134;692;0.029;20260410
Anitta;Choka Choka;4129;4129;0.004;20260410
Shakira;Choka Choka;4129;4129;0.004;20260410
Ella Langley;Be Her;4040;-731;0.199;20260410
The Goo Goo Dolls;Iris;3964;-1205;1.859;20260410
BTS;Hooligan;3834;559;0.148;20260410
Djo;End of Beginning;3772;-2443;1.712;20260410
Kygo;That's When You Know;3700;3700;0.004;20260410
Carter Faith;That's When You Know;3700;3700;0.004;20260410
BTS;Body to Body;3519;-236;0.238;20260410
Lady Gaga;Die With A Smile;3465;-519;7.303;20260410
Bruno Mars;Die With A Smile;3465;-519;7.303;20260410
mikeeysmind;Papaoutai;3325;-990;0.758;20260410
Chill77;Papaoutai;3325;-990;0.758;20260410
Unjaps;Papaoutai;3325;-990;0.758;20260410
Sam Fender;Rein Me In;3213;-322;0.444;20260410
Olivia Dean;Rein Me In;3213;-322;0.444;20260410
The xx;Intro;3201;-1054;0.868;20260410
Ella Langley;Loving Life Again;3185;-606;0.062;20260410
Disney;Zoo;3146;-981;0.415;20260410
Shakira;Zoo;3146;-981;0.415;20260410
Social Distortion;Partners in Crime;3114;-2241;0.008;20260410
Paul Keen;Eternity;3005;3005;0.003;20260410
Aquagen;Eternity;3005;3005;0.003;20260410
IngaRose;Love Me When It’s Hard;2966;-680;0.024;20260410
SIENNA SPIRO;Die On This Hill;2957;-1109;0.555;20260410
Ella Langley;Dandelion;2953;-397;0.137;20260410
Talia Mar;Lady;2825;2405;0.003;20260410
RAF Camora;ZEITPUNKT;2817;2817;0.003;20260410
Kontra K;ZEITPUNKT;2817;2817;0.003;20260410
The Strokes;Going Shopping;2756;-11;0.007;20260410
XXXTENTACION;Moonlight;2601;677;0.673;20260410
Shaboozey;A Bar Song;2591;80;4.719;20260410
Ella Langley;Bottom Of Your Boots;2565;2565;0.003;20260410
Inpatient;Down The Road;2553;-1148;0.006;20260410
Ren;Down The Road;2553;-1148;0.006;20260410
Chris Webby;Down The Road;2553;-1148;0.006;20260410
Josh Groban;As Time Goes By;2536;1271;0.004;20260410
Miley Cyrus;Younger You;2533;-763;0.106;20260410
Eddie Dalton;Running To You;2529;-504;0.145;20260410
Dave;Raindance;2480;688;0.299;20260410
Tems;Raindance;2480;688;0.299;20260410
Shakira;Zoo;2443;-529;0.561;20260410
Benson Boone;Beautiful Things;2443;590;7.126;20260410
BTS;Like Animals;2389;202;0.177;20260410
Zara Larsson;Midnight Sun;2368;1104;0.136;20260410
Zhang Zi Ning;一念(电视剧《逐玉》插曲);2360;65;0.034;20260410
Rex;一念(电视剧《逐玉》插曲);2360;65;0.034;20260410
Gordo;Loco Loco;2311;-420;0.102;20260410
Reinier Zonneveld;Loco Loco;2311;-420;0.102;20260410
sombr;Homewrecker;2300;-978;0.239;20260410
ANOTR;Talk To You;2285;-403;0.067;20260410
Tream;K2;2279;2279;0.002;20260410
Blümchen;K2;2279;2279;0.002;20260410
Harry Styles;American Girls;2264;-1740;0.203;20260410
The Bausa;Magnetic;2168;1640;0.029;20260410
Myles Smith;My Mess;2083;2083;0.002;20260410
Ac/Dc;Thunderstruck;2076;-928;4.016;20260410
Draugr Balled;North wind calls;2074;-963;0.012;20260410
Lady Gaga;Always Remember Us This Way;2052;-244;9.419;20260410
Bad Bunny;NUEVAYoL;2035;-749;0.793;20260410
Eddie Dalton;Stay a Little Longer;2028;-1139;0.066;20260410
Harry Styles;Aperture;2012;-30;0.554;20260410
Chappell Roan;Pink Pony Club;2011;-870;2.655;20260410
BTS;NORMAL;1975;-242;0.187;20260410
ROSALÍA;La Perla;1973;-979;0.332;20260410
Yahritza Y Su Esencia;La Perla;1973;-979;0.332;20260410
Teddy Swims;Lose Control;1969;227;7.302;20260410
Pietro Lombardi;Hypnotisiert;1922;1922;0.002;20260410
K-Fly;Hypnotisiert;1922;1922;0.002;20260410
sombr;12 to 12;1886;-2559;1.025;20260410
Billie Eilish;BIRDS OF A FEATHER;1867;-120;5.802;20260410
JJ Lin;Careful with Fate;1844;-228;0.054;20260410
King Gnu;AIZO;1792;142;0.17;20260410
Milky;Just the Way You Are;1778;-447;0.051;20260410
The Killers;Mr. Brightside;1770;250;1.648;20260410
MISIA;Last dance anatato;1764;1764;0.002;20260410
AFROJACK;Awake Tonight;1738;1738;0.002;20260410
Sia;Awake Tonight;1738;1738;0.002;20260410
David Guetta;Awake Tonight;1738;1738;0.002;20260410
Bleu Soleil;Soleil Bleu;1732;-1022;0.598;20260410
LUIZA;Soleil Bleu;1732;-1022;0.598;20260410
Eddie Dalton;Dreaming Of You;1730;-1264;0.02;20260410
The Amity Affliction;Heaven Sent;1728;1728;0.002;20260410
Luke Combs;Days Like These;1712;62;0.264;20260410
BTS;Into the Sun;1704;610;0.109;20260410
Luke Combs;Be By You;1700;-300;0.175;20260410
starly;Kavkaz;1662;-622;0.043;20260410
Mason Crow;I Got You;1615;-102;0.013;20260410
HWASA;So Cute;1613;-311;0.004;20260410
Katy Perry;Legendary Lovers;1611;654;0.022;20260410
Billy Ray Cyrus;On Our Way Along;1600;0;0.005;20260410
Noah Cyrus;On Our Way Along;1600;0;0.005;20260410
OFFICIAL HIGE DANDISM;Elderflower;1586;-28;0.019;20260410
B'z;Heaven Knows;1568;-78;0.005;20260410
ROSÉ;APT.;1559;-218;6.337;20260410
Bruno Mars;APT.;1559;-218;6.337;20260410
Ella Langley;you look like you love me;1551;-886;1.119;20260410
Riley Green;you look like you love me;1551;-886;1.119;20260410
Noah Kahan;The Great Divide;1541;780;0.142;20260410
disiz;melodrama;1541;945;0.194;20260410
Theodora;melodrama;1541;945;0.194;20260410
Ryokuoushoku Shakai;Shirushi;1538;1538;0.002;20260410
Izla P.;Nicht geglaubt;1508;1508;0.002;20260410
Tatsuya Kitani;HIDANE;1508;-30;0.007;20260410
Kehlani;Back and Forth;1495;1495;0.001;20260410
Boney M.;Rasputin;1492;249;0.475;20260410
Keisuke Kuwata;HITOTARASHI;1479;0;0.011;20260410
Mart Hoogkamer;Gappie Sappie;1457;1457;0.001;20260410
Billy Dans;Gappie Sappie;1457;1457;0.001;20260410
Kis-My-Ft2;HEARTLOUD;1450;-118;0.008;20260410
Eminem;Lose Yourself;1445;169;3.716;20260410
Christina Perri;A Thousand Years;1443;-390;8.232;20260410
Teddy Swims;The Door;1440;292;3.874;20260410
RAYE;Click Clack Symphony.;1440;-1169;0.125;20260410
HUGEL;Jamaican;1439;-911;0.254;20260410
SOLTO (FR);Jamaican;1439;-911;0.254;20260410
Tom Odell;Another Love;1424;-21;2.68;20260410
Independentmusicart;Black Sheep;1420;-154;0.12;20260410
OneRepublic;Need Your Love;1413;-623;0.034;20260410
Metallica;Enter Sandman;1412;398;1.61;20260410
Dermot Kennedy;Funeral;1405;-579;0.137;20260410
Alli Neumann;Ein Herz kann man nicht reparieren;1394;1394;0.001;20260410
Sal da Vinci;Per sempre sì;1389;403;0.117;20260410
ARASHI;Five;1369;-187;0.074;20260410
M!LK;Bakuretsu Aishiteru;1368;53;0.078;20260410
KISS OF LIFE;Who is she;1360;-321;0.011;20260410
Rick Astley;Raindrops;1348;1348;0.001;20260410
tuki.;zero;1346;325;0.009;20260410
Disturbed;The Sound of Silence;1344;-260;10.257;20260410
HANA;Bad Girl;1341;-109;0.024;20260410
Kato;Turn the Lights Off;1334;-1452;0.343;20260410
Jon;Turn the Lights Off;1334;-1452;0.343;20260410
DJ Ötzi;Verdammt;1325;1325;0.001;20260410
Bad Bunny;BAILE INoLVIDABLE;1321;-109;0.462;20260410
TOCHTER;Nichts geht verloren;1315;1315;0.001;20260410
M!LK;Sukisugite METSU;1315;74;0.199;20260410
Sia;Unstoppable;1314;-1461;7.532;20260410
Blank;Island Morning;1290;1290;0.001;20260410
Jones;Island Morning;1290;1290;0.001;20260410
EL NAOYA;Jinsei;1290;1290;0.001;20260410
Aina The End;Luminous;1265;-130;0.012;20260410
Kenshi Yonezu;IRIS OUT;1261;32;0.338;20260410
HWASA;Good Goodbye;1258;439;0.355;20260410
Aitana;SUPERESTRELLA;1253;230;0.185;20260410
Hilary Duff;Come Clean;1252;1252;0.007;20260410
Mr.Children;Again;1241;24;0.108;20260410
Blake Shelton;Let Him In Anyway;1231;1231;0.015;20260410
Dexter and The Moonrocks;Freakin’ Out;1226;-368;0.011;20260410
GIUSEPPE ROCCASALVO;PENSIERO STUPENDO;1222;-2109;0.033;20260410
Michael Schulte;5am;1209;224;0.043;20260410
Ruby Black;Todavía Respiro;1203;447;0.018;20260410
Lola Young;Messy;1196;-1145;4.055;20260410
Creepy Nuts;Fright;1193;1193;0.001;20260410
Dogstar;Joy;1170;759;0.002;20260410
Sportfreunde Stiller;Keine Blumen ohne Regen;1155;1155;0.001;20260410
Penthouse;One Two Three;1148;86;0.003;20260410
Ulaa(尤拉);Fading Light;1138;173;0.004;20260410
Luke Combs;Sleepless in a Hotel Room;1137;-109;0.283;20260410
Frenzy;Scheißegal;1125;1125;0.001;20260410
Isi Glück;Scheißegal;1125;1125;0.001;20260410
Mrs. GREEN APPLE;lulu.;1125;-68;0.148;20260410
The Cranberries;Dreams;1124;-473;0.877;20260410
EL CAPITXN;Breaking Through;1118;-224;0.012;20260410
TAEHYUN;Breaking Through;1118;-224;0.012;20260410
Jeremy Zucker;Breaking Through;1118;-224;0.012;20260410
Drake;NOKIA;1113;-304;1.814;20260410
The Chainsmokers;Echo;1109;1109;0.001;20260410
Oaks;Echo;1109;1109;0.001;20260410
Angèle;What You Want;1104;434;0.052;20260410
Justice;What You Want;1104;434;0.052;20260410
Fulminacci;Stupida sfortuna;1100;430;0.037;20260410
BTS;Please;1098;52;0.099;20260410
The Cranberries;Zombie;1093;72;1.802;20260410
BTS;they don’t know ’bout us;1078;-30;0.115;20260410
Journey;Don't Stop Believin';1066;-957;3.616;20260410
Florian Künstler;Fremd auf der Party;1062;1062;0.001;20260410
SOPHIA;Fremd auf der Party;1062;1062;0.001;20260410
MONAKI;Honmayade Nandeyanen Shirankedo;1062;-203;0.004;20260410
Disco Lines;No Broke Boys;1021;-117;1.24;20260410
Tinashe;No Broke Boys;1021;-117;1.24;20260410
Polkadot Stingray;SAKASAMA;1021;179;0.002;20260410
AVALAN ROKSTON;In My Arms;1010;1010;0.001;20260410
Avalan;In My Arms;1010;1010;0.001;20260410
Rokston;In My Arms;1010;1010;0.001;20260410
Eir Aoi;unrealistic;1002;-19;0.007;20260410
BTS;Dynamite;993;155;3.653;20260410
BTS;FYA;987;-15;0.143;20260410
sakanaction;Kaiju;983;-58;0.413;20260410
Tender May;Silver Night;977;337;0.002;20260410
Young the Giant;Already There;973;973;0.001;20260410
Sean Paul featuring Keyshia Cole;(When You Gonna) Give It Up to Me;964;23;0.029;20260410
T.I.;LET 'EM KNOW;964;-184;0.112;20260410
BURNOUT SYNDROMES;ROCKET;964;964;0.001;20260410
Atreyu;Children of Light;954;954;0.001;20260410
Soulfly;Children of Light;954;954;0.001;20260410
Aina The End - 革命道中;On The Way;945;945;0.001;20260410
Sonny Fodera;Think About Us;927;-637;0.273;20260410
D.O.D;Think About Us;927;-637;0.273;20260410
Poppy Baskcomb;Think About Us;927;-637;0.273;20260410
Novelbright;Walking with you;927;-243;0.309;20260410
Lady Gaga;Runway;19413;-729;0.04;20260411
Doechii;Runway;19413;-729;0.04;20260411
BTS;SWIM;13680;-2067;0.469;20260411
Teddy Swims;Mr. Know It All;12206;-29;0.024;20260411
HUNTR/X;Golden;12175;1102;4.508;20260411
EJAE;Golden;12175;1102;4.508;20260411
AUDREY NUNA;Golden;12175;1102;4.508;20260411
REI AMI;Golden;12175;1102;4.508;20260411
KPop Demon Hunters Cast;Golden;12175;1102;4.508;20260411
RAYE;WHERE IS MY HUSBAND;11879;1255;2.218;20260411
Evanescence;Who Will You Follow;11609;478;0.023;20260411
Alex Warren;Ordinary;10455;645;5.293;20260411
Bruno Mars;I Just Might;10184;1001;1.292;20260411
IngaRose;Celebrate Me;9737;2203;0.061;20260411
The Second Voice;LET ME BE;9669;1595;0.306;20260411
Taylor Swift;The Fate of Ophelia;9156;1565;3.016;20260411
Anyma;Bad Angel;8533;-3488;0.033;20260411
LISA;Bad Angel;8533;-3488;0.033;20260411
Evanescence;Afterlife;8530;1168;0.06;20260411
Tame Impala;Dracula;8473;1524;0.2;20260411
JENNIE;Dracula;8473;1524;0.2;20260411
Alex Warren;FEVER DREAM;7848;231;0.409;20260411
Bebe Rexha;New Religion;7752;2069;0.288;20260411
Faithless;New Religion;7752;2069;0.288;20260411
Olivia Dean;So Easy;7639;653;1.2;20260411
Ragal Ironbull;VALHALLA CALLING;7295;82;0.052;20260411
Olivia Dean;Man I Need;7085;379;2.106;20260411
Foo Fighters;Of All People;6814;-5998;0.022;20260411
Ella Langley;Choosin' Texas;6558;-1365;0.835;20260411
Taylor Swift;Opalite;6525;1153;1.595;20260411
Cameron Whitcomb;Kingdom of Fear;6246;-509;0.045;20260411
Eddie Dalton;Another Day Old;6031;-412;0.196;20260411
Bruno Mars;Risk It All;5809;-468;0.346;20260411
Djo;End of Beginning;5779;2007;1.718;20260411
Harry Styles;Sign of the Times;5547;306;4.703;20260411
Tame Impala;Dracula;5333;792;0.211;20260411
KATSEYE;PINKY UP;5095;-51;0.01;20260411
Kygo;That's When You Know;4629;929;0.008;20260411
Carter Faith;That's When You Know;4629;929;0.008;20260411
Eddie Dalton;Somewhere Along The Way;4587;453;0.033;20260411
Lady Gaga;Die With A Smile;4482;1017;7.308;20260411
Bruno Mars;Die With A Smile;4482;1017;7.308;20260411
Bad Bunny;DtMF;4417;183;1.012;20260411
Zara Larsson;Lush Life;4395;-384;2.576;20260411
The xx;Intro;4232;1031;0.872;20260411
Chris Brown;Obvious;4042;3336;0.005;20260411
BTS;2.0;4036;-393;0.176;20260411
The Goo Goo Dolls;Iris;4030;66;1.863;20260411
mikeeysmind;Papaoutai;4026;701;0.762;20260411
Chill77;Papaoutai;4026;701;0.762;20260411
Unjaps;Papaoutai;4026;701;0.762;20260411
BTS;SWIM with Jin;3870;-4370;0.122;20260411
Disney;Zoo;3832;686;0.418;20260411
Shakira;Zoo;3832;686;0.418;20260411
Melanie C;Attitude;3803;-4925;0.014;20260411
Sam Fender;Rein Me In;3632;419;0.447;20260411
Olivia Dean;Rein Me In;3632;419;0.447;20260411
BTS;SWIM with SUGA;3558;-4284;0.117;20260411
ANOTR;Talk To You;3546;1261;0.071;20260411
Ella Langley;Be Her;3514;-526;0.203;20260411
BTS;SWIM with Jimin;3444;-4350;0.107;20260411
BTS;SWIM with Jung Kook;3438;-5049;0.124;20260411
Anitta;Choka Choka;3426;-703;0.008;20260411
Shakira;Choka Choka;3426;-703;0.008;20260411
BTS;SWIM with V;3378;-4617;0.112;20260411
Paul Keen;Eternity;3364;359;0.006;20260411
Aquagen;Eternity;3364;359;0.006;20260411
BTS;SWIM with RM;3359;-3536;0.1;20260411
Harry Styles;American Girls;3312;1048;0.206;20260411
Shakira;Zoo;3268;825;0.564;20260411
HUGEL;Jamaican;3267;1828;0.257;20260411
SOLTO (FR);Jamaican;3267;1828;0.257;20260411
sombr;Homewrecker;3170;870;0.243;20260411
IngaRose;Love Me When It’s Hard;3031;65;0.027;20260411
BTS;SWIM with j-hope;2997;-3984;0.098;20260411
Ella Langley;Bottom Of Your Boots;2986;421;0.006;20260411
Benson Boone;Beautiful Things;2960;517;7.129;20260411
Teddy Swims;Lose Control;2925;956;7.305;20260411
AFROJACK;Awake Tonight;2898;1160;0.005;20260411
Sia;Awake Tonight;2898;1160;0.005;20260411
David Guetta;Awake Tonight;2898;1160;0.005;20260411
BTS;Hooligan;2892;-942;0.151;20260411
Gordo;Loco Loco;2880;569;0.105;20260411
Reinier Zonneveld;Loco Loco;2880;569;0.105;20260411
Chappell Roan;Pink Pony Club;2867;856;2.658;20260411
iyah may;Good Citizen;2866;2866;0.005;20260411
Pietro Lombardi;Hypnotisiert;2844;922;0.005;20260411
K-Fly;Hypnotisiert;2844;922;0.005;20260411
sombr;12 to 12;2758;872;1.027;20260411
Shaboozey;A Bar Song;2757;166;4.722;20260411
Billie Eilish;BIRDS OF A FEATHER;2723;856;5.804;20260411
Ac/Dc;Thunderstruck;2712;636;4.019;20260411
XXXTENTACION;Moonlight;2668;67;0.676;20260411
SIENNA SPIRO;Die On This Hill;2604;-353;0.557;20260411
Bad Bunny;NUEVAYoL;2586;551;0.796;20260411
Eddie Dalton;Stay a Little Longer;2504;476;0.069;20260411
Zhang Zi Ning;一念(电视剧《逐玉》插曲);2496;136;0.036;20260411
Rex;一念(电视剧《逐玉》插曲);2496;136;0.036;20260411
Miley Cyrus;Younger You;2486;-47;0.109;20260411
Hilary Duff;Come Clean;2442;1190;0.009;20260411
Hinder;Lips of an Angel;2437;2437;0.094;20260411
Ella Langley;Dandelion;2415;-538;0.139;20260411
BTS;Body to Body;2390;-1129;0.241;20260411
The Bausa;Magnetic;2256;88;0.031;20260411
Ella Langley;you look like you love me;2187;636;1.121;20260411
Riley Green;you look like you love me;2187;636;1.121;20260411
Lady Gaga;Always Remember Us This Way;2150;98;9.422;20260411
Eddie Dalton;Running To You;2112;-417;0.147;20260411
Ricchi;Sarà perché ti amo;2106;1243;1.5;20260411
Poveri;Sarà perché ti amo;2106;1243;1.5;20260411
Aiyana-Lee;Housebroken;2096;1637;0.115;20260411
Talia Mar;Lady;2094;-731;0.005;20260411
Bleu Soleil;Soleil Bleu;2094;362;0.6;20260411
LUIZA;Soleil Bleu;2094;362;0.6;20260411
Kato;Turn the Lights Off;2092;758;0.345;20260411
Jon;Turn the Lights Off;2092;758;0.345;20260411
Christina Perri;A Thousand Years;2090;647;8.234;20260411
RAF Camora;ZEITPUNKT;2079;-738;0.005;20260411
Kontra K;ZEITPUNKT;2079;-738;0.005;20260411
ROSALÍA;La Perla;2077;104;0.334;20260411
Yahritza Y Su Esencia;La Perla;2077;104;0.334;20260411
Ella Langley;Loving Life Again;2016;-1169;0.064;20260411
starly;Kavkaz;2009;347;0.045;20260411
BTS;Like Animals;2000;-389;0.179;20260411
Eminem;Lose Yourself;1980;535;3.718;20260411
JJ Lin;Careful with Fate;1973;129;0.056;20260411
Lola Young;Messy;1940;744;4.057;20260411
MISIA;Last dance anatato;1939;175;0.004;20260411
BTS;Into the Sun;1867;163;0.111;20260411
Pascal Obispo;Il faudrait que pleuve l’amour;1856;993;0.003;20260411
Francis Cabrel;Il faudrait que pleuve l’amour;1856;993;0.003;20260411
Tream;K2;1793;-486;0.004;20260411
Blümchen;K2;1793;-486;0.004;20260411
RAYE;Click Clack Symphony.;1786;346;0.127;20260411
King Gnu;AIZO;1746;-46;0.172;20260411
BTS;NORMAL;1727;-248;0.188;20260411
Katy Perry;Legendary Lovers;1721;110;0.024;20260411
Angélique Kidjo;Malaïka;1710;1710;0.002;20260411
Florent Pagny;Malaïka;1710;1710;0.002;20260411
Disturbed;The Sound of Silence;1708;364;10.259;20260411
Teddy Swims;The Door;1706;266;3.875;20260411
Mason Crow;I Got You;1698;83;0.015;20260411
ROSÉ;APT.;1694;135;6.339;20260411
Bruno Mars;APT.;1694;135;6.339;20260411
Disco Lines;No Broke Boys;1657;636;1.242;20260411
Tinashe;No Broke Boys;1657;636;1.242;20260411
Dermot Kennedy;Funeral;1652;247;0.139;20260411
Journey;Don't Stop Believin';1635;569;3.618;20260411
HAVEN.;I Run;1597;754;0.417;20260411
Kaitlin Aragon;I Run;1597;754;0.417;20260411
B'z;Heaven Knows;1568;0;0.007;20260411
Blake Shelton;Let Him In Anyway;1545;314;0.017;20260411
The Strokes;Going Shopping;1539;-1217;0.009;20260411
Tom Odell;Another Love;1539;115;2.682;20260411
Izla P.;Nicht geglaubt;1538;30;0.003;20260411
Ryokuoushoku Shakai;Shirushi;1538;0;0.003;20260411
Luke Combs;Days Like These;1534;-178;0.266;20260411
Yisa Yu;清清如我(电视剧《逐玉》抒情主题曲);1533;663;0.026;20260411
Sal da Vinci;Per sempre sì;1531;142;0.119;20260411
Boney M.;Rasputin;1530;38;0.476;20260411
Aitana;SUPERESTRELLA;1509;256;0.186;20260411
Kis-My-Ft2;HEARTLOUD;1508;58;0.01;20260411
Independentmusicart;Black Sheep;1505;85;0.121;20260411
TOCHTER;Nichts geht verloren;1502;187;0.003;20260411
tuki.;zero;1498;152;0.011;20260411
U2;Song For Hal;1488;1085;0.012;20260411
Tatsuya Kitani;HIDANE;1479;-29;0.009;20260411
Ella Langley;Broken;1472;569;0.002;20260411
Bella Kay;iloveitiloveitiloveit;1468;626;0.06;20260411
Dave;Raindance;1460;-1020;0.3;20260411
Tems;Raindance;1460;-1020;0.3;20260411
Diamond Zhang;众里寻他千百度(电视剧《逐玉》爱情主题曲);1454;786;0.017;20260411
Bad Bunny;Tití Me Preguntó;1452;829;0.813;20260411
Keisuke Kuwata;HITOTARASHI;1450;-29;0.012;20260411
Michael Jackson;Billie Jean;1450;926;0.683;20260411
Yuzo Koshiro;Subarashiki Shinsekai;1422;1422;0.001;20260411
Draugr Balled;North wind calls;1399;-675;0.014;20260411
OFFICIAL HIGE DANDISM;Elderflower;1395;-191;0.021;20260411
Luke Combs;Be By You;1381;-319;0.177;20260411
Zara Larsson;Midnight Sun;1375;-993;0.137;20260411
Axel Wilder;What You Think of Me;1371;1086;0.002;20260411
Evanescence;Bring Me to Life;1365;494;1.607;20260411
Milky;Just the Way You Are;1364;-414;0.052;20260411
Billy Ray Cyrus;On Our Way Along;1341;-259;0.006;20260411
Noah Cyrus;On Our Way Along;1341;-259;0.006;20260411
M!LK;Bakuretsu Aishiteru;1341;-27;0.079;20260411
T.O.P;Studio54;1336;467;0.006;20260411
Noah Kahan;The Great Divide;1321;-220;0.144;20260411
M!LK;Sukisugite METSU;1315;0;0.201;20260411
The Killers;Mr. Brightside;1314;-456;1.649;20260411
Mart Hoogkamer;Gappie Sappie;1310;-147;0.003;20260411
Billy Dans;Gappie Sappie;1310;-147;0.003;20260411
Myles Smith;My Mess;1308;-775;0.003;20260411
GIUSEPPE ROCCASALVO;PENSIERO STUPENDO;1307;85;0.035;20260411
Sabrina Carpenter;Manchild;1299;1009;0.84;20260411
EL NAOYA;Jinsei;1290;0;0.003;20260411
HWASA;Good Goodbye;1286;28;0.356;20260411
Ed Sheeran;Sapphire;1281;409;2.062;20260411
Metallica;Enter Sandman;1269;-143;1.612;20260411
Die Toten Hosen;Die Show muss weitergehen;1266;621;0.04;20260411
Mr.Children;Again;1265;24;0.109;20260411
Ed Sheeran;Perfect;1251;672;15.676;20260411
Marshmello;Where We Go;1246;359;0.002;20260411
Thomas Rhett;Where We Go;1246;359;0.002;20260411
ARASHI;Five;1241;-128;0.076;20260411
Myles Smith;Drive Safe;1240;973;0.14;20260411
Niall Horan;Drive Safe;1240;973;0.14;20260411
Kenshi Yonezu;IRIS OUT;1223;-38;0.339;20260411
Creepy Nuts;Fright;1217;24;0.002;20260411
Sia;Unstoppable;1214;-100;7.534;20260411
Saja Boys;Soda Pop;1196;714;1.848;20260411
Andrew Choi;Soda Pop;1196;714;1.848;20260411
Neckwav;Soda Pop;1196;714;1.848;20260411
Danny Chung;Soda Pop;1196;714;1.848;20260411
Kevin Woo;Soda Pop;1196;714;1.848;20260411
samUIL Lee;Soda Pop;1196;714;1.848;20260411
KPop Demon Hunters Cast;Soda Pop;1196;714;1.848;20260411
Frenzy;Scheißegal;1193;68;0.002;20260411
Isi Glück;Scheißegal;1193;68;0.002;20260411
Amel Bent;Pourquoi tu restes;1185;1100;0.081;20260411
ROSALÍA;Berghain;1177;886;0.573;20260411
Björk;Berghain;1177;886;0.573;20260411
Yves Tumor;Berghain;1177;886;0.573;20260411
Social Distortion;Partners in Crime;1174;-1940;0.01;20260411
HANA;Bad Girl;1170;-171;0.025;20260411
HWASA;So Cute;1164;-449;0.005;20260411
KISS OF LIFE;Who is she;1163;-197;0.012;20260411
Geek Music;One Piece;1148;1107;0.009;20260411
IngaRose;Not for me;1143;535;0.019;20260411
BTS;Dynamite;1129;136;3.654;20260411
T.I.;LET 'EM KNOW;1125;161;0.113;20260411
Hatsuboshi Gakuen;A Blank White Page and a Watercolor Hero;1125;744;0.002;20260411
Ume Hanami;A Blank White Page and a Watercolor Hero;1125;744;0.002;20260411
DJ Ötzi;Verdammt;1125;-200;0.002;20260411
Radiohead;Creep;1125;515;1.838;20260411
disiz;melodrama;1123;-418;0.195;20260411
Theodora;melodrama;1123;-418;0.195;20260411
Angèle;What You Want;1120;16;0.053;20260411
Justice;What You Want;1120;16;0.053;20260411
Inpatient;Down The Road;1107;-1446;0.007;20260411
Ren;Down The Road;1107;-1446;0.007;20260411
Chris Webby;Down The Road;1107;-1446;0.007;20260411
Miley Cyrus;Flowers;1105;595;7.58;20260411
Mrs. GREEN APPLE;lulu.;1104;-21;0.149;20260411
The Chainsmokers;Echo;1098;-11;0.002;20260411
Oaks;Echo;1098;-11;0.002;20260411
Drake;NOKIA;1097;-16;1.815;20260411
Tears for Fears;Everybody Wants to Rule the World;1092;233;1.018;20260411
ZXKAI;NO BATIDÃO;1085;553;0.126;20260411
slxughter;NO BATIDÃO;1085;553;0.126;20260411
Aina The End;Luminous;1083;-182;0.013;20260411
Hearts2Hearts;RUDE;1074;393;0.07;20260411
David Guetta;Gone Gone Gone;1073;383;0.948;20260411
Teddy Swims;Gone Gone Gone;1073;383;0.948;20260411
Tones And I;Gone Gone Gone;1073;383;0.948;20260411
Sean Paul featuring Keyshia Cole;(When You Gonna) Give It Up to Me;1062;98;0.03;20260411
Christophe Maé;La lune;1059;677;0.059;20260411
Lady Gaga;Runway;17453;-1960;0.057;20260412
Doechii;Runway;17453;-1960;0.057;20260412
HUNTR/X;Golden;14098;1923;4.522;20260412
EJAE;Golden;14098;1923;4.522;20260412
AUDREY NUNA;Golden;14098;1923;4.522;20260412
REI AMI;Golden;14098;1923;4.522;20260412
KPop Demon Hunters Cast;Golden;14098;1923;4.522;20260412
RAYE;WHERE IS MY HUSBAND;12660;781;2.231;20260412
BTS;SWIM;12609;-1071;0.482;20260412
The Second Voice;LET ME BE;10601;932;0.316;20260412
Teddy Swims;Mr. Know It All;10542;-1664;0.035;20260412
Tame Impala;Dracula;10382;1909;0.21;20260412
JENNIE;Dracula;10382;1909;0.21;20260412
Alex Warren;Ordinary;10144;-311;5.303;20260412
IngaRose;Celebrate Me;10035;298;0.071;20260412
Taylor Swift;The Fate of Ophelia;10024;868;3.027;20260412
Evanescence;Who Will You Follow;9946;-1663;0.033;20260412
Bruno Mars;I Just Might;9723;-461;1.302;20260412
Alex Warren;FEVER DREAM;8781;933;0.417;20260412
Bebe Rexha;New Religion;8169;417;0.296;20260412
Faithless;New Religion;8169;417;0.296;20260412
Olivia Dean;So Easy;7714;75;1.208;20260412
Ella Langley;Choosin' Texas;7575;1017;0.842;20260412
Cameron Whitcomb;Kingdom of Fear;7473;1227;0.052;20260412
Taylor Swift;Opalite;7300;775;1.603;20260412
Olivia Dean;Man I Need;7140;55;2.113;20260412
Ragal Ironbull;VALHALLA CALLING;6728;-567;0.058;20260412
Bruno Mars;Risk It All;6722;913;0.353;20260412
Evanescence;Afterlife;6249;-2281;0.067;20260412
The xx;Intro;6072;1840;0.878;20260412
Tame Impala;Dracula;5972;639;0.217;20260412
Eddie Dalton;Another Day Old;5871;-160;0.201;20260412
Anyma;Bad Angel;5804;-2729;0.039;20260412
LISA;Bad Angel;5804;-2729;0.039;20260412
Harry Styles;Sign of the Times;5762;215;4.709;20260412
Zara Larsson;Lush Life;5548;1153;2.581;20260412
KATSEYE;PINKY UP;5433;338;0.016;20260412
Djo;End of Beginning;4874;-905;1.722;20260412
mikeeysmind;Papaoutai;4756;730;0.767;20260412
Chill77;Papaoutai;4756;730;0.767;20260412
Unjaps;Papaoutai;4756;730;0.767;20260412
The Goo Goo Dolls;Iris;4670;640;1.868;20260412
BTS;2.0;4550;514;0.181;20260412
Sam Fender;Rein Me In;4390;758;0.452;20260412
Olivia Dean;Rein Me In;4390;758;0.452;20260412
Harry Styles;American Girls;4339;1027;0.211;20260412
Eddie Dalton;Somewhere Along The Way;4009;-578;0.037;20260412
sombr;Homewrecker;3937;767;0.246;20260412
Benson Boone;Beautiful Things;3926;966;7.133;20260412
HUGEL;Jamaican;3921;654;0.261;20260412
SOLTO (FR);Jamaican;3921;654;0.261;20260412
Lady Gaga;Die With A Smile;3914;-568;7.312;20260412
Bruno Mars;Die With A Smile;3914;-568;7.312;20260412
ANOTR;Talk To You;3836;290;0.075;20260412
BTS;Body to Body;3627;1237;0.244;20260412
Foo Fighters;Of All People;3609;-3205;0.025;20260412
Ella Langley;Be Her;3381;-133;0.206;20260412
Paul Keen;Eternity;3284;-80;0.01;20260412
Aquagen;Eternity;3284;-80;0.01;20260412
Ella Langley;Bottom Of Your Boots;3250;264;0.009;20260412
Disney;Zoo;3197;-635;0.422;20260412
Shakira;Zoo;3197;-635;0.422;20260412
iyah may;Good Citizen;3109;243;0.008;20260412
XXXTENTACION;Moonlight;3107;439;0.679;20260412
sombr;12 to 12;3013;255;1.03;20260412
Gordo;Loco Loco;2966;86;0.108;20260412
Reinier Zonneveld;Loco Loco;2966;86;0.108;20260412
Bad Bunny;DtMF;2840;-1577;1.014;20260412
Teddy Swims;The Door;2829;1123;3.878;20260412
Teddy Swims;Lose Control;2823;-102;7.308;20260412
BTS;Hooligan;2786;-106;0.154;20260412
IngaRose;Love Me When It’s Hard;2748;-283;0.03;20260412
Kygo;That's When You Know;2725;-1904;0.011;20260412
Carter Faith;That's When You Know;2725;-1904;0.011;20260412
Hinder;Lips of an Angel;2722;285;0.096;20260412
RAYE;Click Clack Symphony.;2716;930;0.13;20260412
Miley Cyrus;Younger You;2666;180;0.111;20260412
Ella Langley;Dandelion;2652;237;0.142;20260412
Bad Bunny;NUEVAYoL;2612;26;0.799;20260412
Shaboozey;A Bar Song;2567;-190;4.725;20260412
Ricchi;Sarà perché ti amo;2496;390;1.503;20260412
Poveri;Sarà perché ti amo;2496;390;1.503;20260412
SIENNA SPIRO;Die On This Hill;2478;-126;0.56;20260412
Anitta;Choka Choka;2428;-998;0.01;20260412
Shakira;Choka Choka;2428;-998;0.01;20260412
Chris Brown;Obvious;2409;-1633;0.007;20260412
Myles Smith;Stargazing;2363;1634;2.547;20260412
ROSALÍA;La Perla;2353;276;0.336;20260412
Yahritza Y Su Esencia;La Perla;2353;276;0.336;20260412
Zhang Zi Ning;一念(电视剧《逐玉》插曲);2346;-150;0.039;20260412
Rex;一念(电视剧《逐玉》插曲);2346;-150;0.039;20260412
BTS;Into the Sun;2338;471;0.114;20260412
The Bausa;Magnetic;2324;68;0.034;20260412
GIUSEPPE ROCCASALVO;PENSIERO STUPENDO;2285;978;0.037;20260412
Sabrina Carpenter;House Tour;2284;1380;0.017;20260412
BTS;Like Animals;2279;279;0.181;20260412
Bella Kay;iloveitiloveitiloveit;2275;807;0.062;20260412
Dermot Kennedy;Funeral;2274;622;0.141;20260412
Ac/Dc;Thunderstruck;2273;-439;4.021;20260412
Ella Langley;Loving Life Again;2215;199;0.066;20260412
Draugr Balled;North wind calls;2192;793;0.016;20260412
Eddie Dalton;Running To You;2181;69;0.149;20260412
Sabrina Carpenter;Manchild;2168;869;0.842;20260412
Lady Gaga;Always Remember Us This Way;2159;9;9.424;20260412
Evanescence;Bring Me to Life;2134;769;1.609;20260412
Billie Eilish;BIRDS OF A FEATHER;2133;-590;5.806;20260412
Kato;Turn the Lights Off;2113;21;0.347;20260412
Jon;Turn the Lights Off;2113;21;0.347;20260412
Vaundy;飛ぶ時;2106;2106;0.002;20260412
sombr;back to friends;2049;1409;0.571;20260412
The Killers;Mr. Brightside;2048;734;1.651;20260412
Dave;Raindance;2042;582;0.302;20260412
Tems;Raindance;2042;582;0.302;20260412
Shakira;Zoo;2017;-1251;0.566;20260412
The Cranberries;Dreams;2016;1159;0.88;20260412
BTS;SWIM with Jimin;2003;-1441;0.109;20260412
Lola Young;Messy;2002;62;4.059;20260412
ROSÉ;APT.;1995;301;6.341;20260412
Bruno Mars;APT.;1995;301;6.341;20260412
Bleu Soleil;Soleil Bleu;1989;-105;0.602;20260412
LUIZA;Soleil Bleu;1989;-105;0.602;20260412
Chappell Roan;Pink Pony Club;1976;-891;2.66;20260412
Disturbed;The Sound of Silence;1939;231;10.261;20260412
AFROJACK;Awake Tonight;1928;-970;0.007;20260412
Sia;Awake Tonight;1928;-970;0.007;20260412
David Guetta;Awake Tonight;1928;-970;0.007;20260412
FOURTH;อยู่ด้วยกันนะ;1917;1309;0.003;20260412
BTS;SWIM with V;1909;-1469;0.113;20260412
Pietro Lombardi;Hypnotisiert;1898;-946;0.007;20260412
K-Fly;Hypnotisiert;1898;-946;0.007;20260412
Sia;Unstoppable;1814;600;7.536;20260412
JJ Lin;Careful with Fate;1797;-176;0.058;20260412
Angélique Kidjo;Malaïka;1796;86;0.004;20260412
Florent Pagny;Malaïka;1796;86;0.004;20260412
Ella Langley;you look like you love me;1781;-406;1.123;20260412
Riley Green;you look like you love me;1781;-406;1.123;20260412
Bad Style;Silver Night;1737;1737;0.002;20260412
Tender May;Silver Night;1737;1737;0.002;20260412
Eddie Dalton;Stay a Little Longer;1725;-779;0.07;20260412
Sabrina Carpenter;Espresso;1684;1179;3.081;20260412
Tom Odell;Another Love;1658;119;2.683;20260412
Eminem;Lose Yourself;1644;-336;3.719;20260412
Sean Paul featuring Keyshia Cole;(When You Gonna) Give It Up to Me;1639;577;0.031;20260412
Boney M.;Rasputin;1617;87;0.478;20260412
Luke Combs;Be By You;1616;235;0.178;20260412
Kis-My-Ft2;HEARTLOUD;1612;104;0.011;20260412
starly;Kavkaz;1610;-399;0.047;20260412
MISIA;Last dance anatato;1600;-339;0.005;20260412
The Cranberries;Zombie;1568;554;1.804;20260412
King Gnu;AIZO;1556;-190;0.173;20260412
Luke Combs;Days Like These;1545;11;0.267;20260412
Justin Bieber;Baby;1527;1284;0.819;20260412
Pascal Obispo;Il faudrait que pleuve l’amour;1515;-341;0.004;20260412
Francis Cabrel;Il faudrait que pleuve l’amour;1515;-341;0.004;20260412
B'z;Heaven Knows;1508;-60;0.008;20260412
Hilary Duff;Come Clean;1507;-935;0.011;20260412
Ryokuoushoku Shakai;Shirushi;1479;-59;0.005;20260412
Radiohead;Creep;1477;352;1.839;20260412
桑田佳祐;人誑し / ひとたらし;1474;1474;0.003;20260412
tuki.;zero;1473;-25;0.012;20260412
Maphra;Doomed;1467;953;0.061;20260412
RAF Camora;ZEITPUNKT;1456;-623;0.006;20260412
Kontra K;ZEITPUNKT;1456;-623;0.006;20260412
Aitana;SUPERESTRELLA;1451;-58;0.188;20260412
Justin Bieber;DAISIES;1446;1353;0.81;20260412
BTS;NORMAL;1440;-287;0.19;20260412
Teddy Swims;Bad Dreams;1432;675;3.512;20260412
Tream;K2;1422;-371;0.005;20260412
Blümchen;K2;1422;-371;0.005;20260412
Tatsuya Kitani;HIDANE;1422;-57;0.01;20260412
Vanessa Carlton;A Thousand Miles;1421;954;0.205;20260412
BTS;SWIM with Jin;1419;-2451;0.123;20260412
Billy Ray Cyrus;On Our Way Along;1395;54;0.007;20260412
Noah Cyrus;On Our Way Along;1395;54;0.007;20260412
OFFICIAL HIGE DANDISM;Elderflower;1395;0;0.022;20260412
BTS;SWIM with SUGA;1390;-2168;0.118;20260412
David Guetta;Gone Gone Gone;1346;273;0.949;20260412
Teddy Swims;Gone Gone Gone;1346;273;0.949;20260412
Tones And I;Gone Gone Gone;1346;273;0.949;20260412
M!LK;Bakuretsu Aishiteru;1341;0;0.081;20260412
M!LK;Sukisugite METSU;1315;0;0.202;20260412
Angèle;What You Want;1291;171;0.054;20260412
Justice;What You Want;1291;171;0.054;20260412
ARASHI;Five;1290;49;0.077;20260412
Independentmusicart;Black Sheep;1289;-216;0.123;20260412
Sal da Vinci;Per sempre sì;1273;-258;0.12;20260412
Mart Hoogkamer;Gappie Sappie;1272;-38;0.004;20260412
Billy Dans;Gappie Sappie;1272;-38;0.004;20260412
yama;fly away;1270;1270;0.001;20260412
Blake Shelton;Let Him In Anyway;1270;-275;0.018;20260412
Yuzo Koshiro;Subarashiki Shinsekai;1265;-157;0.003;20260412
BTS;SWIM with RM;1260;-2099;0.101;20260412
Mike Mana;No Fear Of Tomorrow;1257;780;0.002;20260412
T.I.;LET 'EM KNOW;1255;130;0.114;20260412
Ella Langley;Broken;1247;-225;0.004;20260412
Kanye West;Runaway;1243;668;0.124;20260412
Mr.Children;Again;1241;-24;0.11;20260412
Michael Jackson;Billie Jean;1238;-212;0.684;20260412
Kenshi Yonezu;IRIS OUT;1232;9;0.34;20260412
Ulaa(Ulaa);Fading Light;1231;179;0.002;20260412
HAVEN.;I Run;1228;-369;0.419;20260412
Kaitlin Aragon;I Run;1228;-369;0.419;20260412
Journey;Don't Stop Believin';1227;-408;3.619;20260412
The Strokes;Going Shopping;1212;-327;0.01;20260412
Mason Crow;I Got You;1209;-489;0.016;20260412
Diamond Zhang;众里寻他千百度(电视剧《逐玉》爱情主题曲);1198;-256;0.019;20260412
Creepy Nuts;Fright;1193;-24;0.004;20260412
Zara Larsson;Midnight Sun;1191;-184;0.139;20260412
Paul McCartney;Days We Left Behind;1190;446;0.074;20260412
Jahin Music;Your Phone Linging;1188;446;0.305;20260412
Imagine Dragons;Believer;1184;591;8.751;20260412
disiz;melodrama;1182;59;0.196;20260412
Theodora;melodrama;1182;59;0.196;20260412
Saja Boys;Soda Pop;1171;-25;1.849;20260412
Andrew Choi;Soda Pop;1171;-25;1.849;20260412
Neckwav;Soda Pop;1171;-25;1.849;20260412
Danny Chung;Soda Pop;1171;-25;1.849;20260412
Kevin Woo;Soda Pop;1171;-25;1.849;20260412
samUIL Lee;Soda Pop;1171;-25;1.849;20260412
KPop Demon Hunters Cast;Soda Pop;1171;-25;1.849;20260412
Izla P.;Nicht geglaubt;1170;-368;0.004;20260412
Mrs. GREEN APPLE;lulu.;1170;66;0.15;20260412
Milky;Just the Way You Are;1163;-201;0.053;20260412
BTS;Dynamite;1161;32;3.656;20260412
M. Pokora;Quand même;1148;118;0.022;20260412
BTS;FYA;1148;453;0.144;20260412
Becky G;Shower;1143;1016;0.87;20260412
Queen;Under Pressure;1142;828;0.313;20260412
HANA;Bad Girl;1139;-31;0.026;20260412
Myles Smith;My Mess;1125;-183;0.005;20260412
Myles Smith;Nice To Meet You;1104;1062;0.976;20260412
EL NAOYA;Jinsei;1104;-186;0.004;20260412
BTS;SWIM with Jung Kook;1103;-2335;0.125;20260412
Myles Smith;Drive Safe;1094;-146;0.141;20260412
Niall Horan;Drive Safe;1094;-146;0.141;20260412
Michael Schulte;5am;1089;220;0.045;20260412
Katy Perry;Legendary Lovers;1074;-647;0.025;20260412
Amel Bent;Pourquoi tu restes;1074;-111;0.082;20260412
Ed Sheeran;Sapphire;1070;-211;2.063;20260412
Noah Kahan;The Great Divide;1068;-253;0.145;20260412
Herbert Grönemeyer;Der Weg;1062;482;0.059;20260412
Aina The End;Luminous;1062;-21;0.014;20260412
J-Ax;ITALIA STARTER PACK;1051;477;0.038;20260412
Christina Perri;A Thousand Years;1048;-1042;8.235;20260412
sumika;Honto;1041;58;0.059;20260412
KISS OF LIFE;Who is she;1037;-126;0.013;20260412
Melanie C;Attitude;1037;-2766;0.015;20260412
TOCHTER;Nichts geht verloren;1033;-469;0.004;20260412
HUNTR/X;Golden;14296;198;4.536;20260413
EJAE;Golden;14296;198;4.536;20260413
AUDREY NUNA;Golden;14296;198;4.536;20260413
REI AMI;Golden;14296;198;4.536;20260413
KPop Demon Hunters Cast;Golden;14296;198;4.536;20260413
Lady Gaga;Runway;12771;-4682;0.07;20260413
Doechii;Runway;12771;-4682;0.07;20260413
BTS;SWIM;12226;-383;0.494;20260413
RAYE;WHERE IS MY HUSBAND;11997;-663;2.243;20260413
IngaRose;Celebrate Me;11129;1094;0.082;20260413
Taylor Swift;The Fate of Ophelia;10387;363;3.037;20260413
Bruno Mars;I Just Might;10325;602;1.312;20260413
Alex Warren;Ordinary;10072;-72;5.313;20260413
The Second Voice;LET ME BE;9906;-695;0.326;20260413
Alex Warren;FEVER DREAM;9010;229;0.426;20260413
Teddy Swims;Mr. Know It All;8822;-1720;0.044;20260413
Tame Impala;Dracula;8422;-1960;0.218;20260413
JENNIE;Dracula;8422;-1960;0.218;20260413
Ella Langley;Choosin' Texas;7956;381;0.85;20260413
Olivia Dean;Man I Need;7826;686;2.121;20260413
Cameron Whitcomb;Kingdom of Fear;7797;324;0.06;20260413
TOMORROW X TOGETHER;Stick With You;7484;7484;0.007;20260413
Evanescence;Who Will You Follow;7316;-2630;0.04;20260413
Olivia Dean;So Easy;7095;-619;1.215;20260413
Bebe Rexha;New Religion;7010;-1159;0.303;20260413
Faithless;New Religion;7010;-1159;0.303;20260413
Taylor Swift;Opalite;6940;-360;1.61;20260413
Justin Bieber;Beauty and a Beat;6533;5840;2.112;20260413
Justin Bieber;DAISIES;6354;4908;0.816;20260413
Eddie Dalton;Another Day Old;6301;430;0.208;20260413
Ragal Ironbull;VALHALLA CALLING;6271;-457;0.065;20260413
The xx;Intro;6231;159;0.885;20260413
Bruno Mars;Risk It All;6076;-646;0.359;20260413
Djo;End of Beginning;5624;750;1.728;20260413
Zara Larsson;Lush Life;5556;8;2.587;20260413
Tame Impala;Dracula;5546;-426;0.223;20260413
Harry Styles;Sign of the Times;5315;-447;4.714;20260413
mikeeysmind;Papaoutai;5136;380;0.772;20260413
Chill77;Papaoutai;5136;380;0.772;20260413
Unjaps;Papaoutai;5136;380;0.772;20260413
BTS;2.0;5002;452;0.186;20260413
KATSEYE;PINKY UP;4976;-457;0.021;20260413
Anyma;Bad Angel;4828;-976;0.044;20260413
LISA;Bad Angel;4828;-976;0.044;20260413
Justin Bieber;Baby;4777;3250;0.824;20260413
Harry Styles;American Girls;4732;393;0.215;20260413
The Goo Goo Dolls;Iris;4634;-36;1.873;20260413
Lady Gaga;Die With A Smile;4311;397;7.316;20260413
Bruno Mars;Die With A Smile;4311;397;7.316;20260413
Evanescence;Afterlife;4277;-1972;0.071;20260413
Sam Fender;Rein Me In;4006;-384;0.456;20260413
Olivia Dean;Rein Me In;4006;-384;0.456;20260413
BTS;Body to Body;3967;340;0.248;20260413
Eddie Dalton;Somewhere Along The Way;3608;-401;0.041;20260413
The Kid LAROI;Stay;3570;3269;3.543;20260413
Justin Bieber;Stay;3570;3269;3.543;20260413
BTS;Hooligan;3564;778;0.157;20260413
Ella Langley;Be Her;3510;129;0.209;20260413
ANOTR;Talk To You;3458;-378;0.078;20260413
sombr;Homewrecker;3436;-501;0.25;20260413
HUGEL;Jamaican;3424;-497;0.265;20260413
SOLTO (FR);Jamaican;3424;-497;0.265;20260413
SIENNA SPIRO;Die On This Hill;3278;800;0.563;20260413
Benson Boone;Beautiful Things;3217;-709;7.136;20260413
Moby;Heroes;3154;3154;0.038;20260413
Miley Cyrus;Younger You;3089;423;0.115;20260413
Ac/Dc;Thunderstruck;2976;703;4.024;20260413
Disney;Zoo;2936;-261;0.425;20260413
Shakira;Zoo;2936;-261;0.425;20260413
Journey;Don't Stop Believin';2928;1701;3.622;20260413
Ella Langley;Bottom Of Your Boots;2893;-357;0.012;20260413
XXXTENTACION;Moonlight;2870;-237;0.682;20260413
sombr;12 to 12;2846;-167;1.033;20260413
Eddie Dalton;Stay a Little Longer;2817;1092;0.073;20260413
Paul Keen;Eternity;2807;-477;0.012;20260413
Aquagen;Eternity;2807;-477;0.012;20260413
The Killers;Mr. Brightside;2779;731;1.654;20260413
Gordon Lightfoot;If You Could Read My Mind;2672;2336;0.079;20260413
Teddy Swims;Lose Control;2661;-162;7.31;20260413
Maphra;Doomed;2582;1115;0.063;20260413
IngaRose;Love Me When It’s Hard;2548;-200;0.032;20260413
Gordo;Loco Loco;2534;-432;0.11;20260413
Reinier Zonneveld;Loco Loco;2534;-432;0.11;20260413
Billie Eilish;BIRDS OF A FEATHER;2510;377;5.809;20260413
Shakira;Zoo;2503;486;0.569;20260413
Zhang Zi Ning;一念(电视剧《逐玉》插曲);2495;149;0.041;20260413
Rex;一念(电视剧《逐玉》插曲);2495;149;0.041;20260413
Ella Langley;Dandelion;2463;-189;0.144;20260413
Sabrina Carpenter;Espresso;2369;685;3.084;20260413
David Guetta;Gone Gone Gone;2336;990;0.952;20260413
Teddy Swims;Gone Gone Gone;2336;990;0.952;20260413
Tones And I;Gone Gone Gone;2336;990;0.952;20260413
sombr;back to friends;2287;238;0.574;20260413
iyah may;Good Citizen;2274;-835;0.01;20260413
Hinder;Lips of an Angel;2270;-452;0.099;20260413
Chappell Roan;Pink Pony Club;2234;258;2.662;20260413
Bad Bunny;DtMF;2174;-666;1.017;20260413
Herbert Grönemeyer;Der Weg;2145;1083;0.061;20260413
Bella Kay;iloveitiloveitiloveit;2129;-146;0.064;20260413
Bad Bunny;NUEVAYoL;2127;-485;0.801;20260413
ROSÉ;APT.;2096;101;6.343;20260413
Bruno Mars;APT.;2096;101;6.343;20260413
Eddie Dalton;Running To You;2062;-119;0.151;20260413
BTS;Into the Sun;2056;-282;0.116;20260413
Adam Sanders;His to Mine;2052;2052;0.002;20260413
Chris Brown;Obvious;2051;-358;0.009;20260413
Teddy Swims;The Door;2038;-791;3.88;20260413
Anitta;Choka Choka;2018;-410;0.012;20260413
Shakira;Choka Choka;2018;-410;0.012;20260413
BTS;Like Animals;2016;-263;0.183;20260413
Luke Combs;Days Like These;2009;464;0.269;20260413
Shaboozey;A Bar Song;2008;-559;4.727;20260413
Bad Style;Silver Night;1996;259;0.004;20260413
Tender May;Silver Night;1996;259;0.004;20260413
ROSALÍA;La Perla;1983;-370;0.338;20260413
Yahritza Y Su Esencia;La Perla;1983;-370;0.338;20260413
Lola Young;Messy;1965;-37;4.061;20260413
Dave;Raindance;1950;-92;0.304;20260413
Tems;Raindance;1950;-92;0.304;20260413
Sia;Unstoppable;1938;124;7.537;20260413
Eminem;Lose Yourself;1920;276;3.721;20260413
Crowded House;Don't Dream It's Over;1883;1846;0.288;20260413
Justin Bieber;That Should Be Me;1882;1449;0.021;20260413
Mrs. GREEN APPLE;Kaze to machi;1876;1876;0.002;20260413
The Cranberries;Dreams;1853;-163;0.882;20260413
Vaundy;飛ぶ時;1850;-256;0.004;20260413
HAVEN.;I Run;1847;619;0.421;20260413
Kaitlin Aragon;I Run;1847;619;0.421;20260413
The Bausa;Magnetic;1816;-508;0.035;20260413
Ricchi;Sarà perché ti amo;1809;-687;1.505;20260413
Poveri;Sarà perché ti amo;1809;-687;1.505;20260413
Herbert Grönemeyer;Mensch;1802;1158;0.036;20260413
starly;Kavkaz;1792;182;0.049;20260413
Radiohead;Creep;1785;308;1.841;20260413
AFROJACK;Awake Tonight;1772;-156;0.008;20260413
Sia;Awake Tonight;1772;-156;0.008;20260413
David Guetta;Awake Tonight;1772;-156;0.008;20260413
Dexter and The Moonrocks;Freakin’ Out;1762;798;0.014;20260413
Disturbed;The Sound of Silence;1713;-226;10.262;20260413
Ella Langley;Loving Life Again;1693;-522;0.067;20260413
Kygo;That's When You Know;1674;-1051;0.013;20260413
Carter Faith;That's When You Know;1674;-1051;0.013;20260413
Draugr Balled;North wind calls;1655;-537;0.017;20260413
Tream;K2;1650;228;0.007;20260413
Blümchen;K2;1650;228;0.007;20260413
MISIA;Last dance anatato;1639;39;0.007;20260413
Sabrina Carpenter;House Tour;1616;-668;0.018;20260413
OFFICIAL HIGE DANDISM;Stardust;1606;1606;0.002;20260413
Justin Bieber;YUKON;1601;745;0.176;20260413
Australian Idol;All Night Long;1600;617;0.015;20260413
Angélique Kidjo;Malaïka;1591;-205;0.005;20260413
Florent Pagny;Malaïka;1591;-205;0.005;20260413
Lady Gaga;Always Remember Us This Way;1584;-575;9.425;20260413
Vanessa Amorosi;Shine;1568;1568;0.013;20260413
Luke Combs;Be By You;1563;-53;0.18;20260413
Bon Jovi;Livin' On a Prayer;1562;1258;1.14;20260413
KISS OF LIFE;Who is she;1551;514;0.015;20260413
Kato;Turn the Lights Off;1548;-565;0.349;20260413
Jon;Turn the Lights Off;1548;-565;0.349;20260413
Sabrina Carpenter;Manchild;1545;-623;0.844;20260413
Bleu Soleil;Soleil Bleu;1536;-453;0.604;20260413
LUIZA;Soleil Bleu;1536;-453;0.604;20260413
ROSALÍA;Berghain;1528;638;0.575;20260413
Björk;Berghain;1528;638;0.575;20260413
Yves Tumor;Berghain;1528;638;0.575;20260413
Michael Schulte;5am;1519;430;0.047;20260413
JJ Lin;Careful with Fate;1515;-282;0.059;20260413
Christina Perri;A Thousand Years;1513;465;8.237;20260413
Justin Bieber;Sorry;1504;1147;5.949;20260413
Aitana;SUPERESTRELLA;1494;43;0.189;20260413
Vanessa Carlton;A Thousand Miles;1486;65;0.207;20260413
Myles Smith;Stargazing;1483;-880;2.548;20260413
Anthony Callea;The Prayer;1479;1479;0.005;20260413
Mike Mana;No Fear Of Tomorrow;1473;216;0.003;20260413
B'z;Heaven Knows;1450;-58;0.01;20260413
&TEAM;We on Fire;1435;1435;0.001;20260413
Ryokuoushoku Shakai;Shirushi;1422;-57;0.006;20260413
RAYE;Click Clack Symphony.;1422;-1294;0.131;20260413
Sean Paul featuring Keyshia Cole;(When You Gonna) Give It Up to Me;1418;-221;0.033;20260413
Harry Styles;Aperture;1417;391;0.557;20260413
TOMORROW X TOGETHER;Bed of Thorns;1400;1400;0.001;20260413
DxS;Feel Me;1399;1399;0.001;20260413
GIUSEPPE ROCCASALVO;PENSIERO STUPENDO;1399;-886;0.038;20260413
Tatsuya Kitani;HIDANE;1395;-27;0.012;20260413
Dermot Kennedy;Funeral;1394;-880;0.143;20260413
PLAVE;Born Savage;1389;1389;0.001;20260413
Keisuke Kuwata;HITOTARASHI;1368;1368;0.014;20260413
Vanessa Amorosi;Absolutely Everybody;1341;1341;0.027;20260413
OFFICIAL HIGE DANDISM;Elderflower;1341;-54;0.024;20260413
tuki.;zero;1336;-137;0.013;20260413
TOMORROW X TOGETHER;21st Century Romance;1324;1324;0.001;20260413
Jennifer Lopez;Save Me Tonight;1317;1091;0.086;20260413
David Guetta;Save Me Tonight;1317;1091;0.086;20260413
Kis-My-Ft2;HEARTLOUD;1315;-297;0.013;20260413
Sal da Vinci;Per sempre sì;1310;37;0.121;20260413
King Gnu;AIZO;1309;-247;0.175;20260413
Luke Combs;Sleepless in a Hotel Room;1303;305;0.286;20260413
Zara Larsson;Midnight Sun;1299;108;0.14;20260413
T.I.;LET 'EM KNOW;1298;43;0.116;20260413
HWASA;Good Goodbye;1292;341;0.358;20260413
Pascal Obispo;Il faudrait que pleuve l’amour;1269;-246;0.006;20260413
Francis Cabrel;Il faudrait que pleuve l’amour;1269;-246;0.006;20260413
Yuzo Koshiro;Subarashiki Shinsekai;1265;0;0.004;20260413
Little Glee Monster;一輪;1253;256;0.002;20260413
yama;fly away;1246;-24;0.003;20260413
ME:I;Update ME;1242;1242;0.001;20260413
Pete Murray;Better Days;1241;1241;0.017;20260413
M!LK;Sukisugite METSU;1241;-74;0.203;20260413
BTS;NORMAL;1236;-204;0.191;20260413
ZXKAI;NO BATIDÃO;1235;693;0.127;20260413
slxughter;NO BATIDÃO;1235;693;0.127;20260413
Myles Smith;Drive Safe;1222;128;0.142;20260413
Niall Horan;Drive Safe;1222;128;0.142;20260413
Independentmusicart;Black Sheep;1221;-68;0.124;20260413
Digga;PAYG;1218;1218;0.001;20260413
Charlotte Cardin;The Way We Touch;1217;885;0.035;20260413
Giddymethat;Vote of No Confidence Ireland;1216;1032;0.002;20260413
TOMORROW X TOGETHER;So What;1212;1212;0.001;20260413
Fleetwood Mac;Dreams;1209;250;1.504;20260413
Kanye West;Runaway;1207;-36;0.125;20260413
Mason Crow;I Got You;1207;-2;0.017;20260413
RAF Camora;ZEITPUNKT;1201;-255;0.008;20260413
Kontra K;ZEITPUNKT;1201;-255;0.008;20260413
M!LK;Bakuretsu Aishiteru;1193;-148;0.082;20260413
Teddy Swims;Bad Dreams;1183;-249;3.513;20260413
Noah Kahan;The Great Divide;1182;114;0.146;20260413
ARASHI;Five;1179;-111;0.078;20260413
Ulaa(Ulaa);Fading Light;1175;-56;0.003;20260413
Ed Sheeran;Perfect;1145;535;15.678;20260413
Shashwat Sachdev;Jaiye Sajana;1139;237;0.022;20260413
Jasmine Sandlas;Jaiye Sajana;1139;237;0.022;20260413
Satinder Sartaaj;Jaiye Sajana;1139;237;0.022;20260413
Ella Langley;you look like you love me;1135;-646;1.124;20260413
Riley Green;you look like you love me;1135;-646;1.124;20260413
The Beatles;Here Comes the Sun;1107;141;0.804;20260413
BTS;FYA;1105;-43;0.146;20260413
Aina The End;Luminous;1104;42;0.015;20260413
Amel Bent;Pourquoi tu restes;1089;15;0.083;20260413
Mr.Children;Again;1083;-158;0.111;20260413
Creedence Clearwater Revival;Have You Ever Seen the Rain;1075;358;0.866;20260413
Myles Smith;My Mess;1062;-63;0.006;20260413
Mrs. GREEN APPLE;lulu.;1062;-108;0.151;20260413
Survivor;Eye of the Tiger;1060;131;2.431;20260413
Elton John;Cold Heart;1041;325;7.984;20260413
Dua Lipa;Cold Heart;1041;325;7.984;20260413
HUNTR/X;Golden;13420;-876;4.55;20260414
EJAE;Golden;13420;-876;4.55;20260414
AUDREY NUNA;Golden;13420;-876;4.55;20260414
REI AMI;Golden;13420;-876;4.55;20260414
KPop Demon Hunters Cast;Golden;13420;-876;4.55;20260414
IngaRose;Celebrate Me;12835;1706;0.095;20260414
BTS;SWIM;11809;-417;0.506;20260414
RAYE;WHERE IS MY HUSBAND;11667;-330;2.255;20260414
Lady Gaga;Runway;11519;-1252;0.081;20260414
Doechii;Runway;11519;-1252;0.081;20260414
Alex Warren;FEVER DREAM;10330;1320;0.437;20260414
Alex Warren;Ordinary;10297;225;5.323;20260414
Taylor Swift;The Fate of Ophelia;10158;-229;3.047;20260414
Bruno Mars;I Just Might;9729;-596;1.322;20260414
TOMORROW X TOGETHER;Stick With You;8934;1450;0.016;20260414
The Second Voice;LET ME BE;8838;-1068;0.335;20260414
Justin Bieber;Beauty and a Beat;8816;2283;2.121;20260414
Olivia Dean;Man I Need;7824;-2;2.129;20260414
Bebe Rexha;New Religion;7419;409;0.31;20260414
Faithless;New Religion;7419;409;0.31;20260414
Tame Impala;Dracula;7343;-1079;0.226;20260414
JENNIE;Dracula;7343;-1079;0.226;20260414
Ragal Ironbull;VALHALLA CALLING;7185;914;0.072;20260414
Teddy Swims;Mr. Know It All;7117;-1705;0.051;20260414
Ella Langley;Choosin' Texas;6927;-1029;0.857;20260414
Bruno Mars;Risk It All;6862;786;0.366;20260414
Justin Bieber;DAISIES;6784;430;0.823;20260414
Cameron Whitcomb;Kingdom of Fear;6741;-1056;0.067;20260414
Taylor Swift;Opalite;6601;-339;1.616;20260414
Eddie Dalton;Another Day Old;6417;116;0.214;20260414
Olivia Dean;So Easy;6201;-894;1.221;20260414
The xx;Intro;5553;-678;0.89;20260414
Zara Larsson;Lush Life;5546;-10;2.592;20260414
Justin Bieber;Baby;5535;758;0.829;20260414
Harry Styles;Sign of the Times;5393;78;4.719;20260414
Tame Impala;Dracula;5238;-308;0.228;20260414
Tori Amos;Gasoline Girls;5160;4380;0.006;20260414
Djo;End of Beginning;5064;-560;1.733;20260414
Lady Gaga;Die With A Smile;4936;625;7.321;20260414
Bruno Mars;Die With A Smile;4936;625;7.321;20260414
The Kid LAROI;Stay;4734;1164;3.548;20260414
Justin Bieber;Stay;4734;1164;3.548;20260414
Harry Styles;American Girls;4707;-25;0.22;20260414
mikeeysmind;Papaoutai;4505;-631;0.776;20260414
Chill77;Papaoutai;4505;-631;0.776;20260414
Unjaps;Papaoutai;4505;-631;0.776;20260414
KATSEYE;PINKY UP;4451;-525;0.025;20260414
Evanescence;Who Will You Follow;4371;-2945;0.044;20260414
BTS;2.0;4237;-765;0.19;20260414
Eddie Dalton;Somewhere Along The Way;3970;362;0.045;20260414
Ella Langley;Bottom Of Your Boots;3699;806;0.015;20260414
Ella Langley;Be Her;3678;168;0.213;20260414
Journey;Don't Stop Believin';3645;717;3.626;20260414
Disney;Zoo;3555;619;0.428;20260414
Shakira;Zoo;3555;619;0.428;20260414
Miley Cyrus;Younger You;3522;433;0.118;20260414
The Killers;Mr. Brightside;3457;678;1.658;20260414
sombr;12 to 12;3352;506;1.037;20260414
BTS;Body to Body;3300;-667;0.252;20260414
HUGEL;Jamaican;3288;-136;0.268;20260414
SOLTO (FR);Jamaican;3288;-136;0.268;20260414
Sam Fender;Rein Me In;3262;-744;0.459;20260414
Olivia Dean;Rein Me In;3262;-744;0.459;20260414
sombr;Homewrecker;3225;-211;0.253;20260414
IngaRose;Love Me When It’s Hard;3223;675;0.035;20260414
ANOTR;Talk To You;3212;-246;0.081;20260414
SIENNA SPIRO;Die On This Hill;3186;-92;0.566;20260414
Herbert Grönemeyer;Mensch;3132;1330;0.039;20260414
Anyma;Bad Angel;3108;-1720;0.047;20260414
LISA;Bad Angel;3108;-1720;0.047;20260414
The Goo Goo Dolls;Iris;3097;-1537;1.876;20260414
Moby;Heroes;2948;-206;0.041;20260414
Shakira;Zoo;2938;435;0.572;20260414
Adam Sanders;His to Mine;2923;871;0.005;20260414
Evanescence;Afterlife;2858;-1419;0.074;20260414
Maphra;Doomed;2780;198;0.066;20260414
Ricchi;Sarà perché ti amo;2725;916;1.507;20260414
Poveri;Sarà perché ti amo;2725;916;1.507;20260414
Herbert Grönemeyer;Der Weg;2669;524;0.064;20260414
Gordo;Loco Loco;2666;132;0.113;20260414
Reinier Zonneveld;Loco Loco;2666;132;0.113;20260414
Shaboozey;A Bar Song;2649;641;4.729;20260414
Billie Eilish;BIRDS OF A FEATHER;2566;56;5.812;20260414
BTS;Hooligan;2527;-1037;0.16;20260414
Bad Style;Silver Night;2492;496;0.006;20260414
Tender May;Silver Night;2492;496;0.006;20260414
KAROL G;Si Antes Te Hubiera Conocido;2456;1932;1.813;20260414
Zhang Zi Ning;一念(电视剧《逐玉》插曲);2446;-49;0.044;20260414
Rex;一念(电视剧《逐玉》插曲);2446;-49;0.044;20260414
Ac/Dc;Thunderstruck;2446;-530;4.027;20260414
Bad Bunny;DtMF;2438;264;1.019;20260414
Bad Bunny;NUEVAYoL;2402;275;0.803;20260414
Benson Boone;Beautiful Things;2352;-865;7.138;20260414
Jennifer Lopez;Save Me Tonight;2343;1026;0.088;20260414
David Guetta;Save Me Tonight;2343;1026;0.088;20260414
Justin Bieber;YUKON;2326;725;0.178;20260414
Eddie Dalton;Stay a Little Longer;2303;-514;0.076;20260414
BTS;Like Animals;2285;269;0.186;20260414
XXXTENTACION;Moonlight;2267;-603;0.684;20260414
Sia;Unstoppable;2265;327;7.54;20260414
Clannad;Theme from Harry's Game;2225;2225;0.002;20260414
Justin Bieber;That Should Be Me;2215;333;0.023;20260414
Teddy Swims;Lose Control;2208;-453;7.313;20260414
Eddie Dalton;Running To You;2150;88;0.153;20260414
Chappell Roan;Pink Pony Club;2103;-131;2.664;20260414
BTS;NORMAL;2086;850;0.193;20260414
Ella Langley;Dandelion;1992;-471;0.146;20260414
The Cranberries;Zombie;1991;1031;1.807;20260414
Gordon Lightfoot;If You Could Read My Mind;1982;-690;0.081;20260414
Herbert Grönemeyer;Bochum;1979;1359;0.003;20260414
HAVEN.;I Run;1979;132;0.422;20260414
Kaitlin Aragon;I Run;1979;132;0.422;20260414
Herbert Grönemeyer;Flugzeuge im Bauch;1934;926;0.01;20260414
Herbert Grönemeyer;Mein Lebensstrahlen;1912;1777;0.013;20260414
David Guetta;Gone Gone Gone;1899;-437;0.954;20260414
Teddy Swims;Gone Gone Gone;1899;-437;0.954;20260414
Tones And I;Gone Gone Gone;1899;-437;0.954;20260414
sombr;back to friends;1864;-423;0.576;20260414
The Strokes;Going Shopping;1862;837;0.013;20260414
BTS;Into the Sun;1859;-197;0.117;20260414
iyah may;Good Citizen;1804;-470;0.012;20260414
ROSÉ;APT.;1796;-300;6.345;20260414
Bruno Mars;APT.;1796;-300;6.345;20260414
Mike Mana;No Fear Of Tomorrow;1771;298;0.005;20260414
Zara Larsson;Midnight Sun;1715;416;0.142;20260414
PLAVE;Born Savage;1711;322;0.003;20260414
Kato;Turn the Lights Off;1705;157;0.35;20260414
Jon;Turn the Lights Off;1705;157;0.35;20260414
Giddymethat;Vote of No Confidence Ireland;1703;487;0.004;20260414
Myles Smith;Stargazing;1687;204;2.55;20260414
Mrs. GREEN APPLE;Wind and Town;1679;1679;0.002;20260414
IngaRose;Feeling Good Today;1664;1053;0.003;20260414
Herbert Grönemeyer;Halt mich;1662;797;0.021;20260414
Ella Langley;Loving Life Again;1658;-35;0.069;20260414
VAUNDY;fly away;1652;1652;0.002;20260414
Ed Sheeran;Sapphire;1651;980;2.065;20260414
Aitana;SUPERESTRELLA;1618;124;0.191;20260414
Luke Combs;Days Like These;1610;-399;0.271;20260414
Luke Combs;Be By You;1609;46;0.182;20260414
Dave;Raindance;1600;-350;0.306;20260414
Tems;Raindance;1600;-350;0.306;20260414
Australian Idol;All Night Long;1600;0;0.017;20260414
DxS;Feel Me;1598;199;0.003;20260414
Hinder;Lips of an Angel;1581;-689;0.1;20260414
Herbert Grönemeyer;Männer;1570;1156;0.018;20260414
OFFICIAL HIGE DANDISM;Stardust;1568;-38;0.003;20260414
Lisa Gerrard;Now We Are Free;1568;810;0.441;20260414
Gavin Greenaway;Now We Are Free;1568;810;0.441;20260414
The Lyndhurst Orchestra;Now We Are Free;1568;810;0.441;20260414
Bruce Fowler;Now We Are Free;1568;810;0.441;20260414
Yvonne S. Moriarty;Now We Are Free;1568;810;0.441;20260414
Walt Fowler;Now We Are Free;1568;810;0.441;20260414
Ladd McIntosh;Now We Are Free;1568;810;0.441;20260414
Elizabeth Finch;Now We Are Free;1568;810;0.441;20260414
Jack Smalley;Now We Are Free;1568;810;0.441;20260414
Hans Zimmer;Now We Are Free;1568;810;0.441;20260414
The Cranberries;Dreams;1567;-286;0.884;20260414
Teddy Swims;Bad Dreams;1558;375;3.515;20260414
Chris Brown;Obvious;1557;-494;0.011;20260414
Noah Kahan;The Great Divide;1557;375;0.147;20260414
Bleu Soleil;Soleil Bleu;1547;11;0.605;20260414
LUIZA;Soleil Bleu;1547;11;0.605;20260414
Vanessa Amorosi;Shine;1538;-30;0.015;20260414
Disturbed;The Sound of Silence;1538;-175;10.264;20260414
Paul Keen;Eternity;1534;-1273;0.014;20260414
Aquagen;Eternity;1534;-1273;0.014;20260414
Justin Bieber;Sorry;1524;20;5.951;20260414
Amy Shark;The Biggest Dick;1508;772;0.04;20260414
MISIA;Last dance anatato;1508;-131;0.008;20260414
Dermot Kennedy;Funeral;1495;101;0.144;20260414
EVE;Wind's Anthem;1488;1488;0.001;20260414
RAYE;Click Clack Symphony.;1454;32;0.132;20260414
Anthony Callea;The Prayer;1450;-29;0.006;20260414
Sabrina Carpenter;House Tour;1447;-169;0.02;20260414
ROSALÍA;La Perla;1437;-546;0.34;20260414
Yahritza Y Su Esencia;La Perla;1437;-546;0.34;20260414
I Virtuosi Italiani;Experience;1429;1413;0.263;20260414
Daniel Hope;Experience;1429;1413;0.263;20260414
Tatsuya Kitani;HIDANE;1422;27;0.013;20260414
The Bausa;Magnetic;1422;-394;0.037;20260414
starly;Kavkaz;1414;-378;0.05;20260414
Michael Schulte;5am;1408;-111;0.048;20260414
Sal da Vinci;Per sempre sì;1398;88;0.123;20260414
B'z;Heaven Knows;1395;-55;0.011;20260414
Ryokuoushoku Shakai;Shirushi;1368;-54;0.007;20260414
Phil Collins;In the Air Tonight;1363;800;1.268;20260414
Sabrina Carpenter;Espresso;1352;-1017;3.085;20260414
Kazuya Kamenashi;Diamond;1351;1351;0.001;20260414
Keisuke Kuwata;HITOTARASHI;1341;-27;0.015;20260414
OFFICIAL HIGE DANDISM;Elderflower;1315;-26;0.025;20260414
JJ Lin;Careful with Fate;1308;-207;0.06;20260414
Vanessa Amorosi;Absolutely Everybody;1290;-51;0.028;20260414
King Gnu;AIZO;1290;-19;0.176;20260414
AFROJACK;Awake Tonight;1272;-500;0.01;20260414
Sia;Awake Tonight;1272;-500;0.01;20260414
David Guetta;Awake Tonight;1272;-500;0.01;20260414
KATSEYE;Gabriela;1269;808;0.369;20260414
BTS;SWIM with V;1269;704;0.115;20260414
M!LK;Sukisugite METSU;1265;24;0.204;20260414
Sean Paul featuring Keyshia Cole;(When You Gonna) Give It Up to Me;1265;-153;0.034;20260414
ROSALÍA;Berghain;1258;-270;0.576;20260414
Björk;Berghain;1258;-270;0.576;20260414
Yves Tumor;Berghain;1258;-270;0.576;20260414
disiz;melodrama;1254;291;0.198;20260414
Theodora;melodrama;1254;291;0.198;20260414
Herbert Grönemeyer;Stück vom Himmel;1245;1205;0.001;20260414
M!LK;Bakuretsu Aishiteru;1241;48;0.083;20260414
Bella Kay;iloveitiloveitiloveit;1239;-890;0.065;20260414
Kenshi Yonezu;IRIS OUT;1226;1226;0.341;20260414
Little Glee Monster;Ichirin;1217;1217;0.001;20260414
Luke Combs;Sleepless in a Hotel Room;1212;-91;0.287;20260414
Myles Smith;Drive Safe;1212;-10;0.144;20260414
Niall Horan;Drive Safe;1212;-10;0.144;20260414
TOMORROW X TOGETHER;So What;1211;-1;0.002;20260414
Fleetwood Mac;Landslide;1209;898;0.371;20260414
ME:I;Update ME;1193;-49;0.002;20260414
Milky;Just the Way You Are;1193;328;0.055;20260414
Mrs. GREEN APPLE;lulu.;1187;125;0.152;20260414
Dexter and The Moonrocks;Freakin’ Out;1182;-580;0.016;20260414
yama;fly away;1156;-90;0.004;20260414
Mason Crow;I Got You;1156;-51;0.018;20260414
Eminem;Lose Yourself;1155;-765;3.722;20260414
Creepy Nuts;Fright;1148;165;0.006;20260414
Survivor;Eye of the Tiger;1138;78;2.432;20260414
ZAZ;Je veux;1137;1137;2.398;20260414
tuki.;zero;1133;-203;0.015;20260414
Sabrina Carpenter;Manchild;1128;-417;0.845;20260414
T.I.;LET 'EM KNOW;1125;-173;0.117;20260414
アイナ・ジ・エンド - ルミナス;Luminous;1114;1114;0.001;20260414
Draugr Balled;North wind calls;1109;-546;0.019;20260414
Michael Jackson;Billie Jean;1108;350;0.686;20260414
Ulaa(尤拉);漸暗的光;1106;1106;0.001;20260414
Herbert Grönemeyer;Musik nur, wenn sie laut ist;1104;991;0.001;20260414
ARASHI;Five;1083;-96;0.079;20260414
Lola Young;Messy;1077;-888;4.062;20260414
Independentmusicart;Black Sheep;1075;-146;0.125;20260414
Teddy Swims;The Door;1060;-978;3.881;20260414
Kygo;That's When You Know;1059;-615;0.014;20260414
Carter Faith;That's When You Know;1059;-615;0.014;20260414
&TEAM;We on Fire;1050;-385;0.002;20260414
Herbert Grönemeyer;Sekundenglück;1049;753;0.24;20260414
Tom Odell;Another Love;1043;129;2.685;20260414
Ella Langley;you look like you love me;1037;-98;1.125;20260414
Riley Green;you look like you love me;1037;-98;1.125;20260414
Cyndi Lauper;Girls Just Wanna Have Fun;1028;1028;0.072;20260414
Lady Gaga;Always Remember Us This Way;1022;-562;9.426;20260414
EL NAOYA;Jinsei;1021;19;0.006;20260414
IngaRose;Celebrate Me;13594;759;0.109;20260415
HUNTR/X;Golden;13012;-408;4.563;20260415
EJAE;Golden;13012;-408;4.563;20260415
AUDREY NUNA;Golden;13012;-408;4.563;20260415
REI AMI;Golden;13012;-408;4.563;20260415
KPop Demon Hunters Cast;Golden;13012;-408;4.563;20260415
BTS;SWIM;12916;1107;0.519;20260415
Justin Bieber;Beauty and a Beat;12240;3424;2.133;20260415
RAYE;WHERE IS MY HUSBAND;11095;-572;2.266;20260415
Bruno Mars;I Just Might;10007;278;1.332;20260415
Alex Warren;FEVER DREAM;9771;-559;0.446;20260415
Alex Warren;Ordinary;9750;-547;5.333;20260415
Lady Gaga;Runway;8711;-2808;0.09;20260415
Doechii;Runway;8711;-2808;0.09;20260415
The Second Voice;LET ME BE;8709;-129;0.344;20260415
Tame Impala;Dracula;8596;1253;0.234;20260415
JENNIE;Dracula;8596;1253;0.234;20260415
Taylor Swift;The Fate of Ophelia;8364;-1794;3.055;20260415
Olivia Dean;Man I Need;7923;99;2.137;20260415
Eddie Dalton;Another Day Old;7823;1406;0.222;20260415
Olivia Dean;So Easy;7743;1542;1.229;20260415
Ella Langley;Choosin' Texas;7393;466;0.865;20260415
Bebe Rexha;New Religion;7381;-38;0.318;20260415
Faithless;New Religion;7381;-38;0.318;20260415
Justin Bieber;DAISIES;7359;575;0.83;20260415
Teddy Swims;Mr. Know It All;7298;181;0.058;20260415
Ragal Ironbull;VALHALLA CALLING;7104;-81;0.079;20260415
TOMORROW X TOGETHER;Stick With You;7069;-1865;0.023;20260415
Bruno Mars;Risk It All;6962;100;0.372;20260415
Cameron Whitcomb;Kingdom of Fear;6380;-361;0.073;20260415
Taylor Swift;Opalite;6198;-403;1.622;20260415
Harry Styles;Sign of the Times;5700;307;4.725;20260415
mikeeysmind;Papaoutai;5617;1112;0.782;20260415
Chill77;Papaoutai;5617;1112;0.782;20260415
Unjaps;Papaoutai;5617;1112;0.782;20260415
Justin Bieber;Baby;5438;-97;0.835;20260415
The xx;Intro;5403;-150;0.896;20260415
Djo;End of Beginning;4972;-92;1.738;20260415
Eddie Dalton;Somewhere Along The Way;4911;941;0.05;20260415
Zara Larsson;Lush Life;4753;-793;2.597;20260415
Clannad;Theme from Harry's Game;4730;2505;0.007;20260415
Josh Fawaz;Like a Prayer;4678;4334;0.005;20260415
BTS;2.0;4401;164;0.195;20260415
Ella Langley;Be Her;4188;510;0.217;20260415
SIENNA SPIRO;Die On This Hill;4135;949;0.57;20260415
sombr;Homewrecker;4035;810;0.257;20260415
Lady Gaga;Die With A Smile;4027;-909;7.325;20260415
Bruno Mars;Die With A Smile;4027;-909;7.325;20260415
The Kid LAROI;Stay;3863;-871;3.552;20260415
Justin Bieber;Stay;3863;-871;3.552;20260415
The Goo Goo Dolls;Iris;3764;667;1.88;20260415
Ella Langley;Bottom Of Your Boots;3645;-54;0.019;20260415
Maphra;Doomed;3643;863;0.07;20260415
Sam Fender;Rein Me In;3556;294;0.463;20260415
Olivia Dean;Rein Me In;3556;294;0.463;20260415
The Killers;Mr. Brightside;3446;-11;1.661;20260415
Tame Impala;Dracula;3406;-1832;0.231;20260415
Evanescence;Who Will You Follow;3360;-1011;0.048;20260415
BTS;Hooligan;3324;797;0.163;20260415
Disney;Zoo;3282;-273;0.431;20260415
Shakira;Zoo;3282;-273;0.431;20260415
KATSEYE;PINKY UP;3227;-1224;0.028;20260415
Benson Boone;Beautiful Things;3162;810;7.141;20260415
BTS;Body to Body;3158;-142;0.255;20260415
ANOTR;Talk To You;3102;-110;0.084;20260415
IngaRose;Love Me When It’s Hard;3098;-125;0.038;20260415
Eddie Dalton;Stay a Little Longer;3087;784;0.079;20260415
Miley Cyrus;Younger You;3063;-459;0.121;20260415
Harry Styles;American Girls;3058;-1649;0.223;20260415
Herbert Grönemeyer;Der Weg;2899;230;0.067;20260415
sombr;12 to 12;2892;-460;1.04;20260415
Shaboozey;A Bar Song;2815;166;4.732;20260415
HUGEL;Jamaican;2626;-662;0.271;20260415
SOLTO (FR);Jamaican;2626;-662;0.271;20260415
Dermot Kennedy;Funeral;2617;1122;0.147;20260415
Bad Bunny;DtMF;2582;144;1.022;20260415
David Guetta;Gone Gone Gone;2563;664;0.956;20260415
Teddy Swims;Gone Gone Gone;2563;664;0.956;20260415
Tones And I;Gone Gone Gone;2563;664;0.956;20260415
Zhang Zi Ning;一念(电视剧《逐玉》插曲);2538;92;0.046;20260415
Rex;一念(电视剧《逐玉》插曲);2538;92;0.046;20260415
Ac/Dc;Thunderstruck;2527;81;4.029;20260415
Herbert Grönemeyer;Mensch;2509;-623;0.041;20260415
Teddy Swims;Lose Control;2491;283;7.315;20260415
Justin Bieber;That Should Be Me;2487;272;0.025;20260415
Dave;Raindance;2458;858;0.308;20260415
Tems;Raindance;2458;858;0.308;20260415
RAYE;Click Clack Symphony.;2355;901;0.135;20260415
IngaRose;Feeling Good Today;2239;575;0.005;20260415
Bad Bunny;NUEVAYoL;2231;-171;0.805;20260415
Noah Kahan;The Great Divide;2195;638;0.15;20260415
Kazuya Kamenashi;Diamond;2180;829;0.004;20260415
Ella Langley;Dandelion;2162;170;0.148;20260415
Justin Bieber;YUKON;2161;-165;0.18;20260415
Moby;Heroes;2158;-790;0.044;20260415
XXXTENTACION;Moonlight;2125;-142;0.686;20260415
ROSALÍA;La Perla;2119;682;0.342;20260415
Yahritza Y Su Esencia;La Perla;2119;682;0.342;20260415
Anyma;Bad Angel;2102;-1006;0.049;20260415
LISA;Bad Angel;2102;-1006;0.049;20260415
sombr;back to friends;2102;238;0.578;20260415
Eminem;Lose Yourself;2099;944;3.725;20260415
Travis Japan;KAGENIMO-HINATANIMO;2092;2092;0.022;20260415
Myles Smith;Stargazing;2049;362;2.552;20260415
Bad Style;Silver Night;2042;-450;0.008;20260415
Tender May;Silver Night;2042;-450;0.008;20260415
Ava Max;Out Of Your Mind;2014;2014;0.002;20260415
Ella Langley;Loving Life Again;2006;348;0.071;20260415
Phil Collins;In the Air Tonight;1980;617;1.27;20260415
Unheilig;Liebe ist meine Rebellion;1973;1973;0.002;20260415
Evanescence;Afterlife;1953;-905;0.076;20260415
Gordo;Loco Loco;1952;-714;0.115;20260415
Reinier Zonneveld;Loco Loco;1952;-714;0.115;20260415
The Bausa;Magnetic;1951;529;0.039;20260415
Eddie Dalton;Running To You;1949;-201;0.155;20260415
Ella Langley;you look like you love me;1934;897;1.127;20260415
Riley Green;you look like you love me;1934;897;1.127;20260415
FRIDA GOLD;Einfach weil ich's liebe;1930;1930;0.002;20260415
BTS;NORMAL;1927;-159;0.195;20260415
Luke Combs;Days Like These;1915;305;0.273;20260415
Ricchi;Sarà perché ti amo;1914;-811;1.509;20260415
Poveri;Sarà perché ti amo;1914;-811;1.509;20260415
Independentmusicart;Black Sheep;1913;838;0.127;20260415
VAUNDY;fly away;1880;228;0.004;20260415
Luke Combs;Be By You;1829;220;0.183;20260415
Lola Young;Messy;1818;741;4.064;20260415
TVXQ!;Share The World -RED OCEAN Ver.-;1811;1811;0.002;20260415
Adam Sanders;His to Mine;1795;-1128;0.007;20260415
Zara Larsson;Midnight Sun;1747;32;0.143;20260415
HAVEN.;I Run;1745;-234;0.424;20260415
Kaitlin Aragon;I Run;1745;-234;0.424;20260415
starly;Kavkaz;1722;308;0.052;20260415
Billie Eilish;BIRDS OF A FEATHER;1713;-853;5.813;20260415
Chappell Roan;Pink Pony Club;1706;-397;2.666;20260415
Bella Kay;iloveitiloveitiloveit;1682;443;0.067;20260415
Justin Bieber;Favorite Girl;1678;919;0.07;20260415
BTS;Like Animals;1676;-609;0.187;20260415
Tori Amos;Gasoline Girls;1660;-3500;0.008;20260415
Mike Mana;No Fear Of Tomorrow;1658;-113;0.007;20260415
Journey;Don't Stop Believin';1644;-2001;3.627;20260415
The Strokes;Going Shopping;1631;-231;0.015;20260415
Jada Monroe;Slow Ruin;1614;1614;0.002;20260415
BTS;Into the Sun;1609;-250;0.119;20260415
Giddymethat;Vote of No Confidence Ireland;1609;-94;0.005;20260415
Shakira;Zoo;1605;-1333;0.573;20260415
EVE;Wind's Anthem;1602;114;0.003;20260415
Australian Idol;All Night Long;1600;0;0.019;20260415
Mrs. GREEN APPLE;Wind and Town;1600;-79;0.003;20260415
I Virtuosi Italiani;Experience;1589;160;0.265;20260415
Daniel Hope;Experience;1589;160;0.265;20260415
Aitana;SUPERESTRELLA;1568;-50;0.193;20260415
Draugr Balled;North wind calls;1562;453;0.02;20260415
KAROL G;Si Antes Te Hubiera Conocido;1545;-911;1.814;20260415
OFFICIAL HIGE DANDISM;Stardust;1525;-43;0.005;20260415
Bleu Soleil;Soleil Bleu;1519;-28;0.607;20260415
LUIZA;Soleil Bleu;1519;-28;0.607;20260415
Amy Shark;The Biggest Dick;1508;0;0.041;20260415
Miley Cyrus;Flowers;1504;571;7.583;20260415
Ed Sheeran;Sapphire;1503;-148;2.067;20260415
iyah may;Good Citizen;1486;-318;0.014;20260415
MISIA;Last dance anatato;1479;-29;0.01;20260415
GIUSEPPE ROCCASALVO;PENSIERO STUPENDO;1457;591;0.041;20260415
Sabrina Carpenter;Espresso;1452;100;3.086;20260415
Matterz;Ich versuch's ja;1448;1448;0.001;20260415
King Gnu;AIZO;1448;158;0.177;20260415
Herbert Grönemeyer;Flugzeuge im Bauch;1441;-493;0.011;20260415
Paul Keen;Eternity;1422;-112;0.015;20260415
Aquagen;Eternity;1422;-112;0.015;20260415
Gordon Lightfoot;If You Could Read My Mind;1409;-573;0.083;20260415
B'z;Heaven Knows;1395;0;0.012;20260415
Christina Perri;A Thousand Years;1376;452;8.239;20260415
Kato;Turn the Lights Off;1375;-330;0.352;20260415
Jon;Turn the Lights Off;1375;-330;0.352;20260415
Vanessa Amorosi;Shine;1368;-170;0.016;20260415
Herbert Grönemeyer;Halt mich;1362;-300;0.022;20260415
4 Non Blondes;What's Up;1344;375;1.304;20260415
Keisuke Kuwata;HITOTARASHI;1342;1;0.016;20260415
Sia;Unstoppable;1337;-928;7.541;20260415
BTS;FYA;1334;604;0.148;20260415
Lady Gaga;Always Remember Us This Way;1331;309;9.428;20260415
Herbert Grönemeyer;Bochum;1330;-649;0.004;20260415
Tatsuya Kitani;HIDANE;1315;-107;0.014;20260415
BTS;they don’t know ’bout us;1313;743;0.12;20260415
The Cranberries;Zombie;1296;-695;1.808;20260415
JJ Lin;Careful with Fate;1293;-15;0.062;20260415
Ryokuoushoku Shakai;Shirushi;1290;-78;0.009;20260415
PLAVE;Born Savage;1281;-430;0.004;20260415
Arctic Monkeys;Do I Wanna Know;1266;732;1.377;20260415
OFFICIAL HIGE DANDISM;Elderflower;1265;-50;0.026;20260415
Clannad;In a Lifetime;1258;651;0.002;20260415
KATSEYE;Gabriela;1243;-26;0.37;20260415
Maroon 5;Sunday Morning;1243;1243;0.247;20260415
Travis Japan;As We Are;1241;1241;0.001;20260415
Tears for Fears;Everybody Wants to Rule the World;1233;457;1.022;20260415
Kenshi Yonezu;IRIS OUT;1221;-5;0.343;20260415
Vivid BAD SQUAD;Voice of The Beam;1214;1214;0.001;20260415
Eddie Dalton;Dreaming Of You;1213;492;0.024;20260415
Herbert Grönemeyer;Männer;1200;-370;0.019;20260415
Aqua;Barbie Girl;1195;511;0.444;20260415
Travis Japan;On My Road;1193;1193;0.001;20260415
Sean Paul featuring Keyshia Cole;(When You Gonna) Give It Up to Me;1172;-93;0.035;20260415
Anthony Callea;The Prayer;1170;-280;0.008;20260415
M!LK;Sukisugite METSU;1148;-117;0.206;20260415
Tom Odell;Another Love;1147;104;2.686;20260415
Herbert Grönemeyer;Mein Lebensstrahlen;1146;-766;0.014;20260415
Disturbed;The Sound of Silence;1145;-393;10.265;20260415
Tream;Alle wie eins;1138;1138;0.001;20260415
treamiboii;Alle wie eins;1138;1138;0.001;20260415
T.I.;LET 'EM KNOW;1125;0;0.118;20260415
M!LK;Bakuretsu Aishiteru;1125;-116;0.084;20260415
Justin Bieber;Sorry;1124;-400;5.952;20260415
Justin Bieber;Never Say Never;1121;405;0.681;20260415
Sabrina Carpenter;House Tour;1119;-328;0.021;20260415
Paul McCartney;Days We Left Behind;1119;277;0.076;20260415
The Spinners;I'll Be Around;1103;364;0.029;20260415
U2;With or Without You;1098;918;0.983;20260415
Mark Forster;Unter einen Hut;1098;1098;0.001;20260415
Aina The End;Luminous;1097;1097;0.016;20260415
Re:vale;Sokyokusen Mirage;1083;1083;0.001;20260415
Survivor;Eye of the Tiger;1082;-56;2.433;20260415
Pierre de Maere;Je pense à vous;1079;1079;0.001;20260415
嵐;Five;1068;1068;0.001;20260415
Aina The End;On The Way;1056;369;0.343;20260415
Eddie Dalton;Cheap Red Wine;1045;674;0.099;20260415
Zaho;Comme Caroline;1042;457;0.038;20260415
Aditya;Alakh Niranjan;1041;257;0.039;20260415
ROSÉ;APT.;1028;-768;6.346;20260415
Bruno Mars;APT.;1028;-768;6.346;20260415
Don Toliver;Lose My Mind;1026;357;0.398;20260415
Vanessa Amorosi;Absolutely Everybody;1021;-269;0.029;20260415
Mrs. GREEN APPLE;lulu.;1021;-166;0.153;20260415
IngaRose;Celebrate Me;13655;61;0.122;20260416
Justin Bieber;Beauty and a Beat;12545;305;2.145;20260416
HUNTR/X;Golden;12429;-583;4.575;20260416
EJAE;Golden;12429;-583;4.575;20260416
AUDREY NUNA;Golden;12429;-583;4.575;20260416
REI AMI;Golden;12429;-583;4.575;20260416
KPop Demon Hunters Cast;Golden;12429;-583;4.575;20260416
BTS;SWIM;11619;-1297;0.531;20260416
Alex Warren;Ordinary;10043;293;5.343;20260416
Bruno Mars;I Just Might;9980;-27;1.342;20260416
RAYE;WHERE IS MY HUSBAND;9858;-1237;2.276;20260416
Tame Impala;Dracula;9427;831;0.244;20260416
JENNIE;Dracula;9427;831;0.244;20260416
The Second Voice;LET ME BE;8844;135;0.352;20260416
Alex Warren;FEVER DREAM;8695;-1076;0.455;20260416
Massive Attack;Boots on the Ground;8612;8612;0.009;20260416
Tom Waits;Boots on the Ground;8612;8612;0.009;20260416
Taylor Swift;The Fate of Ophelia;8606;242;3.064;20260416
Olivia Dean;Man I Need;8344;421;2.145;20260416
Eddie Dalton;Another Day Old;7549;-274;0.229;20260416
Bebe Rexha;New Religion;7337;-44;0.325;20260416
Faithless;New Religion;7337;-44;0.325;20260416
Ella Langley;Choosin' Texas;7099;-294;0.872;20260416
Ragal Ironbull;VALHALLA CALLING;7031;-73;0.086;20260416
Justin Bieber;DAISIES;6753;-606;0.837;20260416
Olivia Dean;So Easy;6714;-1029;1.236;20260416
Josh Fawaz;Like a Prayer;6667;1989;0.012;20260416
Cameron Whitcomb;Kingdom of Fear;6560;180;0.08;20260416
Teddy Swims;Mr. Know It All;6310;-988;0.065;20260416
Bruno Mars;Risk It All;6233;-729;0.379;20260416
Lady Gaga;Runway;5981;-2730;0.096;20260416
Doechii;Runway;5981;-2730;0.096;20260416
Zara Larsson;Lush Life;5488;735;2.602;20260416
TOMORROW X TOGETHER;Stick With You;5383;-1686;0.029;20260416
Taylor Swift;Opalite;5066;-1132;1.627;20260416
Djo;End of Beginning;5019;47;1.743;20260416
BTS;2.0;4901;500;0.199;20260416
The Goo Goo Dolls;Iris;4741;977;1.884;20260416
Tame Impala;Dracula;4701;1295;0.236;20260416
sombr;Homewrecker;4661;626;0.262;20260416
Harry Styles;Sign of the Times;4657;-1043;4.73;20260416
BTS;Body to Body;4609;1451;0.259;20260416
Eddie Dalton;Somewhere Along The Way;4512;-399;0.054;20260416
Justin Bieber;Baby;4342;-1096;0.839;20260416
The Kid LAROI;Stay;4116;253;3.556;20260416
Justin Bieber;Stay;4116;253;3.556;20260416
Harry Styles;American Girls;3985;927;0.227;20260416
Ella Langley;Be Her;3951;-237;0.221;20260416
Lady Gaga;Die With A Smile;3933;-94;7.329;20260416
Bruno Mars;Die With A Smile;3933;-94;7.329;20260416
mikeeysmind;Papaoutai;3717;-1900;0.786;20260416
Chill77;Papaoutai;3717;-1900;0.786;20260416
Unjaps;Papaoutai;3717;-1900;0.786;20260416
Clannad;Theme from Harry's Game;3682;-1048;0.011;20260416
Sam Fender;Rein Me In;3570;14;0.466;20260416
Olivia Dean;Rein Me In;3570;14;0.466;20260416
Disney;Zoo;3507;225;0.435;20260416
Shakira;Zoo;3507;225;0.435;20260416
The xx;Intro;3435;-1968;0.899;20260416
KATSEYE;PINKY UP;3314;87;0.032;20260416
Ella Langley;Bottom Of Your Boots;3291;-354;0.022;20260416
BTS;Hooligan;3240;-84;0.166;20260416
HUGEL;Jamaican;3109;483;0.274;20260416
SOLTO (FR);Jamaican;3109;483;0.274;20260416
Independentmusicart;Black Sheep;3066;1153;0.13;20260416
sombr;12 to 12;3043;151;1.043;20260416
Miley Cyrus;Younger You;3011;-52;0.124;20260416
Dave;Raindance;3008;550;0.311;20260416
Tems;Raindance;3008;550;0.311;20260416
Evanescence;Who Will You Follow;2979;-381;0.051;20260416
Benson Boone;Beautiful Things;2974;-188;7.144;20260416
SIENNA SPIRO;Die On This Hill;2957;-1178;0.573;20260416
IngaRose;Love Me When It’s Hard;2785;-313;0.041;20260416
Noah Kahan;The Great Divide;2707;512;0.152;20260416
Eddie Dalton;Stay a Little Longer;2632;-455;0.081;20260416
Shaboozey;A Bar Song;2614;-201;4.735;20260416
Herbert Grönemeyer;Mensch;2582;73;0.044;20260416
Mike Mana;No Fear Of Tomorrow;2574;916;0.009;20260416
ANOTR;Talk To You;2564;-538;0.087;20260416
Bad Bunny;DtMF;2547;-35;1.024;20260416
Maphra;Doomed;2480;-1163;0.072;20260416
David Guetta;Gone Gone Gone;2452;-111;0.959;20260416
Teddy Swims;Gone Gone Gone;2452;-111;0.959;20260416
Tones And I;Gone Gone Gone;2452;-111;0.959;20260416
Lola Young;Messy;2425;607;4.066;20260416
Coldplay;Viva la Vida;2408;2003;6.956;20260416
Teddy Swims;Lose Control;2372;-119;7.318;20260416
Herbert Grönemeyer;Der Weg;2334;-565;0.069;20260416
Justin Bieber;That Should Be Me;2334;-153;0.028;20260416
TVXQ!;Share The World -RED OCEAN Ver.-;2251;440;0.004;20260416
The Killers;Mr. Brightside;2247;-1199;1.663;20260416
IngaRose;Feeling Good Today;2218;-21;0.008;20260416
Anyma;Bad Angel;2204;102;0.051;20260416
LISA;Bad Angel;2204;102;0.051;20260416
ROSALÍA;La Perla;2200;81;0.344;20260416
Yahritza Y Su Esencia;La Perla;2200;81;0.344;20260416
Ac/Dc;Thunderstruck;2169;-358;4.031;20260416
Phil Collins;In the Air Tonight;2133;153;1.273;20260416
FRIDA GOLD;Einfach weil ich's liebe;2110;180;0.004;20260416
XXXTENTACION;Moonlight;2100;-25;0.688;20260416
Kazuya Kamenashi;Diamond;2097;-83;0.006;20260416
Dermot Kennedy;Funeral;2085;-532;0.149;20260416
Justin Bieber;Favorite Girl;2052;374;0.072;20260416
Ella Langley;Dandelion;2045;-117;0.15;20260416
starly;Kavkaz;2029;307;0.054;20260416
Bad Bunny;NUEVAYoL;1981;-250;0.807;20260416
Travis Japan;陰ニモ日向ニモ;1969;1969;0.002;20260416
Ava Max;Out Of Your Mind;1955;-59;0.004;20260416
Zhang Zi Ning;一念(电视剧《逐玉》插曲);1948;-590;0.048;20260416
Rex;一念(电视剧《逐玉》插曲);1948;-590;0.048;20260416
Luke Combs;Be By You;1930;101;0.185;20260416
The Cranberries;Zombie;1864;568;1.81;20260416
BTS;they don’t know ’bout us;1834;521;0.122;20260416
Ella Langley;you look like you love me;1810;-124;1.129;20260416
Riley Green;you look like you love me;1810;-124;1.129;20260416
KAROL G;Si Antes Te Hubiera Conocido;1807;262;1.816;20260416
GIUSEPPE ROCCASALVO;PENSIERO STUPENDO;1796;339;0.042;20260416
Electric Callboy;Hypercharged;1791;1791;0.002;20260416
Brawl Stars;Hypercharged;1791;1791;0.002;20260416
OFFICIAL HIGE DANDISM;Stardust;1790;265;0.006;20260416
Justin Bieber;YUKON;1780;-381;0.182;20260416
Gordo;Loco Loco;1751;-201;0.116;20260416
Reinier Zonneveld;Loco Loco;1751;-201;0.116;20260416
Disco Lines;No Broke Boys;1733;1209;1.247;20260416
Tinashe;No Broke Boys;1733;1209;1.247;20260416
Eddie Dalton;Running To You;1730;-219;0.157;20260416
Paul Keen;Eternity;1692;270;0.017;20260416
Aquagen;Eternity;1692;270;0.017;20260416
Giddymethat;Vote of No Confidence Ireland;1688;79;0.007;20260416
King Gnu;AIZO;1685;237;0.179;20260416
Jada Monroe;Slow Ruin;1671;57;0.003;20260416
Ella Langley;Loving Life Again;1670;-336;0.073;20260416
Luke Combs;Days Like These;1662;-253;0.275;20260416
VAUNDY;fly away;1650;-230;0.005;20260416
鈴木このみ;Recollect;1649;1649;0.002;20260416
Ashnikko;Recollect;1649;1649;0.002;20260416
sombr;back to friends;1632;-470;0.579;20260416
Chappell Roan;Pink Pony Club;1630;-76;2.667;20260416
The Bausa;Magnetic;1627;-324;0.04;20260416
Evanescence;Afterlife;1612;-341;0.077;20260416
Bad Style;Silver Night;1601;-441;0.01;20260416
Tender May;Silver Night;1601;-441;0.01;20260416
Australian Idol;All Night Long;1600;0;0.02;20260416
Mrs. GREEN APPLE;Wind and Town;1600;0;0.005;20260416
Lady Gaga;Always Remember Us This Way;1595;264;9.429;20260416
Bella Kay;iloveitiloveitiloveit;1583;-99;0.069;20260416
Journey;Don't Stop Believin';1576;-68;3.629;20260416
Sia;Unstoppable;1572;235;7.543;20260416
ditonellapiaga;Che fastidio;1568;799;0.052;20260416
Pierre de Maere;Je pense à vous;1559;480;0.003;20260416
Eminem;Lose Yourself;1550;-549;3.726;20260416
Clannad;In a Lifetime;1544;286;0.003;20260416
シャキーラ;Zoo;1538;1538;0.006;20260416
Fleetwood Mac;Dreams;1536;963;1.507;20260416
Unheilig;Liebe ist meine Rebellion;1529;-444;0.004;20260416
Teddy Swims;Bad Dreams;1511;562;3.517;20260416
MISIA;ラストダンスあなたと;1500;1500;0.002;20260416
Angèle;What You Want;1497;580;0.058;20260416
Justice;What You Want;1497;580;0.058;20260416
Aitana;SUPERESTRELLA;1497;-71;0.194;20260416
Justin Bieber;Sorry;1491;367;5.954;20260416
Zara Larsson;Midnight Sun;1488;-259;0.145;20260416
George Michael;Careless Whisper;1477;1351;0.685;20260416
Hinatazaka46;Kind of love;1464;795;0.002;20260416
BTS;Into the Sun;1446;-163;0.121;20260416
HAVEN.;I Run;1439;-306;0.426;20260416
Kaitlin Aragon;I Run;1439;-306;0.426;20260416
Sean Paul featuring Keyshia Cole;(When You Gonna) Give It Up to Me;1432;260;0.037;20260416
Adam Sanders;His to Mine;1401;-394;0.008;20260416
Eddie Dalton;Dreaming Of You;1398;185;0.026;20260416
Amy Shark;The Biggest Dick;1395;-113;0.043;20260416
B'z;Heaven Knows;1395;0;0.014;20260416
ROSÉ;APT.;1391;363;6.347;20260416
Bruno Mars;APT.;1391;363;6.347;20260416
JJ Lin;Careful with Fate;1380;87;0.063;20260416
Natasha Bedingfield;Unwritten;1373;994;1.017;20260416
Tom Odell;Another Love;1371;224;2.688;20260416
Tatsuya Kitani;HIDANE;1341;26;0.016;20260416
BTS;Like Animals;1339;-337;0.189;20260416
BTS;FYA;1318;-16;0.149;20260416
Alexia Jayy;Rent Free;1317;991;0.002;20260416
Eric Gales;Rent Free;1317;991;0.002;20260416
EVE;Wind's Anthem;1315;-287;0.004;20260416
Disturbed;The Sound of Silence;1301;156;10.266;20260416
Draugr Balled;North wind calls;1289;-273;0.021;20260416
RAYE;Click Clack Symphony.;1266;-1089;0.136;20260416
Zenaya;J'en Ai Rien À Foutre;1265;519;0.01;20260416
OFFICIAL HIGE DANDISM;Elderflower;1265;0;0.027;20260416
Bleu Soleil;Soleil Bleu;1253;-266;0.608;20260416
LUIZA;Soleil Bleu;1253;-266;0.608;20260416
Desireless;Voyage voyage;1248;744;0.154;20260416
Anthony Callea;The Prayer;1241;71;0.009;20260416
Ryokuoushoku Shakai;Shirushi;1241;-49;0.01;20260416
Myles Smith;Stargazing;1235;-814;2.553;20260416
Kato;Turn the Lights Off;1202;-173;0.353;20260416
Jon;Turn the Lights Off;1202;-173;0.353;20260416
Keisuke Kuwata;HITOTARASHI;1193;-149;0.017;20260416
Sheena Taylor;I Denounce You Satan;1190;723;0.002;20260416
Tiësto;The Business;1187;456;3.809;20260416
Aina The End;Luminous;1179;82;0.017;20260416
Whee In;The Symphony of Fxxkboys;1179;1179;0.001;20260416
ABBA;Dancing Queen;1175;1024;1.088;20260416
Flemming;Niet Nodig;1172;620;0.083;20260416
Metejoor;Niet Nodig;1172;620;0.083;20260416
Sal da Vinci;Per sempre sì;1171;285;0.125;20260416
Michael Jackson;Billie Jean;1166;398;0.688;20260416
PinkPantheress;Stateside;1161;291;0.167;20260416
BTS;NORMAL;1159;-768;0.196;20260416
Moby;Heroes;1148;-1010;0.045;20260416
M!LK;Bakuretsu Aishiteru;1148;23;0.085;20260416
disiz;melodrama;1140;220;0.2;20260416
Theodora;melodrama;1140;220;0.2;20260416
KANGIN;LOVE IS PAIN;1127;271;0.002;20260416
BTS;SWIM with Jung Kook;1126;832;0.127;20260416
Travis Japan;As We Are;1125;-116;0.002;20260416
Zhou Shen;等晴天;1124;1124;0.001;20260416
The Doobie Brothers;What a Fool Believes;1113;1113;0.028;20260416
ARASHI;Five;1106;1106;0.08;20260416
Gordon Lightfoot;If You Could Read My Mind;1104;-305;0.084;20260416
Travis Japan;On My Road;1104;-89;0.002;20260416
PLAVE;Born Savage;1099;-182;0.005;20260416
I Virtuosi Italiani;Experience;1094;-495;0.266;20260416
Daniel Hope;Experience;1094;-495;0.266;20260416
Milky;Just the Way You Are;1084;156;0.057;20260416
M!LK;Sukisugite METSU;1083;-65;0.207;20260416
Imagine Dragons;Believer;1075;342;8.754;20260416
Justin Bieber;Never Say Never;1070;-51;0.682;20260416
Billie Eilish;BIRDS OF A FEATHER;1063;-650;5.814;20260416
米津玄師;IRIS OUT;1062;1062;0.084;20260416
Matterz;Ich versuch's ja;1057;-391;0.003;20260416
Drake;NOKIA;1055;147;1.819;20260416
Herbert Grönemeyer;Männer;1053;-147;0.02;20260416
Dexter and The Moonrocks;Freakin’ Out;1052;174;0.018;20260416
Broken Social Scene;The Call;1052;1052;0.001;20260416
BTS;Merry Go Round;1042;1042;0.086;20260416
HWASA;Good Goodbye;1040;131;0.361;20260416
4 Non Blondes;What's Up;1036;-308;1.306;20260416
IngaRose;Celebrate Me;13624;-31;0.136;20260417
Justin Bieber;Beauty and a Beat;12568;23;2.158;20260417
HUNTR/X;Golden;12318;-111;4.587;20260417
EJAE;Golden;12318;-111;4.587;20260417
AUDREY NUNA;Golden;12318;-111;4.587;20260417
REI AMI;Golden;12318;-111;4.587;20260417
KPop Demon Hunters Cast;Golden;12318;-111;4.587;20260417
BTS;SWIM;11703;84;0.542;20260417
Alex Warren;Ordinary;10194;151;5.353;20260417
Bruno Mars;I Just Might;10097;117;1.352;20260417
RAYE;WHERE IS MY HUSBAND;9909;51;2.286;20260417
Tame Impala;Dracula;9414;-13;0.253;20260417
JENNIE;Dracula;9414;-13;0.253;20260417
Alex Warren;FEVER DREAM;8837;142;0.464;20260417
Taylor Swift;The Fate of Ophelia;8835;229;3.073;20260417
The Second Voice;LET ME BE;8804;-40;0.361;20260417
Massive Attack;Boots on the Ground;8596;-16;0.017;20260417
Tom Waits;Boots on the Ground;8596;-16;0.017;20260417
Olivia Dean;Man I Need;8462;118;2.154;20260417
Eddie Dalton;Another Day Old;7521;-28;0.237;20260417
Bebe Rexha;New Religion;7493;156;0.332;20260417
Faithless;New Religion;7493;156;0.332;20260417
Ella Langley;Choosin' Texas;7065;-34;0.879;20260417
Ragal Ironbull;VALHALLA CALLING;7002;-29;0.093;20260417
Olivia Dean;So Easy;6829;115;1.243;20260417
Justin Bieber;DAISIES;6722;-31;0.844;20260417
Lady Gaga;Runway;6706;725;0.103;20260417
Doechii;Runway;6706;725;0.103;20260417
Josh Fawaz;Like a Prayer;6629;-38;0.018;20260417
Cameron Whitcomb;Kingdom of Fear;6536;-24;0.086;20260417
Teddy Swims;Mr. Know It All;6340;30;0.071;20260417
Bruno Mars;Risk It All;6302;69;0.385;20260417
Zara Larsson;Lush Life;5530;42;2.608;20260417
TOMORROW X TOGETHER;Stick With You;5515;132;0.034;20260417
Taylor Swift;Opalite;5055;-11;1.633;20260417
Djo;End of Beginning;4909;-110;1.748;20260417
BTS;2.0;4818;-83;0.204;20260417
sombr;Homewrecker;4722;61;0.267;20260417
The Goo Goo Dolls;Iris;4706;-35;1.889;20260417
Tame Impala;Dracula;4694;-7;0.241;20260417
Harry Styles;Sign of the Times;4621;-36;4.734;20260417
BTS;Body to Body;4607;-2;0.264;20260417
Eddie Dalton;Somewhere Along The Way;4498;-14;0.059;20260417
Justin Bieber;Baby;4345;3;0.843;20260417
The Kid LAROI;Stay;4077;-39;3.56;20260417
Justin Bieber;Stay;4077;-39;3.56;20260417
Harry Styles;American Girls;3955;-30;0.231;20260417
Ella Langley;Be Her;3936;-15;0.225;20260417
Lady Gaga;Die With A Smile;3921;-12;7.333;20260417
Bruno Mars;Die With A Smile;3921;-12;7.333;20260417
Clannad;Theme from Harry's Game;3693;11;0.014;20260417
mikeeysmind;Papaoutai;3656;-61;0.789;20260417
Chill77;Papaoutai;3656;-61;0.789;20260417
Unjaps;Papaoutai;3656;-61;0.789;20260417
Sam Fender;Rein Me In;3559;-11;0.47;20260417
Olivia Dean;Rein Me In;3559;-11;0.47;20260417
Disney;Zoo;3518;11;0.438;20260417
Shakira;Zoo;3518;11;0.438;20260417
The xx;Intro;3421;-14;0.902;20260417
KATSEYE;PINKY UP;3299;-15;0.035;20260417
Ella Langley;Bottom Of Your Boots;3280;-11;0.026;20260417
BTS;Hooligan;3269;29;0.17;20260417
HUGEL;Jamaican;3170;61;0.277;20260417
SOLTO (FR);Jamaican;3170;61;0.277;20260417
SIENNA SPIRO;Die On This Hill;3123;166;0.577;20260417
Independentmusicart;Black Sheep;3050;-16;0.133;20260417
sombr;12 to 12;3035;-8;1.046;20260417
Dave;Raindance;3000;-8;0.314;20260417
Tems;Raindance;3000;-8;0.314;20260417
Miley Cyrus;Younger You;2993;-18;0.127;20260417
Evanescence;Who Will You Follow;2974;-5;0.054;20260417
Benson Boone;Beautiful Things;2862;-112;7.147;20260417
IngaRose;Love Me When It’s Hard;2765;-20;0.044;20260417
Noah Kahan;The Great Divide;2728;21;0.155;20260417
ANOTR;Talk To You;2650;86;0.09;20260417
Eddie Dalton;Stay a Little Longer;2630;-2;0.084;20260417
David Guetta;Gone Gone Gone;2626;174;0.961;20260417
Teddy Swims;Gone Gone Gone;2626;174;0.961;20260417
Tones And I;Gone Gone Gone;2626;174;0.961;20260417
Maphra;Doomed;2617;137;0.075;20260417
Shaboozey;A Bar Song;2605;-9;4.737;20260417
Herbert Grönemeyer;Mensch;2573;-9;0.046;20260417
Mike Mana;No Fear Of Tomorrow;2547;-27;0.012;20260417
Bad Bunny;DtMF;2536;-11;1.027;20260417
Lola Young;Messy;2466;41;4.069;20260417
Coldplay;Viva la Vida;2420;12;6.959;20260417
Teddy Swims;Lose Control;2348;-24;7.32;20260417
Justin Bieber;That Should Be Me;2323;-11;0.03;20260417
Herbert Grönemeyer;Der Weg;2321;-13;0.071;20260417
TVXQ!;Share The World -RED OCEAN Ver.-;2257;6;0.006;20260417
The Killers;Mr. Brightside;2257;10;1.666;20260417
Anyma;Bad Angel;2213;9;0.054;20260417
LISA;Bad Angel;2213;9;0.054;20260417
Kazuya Kamenashi;Diamond;2196;99;0.008;20260417
IngaRose;Feeling Good Today;2187;-31;0.01;20260417
ROSALÍA;La Perla;2185;-15;0.346;20260417
Yahritza Y Su Esencia;La Perla;2185;-15;0.346;20260417
Ac/Dc;Thunderstruck;2135;-34;4.033;20260417
Phil Collins;In the Air Tonight;2115;-18;1.275;20260417
FRIDA GOLD;Einfach weil ich's liebe;2110;0;0.006;20260417
Dermot Kennedy;Funeral;2098;13;0.151;20260417
XXXTENTACION;Moonlight;2086;-14;0.69;20260417
Ella Langley;Dandelion;2045;0;0.152;20260417
Justin Bieber;Favorite Girl;2033;-19;0.074;20260417
Bad Bunny;NUEVAYoL;2023;42;0.809;20260417
starly;Kavkaz;2011;-18;0.056;20260417
Travis Japan;陰ニモ日向ニモ;1975;6;0.004;20260417
Ava Max;Out Of Your Mind;1961;6;0.006;20260417
BTS;they don’t know ’bout us;1958;124;0.124;20260417
Luke Combs;Be By You;1936;6;0.187;20260417
Zhang Zi Ning;一念(电视剧《逐玉》插曲);1936;-12;0.05;20260417
Rex;一念(电视剧《逐玉》插曲);1936;-12;0.05;20260417
The Cranberries;Zombie;1872;8;1.812;20260417
KAROL G;Si Antes Te Hubiera Conocido;1842;35;1.818;20260417
Ella Langley;you look like you love me;1792;-18;1.13;20260417
Riley Green;you look like you love me;1792;-18;1.13;20260417
OFFICIAL HIGE DANDISM;Stardust;1791;1;0.008;20260417
GIUSEPPE ROCCASALVO;PENSIERO STUPENDO;1771;-25;0.044;20260417
Justin Bieber;YUKON;1769;-11;0.184;20260417
Electric Callboy;Hypercharged;1748;-43;0.004;20260417
Brawl Stars;Hypercharged;1748;-43;0.004;20260417
Gordo;Loco Loco;1732;-19;0.118;20260417
Reinier Zonneveld;Loco Loco;1732;-19;0.118;20260417
Disco Lines;No Broke Boys;1708;-25;1.248;20260417
Tinashe;No Broke Boys;1708;-25;1.248;20260417
Eddie Dalton;Running To You;1706;-24;0.159;20260417
King Gnu;AIZO;1699;14;0.181;20260417
Giddymethat;Vote of No Confidence Ireland;1688;0;0.008;20260417
Paul Keen;Eternity;1680;-12;0.019;20260417
Aquagen;Eternity;1680;-12;0.019;20260417
Luke Combs;Days Like These;1657;-5;0.276;20260417
Jada Monroe;Slow Ruin;1656;-15;0.005;20260417
VAUNDY;fly away;1656;6;0.007;20260417
Ella Langley;Loving Life Again;1646;-24;0.074;20260417
Chappell Roan;Pink Pony Club;1623;-7;2.669;20260417
sombr;back to friends;1621;-11;0.581;20260417
Bad Style;Silver Night;1612;11;0.011;20260417
Tender May;Silver Night;1612;11;0.011;20260417
鈴木このみ;Recollect;1612;-37;0.003;20260417
Ashnikko;Recollect;1612;-37;0.003;20260417
Evanescence;Afterlife;1608;-4;0.079;20260417
Australian Idol;All Night Long;1600;0;0.022;20260417
Mrs. GREEN APPLE;Wind and Town;1600;0;0.006;20260417
Lady Gaga;Always Remember Us This Way;1596;1;9.431;20260417
The Bausa;Magnetic;1587;-40;0.042;20260417
Journey;Don't Stop Believin';1579;3;3.631;20260417
Bella Kay;iloveitiloveitiloveit;1573;-10;0.07;20260417
ditonellapiaga;Che fastidio;1568;0;0.054;20260417
Sia;Unstoppable;1568;-4;7.544;20260417
Pierre de Maere;Je pense à vous;1567;8;0.004;20260417
シャキーラ;Zoo;1556;18;0.008;20260417
Clannad;In a Lifetime;1538;-6;0.005;20260417
Eminem;Lose Yourself;1534;-16;3.728;20260417
Unheilig;Liebe ist meine Rebellion;1529;0;0.005;20260417
Fleetwood Mac;Dreams;1522;-14;1.509;20260417
Teddy Swims;Bad Dreams;1508;-3;3.519;20260417
MISIA;ラストダンスあなたと;1500;0;0.003;20260417
Aitana;SUPERESTRELLA;1496;-1;0.196;20260417
Angèle;What You Want;1495;-2;0.059;20260417
Justice;What You Want;1495;-2;0.059;20260417
Justin Bieber;Sorry;1485;-6;5.955;20260417
Zara Larsson;Midnight Sun;1473;-15;0.146;20260417
BTS;Into the Sun;1464;18;0.122;20260417
George Michael;Careless Whisper;1460;-17;0.686;20260417
HAVEN.;I Run;1449;10;0.427;20260417
Kaitlin Aragon;I Run;1449;10;0.427;20260417
Hinatazaka46;Kind of love;1439;-25;0.004;20260417
Sean Paul featuring Keyshia Cole;(When You Gonna) Give It Up to Me;1432;0;0.038;20260417
Adam Sanders;His to Mine;1401;0;0.01;20260417
Amy Shark;The Biggest Dick;1395;0;0.044;20260417
B'z;Heaven Knows;1395;0;0.015;20260417
ROSÉ;APT.;1390;-1;6.349;20260417
Bruno Mars;APT.;1390;-1;6.349;20260417
Natasha Bedingfield;Unwritten;1386;13;1.018;20260417
JJ Lin;Careful with Fate;1377;-3;0.064;20260417
Eddie Dalton;Dreaming Of You;1376;-22;0.027;20260417
Tom Odell;Another Love;1352;-19;2.689;20260417
Tatsuya Kitani;HIDANE;1341;0;0.017;20260417
BTS;Like Animals;1328;-11;0.19;20260417
Draugr Balled;North wind calls;1321;32;0.023;20260417
Alexia Jayy;Rent Free;1317;0;0.003;20260417
Eric Gales;Rent Free;1317;0;0.003;20260417
EVE;Wind's Anthem;1315;0;0.006;20260417
BTS;FYA;1306;-12;0.15;20260417
OFFICIAL HIGE DANDISM;Elderflower;1290;25;0.029;20260417
Disturbed;The Sound of Silence;1284;-17;10.268;20260417
Myles Smith;Stargazing;1281;46;2.554;20260417
Zenaya;J'en Ai Rien À Foutre;1278;13;0.011;20260417
Bleu Soleil;Soleil Bleu;1241;-12;0.609;20260417
LUIZA;Soleil Bleu;1241;-12;0.609;20260417
Anthony Callea;The Prayer;1241;0;0.01;20260417
Ryokuoushoku Shakai;Shirushi;1241;0;0.011;20260417
RAYE;Click Clack Symphony.;1239;-27;0.137;20260417
Desireless;Voyage voyage;1238;-10;0.156;20260417
KANGIN;LOVE IS PAIN;1222;95;0.003;20260417
Keisuke Kuwata;HITOTARASHI;1217;24;0.019;20260417
Kato;Turn the Lights Off;1194;-8;0.354;20260417
Jon;Turn the Lights Off;1194;-8;0.354;20260417
Sheena Taylor;I Denounce You Satan;1190;0;0.003;20260417
BTS;NORMAL;1179;20;0.197;20260417
Tiësto;The Business;1178;-9;3.81;20260417
Aina The End;Luminous;1177;-2;0.018;20260417
Whee In;The Symphony of Fxxkboys;1175;-4;0.002;20260417
Sal da Vinci;Per sempre sì;1175;4;0.126;20260417
PinkPantheress;Stateside;1173;12;0.169;20260417
Flemming;Niet Nodig;1172;0;0.084;20260417
Metejoor;Niet Nodig;1172;0;0.084;20260417
ABBA;Dancing Queen;1164;-11;1.089;20260417
Harry Styles;Aperture;1162;217;0.561;20260417
Michael Jackson;Billie Jean;1158;-8;0.689;20260417
Moby;Heroes;1148;0;0.046;20260417
M!LK;Bakuretsu Aishiteru;1148;0;0.086;20260417
disiz;melodrama;1132;-8;0.201;20260417
Theodora;melodrama;1132;-8;0.201;20260417
Zhou Shen;等晴天;1130;6;0.002;20260417
BTS;SWIM with Jung Kook;1126;0;0.128;20260417
Travis Japan;As We Are;1125;0;0.003;20260417
ARASHI;Five;1121;15;0.081;20260417
Christina Perri;A Thousand Years;1112;93;8.241;20260417
Kenshi Yonezu;IRIS OUT;1108;1108;0.344;20260417
PLAVE;Born Savage;1106;7;0.007;20260417
Gordon Lightfoot;If You Could Read My Mind;1104;0;0.085;20260417
Travis Japan;On My Road;1104;0;0.003;20260417
Imagine Dragons;Believer;1099;24;8.755;20260417
Milky;Just the Way You Are;1092;8;0.058;20260417
BTS;Merry Go Round;1088;46;0.087;20260417
I Virtuosi Italiani;Experience;1085;-9;0.267;20260417
Daniel Hope;Experience;1085;-9;0.267;20260417
M!LK;Sukisugite METSU;1083;0;0.208;20260417
HWASA;Good Goodbye;1069;29;0.362;20260417
The Doobie Brothers;What a Fool Believes;1068;-45;0.029;20260417
Justin Bieber;Never Say Never;1064;-6;0.683;20260417
Billie Eilish;BIRDS OF A FEATHER;1059;-4;5.815;20260417
Dexter and The Moonrocks;Freakin’ Out;1058;6;0.019;20260417
4 Non Blondes;What's Up;1053;17;1.307;20260417
Drake;NOKIA;1052;-3;1.82;20260417
Broken Social Scene;The Call;1052;0;0.002;20260417
Madonna;I Feel So Free;22175;22175;0.022;20260418
Olivia Rodrigo;drop dead;17826;17826;0.018;20260418
Justin Bieber;Beauty and a Beat;13676;1108;2.172;20260418
Massive Attack;Boots on the Ground;12041;3445;0.029;20260418
Tom Waits;Boots on the Ground;12041;3445;0.029;20260418
Alex Warren;Ordinary;11960;1766;5.365;20260418
IngaRose;Celebrate Me;11794;-1830;0.148;20260418
HUNTR/X;Golden;11581;-737;4.599;20260418
EJAE;Golden;11581;-737;4.599;20260418
AUDREY NUNA;Golden;11581;-737;4.599;20260418
REI AMI;Golden;11581;-737;4.599;20260418
KPop Demon Hunters Cast;Golden;11581;-737;4.599;20260418
Céline Dion;Dansons;10941;10941;0.011;20260418
Lana Del Rey;First Light;10370;10370;0.01;20260418
RAYE;WHERE IS MY HUSBAND;10242;333;2.296;20260418
Bruno Mars;I Just Might;9846;-251;1.362;20260418
j-hope;Safety Zone;9786;9786;0.059;20260418
BTS;SWIM;9631;-2072;0.552;20260418
The Second Voice;LET ME BE;9604;800;0.371;20260418
Alex Warren;FEVER DREAM;9525;688;0.473;20260418
Taylor Swift;The Fate of Ophelia;9022;187;3.082;20260418
Tame Impala;Dracula;9005;-409;0.262;20260418
JENNIE;Dracula;9005;-409;0.262;20260418
Bebe Rexha;New Religion;7982;489;0.34;20260418
Faithless;New Religion;7982;489;0.34;20260418
Josh Fawaz;Like a Prayer;7596;967;0.026;20260418
Justin Bieber;DAISIES;7478;756;0.851;20260418
Eddie Dalton;Another Day Old;7355;-166;0.244;20260418
Ragal Ironbull;VALHALLA CALLING;7138;136;0.1;20260418
Olivia Dean;Man I Need;6872;-1590;2.16;20260418
Olivia Dean;So Easy;6798;-31;1.249;20260418
Ella Langley;Choosin' Texas;6479;-586;0.885;20260418
Bruno Mars;Risk It All;5472;-830;0.391;20260418
Taylor Swift;Opalite;5329;274;1.638;20260418
Tyla;SHE DID IT AGAIN;5186;5186;0.005;20260418
Lady Gaga;Runway;5141;-1565;0.108;20260418
Doechii;Runway;5141;-1565;0.108;20260418
Djo;End of Beginning;5136;227;1.753;20260418
HUGEL;Jamaican;5002;1832;0.282;20260418
SOLTO (FR);Jamaican;5002;1832;0.282;20260418
Tame Impala;Dracula;4904;210;0.246;20260418
Cameron Whitcomb;Kingdom of Fear;4724;-1812;0.091;20260418
Maphra;Circle With Me;4341;4341;0.004;20260418
Justin Bieber;Baby;4325;-20;0.848;20260418
Zara Larsson;Lush Life;4212;-1318;2.612;20260418
Benny Rivers;Step by Step in Time;4156;4001;0.005;20260418
Teddy Swims;Mr. Know It All;4124;-2216;0.075;20260418
Harry Styles;Sign of the Times;4014;-607;4.738;20260418
Westlife;Your Love Amazes Me;3937;3937;0.004;20260418
Sam Fender;Rein Me In;3894;335;0.474;20260418
Olivia Dean;Rein Me In;3894;335;0.474;20260418
mikeeysmind;Papaoutai;3866;210;0.793;20260418
Chill77;Papaoutai;3866;210;0.793;20260418
Unjaps;Papaoutai;3866;210;0.793;20260418
The Goo Goo Dolls;Iris;3825;-881;1.893;20260418
BTS;2.0;3819;-999;0.208;20260418
Belles;Son of Jolene;3763;3763;0.004;20260418
Dolly Parton;Son of Jolene;3763;3763;0.004;20260418
Eddie Dalton;Somewhere Along The Way;3713;-785;0.063;20260418
SIENNA SPIRO;Die On This Hill;3457;334;0.58;20260418
Ella Langley;Be Her;3405;-531;0.229;20260418
Demi Lovato;Low Rise Jeans;3402;3402;0.003;20260418
Benson Boone;Beautiful Things;3388;526;7.151;20260418
The xx;Intro;3351;-70;0.906;20260418
Harry Styles;American Girls;3330;-625;0.235;20260418
SherellHodge;Have You Ever;3251;3251;0.003;20260418
BTS;Body to Body;3157;-1450;0.267;20260418
sombr;Homewrecker;3133;-1589;0.27;20260418
BTS;Hooligan;3108;-161;0.173;20260418
Lewis Capaldi;Stay Love;3076;3076;0.003;20260418
Lady Gaga;Die With A Smile;3070;-851;7.336;20260418
Bruno Mars;Die With A Smile;3070;-851;7.336;20260418
ANOTR;Talk To You;3063;413;0.093;20260418
TAEYONG;Rock Solid;3060;3060;0.003;20260418
Disney;Zoo;2979;-539;0.441;20260418
Shakira;Zoo;2979;-539;0.441;20260418
KATSEYE;PINKY UP;2966;-333;0.038;20260418
Maphra;Doomed;2934;317;0.078;20260418
Riley Green;My Way;2809;2809;0.003;20260418
Teddy Swims;Lose Control;2719;371;7.323;20260418
Bad Bunny;NUEVAYoL;2716;693;0.812;20260418
sombr;12 to 12;2694;-341;1.048;20260418
TOMORROW X TOGETHER;Stick With You;2693;-2822;0.037;20260418
Shakira;Zoo;2668;2193;0.577;20260418
Clannad;Theme from Harry's Game;2666;-1027;0.017;20260418
Miley Cyrus;Younger You;2514;-479;0.13;20260418
Bad Bunny;DtMF;2471;-65;1.029;20260418
Ella Langley;Bottom Of Your Boots;2387;-893;0.028;20260418
Kacey Musgraves;Middle of Nowhere;2357;2357;0.002;20260418
Cody Johnson;I Want You;2336;2336;0.002;20260418
The Killers;Mr. Brightside;2304;47;1.668;20260418
Gordo;Loco Loco;2296;564;0.12;20260418
Reinier Zonneveld;Loco Loco;2296;564;0.12;20260418
Charlie Puth;Love In Exile;2280;1371;0.008;20260418
Michael McDonald;Love In Exile;2280;1371;0.008;20260418
Kenny Loggins;Love In Exile;2280;1371;0.008;20260418
Ella Langley;you look like you love me;2280;488;1.133;20260418
Riley Green;you look like you love me;2280;488;1.133;20260418
Anyma;Bad Angel;2266;53;0.056;20260418
LISA;Bad Angel;2266;53;0.056;20260418
Ac/Dc;Thunderstruck;2182;47;4.036;20260418
Evanescence;Who Will You Follow;2077;-897;0.056;20260418
Billie Eilish;BIRDS OF A FEATHER;2056;997;5.817;20260418
The Pretty Reckless;Love Me;2050;2050;0.002;20260418
Electric Callboy;Hypercharged;2047;299;0.006;20260418
Brawl Stars;Hypercharged;2047;299;0.006;20260418
Buju Banton;Butterflies;2031;2031;0.002;20260418
Mike Mana;No Fear Of Tomorrow;1978;-569;0.014;20260418
Miley Cyrus;Younger You;1974;1974;0.002;20260418
Lainey Wilson;Younger You;1974;1974;0.002;20260418
IngaRose;Love Me When It’s Hard;1965;-800;0.046;20260418
Travis Japan;KAGENIMO-HINATANIMO;1890;1890;0.024;20260418
Sydnie Christmas;Run;1861;1861;0.002;20260418
倉木麻衣;TOWA ～永久に風に乗る～;1841;1841;0.002;20260418
Dermot Kennedy;Funeral;1834;-264;0.153;20260418
VAUNDY;fly away;1816;160;0.009;20260418
Chappell Roan;Pink Pony Club;1793;170;2.671;20260418
Demi Lovato;Here All Night;1765;1765;0.047;20260418
Zhang Zi Ning;一念(电视剧《逐玉》插曲);1765;-171;0.052;20260418
Rex;一念(电视剧《逐玉》插曲);1765;-171;0.052;20260418
ROSALÍA;Focu 'Ranni;1750;1750;0.002;20260418
Kato;Turn the Lights Off;1744;550;0.356;20260418
Jon;Turn the Lights Off;1744;550;0.356;20260418
sombr;Potential;1737;1737;0.002;20260418
Noah Kahan;The Great Divide;1732;-996;0.157;20260418
XXXTENTACION;Moonlight;1724;-362;0.692;20260418
Boney M.;Rasputin;1694;888;0.484;20260418
Independentmusicart;Black Sheep;1632;-1418;0.135;20260418
GIUSEPPE ROCCASALVO;PENSIERO STUPENDO;1622;-149;0.046;20260418
Shaboozey;A Bar Song;1620;-985;4.739;20260418
Official髭男dism;スターダスト;1613;1613;0.002;20260418
Ella Langley;Dandelion;1611;-434;0.154;20260418
David Guetta;Gone Gone Gone;1602;-1024;0.963;20260418
Teddy Swims;Gone Gone Gone;1602;-1024;0.963;20260418
Tones And I;Gone Gone Gone;1602;-1024;0.963;20260418
Mrs. GREEN APPLE;Wind and Town;1600;0;0.008;20260418
Lady Gaga;Always Remember Us This Way;1576;-20;9.432;20260418
Giddymethat;Vote of No Confidence Ireland;1571;-117;0.01;20260418
Disco Lines;No Broke Boys;1569;-139;1.25;20260418
Tinashe;No Broke Boys;1569;-139;1.25;20260418
Justin Bieber;YUKON;1565;-204;0.186;20260418
Sonia Liebing;Schon längst verliebt;1555;1555;0.002;20260418
The Bausa;Magnetic;1539;-48;0.044;20260418
Bad Style;Silver Night;1521;-91;0.013;20260418
Tender May;Silver Night;1521;-91;0.013;20260418
MISIA;THE LAST DANCE WITH YOU;1508;1508;0.002;20260418
Draugr Balled;North wind calls;1507;186;0.024;20260418
OFFICIAL HIGE DANDISM;Elderflower;1505;215;0.03;20260418
Ricchi;Sarà perché ti amo;1480;527;1.513;20260418
Poveri;Sarà perché ti amo;1480;527;1.513;20260418
Bernhard Brink;Caipirinha;1479;1479;0.001;20260418
Joel Corry;Devotion;1476;1476;0.001;20260418
RAHH;Devotion;1476;1476;0.001;20260418
Mrs. GREEN APPLE;lulu.;1458;475;0.157;20260418
Konomi Suzuki;Recollect;1422;1422;0.001;20260418
Ashnikko;Recollect;1422;1422;0.001;20260418
Luke Combs;Be By You;1422;-514;0.189;20260418
Lola Young;Messy;1419;-1047;4.07;20260418
King Gnu;AIZO;1408;-291;0.182;20260418
Aitana;SUPERESTRELLA;1393;-103;0.197;20260418
Justin Bieber;Favorite Girl;1388;-645;0.076;20260418
Angèle;What You Want;1370;-125;0.061;20260418
Justice;What You Want;1370;-125;0.061;20260418
Tatsuya Kitani;HIDANE;1368;27;0.018;20260418
Journey;Don't Stop Believin';1365;-214;3.632;20260418
Eminem;Lose Yourself;1365;-169;3.729;20260418
sombr;back to friends;1359;-262;0.582;20260418
Montez;Glück;1356;1356;0.001;20260418
Sido;Glück;1356;1356;0.001;20260418
Dave;Raindance;1347;-1653;0.316;20260418
Tems;Raindance;1347;-1653;0.316;20260418
M!LK;Sukisugite METSU;1341;258;0.209;20260418
ROSALÍA;Novia Robot;1340;1340;0.001;20260418
Drake;NOKIA;1336;284;1.821;20260418
Luke Combs;Days Like These;1329;-328;0.278;20260418
Christina Perri;A Thousand Years;1324;212;8.243;20260418
Whee In;The Symphony of Fxxkboys;1322;147;0.004;20260418
Sabrina Carpenter;Espresso;1321;355;3.09;20260418
M!LK;Bakuretsu Aishiteru;1315;167;0.088;20260418
Kip Moore;Faith In The Wind;1303;1303;0.001;20260418
Eddie Dalton;Stay a Little Longer;1302;-1328;0.085;20260418
Zara Larsson;Midnight Sun;1295;-178;0.148;20260418
Ella Langley;Loving Life Again;1294;-352;0.076;20260418
B'z;Heaven Knows;1290;-105;0.016;20260418
RIIZE;Behind The Shine;1288;1288;0.001;20260418
BTS;Into the Sun;1262;-202;0.123;20260418
BTS;NORMAL;1245;66;0.199;20260418
FRIDA GOLD;Einfach weil ich's liebe;1241;-869;0.007;20260418
Ryokuoushoku Shakai;Shirushi;1241;0;0.012;20260418
ROSÉ;APT.;1235;-155;6.35;20260418
Bruno Mars;APT.;1235;-155;6.35;20260418
Paul Keen;Eternity;1226;-454;0.02;20260418
Aquagen;Eternity;1226;-454;0.02;20260418
HAVEN.;I Run;1226;-223;0.428;20260418
Kaitlin Aragon;I Run;1226;-223;0.428;20260418
Michael Schulte;5am;1221;688;0.052;20260418
BTS;Crystal Snow;1218;1218;0.074;20260418
TVXQ!;Share The World -RED OCEAN Ver.-;1217;-1040;0.008;20260418
Kris Kross Amsterdam;Zij Hoort Bij Mij;1213;1213;0.001;20260418
Jan Smit;Zij Hoort Bij Mij;1213;1213;0.001;20260418
Frans Bauer;Zij Hoort Bij Mij;1213;1213;0.001;20260418
Pierre de Maere;Je pense à vous;1207;-360;0.005;20260418
ROSALÍA;Jeanne;1207;1207;0.001;20260418
Eddie Dalton;Dreaming Of You;1204;-172;0.028;20260418
Christophe Maé;La lune;1203;806;0.063;20260418
EVE;Wind's Anthem;1193;-122;0.007;20260418
JJ Lin;Careful with Fate;1188;-189;0.066;20260418
Myles Smith;Stargazing;1174;-107;2.556;20260418
Amy Shark;The Biggest Dick;1170;-225;0.045;20260418
Miley Cyrus;Flowers;1158;576;7.586;20260418
Sheena Taylor;I Denounce You Satan;1154;-36;0.004;20260418
Keisuke Kuwata;HITOTARASHI;1148;-69;0.02;20260418
Kenshi Yonezu;IRIS OUT;1139;31;0.345;20260418
Harry Styles;Aperture;1138;-24;0.562;20260418
KAROL G;Si Antes Te Hubiera Conocido;1131;-711;1.819;20260418
HANA;Bad Girl;1125;180;0.032;20260418
ROSALÍA;La Perla;1112;-1073;0.348;20260418
Yahritza Y Su Esencia;La Perla;1112;-1073;0.348;20260418
Justin Bieber;Sorry;1093;-392;5.956;20260418
HWASA;Good Goodbye;1087;18;0.363;20260418
Sia;Unstoppable;1084;-484;7.545;20260418
T.I.;LET 'EM KNOW;1083;62;0.121;20260418
Australian Idol;All Night Long;1083;-517;0.023;20260418
Michael Jackson;Billie Jean;1069;-89;0.69;20260418
Amy Shark;Our Last Fight;1062;1062;0.001;20260418
Aina The End;Luminous;1062;-115;0.019;20260418
Justin Bieber;That Should Be Me;1055;-1268;0.031;20260418
Yisa Yu;清清如我(电视剧《逐玉》抒情主题曲);1055;529;0.031;20260418
Céline Dion;Hymne à l'amour;1047;796;0.225;20260418
Hoshimatic Project;BEEP BEEP;1047;1047;0.001;20260418
Zenaya;J'en Ai Rien À Foutre;1038;-240;0.012;20260418
starly;Kavkaz;1036;-975;0.057;20260418
Chicane;Saltwater;1024;23;0.004;20260418
Bleu Soleil;Soleil Bleu;1024;-217;0.61;20260418
LUIZA;Soleil Bleu;1024;-217;0.61;20260418
ARASHI;Five;1021;-100;0.082;20260418
Kazuya Kamenashi;Diamond;1018;-1178;0.009;20260418
Sabrina Carpenter;Manchild;1008;184;0.848;20260418
Serena Brancale;AL MIO PAESE;992;175;0.013;20260418
Levante;AL MIO PAESE;992;175;0.013;20260418
DELIA;AL MIO PAESE;992;175;0.013;20260418
Post Malone;I Had Some Help;983;370;1.75;20260418
Herbert Grönemeyer;Der Weg;983;-1338;0.072;20260418
Madonna;I Feel So Free;21634;-541;0.044;20260419
Olivia Rodrigo;drop dead;13953;-3873;0.032;20260419
Justin Bieber;Beauty and a Beat;12914;-762;2.184;20260419
HUNTR/X;Golden;12264;683;4.611;20260419
EJAE;Golden;12264;683;4.611;20260419
AUDREY NUNA;Golden;12264;683;4.611;20260419
REI AMI;Golden;12264;683;4.611;20260419
KPop Demon Hunters Cast;Golden;12264;683;4.611;20260419
IngaRose;Celebrate Me;11643;-151;0.16;20260419
The Second Voice;LET ME BE;11594;1990;0.382;20260419
RAYE;WHERE IS MY HUSBAND;10698;456;2.307;20260419
Alex Warren;Ordinary;10444;-1516;5.376;20260419
Justin Bieber;DAISIES;10200;2722;0.861;20260419
Bruno Mars;I Just Might;10162;316;1.372;20260419
Alex Warren;FEVER DREAM;9532;7;0.483;20260419
Taylor Swift;The Fate of Ophelia;9090;68;3.091;20260419
Bebe Rexha;New Religion;8694;712;0.349;20260419
Faithless;New Religion;8694;712;0.349;20260419
BTS;SWIM;8687;-944;0.561;20260419
Céline Dion;Dansons;8348;-2593;0.019;20260419
Massive Attack;Boots on the Ground;8191;-3850;0.037;20260419
Tom Waits;Boots on the Ground;8191;-3850;0.037;20260419
Eddie Dalton;Another Day Old;7998;643;0.252;20260419
Tame Impala;Dracula;7891;-1114;0.27;20260419
JENNIE;Dracula;7891;-1114;0.27;20260419
Ella Langley;Choosin' Texas;7464;985;0.893;20260419
Olivia Dean;So Easy;7380;582;1.257;20260419
Olivia Dean;Man I Need;7318;446;2.168;20260419
j-hope;Safety Zone;7288;-2498;0.066;20260419
Lana Del Rey;First Light;7190;-3180;0.018;20260419
Josh Fawaz;Like a Prayer;6840;-756;0.033;20260419
Ragal Ironbull;VALHALLA CALLING;6562;-576;0.107;20260419
Bruno Mars;Risk It All;6462;990;0.397;20260419
HUGEL;Jamaican;5929;927;0.288;20260419
SOLTO (FR);Jamaican;5929;927;0.288;20260419
Taylor Swift;Opalite;5696;367;1.644;20260419
Anyma;Bad Angel;5680;3414;0.062;20260419
LISA;Bad Angel;5680;3414;0.062;20260419
Djo;End of Beginning;5501;365;1.759;20260419
Justin Bieber;Baby;5479;1154;0.853;20260419
Zara Larsson;Lush Life;4966;754;2.617;20260419
Harry Styles;Sign of the Times;4659;645;4.743;20260419
Eddie Dalton;Somewhere Along The Way;4390;677;0.067;20260419
Teddy Swims;Mr. Know It All;4317;193;0.079;20260419
mikeeysmind;Papaoutai;4295;429;0.798;20260419
Chill77;Papaoutai;4295;429;0.798;20260419
Unjaps;Papaoutai;4295;429;0.798;20260419
Cameron Whitcomb;Kingdom of Fear;4273;-451;0.095;20260419
Tyla;SHE DID IT AGAIN;4060;-1126;0.009;20260419
The Goo Goo Dolls;Iris;3999;174;1.897;20260419
BTS;2.0;3965;146;0.212;20260419
Lady Gaga;Runway;3836;-1305;0.112;20260419
Doechii;Runway;3836;-1305;0.112;20260419
Disney;Zoo;3796;817;0.445;20260419
Shakira;Zoo;3796;817;0.445;20260419
sombr;Homewrecker;3739;606;0.273;20260419
Harry Styles;American Girls;3680;350;0.238;20260419
Sam Fender;Rein Me In;3642;-252;0.477;20260419
Olivia Dean;Rein Me In;3642;-252;0.477;20260419
sombr;12 to 12;3585;891;1.052;20260419
Ella Langley;Be Her;3554;149;0.232;20260419
iyah may;Good Citizen;3524;3522;0.018;20260419
Bad Bunny;DtMF;3511;1040;1.033;20260419
Tame Impala;Dracula;3487;-1417;0.249;20260419
Maphra;Circle With Me;3465;-876;0.008;20260419
Benny Rivers;Step by Step in Time;3343;-813;0.008;20260419
Lady Gaga;Die With A Smile;3292;222;7.339;20260419
Bruno Mars;Die With A Smile;3292;222;7.339;20260419
ANOTR;Talk To You;3288;225;0.096;20260419
Benson Boone;Beautiful Things;3285;-103;7.154;20260419
SIENNA SPIRO;Die On This Hill;3247;-210;0.583;20260419
SherellHodge;Have You Ever;3183;-68;0.006;20260419
Belles;Son of Jolene;3022;-741;0.007;20260419
Dolly Parton;Son of Jolene;3022;-741;0.007;20260419
Teddy Swims;Lose Control;3020;301;7.326;20260419
Clannad;Theme from Harry's Game;2719;53;0.02;20260419
BTS;Body to Body;2711;-446;0.27;20260419
Lewis Capaldi;Stay Love;2637;-439;0.006;20260419
KATSEYE;PINKY UP;2632;-334;0.041;20260419
Draugr Balled;North wind calls;2596;1089;0.027;20260419
Ac/Dc;Thunderstruck;2550;368;4.038;20260419
Ella Langley;you look like you love me;2531;251;1.135;20260419
Riley Green;you look like you love me;2531;251;1.135;20260419
Gordo;Loco Loco;2522;226;0.123;20260419
Reinier Zonneveld;Loco Loco;2522;226;0.123;20260419
RIIZE;Behind The Shine;2479;1191;0.004;20260419
Mike Mana;No Fear Of Tomorrow;2428;450;0.016;20260419
Westlife;Your Love Amazes Me;2427;-1510;0.006;20260419
ROSÉ;APT.;2376;1141;6.352;20260419
Bruno Mars;APT.;2376;1141;6.352;20260419
The xx;Intro;2301;-1050;0.908;20260419
Maphra;Doomed;2231;-703;0.08;20260419
Journey;Don't Stop Believin';2218;853;3.634;20260419
Miley Cyrus;Younger You;2213;-301;0.132;20260419
IngaRose;Love Me When It’s Hard;2172;207;0.048;20260419
RIIZE;KILL SHOT;2153;2153;0.002;20260419
Eddie Dalton;Stay a Little Longer;2141;839;0.087;20260419
BTS;Hooligan;2131;-977;0.175;20260419
TOMORROW X TOGETHER;Stick With You;2127;-566;0.039;20260419
Riley Green;My Way;2117;-692;0.005;20260419
Zara Larsson;Midnight Sun;2098;803;0.15;20260419
Noah Kahan;The Great Divide;2076;344;0.159;20260419
The Killers;Mr. Brightside;2069;-235;1.67;20260419
BTS;Into the Sun;2068;806;0.125;20260419
Cody Johnson;I Want You;2002;-334;0.004;20260419
BTS;NORMAL;1989;744;0.201;20260419
Shaboozey;A Bar Song;1975;355;4.741;20260419
Bad Bunny;NUEVAYoL;1974;-742;0.814;20260419
Ricchi;Sarà perché ti amo;1958;478;1.515;20260419
Poveri;Sarà perché ti amo;1958;478;1.515;20260419
Ella Langley;Dandelion;1954;343;0.156;20260419
Ella Langley;Bottom Of Your Boots;1934;-453;0.03;20260419
The Bausa;Magnetic;1934;395;0.045;20260419
Kacey Musgraves;Middle of Nowhere;1899;-458;0.004;20260419
David Guetta;Gone Gone Gone;1876;274;0.965;20260419
Teddy Swims;Gone Gone Gone;1876;274;0.965;20260419
Tones And I;Gone Gone Gone;1876;274;0.965;20260419
XXXTENTACION;Moonlight;1861;137;0.694;20260419
TAEYONG;Rock Solid;1827;-1233;0.005;20260419
Lola Young;Messy;1809;390;4.072;20260419
Blasterjaxx;Désenchantée 3000;1786;948;0.003;20260419
Kate Ryan;Désenchantée 3000;1786;948;0.003;20260419
Billie Eilish;BIRDS OF A FEATHER;1775;-281;5.819;20260419
ROSALÍA;La Perla;1764;652;0.349;20260419
Yahritza Y Su Esencia;La Perla;1764;652;0.349;20260419
Kato;Turn the Lights Off;1751;7;0.358;20260419
Jon;Turn the Lights Off;1751;7;0.358;20260419
OFFICIAL HIGE DANDISM;Stardust;1715;1715;0.01;20260419
Justin Bieber;YUKON;1714;149;0.187;20260419
VAUNDY;fly away;1709;-107;0.01;20260419
Dave;Raindance;1707;360;0.317;20260419
Tems;Raindance;1707;360;0.317;20260419
シャキーラ;Zoo;1694;1694;0.01;20260419
倉木麻衣;TOWA ～永久に風に乗る～;1649;-192;0.003;20260419
Zhang Zi Ning;一念《逐玉》主題曲;1647;963;0.002;20260419
YKeophirun;一念《逐玉》主題曲;1647;963;0.002;20260419
ROSALÍA;Berghain;1644;1173;0.581;20260419
Björk;Berghain;1644;1173;0.581;20260419
Yves Tumor;Berghain;1644;1173;0.581;20260419
Dermot Kennedy;Funeral;1635;-199;0.154;20260419
Travis Japan;KAGENIMO-HINATANIMO;1630;-260;0.026;20260419
Mrs. GREEN APPLE;Wind and Town;1600;0;0.01;20260419
MISIA;ラストダンスあなたと;1559;1559;0.005;20260419
Evanescence;Who Will You Follow;1547;-530;0.057;20260419
Joel Corry;Devotion;1526;50;0.003;20260419
RAHH;Devotion;1526;50;0.003;20260419
Angèle;What You Want;1523;153;0.062;20260419
Justice;What You Want;1523;153;0.062;20260419
Giddymethat;Vote of No Confidence Ireland;1517;-54;0.012;20260419
Chappell Roan;Pink Pony Club;1512;-281;2.672;20260419
Demi Lovato;Low Rise Jeans;1488;-1914;0.005;20260419
GroßstadtEngel;Gute Laune;1477;1018;0.323;20260419
Luke Combs;Days Like These;1469;140;0.279;20260419
starly;Kavkaz;1464;428;0.059;20260419
OFFICIAL HIGE DANDISM;Elderflower;1450;-55;0.032;20260419
Eminem;Lose Yourself;1447;82;3.73;20260419
Demi Lovato;Here All Night;1438;-327;0.048;20260419
King Gnu;AIZO;1436;28;0.184;20260419
ROSALÍA;Focu 'Ranni;1427;-323;0.003;20260419
JJ Lin;Careful with Fate;1422;234;0.067;20260419
Bad Style;Silver Night;1422;-99;0.014;20260419
Tender May;Silver Night;1422;-99;0.014;20260419
KAROL G;Si Antes Te Hubiera Conocido;1406;275;1.821;20260419
Boney M.;Rasputin;1406;-288;0.486;20260419
Tears for Fears;Everybody Wants to Rule the World;1405;843;1.025;20260419
Konomi Suzuki;Recollect;1395;-27;0.003;20260419
Ashnikko;Recollect;1395;-27;0.003;20260419
Sabrina Carpenter;Espresso;1391;70;3.091;20260419
Luke Combs;Be By You;1385;-37;0.19;20260419
BTS;Crystal Snow;1378;160;0.076;20260419
Madonna;Like a Prayer;1376;1305;0.391;20260419
Zhang Zi Ning;一念(电视剧《逐玉》插曲);1371;-394;0.053;20260419
Rex;一念(电视剧《逐玉》插曲);1371;-394;0.053;20260419
BIBI;My Pace;1370;832;0.002;20260419
Independentmusicart;Black Sheep;1362;-270;0.136;20260419
Charlie Puth;Love In Exile;1354;-926;0.01;20260419
Michael McDonald;Love In Exile;1354;-926;0.01;20260419
Kenny Loggins;Love In Exile;1354;-926;0.01;20260419
Ella Langley;Loving Life Again;1350;56;0.077;20260419
Miley Cyrus;Younger You;1344;-630;0.003;20260419
Lainey Wilson;Younger You;1344;-630;0.003;20260419
GIUSEPPE ROCCASALVO;PENSIERO STUPENDO;1344;-278;0.047;20260419
Amy Shark;The Biggest Dick;1341;171;0.047;20260419
Tatsuya Kitani;HIDANE;1341;-27;0.02;20260419
Biagio Antonacci;YOU & ME;1339;581;0.002;20260419
Buju Banton;Butterflies;1329;-702;0.003;20260419
T.I.;LET 'EM KNOW;1327;244;0.122;20260419
Montez;Glück;1315;-41;0.003;20260419
Sido;Glück;1315;-41;0.003;20260419
M!LK;Sukisugite METSU;1315;-26;0.21;20260419
The Kid LAROI;Stay;1300;534;3.562;20260419
Justin Bieber;Stay;1300;534;3.562;20260419
Mrs. GREEN APPLE;lulu.;1297;-161;0.158;20260419
Bleu Soleil;Soleil Bleu;1291;267;0.611;20260419
LUIZA;Soleil Bleu;1291;267;0.611;20260419
Bernhard Brink;Caipirinha;1290;-189;0.003;20260419
M!LK;Bakuretsu Aishiteru;1290;-25;0.089;20260419
def rebel;WWE: Trouble;1288;1219;0.001;20260419
Michael Schulte;5am;1284;63;0.053;20260419
Justin Bieber;Favorite Girl;1282;-106;0.077;20260419
Aitana;SUPERESTRELLA;1275;-118;0.198;20260419
Justin Bieber;That Should Be Me;1263;208;0.032;20260419
BURNIN' BRIDGES Ai Music;BLACK WATER DAMNED;1262;370;0.004;20260419
EVE;Wind's Anthem;1241;48;0.008;20260419
Myles Smith;Stargazing;1240;66;2.557;20260419
Sonia Liebing;Schon längst verliebt;1209;-346;0.003;20260419
sombr;Potential;1203;-534;0.003;20260419
Sheena Taylor;I Denounce You Satan;1195;41;0.005;20260419
B'z;Heaven Knows;1193;-97;0.018;20260419
Milky;Just the Way You Are;1192;268;0.06;20260419
Disco Lines;No Broke Boys;1185;-384;1.251;20260419
Tinashe;No Broke Boys;1185;-384;1.251;20260419
Michael Jackson;Billie Jean;1178;109;0.691;20260419
Keisuke Kuwata;HITOTARASHI;1170;22;0.021;20260419
The Red Clay Strays;Wondering Why;1169;438;0.43;20260419
Justė;Turn The Lights Off;1162;225;0.077;20260419
Jaxstyle;Turn The Lights Off;1162;225;0.077;20260419
Jon;Turn The Lights Off;1162;225;0.077;20260419
Teddy Swims;Bad Dreams;1154;824;3.52;20260419
Lewis Capaldi;Someone You Loved;1148;167;6.905;20260419
sakanaction;Yoru No Odoriko;1148;203;0.006;20260419
Pierre de Maere;Je pense à vous;1145;-62;0.007;20260419
sombr;back to friends;1144;-215;0.583;20260419
Kany García;A La Niña Que Fui;1143;577;0.005;20260419
Ryokuoushoku Shakai;Shirushi;1140;-101;0.014;20260419
BTS;For You;1133;206;0.002;20260419
Sean Paul featuring Keyshia Cole;(When You Gonna) Give It Up to Me;1131;297;0.04;20260419
Little Glee Monster;Ichirin;1125;142;0.006;20260419
米津玄師;IRIS OUT;1124;1124;0.085;20260419
ROSALÍA;Novia Robot;1112;-228;0.002;20260419
Jennifer Lopez;Save Me Tonight;1111;318;0.092;20260419
David Guetta;Save Me Tonight;1111;318;0.092;20260419
Dimitri Vegas;Makina Time;1093;495;0.044;20260419
Like Mike;Makina Time;1093;495;0.044;20260419
Marlon Hoffstadt;Makina Time;1093;495;0.044;20260419
DJ Konik;Makina Time;1093;495;0.044;20260419
HANA;Bad Girl;1083;-42;0.033;20260419
Kazuya Kamenashi;Diamond;1076;58;0.01;20260419
Sydnie Christmas;Run;1054;-807;0.003;20260419
Eddie Dalton;Running To You;1043;86;0.161;20260419
Herbert Grönemeyer;Der Weg;1037;54;0.073;20260419
4 Non Blondes;What's Up;1019;119;1.308;20260419
Orangestar;Flower Raft;1002;1002;0.001;20260419
Eddie Dalton;Dreaming Of You;996;-208;0.029;20260419
Aina The End;Luminous;983;-79;0.02;20260419
Evanescence;Bring Me to Life;980;254;1.613;20260419
Sia;Unstoppable;977;-107;7.546;20260419
Madonna;I Feel So Free;20018;-1616;0.064;20260420
Olivia Rodrigo;drop dead;13629;-324;0.045;20260420
Justin Bieber;Beauty and a Beat;13042;128;2.198;20260420
HUNTR/X;Golden;12234;-30;4.623;20260420
EJAE;Golden;12234;-30;4.623;20260420
AUDREY NUNA;Golden;12234;-30;4.623;20260420
REI AMI;Golden;12234;-30;4.623;20260420
KPop Demon Hunters Cast;Golden;12234;-30;4.623;20260420
The Second Voice;LET ME BE;12135;541;0.395;20260420
BTS;SWIM;11597;2910;0.572;20260420
IngaRose;Celebrate Me;11512;-131;0.171;20260420
Justin Bieber;DAISIES;11030;830;0.872;20260420
RAYE;WHERE IS MY HUSBAND;10884;186;2.317;20260420
Bruno Mars;I Just Might;9502;-660;1.382;20260420
Alex Warren;Ordinary;9227;-1217;5.385;20260420
j-hope;Safety Zone;8923;1635;0.075;20260420
Taylor Swift;The Fate of Ophelia;8722;-368;3.1;20260420
j-hope;Future;8392;8392;0.073;20260420
Alex Warren;FEVER DREAM;8215;-1317;0.491;20260420
Bebe Rexha;New Religion;7855;-839;0.357;20260420
Faithless;New Religion;7855;-839;0.357;20260420
Ella Langley;Choosin' Texas;7826;362;0.9;20260420
Josh Fawaz;Like a Prayer;7279;439;0.04;20260420
Céline Dion;Dansons;7184;-1164;0.026;20260420
Olivia Dean;Man I Need;6963;-355;2.175;20260420
Tame Impala;Dracula;6890;-1001;0.277;20260420
JENNIE;Dracula;6890;-1001;0.277;20260420
Olivia Dean;So Easy;6865;-515;1.264;20260420
Lana Del Rey;First Light;6504;-686;0.024;20260420
Taylor Swift;Opalite;6355;659;1.65;20260420
Eddie Dalton;Another Day Old;6274;-1724;0.259;20260420
Bruno Mars;Risk It All;5949;-513;0.403;20260420
Ragal Ironbull;VALHALLA CALLING;5782;-780;0.113;20260420
Djo;End of Beginning;5684;183;1.764;20260420
Justin Bieber;Baby;5588;109;0.859;20260420
Harry Styles;Sign of the Times;5307;648;4.748;20260420
Massive Attack;Boots on the Ground;5231;-2960;0.043;20260420
Tom Waits;Boots on the Ground;5231;-2960;0.043;20260420
Anyma;Bad Angel;4956;-724;0.066;20260420
LISA;Bad Angel;4956;-724;0.066;20260420
Teddy Swims;Mr. Know It All;4777;460;0.084;20260420
Zara Larsson;Lush Life;4708;-258;2.622;20260420
Harry Styles;American Girls;4436;756;0.243;20260420
Eddie Dalton;Somewhere Along The Way;4404;14;0.071;20260420
HUGEL;Jamaican;4315;-1614;0.292;20260420
SOLTO (FR);Jamaican;4315;-1614;0.292;20260420
Tame Impala;Dracula;4178;691;0.253;20260420
Lady Gaga;Die With A Smile;4157;865;7.343;20260420
Bruno Mars;Die With A Smile;4157;865;7.343;20260420
sombr;Homewrecker;4020;281;0.277;20260420
Sam Fender;Rein Me In;4008;366;0.481;20260420
Olivia Dean;Rein Me In;4008;366;0.481;20260420
Cameron Whitcomb;Kingdom of Fear;3926;-347;0.099;20260420
mikeeysmind;Papaoutai;3895;-400;0.801;20260420
Chill77;Papaoutai;3895;-400;0.801;20260420
Unjaps;Papaoutai;3895;-400;0.801;20260420
BTS;Body to Body;3817;1106;0.274;20260420
Ella Langley;Be Her;3815;261;0.236;20260420
Justin Bieber;One Less Lonely Girl;3689;3217;0.029;20260420
The Goo Goo Dolls;Iris;3605;-394;1.9;20260420
CORTIS;REDRED;3589;3589;0.004;20260420
sombr;12 to 12;3484;-101;1.055;20260420
BTS;2.0;3285;-680;0.215;20260420
Alessia Cara;Scars to Your Beautiful;3281;3281;1.262;20260420
Disney;Zoo;3243;-553;0.448;20260420
Shakira;Zoo;3243;-553;0.448;20260420
Benson Boone;Beautiful Things;3176;-109;7.157;20260420
BTS;Into the Sun;2994;926;0.128;20260420
SIENNA SPIRO;Die On This Hill;2963;-284;0.586;20260420
SherellHodge;Have You Ever;2929;-254;0.009;20260420
Ella Langley;you look like you love me;2905;374;1.138;20260420
Riley Green;you look like you love me;2905;374;1.138;20260420
Lady Gaga;Runway;2883;-953;0.115;20260420
Doechii;Runway;2883;-953;0.115;20260420
ANOTR;Talk To You;2820;-468;0.099;20260420
Benny Rivers;Step by Step in Time;2789;-554;0.011;20260420
IngaRose;Love Me When It’s Hard;2776;604;0.051;20260420
Sia;Unstoppable;2689;1712;7.549;20260420
Dermot Kennedy;Funeral;2657;1022;0.157;20260420
Ac/Dc;Thunderstruck;2644;94;4.041;20260420
Billie Eilish;BIRDS OF A FEATHER;2632;857;5.822;20260420
BTS;Hooligan;2603;472;0.178;20260420
Tyla;SHE DID IT AGAIN;2602;-1458;0.012;20260420
Draugr Balled;North wind calls;2564;-32;0.029;20260420
Miley Cyrus;Younger You;2554;341;0.134;20260420
iyah may;Good Citizen;2547;-977;0.021;20260420
Justin Bieber;YUKON;2514;800;0.19;20260420
Lewis Capaldi;Stay Love;2497;-140;0.008;20260420
Gordo;Loco Loco;2462;-60;0.125;20260420
Reinier Zonneveld;Loco Loco;2462;-60;0.125;20260420
Harry Styles;Aperture;2409;1472;0.565;20260420
Belles;Son of Jolene;2402;-620;0.009;20260420
Dolly Parton;Son of Jolene;2402;-620;0.009;20260420
Maphra;Circle With Me;2341;-1124;0.01;20260420
Noah Kahan;The Great Divide;2281;205;0.161;20260420
Mike Mana;No Fear Of Tomorrow;2245;-183;0.018;20260420
Bad Bunny;DtMF;2227;-1284;1.035;20260420
KATSEYE;PINKY UP;2203;-429;0.043;20260420
Bad Style;Silver Night;2152;730;0.017;20260420
Tender May;Silver Night;2152;730;0.017;20260420
Justin Bieber;Sorry;2139;1505;5.959;20260420
Madonna;Like a Prayer;2131;755;0.393;20260420
Justin Bieber;EVERYTHING HALLELUJAH;2119;1170;0.004;20260420
XXXTENTACION;Moonlight;2079;218;0.696;20260420
KAROL G;Si Antes Te Hubiera Conocido;2070;664;1.823;20260420
Boney M.;Rasputin;2067;661;0.488;20260420
Journey;Don't Stop Believin';2064;-154;3.636;20260420
RIIZE;KILL SHOT;2017;-136;0.004;20260420
Bad Bunny;NUEVAYoL;1982;8;0.816;20260420
Clannad;Theme from Harry's Game;1958;-761;0.022;20260420
Shaboozey;A Bar Song;1942;-33;4.743;20260420
RIIZE;Behind The Shine;1937;-542;0.006;20260420
Ella Langley;Bottom Of Your Boots;1933;-1;0.032;20260420
Luke Combs;Days Like These;1918;449;0.281;20260420
BURNIN' BRIDGES Ai Music;BLACK WATER DAMNED;1910;648;0.006;20260420
NCT WISH;Ode to Love;1889;1889;0.002;20260420
Teddy Swims;Lose Control;1879;-1141;7.328;20260420
Dominic Fike;White Keys;1870;1492;0.016;20260420
Eddie Dalton;Stay a Little Longer;1841;-300;0.089;20260420
The xx;Intro;1825;-476;0.91;20260420
Ella Langley;Dandelion;1807;-147;0.158;20260420
Disturbed;The Sound of Silence;1795;845;10.271;20260420
ROSALÍA;Berghain;1786;142;0.583;20260420
Björk;Berghain;1786;142;0.583;20260420
Yves Tumor;Berghain;1786;142;0.583;20260420
TOMORROW X TOGETHER;Stick With You;1779;-348;0.041;20260420
Dave;Raindance;1755;48;0.319;20260420
Tems;Raindance;1755;48;0.319;20260420
シャキーラ;Zoo;1720;26;0.011;20260420
The Kid LAROI;Stay;1716;416;3.564;20260420
Justin Bieber;Stay;1716;416;3.564;20260420
Lola Young;Messy;1714;-95;4.074;20260420
Montez;Glück;1694;379;0.004;20260420
Sido;Glück;1694;379;0.004;20260420
ROSALÍA;La Perla;1686;-78;0.351;20260420
Yahritza Y Su Esencia;La Perla;1686;-78;0.351;20260420
November Kid;Baby Can I Hold You;1675;786;0.003;20260420
Justin Bieber;Favorite Girl;1662;380;0.078;20260420
Eminem;Lose Yourself;1625;178;3.732;20260420
OFFICIAL HIGE DANDISM;Stardust;1600;-115;0.012;20260420
DONGHAE;HAErise;1573;1573;0.002;20260420
Mrs. GREEN APPLE;Wind and Town;1568;-32;0.011;20260420
sombr;Potential;1543;340;0.004;20260420
Sabrina Carpenter;Manchild;1541;713;0.851;20260420
VAUNDY;fly away;1538;-171;0.012;20260420
Zhang Zi Ning;一念《逐玉》主題曲;1509;-138;0.004;20260420
YKeophirun;一念《逐玉》主題曲;1509;-138;0.004;20260420
Giddymethat;Vote of No Confidence Ireland;1508;-9;0.013;20260420
MISIA;THE LAST DANCE WITH YOU;1508;1508;0.003;20260420
The Bausa;Magnetic;1507;-427;0.047;20260420
Biagio Antonacci;YOU & ME;1502;163;0.004;20260420
VAUNDY;idea ga afurete nemurenai;1501;1501;0.002;20260420
Lady Gaga;Always Remember Us This Way;1488;611;9.435;20260420
ROSÉ;APT.;1487;-889;6.354;20260420
Bruno Mars;APT.;1487;-889;6.354;20260420
David Guetta;Gone Gone Gone;1484;-392;0.966;20260420
Teddy Swims;Gone Gone Gone;1484;-392;0.966;20260420
Tones And I;Gone Gone Gone;1484;-392;0.966;20260420
Bella Kay;iloveitiloveitiloveit;1481;649;0.074;20260420
Aitana;SUPERESTRELLA;1479;204;0.2;20260420
Blasterjaxx;Désenchantée 3000;1462;-324;0.004;20260420
Kate Ryan;Désenchantée 3000;1462;-324;0.004;20260420
Westlife;Your Love Amazes Me;1460;-967;0.008;20260420
Tatsuya Kitani;HIDANE;1450;109;0.021;20260420
Bleu Soleil;Soleil Bleu;1443;152;0.613;20260420
LUIZA;Soleil Bleu;1443;152;0.613;20260420
Chappell Roan;Pink Pony Club;1431;-81;2.674;20260420
Official髭男dism;エルダーフラワー;1424;1424;0.001;20260420
Myles Smith;Stargazing;1424;184;2.558;20260420
Little Glee Monster;Ichirin;1422;297;0.007;20260420
Mrs. GREEN APPLE;lulu.;1421;124;0.16;20260420
Michael Jackson;Billie Jean;1419;241;0.693;20260420
CHARLOTTE AUSTIN;โชคดีที่สุดเลย;1416;1416;0.001;20260420
Sal da Vinci;Per sempre sì;1414;646;0.129;20260420
Sydnie Christmas;Run;1410;356;0.004;20260420
Ella Langley;Loving Life Again;1400;50;0.078;20260420
Maphra;Doomed;1385;-846;0.081;20260420
Sheena Taylor;I Denounce You Satan;1384;189;0.007;20260420
Jennifer Lopez;Save Me Tonight;1381;270;0.093;20260420
David Guetta;Save Me Tonight;1381;270;0.093;20260420
Justin Bieber;SPEED DEMON;1371;542;0.134;20260420
Coldplay;Viva la Vida;1371;432;6.962;20260420
Travis Japan;KAGENIMO-HINATANIMO;1368;-262;0.027;20260420
King Gnu;AIZO;1366;-70;0.185;20260420
Justin Bieber;That Should Be Me;1349;86;0.034;20260420
倉木麻衣;TOWA ～永久に風に乗る～;1341;-308;0.005;20260420
SOUL ARCHIVE ROOM;Let Them Talk;1340;432;0.003;20260420
Cody Johnson;I Want You;1316;-686;0.006;20260420
T.I.;LET 'EM KNOW;1315;-12;0.124;20260420
M!LK;Sukisugite METSU;1315;0;0.212;20260420
Eddie Dalton;Running To You;1302;259;0.162;20260420
The Killers;Mr. Brightside;1299;-770;1.671;20260420
Konomi Suzuki;Recollect;1290;-105;0.004;20260420
Ashnikko;Recollect;1290;-105;0.004;20260420
Zara Larsson;Midnight Sun;1274;-824;0.151;20260420
Blake Shelton;Let Him In Anyway;1270;1209;0.023;20260420
M!LK;Bakuretsu Aishiteru;1265;-25;0.09;20260420
Independentmusicart;Black Sheep;1259;-103;0.137;20260420
Angèle;What You Want;1256;-267;0.064;20260420
Justice;What You Want;1256;-267;0.064;20260420
Afro House Galaxy;Carry me home;1256;944;0.008;20260420
Amy Shark;The Biggest Dick;1241;-100;0.048;20260420
Tears for Fears;Everybody Wants to Rule the World;1237;-168;1.027;20260420
starly;Kavkaz;1229;-235;0.06;20260420
JJ Lin;Careful with Fate;1210;-212;0.068;20260420
Evanescence;Bring Me to Life;1199;219;1.614;20260420
Keisuke Kuwata;HITOTARASHI;1193;23;0.022;20260420
Christina Perri;A Thousand Years;1189;401;8.245;20260420
sombr;back to friends;1171;27;0.585;20260420
Aina The End;Luminous;1170;187;0.022;20260420
Riley Green;My Way;1158;-959;0.006;20260420
BTS;Like Animals;1156;573;0.192;20260420
Madonna;Vogue;1153;896;0.077;20260420
sakanaction;Yoru No Odoriko;1148;0;0.007;20260420
Christophe Maé;La lune;1116;377;0.065;20260420
BTS;For You;1116;-17;0.003;20260420
Luke Combs;Be By You;1112;-273;0.191;20260420
I Virtuosi Italiani;Experience;1107;425;0.269;20260420
Daniel Hope;Experience;1107;425;0.269;20260420
Sabrina Carpenter;Espresso;1099;-292;3.092;20260420
Bad Bunny;BAILE INoLVIDABLE;1097;640;0.47;20260420
米津玄師;IRIS OUT;1089;-35;0.086;20260420
RAYE;Click Clack Symphony.;1087;581;0.14;20260420
EVE;Wind's Anthem;1083;-158;0.009;20260420
Orangestar;Flower Raft;1070;68;0.002;20260420
Kato;Turn the Lights Off;1057;-694;0.359;20260420
Jon;Turn the Lights Off;1057;-694;0.359;20260420
Nicholas Britell;Succession;1055;619;0.4;20260420
GIUSEPPE ROCCASALVO;PENSIERO STUPENDO;1043;-301;0.048;20260420
HWASA;Good Goodbye;1043;224;0.365;20260420
FRIDA GOLD;Einfach weil ich's liebe;1041;132;0.009;20260420
Ricchi;Sarà perché ti amo;1032;-926;1.516;20260420
Poveri;Sarà perché ti amo;1032;-926;1.516;20260420
Eddie Dalton;Dreaming Of You;1031;35;0.03;20260420
Sarah Toscano;Atlantide;1012;511;0.014;20260420
Evanescence;Who Will You Follow;1008;-539;0.058;20260420
Kany García;A La Niña Que Fui;1004;-139;0.006;20260420
Madonna;I Feel So Free;17669;-2349;0.081;20260421
Olivia Rodrigo;drop dead;17548;3919;0.063;20260421
The Second Voice;LET ME BE;13219;1084;0.408;20260421
Justin Bieber;Beauty and a Beat;11725;-1317;2.209;20260421
IngaRose;Celebrate Me;11288;-224;0.182;20260421
BTS;SWIM;10760;-837;0.583;20260421
HUNTR/X;Golden;10633;-1601;4.634;20260421
EJAE;Golden;10633;-1601;4.634;20260421
AUDREY NUNA;Golden;10633;-1601;4.634;20260421
REI AMI;Golden;10633;-1601;4.634;20260421
KPop Demon Hunters Cast;Golden;10633;-1601;4.634;20260421
Justin Bieber;DAISIES;10603;-427;0.883;20260421
Alex Warren;Ordinary;10556;1329;5.395;20260421
RAYE;WHERE IS MY HUSBAND;9986;-898;2.327;20260421
Bruno Mars;I Just Might;8632;-870;1.39;20260421
Taylor Swift;The Fate of Ophelia;8134;-588;3.108;20260421
Bebe Rexha;New Religion;8103;248;0.365;20260421
Faithless;New Religion;8103;248;0.365;20260421
Ella Langley;Choosin' Texas;8002;176;0.908;20260421
j-hope;Future;7989;-403;0.081;20260421
Josh Fawaz;Like a Prayer;7604;325;0.048;20260421
Prince;With This Tear;7473;7473;0.007;20260421
Alex Warren;FEVER DREAM;7208;-1007;0.498;20260421
Olivia Dean;Man I Need;7138;175;2.182;20260421
Olivia Dean;So Easy;7049;184;1.271;20260421
Cameron Whitcomb;Kingdom of Fear;6685;2759;0.106;20260421
Tame Impala;Dracula;6613;-277;0.284;20260421
JENNIE;Dracula;6613;-277;0.284;20260421
Teddy Swims;Mr. Know It All;6201;1424;0.09;20260421
Eddie Dalton;Another Day Old;6164;-110;0.265;20260421
Bruno Mars;Risk It All;6062;113;0.409;20260421
Ragal Ironbull;VALHALLA CALLING;5834;52;0.118;20260421
Djo;End of Beginning;5549;-135;1.77;20260421
Céline Dion;Dansons;5526;-1658;0.032;20260421
Harry Styles;Sign of the Times;5264;-43;4.754;20260421
Justin Bieber;Baby;4934;-654;0.864;20260421
Zara Larsson;Lush Life;4745;37;2.627;20260421
Tame Impala;Dracula;4622;444;0.258;20260421
j-hope;Safety Zone;4527;-4396;0.079;20260421
sombr;Homewrecker;4368;348;0.282;20260421
Anyma;Bad Angel;4061;-895;0.071;20260421
LISA;Bad Angel;4061;-895;0.071;20260421
Taylor Swift;Opalite;4045;-2310;1.654;20260421
Billie Eilish;BIRDS OF A FEATHER;4035;1403;5.826;20260421
Harry Styles;American Girls;4006;-430;0.247;20260421
Eddie Dalton;Somewhere Along The Way;3954;-450;0.075;20260421
Lady Gaga;Runway;3902;1019;0.118;20260421
Doechii;Runway;3902;1019;0.118;20260421
Lady Gaga;Die With A Smile;3860;-297;7.347;20260421
Bruno Mars;Die With A Smile;3860;-297;7.347;20260421
Justin Bieber;One Less Lonely Girl;3854;165;0.033;20260421
mikeeysmind;Papaoutai;3824;-71;0.805;20260421
Chill77;Papaoutai;3824;-71;0.805;20260421
Unjaps;Papaoutai;3824;-71;0.805;20260421
HUGEL;Jamaican;3802;-513;0.296;20260421
SOLTO (FR);Jamaican;3802;-513;0.296;20260421
Lana Del Rey;First Light;3731;-2773;0.028;20260421
SOUL ARCHIVE ROOM;Let Them Talk;3605;2265;0.006;20260421
Disney;Zoo;3554;311;0.452;20260421
Shakira;Zoo;3554;311;0.452;20260421
BTS;2.0;3319;34;0.219;20260421
CORTIS;REDRED;3275;-314;0.007;20260421
BTS;Body to Body;3229;-588;0.277;20260421
iyah may;Good Citizen;3204;657;0.024;20260421
Ella Langley;Be Her;3127;-688;0.239;20260421
The Goo Goo Dolls;Iris;3026;-579;1.903;20260421
Sam Fender;Rein Me In;3004;-1004;0.484;20260421
Olivia Dean;Rein Me In;3004;-1004;0.484;20260421
SIENNA SPIRO;Die On This Hill;2999;36;0.589;20260421
Justin Bieber;EVERYTHING HALLELUJAH;2980;861;0.007;20260421
Ella Langley;you look like you love me;2956;51;1.141;20260421
Riley Green;you look like you love me;2956;51;1.141;20260421
Shakira;Zoo;2917;2867;0.58;20260421
KATSEYE;PINKY UP;2828;625;0.046;20260421
Benny Rivers;Step by Step in Time;2796;7;0.014;20260421
Beck;Ride Lonesome;2713;2713;0.003;20260421
Alessia Cara;Scars to Your Beautiful;2688;-593;1.265;20260421
Teddy Swims;Lose Control;2632;753;7.33;20260421
Miley Cyrus;Younger You;2631;77;0.137;20260421
Massive Attack;Boots on the Ground;2622;-2609;0.045;20260421
Tom Waits;Boots on the Ground;2622;-2609;0.045;20260421
Justin Bieber;YUKON;2557;43;0.192;20260421
Eminem;Lose Yourself;2524;899;3.735;20260421
Bad Bunny;NUEVAYoL;2485;503;0.819;20260421
sombr;12 to 12;2395;-1089;1.058;20260421
BTS;Hooligan;2388;-215;0.18;20260421
The xx;Intro;2387;562;0.912;20260421
David Guetta;Gone Gone Gone;2372;888;0.969;20260421
Teddy Swims;Gone Gone Gone;2372;888;0.969;20260421
Tones And I;Gone Gone Gone;2372;888;0.969;20260421
Draugr Balled;North wind calls;2368;-196;0.032;20260421
Bad Style;Silver Night;2322;170;0.019;20260421
Tender May;Silver Night;2322;170;0.019;20260421
BURNIN' BRIDGES Ai Music;BLACK WATER DAMNED;2320;410;0.008;20260421
SherellHodge;Have You Ever;2287;-642;0.012;20260421
Bad Bunny;DtMF;2254;27;1.037;20260421
Gordo;Loco Loco;2227;-235;0.128;20260421
Reinier Zonneveld;Loco Loco;2227;-235;0.128;20260421
Ella Langley;Bottom Of Your Boots;2218;285;0.034;20260421
Mike Mana;No Fear Of Tomorrow;2174;-71;0.021;20260421
Noah Kahan;The Great Divide;2115;-166;0.163;20260421
ANOTR;Talk To You;2115;-705;0.101;20260421
ROSALÍA;La Perla;2036;350;0.353;20260421
Yahritza Y Su Esencia;La Perla;2036;350;0.353;20260421
IngaRose;Love Me When It’s Hard;1985;-791;0.053;20260421
Marc Rebillet;Your New Morning Alarm;1971;1577;0.684;20260421
Dermot Kennedy;Funeral;1965;-692;0.159;20260421
Shaboozey;A Bar Song;1950;8;4.745;20260421
Boney M.;Rasputin;1942;-125;0.49;20260421
NCT WISH;Ode to Love;1929;40;0.004;20260421
Tyla;SHE DID IT AGAIN;1901;-701;0.014;20260421
Clannad;Theme from Harry's Game;1889;-69;0.024;20260421
CortexUS;Not Broken;1875;1183;0.006;20260421
Dave;Raindance;1853;98;0.321;20260421
Tems;Raindance;1853;98;0.321;20260421
Lola Young;Messy;1837;123;4.076;20260421
Lewis Capaldi;Stay Love;1830;-667;0.01;20260421
HAN;Let It Show;1817;1817;0.002;20260421
Sia;Unstoppable;1765;-924;7.551;20260421
Michael Jackson;Billie Jean;1708;289;0.695;20260421
DONGHAE;HAErise;1674;101;0.003;20260421
Belles;Son of Jolene;1655;-747;0.011;20260421
Dolly Parton;Son of Jolene;1655;-747;0.011;20260421
Benson Boone;Beautiful Things;1633;-1543;7.159;20260421
Ac/Dc;Thunderstruck;1625;-1019;4.042;20260421
Kato;Turn the Lights Off;1607;550;0.36;20260421
Jon;Turn the Lights Off;1607;550;0.36;20260421
OFFICIAL HIGE DANDISM;Stardust;1600;0;0.013;20260421
VAUNDY;fly away;1592;54;0.013;20260421
Vaundy;イデアが溢れて眠れない;1580;1580;0.002;20260421
Justin Bieber;SPEED DEMON;1579;208;0.136;20260421
Mrs. GREEN APPLE;Wind and Town;1568;0;0.013;20260421
ROSÉ;APT.;1562;75;6.355;20260421
Bruno Mars;APT.;1562;75;6.355;20260421
RIIZE;Behind The Shine;1557;-380;0.007;20260421
Eddie Dalton;Stay a Little Longer;1529;-312;0.091;20260421
Lady Gaga;Always Remember Us This Way;1521;33;9.436;20260421
OFFICIAL HIGE DANDISM;Elderflower;1519;1519;0.033;20260421
MISIA;THE LAST DANCE WITH YOU;1508;0;0.005;20260421
Teddy Swims;The Door;1505;683;3.888;20260421
RIIZE;KILL SHOT;1497;-520;0.006;20260421
Sabrina Carpenter;Espresso;1489;390;3.094;20260421
The Kid LAROI;Stay;1489;-227;3.566;20260421
Justin Bieber;Stay;1489;-227;3.566;20260421
Zenaya;J'en Ai Rien À Foutre;1465;512;0.016;20260421
Tatsuya Kitani;HIDANE;1450;0;0.023;20260421
ZAYN;Raise the Dead;1445;1445;0.001;20260421
Survivor;Eye of the Tiger;1442;776;2.438;20260421
GroßstadtEngel;Gute Laune;1420;418;0.325;20260421
Aitana;SUPERESTRELLA;1417;-62;0.201;20260421
Guns N' Roses;Sweet Child o' Mine;1406;908;2.376;20260421
The Bausa;Magnetic;1399;-108;0.048;20260421
Justin Bieber;That Should Be Me;1398;49;0.035;20260421
Hiroji Miyamoto;I love jinsei;1395;1395;0.001;20260421
Ella Langley;Dandelion;1383;-424;0.159;20260421
XXXTENTACION;Moonlight;1369;-710;0.697;20260421
Little Glee Monster;Ichirin;1368;-54;0.009;20260421
Konomi Suzuki;Recollect;1341;51;0.005;20260421
Ashnikko;Recollect;1341;51;0.005;20260421
TOMORROW X TOGETHER;Stick With You;1330;-449;0.042;20260421
BTS;Into the Sun;1318;-1676;0.13;20260421
Giddymethat;Vote of No Confidence Ireland;1315;-193;0.014;20260421
M!LK;Bakuretsu Aishiteru;1315;50;0.092;20260421
Justin Bieber;One Time;1313;1069;0.038;20260421
Westlife;Your Love Amazes Me;1310;-150;0.009;20260421
Andy Grammer;Don’t Give Up on Me;1307;1307;0.181;20260421
Dexter and The Moonrocks;Freakin’ Out;1293;377;0.022;20260421
M!LK;Sukisugite METSU;1290;-25;0.213;20260421
starly;Kavkaz;1284;55;0.061;20260421
Ryan Bingham;Blue Skies;1281;1281;0.001;20260421
EVE;Wind's Anthem;1265;182;0.011;20260421
BTS;Like Animals;1262;106;0.194;20260421
Ella Langley;Loving Life Again;1259;-141;0.08;20260421
Aina The End;Luminous;1241;71;0.023;20260421
Harry Styles;Aperture;1239;-1170;0.567;20260421
Prince;Purple Rain;1226;548;0.677;20260421
The Revolution;Purple Rain;1226;548;0.677;20260421
Noah Kahan;Porch Light;1224;301;0.044;20260421
T.O.P;Studio54;1224;706;0.014;20260421
Failure;The Rising Skyline;1218;1218;0.001;20260421
Hayley Williams;The Rising Skyline;1218;1218;0.001;20260421
King Gnu;AIZO;1217;-149;0.186;20260421
KAROL G;Si Antes Te Hubiera Conocido;1215;-855;1.824;20260421
Biagio Antonacci;YOU & ME;1211;-291;0.005;20260421
Dire Straits;Sultans of Swing;1205;883;0.588;20260421
Blasterjaxx;Désenchantée 3000;1198;-264;0.005;20260421
Kate Ryan;Désenchantée 3000;1198;-264;0.005;20260421
The Killers;Mr. Brightside;1195;-104;1.672;20260421
Tobee;Mon Amour;1193;561;0.002;20260421
Mrs. GREEN APPLE;lulu.;1193;-228;0.161;20260421
HAVEN.;I Run;1192;511;0.431;20260421
Kaitlin Aragon;I Run;1192;511;0.431;20260421
Coldplay;Viva la Vida;1187;-184;6.963;20260421
Devin Townsend;Home at Night;1180;1180;0.001;20260421
Disturbed;The Sound of Silence;1178;-617;10.272;20260421
Luke Combs;Days Like These;1171;-747;0.282;20260421
Christina Perri;A Thousand Years;1171;-18;8.246;20260421
FRIDA GOLD;Einfach weil ich's liebe;1170;129;0.011;20260421
sakanaction;Yoru No Odoriko;1170;22;0.008;20260421
Sheena Taylor;I Denounce You Satan;1154;-230;0.008;20260421
Otonose Kanade;You & aIzu;1150;1150;0.001;20260421
Keisuke Kuwata;HITOTARASHI;1148;-45;0.023;20260421
Evanescence;Bring Me to Life;1134;-65;1.616;20260421
Chappell Roan;Pink Pony Club;1131;-300;2.675;20260421
倉木麻衣;TOWA ～永久に風に乗る～;1125;-216;0.006;20260421
Kenshi Yonezu;IRIS OUT;1123;1123;0.346;20260421
Bad Bunny;BAILE INoLVIDABLE;1115;18;0.471;20260421
Milky;Just the Way You Are;1111;313;0.062;20260421
Sabrina Carpenter;Manchild;1111;-430;0.852;20260421
T.I.;LET 'EM KNOW;1104;-211;0.125;20260421
Charlie Puth;Love In Exile;1095;109;0.012;20260421
Michael McDonald;Love In Exile;1095;109;0.012;20260421
Kenny Loggins;Love In Exile;1095;109;0.012;20260421
Zhang Zi Ning;一念(电视剧《逐玉》插曲);1095;266;0.055;20260421
Rex;一念(电视剧《逐玉》插曲);1095;266;0.055;20260421
Disco Lines;No Broke Boys;1087;203;1.253;20260421
Tinashe;No Broke Boys;1087;203;1.253;20260421
Maphra;Doomed;1084;-301;0.082;20260421
JJ Lin;Careful with Fate;1082;-128;0.069;20260421
Travis Japan;KAGENIMO-HINATANIMO;1074;-294;0.028;20260421
sombr;Potential;1062;-481;0.006;20260421
Angèle;What You Want;1056;-200;0.065;20260421
Justice;What You Want;1056;-200;0.065;20260421
BTS;NORMAL;1053;150;0.203;20260421
Myles Smith;Stargazing;1052;-372;2.559;20260421
Enigma;The Child In Us;1052;298;0.187;20260421
4 Non Blondes;What's Up;1044;348;1.31;20260421
Luke Combs;Be By You;1034;-78;0.192;20260421
Paul McCartney;Days We Left Behind;1033;711;0.08;20260421
BTS;Dynamite;1025;275;3.662;20260421
Hozier;Too Sweet;1023;468;3.043;20260421
Lize Helesta;Endless Dreamer;1021;1021;0.001;20260421
Nui Sociere;Endless Dreamer;1021;1021;0.001;20260421
Kagami Hayato;Endless Dreamer;1021;1021;0.001;20260421
Sou Hayase;Endless Dreamer;1021;1021;0.001;20260421
Eddie Dalton;Dreaming Of You;1006;-25;0.031;20260421
Amy Shark;The Biggest Dick;1002;-239;0.049;20260421
Orangestar;Flower Raft;1002;-68;0.003;20260421
HWASA;Good Goodbye;999;-44;0.366;20260421
Olivia Rodrigo;drop dead;22154;4606;0.085;20260422
Madonna;I Feel So Free;14481;-3188;0.096;20260422
The Second Voice;LET ME BE;13071;-148;0.421;20260422
IngaRose;Celebrate Me;11425;137;0.194;20260422
Justin Bieber;DAISIES;10819;216;0.894;20260422
HUNTR/X;Golden;10499;-134;4.644;20260422
EJAE;Golden;10499;-134;4.644;20260422
AUDREY NUNA;Golden;10499;-134;4.644;20260422
REI AMI;Golden;10499;-134;4.644;20260422
KPop Demon Hunters Cast;Golden;10499;-134;4.644;20260422
Justin Bieber;Beauty and a Beat;10254;-1471;2.219;20260422
Alex Warren;Ordinary;10030;-526;5.405;20260422
BTS;SWIM;8941;-1819;0.592;20260422
RAYE;WHERE IS MY HUSBAND;8752;-1234;2.336;20260422
Bruno Mars;I Just Might;8083;-549;1.398;20260422
Bebe Rexha;New Religion;7643;-460;0.373;20260422
Faithless;New Religion;7643;-460;0.373;20260422
Taylor Swift;The Fate of Ophelia;7640;-494;3.115;20260422
mgk;FIX UR FACE;7632;7632;0.008;20260422
Fred Durst;FIX UR FACE;7632;7632;0.008;20260422
Prince;With This Tear;7501;28;0.015;20260422
Cameron Whitcomb;Kingdom of Fear;7496;811;0.113;20260422
Ella Langley;Choosin' Texas;7202;-800;0.916;20260422
Alex Warren;FEVER DREAM;6739;-469;0.505;20260422
Josh Fawaz;Like a Prayer;6593;-1011;0.054;20260422
Olivia Dean;So Easy;6380;-669;1.277;20260422
SOUL ARCHIVE ROOM;Let Them Talk;6294;2689;0.013;20260422
Olivia Dean;Man I Need;6207;-931;2.188;20260422
Eddie Dalton;Another Day Old;5487;-677;0.27;20260422
Tame Impala;Dracula;5358;-1255;0.289;20260422
JENNIE;Dracula;5358;-1255;0.289;20260422
Bruno Mars;Risk It All;5252;-810;0.414;20260422
Taylor Swift;Opalite;5183;1138;1.659;20260422
Justin Bieber;EVERYTHING HALLELUJAH;5043;2063;0.013;20260422
Teddy Swims;Mr. Know It All;4909;-1292;0.095;20260422
Harry Styles;American Girls;4622;616;0.251;20260422
Ragal Ironbull;VALHALLA CALLING;4526;-1308;0.123;20260422
Harry Styles;Sign of the Times;4491;-773;4.758;20260422
Zara Larsson;Lush Life;4113;-632;2.631;20260422
ZAYN;Raise the Dead;4036;2591;0.005;20260422
Justin Bieber;Baby;3984;-950;0.868;20260422
ZAYN;Bad For You;3717;2769;0.005;20260422
Céline Dion;Dansons;3700;-1826;0.036;20260422
Djo;End of Beginning;3680;-1869;1.774;20260422
Tame Impala;Dracula;3671;-951;0.262;20260422
The Goo Goo Dolls;Iris;3509;483;1.907;20260422
Eddie Dalton;Somewhere Along The Way;3484;-470;0.079;20260422
CORTIS;REDRED;3426;151;0.01;20260422
BTS;2.0;3405;86;0.222;20260422
sombr;Homewrecker;3393;-975;0.285;20260422
Ella Langley;Be Her;3289;162;0.242;20260422
Anyma;Bad Angel;3282;-779;0.074;20260422
LISA;Bad Angel;3282;-779;0.074;20260422
j-hope;Future;3217;-4772;0.084;20260422
Sam Fender;Rein Me In;3179;175;0.488;20260422
Olivia Dean;Rein Me In;3179;175;0.488;20260422
Lady Gaga;Runway;3169;-733;0.122;20260422
Doechii;Runway;3169;-733;0.122;20260422
BTS;Hooligan;3161;773;0.183;20260422
Benny Rivers;Step by Step in Time;3153;357;0.017;20260422
Lady Gaga;Die With A Smile;3131;-729;7.35;20260422
Bruno Mars;Die With A Smile;3131;-729;7.35;20260422
SIENNA SPIRO;Die On This Hill;2925;-74;0.592;20260422
BTS;Body to Body;2914;-315;0.28;20260422
mikeeysmind;Papaoutai;2905;-919;0.808;20260422
Chill77;Papaoutai;2905;-919;0.808;20260422
Unjaps;Papaoutai;2905;-919;0.808;20260422
Disney;Zoo;2773;-781;0.455;20260422
Shakira;Zoo;2773;-781;0.455;20260422
Dean Lewis;How Do I Say Goodbye;2709;2629;2.261;20260422
Deine Cousine;Zu wissen, dass wir zählen;2542;2542;0.003;20260422
Shaboozey;A Bar Song;2524;574;4.747;20260422
Unheilig;Deine Liebe;2489;2489;0.002;20260422
Eminem;Lose Yourself;2446;-78;3.737;20260422
Billie Eilish;BIRDS OF A FEATHER;2424;-1611;5.828;20260422
David Guetta;Gone Gone Gone;2367;-5;0.971;20260422
Teddy Swims;Gone Gone Gone;2367;-5;0.971;20260422
Tones And I;Gone Gone Gone;2367;-5;0.971;20260422
Miley Cyrus;Younger You;2367;-264;0.139;20260422
Harry Styles;Aperture;2361;1122;0.569;20260422
SherellHodge;Have You Ever;2339;52;0.014;20260422
Marc Rebillet;Your New Morning Alarm;2312;341;0.687;20260422
Bad Style;Silver Night;2292;-30;0.021;20260422
Tender May;Silver Night;2292;-30;0.021;20260422
Zhang Zi Ning;一念(电视剧《逐玉》插曲);2243;1148;0.057;20260422
Rex;一念(电视剧《逐玉》插曲);2243;1148;0.057;20260422
iyah may;Good Citizen;2230;-974;0.026;20260422
Lana Del Rey;First Light;2197;-1534;0.03;20260422
Michael Jackson;Billie Jean;2194;486;0.697;20260422
BURNIN' BRIDGES Ai Music;BLACK WATER DAMNED;2159;-161;0.011;20260422
Johannes Oerding;Langsam;2080;2080;0.002;20260422
CortexUS;Not Broken;2054;179;0.008;20260422
ANOTR;Talk To You;2041;-74;0.103;20260422
Mark Forster;Neuer Tag;2039;2039;0.002;20260422
HUGEL;Jamaican;1987;-1815;0.298;20260422
SOLTO (FR);Jamaican;1987;-1815;0.298;20260422
BTS;Into the Sun;1985;667;0.132;20260422
FRIDA GOLD;Einfach weil ich's liebe;1977;807;0.012;20260422
Bad Bunny;NUEVAYoL;1975;-510;0.821;20260422
Noah Kahan;The Great Divide;1921;-194;0.165;20260422
.ENDRECHERI.;Heart of Rainbow;1916;1352;0.002;20260422
Ado;KIRA;1915;1591;0.002;20260422
Katy Perry;The One That Got Away;1893;1524;1.354;20260422
Dexter and The Moonrocks;Freakin’ Out;1882;589;0.024;20260422
treamiboii;Nackt vor deiner Tür;1867;1867;0.002;20260422
Giovanni Zarrella;Wovon sollen wir träumen;1862;1862;0.002;20260422
Ella Langley;Bottom Of Your Boots;1861;-357;0.036;20260422
The xx;Intro;1849;-538;0.914;20260422
Bad Bunny;DtMF;1817;-437;1.039;20260422
Yorushika;Bubble;1779;834;0.003;20260422
sombr;12 to 12;1771;-624;1.06;20260422
Journey;Don't Stop Believin';1765;823;3.639;20260422
Tyla;SHE DID IT AGAIN;1758;-143;0.016;20260422
Lewis Capaldi;Stay Love;1724;-106;0.012;20260422
KAROL G;Si Antes Te Hubiera Conocido;1696;481;1.826;20260422
FRIDA GOLD;Neuer Tag;1684;1684;0.002;20260422
Justin Bieber;One Less Lonely Girl;1681;-2173;0.035;20260422
Ella Langley;you look like you love me;1678;-1278;1.143;20260422
Riley Green;you look like you love me;1678;-1278;1.143;20260422
Gordo;Loco Loco;1661;-566;0.129;20260422
Reinier Zonneveld;Loco Loco;1661;-566;0.129;20260422
OFFICIAL HIGE DANDISM;Stardust;1648;48;0.015;20260422
The Bausa;Magnetic;1628;229;0.05;20260422
Beck;Ride Lonesome;1625;-1088;0.004;20260422
Mrs. GREEN APPLE;Wind and Town;1600;32;0.014;20260422
Lola Young;Messy;1598;-239;4.077;20260422
Ella Langley;Dandelion;1582;199;0.161;20260422
Ac/Dc;Thunderstruck;1580;-45;4.044;20260422
Evanescence;Who Will You Follow;1579;583;0.061;20260422
Justin Bieber;YUKON;1550;-1007;0.194;20260422
Disco Lines;No Broke Boys;1549;462;1.255;20260422
Tinashe;No Broke Boys;1549;462;1.255;20260422
T.I.;LET 'EM KNOW;1537;433;0.126;20260422
Teddy Swims;Bad Dreams;1533;661;3.524;20260422
Justin Bieber;SPEED DEMON;1517;-62;0.137;20260422
シャキーラ;Zoo;1508;1508;0.013;20260422
Benson Boone;Beautiful Things;1495;-138;7.16;20260422
VAUNDY;fly away;1479;-113;0.015;20260422
NCT WISH;Ode to Love;1464;-465;0.005;20260422
MISIA;ラストダンスあなたと;1459;1459;0.006;20260422
KATSEYE;PINKY UP;1457;-1371;0.047;20260422
ROSALÍA;La Perla;1450;-586;0.354;20260422
Yahritza Y Su Esencia;La Perla;1450;-586;0.354;20260422
ROSÉ;APT.;1447;-115;6.357;20260422
Bruno Mars;APT.;1447;-115;6.357;20260422
Dave;Raindance;1446;-407;0.322;20260422
Tems;Raindance;1446;-407;0.322;20260422
Dave Mason;We Just Disagree;1442;1442;0.009;20260422
FRIDA GOLD;Mein Leben;1427;1427;0.001;20260422
Michael Jackson;Beat It;1427;1344;0.385;20260422
SOUL ARCHIVE ROOM;You Just Lost Me;1396;1396;0.001;20260422
VAUNDY;idea ga afurete nemurenai;1395;1395;0.003;20260422
Draugr Balled;North wind calls;1393;-975;0.033;20260422
Kato;Turn the Lights Off;1392;-215;0.362;20260422
Jon;Turn the Lights Off;1392;-215;0.362;20260422
Teddy Swims;Lose Control;1391;-1241;7.332;20260422
i-dle;HIDE AND SEEK;1390;1390;0.001;20260422
Boney M.;Rasputin;1382;-560;0.491;20260422
XXXTENTACION;Moonlight;1380;11;0.699;20260422
Coldplay;Viva la Vida;1376;189;6.965;20260422
Milky;Just the Way You Are;1375;264;0.064;20260422
Dermot Kennedy;Funeral;1375;-590;0.16;20260422
w-inds.;Endless Moment;1372;1372;0.001;20260422
Tatsuya Kitani;HIDANE;1368;-82;0.024;20260422
Noah Kahan;Porch Light;1351;127;0.045;20260422
Gotye;Somebody That I Used to Know;1350;1057;12.131;20260422
M!LK;Bakuretsu Aishiteru;1341;26;0.093;20260422
M!LK;Sukisugite METSU;1315;25;0.214;20260422
Deine Cousine;Chöre;1309;786;0.004;20260422
Frida Gold;Wovon sollen wir träumen;1305;1305;0.189;20260422
Aitana;SUPERESTRELLA;1304;-113;0.202;20260422
Prince;Purple Rain;1295;69;0.678;20260422
The Revolution;Purple Rain;1295;69;0.678;20260422
OFFICIAL HIGE DANDISM;Elderflower;1290;-229;0.035;20260422
Massive Attack;Boots on the Ground;1290;-1332;0.047;20260422
Tom Waits;Boots on the Ground;1290;-1332;0.047;20260422
Teddy Swims;The Door;1286;-219;3.889;20260422
Hiromitsu Kitayama;ULTRA;1265;583;0.002;20260422
JJ Lin;Careful with Fate;1261;179;0.071;20260422
Unheilig;Liebe ist meine Rebellion;1241;505;0.009;20260422
Amy Shark;The Biggest Dick;1241;239;0.05;20260422
Hiroji Miyamoto;I love jinsei;1241;-154;0.003;20260422
Luke Combs;Days Like These;1222;51;0.283;20260422
BTS;Like Animals;1218;-44;0.195;20260422
Eclipse;Sudden Shower;1218;312;0.407;20260422
Little Glee Monster;Ichirin;1217;-151;0.01;20260422
King Gnu;AIZO;1202;-15;0.187;20260422
BTS;NORMAL;1202;149;0.204;20260422
Andy Grammer;Don’t Give Up on Me;1201;-106;0.182;20260422
Konomi Suzuki;Recollect;1193;-148;0.007;20260422
Ashnikko;Recollect;1193;-148;0.007;20260422
Michael Jackson;Thriller;1187;667;0.875;20260422
Zara Larsson;Midnight Sun;1187;335;0.153;20260422
Chappell Roan;Pink Pony Club;1184;53;2.676;20260422
Maisie Peters;Kingmaker;1184;1184;0.001;20260422
Kvi Baba;Bpm;1170;1170;0.001;20260422
HAN;Let It Show;1153;-664;0.003;20260422
sakanaction;Yoru No Odoriko;1148;-22;0.01;20260422
IngaRose;Love Me When It’s Hard;1131;-854;0.054;20260422
ROSALÍA;Berghain;1127;656;0.585;20260422
Björk;Berghain;1127;656;0.585;20260422
Yves Tumor;Berghain;1127;656;0.585;20260422
Tream;Alle wie eins;1125;612;0.004;20260422
treamiboii;Alle wie eins;1125;612;0.004;20260422
EVE;Wind's Anthem;1125;-140;0.012;20260422
Mike Mana;No Fear Of Tomorrow;1123;-1051;0.022;20260422
Angèle;What You Want;1122;66;0.066;20260422
Justice;What You Want;1122;66;0.066;20260422
SOUL ARCHIVE ROOM;Last Flame;1121;1121;0.001;20260422
Clannad;Theme from Harry's Game;1087;-802;0.025;20260422
MELLOW DEAR US;Aquarium;1083;715;0.001;20260422
The Kid LAROI;Stay;1082;-407;3.567;20260422
Justin Bieber;Stay;1082;-407;3.567;20260422
The Cranberries;Dreams;1070;453;0.889;20260422
Eddie Dalton;Stay a Little Longer;1069;-460;0.092;20260422
Ricchi;Sarà perché ti amo;1068;254;1.518;20260422
Poveri;Sarà perché ti amo;1068;254;1.518;20260422
MELLOW DEAR US;Femme fatale;1062;732;0.001;20260422
Luke Combs;Be By You;1050;16;0.193;20260422
Disturbed;The Sound of Silence;1049;-129;10.273;20260422
Mark Forster;Unter einen Hut;1041;508;0.004;20260422
Keisuke Kuwata;HITOTARASHI;1041;-107;0.024;20260422
Mrs. GREEN APPLE;lulu.;1031;-162;0.162;20260422
Samurai Jay;OSSESSIONE;1027;288;0.056;20260422
Giovanni Zarrella;Sehnsucht;1021;868;0.003;20260422
Aina The End;Luminous;1021;-220;0.024;20260422
Ella Langley;Loving Life Again;1017;-242;0.081;20260422
Christina Perri;A Thousand Years;1012;-159;8.247;20260422
TOMORROW X TOGETHER;Stick With You;1004;-326;0.043;20260422
Nozomi Madoka;Sugar Rush;1004;733;0.001;20260422
RIIZE;Behind The Shine;995;-562;0.008;20260422
Blasterjaxx;Désenchantée 3000;994;-204;0.006;20260422
Kate Ryan;Désenchantée 3000;994;-204;0.006;20260422
米津玄師;IRIS OUT;983;983;0.087;20260422
Tears for Fears;Everybody Wants to Rule the World;982;38;1.029;20260422
Michael Bennett;After I'm Gone;978;666;0.034;20260422
Olivia Rodrigo;drop dead;21160;-994;0.106;20260423
The Second Voice;LET ME BE;13357;286;0.434;20260423
IngaRose;Celebrate Me;12259;834;0.206;20260423
Madonna;I Feel So Free;12113;-2368;0.108;20260423
HUNTR/X;Golden;10257;-242;4.655;20260423
EJAE;Golden;10257;-242;4.655;20260423
AUDREY NUNA;Golden;10257;-242;4.655;20260423
REI AMI;Golden;10257;-242;4.655;20260423
KPop Demon Hunters Cast;Golden;10257;-242;4.655;20260423
Alex Warren;Ordinary;10019;-11;5.415;20260423
Justin Bieber;Beauty and a Beat;9755;-499;2.229;20260423
Bruno Mars;I Just Might;9376;1293;1.408;20260423
RAYE;WHERE IS MY HUSBAND;9314;562;2.345;20260423
Alex Warren;FEVER DREAM;9250;2511;0.514;20260423
Cameron Whitcomb;Kingdom of Fear;8947;1451;0.122;20260423
BTS;SWIM;8814;-127;0.601;20260423
Justin Bieber;DAISIES;8720;-2099;0.902;20260423
Bebe Rexha;New Religion;8132;489;0.381;20260423
Faithless;New Religion;8132;489;0.381;20260423
Ella Langley;Choosin' Texas;7946;744;0.924;20260423
Duran Duran;Free to Love;7771;7771;0.008;20260423
Taylor Swift;The Fate of Ophelia;7401;-239;3.123;20260423
Josh Fawaz;Like a Prayer;7016;423;0.061;20260423
mgk;FIX UR FACE;7005;-627;0.015;20260423
Fred Durst;FIX UR FACE;7005;-627;0.015;20260423
Tame Impala;Dracula;6746;1388;0.296;20260423
JENNIE;Dracula;6746;1388;0.296;20260423
Olivia Dean;Man I Need;6040;-167;2.194;20260423
Olivia Dean;So Easy;5771;-609;1.283;20260423
Eddie Dalton;Another Day Old;5608;121;0.276;20260423
Taylor Swift;Opalite;5280;97;1.664;20260423
Ragal Ironbull;VALHALLA CALLING;4783;257;0.128;20260423
Bruno Mars;Risk It All;4605;-647;0.419;20260423
SOUL ARCHIVE ROOM;Let Them Talk;4561;-1733;0.017;20260423
Justin Bieber;EVERYTHING HALLELUJAH;4405;-638;0.017;20260423
Tame Impala;Dracula;4362;691;0.266;20260423
Harry Styles;Sign of the Times;4350;-141;4.762;20260423
sombr;Homewrecker;4328;935;0.29;20260423
Teddy Swims;Mr. Know It All;4278;-631;0.099;20260423
Dean Lewis;How Do I Say Goodbye;4116;1407;2.265;20260423
Djo;End of Beginning;3974;294;1.778;20260423
Zara Larsson;Lush Life;3757;-356;2.634;20260423
Lady Gaga;Runway;3676;507;0.125;20260423
Doechii;Runway;3676;507;0.125;20260423
Prince;With This Tear;3627;-3874;0.019;20260423
mikeeysmind;Papaoutai;3522;617;0.812;20260423
Chill77;Papaoutai;3522;617;0.812;20260423
Unjaps;Papaoutai;3522;617;0.812;20260423
Harry Styles;American Girls;3464;-1158;0.255;20260423
Lady Gaga;Die With A Smile;3374;243;7.354;20260423
Bruno Mars;Die With A Smile;3374;243;7.354;20260423
SIENNA SPIRO;Die On This Hill;3373;448;0.596;20260423
HUGEL;Jamaican;3370;1383;0.301;20260423
SOLTO (FR);Jamaican;3370;1383;0.301;20260423
Céline Dion;Dansons;3368;-332;0.039;20260423
Michael Jackson;Billie Jean;3161;967;0.7;20260423
The Goo Goo Dolls;Iris;3080;-429;1.91;20260423
Justin Bieber;Baby;3067;-917;0.871;20260423
BTS;2.0;3038;-367;0.225;20260423
Ella Langley;Be Her;2945;-344;0.245;20260423
Disney;Zoo;2941;168;0.458;20260423
Shakira;Zoo;2941;168;0.458;20260423
Sam Fender;Rein Me In;2846;-333;0.49;20260423
Olivia Dean;Rein Me In;2846;-333;0.49;20260423
Noah Kahan;The Great Divide;2838;917;0.168;20260423
sombr;12 to 12;2793;1022;1.062;20260423
Eminem;Lose Yourself;2767;321;3.74;20260423
Anyma;Bad Angel;2761;-521;0.077;20260423
LISA;Bad Angel;2761;-521;0.077;20260423
CORTIS;REDRED;2742;-684;0.013;20260423
ANOTR;Talk To You;2650;609;0.106;20260423
BTS;Hooligan;2553;-608;0.186;20260423
CortexUS;Not Broken;2527;473;0.011;20260423
Benny Rivers;Step by Step in Time;2506;-647;0.02;20260423
Eddie Dalton;Somewhere Along The Way;2464;-1020;0.081;20260423
ZAYN;Raise the Dead;2457;-1579;0.008;20260423
Aiyana-Lee;Housebroken;2417;1761;0.122;20260423
Zhang Zi Ning;一念(电视剧《逐玉》插曲);2361;118;0.06;20260423
Rex;一念(电视剧《逐玉》插曲);2361;118;0.06;20260423
Kim Petras;Need For Speed;2361;2361;0.002;20260423
Michael Jackson;Beat It;2336;909;0.388;20260423
Dimmu Borgir;Ascent;2185;2185;0.002;20260423
Chappell Roan;Pink Pony Club;2138;954;2.678;20260423
Shaboozey;A Bar Song;2137;-387;4.75;20260423
ZAYN;Bad For You;2043;-1674;0.007;20260423
Airbourne;Alive After Death;2005;1083;0.003;20260423
Marc Rebillet;Your New Morning Alarm;1999;-313;0.689;20260423
SOUL ARCHIVE ROOM;You Just Lost Me;1926;530;0.003;20260423
Ado;KIRA;1923;8;0.004;20260423
Ella Langley;you look like you love me;1910;232;1.145;20260423
Riley Green;you look like you love me;1910;232;1.145;20260423
Miley Cyrus;Younger You;1910;-457;0.141;20260423
Unheilig;Deine Liebe;1894;-595;0.004;20260423
Justin Bieber;YUKON;1894;344;0.196;20260423
Sia;Unstoppable;1890;1027;7.553;20260423
Dave Mason;We Just Disagree;1877;435;0.011;20260423
Muse;Cryogen;1868;1868;0.002;20260423
KAROL G;Si Antes Te Hubiera Conocido;1859;163;1.827;20260423
Michael Jackson;Thriller;1859;672;0.877;20260423
Draugr Balled;North wind calls;1859;466;0.035;20260423
BURNIN' BRIDGES Ai Music;BLACK WATER DAMNED;1847;-312;0.012;20260423
David Guetta;Gone Gone Gone;1847;-520;0.973;20260423
Teddy Swims;Gone Gone Gone;1847;-520;0.973;20260423
Tones And I;Gone Gone Gone;1847;-520;0.973;20260423
Lola Young;Messy;1845;247;4.079;20260423
Gordo;Loco Loco;1839;178;0.131;20260423
Reinier Zonneveld;Loco Loco;1839;178;0.131;20260423
Noah Kahan;Porch Light;1839;488;0.047;20260423
Ac/Dc;Thunderstruck;1818;238;4.046;20260423
SherellHodge;Have You Ever;1776;-563;0.016;20260423
BTS;Body to Body;1766;-1148;0.282;20260423
Deine Cousine;Zu wissen, dass wir zählen;1763;-779;0.004;20260423
Bad Bunny;DtMF;1737;-80;1.041;20260423
Benson Boone;Beautiful Things;1716;221;7.162;20260423
Yorushika;Bubble;1690;-89;0.004;20260423
The xx;Intro;1662;-187;0.916;20260423
Bad Bunny;NUEVAYoL;1636;-339;0.822;20260423
Ella Langley;Bottom Of Your Boots;1617;-244;0.038;20260423
Ella Langley;Dandelion;1617;35;0.162;20260423
Inpatient;Instigator;1616;1616;0.002;20260423
Ren;Instigator;1616;1616;0.002;20260423
Chris Webby;Instigator;1616;1616;0.002;20260423
シャキーラ;Zoo;1614;106;0.015;20260423
Mrs. GREEN APPLE;Wind and Town;1600;0;0.016;20260423
.ENDRECHERI.;Heart of Rainbow;1596;-320;0.004;20260423
ROSALÍA;La Perla;1591;141;0.356;20260423
Yahritza Y Su Esencia;La Perla;1591;141;0.356;20260423
Mark Forster;Neuer Tag;1570;-469;0.004;20260423
OFFICIAL HIGE DANDISM;Stardust;1568;-80;0.016;20260423
MYTH & ROID;Ender Ember;1562;1562;0.002;20260423
TK from 凛として時雨;Ender Ember;1562;1562;0.002;20260423
Teddy Swims;Lose Control;1545;154;7.333;20260423
Paul McCartney;Days We Left Behind;1541;694;0.083;20260423
Lewis Capaldi;Stay Love;1536;-188;0.013;20260423
Queen;Bohemian Rhapsody;1535;975;4.386;20260423
Coldplay;Viva la Vida;1514;138;6.966;20260423
Dave;Raindance;1508;62;0.324;20260423
Tems;Raindance;1508;62;0.324;20260423
XXXTENTACION;Moonlight;1493;113;0.7;20260423
Ricchi;Sarà perché ti amo;1486;418;1.519;20260423
Poveri;Sarà perché ti amo;1486;418;1.519;20260423
VAUNDY;fly away;1479;0;0.016;20260423
The Bausa;Magnetic;1473;-155;0.051;20260423
Angèle;What You Want;1457;335;0.067;20260423
Justice;What You Want;1457;335;0.067;20260423
Johannes Oerding;Langsam;1450;-630;0.004;20260423
Billie Eilish;BIRDS OF A FEATHER;1442;-982;5.83;20260423
Luke Combs;Days Like These;1441;219;0.285;20260423
M!LK;Sukisugite METSU;1422;107;0.216;20260423
Lady Gaga;Always Remember Us This Way;1416;442;9.439;20260423
ROSÉ;APT.;1414;-33;6.358;20260423
Bruno Mars;APT.;1414;-33;6.358;20260423
TOMORROW X TOGETHER;Stick With You;1409;405;0.045;20260423
BTS;Into the Sun;1403;-582;0.133;20260423
Katy Perry;The One That Got Away;1400;-493;1.355;20260423
sombr;back to friends;1399;575;0.588;20260423
MISIA;THE LAST DANCE WITH YOU;1395;1395;0.006;20260423
Blu Monroe;That's What The Pain Taught Me;1393;711;0.005;20260423
Justin Bieber;That Should Be Me;1392;463;0.037;20260423
Zara Larsson;Midnight Sun;1388;201;0.154;20260423
The Killers;Mr. Brightside;1370;526;1.675;20260423
M!LK;Bakuretsu Aishiteru;1368;27;0.094;20260423
RAYE;Click Clack Symphony.;1349;724;0.143;20260423
Models;Out of Mind Out of Sight;1341;1341;0.001;20260423
Tatsuya Kitani;HIDANE;1341;-27;0.025;20260423
Christina Perri;A Thousand Years;1321;309;8.248;20260423
Konomi Suzuki;Recollect;1315;122;0.008;20260423
Ashnikko;Recollect;1315;122;0.008;20260423
Aitana;SUPERESTRELLA;1310;6;0.204;20260423
iyah may;Good Citizen;1310;-920;0.028;20260423
i-dle;HIDE AND SEEK;1310;-80;0.003;20260423
Samurai Jay;OSSESSIONE;1306;279;0.058;20260423
Gotye;Somebody That I Used to Know;1302;-48;12.132;20260423
Michael Jackson;Human Nature;1300;1132;0.038;20260423
FRIDA GOLD;Neuer Tag;1290;-394;0.003;20260423
Josh Groban;Skyfall;1290;1290;0.001;20260423
OFFICIAL HIGE DANDISM;Elderflower;1290;0;0.036;20260423
JJ Lin;Careful with Fate;1284;23;0.072;20260423
ROSALÍA;Focu 'Ranni;1273;616;0.007;20260423
Justin Bieber;One Less Lonely Girl;1269;-412;0.036;20260423
Justė;Turn The Lights Off;1268;761;0.08;20260423
Jaxstyle;Turn The Lights Off;1268;761;0.08;20260423
Jon;Turn The Lights Off;1268;761;0.08;20260423
IngaRose;Love Me When It’s Hard;1252;121;0.055;20260423
VAUNDY;idea ga afurete nemurenai;1241;-154;0.004;20260423
Luke Combs;Be By You;1233;183;0.194;20260423
STELLA LEFTY;Boston;1232;421;0.01;20260423
King Gnu;AIZO;1230;28;0.189;20260423
Michael Jackson;Smooth Criminal;1228;539;0.248;20260423
treamiboii;Nackt vor deiner Tür;1217;-650;0.003;20260423
Little Glee Monster;Ichirin;1217;0;0.011;20260423
Mike Mana;No Fear Of Tomorrow;1216;93;0.023;20260423
SOUL ARCHIVE ROOM;Last One;1208;1208;0.001;20260423
HAVEN.;I Run;1198;319;0.433;20260423
Kaitlin Aragon;I Run;1198;319;0.433;20260423
The Red Clay Strays;Demons In Your Choir;1196;1196;0.001;20260423
BTS;NORMAL;1188;-14;0.205;20260423
Myles Smith;Stargazing;1185;395;2.561;20260423
Tyla;CHANEL;1182;1143;0.409;20260423
KATSEYE;PINKY UP;1181;-276;0.048;20260423
FRIDA GOLD;Einfach weil ich's liebe;1170;-807;0.014;20260423
sakanaction;Yoru No Odoriko;1170;22;0.011;20260423
ROSALÍA;Berghain;1169;42;0.586;20260423
Björk;Berghain;1169;42;0.586;20260423
Yves Tumor;Berghain;1169;42;0.586;20260423
米津玄師;IRIS OUT;1152;169;0.088;20260423
Hiromitsu Kitayama;ULTRA;1148;-117;0.003;20260423
GIUSEPPE ROCCASALVO;PENSIERO STUPENDO;1131;190;0.051;20260423
Giovanni Zarrella;Wovon sollen wir träumen;1125;-737;0.003;20260423
Jungle;Carry On;1123;802;0.009;20260423
David Bisbal;Vivir Así Es Morir De Amor;1123;201;0.002;20260423
The Cranberries;Zombie;1115;304;1.816;20260423
Survivor;Eye of the Tiger;1109;679;2.439;20260423
EVE;Wind's Anthem;1104;-21;0.013;20260423
Saja Boys;Soda Pop;1092;808;1.856;20260423
Andrew Choi;Soda Pop;1092;808;1.856;20260423
Neckwav;Soda Pop;1092;808;1.856;20260423
Danny Chung;Soda Pop;1092;808;1.856;20260423
Kevin Woo;Soda Pop;1092;808;1.856;20260423
samUIL Lee;Soda Pop;1092;808;1.856;20260423
KPop Demon Hunters Cast;Soda Pop;1092;808;1.856;20260423
Milky;Just the Way You Are;1083;-292;0.065;20260423
Eddie Dalton;Stay a Little Longer;1083;14;0.093;20260423
ARASHI;Five;1083;119;0.087;20260423
Harry Styles;Aperture;1082;-1279;0.57;20260423
Por Suppakarn;บทเพลงที่ตามหา;1072;1072;0.001;20260423
AC/DC;Highway to Hell;1072;451;1.927;20260423
FANTASTICS from EXILE TRIBE;SUNFLOWER;1072;1072;0.001;20260423
Kato;Turn the Lights Off;1068;-324;0.363;20260423
Jon;Turn the Lights Off;1068;-324;0.363;20260423
Amy Shark;The Biggest Dick;1062;-179;0.051;20260423
Robin Schulz;Embers;1062;726;0.052;20260423
Thiago Navarro Music;Quédate con lo sencillo;1054;95;0.003;20260423
j-hope;Future;1049;-2168;0.085;20260423
Holly Humberstone;To Love Somebody;1042;884;0.04;20260423
Dermot Kennedy;Funeral;1041;-334;0.161;20260423
Mrs. GREEN APPLE;lulu.;1041;10;0.163;20260423
Sheena Taylor;I Denounce You Satan;1035;160;0.01;20260423
Boney M.;Rasputin;1032;-350;0.492;20260423
Hiroji Miyamoto;I love jinsei;1021;-220;0.004;20260423
Backstreet Boys;Shape of My Heart;1016;291;0.091;20260423
Olivia Rodrigo;drop dead;21262;102;0.128;20260424
Muse;Cryogen;14751;12883;0.017;20260424
The Second Voice;LET ME BE;13687;330;0.448;20260424
IngaRose;Celebrate Me;11775;-484;0.218;20260424
Madonna;I Feel So Free;11456;-657;0.12;20260424
Justin Bieber;Beauty and a Beat;10762;1007;2.24;20260424
Alex Warren;Ordinary;9512;-507;5.425;20260424
RAYE;WHERE IS MY HUSBAND;9183;-131;2.355;20260424
HUNTR/X;Golden;8926;-1331;4.664;20260424
EJAE;Golden;8926;-1331;4.664;20260424
AUDREY NUNA;Golden;8926;-1331;4.664;20260424
REI AMI;Golden;8926;-1331;4.664;20260424
KPop Demon Hunters Cast;Golden;8926;-1331;4.664;20260424
Bruno Mars;I Just Might;8577;-799;1.416;20260424
BTS;SWIM;8269;-545;0.609;20260424
Alex Warren;FEVER DREAM;8052;-1198;0.522;20260424
Duran Duran;Free to Love;7722;-49;0.015;20260424
Justin Bieber;DAISIES;7099;-1621;0.91;20260424
Niall Horan;Little More Time;7064;7064;0.007;20260424
Bebe Rexha;New Religion;6899;-1233;0.388;20260424
Faithless;New Religion;6899;-1233;0.388;20260424
Josh Fawaz;Like a Prayer;6663;-353;0.068;20260424
Taylor Swift;The Fate of Ophelia;6657;-744;3.13;20260424
Ella Langley;Choosin' Texas;6605;-1341;0.93;20260424
Cameron Whitcomb;Kingdom of Fear;6536;-2411;0.129;20260424
Tame Impala;Dracula;6369;-377;0.302;20260424
JENNIE;Dracula;6369;-377;0.302;20260424
Korn;Reward the Scars;6191;6191;0.006;20260424
LE SSERAFIM;CELEBRATION;5821;5821;0.006;20260424
Olivia Dean;Man I Need;5772;-268;2.2;20260424
Olivia Dean;So Easy;5749;-22;1.289;20260424
mgk;FIX UR FACE;5304;-1701;0.02;20260424
Fred Durst;FIX UR FACE;5304;-1701;0.02;20260424
Jude York;Camilla;5222;5222;0.005;20260424
Ella Langley;I Can't Love You Anymore;4929;4929;0.005;20260424
Morgan Wallen;I Can't Love You Anymore;4929;4929;0.005;20260424
Teddy Swims;Mr. Know It All;4402;124;0.104;20260424
Justin Bieber;EVERYTHING HALLELUJAH;4281;-124;0.021;20260424
Michael Jackson;Billie Jean;4184;1023;0.704;20260424
Bruno Mars;Risk It All;4182;-423;0.423;20260424
Eddie Dalton;Another Day Old;4107;-1501;0.28;20260424
Zara Larsson;Lush Life;4102;345;2.639;20260424
Tame Impala;Dracula;4088;-274;0.27;20260424
Dean Lewis;How Do I Say Goodbye;3681;-435;2.269;20260424
Taylor Swift;Opalite;3599;-1681;1.668;20260424
Ragal Ironbull;VALHALLA CALLING;3503;-1280;0.131;20260424
Maite Kelly;Ein Kuss in Paris;3319;3319;0.003;20260424
Sam Fender;Rein Me In;3278;432;0.494;20260424
Olivia Dean;Rein Me In;3278;432;0.494;20260424
Josh Groban;Skyfall;3276;1986;0.005;20260424
Justin Bieber;Baby;3264;197;0.874;20260424
Ella Langley;Be Her;3091;146;0.248;20260424
HUGEL;Jamaican;3056;-314;0.304;20260424
SOLTO (FR);Jamaican;3056;-314;0.304;20260424
KAROL G;Después de ti;3002;3002;0.003;20260424
Greg Gonzalez;Después de ti;3002;3002;0.003;20260424
sombr;Homewrecker;2965;-1363;0.292;20260424
Muse;Be With You;2935;2555;0.071;20260424
Shaboozey;A Bar Song;2892;755;4.752;20260424
Harry Styles;American Girls;2891;-573;0.258;20260424
Djo;End of Beginning;2871;-1103;1.78;20260424
CORTIS;REDRED;2871;129;0.016;20260424
Lady Gaga;Die With A Smile;2861;-513;7.357;20260424
Bruno Mars;Die With A Smile;2861;-513;7.357;20260424
Shaboozey;Born To Die;2819;2819;0.003;20260424
The Goo Goo Dolls;Iris;2793;-287;1.913;20260424
ANOTR;Talk To You;2786;136;0.108;20260424
Ac/Dc;Thunderstruck;2762;944;4.049;20260424
Noah Kahan;The Great Divide;2726;-112;0.171;20260424
BTS;2.0;2651;-387;0.228;20260424
SIENNA SPIRO;Die On This Hill;2635;-738;0.598;20260424
SOUL ARCHIVE ROOM;Let Them Talk;2607;-1954;0.02;20260424
Muse;Unravelling;2580;2506;0.096;20260424
Harry Styles;Sign of the Times;2580;-1770;4.765;20260424
Matthias Reim;Keine Freunde bleiben;2538;2538;0.003;20260424
Michael Jackson;Don't Stop 'Til You Get Enough;2494;1525;0.051;20260424
Lady Gaga;Runway;2483;-1193;0.128;20260424
Doechii;Runway;2483;-1193;0.128;20260424
Gordo;Loco Loco;2459;620;0.134;20260424
Reinier Zonneveld;Loco Loco;2459;620;0.134;20260424
sombr;12 to 12;2449;-344;1.065;20260424
Céline Dion;Dansons;2426;-942;0.041;20260424
Anyma;Bad Angel;2387;-374;0.079;20260424
LISA;Bad Angel;2387;-374;0.079;20260424
BTS;Body to Body;2384;618;0.284;20260424
Billie Eilish;BIRDS OF A FEATHER;2369;927;5.832;20260424
Michael Jackson;Beat It;2333;-3;0.39;20260424
Farin Urlaub;Happy 2bD;2305;2305;0.002;20260424
Zhang Zi Ning;一念(电视剧《逐玉》插曲);2217;-144;0.062;20260424
Rex;一念(电视剧《逐玉》插曲);2217;-144;0.062;20260424
Michael Jackson;Thriller;2194;335;0.879;20260424
The Red Clay Strays;Demons In Your Choir;2186;990;0.003;20260424
BTS;Hooligan;2181;-372;0.188;20260424
mikeeysmind;Papaoutai;2131;-1391;0.814;20260424
Chill77;Papaoutai;2131;-1391;0.814;20260424
Unjaps;Papaoutai;2131;-1391;0.814;20260424
Ella Langley;you look like you love me;2097;187;1.147;20260424
Riley Green;you look like you love me;2097;187;1.147;20260424
Bad Bunny;DtMF;2078;341;1.043;20260424
Prince;With This Tear;2048;-1579;0.021;20260424
Eddie Dalton;Somewhere Along The Way;1998;-466;0.083;20260424
Eminem;Lose Yourself;1995;-772;3.742;20260424
Noah Kahan;Porch Light;1861;22;0.049;20260424
Disney;Zoo;1860;-1081;0.46;20260424
Shakira;Zoo;1860;-1081;0.46;20260424
Michael Jackson;Smooth Criminal;1857;629;0.249;20260424
BURNIN' BRIDGES Ai Music;BLACK WATER DAMNED;1808;-39;0.014;20260424
Blondee;Ocean Drive;1808;1808;0.002;20260424
Ado;KIRA;1799;-124;0.006;20260424
BTS;Into the Sun;1780;377;0.135;20260424
August Burns Red;Sonic Salvation;1768;1099;0.002;20260424
Miley Cyrus;Younger You;1731;-179;0.143;20260424
Teddy Swims;Lose Control;1710;165;7.335;20260424
BTS;they don’t know ’bout us;1699;1216;0.128;20260424
ヨルシカ;あぶく;1680;1680;0.002;20260424
Justin Bieber;YUKON;1621;-273;0.197;20260424
Vanessa Mai;Rohdiamant;1613;1613;0.002;20260424
Luke Combs;Days Like These;1612;171;0.286;20260424
The Bausa;Magnetic;1602;129;0.053;20260424
ShowMinorSavage;ROMEO;1600;1600;0.002;20260424
OFFICIAL HIGE DANDISM;Stardust;1588;20;0.018;20260424
Black Veil Brides;Revenger;1567;1567;0.002;20260424
Machine Head;Revenger;1567;1567;0.002;20260424
Michael Jackson;Human Nature;1541;241;0.039;20260424
Benson Boone;Beautiful Things;1539;-177;7.164;20260424
Mrs. GREEN APPLE;Wind and Town;1538;-62;0.018;20260424
The Bugler;The Last Post;1537;855;0.067;20260424
KAROL G;Si Antes Te Hubiera Conocido;1522;-337;1.829;20260424
Ella Langley;Dandelion;1520;-97;0.164;20260424
シャキーラ;Zoo;1496;-118;0.016;20260424
JJ Lin;Careful with Fate;1492;208;0.073;20260424
Fury In the Slaughterhouse;When We Were Young;1479;1479;0.001;20260424
MYTH & ROID;Ender Ember;1478;1478;0.001;20260424
TK from Ling tosite sigure;Ender Ember;1478;1478;0.001;20260424
XXXTENTACION;Moonlight;1460;-33;0.702;20260424
VAUNDY;fly away;1450;-29;0.018;20260424
M!LK;Sukisugite METSU;1422;0;0.217;20260424
Dave;Raindance;1422;-86;0.325;20260424
Tems;Raindance;1422;-86;0.325;20260424
Lola Young;Messy;1406;-439;4.08;20260424
Justin Bieber;One Less Lonely Girl;1403;134;0.037;20260424
Tyla;SHE DID IT AGAIN;1403;750;0.018;20260424
Blu Monroe;That's What The Pain Taught Me;1397;4;0.006;20260424
Bad Bunny;NUEVAYoL;1387;-249;0.824;20260424
Lil Kleine;Maak Me Nou Niet Gek;1385;1385;0.001;20260424
Samuel Welten;Maak Me Nou Niet Gek;1385;1385;0.001;20260424
De Amsterdamse Zomer;Maak Me Nou Niet Gek;1385;1385;0.001;20260424
Kehlani;Pocket;1373;1373;0.001;20260424
Blank;Rosé;1368;1368;0.001;20260424
Jones;Rosé;1368;1368;0.001;20260424
Sheppard;Sayonara;1368;1368;0.001;20260424
M!LK;Bakuretsu Aishiteru;1368;0;0.096;20260424
Dave Mason;We Just Disagree;1351;-526;0.012;20260424
MISIA;THE LAST DANCE WITH YOU;1341;-54;0.007;20260424
Zara Larsson;Midnight Sun;1326;-62;0.156;20260424
ROSÉ;APT.;1315;-99;6.359;20260424
Bruno Mars;APT.;1315;-99;6.359;20260424
ROSALÍA;La Perla;1306;-285;0.357;20260424
Yahritza Y Su Esencia;La Perla;1306;-285;0.357;20260424
Milky;Just the Way You Are;1290;207;0.066;20260424
Tatsuya Kitani;HIDANE;1290;-51;0.027;20260424
Kim Petras;Need For Speed;1286;-1075;0.004;20260424
The Red Clay Strays;If I Didn't Know You;1284;798;0.012;20260424
Journey;Don't Stop Believin';1281;276;3.641;20260424
Airbourne;Alive After Death;1270;-735;0.004;20260424
Angèle;What You Want;1267;-190;0.069;20260424
Justice;What You Want;1267;-190;0.069;20260424
VAUNDY;idea ga afurete nemurenai;1265;24;0.005;20260424
Demi Lovato;Love Controller;1263;1263;0.001;20260424
King Gnu;AIZO;1262;32;0.19;20260424
Jungle;Carry On;1258;135;0.01;20260424
The xx;Intro;1257;-405;0.917;20260424
Elton John;Cold Heart;1250;310;7.993;20260424
Dua Lipa;Cold Heart;1250;310;7.993;20260424
David Guetta;Gone Gone Gone;1250;-597;0.974;20260424
Teddy Swims;Gone Gone Gone;1250;-597;0.974;20260424
Tones And I;Gone Gone Gone;1250;-597;0.974;20260424
HWASA;Good Goodbye;1250;443;0.369;20260424
FRUITS ZIPPER;ふるっぱれーど;1241;1241;0.001;20260424
Dermot Kennedy;Funeral;1232;191;0.163;20260424
Teddy Swims;Bad Dreams;1230;385;3.526;20260424
Lewis Capaldi;Stay Love;1223;-313;0.015;20260424
OFFICIAL HIGE DANDISM;Elderflower;1217;-73;0.037;20260424
Kidd Voodoo;Dando Vueltas;1215;1215;0.001;20260424
Pablo Alborán;Dando Vueltas;1215;1215;0.001;20260424
Tom Odell;Another Love;1210;789;2.694;20260424
Tender May;Silver Night;1202;580;0.003;20260424
Calem OG;Silver Night;1202;580;0.003;20260424
Bad Style;Silver Night;1202;580;0.003;20260424
sakanaction;Yoru No Odoriko;1193;23;0.012;20260424
Lady Gaga;Always Remember Us This Way;1193;-223;9.44;20260424
鈴木このみ;Recollect;1184;1184;0.004;20260424
Ashnikko;Recollect;1184;1184;0.004;20260424
TOMORROW X TOGETHER;Stick With You;1183;-226;0.046;20260424
Pietro Lombardi;Welcome Home;1181;1181;0.001;20260424
Sistema Dance 2000;Because We Jive;1179;878;0.001;20260424
HAVEN.;I Run;1177;-21;0.434;20260424
Kaitlin Aragon;I Run;1177;-21;0.434;20260424
STELLA LEFTY;Boston;1171;-61;0.011;20260424
Justin Bieber;That Should Be Me;1169;-223;0.038;20260424
Prof;Good Time Boy;1165;1165;0.001;20260424
Bon Entendeur;Mourir sur scène;1159;1159;0.001;20260424
Dalida;Mourir sur scène;1159;1159;0.001;20260424
Sia;Unstoppable;1151;-739;7.555;20260424
RAYE;Click Clack Symphony.;1149;-200;0.144;20260424
Tobee;Mon Amour;1148;338;0.005;20260424
Styx;Renegade;1145;1145;0.018;20260424
Luke Combs;Be By You;1142;-91;0.196;20260424
Ricchi;Sarà perché ti amo;1142;-344;1.52;20260424
Poveri;Sarà perché ti amo;1142;-344;1.52;20260424
Aitana;SUPERESTRELLA;1139;-171;0.205;20260424
ARASHI;Five;1125;42;0.088;20260424
Draugr Balled;North wind calls;1118;-741;0.036;20260424
SherellHodge;Have You Ever;1112;-664;0.017;20260424
Michael Schulte;5am;1109;135;0.057;20260424
Unheilig;Deine Liebe;1104;-790;0.005;20260424
米津玄師;IRIS OUT;1104;-48;0.089;20260424
Harry Styles;Aperture;1097;15;0.571;20260424
SOUL ARCHIVE ROOM;You Just Lost Me;1090;-836;0.004;20260424
Mason Crow;I Got You;1089;274;0.025;20260424
Chappell Roan;Pink Pony Club;1086;-1052;2.679;20260424
Bill Withers;Lovely Day;1083;1083;0.309;20260424
Mrs. GREEN APPLE;lulu.;1083;42;0.164;20260424
Samurai Jay;OSSESSIONE;1076;-230;0.059;20260424
Ella Langley;Bottom Of Your Boots;1070;-547;0.039;20260424
Kvi Baba;Bpm;1062;60;0.003;20260424
Maite Kelly;Frei;1057;307;0.031;20260424
Mr.Children;Again;1041;231;0.121;20260424
KATSEYE;PINKY UP;1040;-141;0.049;20260424
Topic;Sorry Papi;1035;1035;0.001;20260424
Becky G;Sorry Papi;1035;1035;0.001;20260424
Benny Rivers;I Won’t Fall Again;1033;686;0.004;20260424
GIUSEPPE ROCCASALVO;PENSIERO STUPENDO;1024;-107;0.052;20260424
ROSALÍA;Focu 'Ranni;1024;-249;0.008;20260424
IngaRose;Love Me When It’s Hard;1021;-231;0.056;20260424
Little Glee Monster;Ichirin;1021;-196;0.012;20260424
The Beatles;Here Comes the Sun;1017;464;0.811;20260424
Drake;NOKIA;1007;323;1.825;20260424
Blasterjaxx;Désenchantée 3000;1006;173;0.008;20260424
Kate Ryan;Désenchantée 3000;1006;173;0.008;20260424
Foo Fighters;Unconditional;1002;1002;0.001;20260424
Olivia Rodrigo;drop dead;18385;-2877;0.146;20260425
The Second Voice;LET ME BE;13521;-166;0.461;20260425
Justin Bieber;Beauty and a Beat;12272;1510;2.252;20260425
Madonna;I Feel So Free;11863;407;0.131;20260425
IngaRose;Celebrate Me;11679;-96;0.229;20260425
HUNTR/X;Golden;11405;2479;4.675;20260425
EJAE;Golden;11405;2479;4.675;20260425
AUDREY NUNA;Golden;11405;2479;4.675;20260425
REI AMI;Golden;11405;2479;4.675;20260425
KPop Demon Hunters Cast;Golden;11405;2479;4.675;20260425
Muse;Cryogen;10998;-3753;0.028;20260425
RAYE;WHERE IS MY HUSBAND;9748;565;2.364;20260425
Bruno Mars;I Just Might;9669;1092;1.426;20260425
Alex Warren;Ordinary;9179;-333;5.434;20260425
Alex Warren;FEVER DREAM;9053;1001;0.532;20260425
LE SSERAFIM;CELEBRATION;8653;2832;0.014;20260425
Taylor Swift;The Fate of Ophelia;8238;1581;3.138;20260425
BTS;SWIM;7888;-381;0.617;20260425
Michael Jackson;Billie Jean;7825;3641;0.712;20260425
Josh Fawaz;Like a Prayer;7635;972;0.076;20260425
Bebe Rexha;New Religion;7266;367;0.395;20260425
Faithless;New Religion;7266;367;0.395;20260425
Justin Bieber;DAISIES;7121;22;0.917;20260425
Olivia Dean;So Easy;6937;1188;1.296;20260425
Cameron Whitcomb;Kingdom of Fear;6506;-30;0.135;20260425
Ella Langley;Choosin' Texas;6418;-187;0.937;20260425
Olivia Dean;Man I Need;6097;325;2.206;20260425
Tame Impala;Dracula;5820;-549;0.308;20260425
JENNIE;Dracula;5820;-549;0.308;20260425
Duran Duran;Free to Love;5494;-2228;0.021;20260425
Noah Kahan;Staying Still;4985;4985;0.005;20260425
Ella Langley;I Can't Love You Anymore;4831;-98;0.01;20260425
Morgan Wallen;I Can't Love You Anymore;4831;-98;0.01;20260425
HUGEL;Jamaican;4807;1751;0.309;20260425
SOLTO (FR);Jamaican;4807;1751;0.309;20260425
Taylor Swift;Opalite;4571;972;1.673;20260425
Michael Jackson;Thriller;4484;2290;0.883;20260425
Bruno Mars;Risk It All;4423;241;0.427;20260425
Shaboozey;Born To Die;4128;1309;0.007;20260425
Eddie Dalton;Another Day Old;4126;19;0.284;20260425
Noah Kahan;A Few Of Your Own;4082;4082;0.004;20260425
mgk;FIX UR FACE;4037;-1267;0.024;20260425
Fred Durst;FIX UR FACE;4037;-1267;0.024;20260425
Justin Bieber;EVERYTHING HALLELUJAH;3857;-424;0.025;20260425
Harry Styles;American Girls;3850;959;0.261;20260425
Niall Horan;Little More Time;3828;-3236;0.011;20260425
Noah Kahan;Lighthouse;3824;3824;0.004;20260425
Ragal Ironbull;VALHALLA CALLING;3715;212;0.135;20260425
Michael Jackson;Beat It;3706;1373;0.394;20260425
Djo;End of Beginning;3659;788;1.784;20260425
Lady Gaga;Die With A Smile;3596;735;7.36;20260425
Bruno Mars;Die With A Smile;3596;735;7.36;20260425
Noah Kahan;Orbiter;3574;3574;0.004;20260425
Sam Fender;Rein Me In;3559;281;0.497;20260425
Olivia Dean;Rein Me In;3559;281;0.497;20260425
Tame Impala;Dracula;3550;-538;0.274;20260425
Zara Larsson;Lush Life;3518;-584;2.642;20260425
Dean Lewis;How Do I Say Goodbye;3506;-175;2.273;20260425
Teddy Swims;Mr. Know It All;3431;-971;0.107;20260425
SIENNA SPIRO;Die On This Hill;3205;570;0.601;20260425
Korn;Reward the Scars;3132;-3059;0.009;20260425
Michael Jackson;Smooth Criminal;3125;1268;0.253;20260425
sombr;Homewrecker;3114;149;0.296;20260425
Justin Bieber;Baby;3078;-186;0.877;20260425
Maite Kelly;Ein Kuss in Paris;3057;-262;0.006;20260425
Jude York;Camilla;2852;-2370;0.008;20260425
Michael Jackson;Human Nature;2792;1251;0.042;20260425
Matthias Reim;Keine Freunde bleiben;2780;242;0.005;20260425
KAROL G;Después de ti;2726;-276;0.006;20260425
Greg Gonzalez;Después de ti;2726;-276;0.006;20260425
BTS;2.0;2708;57;0.23;20260425
mikeeysmind;Papaoutai;2692;561;0.817;20260425
Chill77;Papaoutai;2692;561;0.817;20260425
Unjaps;Papaoutai;2692;561;0.817;20260425
ANOTR;Talk To You;2633;-153;0.111;20260425
Ella Langley;Be Her;2581;-510;0.251;20260425
Michael Jackson;Don't Stop 'Til You Get Enough;2510;16;0.053;20260425
Disney;Zoo;2476;616;0.462;20260425
Shakira;Zoo;2476;616;0.462;20260425
Jada Monroe;Done;2424;1882;0.003;20260425
CORTIS;REDRED;2406;-465;0.018;20260425
The Chemical Brothers;Go;2390;2390;0.276;20260425
Bad Bunny;NUEVAYoL;2351;964;0.826;20260425
Harry Styles;Sign of the Times;2338;-242;4.767;20260425
Farin Urlaub;Happy 2bD;2327;22;0.005;20260425
Zhang Zi Ning;一念(电视剧《逐玉》插曲);2319;102;0.064;20260425
Rex;一念(电视剧《逐玉》插曲);2319;102;0.064;20260425
Ac/Dc;Thunderstruck;2265;-497;4.051;20260425
Noah Kahan;The Great Divide;2236;-490;0.173;20260425
The Killers;Mr. Brightside;2232;1304;1.678;20260425
KATSEYE;PINKY UP;2197;1157;0.051;20260425
Shakira;Zoo;2190;2068;0.584;20260425
Dave;Raindance;2177;755;0.327;20260425
Tems;Raindance;2177;755;0.327;20260425
Gordo;Loco Loco;2172;-287;0.136;20260425
Reinier Zonneveld;Loco Loco;2172;-287;0.136;20260425
The Goo Goo Dolls;Iris;2167;-626;1.915;20260425
Lady Gaga;Runway;2163;-320;0.13;20260425
Doechii;Runway;2163;-320;0.13;20260425
BURNIN' BRIDGES Ai Music;BLACK WATER DAMNED;2125;317;0.016;20260425
Shaboozey;A Bar Song;2095;-797;4.755;20260425
BTS;Hooligan;2060;-121;0.19;20260425
BTS;Body to Body;2024;-360;0.286;20260425
Rockin' Jukebox;Only You Tonight;2015;1937;0.002;20260425
Zara Larsson;Midnight Sun;1916;590;0.158;20260425
BTS;Into the Sun;1901;121;0.137;20260425
Ella Langley;you look like you love me;1893;-204;1.149;20260425
Riley Green;you look like you love me;1893;-204;1.149;20260425
Céline Dion;Dansons;1871;-555;0.043;20260425
sombr;12 to 12;1822;-627;1.067;20260425
The Bausa;Magnetic;1821;219;0.055;20260425
Muse;Be With You;1818;-1117;0.073;20260425
The Red Clay Strays;Demons In Your Choir;1789;-397;0.005;20260425
HAVEN.;I Run;1765;588;0.436;20260425
Kaitlin Aragon;I Run;1765;588;0.436;20260425
GroßstadtEngel;Gute Laune;1748;1195;0.329;20260425
Anyma;Bad Angel;1747;-640;0.081;20260425
LISA;Bad Angel;1747;-640;0.081;20260425
Lola Young;Messy;1746;340;4.082;20260425
KAROL G;Si Antes Te Hubiera Conocido;1724;202;1.831;20260425
David Guetta;Gone Gone Gone;1685;435;0.976;20260425
Teddy Swims;Gone Gone Gone;1685;435;0.976;20260425
Tones And I;Gone Gone Gone;1685;435;0.976;20260425
Eminem;Lose Yourself;1684;-311;3.744;20260425
Vanessa Mai;Rohdiamant;1667;54;0.003;20260425
Josh Groban;Skyfall;1647;-1629;0.006;20260425
Michael Jackson;Bad;1633;1366;0.078;20260425
Eddie Dalton;Somewhere Along The Way;1626;-372;0.085;20260425
ヨルシカ;あぶく;1608;-72;0.003;20260425
Michael Jackson;Wanna Be Startin' Somethin';1603;792;0.023;20260425
Kis-My-Ft2;Yoruno mukoue;1600;1600;0.002;20260425
Tyla;SHE DID IT AGAIN;1597;194;0.019;20260425
Mrs. GREEN APPLE;Wind and Town;1538;0;0.019;20260425
Luke Combs;Days Like These;1515;-97;0.288;20260425
Ado;KIRA;1513;-286;0.007;20260425
OFFICIAL HIGE DANDISM;Stardust;1508;-80;0.02;20260425
RAYE;Click Clack Symphony.;1503;354;0.145;20260425
Blondee;Ocean Drive;1500;-308;0.003;20260425
MISIA;THE LAST DANCE WITH YOU;1479;138;0.009;20260425
Miley Cyrus;Flowers;1454;1001;7.59;20260425
VAUNDY;fly away;1450;0;0.019;20260425
Aitana;SUPERESTRELLA;1447;308;0.206;20260425
Maite Kelly;Frei;1442;385;0.033;20260425
Coldplay;Viva la Vida;1430;1092;6.968;20260425
ShowMinorSavage;ROMEO;1422;-178;0.003;20260425
Tobee;Mon Amour;1395;247;0.007;20260425
金色火种GoldenFire;Please love yourself(请好好爱自己);1384;767;0.003;20260425
Angèle;What You Want;1381;114;0.07;20260425
Justice;What You Want;1381;114;0.07;20260425
Harry Styles;Aperture;1378;281;0.573;20260425
Sizelle;Unwords;1373;901;0.005;20260425
XXXTENTACION;Moonlight;1371;-89;0.703;20260425
Sheppard;Sayonara;1368;0;0.003;20260425
M!LK;Sukisugite METSU;1368;-54;0.218;20260425
Lil Kleine;Maak Me Nou Niet Gek;1362;-23;0.003;20260425
Samuel Welten;Maak Me Nou Niet Gek;1362;-23;0.003;20260425
De Amsterdamse Zomer;Maak Me Nou Niet Gek;1362;-23;0.003;20260425
Jada Monroe;Too Late To Leave;1360;1360;0.004;20260425
The Bugler;The Last Post;1355;-182;0.068;20260425
Disco Lines;No Broke Boys;1352;507;1.258;20260425
Tinashe;No Broke Boys;1352;507;1.258;20260425
Milky;Just the Way You Are;1348;58;0.067;20260425
SOUL ARCHIVE ROOM;Let Them Talk;1331;-1276;0.021;20260425
Miley Cyrus;Younger You;1322;-409;0.144;20260425
Billie Eilish;BIRDS OF A FEATHER;1320;-1049;5.833;20260425
MYTH & ROID;Ender Ember;1316;1316;0.003;20260425
TK from 凛として時雨;Ender Ember;1316;1316;0.003;20260425
M!LK;Bakuretsu Aishiteru;1315;-53;0.097;20260425
Benson Boone;Beautiful Things;1311;-228;7.165;20260425
ARASHI;Five;1305;180;0.09;20260425
Redgum;I Was Only 19;1290;381;0.084;20260425
Tears for Fears;Everybody Wants to Rule the World;1271;726;1.031;20260425
OFFICIAL HIGE DANDISM;Elderflower;1265;48;0.038;20260425
STELLA LEFTY;Boston;1262;91;0.012;20260425
JJ Lin;Careful with Fate;1260;-232;0.075;20260425
Bad Bunny;DtMF;1241;-837;1.044;20260425
sakanaction;Yoru No Odoriko;1241;48;0.013;20260425
Blasterjaxx;Désenchantée 3000;1223;217;0.009;20260425
Kate Ryan;Désenchantée 3000;1223;217;0.009;20260425
Justin Bieber;That Should Be Me;1222;53;0.04;20260425
You Yokoyama;Pistol;1217;1217;0.001;20260425
Bella Kay;iloveitiloveitiloveit;1214;726;0.077;20260425
Blu Monroe;That's What The Pain Taught Me;1210;-187;0.007;20260425
HWASA;Good Goodbye;1204;-46;0.37;20260425
Tom Right;Rooftop;1183;354;0.002;20260425
Ricchi;Sarà perché ti amo;1177;35;1.521;20260425
Poveri;Sarà perché ti amo;1177;35;1.521;20260425
BTS;they don’t know ’bout us;1175;-524;0.129;20260425
King Gnu;AIZO;1173;-89;0.191;20260425
Tatsuya Kitani;HIDANE;1170;-120;0.028;20260425
Journey;Don't Stop Believin';1165;-116;3.642;20260425
Kenshi Yonezu;IRIS OUT;1158;1158;0.347;20260425
Boney M.;Rasputin;1152;333;0.494;20260425
Bill Withers;Lovely Day;1152;69;0.31;20260425
Justin Bieber;YUKON;1150;-471;0.199;20260425
Fury In the Slaughterhouse;When We Were Young;1148;-331;0.003;20260425
VAUNDY;idea ga afurete nemurenai;1148;-117;0.007;20260425
Guns N' Roses;Sweet Child o' Mine;1140;452;2.379;20260425
Christina Perri;A Thousand Years;1134;337;8.25;20260425
IngaRose;Feeling Good Today;1124;418;0.015;20260425
David Bisbal;Vivir Así Es Morir De Amor;1117;208;0.004;20260425
Michael Schulte;5am;1117;8;0.058;20260425
Muse;Unravelling;1115;-1465;0.097;20260425
Chayanne;Bailando Bachata;1108;1104;0.537;20260425
Justin Bieber;SPEED DEMON;1103;464;0.14;20260425
ROSALÍA;La Perla;1103;-203;0.358;20260425
Yahritza Y Su Esencia;La Perla;1103;-203;0.358;20260425
Kacey Musgraves;Dry Spell;1098;381;0.047;20260425
Mr.Children;Again;1083;42;0.122;20260425
鈴木このみ;Recollect;1077;-107;0.006;20260425
Ashnikko;Recollect;1077;-107;0.006;20260425
Sabrina Carpenter;Espresso;1054;204;3.097;20260425
Draugr Balled;North wind calls;1053;-65;0.037;20260425
Topic;Sorry Papi;1045;10;0.002;20260425
Becky G;Sorry Papi;1045;10;0.002;20260425
Sia;Unstoppable;1045;-106;7.556;20260425
Lee Kernaghan;Spirit of the Anzacs;1041;488;0.022;20260425
IngaRose;Love Me When It’s Hard;1041;20;0.057;20260425
T.I.;LET 'EM KNOW;1032;68;0.129;20260425
Sean Paul featuring Keyshia Cole;(When You Gonna) Give It Up to Me;1032;237;0.043;20260425
The Kid LAROI;Stay;1027;735;3.568;20260425
Justin Bieber;Stay;1027;735;3.568;20260425
Kvi Baba;Bpm;1021;-41;0.004;20260425
Mrs. GREEN APPLE;lulu.;1002;-81;0.165;20260425
Ifan Seventeen;Jangan Paksa Rindu;1001;42;0.061;20260425
Sabrina Carpenter;Manchild;994;221;0.855;20260425
Justen de Wildt;Cheerio;993;209;0.024;20260425
Noah Kahan;Porch Light;989;-872;0.05;20260425
Paolo Nutini;Candy;983;981;0.071;20260425
Unheilig;Deine Liebe;983;-121;0.006;20260425
Koji Tamaki;Fanfare;983;386;0.211;20260425
BEARWOLF;Феникс;981;305;0.033;20260425
Sonny Fodera;Think About Us;981;244;0.285;20260425
D.O.D;Think About Us;981;244;0.285;20260425
Poppy Baskcomb;Think About Us;981;244;0.285;20260425
Lewis Capaldi;Stay Love;977;-246;0.016;20260425
YESUNG;Sakihokoru Toki o Matsu no wa;968;126;0.002;20260425
The Second Voice;LET ME BE;15025;1504;0.476;20260426
Olivia Rodrigo;drop dead;14725;-3660;0.161;20260426
HUNTR/X;Golden;12918;1513;4.688;20260426
EJAE;Golden;12918;1513;4.688;20260426
AUDREY NUNA;Golden;12918;1513;4.688;20260426
REI AMI;Golden;12918;1513;4.688;20260426
KPop Demon Hunters Cast;Golden;12918;1513;4.688;20260426
Justin Bieber;Beauty and a Beat;10398;-1874;2.263;20260426
Madonna;I Feel So Free;10078;-1785;0.141;20260426
Michael Jackson;Billie Jean;10005;2180;0.722;20260426
IngaRose;Celebrate Me;9776;-1903;0.239;20260426
Bruno Mars;I Just Might;9504;-165;1.436;20260426
Alex Warren;Ordinary;9344;165;5.443;20260426
RAYE;WHERE IS MY HUSBAND;9116;-632;2.374;20260426
BTS;SWIM;8924;1036;0.626;20260426
Alex Warren;FEVER DREAM;8786;-267;0.54;20260426
Josh Fawaz;Like a Prayer;8413;778;0.084;20260426
Taylor Swift;The Fate of Ophelia;8304;66;3.146;20260426
Bebe Rexha;New Religion;7619;353;0.403;20260426
Faithless;New Religion;7619;353;0.403;20260426
Olivia Dean;So Easy;6600;-337;1.302;20260426
Olivia Dean;Man I Need;6524;427;2.212;20260426
Tame Impala;Dracula;6512;692;0.314;20260426
JENNIE;Dracula;6512;692;0.314;20260426
Ella Langley;Choosin' Texas;6355;-63;0.943;20260426
Justin Bieber;DAISIES;6229;-892;0.923;20260426
Muse;Cryogen;6164;-4834;0.034;20260426
Michael Jackson;Thriller;6104;1620;0.889;20260426
Michael Jackson;Smooth Criminal;5993;2868;0.259;20260426
Michael Jackson;Don't Stop 'Til You Get Enough;5703;3193;0.059;20260426
Cameron Whitcomb;Kingdom of Fear;5668;-838;0.141;20260426
Michael Jackson;Beat It;5455;1749;0.399;20260426
Michael Jackson;Human Nature;5218;2426;0.047;20260426
The Chemical Brothers;Go;5138;2748;0.281;20260426
Ella Langley;I Can't Love You Anymore;5070;239;0.015;20260426
Morgan Wallen;I Can't Love You Anymore;5070;239;0.015;20260426
Taylor Swift;Opalite;4966;395;1.678;20260426
Justin Bieber;EVERYTHING HALLELUJAH;4935;1078;0.03;20260426
LE SSERAFIM;CELEBRATION;4859;-3794;0.019;20260426
Bruno Mars;Risk It All;4538;115;0.432;20260426
Zara Larsson;Lush Life;4414;896;2.646;20260426
Lady Gaga;Die With A Smile;4351;755;7.365;20260426
Bruno Mars;Die With A Smile;4351;755;7.365;20260426
HUGEL;Jamaican;4171;-636;0.313;20260426
SOLTO (FR);Jamaican;4171;-636;0.313;20260426
Tame Impala;Dracula;4165;615;0.278;20260426
mikeeysmind;Papaoutai;4138;1446;0.821;20260426
Chill77;Papaoutai;4138;1446;0.821;20260426
Unjaps;Papaoutai;4138;1446;0.821;20260426
Eddie Dalton;Another Day Old;4118;-8;0.288;20260426
Djo;End of Beginning;4082;423;1.788;20260426
Harry Styles;American Girls;4068;218;0.266;20260426
Teddy Swims;Mr. Know It All;3952;521;0.111;20260426
Shaboozey;Born To Die;3863;-265;0.011;20260426
Sam Fender;Rein Me In;3628;69;0.501;20260426
Olivia Dean;Rein Me In;3628;69;0.501;20260426
ANOTR;Talk To You;3616;983;0.115;20260426
SIENNA SPIRO;Die On This Hill;3513;308;0.605;20260426
Michael Jackson;Bad;3492;1859;0.081;20260426
CORTIS;REDRED;3393;987;0.022;20260426
Michael Jackson;Wanna Be Startin' Somethin';3299;1696;0.026;20260426
Ella Langley;Be Her;3086;505;0.254;20260426
Maite Kelly;Ein Kuss in Paris;3070;13;0.009;20260426
sombr;Homewrecker;3002;-112;0.299;20260426
Disney;Zoo;2929;453;0.465;20260426
Shakira;Zoo;2929;453;0.465;20260426
sombr;12 to 12;2879;1057;1.07;20260426
Duran Duran;Free to Love;2870;-2624;0.024;20260426
Noah Kahan;Staying Still;2822;-2163;0.008;20260426
BTS;2.0;2740;32;0.233;20260426
Jada Monroe;Done;2690;266;0.006;20260426
Ella Langley;you look like you love me;2630;737;1.151;20260426
Riley Green;you look like you love me;2630;737;1.151;20260426
Matthias Reim;Keine Freunde bleiben;2577;-203;0.008;20260426
Shaboozey;A Bar Song;2525;430;4.757;20260426
mgk;FIX UR FACE;2514;-1523;0.026;20260426
Fred Durst;FIX UR FACE;2514;-1523;0.026;20260426
Harry Styles;Sign of the Times;2483;145;4.77;20260426
Dean Lewis;How Do I Say Goodbye;2475;-1031;2.275;20260426
KAROL G;Después de ti;2458;-268;0.008;20260426
Greg Gonzalez;Después de ti;2458;-268;0.008;20260426
Justin Bieber;Baby;2452;-626;0.879;20260426
Ragal Ironbull;VALHALLA CALLING;2419;-1296;0.137;20260426
The Goo Goo Dolls;Iris;2385;218;1.917;20260426
Lady Gaga;Runway;2298;135;0.132;20260426
Doechii;Runway;2298;135;0.132;20260426
XXXTENTACION;Moonlight;2277;906;0.705;20260426
Noah Kahan;A Few Of Your Own;2249;-1833;0.006;20260426
ROSÉ;APT.;2241;1371;6.363;20260426
Bruno Mars;APT.;2241;1371;6.363;20260426
Joey Heindle;Schwer zu erklären;2208;1482;0.003;20260426
Zhang Zi Ning;一念(电视剧《逐玉》插曲);2202;-117;0.066;20260426
Rex;一念(电视剧《逐玉》插曲);2202;-117;0.066;20260426
Bad Bunny;NUEVAYoL;2188;-163;0.828;20260426
Shakira;Zoo;2161;-29;0.586;20260426
Eminem;Lose Yourself;2153;469;3.746;20260426
Céline Dion;Dansons;2140;269;0.046;20260426
The Killers;Mr. Brightside;2130;-102;1.68;20260426
David Guetta;Gone Gone Gone;2121;436;0.978;20260426
Teddy Swims;Gone Gone Gone;2121;436;0.978;20260426
Tones And I;Gone Gone Gone;2121;436;0.978;20260426
Noah Kahan;Lighthouse;2105;-1719;0.006;20260426
Korn;Reward the Scars;2021;-1111;0.011;20260426
BTS;Hooligan;2016;-44;0.192;20260426
ROSALÍA;La Perla;2004;901;0.36;20260426
Yahritza Y Su Esencia;La Perla;2004;901;0.36;20260426
The Bausa;Magnetic;1968;147;0.057;20260426
Noah Kahan;Orbiter;1941;-1633;0.006;20260426
Michael Jackson;Man In the Mirror;1934;1149;0.172;20260426
Maite Kelly;Frei;1881;439;0.034;20260426
Luke Combs;Days Like These;1857;342;0.29;20260426
Gordo;Loco Loco;1846;-326;0.138;20260426
Reinier Zonneveld;Loco Loco;1846;-326;0.138;20260426
BTS;Body to Body;1823;-201;0.288;20260426
Michael Jackson;They Don't Care About Us;1772;1271;0.257;20260426
STELLA LEFTY;Boston;1763;501;0.014;20260426
Anyma;Bad Angel;1762;15;0.083;20260426
LISA;Bad Angel;1762;15;0.083;20260426
Noah Kahan;The Great Divide;1761;-475;0.175;20260426
Shunned at a Funeral;Rattle the Bones;1739;1739;0.002;20260426
Dermot Kennedy;Funeral;1734;942;0.165;20260426
Michael Jackson;Black or White;1706;943;0.086;20260426
Yorushika;Bubble;1705;1705;0.006;20260426
Jada Monroe;Too Late To Leave;1698;338;0.006;20260426
Broers;Angels Above Me;1678;1245;0.002;20260426
KAROL G;Si Antes Te Hubiera Conocido;1677;-47;1.832;20260426
Dave;Raindance;1672;-505;0.329;20260426
Tems;Raindance;1672;-505;0.329;20260426
Ricchi;Sarà perché ti amo;1663;486;1.523;20260426
Poveri;Sarà perché ti amo;1663;486;1.523;20260426
Maite Kelly;Der Morgen danach;1608;1307;0.214;20260426
BTS;Into the Sun;1608;-293;0.138;20260426
Zara Larsson;Midnight Sun;1603;-313;0.159;20260426
Kis-My-Ft2;Yoruno mukoue;1600;0;0.003;20260426
VAUNDY;fly away;1593;143;0.021;20260426
The Red Clay Strays;Demons In Your Choir;1586;-203;0.007;20260426
Ac/Dc;Thunderstruck;1574;-691;4.052;20260426
Aitana;SUPERESTRELLA;1571;124;0.208;20260426
Michael Jackson;The Way You Make Me Feel;1570;719;0.075;20260426
OFFICIAL HIGE DANDISM;Stardust;1568;60;0.021;20260426
KATSEYE;PINKY UP;1542;-655;0.053;20260426
Disturbed;The Sound of Silence;1542;1112;10.277;20260426
Niall Horan;Little More Time;1538;-2290;0.012;20260426
BURNIN' BRIDGES Ai Music;BLACK WATER DAMNED;1537;-588;0.018;20260426
Justin Bieber;Favorite Girl;1530;697;0.084;20260426
Vanessa Mai;Rohdiamant;1519;-148;0.005;20260426
Mrs. GREEN APPLE;Wind and Town;1508;-30;0.021;20260426
TAEYEON;Pieces;1507;1507;0.002;20260426
HWASA;Good Goodbye;1497;293;0.372;20260426
Christina Perri;A Thousand Years;1489;355;8.251;20260426
Myles Smith;Stargazing;1461;519;2.564;20260426
Farin Urlaub;Happy 2bD;1456;-871;0.006;20260426
MISIA;THE LAST DANCE WITH YOU;1450;-29;0.01;20260426
Tears for Fears;Everybody Wants to Rule the World;1436;165;1.032;20260426
Ella Langley;Dandelion;1434;603;0.166;20260426
Hiromitsu Kitayama;ULTRA;1422;1019;0.006;20260426
Eddie Dalton;Somewhere Along The Way;1417;-209;0.086;20260426
Michael Jackson;Heal the World;1415;817;0.184;20260426
M!LK;Sukisugite METSU;1395;27;0.22;20260426
Ella Langley;Bottom Of Your Boots;1380;783;0.041;20260426
Bad Bunny;DtMF;1374;133;1.045;20260426
GroßstadtEngel;Gute Laune;1372;-376;0.33;20260426
Journey;Don't Stop Believin';1370;205;3.644;20260426
Ado;KIRA;1368;-145;0.009;20260426
Kenshi Yonezu;IRIS OUT;1362;204;0.348;20260426
Benson Boone;Beautiful Things;1344;33;7.166;20260426
Milky;Just the Way You Are;1337;-11;0.069;20260426
Jennifer Lopez;Save Me Tonight;1325;537;0.098;20260426
David Guetta;Save Me Tonight;1325;537;0.098;20260426
GENER8ION;STORM I;1318;1318;0.001;20260426
Yung Lean;STORM I;1318;1318;0.001;20260426
ARASHI;Five;1315;10;0.091;20260426
Tobee;Mon Amour;1306;-89;0.008;20260426
Muse;Be With You;1303;-515;0.074;20260426
Billie Eilish;BIRDS OF A FEATHER;1293;-27;5.835;20260426
M!LK;Bakuretsu Aishiteru;1290;-25;0.098;20260426
King Gnu;AIZO;1266;93;0.192;20260426
Dave Mason;We Just Disagree;1265;390;0.014;20260426
sakanaction;Yoru No Odoriko;1265;24;0.014;20260426
Blasterjaxx;Désenchantée 3000;1261;38;0.011;20260426
Kate Ryan;Désenchantée 3000;1261;38;0.011;20260426
JJ Lin;Careful with Fate;1260;0;0.076;20260426
Sia;Unstoppable;1260;215;7.557;20260426
Redgum;I Was Only 19;1241;-49;0.085;20260426
OFFICIAL HIGE DANDISM;Elderflower;1241;-24;0.04;20260426
Lil Kleine;Maak Me Nou Niet Gek;1230;-132;0.004;20260426
Samuel Welten;Maak Me Nou Niet Gek;1230;-132;0.004;20260426
De Amsterdamse Zomer;Maak Me Nou Niet Gek;1230;-132;0.004;20260426
Lola Young;Messy;1228;-518;4.083;20260426
Blondee;Ocean Drive;1217;-283;0.005;20260426
Tatsuya Kitani;HIDANE;1217;47;0.029;20260426
Unheilig;Liebe Glaube Monster;1214;1214;0.005;20260426
sombr;back to friends;1205;589;0.59;20260426
Teddy Swims;Lose Control;1198;262;7.337;20260426
VAUNDY;idea ga afurete nemurenai;1193;45;0.008;20260426
The xx;Intro;1171;697;0.919;20260426
BIBI;My Pace;1162;645;0.006;20260426
Ella Langley;Loving Life Again;1157;619;0.084;20260426
Michael Jackson;Dirty Diana;1148;592;0.08;20260426
ROSALÍA;Berghain;1142;742;0.588;20260426
Björk;Berghain;1142;742;0.588;20260426
Yves Tumor;Berghain;1142;742;0.588;20260426
MYTH & ROID;Ender Ember;1125;1125;0.003;20260426
TK from Ling tosite sigure;Ender Ember;1125;1125;0.003;20260426
Chappell Roan;Pink Pony Club;1113;281;2.681;20260426
Angèle;What You Want;1112;-269;0.071;20260426
Justice;What You Want;1112;-269;0.071;20260426
RIIZE;Behind The Shine;1106;367;0.011;20260426
Miley Cyrus;Younger You;1105;-217;0.145;20260426
GENER8ION;STORM II;1103;602;0.002;20260426
Yung Lean;STORM II;1103;602;0.002;20260426
Disco Lines;No Broke Boys;1102;-250;1.259;20260426
Tinashe;No Broke Boys;1102;-250;1.259;20260426
Kacey Musgraves;Dry Spell;1095;-3;0.048;20260426
Sistema Dance 2000;Because We Jive;1090;315;0.003;20260426
Wincent Weiss;Hast du kurz Zeit;1086;1086;0.07;20260426
Mr.Children;Again;1083;0;0.123;20260426
BTS;they don’t know ’bout us;1078;-97;0.13;20260426
Tom Odell;Another Love;1069;197;2.696;20260426
Sheppard;Sayonara;1062;-306;0.004;20260426
ShowMinorSavage;ROMEO;1062;-360;0.004;20260426
Justin Bieber;That Should Be Me;1058;-164;0.041;20260426
BEARWOLF;Феникс;1057;76;0.034;20260426
Rockin' Jukebox;Only You Tonight;1057;-958;0.003;20260426
YUNGBLUD;Zombie;1043;254;0.52;20260426
Mrs. GREEN APPLE;lulu.;1041;39;0.166;20260426
INI;All 4 U;1021;554;0.011;20260426
HAVEN.;I Run;1014;-751;0.437;20260426
Kaitlin Aragon;I Run;1014;-751;0.437;20260426
Elton John;Cold Heart;1014;214;7.995;20260426
Dua Lipa;Cold Heart;1014;214;7.995;20260426
Konomi Suzuki;Recollect;1002;1002;0.009;20260426
Ashnikko;Recollect;1002;1002;0.009;20260426
Blu Monroe;That's What The Pain Taught Me;996;-214;0.008;20260426
Imagine Dragons;Believer;995;799;8.76;20260426
Michael Jackson;P.Y.T.;993;771;0.018;20260426
Harry Styles;Aperture;992;-386;0.574;20260426
Sal da Vinci;Per sempre sì;989;131;0.134;20260426
Keisuke Kuwata;HITOTARASHI;983;38;0.028;20260426
Michael Schulte;5am;975;-142;0.059;20260426
The Second Voice;LET ME BE;14236;-789;0.491;20260427
Olivia Rodrigo;drop dead;13628;-1097;0.174;20260427
HUNTR/X;Golden;10798;-2120;4.699;20260427
EJAE;Golden;10798;-2120;4.699;20260427
AUDREY NUNA;Golden;10798;-2120;4.699;20260427
REI AMI;Golden;10798;-2120;4.699;20260427
KPop Demon Hunters Cast;Golden;10798;-2120;4.699;20260427
Michael Jackson;Billie Jean;10524;519;0.732;20260427
Justin Bieber;Beauty and a Beat;10439;41;2.273;20260427
IngaRose;Celebrate Me;10243;467;0.249;20260427
Alex Warren;Ordinary;8887;-457;5.452;20260427
Alex Warren;FEVER DREAM;8746;-40;0.549;20260427
Bruno Mars;I Just Might;8648;-856;1.444;20260427
RAYE;WHERE IS MY HUSBAND;8213;-903;2.382;20260427
BTS;SWIM;8131;-793;0.634;20260427
Josh Fawaz;Like a Prayer;8037;-376;0.092;20260427
The Chemical Brothers;Go;7901;2763;0.289;20260427
Michael Jackson;Human Nature;7846;2628;0.055;20260427
Madonna;I Feel So Free;7773;-2305;0.149;20260427
Bebe Rexha;New Religion;7723;104;0.41;20260427
Faithless;New Religion;7723;104;0.41;20260427
Olivia Dean;So Easy;7649;1049;1.31;20260427
Michael Jackson;Smooth Criminal;7612;1619;0.266;20260427
Taylor Swift;The Fate of Ophelia;7514;-790;3.154;20260427
Ella Langley;Choosin' Texas;7233;878;0.95;20260427
Michael Jackson;Don't Stop 'Til You Get Enough;7088;1385;0.066;20260427
Michael Jackson;Beat It;6850;1395;0.406;20260427
Michael Jackson;Thriller;6357;253;0.896;20260427
Tame Impala;Dracula;5967;-545;0.32;20260427
JENNIE;Dracula;5967;-545;0.32;20260427
Olivia Dean;Man I Need;5954;-570;2.218;20260427
Justin Bieber;EVERYTHING HALLELUJAH;5848;913;0.036;20260427
Cameron Whitcomb;Kingdom of Fear;5539;-129;0.146;20260427
Ella Langley;I Can't Love You Anymore;4961;-109;0.02;20260427
Morgan Wallen;I Can't Love You Anymore;4961;-109;0.02;20260427
Justin Bieber;DAISIES;4920;-1309;0.928;20260427
Taylor Swift;Opalite;4917;-49;1.682;20260427
Teddy Swims;Mr. Know It All;4846;894;0.116;20260427
Djo;End of Beginning;4707;625;1.793;20260427
Tame Impala;Dracula;4633;468;0.282;20260427
HUGEL;Jamaican;4585;414;0.318;20260427
SOLTO (FR);Jamaican;4585;414;0.318;20260427
Michael Jackson;Bad;4325;833;0.086;20260427
Muse;Cryogen;4223;-1941;0.038;20260427
GENER8ION;STORM II;3972;2869;0.006;20260427
Yung Lean;STORM II;3972;2869;0.006;20260427
Harry Styles;American Girls;3964;-104;0.269;20260427
Shaboozey;Born To Die;3944;81;0.015;20260427
Zara Larsson;Lush Life;3929;-485;2.65;20260427
ANOTR;Talk To You;3858;242;0.118;20260427
Michael Jackson;Wanna Be Startin' Somethin';3723;424;0.03;20260427
Bruno Mars;Risk It All;3621;-917;0.436;20260427
mikeeysmind;Papaoutai;3618;-520;0.824;20260427
Chill77;Papaoutai;3618;-520;0.824;20260427
Unjaps;Papaoutai;3618;-520;0.824;20260427
Sam Fender;Rein Me In;3593;-35;0.504;20260427
Olivia Dean;Rein Me In;3593;-35;0.504;20260427
Eddie Dalton;Another Day Old;3518;-600;0.292;20260427
sombr;Homewrecker;3445;443;0.302;20260427
Riley Green;My Way;3300;3159;0.012;20260427
Lady Gaga;Die With A Smile;3257;-1094;7.368;20260427
Bruno Mars;Die With A Smile;3257;-1094;7.368;20260427
Disney;Zoo;3147;218;0.468;20260427
Shakira;Zoo;3147;218;0.468;20260427
Noah Kahan;Staying Still;3098;276;0.011;20260427
CORTIS;REDRED;3096;-297;0.025;20260427
Shaboozey;A Bar Song;3050;525;4.76;20260427
SOUL ARCHIVE ROOM;Let Them Talk;2995;2450;0.025;20260427
Michael Jackson;The Way You Make Me Feel;2947;1377;0.078;20260427
Joey Heindle;Schwer zu erklären;2936;728;0.006;20260427
BTS;2.0;2932;192;0.236;20260427
Vanessa Mai;Rohdiamant;2914;1395;0.008;20260427
Ella Langley;you look like you love me;2879;249;1.154;20260427
Riley Green;you look like you love me;2879;249;1.154;20260427
Maite Kelly;Ein Kuss in Paris;2864;-206;0.012;20260427
sombr;12 to 12;2821;-58;1.072;20260427
The Goo Goo Dolls;Iris;2802;417;1.92;20260427
LE SSERAFIM;CELEBRATION;2785;-2074;0.022;20260427
Ella Langley;Be Her;2769;-317;0.257;20260427
SIENNA SPIRO;Die On This Hill;2755;-758;0.608;20260427
Harry Styles;Sign of the Times;2733;250;4.773;20260427
STELLA LEFTY;Boston;2701;938;0.016;20260427
Justin Bieber;Baby;2665;213;0.882;20260427
mgk;FIX UR FACE;2628;114;0.029;20260427
Fred Durst;FIX UR FACE;2628;114;0.029;20260427
Benson Boone;Beautiful Things;2595;1251;7.169;20260427
Noah Kahan;A Few Of Your Own;2454;205;0.009;20260427
Noah Kahan;Lighthouse;2354;249;0.008;20260427
Michael Jackson;They Don't Care About Us;2354;582;0.259;20260427
BTS;Body to Body;2334;511;0.29;20260427
Milky;Just the Way You Are;2294;957;0.071;20260427
Michael Jackson;Man In the Mirror;2293;359;0.174;20260427
Ragal Ironbull;VALHALLA CALLING;2228;-191;0.14;20260427
BTS;Hooligan;2218;202;0.194;20260427
Ella Langley;Dandelion;2197;763;0.168;20260427
Michael Jackson;Black or White;2181;475;0.088;20260427
The Bausa;Magnetic;2176;208;0.059;20260427
The Killers;Mr. Brightside;2131;1;1.682;20260427
Billie Eilish;BIRDS OF A FEATHER;2110;817;5.837;20260427
Eminem;Lose Yourself;2070;-83;3.748;20260427
ROSÉ;APT.;2020;-221;6.365;20260427
Bruno Mars;APT.;2020;-221;6.365;20260427
Noah Kahan;The Great Divide;1995;234;0.177;20260427
M!LK;IDOLPOWER;1992;1992;0.002;20260427
Noah Kahan;Orbiter;1933;-8;0.007;20260427
Céline Dion;Dansons;1930;-210;0.047;20260427
Zhang Zi Ning;一念(电视剧《逐玉》插曲);1928;-274;0.068;20260427
Rex;一念(电视剧《逐玉》插曲);1928;-274;0.068;20260427
Ricchi;Sarà perché ti amo;1903;240;1.525;20260427
Poveri;Sarà perché ti amo;1903;240;1.525;20260427
Jada Monroe;Done;1898;-792;0.008;20260427
Motoki Ohmori;MOYOOSHI;1882;1882;0.002;20260427
Farin Urlaub;Happy 2bD;1873;417;0.008;20260427
Bad Bunny;NUEVAYoL;1853;-335;0.83;20260427
KAROL G;Después de ti;1853;-605;0.01;20260427
Greg Gonzalez;Después de ti;1853;-605;0.01;20260427
Drake;NOKIA;1827;1020;1.828;20260427
Shakira;Zoo;1822;-339;0.588;20260427
Tyla;SHE DID IT AGAIN;1815;936;0.022;20260427
Ryosuke Yamada;MAGIC MUSIC;1814;1814;0.002;20260427
Gordo;Loco Loco;1813;-33;0.139;20260427
Reinier Zonneveld;Loco Loco;1813;-33;0.139;20260427
Luke Combs;Days Like These;1779;-78;0.292;20260427
Dean Lewis;How Do I Say Goodbye;1772;-703;2.277;20260427
TWS;You, You;1766;1766;0.002;20260427
Anyma;Bad Angel;1753;-9;0.084;20260427
LISA;Bad Angel;1753;-9;0.084;20260427
Ado;KIRA;1730;362;0.011;20260427
GroßstadtEngel;Gute Laune;1715;343;0.332;20260427
Shunned at a Funeral;Rattle the Bones;1709;-30;0.003;20260427
Sia;Unstoppable;1708;448;7.559;20260427
Michael Jackson;Dirty Diana;1703;555;0.082;20260427
NEXZ;Mmchk;1700;1700;0.002;20260427
Michael Jackson;Remember the Time;1692;1053;0.022;20260427
Benny Rivers;Step by Step in Time;1673;1438;0.022;20260427
Lady Gaga;Runway;1654;-644;0.134;20260427
Doechii;Runway;1654;-644;0.134;20260427
Disco Lines;No Broke Boys;1640;538;1.26;20260427
Tinashe;No Broke Boys;1640;538;1.26;20260427
Lola Young;Messy;1640;412;4.085;20260427
BTS;Into the Sun;1632;24;0.14;20260427
Matthias Reim;Keine Freunde bleiben;1624;-953;0.01;20260427
Number_i;3XL;1599;1599;0.026;20260427
Vaundy;飛ぶ時;1581;1581;0.006;20260427
Dermot Kennedy;Funeral;1540;-194;0.167;20260427
Kacey Musgraves;Dry Spell;1538;443;0.05;20260427
XXXTENTACION;Moonlight;1516;-761;0.707;20260427
Number_i;Influ;1508;1508;0.002;20260427
Journey;Don't Stop Believin';1495;125;3.645;20260427
Number_i;サイケSHOCK;1484;1484;0.001;20260427
Kis-My-Ft2;Yoruno mukoue;1479;-121;0.005;20260427
Blasterjaxx;Désenchantée 3000;1472;211;0.012;20260427
Kate Ryan;Désenchantée 3000;1472;211;0.012;20260427
Teddy Swims;Bad Dreams;1450;935;3.528;20260427
Silas Thorne Music;Before I Go;1441;1366;0.002;20260427
GIUSEPPE ROCCASALVO;PENSIERO STUPENDO;1431;566;0.055;20260427
Number_i;Supa Bro;1422;1422;0.001;20260427
Zara Larsson;Midnight Sun;1417;-186;0.161;20260427
Aitana;SUPERESTRELLA;1409;-162;0.209;20260427
David Guetta;Gone Gone Gone;1408;-713;0.979;20260427
Teddy Swims;Gone Gone Gone;1408;-713;0.979;20260427
Tones And I;Gone Gone Gone;1408;-713;0.979;20260427
Mrs. GREEN APPLE;Wind and Town;1395;-113;0.022;20260427
Ella Langley;Bottom Of Your Boots;1391;11;0.042;20260427
Christina Perri;A Thousand Years;1380;-109;8.253;20260427
ROSALÍA;La Perla;1379;-625;0.362;20260427
Yahritza Y Su Esencia;La Perla;1379;-625;0.362;20260427
TAEYEON;Pieces;1373;-134;0.003;20260427
OFFICIAL HIGE DANDISM;Stardust;1368;-200;0.022;20260427
Michael Jackson;Heal the World;1362;-53;0.185;20260427
ヨルシカ;あぶく;1359;1359;0.005;20260427
Michael Jackson;Rock With You;1330;871;0.027;20260427
Korn;Reward the Scars;1324;-697;0.013;20260427
Eclipse;Sudden Shower;1323;391;0.412;20260427
Teddy Swims;Lose Control;1320;122;7.338;20260427
Broers;Angels Above Me;1314;-364;0.003;20260427
Number_i;LAVALAVA;1302;1302;0.027;20260427
Blondee;Ocean Drive;1290;73;0.006;20260427
Justin Bieber;Favorite Girl;1269;-261;0.086;20260427
MISIA;THE LAST DANCE WITH YOU;1265;-185;0.011;20260427
Ella Langley;Loving Life Again;1249;92;0.085;20260427
Dave Mason;We Just Disagree;1244;-21;0.016;20260427
Kato;Turn the Lights Off;1244;289;0.367;20260427
Jon;Turn the Lights Off;1244;289;0.367;20260427
Adele;Send My Love;1237;909;2.361;20260427
Tender May;Silver Night;1229;562;0.006;20260427
Calem OG;Silver Night;1229;562;0.006;20260427
Bad Style;Silver Night;1229;562;0.006;20260427
HAVEN.;I Run;1221;207;0.438;20260427
Kaitlin Aragon;I Run;1221;207;0.438;20260427
金色火种GoldenFire;Please love yourself(请好好爱自己);1206;253;0.005;20260427
M!LK;Sukisugite METSU;1193;-202;0.221;20260427
King Gnu;AIZO;1191;-75;0.193;20260427
BURNIN' BRIDGES Ai Music;BLACK WATER DAMNED;1186;-351;0.019;20260427
Kenshi Yonezu;IRIS OUT;1176;-186;0.35;20260427
M!LK;Bakuretsu Aishiteru;1170;-120;0.099;20260427
Chappell Roan;Pink Pony Club;1162;49;2.682;20260427
Maite Kelly;Frei;1148;-733;0.036;20260427
ARASHI;Five;1148;-167;0.092;20260427
XngHan&Xoul;Glow;1131;1131;0.001;20260427
Bleu Soleil;Soleil Bleu;1131;317;0.618;20260427
LUIZA;Soleil Bleu;1131;317;0.618;20260427
Coldplay;A Sky Full of Stars;1129;301;11.257;20260427
Charlotte Cardin;The Way We Touch;1129;834;0.041;20260427
Michael Schulte;5am;1127;152;0.06;20260427
sakanaction;Yoru No Odoriko;1125;-140;0.016;20260427
1986zig;Nur dir gehör'n;1125;849;0.003;20260427
Topic;Sorry Papi;1121;249;0.004;20260427
Becky G;Sorry Papi;1121;249;0.004;20260427
Ac/Dc;Thunderstruck;1115;-459;4.054;20260427
Tyla;CHANEL;1111;563;0.412;20260427
RIIZE;Behind The Shine;1107;1;0.012;20260427
Niall Horan;Little More Time;1104;-434;0.014;20260427
Michael Jackson;Dangerous;1089;684;0.003;20260427
Sizelle;Unwords;1083;351;0.007;20260427
Tatsuya Kitani;HIDANE;1083;-134;0.03;20260427
Bad Bunny;DtMF;1079;-295;1.047;20260427
BTS;Like Animals;1069;368;0.198;20260427
The Red Clay Strays;Demons In Your Choir;1068;-518;0.008;20260427
JJ Lin;Careful with Fate;1068;-192;0.077;20260427
Amy Shark;The Biggest Dick;1062;236;0.055;20260427
HWASA;Good Goodbye;1057;-440;0.373;20260427
AC/DC;Highway to Hell;1049;536;1.93;20260427
MYTH & ROID;Ender Ember;1041;-84;0.004;20260427
TK from Ling tosite sigure;Ender Ember;1041;-84;0.004;20260427
Ifan Seventeen;Jangan Paksa Rindu;1041;124;0.063;20260427
Myles Smith;Stargazing;1032;-429;2.565;20260427
Kris Kross Amsterdam;Zij Hoort Bij Mij;1027;273;0.008;20260427
Jan Smit;Zij Hoort Bij Mij;1027;273;0.008;20260427
Frans Bauer;Zij Hoort Bij Mij;1027;273;0.008;20260427
Charlotte Cardin;Tant pis pour elle;1027;316;0.193;20260427
Disturbed;The Sound of Silence;1023;-519;10.278;20260427
Rodrigo Amarante;Tuyo;1018;165;0.443;20260427
Boney M.;Rasputin;1016;106;0.496;20260427
Harry Styles;Aperture;1016;24;0.575;20260427
Elton John;Cold Heart;1014;0;7.996;20260427
Dua Lipa;Cold Heart;1014;0;7.996;20260427
Coldplay;Viva la Vida;1009;150;6.97;20260427
Lady Gaga;Runway;15451;13797;0.149;20260428
Doechii;Runway;15451;13797;0.149;20260428
The Second Voice;LET ME BE;14448;212;0.505;20260428
HUNTR/X;Golden;12775;1977;4.712;20260428
EJAE;Golden;12775;1977;4.712;20260428
AUDREY NUNA;Golden;12775;1977;4.712;20260428
REI AMI;Golden;12775;1977;4.712;20260428
KPop Demon Hunters Cast;Golden;12775;1977;4.712;20260428
Michael Jackson;Billie Jean;10268;-256;0.743;20260428
Olivia Rodrigo;drop dead;10071;-3557;0.184;20260428
Justin Bieber;Beauty and a Beat;9409;-1030;2.283;20260428
The Chemical Brothers;Go;9116;1215;0.298;20260428
Michael Jackson;Human Nature;8810;964;0.064;20260428
IngaRose;Celebrate Me;8754;-1489;0.258;20260428
Taylor Swift;The Fate of Ophelia;8549;1035;3.162;20260428
Alex Warren;Ordinary;8335;-552;5.461;20260428
RAYE;WHERE IS MY HUSBAND;8226;13;2.39;20260428
Alex Warren;FEVER DREAM;8170;-576;0.557;20260428
Josh Fawaz;Like a Prayer;8047;10;0.1;20260428
Bruno Mars;I Just Might;7965;-683;1.452;20260428
BTS;SWIM;7634;-497;0.642;20260428
Olivia Dean;Man I Need;7479;1525;2.226;20260428
Michael Jackson;Don't Stop 'Til You Get Enough;7473;385;0.073;20260428
Bebe Rexha;New Religion;7023;-700;0.417;20260428
Faithless;New Religion;7023;-700;0.417;20260428
Ella Langley;Choosin' Texas;7003;-230;0.957;20260428
Olivia Dean;So Easy;6558;-1091;1.316;20260428
Tame Impala;Dracula;6418;451;0.327;20260428
JENNIE;Dracula;6418;451;0.327;20260428
Madonna;I Feel So Free;6356;-1417;0.156;20260428
Michael Jackson;Beat It;6274;-576;0.412;20260428
Michael Jackson;Thriller;6082;-275;0.902;20260428
Kneecap;Irish Goodbye;5834;5834;0.006;20260428
Michael Jackson;Smooth Criminal;5810;-1802;0.272;20260428
Justin Bieber;DAISIES;5409;489;0.933;20260428
Cameron Whitcomb;Kingdom of Fear;5356;-183;0.152;20260428
Djo;End of Beginning;5034;327;1.798;20260428
Taylor Swift;Opalite;4917;0;1.687;20260428
Eddie Dalton;Another Day Old;4897;1379;0.297;20260428
Harry Styles;American Girls;4829;865;0.274;20260428
Teddy Swims;Mr. Know It All;4816;-30;0.121;20260428
Ella Langley;I Can't Love You Anymore;4770;-191;0.025;20260428
Morgan Wallen;I Can't Love You Anymore;4770;-191;0.025;20260428
Bob Dominator;Dragon Style;4746;4560;0.005;20260428
Michael Jackson;Bad;4706;381;0.09;20260428
HUGEL;Jamaican;4706;121;0.323;20260428
SOLTO (FR);Jamaican;4706;121;0.323;20260428
Bruno Mars;Risk It All;4537;916;0.44;20260428
Tame Impala;Dracula;4402;-231;0.287;20260428
Justin Bieber;EVERYTHING HALLELUJAH;4369;-1479;0.04;20260428
Ella Langley;Be Her;4232;1463;0.261;20260428
iyah may;Good Citizen;4196;4163;0.032;20260428
GENER8ION;STORM II;4038;66;0.01;20260428
Yung Lean;STORM II;4038;66;0.01;20260428
Riley Green;My Way;4035;735;0.016;20260428
SOUL ARCHIVE ROOM;Let Them Talk;3957;962;0.029;20260428
Sam Fender;Rein Me In;3765;172;0.508;20260428
Olivia Dean;Rein Me In;3765;172;0.508;20260428
Lady Gaga;Die With A Smile;3558;301;7.371;20260428
Bruno Mars;Die With A Smile;3558;301;7.371;20260428
Zara Larsson;Lush Life;3501;-428;2.654;20260428
Ragal Ironbull;VALHALLA CALLING;3454;1226;0.143;20260428
Silas Thorne Music;Before I Go;3453;2012;0.005;20260428
Michael Jackson;Wanna Be Startin' Somethin';3338;-385;0.033;20260428
LE SSERAFIM;CELEBRATION;3216;431;0.025;20260428
ANOTR;Talk To You;3151;-707;0.122;20260428
Muse;Cryogen;3037;-1186;0.041;20260428
Harry Styles;Sign of the Times;2986;253;4.776;20260428
Disney;Zoo;2964;-183;0.471;20260428
Shakira;Zoo;2964;-183;0.471;20260428
Noah Kahan;Staying Still;2951;-147;0.014;20260428
BTS;2.0;2831;-101;0.239;20260428
Michael Jackson;Man In the Mirror;2793;500;0.177;20260428
sombr;Homewrecker;2750;-695;0.305;20260428
mgk;FIX UR FACE;2608;-20;0.032;20260428
Fred Durst;FIX UR FACE;2608;-20;0.032;20260428
mikeeysmind;Papaoutai;2602;-1016;0.827;20260428
Chill77;Papaoutai;2602;-1016;0.827;20260428
Unjaps;Papaoutai;2602;-1016;0.827;20260428
Shunned at a Funeral;Rattle the Bones;2535;826;0.006;20260428
Editors;Call It In;2498;2498;0.002;20260428
Shaboozey;A Bar Song;2462;-588;4.763;20260428
The Goo Goo Dolls;Iris;2401;-401;1.923;20260428
Shaboozey;Born To Die;2354;-1590;0.017;20260428
sombr;12 to 12;2354;-467;1.075;20260428
Joey Heindle;Schwer zu erklären;2348;-588;0.008;20260428
ROSÉ;APT.;2307;287;6.367;20260428
Bruno Mars;APT.;2307;287;6.367;20260428
Ella Langley;you look like you love me;2304;-575;1.156;20260428
Riley Green;you look like you love me;2304;-575;1.156;20260428
The Ronettes;Be My Baby;2278;1669;0.115;20260428
Zhang Zi Ning;一念(电视剧《逐玉》插曲);2270;342;0.071;20260428
Rex;一念(电视剧《逐玉》插曲);2270;342;0.071;20260428
Maite Kelly;Ein Kuss in Paris;2245;-619;0.015;20260428
Benson Boone;Beautiful Things;2237;-358;7.171;20260428
HAVEN.;I Run;2220;999;0.44;20260428
Kaitlin Aragon;I Run;2220;999;0.44;20260428
Michael Jackson;The Way You Make Me Feel;2206;-741;0.08;20260428
CORTIS;REDRED;2200;-896;0.027;20260428
BTS;Hooligan;2194;-24;0.196;20260428
Bob Dominator;Dragons Lair;2183;2183;0.005;20260428
Billie Eilish;BIRDS OF A FEATHER;2170;60;5.839;20260428
Michael Jackson;Dirty Diana;2150;447;0.084;20260428
BTS;Body to Body;2142;-192;0.292;20260428
Milky;Just the Way You Are;2084;-210;0.073;20260428
STELLA LEFTY;Boston;2040;-661;0.019;20260428
Noah Kahan;The Great Divide;2038;43;0.179;20260428
TWS;You, You;2034;268;0.004;20260428
KAROL G;Después de ti;2014;161;0.012;20260428
Greg Gonzalez;Después de ti;2014;161;0.012;20260428
Vanessa Mai;Rohdiamant;2011;-903;0.01;20260428
iyah may;Karmageddon;1976;1976;0.097;20260428
Ella Langley;Bottom Of Your Boots;1931;540;0.044;20260428
Noah Kahan;A Few Of Your Own;1915;-539;0.011;20260428
Ac/Dc;Thunderstruck;1909;794;4.056;20260428
Ella Langley;Dandelion;1903;-294;0.17;20260428
ROSALÍA;La Perla;1903;524;0.364;20260428
Yahritza Y Su Esencia;La Perla;1903;524;0.364;20260428
Drake;NOKIA;1870;43;1.83;20260428
Eminem;Lose Yourself;1855;-215;3.75;20260428
Michael Jackson;They Don't Care About Us;1829;-525;0.261;20260428
Céline Dion;Dansons;1797;-133;0.049;20260428
NEXZ;Mmchk;1793;93;0.003;20260428
Dermot Kennedy;Funeral;1764;224;0.168;20260428
Sia;Unstoppable;1735;27;7.56;20260428
M!LK;IDOLPOWER;1723;-269;0.004;20260428
Michael Jackson;Black or White;1718;-463;0.09;20260428
Marc Rebillet;Your New Morning Alarm;1713;1713;0.691;20260428
Topic;Sorry Papi;1699;578;0.006;20260428
Becky G;Sorry Papi;1699;578;0.006;20260428
Stick Figure;Angels Above Me;1699;1065;0.088;20260428
Ricchi;Sarà perché ti amo;1692;-211;1.527;20260428
Poveri;Sarà perché ti amo;1692;-211;1.527;20260428
Justin Bieber;Baby;1687;-978;0.884;20260428
sombr;back to friends;1683;905;0.593;20260428
Korn;Reward the Scars;1673;349;0.014;20260428
GroßstadtEngel;Gute Laune;1658;-57;0.333;20260428
The Bausa;Magnetic;1646;-530;0.061;20260428
Bleu Soleil;Soleil Bleu;1623;492;0.619;20260428
LUIZA;Soleil Bleu;1623;492;0.619;20260428
Motoki Ohmori;MOYOOSHI;1600;-282;0.003;20260428
Luke Combs;Days Like These;1579;-200;0.293;20260428
VAUNDY;fly away;1567;1567;0.023;20260428
Yorushika;Bubble;1541;1541;0.008;20260428
Number_i;3XL;1538;-61;0.027;20260428
XngHan&Xoul;Glow;1533;402;0.003;20260428
The Killers;Mr. Brightside;1524;-607;1.684;20260428
Farin Urlaub;Happy 2bD;1524;-349;0.009;20260428
Noah Kahan;Lighthouse;1513;-841;0.01;20260428
Number_i;Influ;1508;0;0.003;20260428
Anyma;Bad Angel;1495;-258;0.086;20260428
LISA;Bad Angel;1495;-258;0.086;20260428
Eddie Dalton;Somewhere Along The Way;1493;512;0.089;20260428
Kygo;Save My Love;1492;1138;0.064;20260428
Khalid;Save My Love;1492;1138;0.064;20260428
Gryffin;Save My Love;1492;1138;0.064;20260428
Kis-My-Ft2;Yoruno mukoue;1479;0;0.006;20260428
シャキーラ;Zoo;1474;1474;0.018;20260428
Luke Bryan;Country And She Knows It;1466;1466;0.005;20260428
Miley Cyrus;Younger You;1455;514;0.148;20260428
Mrs. GREEN APPLE;Wind and Town;1450;55;0.023;20260428
Dave;Raindance;1440;433;0.332;20260428
Tems;Raindance;1440;433;0.332;20260428
KAROL G;Si Antes Te Hubiera Conocido;1427;698;1.835;20260428
OFFICIAL HIGE DANDISM;Stardust;1422;54;0.024;20260428
Ryosuke Yamada;MAGIC MUSIC;1411;-403;0.003;20260428
David Guetta;Gone Gone Gone;1409;1;0.981;20260428
Teddy Swims;Gone Gone Gone;1409;1;0.981;20260428
Tones And I;Gone Gone Gone;1409;1;0.981;20260428
The Cranberries;Dreams;1382;736;0.894;20260428
Number_i;Psyche Shock;1368;1368;0.001;20260428
Dean Lewis;How Do I Say Goodbye;1367;-405;2.278;20260428
Aitana;SUPERESTRELLA;1366;-43;0.211;20260428
Ella Langley;Loving Life Again;1357;108;0.087;20260428
Zara Larsson;Midnight Sun;1346;-71;0.162;20260428
Number_i;Supa Bro;1341;-81;0.003;20260428
Hearts2Hearts;RUDE;1337;397;0.079;20260428
Draugr Balled;North wind calls;1332;1088;0.039;20260428
Ado;KIRA;1331;-399;0.012;20260428
Devin Townsend;Home at Night;1328;1249;0.003;20260428
Kacey Musgraves;Dry Spell;1323;-215;0.051;20260428
Lady Gaga;Always Remember Us This Way;1317;432;9.444;20260428
Kato;Turn the Lights Off;1311;67;0.368;20260428
Jon;Turn the Lights Off;1311;67;0.368;20260428
XXXTENTACION;Moonlight;1300;-216;0.708;20260428
Teddy Swims;Lose Control;1295;-25;7.34;20260428
MISIA;THE LAST DANCE WITH YOU;1290;25;0.013;20260428
SIENNA SPIRO;Die On This Hill;1288;-1467;0.609;20260428
Broers;Angels Above Me;1282;-32;0.005;20260428
King Gnu;AIZO;1276;85;0.195;20260428
Harry Styles;Aperture;1271;255;0.576;20260428
ROSALÍA;Berghain;1265;614;0.59;20260428
Björk;Berghain;1265;614;0.59;20260428
Yves Tumor;Berghain;1265;614;0.59;20260428
sakanaction;Yoru No Odoriko;1265;140;0.017;20260428
KATSEYE;PINKY UP;1244;244;0.055;20260428
M!LK;Sukisugite METSU;1241;48;0.222;20260428
Bad Bunny;NUEVAYoL;1239;-614;0.831;20260428
BTS;Into the Sun;1219;-413;0.141;20260428
Angèle;What You Want;1214;389;0.073;20260428
Justice;What You Want;1214;389;0.073;20260428
Coldplay;A Sky Full of Stars;1212;83;11.258;20260428
Lola Young;Messy;1211;-429;4.086;20260428
Michael Jackson;Heal the World;1207;-155;0.186;20260428
Sheena Taylor;I Denounce You Satan;1198;802;0.013;20260428
M!LK;Bakuretsu Aishiteru;1193;23;0.101;20260428
Sizelle;Unwords;1192;109;0.008;20260428
ZXKAI;NO BATIDÃO;1191;386;0.138;20260428
slxughter;NO BATIDÃO;1191;386;0.138;20260428
Sidhu Moose Wala;Eyes on Me;1185;1185;0.001;20260428
The Kidd;Eyes on Me;1185;1185;0.001;20260428
Sean Paul featuring Keyshia Cole;(When You Gonna) Give It Up to Me;1169;510;0.045;20260428
Serena Brancale;AL MIO PAESE;1161;299;0.02;20260428
Levante;AL MIO PAESE;1161;299;0.02;20260428
DELIA;AL MIO PAESE;1161;299;0.02;20260428
Ifan Seventeen;Jangan Paksa Rindu;1159;118;0.064;20260428
Muse;Be With You;1154;562;0.076;20260428
Tatsuya Kitani;HIDANE;1148;65;0.031;20260428
The xx;Intro;1147;683;0.92;20260428
Maite Kelly;Der Morgen danach;1146;241;0.216;20260428
Blasterjaxx;Désenchantée 3000;1138;-334;0.013;20260428
Kate Ryan;Désenchantée 3000;1138;-334;0.013;20260428
Luke Combs;Be By You;1136;308;0.199;20260428
ARASHI;Five;1125;-23;0.093;20260428
Noah Kahan;Orbiter;1121;-812;0.009;20260428
Riley Green;Worst Way;1118;227;0.376;20260428
Liana Ford;Midnight Love;1118;317;0.005;20260428
Jadte;Zeig wer du bist;1118;191;0.002;20260428
RIIZE;Behind The Shine;1112;5;0.014;20260428
金色火种GoldenFire;Please love yourself(请好好爱自己);1106;-100;0.006;20260428
Eddie Dalton;Stay a Little Longer;1099;317;0.096;20260428
Queen;Bohemian Rhapsody;1094;947;4.388;20260428
BURNIN' BRIDGES Ai Music;BLACK WATER DAMNED;1079;-107;0.02;20260428
Jada Monroe;Done;1065;-833;0.009;20260428
Michael Jackson;Rock With You;1065;-265;0.028;20260428
Eclipse;Sudden Shower;1063;-260;0.413;20260428
OFFICIAL HIGE DANDISM;Elderflower;1062;79;0.042;20260428
TAEYEON;Pieces;1060;-313;0.004;20260428
Charlotte Cardin;The Way We Touch;1050;-79;0.042;20260428
IngaRose;Feeling Good Today;1047;235;0.017;20260428
The Second Voice;LET ME BE;15065;617;0.52;20260429
Lady Gaga;Runway;14468;-983;0.164;20260429
Doechii;Runway;14468;-983;0.164;20260429
Michael Jackson;Billie Jean;11607;1339;0.754;20260429
The Chemical Brothers;Go;10733;1617;0.308;20260429
Jada Monroe;Keep Going;9661;9661;0.01;20260429
Justin Bieber;Beauty and a Beat;9568;159;2.292;20260429
Taylor Swift;The Fate of Ophelia;8711;162;3.171;20260429
BTS;SWIM;8438;804;0.65;20260429
RAYE;WHERE IS MY HUSBAND;8378;152;2.398;20260429
HUNTR/X;Golden;8178;-4597;4.72;20260429
EJAE;Golden;8178;-4597;4.72;20260429
AUDREY NUNA;Golden;8178;-4597;4.72;20260429
REI AMI;Golden;8178;-4597;4.72;20260429
KPop Demon Hunters Cast;Golden;8178;-4597;4.72;20260429
Josh Fawaz;Like a Prayer;8140;93;0.108;20260429
Alex Warren;Ordinary;8072;-263;5.469;20260429
Olivia Rodrigo;drop dead;8011;-2060;0.192;20260429
Ragal Ironbull;VALHALLA CALLING;7898;4444;0.151;20260429
Bob Dominator;Dragon Style;7726;2980;0.013;20260429
Bruno Mars;I Just Might;7527;-438;1.46;20260429
Michael Jackson;Human Nature;7456;-1354;0.071;20260429
Bebe Rexha;New Religion;7416;393;0.425;20260429
Faithless;New Religion;7416;393;0.425;20260429
Ella Langley;Choosin' Texas;7383;380;0.965;20260429
Alex Warren;FEVER DREAM;7298;-872;0.565;20260429
Michael Jackson;Don't Stop 'Til You Get Enough;7111;-362;0.08;20260429
Tame Impala;Dracula;6996;578;0.334;20260429
JENNIE;Dracula;6996;578;0.334;20260429
Olivia Dean;Man I Need;6572;-907;2.232;20260429
IngaRose;Celebrate Me;6425;-2329;0.265;20260429
Madonna;I Feel So Free;6393;37;0.162;20260429
Michael Jackson;Thriller;6378;296;0.908;20260429
GENER8ION;STORM II;6353;2315;0.016;20260429
Yung Lean;STORM II;6353;2315;0.016;20260429
Eddie Dalton;Another Day Old;6281;1384;0.303;20260429
Michael Jackson;Beat It;6279;5;0.419;20260429
Taylor Swift;Opalite;6219;1302;1.694;20260429
Bruno Mars;Risk It All;5639;1102;0.446;20260429
Eddie Dalton;Somewhere Along The Way;5577;4084;0.094;20260429
Bob Dominator;Dragons Lair;5291;3108;0.01;20260429
LE SSERAFIM;CELEBRATION;5270;2054;0.031;20260429
Michael Jackson;Smooth Criminal;5216;-594;0.277;20260429
Justin Bieber;DAISIES;5154;-255;0.938;20260429
Olivia Dean;So Easy;5134;-1424;1.321;20260429
Djo;End of Beginning;4914;-120;1.803;20260429
Ella Langley;I Can't Love You Anymore;4788;18;0.029;20260429
Morgan Wallen;I Can't Love You Anymore;4788;18;0.029;20260429
Michael Jackson;Bad;4612;-94;0.095;20260429
Justin Bieber;EVERYTHING HALLELUJAH;4425;56;0.045;20260429
Cameron Whitcomb;Kingdom of Fear;4191;-1165;0.156;20260429
Teddy Swims;Mr. Know It All;4087;-729;0.125;20260429
Jada Monroe;That's The Lesson;4027;3686;0.004;20260429
Ella Langley;Be Her;3902;-330;0.265;20260429
HUGEL;Jamaican;3755;-951;0.326;20260429
SOLTO (FR);Jamaican;3755;-951;0.326;20260429
Sam Fender;Rein Me In;3702;-63;0.512;20260429
Olivia Dean;Rein Me In;3702;-63;0.512;20260429
sombr;Homewrecker;3642;892;0.308;20260429
Harry Styles;American Girls;3625;-1204;0.278;20260429
Tame Impala;Dracula;3580;-822;0.29;20260429
Riley Green;My Way;3578;-457;0.019;20260429
Jada Monroe;Done;3548;2483;0.012;20260429
Zara Larsson;Lush Life;3302;-199;2.657;20260429
ANOTR;Talk To You;3186;35;0.125;20260429
Bob Dominator;Conquer Yourself;3145;2682;0.004;20260429
Michael Jackson;Wanna Be Startin' Somethin';3101;-237;0.036;20260429
mikeeysmind;Papaoutai;3017;415;0.83;20260429
Chill77;Papaoutai;3017;415;0.83;20260429
Unjaps;Papaoutai;3017;415;0.83;20260429
Disney;Zoo;2917;-47;0.474;20260429
Shakira;Zoo;2917;-47;0.474;20260429
BTS;2.0;2875;44;0.242;20260429
Silas Thorne Music;Before I Go;2834;-619;0.008;20260429
Jada Monroe;Too Late To Leave;2817;2532;0.01;20260429
FRIDA GOLD;Geboren um zu Leben;2736;2736;0.003;20260429
Mark Forster;So wie du warst;2686;2686;0.003;20260429
BTS;Hooligan;2616;422;0.199;20260429
Lady Gaga;Die With A Smile;2594;-964;7.374;20260429
Bruno Mars;Die With A Smile;2594;-964;7.374;20260429
SOUL ARCHIVE ROOM;Let Them Talk;2564;-1393;0.031;20260429
iyah may;Good Citizen;2515;-1681;0.035;20260429
Shaboozey;A Bar Song;2501;39;4.765;20260429
Billie Eilish;BIRDS OF A FEATHER;2494;324;5.841;20260429
CORTIS;REDRED;2477;277;0.029;20260429
Imael Angel;I'M MOVING TO THE SUN;2468;1431;0.004;20260429
Ella Langley;you look like you love me;2463;159;1.159;20260429
Riley Green;you look like you love me;2463;159;1.159;20260429
Joey Heindle;Schwer zu erklären;2373;25;0.011;20260429
Zhang Zi Ning;一念(电视剧《逐玉》插曲);2323;53;0.073;20260429
Rex;一念(电视剧《逐玉》插曲);2323;53;0.073;20260429
Deine Cousine;Große Freiheit;2320;2320;0.002;20260429
Anyma;Bad Angel;2319;824;0.088;20260429
LISA;Bad Angel;2319;824;0.088;20260429
Johannes Oerding;Ein guter Weg;2302;2302;0.002;20260429
Sia;Unstoppable;2302;567;7.563;20260429
Michael Jackson;The Way You Make Me Feel;2284;78;0.082;20260429
BTS;Body to Body;2279;137;0.295;20260429
PARK JI HOON;Bodyelse;2260;2260;0.002;20260429
Giovanni Zarrella;Du bist meine Heimat;2234;2234;0.002;20260429
Unheilig;Du bist meine Heimat;2185;2080;0.034;20260429
The Goo Goo Dolls;Iris;2175;-226;1.925;20260429
Noah Kahan;Staying Still;2161;-790;0.016;20260429
treamiboii;Strawanza;2135;2135;0.002;20260429
Stick Figure;Angels Above Me;2131;432;0.09;20260429
Diljit Dosanjh;Morni;2129;1509;0.003;20260429
Chani Nattan;Morni;2129;1509;0.003;20260429
Tru-Skool;Morni;2129;1509;0.003;20260429
KAROL G;Si Antes Te Hubiera Conocido;2121;694;1.837;20260429
Editors;Call It In;2095;-403;0.005;20260429
Céline Dion;Dansons;2047;250;0.051;20260429
Unheilig;Geboren um zu leben;2027;1953;0.639;20260429
Michael Jackson;They Don't Care About Us;2005;176;0.263;20260429
NEXZ;Mmchk;1974;181;0.005;20260429
SIENNA SPIRO;Die On This Hill;1973;685;0.611;20260429
STELLA LEFTY;Boston;1967;-73;0.02;20260429
sombr;12 to 12;1951;-403;1.077;20260429
Bad Bunny;NUEVAYoL;1945;706;0.833;20260429
Shunned at a Funeral;Rattle the Bones;1892;-643;0.008;20260429
Jada Monroe;Slow Ruin;1886;1776;0.01;20260429
Broers;Angels Above Me;1885;603;0.007;20260429
Shaboozey;Born To Die;1869;-485;0.019;20260429
Milky;Just the Way You Are;1865;-219;0.075;20260429
TWS;You, You;1854;-180;0.006;20260429
Eddie Dalton;Stay a Little Longer;1836;737;0.098;20260429
Harry Styles;Sign of the Times;1835;-1151;4.777;20260429
Coldplay;Viva la Vida;1833;1249;6.972;20260429
SOOBIN;I Love You I Love You too;1810;1810;0.002;20260429
TAEHYUN;I Love You I Love You too;1810;1810;0.002;20260429
TOMORROW X TOGETHER;I Love You I Love You too;1810;1810;0.002;20260429
Christina Perri;A Thousand Years;1803;990;8.255;20260429
Muse;Cryogen;1802;-1235;0.043;20260429
Justin Bieber;Baby;1791;104;0.886;20260429
Dermot Kennedy;Funeral;1776;12;0.17;20260429
Teddy Swims;Lose Control;1774;479;7.341;20260429
Ella Langley;Dandelion;1754;-149;0.172;20260429
The Ronettes;Be My Baby;1749;-529;0.117;20260429
The Claypool Lennon Delirium;Melody of Entropy;1738;1472;0.002;20260429
Benson Boone;Beautiful Things;1701;-536;7.173;20260429
Michael Jackson;Man In the Mirror;1692;-1101;0.179;20260429
M!LK;IDOLPOWER;1689;-34;0.005;20260429
Lady Gaga;Always Remember Us This Way;1675;358;9.446;20260429
Kneecap;Irish Goodbye;1656;-4178;0.007;20260429
Michael Jackson;Black or White;1653;-65;0.091;20260429
Bad Bunny;DtMF;1645;791;1.049;20260429
Ultimo;QUESTA INSENSATA VOGLIA DI TE;1638;1638;0.002;20260429
Gordo;Loco Loco;1634;602;0.142;20260429
Reinier Zonneveld;Loco Loco;1634;602;0.142;20260429
Europe;One on One;1607;922;0.002;20260429
Sevendust;Construct;1604;1604;0.002;20260429
Drake;NOKIA;1571;-299;1.832;20260429
Jada Monroe;Habit;1568;1568;0.002;20260429
Noah Kahan;The Great Divide;1565;-473;0.18;20260429
Draugr Balled;North wind calls;1544;212;0.041;20260429
Number_i;3XL;1538;0;0.029;20260429
Unheilig;Deine Liebe;1527;1527;0.009;20260429
GENER8ION;STORM I;1518;638;0.005;20260429
Yung Lean;STORM I;1518;638;0.005;20260429
Mrs. GREEN APPLE;Wind and Town;1508;58;0.025;20260429
Ac/Dc;Thunderstruck;1499;-410;4.057;20260429
XXXTENTACION;Moonlight;1479;179;0.71;20260429
TENIPURI “D” ALL STARS;Supreme Doubles;1479;1479;0.001;20260429
Lola Young;Messy;1473;262;4.088;20260429
GroßstadtEngel;Gute Laune;1467;-191;0.335;20260429
Korn;Reward the Scars;1460;-213;0.016;20260429
Motoki Ohmori;MOYOOSHI;1450;-150;0.005;20260429
Dean Lewis;How Do I Say Goodbye;1440;73;2.28;20260429
Zara Larsson;Midnight Sun;1440;94;0.163;20260429
OFFICIAL HIGE DANDISM;Stardust;1422;0;0.025;20260429
BTS;Into the Sun;1413;194;0.143;20260429
Number_i;Influ;1395;-113;0.004;20260429
Orange Range;Dramatic Heibon;1368;1368;0.001;20260429
Ella Langley;Bottom Of Your Boots;1352;-579;0.045;20260429
Yorushika;Bubble;1341;-200;0.009;20260429
Michael Jackson;Rock With You;1325;260;0.029;20260429
The Cranberries;Dreams;1323;-59;0.895;20260429
Die WBL;ANGEL ABOVE ME;1320;1320;0.001;20260429
MISIA;THE LAST DANCE WITH YOU;1315;25;0.014;20260429
RIIZE;Behind The Shine;1310;198;0.015;20260429
Aitana;SUPERESTRELLA;1302;-64;0.212;20260429
VAUNDY;fly away;1290;-277;0.024;20260429
Kato;Turn the Lights Off;1289;-22;0.369;20260429
Jon;Turn the Lights Off;1289;-22;0.369;20260429
Noah Kahan;A Few Of Your Own;1282;-633;0.012;20260429
Natasha Bedingfield;Unwritten;1281;682;1.025;20260429
Maite Kelly;Ein Kuss in Paris;1280;-965;0.016;20260429
ROSALÍA;La Perla;1274;-629;0.365;20260429
Yahritza Y Su Esencia;La Perla;1274;-629;0.365;20260429
Kis-My-Ft2;Yoruno mukoue;1265;-214;0.007;20260429
Luke Bryan;Country And She Knows It;1251;-215;0.007;20260429
Unheilig;Spiegel;1241;1241;0.05;20260429
sakanaction;Yoru No Odoriko;1241;-24;0.018;20260429
Journey;Don't Stop Believin';1240;229;3.648;20260429
Eminem;Lose Yourself;1239;-616;3.751;20260429
King Gnu;AIZO;1235;-41;0.196;20260429
YUNGBLUD;Zombie;1232;657;0.523;20260429
The Bausa;Magnetic;1230;-416;0.062;20260429
M!LK;Sukisugite METSU;1217;-24;0.224;20260429
KATSEYE;PINKY UP;1216;-28;0.056;20260429
HAVEN.;I Run;1216;-1004;0.441;20260429
Kaitlin Aragon;I Run;1216;-1004;0.441;20260429
Natalie Imbruglia;Upside Down;1213;1213;0.001;20260429
RAYE;Click Clack Symphony.;1203;609;0.148;20260429
M!LK;Bakuretsu Aishiteru;1193;0;0.102;20260429
Charlotte Cardin;The Way We Touch;1189;139;0.044;20260429
mgk;FIX UR FACE;1188;-1420;0.033;20260429
Fred Durst;FIX UR FACE;1188;-1420;0.033;20260429
iyah may;Karmageddon;1172;-804;0.098;20260429
Number_i;Psyche Shock;1170;-198;0.003;20260429
Ado;KIRA;1164;-167;0.013;20260429
Luke Combs;Days Like These;1157;-422;0.294;20260429
BTS;NORMAL;1156;697;0.209;20260429
Bon Entendeur;Mourir sur scène;1144;261;0.006;20260429
Dalida;Mourir sur scène;1144;261;0.006;20260429
Tatsuya Kitani;HIDANE;1125;-23;0.032;20260429
Boney M.;Rasputin;1124;364;0.498;20260429
[Alexandros];Hallelujah;1118;1118;0.001;20260429
Sal da Vinci;Per sempre sì;1115;421;0.137;20260429
Harry Styles;Aperture;1113;-158;0.577;20260429
SOUL ARCHIVE ROOM;You & I;1112;1112;0.001;20260429
Number_i;Supa Bro;1104;-237;0.004;20260429
Ed Sheeran;Photograph;1088;701;7.163;20260429
ARASHI;Five;1083;-42;0.094;20260429
ROSALÍA;Berghain;1075;-190;0.591;20260429
Björk;Berghain;1075;-190;0.591;20260429
Yves Tumor;Berghain;1075;-190;0.591;20260429
Miley Cyrus;Younger You;1074;-381;0.149;20260429
IngaRose;Love Me When It’s Hard;1064;490;0.06;20260429
Billie Eilish;WILDFLOWER;1063;859;0.621;20260429
Unheilig;So wie du warst;1062;1062;0.08;20260429
OFFICIAL HIGE DANDISM;Elderflower;1062;0;0.043;20260429
The Second Voice;LET ME BE;15287;222;0.535;20260430
Lady Gaga;Runway;13477;-991;0.177;20260430
Doechii;Runway;13477;-991;0.177;20260430
Jada Monroe;Keep Going;12826;3165;0.022;20260430
Michael Jackson;Billie Jean;10985;-622;0.765;20260430
HUNTR/X;Golden;10325;2147;4.73;20260430
EJAE;Golden;10325;2147;4.73;20260430
AUDREY NUNA;Golden;10325;2147;4.73;20260430
REI AMI;Golden;10325;2147;4.73;20260430
KPop Demon Hunters Cast;Golden;10325;2147;4.73;20260430
The Chemical Brothers;Go;10016;-717;0.318;20260430
Olivia Rodrigo;drop dead;9723;1712;0.202;20260430
RAYE;WHERE IS MY HUSBAND;9153;775;2.407;20260430
Justin Bieber;Beauty and a Beat;9055;-513;2.301;20260430
Alex Warren;Ordinary;8537;465;5.477;20260430
Eddie Dalton;Somewhere Along The Way;8241;2664;0.103;20260430
Bruno Mars;I Just Might;7805;278;1.468;20260430
Ragal Ironbull;VALHALLA CALLING;7642;-256;0.159;20260430
Taylor Swift;The Fate of Ophelia;7574;-1137;3.178;20260430
IngaRose;Celebrate Me;7555;1130;0.272;20260430
Bob Dominator;Dragon Style;7504;-222;0.02;20260430
Josh Fawaz;Like a Prayer;7418;-722;0.116;20260430
Bebe Rexha;New Religion;7374;-42;0.432;20260430
Faithless;New Religion;7374;-42;0.432;20260430
Alex Warren;FEVER DREAM;7157;-141;0.572;20260430
Michael Jackson;Don't Stop 'Til You Get Enough;7154;43;0.088;20260430
Michael Jackson;Thriller;7146;768;0.915;20260430
Ella Langley;Choosin' Texas;7080;-303;0.972;20260430
Die WBL;ANGEL ABOVE ME;6860;5540;0.008;20260430
BTS;SWIM;6716;-1722;0.657;20260430
Eddie Dalton;Another Day Old;6512;231;0.309;20260430
Michael Jackson;Human Nature;6452;-1004;0.078;20260430
Bob Dominator;Dragons Lair;6374;1083;0.016;20260430
Tame Impala;Dracula;6370;-626;0.34;20260430
JENNIE;Dracula;6370;-626;0.34;20260430
Justin Bieber;DAISIES;6090;936;0.944;20260430
Olivia Dean;Man I Need;6031;-541;2.239;20260430
Michael Jackson;Beat It;6023;-256;0.425;20260430
Bruno Mars;Risk It All;5795;156;0.452;20260430
GENER8ION;STORM II;5464;-889;0.021;20260430
Yung Lean;STORM II;5464;-889;0.021;20260430
Olivia Dean;So Easy;5095;-39;1.327;20260430
Michael Jackson;Bad;4991;379;0.1;20260430
Cameron Whitcomb;Kingdom of Fear;4630;439;0.161;20260430
Michael Jackson;Smooth Criminal;4399;-817;0.282;20260430
DJ Kryos;Run Run River;4317;4317;0.004;20260430
Jada Monroe;That's The Lesson;4287;260;0.009;20260430
Madonna;I Feel So Free;4275;-2118;0.166;20260430
Ella Langley;I Can't Love You Anymore;4220;-568;0.034;20260430
Morgan Wallen;I Can't Love You Anymore;4220;-568;0.034;20260430
ANOTR;Talk To You;4124;938;0.129;20260430
Taylor Swift;Opalite;4110;-2109;1.698;20260430
Teddy Swims;Mr. Know It All;3920;-167;0.129;20260430
Jada Monroe;Done;3908;360;0.016;20260430
Zara Larsson;Lush Life;3683;381;2.661;20260430
Keith Urban;We Go Back;3681;3681;0.004;20260430
Bob Dominator;Conquer Yourself;3619;474;0.007;20260430
Djo;End of Beginning;3582;-1332;1.806;20260430
HUGEL;Jamaican;3576;-179;0.33;20260430
SOLTO (FR);Jamaican;3576;-179;0.33;20260430
Justin Bieber;EVERYTHING HALLELUJAH;3520;-905;0.048;20260430
iyah may;Good Citizen;3514;999;0.038;20260430
Ella Langley;Be Her;3461;-441;0.268;20260430
LE SSERAFIM;CELEBRATION;3402;-1868;0.034;20260430
Keith Urban;Summer Breeze;3378;2976;0.004;20260430
Jada Monroe;Too Late To Leave;3343;526;0.013;20260430
Harry Styles;American Girls;3258;-367;0.281;20260430
Disney;Zoo;3183;266;0.477;20260430
Shakira;Zoo;3183;266;0.477;20260430
Tame Impala;Dracula;3176;-404;0.293;20260430
Sam Fender;Rein Me In;3176;-526;0.515;20260430
Olivia Dean;Rein Me In;3176;-526;0.515;20260430
Sevendust;Construct;3169;1565;0.005;20260430
Broers;Angels Above Me;3159;1274;0.01;20260430
Michael Jackson;Wanna Be Startin' Somethin';3002;-99;0.039;20260430
Chris Brown;Obvious;2949;2949;0.016;20260430
Riley Green;My Way;2942;-636;0.022;20260430
Lady Gaga;Die With A Smile;2844;250;7.377;20260430
Bruno Mars;Die With A Smile;2844;250;7.377;20260430
Chris Brown;Holy Blindfold;2833;2833;0.049;20260430
Jada Monroe;Slow Ruin;2749;863;0.012;20260430
Chris Brown;It Depends;2714;2714;0.124;20260430
CORTIS;REDRED;2569;92;0.032;20260430
Michael Jackson;They Don't Care About Us;2517;512;0.266;20260430
Michael Jackson;Black or White;2508;855;0.094;20260430
SIENNA SPIRO;Die On This Hill;2500;527;0.613;20260430
sombr;Homewrecker;2467;-1175;0.311;20260430
Michael Jackson;Man In the Mirror;2464;772;0.181;20260430
Harry Styles;Sign of the Times;2404;569;4.78;20260430
Ella Langley;you look like you love me;2401;-62;1.161;20260430
Riley Green;you look like you love me;2401;-62;1.161;20260430
Bad Bunny;NUEVAYoL;2386;441;0.836;20260430
Zhang Zi Ning;一念(电视剧《逐玉》插曲);2384;61;0.075;20260430
Rex;一念(电视剧《逐玉》插曲);2384;61;0.075;20260430
Imael Angel;I'M MOVING TO THE SUN;2333;-135;0.006;20260430
Sia;Unstoppable;2288;-14;7.565;20260430
BTS;2.0;2179;-696;0.244;20260430
SOOBIN;I Love You I Love You too;2115;305;0.004;20260430
TAEHYUN;I Love You I Love You too;2115;305;0.004;20260430
TOMORROW X TOGETHER;I Love You I Love You too;2115;305;0.004;20260430
Silas Thorne Music;Before I Go;2113;-721;0.01;20260430
Anyma;Bad Angel;2017;-302;0.09;20260430
LISA;Bad Angel;2017;-302;0.09;20260430
Maite Kelly;Ein Kuss in Paris;2017;737;0.018;20260430
Bleachers;i'm not joking;2010;2010;0.002;20260430
Michael Jackson;The Way You Make Me Feel;1997;-287;0.084;20260430
ILLIT;It's Me;1989;1989;0.002;20260430
KAROL G;Si Antes Te Hubiera Conocido;1941;-180;1.839;20260430
FRIDA GOLD;Geboren um zu Leben;1939;-797;0.005;20260430
Zara Larsson;Midnight Sun;1932;492;0.165;20260430
Ricchi;Sarà perché ti amo;1928;942;1.53;20260430
Poveri;Sarà perché ti amo;1928;942;1.53;20260430
Billie Eilish;BIRDS OF A FEATHER;1912;-582;5.843;20260430
BTS;Into the Sun;1858;445;0.144;20260430
SOUL ARCHIVE ROOM;Let Them Talk;1850;-714;0.033;20260430
Eminem;Lose Yourself;1841;602;3.753;20260430
Ac/Dc;Thunderstruck;1839;340;4.059;20260430
Mark Forster;So wie du warst;1802;-884;0.004;20260430
Shaboozey;A Bar Song;1788;-713;4.767;20260430
GENER8ION;STORM I;1784;266;0.006;20260430
Yung Lean;STORM I;1784;266;0.006;20260430
BTS;Hooligan;1763;-853;0.201;20260430
mikeeysmind;Papaoutai;1751;-1266;0.832;20260430
Chill77;Papaoutai;1751;-1266;0.832;20260430
Unjaps;Papaoutai;1751;-1266;0.832;20260430
Ultimo;QUESTA INSENSATA VOGLIA DI TE;1743;105;0.003;20260430
ROSALÍA;La Perla;1718;444;0.367;20260430
Yahritza Y Su Esencia;La Perla;1718;444;0.367;20260430
The Bausa;Magnetic;1712;482;0.064;20260430
M!LK;IDOLPOWER;1709;20;0.007;20260430
Drake;NOKIA;1700;129;1.834;20260430
Teddy Swims;Lose Control;1699;-75;7.343;20260430
Jada Monroe;Habit;1697;129;0.003;20260430
GroßstadtEngel;Gute Laune;1686;219;0.336;20260430
IngaRose;Feeling Good Today;1677;930;0.02;20260430
The Cranberries;Dreams;1674;351;0.897;20260430
Johannes Oerding;Ein guter Weg;1670;-632;0.004;20260430
Dermot Kennedy;Funeral;1646;-130;0.172;20260430
Stick Figure;Angels Above Me;1645;-486;0.092;20260430
STELLA LEFTY;Boston;1643;-324;0.022;20260430
Deine Cousine;Große Freiheit;1598;-722;0.004;20260430
Céline Dion;Dansons;1598;-449;0.053;20260430
Eddie Dalton;Stay a Little Longer;1571;-265;0.099;20260430
Mrs. GREEN APPLE;Wind and Town;1568;60;0.027;20260430
The Goo Goo Dolls;Iris;1566;-609;1.926;20260430
Shunned at a Funeral;Rattle the Bones;1564;-328;0.009;20260430
Draugr Balled;North wind calls;1534;-10;0.042;20260430
Gordo;Loco Loco;1513;-121;0.144;20260430
Reinier Zonneveld;Loco Loco;1513;-121;0.144;20260430
Number_i;3XL;1508;-30;0.03;20260430
Diljit Dosanjh;Morni;1505;-624;0.004;20260430
Chani Nattan;Morni;1505;-624;0.004;20260430
Tru-Skool;Morni;1505;-624;0.004;20260430
Shakira;Zoo;1486;1419;0.589;20260430
Kacey Musgraves;Dry Spell;1483;501;0.053;20260430
Hatsuboshi Gakuen;Veil;1479;1479;0.001;20260430
Misuzu Hataya;Veil;1479;1479;0.001;20260430
VAUNDY;fly away;1478;188;0.025;20260430
Benson Boone;Beautiful Things;1469;-232;7.174;20260430
Muse;Cryogen;1457;-345;0.044;20260430
OFFICIAL HIGE DANDISM;Stardust;1450;28;0.027;20260430
BTS;Body to Body;1444;-835;0.296;20260430
Australian Idol;All Night Long;1422;1422;0.027;20260430
TENIPURI “D” ALL STARS;Supreme Doubles;1422;-57;0.003;20260430
RIIZE;Behind The Shine;1414;104;0.016;20260430
David Allan Coe;You Never Even Called Me by My Name;1411;1411;0.001;20260430
Shaboozey;Born To Die;1408;-461;0.02;20260430
Angèle;What You Want;1407;1055;0.075;20260430
Justice;What You Want;1407;1055;0.075;20260430
Kato;Turn the Lights Off;1405;116;0.371;20260430
Jon;Turn the Lights Off;1405;116;0.371;20260430
HAVEN.;I Run;1405;189;0.443;20260430
Kaitlin Aragon;I Run;1405;189;0.443;20260430
MISIA;THE LAST DANCE WITH YOU;1395;80;0.015;20260430
Unheilig;Du bist meine Heimat;1391;-794;0.035;20260430
Ella Langley;Dandelion;1388;-366;0.173;20260430
Joey Heindle;Schwer zu erklären;1370;-1003;0.012;20260430
Aqua Timez;Ketsui No Asa Ni;1368;1368;0.006;20260430
ORANGE RANGE;ドラマティック平凡;1355;1355;0.001;20260430
XXXTENTACION;Moonlight;1354;-125;0.711;20260430
JJ Lin;Careful with Fate;1353;1353;0.079;20260430
Michael Jackson;Heal the World;1350;737;0.188;20260430
Disturbed;The Sound of Silence;1345;488;10.281;20260430
ROSALÍA;Berghain;1342;267;0.593;20260430
Björk;Berghain;1342;267;0.593;20260430
Yves Tumor;Berghain;1342;267;0.593;20260430
Yorushika;Bubble;1341;0;0.01;20260430
Milky;Just the Way You Are;1341;-524;0.076;20260430
Aitana;SUPERESTRELLA;1299;-3;0.213;20260430
Motoki Ohmori;MOYOOSHI;1290;-160;0.006;20260430
YUNGBLUD;Zombie;1281;49;0.524;20260430
M!LK;Sukisugite METSU;1265;48;0.225;20260430
Bleu Soleil;Soleil Bleu;1257;218;0.622;20260430
LUIZA;Soleil Bleu;1257;218;0.622;20260430
Shunned at a Funeral;When They Come for Me;1254;604;0.002;20260430
Fleetwood Mac;Landslide;1252;881;0.378;20260430
Giovanni Zarrella;Du bist meine Heimat;1242;-992;0.003;20260430
Noah Kahan;Staying Still;1236;-925;0.017;20260430
Michael Jackson;Dirty Diana;1235;346;0.086;20260430
サカナクション;夜の踊り子;1232;1232;0.036;20260430
Noah Kahan;The Great Divide;1225;-340;0.182;20260430
Tobee;Mon Amour;1217;1001;0.011;20260430
M!LK;Bakuretsu Aishiteru;1217;24;0.103;20260430
キタニタツヤ;火種;1210;1210;0.003;20260430
Ella Langley;Bottom Of Your Boots;1207;-145;0.046;20260430
Christina Perri;A Thousand Years;1186;-617;8.257;20260430
iyah may;Karmageddon;1183;11;0.099;20260430
Luke Combs;Be By You;1171;195;0.201;20260430
Maisak;Te Entiendo;1170;1170;0.001;20260430
Feid;Te Entiendo;1170;1170;0.001;20260430
Maluma;Te Entiendo;1170;1170;0.001;20260430
back number;Suiheisen;1170;1170;0.568;20260430
ARASHI;Five;1148;65;0.096;20260430
Michael Jackson;You Rock My World;1130;160;0.077;20260430
Bad Bunny;DtMF;1130;-515;1.05;20260430
Number_i;Influ;1125;-270;0.006;20260430
KAROL G;Después de ti;1123;106;0.014;20260430
Greg Gonzalez;Después de ti;1123;106;0.014;20260430
HWASA;Good Goodbye;1119;107;0.376;20260430
NEXZ;Mmchk;1114;-860;0.007;20260430
David Allan Coe;The Ride;1104;1104;0.001;20260430
treamiboii;Strawanza;1102;-1033;0.003;20260430
PARK JI HOON;Bodyelse;1099;-1161;0.003;20260430
The Cranberries;Zombie;1094;66;1.821;20260430
DHENYS R J;All Night Long;1092;955;0.001;20260430
Kis-My-Ft2;Yoruno mukoue;1083;-182;0.009;20260430
金色火种GoldenFire;Please love yourself(请好好爱自己);1082;294;0.008;20260430
Sylvie Kreusch;Kiss The Grass;1071;302;0.002;20260430
Roméo Elvis;Kiss The Grass;1071;302;0.002;20260430
DJ BoerBeats;Pretty Belinda;1069;1069;0.001;20260430
BURNIN' BRIDGES Ai Music;BLACK WATER DAMNED;1065;194;0.022;20260430
Ado;KIRA;1062;-102;0.014;20260430
mgk;FIX UR FACE;1059;-129;0.034;20260430
Fred Durst;FIX UR FACE;1059;-129;0.034;20260430
Teddy Swims;The Door;1046;688;3.893;20260430
OFFICIAL HIGE DANDISM;Elderflower;1041;-21;0.044;20260430
KATSEYE;PINKY UP;1036;-180;0.057;20260430
Guns N' Roses;Sweet Child o' Mine;1030;614;2.382;20260430
