artista;musica;pontos;pts_ganho;pts_calc;data
Taylor Swift;The Fate of Ophelia;15181;1072;2.548;20260301
HUNTR/X;Golden;14269;550;3.962;20260301
EJAE;Golden;14269;550;3.962;20260301
AUDREY NUNA;Golden;14269;550;3.962;20260301
REI AMI;Golden;14269;550;3.962;20260301
KPop Demon Hunters Cast;Golden;14269;550;3.962;20260301
Bruno Mars;I Just Might;14202;-612;0.811;20260301
Bruno Mars;Risk It All;13915;1543;0.035;20260301
Alex Warren;FEVER DREAM;12699;-1808;0.042;20260301
BLACKPINK;GO;12440;-2053;0.044;20260301
RAYE;WHERE IS MY HUSBAND;11961;304;1.741;20260301
Taylor Swift;Opalite;11364;-2;1.262;20260301
Harry Styles;Aperture;10966;5916;0.311;20260301
Jung Kook;Please Don't Change;10438;-5217;0.177;20260301
DJ Snake;Please Don't Change;10438;-5217;0.177;20260301
Alex Warren;Ordinary;9413;977;4.89;20260301
Sal da Vinci;Per sempre sì;9323;6360;0.021;20260301
mikeeysmind;Papaoutai;9205;1652;0.486;20260301
Chill77;Papaoutai;9205;1652;0.486;20260301
Unjaps;Papaoutai;9205;1652;0.486;20260301
Olivia Dean;Man I Need;8963;476;1.78;20260301
Olivia Dean;So Easy;8927;831;0.899;20260301
Bad Bunny;DtMF;8482;801;0.838;20260301
Djo;End of Beginning;7289;916;1.465;20260301
BTS;Pied Piper;6743;-238;0.065;20260301
Lady Gaga;Die With A Smile;6530;-70;7.129;20260301
Bruno Mars;Die With A Smile;6530;-70;7.129;20260301
Bad Bunny;Tití Me Preguntó;5801;267;0.723;20260301
Ella Langley;Choosin' Texas;5460;-49;0.574;20260301
Bad Bunny;NUEVAYoL;5355;-279;0.683;20260301
Zara Larsson;Lush Life;5211;-31;2.381;20260301
Neil Sedaka;Laughter In the Rain;5162;227;0.014;20260301
sombr;12 to 12;4913;-613;0.866;20260301
ROSÉ;APT.;4845;-231;6.246;20260301
Bruno Mars;APT.;4845;-231;6.246;20260301
Lady Gaga;Always Remember Us This Way;4696;-3614;9.292;20260301
BLACKPINK;Champion;4678;-2128;0.022;20260301
SIENNA SPIRO;Die On This Hill;4519;1062;0.376;20260301
BLACKPINK;Me and my;4265;-624;0.017;20260301
RAYE;Nightingale Lane.;4254;-2484;0.023;20260301
Max McNown;Done For;4217;-722;0.015;20260301
Sam Fender;Rein Me In;4207;848;0.298;20260301
Olivia Dean;Rein Me In;4207;848;0.298;20260301
Neil Sedaka;Breaking Up Is Hard to Do;4201;-1265;0.01;20260301
Bruno Mars;Cha Cha Cha;4130;732;0.01;20260301
sombr;Homewrecker;3985;-262;0.088;20260301
The Second Voice;LET ME BE;3923;-117;0.047;20260301
BLACKPINK;JUMP;3816;-2044;1.085;20260301
Ado;Vivarium;3737;2881;0.016;20260301
Disney;Zoo;3668;478;0.266;20260301
Shakira;Zoo;3668;478;0.266;20260301
PinkPantheress;Stateside;3604;-238;0.061;20260301
Kato;Turn the Lights Off;3510;-216;0.244;20260301
Jon;Turn the Lights Off;3510;-216;0.244;20260301
David Guetta;Gone Gone Gone;3503;326;0.855;20260301
Teddy Swims;Gone Gone Gone;3503;326;0.855;20260301
Tones And I;Gone Gone Gone;3503;326;0.855;20260301
ROSALÍA;Berghain;3476;3149;0.465;20260301
Björk;Berghain;3476;3149;0.465;20260301
Yves Tumor;Berghain;3476;3149;0.465;20260301
HAVEN.;I Run;3326;-33;0.334;20260301
Kaitlin Aragon;I Run;3326;-33;0.334;20260301
Sia;Unstoppable;3266;587;7.414;20260301
Journey;Don't Stop Believin';3082;1415;3.548;20260301
sombr;back to friends;3002;1305;0.496;20260301
ditonellapiaga;Che fastidio;2919;1689;0.008;20260301
Michael Bennett;After I Pass Away;2874;-597;0.024;20260301
Sarah Engels;Fire;2829;2758;0.016;20260301
Charli xcx;Chains of Love;2822;113;0.121;20260301
Luke Combs;Be By You;2796;12;0.072;20260301
Armin van Buuren;Always You;2709;-962;0.009;20260301
Richard Durand;Always You;2709;-962;0.009;20260301
Dicosis;Always You;2709;-962;0.009;20260301
Jason Aldean;Dust on the Bottle;2690;-504;0.012;20260301
David Lee Murphy;Dust on the Bottle;2690;-504;0.012;20260301
ICE NINE KILLS;Twisting The Knife;2659;-308;0.039;20260301
Shakira;Zoo;2619;-106;0.442;20260301
Jason Aldean;Don’t Tell On Me;2588;-834;0.013;20260301
BLACKPINK;Fxxxboy;2580;-1977;0.014;20260301
Bruno Mars;On My Soul;2528;-417;0.008;20260301
Teddy Swims;Lose Control;2489;-1197;7.228;20260301
Myles Smith;Drive Safe;2416;239;0.083;20260301
Niall Horan;Drive Safe;2416;239;0.083;20260301
Ella Langley;Be Her;2408;-345;0.069;20260301
Ac/Dc;Thunderstruck;2398;-471;3.922;20260301
Neil Sedaka;Oh Carol;2395;-1828;0.007;20260301
Kate Bush;Wuthering Heights;2393;681;0.406;20260301
Jung Kook;Still With You;2362;-1315;0.309;20260301
sombr;undressed;2356;1655;0.651;20260301
Neil Sedaka;Calendar Girl;2348;-1501;0.006;20260301
Luke Combs;Sleepless in a Hotel Room;2323;-139;0.188;20260301
Gorillaz;Orange County;2296;-438;0.055;20260301
Benson Boone;Beautiful Things;2291;910;7.021;20260301
Beatrice Egli;Alibi;2231;-277;0.008;20260301
wavvyboi;black glitter;2195;2195;0.002;20260301
Lola Young;Messy;2190;317;3.979;20260301
Olivia Dean;Nice To Each Other;2177;1208;0.451;20260301
Sayf;TU MI PIACI TANTO;2174;1088;0.006;20260301
Outliers;That's The Way It Is;2166;-216;0.024;20260301
Chappell Roan;Pink Pony Club;2142;-83;2.576;20260301
Mumford & Sons;Rubber Band Man;2136;1717;0.134;20260301
Hozier;Rubber Band Man;2136;1717;0.134;20260301
Saja Boys;Soda Pop;2120;671;1.809;20260301
Andrew Choi;Soda Pop;2120;671;1.809;20260301
Neckwav;Soda Pop;2120;671;1.809;20260301
Danny Chung;Soda Pop;2120;671;1.809;20260301
Kevin Woo;Soda Pop;2120;671;1.809;20260301
samUIL Lee;Soda Pop;2120;671;1.809;20260301
KPop Demon Hunters Cast;Soda Pop;2120;671;1.809;20260301
Angèle;What You Want;2115;-155;0.007;20260301
Justice;What You Want;2115;-155;0.007;20260301
Dave;Raindance;2111;-198;0.192;20260301
Tems;Raindance;2111;-198;0.192;20260301
Jason Aldean;Drinking About You;2097;-841;0.011;20260301
Damon Price;I Was a Kid;2086;27;0.019;20260301
MOLLY SUE;Optimist;2060;2060;0.002;20260301
GroßstadtEngel;Gute Laune;2050;163;0.267;20260301
Ella Langley;you look like you love me;2035;991;1.056;20260301
Riley Green;you look like you love me;2035;991;1.056;20260301
SEVENTEEN;Tiny Light;2001;-971;0.008;20260301
Noah Kahan;The Great Divide;1990;800;0.074;20260301
Snow Man;odorouze;1984;-264;0.011;20260301
Peter Gregson;360;1967;1942;0.002;20260301
Ella Langley;Dandelion;1944;548;0.071;20260301
Arisa;Magica Favola;1935;488;0.01;20260301
Fulminacci;Stupida sfortuna;1914;1014;0.007;20260301
Bruno Mars;Dance With Me;1889;210;0.005;20260301
Naniwa Danshi;HARD WORK;1879;1879;0.002;20260301
Kate Bush;Running Up That Hill;1867;-527;2.63;20260301
T.I.;LET 'EM KNOW;1830;240;0.062;20260301
Ed Sheeran;Sapphire;1803;-190;2.01;20260301
Tommaso Paradiso;I romantici;1797;676;0.007;20260301
Hearts2Hearts;RUDE;1764;-142;0.024;20260301
Mumford & Sons;Here;1763;600;0.014;20260301
Chris Stapleton;Here;1763;600;0.014;20260301
Billie Eilish;BIRDS OF A FEATHER;1741;209;5.726;20260301
Eminem;Lose Yourself;1713;275;3.647;20260301
IVE;BANG BANG;1703;111;0.055;20260301
Fedez;MALE NECESSARIO;1689;52;0.009;20260301
Marco Masini;MALE NECESSARIO;1689;52;0.009;20260301
Menallie;It's Raining;1665;-27;0.011;20260301
Gordo;Loco Loco;1664;172;0.021;20260301
Reinier Zonneveld;Loco Loco;1664;172;0.021;20260301
Neil Diamond;Sweet Caroline;1663;632;1.377;20260301
Achille Lauro;Perdutamente;1657;256;0.087;20260301
Mrs. GREEN APPLE;lulu.;1643;68;0.086;20260301
KATSEYE;Gabriela;1626;545;0.334;20260301
Cain Walker;I Don't Care;1601;-1075;0.243;20260301
David Guetta;Walked Away;1593;-344;0.004;20260301
Hypaton;Walked Away;1593;-344;0.004;20260301
Disco Lines;No Broke Boys;1557;-603;1.204;20260301
Tinashe;No Broke Boys;1557;-603;1.204;20260301
TRAP MAFIA HOUSE;Mafia Style;1548;-494;0.044;20260301
HANA;ALL IN;1538;-30;0.011;20260301
Les Enfoirés;L'île au trésor;1537;181;0.003;20260301
ZXKAI;NO BATIDÃO;1537;-1117;0.066;20260301
slxughter;NO BATIDÃO;1537;-1117;0.066;20260301
Chiara Oliver;no fue real;1528;-568;0.006;20260301
ROSALÍA;La Perla;1509;144;0.258;20260301
Yahritza Y Su Esencia;La Perla;1509;144;0.258;20260301
sumika;Honto;1508;140;0.014;20260301
IVE;BLACKHOLE;1501;107;0.016;20260301
Daniel Lopes;Es geht dir gut;1479;-59;0.003;20260301
King Gnu;AIZO;1479;-130;0.105;20260301
DJ Ötzi;Tirol;1452;238;0.206;20260301
Justė;Turn The Lights Off;1445;-10;0.036;20260301
Jaxstyle;Turn The Lights Off;1445;-10;0.036;20260301
Jon;Turn The Lights Off;1445;-10;0.036;20260301
The Killers;Mr. Brightside;1428;261;1.605;20260301
ZORN;Jimoto LOVE;1422;-86;0.018;20260301
U2;Yours Eternally;1419;-900;0.041;20260301
Archer Marsh;Give Me Everything;1416;49;0.016;20260301
Drake;NOKIA;1404;-380;1.763;20260301
Maher Zain;Qalbi Fil Madinah;1396;404;0.072;20260301
Harris J;Qalbi Fil Madinah;1396;404;0.072;20260301
J-Ax;ITALIA STARTER PACK;1395;129;0.007;20260301
Johannes Oerding;Mehr Glück als Verstand;1395;-173;0.005;20260301
Independentmusicart;Black Sheep;1392;-407;0.074;20260301
Milky;Just The Way You Are;1381;613;0.007;20260301
Mall Grab;Just The Way You Are;1381;613;0.007;20260301
Social Distortion;Born to Kill;1374;-802;0.015;20260301
Shifty Brent;Achy Breaky Heart;1370;-435;0.015;20260301
HANA;Bloom;1368;-170;0.011;20260301
Ermal Meta;Stella stellina;1368;208;0.008;20260301
M!LK;Sukisugite METSU;1341;-81;0.148;20260301
Tyla;CHANEL;1334;-291;0.374;20260301
Lamb of God;Blunt Force Blues;1332;-2070;0.012;20260301
Bruno Mars;Something Serious;1321;-860;0.005;20260301
ABBA;Dancing Queen;1315;1005;1.064;20260301
M!LK;Bakuretsu Aishiteru;1315;0;0.029;20260301
Shaboozey;A Bar Song;1315;74;4.639;20260301
LDA;Poesie Clandestine;1304;113;0.006;20260301
Aka 7even;Poesie Clandestine;1304;113;0.006;20260301
米津玄師;IRIS OUT;1290;1290;0.065;20260301
Dermot Kennedy;Funeral;1287;-109;0.061;20260301
Aitana;SUPERESTRELLA;1282;391;0.133;20260301
Imagine Dragons;Believer;1268;885;8.72;20260301
Leony;Don't Worry;1266;756;0.055;20260301
Snow Man;STARS;1265;161;0.049;20260301
DJ Shadow;Six Days;1261;222;0.067;20260301
Radiohead;Creep;1252;788;1.804;20260301
宝鐘マリン;Chatter Chatter;1249;1249;0.001;20260301
星街すいせい;Chatter Chatter;1249;1249;0.001;20260301
Bleu Soleil;Soleil Bleu;1241;-180;0.553;20260301
LUIZA;Soleil Bleu;1241;-180;0.553;20260301
back number;Want Want Want;1241;-24;0.07;20260301
HUGEL;Jamaican;1238;-335;0.173;20260301
SOLTO (FR);Jamaican;1238;-335;0.173;20260301
Bad Bunny;BAILE INoLVIDABLE;1236;-576;0.411;20260301
Neil Sedaka;Laughter In the Rain;1231;-10;0.002;20260301
Dara Sedaka;Laughter In the Rain;1231;-10;0.002;20260301
Elettra Lamborghini;Voilà;1230;275;0.006;20260301
HWASA;Good Goodbye;1218;-351;0.305;20260301
Natasha Bedingfield;Unwritten;1215;-88;0.979;20260301
Luke Combs;Days Like These;1212;-81;0.184;20260301
Disturbed;The Sound of Silence;1210;-412;10.194;20260301
Samurai Jay;OSSESSIONE;1201;156;0.005;20260301
Sarah Connor;Zusammen ist man weniger kaputt;1193;-402;0.005;20260301
Mr.Children;Again;1193;110;0.053;20260301
Harrison;All the Things She Said;1193;381;0.148;20260301
Zara Larsson;Midnight Sun;1183;-322;0.081;20260301
Samuel Welten;Uitslover;1182;-263;0.004;20260301
Bankzitters;Uitslover;1182;-263;0.004;20260301
disiz;melodrama;1182;-49;0.155;20260301
Theodora;melodrama;1182;-49;0.155;20260301
XXXTENTACION;Moonlight;1178;431;0.621;20260301
sumika;Sekishunka;1170;22;0.005;20260301
Sal da Vinci;Rossetto e caffè;1169;666;0.305;20260301
sakanaction;Kaiju;1169;-72;0.376;20260301
Kato;Turn the Lights Off;1161;64;0.668;20260301
HANA;Cold Night;1148;-69;0.049;20260301
J SOUL BROTHERS III from EXILE TRIBE;Through The RAIN;1125;1125;0.001;20260301
Raf;Ora e per sempre;1121;359;0.007;20260301
Mumford;The Banjo Song;1119;-499;0.089;20260301
Sons;The Banjo Song;1119;-499;0.089;20260301
MercyMe;Even If;1108;354;0.122;20260301
J Balvin;Tonto;1106;-188;0.004;20260301
Ryan Castro;Tonto;1106;-188;0.004;20260301
DJ Snake;Tonto;1106;-188;0.004;20260301
BELA;Herz;1104;1104;0.001;20260301
Paramount+ AU;All Fired Up;1104;63;0.003;20260301
Hans Zimmer;F1;1103;456;0.333;20260301
Nicholas Britell;Succession;1090;60;0.359;20260301
Wolf Alice;The Sofa;1083;1083;0.034;20260301
Motoki Ohmori;0.2mm;1083;-87;0.008;20260301
Ed Sheeran;Camera;1066;755;0.27;20260301
Pamela Kurt;I don't chase, I attract;1062;511;0.005;20260301
Mark Forster;Ein Lied;1062;-86;0.003;20260301
sakanaction;IRANAI;1062;41;0.021;20260301
Ed Sheeran;Azizam;1049;417;2.008;20260301
Snow Man;CHARISMAX;1041;-84;0.236;20260301
HARDY;McArthur;1039;-67;0.046;20260301
Eric Church;McArthur;1039;-67;0.046;20260301
Morgan Wallen;McArthur;1039;-67;0.046;20260301
Tim McGraw;McArthur;1039;-67;0.046;20260301
Bruno Mars;I Just Might;15173;971;0.826;20260302
HUNTR/X;Golden;14569;300;3.976;20260302
EJAE;Golden;14569;300;3.976;20260302
AUDREY NUNA;Golden;14569;300;3.976;20260302
REI AMI;Golden;14569;300;3.976;20260302
KPop Demon Hunters Cast;Golden;14569;300;3.976;20260302
Bruno Mars;Risk It All;13965;50;0.049;20260302
Taylor Swift;The Fate of Ophelia;13923;-1258;2.562;20260302
Harry Styles;Aperture;13226;2260;0.325;20260302
RAYE;WHERE IS MY HUSBAND;11918;-43;1.753;20260302
Taylor Swift;Opalite;11308;-56;1.273;20260302
Alex Warren;FEVER DREAM;10983;-1716;0.053;20260302
Alex Warren;Ordinary;10587;1174;4.9;20260302
Olivia Dean;Man I Need;10464;1501;1.79;20260302
Sal da Vinci;Per sempre sì;10089;766;0.031;20260302
Olivia Dean;So Easy;9765;838;0.909;20260302
BLACKPINK;GO;9630;-2810;0.053;20260302
mikeeysmind;Papaoutai;8920;-285;0.495;20260302
Chill77;Papaoutai;8920;-285;0.495;20260302
Unjaps;Papaoutai;8920;-285;0.495;20260302
Bad Bunny;DtMF;8214;-268;0.846;20260302
Lady Gaga;Die With A Smile;7783;1253;7.137;20260302
Bruno Mars;Die With A Smile;7783;1253;7.137;20260302
Djo;End of Beginning;7394;105;1.472;20260302
ROSALÍA;Berghain;7343;3867;0.473;20260302
Björk;Berghain;7343;3867;0.473;20260302
Yves Tumor;Berghain;7343;3867;0.473;20260302
Delta Goodrem;Eclipse;6846;6846;0.007;20260302
Bad Bunny;NUEVAYoL;6356;1001;0.689;20260302
Ella Langley;Choosin' Texas;6155;695;0.58;20260302
Zara Larsson;Lush Life;5634;423;2.386;20260302
Bad Bunny;Tití Me Preguntó;5410;-391;0.728;20260302
sombr;Homewrecker;5327;1342;0.094;20260302
sombr;12 to 12;5205;292;0.872;20260302
BTS;Pied Piper;4758;-1985;0.07;20260302
Lady Gaga;Always Remember Us This Way;4732;36;9.296;20260302
Jung Kook;Please Don't Change;4682;-5756;0.182;20260302
DJ Snake;Please Don't Change;4682;-5756;0.182;20260302
SIENNA SPIRO;Die On This Hill;4414;-105;0.381;20260302
Peter Gregson;360;4017;2050;0.006;20260302
Kate Bush;Wuthering Heights;3961;1568;0.41;20260302
ROSÉ;APT.;3910;-935;6.25;20260302
Bruno Mars;APT.;3910;-935;6.25;20260302
The Second Voice;LET ME BE;3865;-58;0.05;20260302
Shakira;Zoo;3854;1235;0.446;20260302
Sarah Engels;Fire;3847;1018;0.02;20260302
sombr;back to friends;3842;840;0.5;20260302
Sam Fender;Rein Me In;3807;-400;0.302;20260302
Olivia Dean;Rein Me In;3807;-400;0.302;20260302
Bruno Mars;Cha Cha Cha;3688;-442;0.013;20260302
Max McNown;Done For;3653;-564;0.019;20260302
RAYE;Nightingale Lane.;3624;-630;0.026;20260302
Ado;Vivarium;3535;-202;0.02;20260302
David Guetta;Gone Gone Gone;3506;3;0.858;20260302
Teddy Swims;Gone Gone Gone;3506;3;0.858;20260302
Tones And I;Gone Gone Gone;3506;3;0.858;20260302
Sia;Unstoppable;3444;178;7.418;20260302
BLACKPINK;Champion;3437;-1241;0.026;20260302
Bob Sinclar;I Can't Wait;3394;3394;0.003;20260302
Kiesza;I Can't Wait;3394;3394;0.003;20260302
Luke Combs;Be By You;3333;537;0.076;20260302
Journey;Don't Stop Believin';3270;188;3.551;20260302
Myles Smith;Drive Safe;3214;798;0.086;20260302
Niall Horan;Drive Safe;3214;798;0.086;20260302
Charli xcx;Chains of Love;3207;385;0.124;20260302
HAVEN.;I Run;3196;-130;0.338;20260302
Kaitlin Aragon;I Run;3196;-130;0.338;20260302
Disney;Zoo;3168;-500;0.269;20260302
Shakira;Zoo;3168;-500;0.269;20260302
Neil Sedaka;Breaking Up Is Hard to Do;3098;-1103;0.013;20260302
PinkPantheress;Stateside;3032;-572;0.064;20260302
Ed Sheeran;Sapphire;2978;1175;2.013;20260302
Neil Sedaka;Laughter In the Rain;2965;-2197;0.017;20260302
Kato;Turn the Lights Off;2936;-574;0.247;20260302
Jon;Turn the Lights Off;2936;-574;0.247;20260302
Sayf;TU MI PIACI TANTO;2803;629;0.009;20260302
Ella Langley;Be Her;2802;394;0.072;20260302
Mumford & Sons;Here;2779;1016;0.017;20260302
Chris Stapleton;Here;2779;1016;0.017;20260302
BLACKPINK;JUMP;2777;-1039;1.087;20260302
Bruno Mars;Dance With Me;2715;826;0.007;20260302
Ac/Dc;Thunderstruck;2697;299;3.925;20260302
Teddy Swims;Lose Control;2621;132;7.231;20260302
Luke Combs;Sleepless in a Hotel Room;2541;218;0.19;20260302
Kate Bush;Running Up That Hill;2523;656;2.633;20260302
Damon Price;I Was a Kid;2509;423;0.022;20260302
Billie Eilish;BIRDS OF A FEATHER;2409;668;5.729;20260302
Lola Young;Messy;2391;201;3.982;20260302
Michael Bennett;After I Pass Away;2366;-508;0.026;20260302
Noah Kahan;The Great Divide;2362;372;0.076;20260302
Gorillaz;Orange County;2274;-22;0.057;20260302
Bruno Mars;On My Soul;2267;-261;0.01;20260302
Chappell Roan;Pink Pony Club;2264;122;2.578;20260302
ICE NINE KILLS;Twisting The Knife;2251;-408;0.042;20260302
Armin van Buuren;Always You;2213;-496;0.012;20260302
Richard Durand;Always You;2213;-496;0.012;20260302
Dicosis;Always You;2213;-496;0.012;20260302
sombr;undressed;2186;-170;0.653;20260302
BLACKPINK;Me and my;2176;-2089;0.019;20260302
T.I.;LET 'EM KNOW;2170;340;0.064;20260302
Cain Walker;I Don't Care;2149;548;0.245;20260302
Olivia Dean;Nice To Each Other;2123;-54;0.453;20260302
Mumford & Sons;Rubber Band Man;2111;-25;0.137;20260302
Hozier;Rubber Band Man;2111;-25;0.137;20260302
Benson Boone;Beautiful Things;2090;-201;7.023;20260302
Bruno Mars;Something Serious;2070;749;0.007;20260302
Arisa;Magica Favola;2026;91;0.012;20260302
ditonellapiaga;Che fastidio;1982;-937;0.01;20260302
GroßstadtEngel;Gute Laune;1963;-87;0.269;20260302
Angèle;What You Want;1952;-163;0.009;20260302
Justice;What You Want;1952;-163;0.009;20260302
Ella Langley;you look like you love me;1938;-97;1.058;20260302
Riley Green;you look like you love me;1938;-97;1.058;20260302
Jason Aldean;Don’t Tell On Me;1924;-664;0.015;20260302
Fedez;MALE NECESSARIO;1918;229;0.011;20260302
Marco Masini;MALE NECESSARIO;1918;229;0.011;20260302
MOLLY SUE;Optimist;1897;-163;0.004;20260302
wavvyboi;black glitter;1896;-299;0.004;20260302
Snow Man;odorouze;1886;-98;0.013;20260302
BLACKPINK;Fxxxboy;1848;-732;0.016;20260302
Shaboozey;A Bar Song;1846;531;4.641;20260302
Fulminacci;Stupida sfortuna;1791;-123;0.009;20260302
Dave;Raindance;1765;-346;0.194;20260302
Tems;Raindance;1765;-346;0.194;20260302
ZXKAI;NO BATIDÃO;1741;204;0.067;20260302
slxughter;NO BATIDÃO;1741;204;0.067;20260302
Luke Grimes;Haunted;1738;1738;0.002;20260302
Hearts2Hearts;RUDE;1700;-64;0.025;20260302
Outliers;That's The Way It Is;1698;-468;0.025;20260302
Jason Aldean;Dust on the Bottle;1698;-992;0.014;20260302
David Lee Murphy;Dust on the Bottle;1698;-992;0.014;20260302
TRAP MAFIA HOUSE;Mafia Style;1695;147;0.046;20260302
Ella Langley;Dandelion;1682;-262;0.072;20260302
Beatrice Egli;Alibi;1667;-564;0.009;20260302
Zara Larsson;Midnight Sun;1638;455;0.083;20260302
Anita Ward;Ring My Bell;1617;935;0.017;20260302
Bad Bunny;BAILE INoLVIDABLE;1612;376;0.413;20260302
t.A.T.u.;All the Things She Said;1606;606;0.185;20260302
Harrison;All the Things She Said;1596;403;0.149;20260302
Tyla;CHANEL;1594;260;0.375;20260302
ROSALÍA;La Perla;1572;63;0.259;20260302
Yahritza Y Su Esencia;La Perla;1572;63;0.259;20260302
Saja Boys;Soda Pop;1556;-564;1.811;20260302
Andrew Choi;Soda Pop;1556;-564;1.811;20260302
Neckwav;Soda Pop;1556;-564;1.811;20260302
Danny Chung;Soda Pop;1556;-564;1.811;20260302
Kevin Woo;Soda Pop;1556;-564;1.811;20260302
samUIL Lee;Soda Pop;1556;-564;1.811;20260302
KPop Demon Hunters Cast;Soda Pop;1556;-564;1.811;20260302
David Guetta;Walked Away;1552;-41;0.006;20260302
Hypaton;Walked Away;1552;-41;0.006;20260302
HANA;ALL IN;1538;0;0.012;20260302
sumika;Honto;1536;28;0.015;20260302
STARGLOW;Green Light;1508;1508;0.002;20260302
Justė;Turn The Lights Off;1481;36;0.038;20260302
Jaxstyle;Turn The Lights Off;1481;36;0.038;20260302
Jon;Turn The Lights Off;1481;36;0.038;20260302
Tears for Fears;Everybody Wants to Rule the World;1480;718;0.963;20260302
Dermot Kennedy;Funeral;1476;189;0.062;20260302
Mrs. GREEN APPLE;lulu.;1476;-167;0.088;20260302
Drake;NOKIA;1456;52;1.765;20260302
King Gnu;AIZO;1454;-25;0.106;20260302
ZORN;Jimoto LOVE;1450;28;0.02;20260302
Solomon Ray;Goodbye Temptation;1424;499;0.018;20260302
Tommaso Paradiso;I romantici;1405;-392;0.009;20260302
Mumford;The Banjo Song;1396;277;0.091;20260302
Sons;The Banjo Song;1396;277;0.091;20260302
Naniwa Danshi;HARD WORK;1395;-484;0.003;20260302
LDA;Poesie Clandestine;1377;73;0.007;20260302
Aka 7even;Poesie Clandestine;1377;73;0.007;20260302
Samurai Jay;OSSESSIONE;1367;166;0.007;20260302
Snow Man;STARS;1366;101;0.05;20260302
HWASA;Good Goodbye;1361;143;0.306;20260302
Achille Lauro;Perdutamente;1360;-297;0.088;20260302
The Goo Goo Dolls;Iris;1343;343;1.656;20260302
J-Ax;ITALIA STARTER PACK;1341;-54;0.008;20260302
HANA;Bloom;1341;-27;0.012;20260302
KATSEYE;Gabriela;1332;-294;0.335;20260302
M!LK;Bakuretsu Aishiteru;1315;0;0.03;20260302
Kodak Black;ZEZE;1314;511;0.303;20260302
Shashwat Sachdev;Gehra Hua;1308;597;0.063;20260302
Arijit Singh;Gehra Hua;1308;597;0.063;20260302
Irshad Kamil;Gehra Hua;1308;597;0.063;20260302
Armaan Khan;Gehra Hua;1308;597;0.063;20260302
Bad Bunny;EoO;1295;692;0.192;20260302
Johannes Oerding;Mehr Glück als Verstand;1290;-105;0.006;20260302
M!LK;Sukisugite METSU;1290;-51;0.15;20260302
Ricchi;Sarà perché ti amo;1268;493;1.462;20260302
Poveri;Sarà perché ti amo;1268;493;1.462;20260302
米津玄師;IRIS OUT;1265;-25;0.066;20260302
U2;Yours Eternally;1258;-161;0.043;20260302
Neil Diamond;Sweet Caroline;1253;-410;1.378;20260302
XXXTENTACION;Moonlight;1252;74;0.622;20260302
Teddy Swims;The Door;1245;279;3.826;20260302
Aarne;NOBODY;1240;275;0.011;20260302
Toxi$;NOBODY;1240;275;0.011;20260302
Big Baby Tape;NOBODY;1240;275;0.011;20260302
GENERATIONS from EXILE TRIBE;Honshin;1237;1237;0.001;20260302
Ermal Meta;Stella stellina;1227;-141;0.009;20260302
Mr.Children;Again;1217;24;0.054;20260302
Jason Aldean;Drinking About You;1209;-888;0.012;20260302
Bruno Mars;God Was Showing Off;1204;551;0.004;20260302
The Cranberries;Zombie;1195;292;1.755;20260302
Paramount+ AU;All Fired Up;1193;89;0.004;20260302
Houshou marine;Chatter Chatter;1193;1193;0.001;20260302
Hoshimachi Suisei;Chatter Chatter;1193;1193;0.001;20260302
Neil Sedaka;Laughter In the Rain;1190;-41;0.004;20260302
Dara Sedaka;Laughter In the Rain;1190;-41;0.004;20260302
Daniel Lopes;Es geht dir gut;1170;-309;0.004;20260302
ME:I;Best Match;1170;993;0.003;20260302
Alphaville;Forever Young;1169;421;1.251;20260302
Aitana;SUPERESTRELLA;1169;-113;0.134;20260302
HUGEL;Jamaican;1166;-72;0.174;20260302
SOLTO (FR);Jamaican;1166;-72;0.174;20260302
JONAS LOVV;Ya Ya Ya;1163;723;0.002;20260302
Raf;Ora e per sempre;1160;39;0.008;20260302
Lisa Gerrard;Now We Are Free;1157;826;0.417;20260302
Gavin Greenaway;Now We Are Free;1157;826;0.417;20260302
The Lyndhurst Orchestra;Now We Are Free;1157;826;0.417;20260302
Bruce Fowler;Now We Are Free;1157;826;0.417;20260302
Yvonne S. Moriarty;Now We Are Free;1157;826;0.417;20260302
Walt Fowler;Now We Are Free;1157;826;0.417;20260302
Ladd McIntosh;Now We Are Free;1157;826;0.417;20260302
Elizabeth Finch;Now We Are Free;1157;826;0.417;20260302
Jack Smalley;Now We Are Free;1157;826;0.417;20260302
Hans Zimmer;Now We Are Free;1157;826;0.417;20260302
Independentmusicart;Black Sheep;1149;-243;0.076;20260302
back number;Want Want Want;1148;-93;0.072;20260302
MercyMe;Even If;1142;34;0.123;20260302
Milky;Just The Way You Are;1139;-242;0.008;20260302
Mall Grab;Just The Way You Are;1139;-242;0.008;20260302
MyGO!!!!!;Shoumeisanka;1133;1133;0.001;20260302
SEVENTEEN;Tiny Light;1126;-875;0.009;20260302
HANA;Cold Night;1125;-23;0.05;20260302
Menallie;It's Raining;1122;-543;0.012;20260302
Leony;Don't Worry;1118;-148;0.057;20260302
Luke Combs;Days Like These;1108;-104;0.185;20260302
sakanaction;Kaiju;1104;-65;0.377;20260302
Elettra Lamborghini;Voilà;1093;-137;0.007;20260302
Lady Gaga;Abracadabra;1088;378;2.642;20260302
DJ Ötzi;Tirol;1087;-365;0.207;20260302
Ed Sheeran;Azizam;1086;37;2.009;20260302
Sarah Connor;Zusammen ist man weniger kaputt;1083;-110;0.006;20260302
Motoki Ohmori;0.2mm;1083;0;0.009;20260302
IVE;BLACKHOLE;1066;-435;0.017;20260302
Delana Hope;I Speak Blessings;1063;474;0.002;20260302
sumika;Sekishunka;1062;-108;0.006;20260302
Natasha Bedingfield;Unwritten;1060;-155;0.98;20260302
Imagine Dragons;Believer;1049;-219;8.721;20260302
Bleu Soleil;Soleil Bleu;1046;-195;0.554;20260302
LUIZA;Soleil Bleu;1046;-195;0.554;20260302
Oimara;Wackelkontakt;1044;375;0.935;20260302
NCT JNJM;BOTH SIDES;1043;411;0.013;20260302
Creedence Clearwater Revival;Have You Ever Seen the Rain;1040;166;0.845;20260302
Linda Lampenius;Liekinheitin;1028;465;0.005;20260302
Pete Parkkonen;Liekinheitin;1028;465;0.005;20260302
Calvin Harris;Release The Pressure;1024;329;0.036;20260302
Kasabian;Release The Pressure;1024;329;0.036;20260302
J Balvin;Tonto;1023;-83;0.005;20260302
Ryan Castro;Tonto;1023;-83;0.005;20260302
DJ Snake;Tonto;1023;-83;0.005;20260302
Sal da Vinci;Rossetto e caffè;1023;-146;0.306;20260302
Wolf Alice;The Sofa;1021;-62;0.035;20260302
Snow Man;CHARISMAX;1021;-20;0.237;20260302
Social Distortion;Born to Kill;1016;-358;0.016;20260302
Taylor Swift;The Fate of Ophelia;14233;310;2.576;20260303
Bruno Mars;I Just Might;14202;-971;0.84;20260303
Bruno Mars;Risk It All;13902;-63;0.063;20260303
HUNTR/X;Golden;12952;-1617;3.989;20260303
EJAE;Golden;12952;-1617;3.989;20260303
AUDREY NUNA;Golden;12952;-1617;3.989;20260303
REI AMI;Golden;12952;-1617;3.989;20260303
KPop Demon Hunters Cast;Golden;12952;-1617;3.989;20260303
RAYE;WHERE IS MY HUSBAND;11689;-229;1.764;20260303
Alex Warren;FEVER DREAM;11294;311;0.064;20260303
Taylor Swift;Opalite;11149;-159;1.284;20260303
Harry Styles;Aperture;10671;-2555;0.335;20260303
Peter Gregson;360;10392;6375;0.016;20260303
Olivia Dean;Man I Need;9789;-675;1.8;20260303
Olivia Dean;So Easy;9787;22;0.918;20260303
Alex Warren;Ordinary;9594;-993;4.91;20260303
mikeeysmind;Papaoutai;8825;-95;0.503;20260303
Chill77;Papaoutai;8825;-95;0.503;20260303
Unjaps;Papaoutai;8825;-95;0.503;20260303
ROSALÍA;Berghain;8722;1379;0.481;20260303
Björk;Berghain;8722;1379;0.481;20260303
Yves Tumor;Berghain;8722;1379;0.481;20260303
Sal da Vinci;Per sempre sì;8712;-1377;0.04;20260303
Bad Bunny;DtMF;8158;-56;0.854;20260303
BLACKPINK;GO;8069;-1561;0.061;20260303
Djo;End of Beginning;7047;-347;1.479;20260303
Lady Gaga;Die With A Smile;6882;-901;7.144;20260303
Bruno Mars;Die With A Smile;6882;-901;7.144;20260303
Ella Langley;Choosin' Texas;5532;-623;0.585;20260303
Bad Bunny;Tití Me Preguntó;5514;104;0.734;20260303
Peter Gabriel;What Lies Ahead;5233;5233;0.005;20260303
Bad Bunny;NUEVAYoL;4978;-1378;0.694;20260303
sombr;12 to 12;4969;-236;0.877;20260303
Shoshana Bean;Let Me Believe;4623;4623;0.005;20260303
Zara Larsson;Lush Life;4468;-1166;2.391;20260303
Anita Ward;Ring My Bell;4455;2838;0.021;20260303
sombr;Homewrecker;4422;-905;0.098;20260303
SIENNA SPIRO;Die On This Hill;4387;-27;0.385;20260303
Delta Goodrem;Eclipse;4283;-2563;0.011;20260303
Bob Sinclar;I Can't Wait;4136;742;0.008;20260303
Kiesza;I Can't Wait;4136;742;0.008;20260303
Lady Gaga;Always Remember Us This Way;4005;-727;9.3;20260303
BLACKPINK;Champion;3756;319;0.029;20260303
Sia;Unstoppable;3748;304;7.422;20260303
PinkPantheress;Stateside;3647;615;0.068;20260303
ROSÉ;APT.;3512;-398;6.253;20260303
Bruno Mars;APT.;3512;-398;6.253;20260303
Ado;Vivarium;3483;-52;0.023;20260303
Luke Combs;Be By You;3413;80;0.079;20260303
Kato;Turn the Lights Off;3373;437;0.251;20260303
Jon;Turn the Lights Off;3373;437;0.251;20260303
The Second Voice;LET ME BE;3277;-588;0.054;20260303
Disney;Zoo;3205;37;0.272;20260303
Shakira;Zoo;3205;37;0.272;20260303
Luke Combs;Sleepless in a Hotel Room;3168;627;0.193;20260303
Ella Langley;Be Her;3128;326;0.075;20260303
Sam Fender;Rein Me In;3109;-698;0.305;20260303
Olivia Dean;Rein Me In;3109;-698;0.305;20260303
Myles Smith;Drive Safe;3038;-176;0.089;20260303
Niall Horan;Drive Safe;3038;-176;0.089;20260303
Charli xcx;Chains of Love;2964;-243;0.127;20260303
sombr;back to friends;2957;-885;0.503;20260303
RAYE;Nightingale Lane.;2936;-688;0.029;20260303
Sarah Engels;Fire;2858;-989;0.023;20260303
HAVEN.;I Run;2733;-463;0.34;20260303
Kaitlin Aragon;I Run;2733;-463;0.34;20260303
Bruno Mars;Cha Cha Cha;2710;-978;0.016;20260303
Kate Bush;Wuthering Heights;2644;-1317;0.412;20260303
Dave;Raindance;2618;853;0.197;20260303
Tems;Raindance;2618;853;0.197;20260303
ICE NINE KILLS;Twisting The Knife;2554;303;0.044;20260303
HUGEL;Jamaican;2486;1320;0.176;20260303
SOLTO (FR);Jamaican;2486;1320;0.176;20260303
Teddy Swims;Lose Control;2482;-139;7.233;20260303
David Guetta;Gone Gone Gone;2459;-1047;0.861;20260303
Teddy Swims;Gone Gone Gone;2459;-1047;0.861;20260303
Tones And I;Gone Gone Gone;2459;-1047;0.861;20260303
ditonellapiaga;Che fastidio;2420;438;0.012;20260303
Shaboozey;A Bar Song;2413;567;4.644;20260303
Armin van Buuren;Always You;2380;167;0.014;20260303
Richard Durand;Always You;2380;167;0.014;20260303
Dicosis;Always You;2380;167;0.014;20260303
Mumford & Sons;Rubber Band Man;2369;258;0.139;20260303
Hozier;Rubber Band Man;2369;258;0.139;20260303
Noah Kahan;The Great Divide;2354;-8;0.078;20260303
Journey;Don't Stop Believin';2309;-961;3.554;20260303
Neil Sedaka;Laughter In the Rain;2260;-705;0.019;20260303
Shakira;Zoo;2247;-1607;0.449;20260303
Damon Price;I Was a Kid;2230;-279;0.024;20260303
GroßstadtEngel;Gute Laune;2211;248;0.271;20260303
Max McNown;Done For;2206;-1447;0.021;20260303
Olivia Dean;Nice To Each Other;2183;60;0.455;20260303
Dermot Kennedy;Funeral;2137;661;0.064;20260303
Luke Grimes;Haunted;2134;396;0.004;20260303
BTS;Pied Piper;2078;-2680;0.072;20260303
Cain Walker;I Don't Care;2064;-85;0.247;20260303
Ac/Dc;Thunderstruck;2018;-679;3.927;20260303
Pamela Kurt;I don't chase, I attract;2011;1211;0.008;20260303
Mumford & Sons;Here;1988;-791;0.019;20260303
Chris Stapleton;Here;1988;-791;0.019;20260303
The Goo Goo Dolls;Iris;1988;645;1.658;20260303
BLACKPINK;JUMP;1961;-816;1.089;20260303
Lola Young;Messy;1938;-453;3.984;20260303
Chappell Roan;Pink Pony Club;1915;-349;2.58;20260303
Hearts2Hearts;RUDE;1886;186;0.027;20260303
Snow Man;オドロウゼ;1824;1824;0.007;20260303
BLACKPINK;Me and my;1810;-366;0.021;20260303
Zara Larsson;Midnight Sun;1787;149;0.084;20260303
Angèle;What You Want;1784;-168;0.011;20260303
Justice;What You Want;1784;-168;0.011;20260303
T.I.;LET 'EM KNOW;1734;-436;0.065;20260303
Sayf;TU MI PIACI TANTO;1717;-1086;0.011;20260303
Kate Bush;Running Up That Hill;1717;-806;2.634;20260303
Bruno Mars;Dance With Me;1712;-1003;0.009;20260303
TRAP MAFIA HOUSE;Mafia Style;1681;-14;0.047;20260303
Fedez;MALE NECESSARIO;1679;-239;0.013;20260303
Marco Masini;MALE NECESSARIO;1679;-239;0.013;20260303
Menallie;It's Raining;1660;538;0.014;20260303
Lisa Gerrard;Now We Are Free;1621;464;0.418;20260303
Gavin Greenaway;Now We Are Free;1621;464;0.418;20260303
The Lyndhurst Orchestra;Now We Are Free;1621;464;0.418;20260303
Bruce Fowler;Now We Are Free;1621;464;0.418;20260303
Yvonne S. Moriarty;Now We Are Free;1621;464;0.418;20260303
Walt Fowler;Now We Are Free;1621;464;0.418;20260303
Ladd McIntosh;Now We Are Free;1621;464;0.418;20260303
Elizabeth Finch;Now We Are Free;1621;464;0.418;20260303
Jack Smalley;Now We Are Free;1621;464;0.418;20260303
Hans Zimmer;Now We Are Free;1621;464;0.418;20260303
Drake;NOKIA;1616;160;1.767;20260303
XXXTENTACION;Moonlight;1615;363;0.624;20260303
Ella Langley;you look like you love me;1611;-327;1.059;20260303
Riley Green;you look like you love me;1611;-327;1.059;20260303
Aarne;NOBODY;1597;357;0.012;20260303
Toxi$;NOBODY;1597;357;0.012;20260303
Big Baby Tape;NOBODY;1597;357;0.012;20260303
LDA;Poesie Clandestine;1593;216;0.009;20260303
Aka 7even;Poesie Clandestine;1593;216;0.009;20260303
Ella Langley;Dandelion;1593;-89;0.074;20260303
STARGLOW;Green Light;1568;60;0.003;20260303
David Guetta;Walked Away;1540;-12;0.008;20260303
Hypaton;Walked Away;1540;-12;0.008;20260303
HWASA;Good Goodbye;1537;176;0.307;20260303
Aitana;SUPERESTRELLA;1523;354;0.136;20260303
Cody Johnson;Blame Texas;1513;1513;0.002;20260303
King Gnu;AIZO;1508;54;0.108;20260303
Ricchi;Sarà perché ti amo;1503;235;1.464;20260303
Poveri;Sarà perché ti amo;1503;235;1.464;20260303
Billie Eilish;BIRDS OF A FEATHER;1499;-910;5.73;20260303
Jung Kook;Please Don't Change;1493;-3189;0.183;20260303
DJ Snake;Please Don't Change;1493;-3189;0.183;20260303
Benson Boone;Beautiful Things;1484;-606;7.025;20260303
DJ Shadow;Six Days;1484;566;0.069;20260303
MOLLY SUE;Optimist;1479;-418;0.005;20260303
ZORN;Jimoto LOVE;1479;29;0.021;20260303
Neil Diamond;Sweet Caroline;1468;215;1.38;20260303
Charli xcx;Always Everywhere;1467;801;0.024;20260303
Mrs. GREEN APPLE;lulu.;1464;-12;0.089;20260303
Samurai Jay;OSSESSIONE;1463;96;0.008;20260303
BLACKPINK;Fxxxboy;1454;-394;0.018;20260303
sombr;undressed;1451;-735;0.654;20260303
HANA;ALL IN;1450;-88;0.014;20260303
Mumford;The Banjo Song;1434;38;0.092;20260303
Sons;The Banjo Song;1434;38;0.092;20260303
Disturbed;The Sound of Silence;1397;613;10.196;20260303
M!LK;Sukisugite METSU;1395;105;0.151;20260303
Bad Bunny;BAILE INoLVIDABLE;1374;-238;0.414;20260303
sumika;Honto;1368;-168;0.017;20260303
Bleu Soleil;Soleil Bleu;1360;314;0.555;20260303
LUIZA;Soleil Bleu;1360;314;0.555;20260303
Achille Lauro;Perdutamente;1358;-2;0.09;20260303
Leony;Don't Worry;1345;227;0.058;20260303
Bruno Mars;On My Soul;1342;-925;0.011;20260303
M!LK;Bakuretsu Aishiteru;1341;26;0.032;20260303
米津玄師;IRIS OUT;1340;75;0.068;20260303
Luke Combs;Days Like These;1335;227;0.186;20260303
Neil Sedaka;Breaking Up Is Hard to Do;1321;-1777;0.014;20260303
Tears for Fears;Everybody Wants to Rule the World;1321;-159;0.964;20260303
Sonny Fodera;Think About Us;1320;564;0.234;20260303
D.O.D;Think About Us;1320;564;0.234;20260303
Poppy Baskcomb;Think About Us;1320;564;0.234;20260303
Maher Zain;Qalbi Fil Madinah;1299;435;0.074;20260303
Harris J;Qalbi Fil Madinah;1299;435;0.074;20260303
Ermal Meta;Stella stellina;1299;72;0.01;20260303
Yorushika;Sunny;1290;415;0.249;20260303
Solomon Ray;Goodbye Temptation;1288;-136;0.02;20260303
Arcadia;Election Day;1265;1265;0.001;20260303
HANA;Bloom;1265;-76;0.013;20260303
Elettra Lamborghini;Voilà;1260;167;0.009;20260303
Gorillaz;Orange County;1260;-1014;0.058;20260303
Nicholas Britell;Succession;1260;499;0.361;20260303
Sabrina Carpenter;Manchild;1254;448;0.808;20260303
Fulminacci;Stupida sfortuna;1242;-549;0.01;20260303
Yorushika;Snake;1241;644;0.025;20260303
J-Ax;ITALIA STARTER PACK;1239;-102;0.009;20260303
Lynyrd Skynyrd;Free Bird;1227;505;0.245;20260303
wavvyboi;black glitter;1221;-675;0.005;20260303
Yorushika;Forget it;1217;664;0.061;20260303
Houshou marine;Chatter Chatter;1202;9;0.002;20260303
Hoshimachi Suisei;Chatter Chatter;1202;9;0.002;20260303
Max McNown;Better Me For You;1197;440;0.7;20260303
Yorushika;Moonbath;1193;618;0.018;20260303
Ed Sheeran;Sapphire;1182;-1796;2.015;20260303
Saja Boys;Soda Pop;1170;-386;1.812;20260303
Andrew Choi;Soda Pop;1170;-386;1.812;20260303
Neckwav;Soda Pop;1170;-386;1.812;20260303
Danny Chung;Soda Pop;1170;-386;1.812;20260303
Kevin Woo;Soda Pop;1170;-386;1.812;20260303
samUIL Lee;Soda Pop;1170;-386;1.812;20260303
KPop Demon Hunters Cast;Soda Pop;1170;-386;1.812;20260303
Yorushika;Sun;1170;694;0.019;20260303
FISHER;Rain;1168;933;0.012;20260303
Calvin Harris;Release The Pressure;1157;133;0.037;20260303
Kasabian;Release The Pressure;1157;133;0.037;20260303
Bambole Di Pezza;Resta Con Me;1149;346;0.006;20260303
Yorushika;Play Sick;1148;625;0.017;20260303
Jason Aldean;Dust on the Bottle;1147;-551;0.015;20260303
David Lee Murphy;Dust on the Bottle;1147;-551;0.015;20260303
Teddy Swims;Bad Dreams;1140;1019;3.482;20260303
Arisa;Magica Favola;1136;-890;0.013;20260303
The Blackout Crew;Put a Donk on It, Pt. 2;1125;233;0.005;20260303
Yorushika;Shura;1125;612;0.043;20260303
Dimitri Vegas;Makina Time;1109;768;0.024;20260303
Like Mike;Makina Time;1109;768;0.024;20260303
Marlon Hoffstadt;Makina Time;1109;768;0.024;20260303
DJ Konik;Makina Time;1109;768;0.024;20260303
Yorushika;Martian;1104;518;0.033;20260303
Michael Bennett;After I Pass Away;1100;-1266;0.027;20260303
Natasha Bedingfield;Unwritten;1097;37;0.981;20260303
Emma Pittman;Hopeless War;1094;1094;0.001;20260303
Brody Grant;Hopeless War;1094;1094;0.001;20260303
Original Broadway Cast of The Outsiders - A New Musical;Hopeless War;1094;1094;0.001;20260303
Disco Lines;No Broke Boys;1091;714;1.206;20260303
Tinashe;No Broke Boys;1091;714;1.206;20260303
Paramount+ AU;All Fired Up;1083;-110;0.006;20260303
Yorushika;Rubato;1083;550;0.012;20260303
Cain Walker;Don't Tread On Me;1077;243;0.274;20260303
Jason Aldean;Don’t Tell On Me;1075;-849;0.016;20260303
Naniwa Danshi;HARD WORK;1069;-326;0.004;20260303
Yorushika;Aporia;1062;568;0.076;20260303
Kygo;Save My Love;1054;704;0.027;20260303
Khalid;Save My Love;1054;704;0.027;20260303
Gryffin;Save My Love;1054;704;0.027;20260303
Eagles;Hotel California;1047;628;2.412;20260303
xaviorthemachine;Her Nerdeysen;1043;248;0.031;20260303
Dev1lHawk;Her Nerdeysen;1043;248;0.031;20260303
ROSALÍA;La Perla;1041;-531;0.26;20260303
Yahritza Y Su Esencia;La Perla;1041;-531;0.26;20260303
Miley Cyrus;Flowers;1036;609;7.546;20260303
Flugpoet1;Das ist mein Weg;1035;479;0.002;20260303
Teddy Swims;The Door;1023;-222;3.827;20260303
Raf;Ora e per sempre;1015;-145;0.009;20260303
Olivia Dean;A Couple Minutes;1011;782;0.058;20260303
The Cranberries;Dreams;1005;570;0.835;20260303
Mantle Music The Company of Prophets;Prophesy;1002;1002;0.001;20260303
Joshua Giles;Prophesy;1002;1002;0.001;20260303
Deitrick Haddon;Prophesy;1002;1002;0.001;20260303
Snow Man;STARS;1002;-364;0.051;20260303
Harrison;All the Things She Said;1001;-595;0.15;20260303
Malika Ayane;animali notturni;998;126;0.006;20260303
COSMÓ;TANZSCHEIN;993;53;0.01;20260303
Die drei ???;Inhaltsangabe: Falsche Schuld;983;584;0.002;20260303
Tina Arena;Unstoppable;983;983;0.001;20260303
Mr.Children;Again;983;-234;0.055;20260303
サカナクション;怪獣;979;979;0.052;20260303
Christophe Maé;La lune;979;432;0.026;20260303
Les Enfoirés;L'île au trésor;974;112;0.005;20260303
ABBA;Dancing Queen;974;164;1.065;20260303
IVE;BLACKHOLE;964;-102;0.018;20260303
Bruno Mars;I Just Might;14386;184;0.855;20260304
Taylor Swift;The Fate of Ophelia;12854;-1379;2.589;20260304
Bruno Mars;Risk It All;12638;-1264;0.075;20260304
HUNTR/X;Golden;12578;-374;4.002;20260304
EJAE;Golden;12578;-374;4.002;20260304
AUDREY NUNA;Golden;12578;-374;4.002;20260304
REI AMI;Golden;12578;-374;4.002;20260304
KPop Demon Hunters Cast;Golden;12578;-374;4.002;20260304
Peter Gregson;360;12490;2098;0.029;20260304
RAYE;WHERE IS MY HUSBAND;12014;325;1.776;20260304
Alex Warren;Ordinary;11115;1521;4.921;20260304
Alex Warren;FEVER DREAM;10743;-551;0.075;20260304
Harry Styles;Aperture;10177;-494;0.345;20260304
Taylor Swift;Opalite;10082;-1067;1.294;20260304
Olivia Dean;Man I Need;10062;273;1.81;20260304
mikeeysmind;Papaoutai;10021;1196;0.513;20260304
Chill77;Papaoutai;10021;1196;0.513;20260304
Unjaps;Papaoutai;10021;1196;0.513;20260304
Olivia Dean;So Easy;9737;-50;0.928;20260304
Bad Bunny;DtMF;8050;-108;0.862;20260304
ROSALÍA;Berghain;7587;-1135;0.489;20260304
Björk;Berghain;7587;-1135;0.489;20260304
Yves Tumor;Berghain;7587;-1135;0.489;20260304
Lady Gaga;Die With A Smile;7537;655;7.151;20260304
Bruno Mars;Die With A Smile;7537;655;7.151;20260304
Sal da Vinci;Per sempre sì;7470;-1242;0.047;20260304
Anita Ward;Ring My Bell;7413;2958;0.028;20260304
Djo;End of Beginning;6840;-207;1.486;20260304
ARASHI;Five;6813;6813;0.007;20260304
BLACKPINK;GO;6456;-1613;0.068;20260304
Ella Langley;Choosin' Texas;5481;-51;0.591;20260304
Bad Bunny;NUEVAYoL;5461;483;0.699;20260304
Bad Bunny;Tití Me Preguntó;5050;-464;0.739;20260304
sombr;12 to 12;4962;-7;0.882;20260304
sombr;Homewrecker;4931;509;0.103;20260304
ROSÉ;APT.;4320;808;6.257;20260304
Bruno Mars;APT.;4320;808;6.257;20260304
PinkPantheress;Stateside;4128;481;0.072;20260304
Zara Larsson;Lush Life;4076;-392;2.395;20260304
SIENNA SPIRO;Die On This Hill;4065;-322;0.389;20260304
Peter Gabriel;What Lies Ahead;4024;-1209;0.009;20260304
The Second Voice;LET ME BE;3988;711;0.058;20260304
Bob Sinclar;I Can't Wait;3955;-181;0.011;20260304
Kiesza;I Can't Wait;3955;-181;0.011;20260304
Disney;Zoo;3856;651;0.276;20260304
Shakira;Zoo;3856;651;0.276;20260304
Delta Goodrem;Eclipse;3805;-478;0.015;20260304
Shoshana Bean;Let Me Believe;3799;-824;0.008;20260304
Ella Langley;Be Her;3742;614;0.079;20260304
Dave;Raindance;3724;1106;0.201;20260304
Tems;Raindance;3724;1106;0.201;20260304
Sia;Unstoppable;3720;-28;7.425;20260304
sombr;back to friends;3608;651;0.507;20260304
Lady Gaga;Always Remember Us This Way;3469;-536;9.304;20260304
Micah Tyler;Perfectly;3417;2607;0.008;20260304
Charli xcx;Chains of Love;3306;342;0.131;20260304
Luke Combs;Be By You;3219;-194;0.082;20260304
Teddy Swims;Lose Control;3135;653;7.237;20260304
Sam Fender;Rein Me In;3103;-6;0.308;20260304
Olivia Dean;Rein Me In;3103;-6;0.308;20260304
BLACKPINK;Champion;3017;-739;0.032;20260304
Bruno Mars;Cha Cha Cha;3006;296;0.019;20260304
Luke Combs;Sleepless in a Hotel Room;2947;-221;0.196;20260304
Noah Kahan;The Great Divide;2793;439;0.081;20260304
ICE NINE KILLS;Twisting The Knife;2692;138;0.047;20260304
HAVEN.;I Run;2624;-109;0.343;20260304
Kaitlin Aragon;I Run;2624;-109;0.343;20260304
Kato;Turn the Lights Off;2536;-837;0.253;20260304
Jon;Turn the Lights Off;2536;-837;0.253;20260304
Lola Young;Messy;2521;583;3.986;20260304
Skindred;Can I Get A;2515;2515;0.003;20260304
Van Halen;Why Can't This Be Love;2474;1752;0.048;20260304
Ado;Vivarium;2402;-1081;0.026;20260304
Myles Smith;Drive Safe;2399;-639;0.091;20260304
Niall Horan;Drive Safe;2399;-639;0.091;20260304
David Guetta;Gone Gone Gone;2344;-115;0.863;20260304
Teddy Swims;Gone Gone Gone;2344;-115;0.863;20260304
Tones And I;Gone Gone Gone;2344;-115;0.863;20260304
Shakira;Zoo;2336;89;0.451;20260304
Benson Boone;Beautiful Things;2286;802;7.027;20260304
GroßstadtEngel;Gute Laune;2279;68;0.274;20260304
Shaboozey;A Bar Song;2248;-165;4.646;20260304
BLACKPINK;Me and my;2161;351;0.023;20260304
shirts0001 - Erika;German Marching Song;2151;1291;0.09;20260304
Luke Grimes;Haunted;2105;-29;0.006;20260304
Bad Bunny;BAILE INoLVIDABLE;2099;725;0.417;20260304
The Goo Goo Dolls;Iris;2061;73;1.66;20260304
Chappell Roan;Pink Pony Club;2057;142;2.582;20260304
Metric;Time Is A Bomb;2034;2034;0.002;20260304
Good Vibes Tribe 11:11;I'm Not What Happened To Me;2030;1585;0.149;20260304
Teddy Swims;The Door;2025;1002;3.829;20260304
BLACKPINK;JUMP;1993;32;1.091;20260304
ROSALÍA;La Perla;1974;933;0.262;20260304
Yahritza Y Su Esencia;La Perla;1974;933;0.262;20260304
BLACKPINK;Fxxxboy;1954;500;0.02;20260304
Mumford & Sons;Here;1944;-44;0.021;20260304
Chris Stapleton;Here;1944;-44;0.021;20260304
Armin van Buuren;Always You;1905;-475;0.016;20260304
Richard Durand;Always You;1905;-475;0.016;20260304
Dicosis;Always You;1905;-475;0.016;20260304
Damon Price;I Was a Kid;1900;-330;0.026;20260304
Kate Bush;Running Up That Hill;1893;176;2.636;20260304
Disturbed;The Sound of Silence;1888;491;10.198;20260304
Journey;Don't Stop Believin';1885;-424;3.556;20260304
Sarah Engels;Fire;1863;-995;0.024;20260304
Gorillaz;Orange County;1856;596;0.06;20260304
Sonny Fodera;Think About Us;1839;519;0.236;20260304
D.O.D;Think About Us;1839;519;0.236;20260304
Poppy Baskcomb;Think About Us;1839;519;0.236;20260304
Drake;NOKIA;1785;169;1.768;20260304
Luke Combs;Days Like These;1771;436;0.188;20260304
TRAP MAFIA HOUSE;Mafia Style;1759;78;0.049;20260304
RAYE;Nightingale Lane.;1750;-1186;0.031;20260304
OUTLAW GOSPEL;HE'S THE ONLY ONE WHO CAN JUDGE ME;1748;1748;0.002;20260304
Leony;Don't Worry;1722;377;0.06;20260304
Dermot Kennedy;Funeral;1700;-437;0.066;20260304
T.I.;LET 'EM KNOW;1688;-46;0.067;20260304
Cody Johnson;Blame Texas;1686;173;0.003;20260304
Mumford & Sons;Rubber Band Man;1680;-689;0.141;20260304
Hozier;Rubber Band Man;1680;-689;0.141;20260304
Snow Man;odorouze;1676;1676;0.014;20260304
King Gnu;AIZO;1656;148;0.109;20260304
Max McNown;Done For;1643;-563;0.022;20260304
ditonellapiaga;Che fastidio;1639;-781;0.014;20260304
Angèle;What You Want;1635;-149;0.012;20260304
Justice;What You Want;1635;-149;0.012;20260304
Maher Zain;Qalbi Fil Madinah;1632;333;0.076;20260304
Harris J;Qalbi Fil Madinah;1632;333;0.076;20260304
Samurai Jay;OSSESSIONE;1629;166;0.01;20260304
Ella Langley;you look like you love me;1616;5;1.061;20260304
Riley Green;you look like you love me;1616;5;1.061;20260304
Ella Langley;Dandelion;1614;21;0.076;20260304
Mrs. GREEN APPLE;lulu.;1608;144;0.091;20260304
Britney Spears;Work Bitch;1578;1463;1.168;20260304
Bruno Mars;Dance With Me;1569;-143;0.011;20260304
Fedez;MALE NECESSARIO;1569;-110;0.014;20260304
Marco Masini;MALE NECESSARIO;1569;-110;0.014;20260304
Zoe(佐伊);You are my only one;1569;995;0.003;20260304
Mr.Children;Ubugoe;1568;1568;0.002;20260304
HWASA;Good Goodbye;1545;8;0.309;20260304
Arisa;Magica Favola;1525;389;0.015;20260304
Ricchi;Sarà perché ti amo;1522;19;1.465;20260304
Poveri;Sarà perché ti amo;1522;19;1.465;20260304
Fangoria;Me voy;1511;1511;0.002;20260304
Mr.Children;Again;1508;525;0.057;20260304
Kenshi Yonezu;IRIS OUT;1507;1507;0.303;20260304
Kate Bush;Wuthering Heights;1500;-1144;0.414;20260304
ZXKAI;NO BATIDÃO;1499;690;0.07;20260304
slxughter;NO BATIDÃO;1499;690;0.07;20260304
KATSEYE;Gabriela;1497;663;0.337;20260304
Lewis Capaldi;Someone You Loved;1483;1389;6.879;20260304
David Guetta;Walked Away;1481;-59;0.009;20260304
Hypaton;Walked Away;1481;-59;0.009;20260304
Mr.Children;Saturday;1479;835;0.015;20260304
Olivia Dean;Nice To Each Other;1455;-728;0.457;20260304
n.SSign;Feelin' Good;1450;1450;0.001;20260304
Tears for Fears;Everybody Wants to Rule the World;1448;127;0.965;20260304
DJ Shadow;Six Days;1421;-63;0.07;20260304
LDA;Poesie Clandestine;1407;-186;0.01;20260304
Aka 7even;Poesie Clandestine;1407;-186;0.01;20260304
The Beatles;Here Comes the Sun;1402;692;0.776;20260304
M!LK;Sukisugite METSU;1368;-27;0.152;20260304
Aitana;SUPERESTRELLA;1360;-163;0.137;20260304
J-Ax;ITALIA STARTER PACK;1358;119;0.011;20260304
Sayf;TU MI PIACI TANTO;1354;-363;0.012;20260304
The Childish;This Has to Stop;1341;1341;0.006;20260304
Aarne;NOBODY;1340;-257;0.013;20260304
Toxi$;NOBODY;1340;-257;0.013;20260304
Big Baby Tape;NOBODY;1340;-257;0.013;20260304
M!LK;Bakuretsu Aishiteru;1315;-26;0.033;20260304
Milky;Just The Way You Are;1306;649;0.01;20260304
Mall Grab;Just The Way You Are;1306;649;0.01;20260304
Gorillaz;Feel Good Inc.;1291;816;0.029;20260304
De La Soul;Feel Good Inc.;1291;816;0.029;20260304
ZORN;Jimoto LOVE;1290;-189;0.023;20260304
Elton John;Cold Heart;1287;448;7.959;20260304
Dua Lipa;Cold Heart;1287;448;7.959;20260304
Kelly Clarkson;lighthouse;1267;1267;0.012;20260304
HANA;ALL IN;1265;-185;0.015;20260304
Hearts2Hearts;RUDE;1265;-621;0.028;20260304
Neil Sedaka;Laughter In the Rain;1258;-1002;0.02;20260304
Ac/Dc;Thunderstruck;1250;-768;3.928;20260304
Zara Larsson;Midnight Sun;1249;-538;0.086;20260304
Joni Fuller;The Night We Met;1243;848;0.002;20260304
Disco Lines;No Broke Boys;1238;147;1.207;20260304
Tinashe;No Broke Boys;1238;147;1.207;20260304
XXXTENTACION;Moonlight;1237;-378;0.625;20260304
Coldplay;Viva la Vida;1236;457;6.921;20260304
Ed Sheeran;Camera;1230;416;0.273;20260304
Justė;Turn The Lights Off;1226;402;0.04;20260304
Jaxstyle;Turn The Lights Off;1226;402;0.04;20260304
Jon;Turn The Lights Off;1226;402;0.04;20260304
STARGLOW;Green Light;1217;-351;0.004;20260304
Sevendust;Unbreakable;1215;1215;0.001;20260304
Nicholas Britell;Succession;1205;-55;0.362;20260304
sumika;Honto;1193;-175;0.018;20260304
Eminem;Lose Yourself;1192;387;3.65;20260304
IVE;BLACKHOLE;1187;223;0.019;20260304
Elettra Lamborghini;Voilà;1185;-75;0.01;20260304
MOLLY SUE;Optimist;1170;-309;0.007;20260304
HANA;Bloom;1170;-95;0.014;20260304
Miley Cyrus;Flowers;1166;130;7.547;20260304
Max McNown;Better Me For You;1149;-48;0.701;20260304
Victor Ivyic;IT IS WELL;1149;416;0.002;20260304
OUTLAW GOSPEL;YOU WON'T BREAK WHAT GOD REBUILT;1148;1148;0.001;20260304
sakanaction;Kaiju;1148;1148;0.378;20260304
Charli xcx;Always Everywhere;1146;-321;0.026;20260304
HUGEL;Jamaican;1144;-1342;0.177;20260304
SOLTO (FR);Jamaican;1144;-1342;0.177;20260304
HARDY;McArthur;1141;249;0.049;20260304
Eric Church;McArthur;1141;249;0.049;20260304
Morgan Wallen;McArthur;1141;249;0.049;20260304
Tim McGraw;McArthur;1141;249;0.049;20260304
Ed Sheeran;Sapphire;1138;-44;2.016;20260304
Alex Warren;Carry You Home;1130;448;1.057;20260304
Tommaso Paradiso;I romantici;1130;204;0.011;20260304
Snow Man;CHARISMAX;1125;198;0.239;20260304
Achille Lauro;Perdutamente;1124;-234;0.091;20260304
Myles Smith;Stay;1109;157;0.285;20260304
Snow Man;STARS;1104;102;0.052;20260304
Paramount+ AU;All Fired Up;1083;0;0.007;20260304
n.SSign;POP ROCKET;1083;1083;0.001;20260304
Zaho;Comme Caroline;1067;493;0.011;20260304
The Cranberries;Zombie;1064;360;1.757;20260304
Bambole Di Pezza;Resta Con Me;1063;-86;0.007;20260304
wavvyboi;black glitter;1062;-159;0.006;20260304
sakanaction;IRANAI;1062;220;0.024;20260304
Independentmusicart;Black Sheep;1054;151;0.077;20260304
Natasha Bedingfield;Unwritten;1051;-46;0.982;20260304
Motoki Ohmori;0.2mm;1041;183;0.011;20260304
Serena Brancale;QUI CON ME;1037;405;0.007;20260304
Thompsxn Therapy;DON'T PLAY WITH ME;1035;162;0.05;20260304
Rodrigo Amarante;Tuyo;1026;80;0.414;20260304
Ati242;Her Nerdeysen;1022;165;0.486;20260304
Yorushika;Sunny;1021;-269;0.25;20260304
t.A.T.u.;All the Things She Said;1021;130;0.187;20260304
Cain Walker;I Don't Care;1019;-1045;0.248;20260304
Outliers;That's The Way It Is;1017;270;0.027;20260304
Teddy Swims;Bad Dreams;1008;-132;3.483;20260304
sombr;undressed;1002;-449;0.655;20260304
Sonic Heart (and Signal);Oh Yeah;1002;1002;0.001;20260304
Christophe Maé;La lune;998;19;0.027;20260304
Raf;Ora e per sempre;995;-20;0.01;20260304
Bad Bunny;EoO;988;112;0.194;20260304
Unheilig;Wunderschön;983;102;0.19;20260304
back number;Want Want Want;983;91;0.073;20260304
Bruno Mars;I Just Might;14401;15;0.869;20260305
Taylor Swift;The Fate of Ophelia;13715;861;2.602;20260305
Bruno Mars;Risk It All;12911;273;0.088;20260305
Harry Styles;Aperture;12539;2362;0.358;20260305
HUNTR/X;Golden;12536;-42;4.015;20260305
EJAE;Golden;12536;-42;4.015;20260305
AUDREY NUNA;Golden;12536;-42;4.015;20260305
REI AMI;Golden;12536;-42;4.015;20260305
KPop Demon Hunters Cast;Golden;12536;-42;4.015;20260305
Peter Gregson;360;12028;-462;0.041;20260305
RAYE;WHERE IS MY HUSBAND;11763;-251;1.788;20260305
Alex Warren;Ordinary;11199;84;4.932;20260305
Taylor Swift;Opalite;10540;458;1.305;20260305
Alex Warren;FEVER DREAM;10146;-597;0.085;20260305
mikeeysmind;Papaoutai;10109;88;0.523;20260305
Chill77;Papaoutai;10109;88;0.523;20260305
Unjaps;Papaoutai;10109;88;0.523;20260305
Olivia Dean;Man I Need;10011;-51;1.82;20260305
Olivia Dean;So Easy;8477;-1260;0.937;20260305
Bad Bunny;DtMF;8081;31;0.87;20260305
Djo;End of Beginning;6998;158;1.493;20260305
Maphra;Doomed;6728;6728;0.007;20260305
Anita Ward;Ring My Bell;6677;-736;0.035;20260305
ROSALÍA;Berghain;6516;-1071;0.496;20260305
Björk;Berghain;6516;-1071;0.496;20260305
Yves Tumor;Berghain;6516;-1071;0.496;20260305
Lady Gaga;Die With A Smile;6183;-1354;7.158;20260305
Bruno Mars;Die With A Smile;6183;-1354;7.158;20260305
Bad Bunny;NUEVAYoL;5930;469;0.705;20260305
BLACKPINK;GO;5883;-573;0.074;20260305
Ella Langley;Choosin' Texas;5445;-36;0.596;20260305
Bad Bunny;Tití Me Preguntó;5271;221;0.744;20260305
Zara Larsson;Lush Life;5051;975;2.4;20260305
The Second Voice;LET ME BE;5020;1032;0.063;20260305
PinkPantheress;Stateside;4894;766;0.077;20260305
sombr;Homewrecker;4616;-315;0.108;20260305
ARASHI;Five;4537;-2276;0.011;20260305
Sal da Vinci;Per sempre sì;4406;-3064;0.051;20260305
Shakira;ALGO TÚ;4399;4399;0.004;20260305
Beéle;ALGO TÚ;4399;4399;0.004;20260305
sombr;12 to 12;4304;-658;0.886;20260305
SIENNA SPIRO;Die On This Hill;4165;100;0.393;20260305
Lola Young;Messy;4082;1561;3.99;20260305
Sevendust;Unbreakable;3593;2378;0.005;20260305
Sam Fender;Rein Me In;3432;329;0.312;20260305
Olivia Dean;Rein Me In;3432;329;0.312;20260305
Dave;Raindance;3417;-307;0.204;20260305
Tems;Raindance;3417;-307;0.204;20260305
Micah Tyler;Perfectly;3417;0;0.012;20260305
Luke Combs;Sleepless in a Hotel Room;3380;433;0.2;20260305
sombr;back to friends;3369;-239;0.51;20260305
Shoshana Bean;Let Me Believe;3358;-441;0.012;20260305
ROSÉ;APT.;3321;-999;6.261;20260305
Bruno Mars;APT.;3321;-999;6.261;20260305
Disney;Zoo;3312;-544;0.279;20260305
Shakira;Zoo;3312;-544;0.279;20260305
Ella Langley;Be Her;3288;-454;0.082;20260305
David Guetta;Gone Gone Gone;3239;895;0.866;20260305
Teddy Swims;Gone Gone Gone;3239;895;0.866;20260305
Tones And I;Gone Gone Gone;3239;895;0.866;20260305
Sia;Unstoppable;3193;-527;7.429;20260305
Luke Combs;Be By You;3151;-68;0.086;20260305
Kato;Turn the Lights Off;3020;484;0.256;20260305
Jon;Turn the Lights Off;3020;484;0.256;20260305
BLACKPINK;Champion;2974;-43;0.035;20260305
The Goo Goo Dolls;Iris;2875;814;1.663;20260305
Bob Sinclar;I Can't Wait;2873;-1082;0.014;20260305
Kiesza;I Can't Wait;2873;-1082;0.014;20260305
Delta Goodrem;Eclipse;2872;-933;0.018;20260305
HAVEN.;I Run;2762;138;0.346;20260305
Kaitlin Aragon;I Run;2762;138;0.346;20260305
Lady Gaga;Always Remember Us This Way;2690;-779;9.306;20260305
Ado;Vivarium;2644;242;0.028;20260305
Journey;Don't Stop Believin';2587;702;3.558;20260305
Billie Eilish;BIRDS OF A FEATHER;2553;1652;5.734;20260305
ROSALÍA;La Perla;2528;554;0.265;20260305
Yahritza Y Su Esencia;La Perla;2528;554;0.265;20260305
Bishop Briggs;River;2491;2491;0.182;20260305
Damon Price;I Was a Kid;2398;498;0.028;20260305
Myles Smith;Drive Safe;2369;-30;0.094;20260305
Niall Horan;Drive Safe;2369;-30;0.094;20260305
Teddy Swims;Lose Control;2353;-782;7.239;20260305
Charli xcx;Chains of Love;2284;-1022;0.133;20260305
Zara Larsson;Midnight Sun;2268;1019;0.088;20260305
GroßstadtEngel;Gute Laune;2217;-62;0.276;20260305
Drake;NOKIA;2217;432;1.771;20260305
ZXKAI;NO BATIDÃO;2169;670;0.072;20260305
slxughter;NO BATIDÃO;2169;670;0.072;20260305
Noah Kahan;The Great Divide;2146;-647;0.083;20260305
Ac/Dc;Thunderstruck;2095;845;3.931;20260305
Cody Johnson;Blame Texas;2039;353;0.005;20260305
Shaboozey;A Bar Song;2033;-215;4.648;20260305
RAYE;Nightingale Lane.;2012;262;0.033;20260305
ICE NINE KILLS;Twisting The Knife;2008;-684;0.049;20260305
Benson Boone;Beautiful Things;1963;-323;7.029;20260305
Dermot Kennedy;Funeral;1869;169;0.068;20260305
Shakira;Zoo;1859;-477;0.453;20260305
OUTLAW GOSPEL;HE'S THE ONLY ONE WHO CAN JUDGE ME;1858;110;0.004;20260305
The Amity Affliction;Bleed;1786;1786;0.002;20260305
Hearts2Hearts;RUDE;1773;508;0.03;20260305
Gorillaz;Orange County;1768;-88;0.062;20260305
DJ Shadow;Six Days;1762;341;0.072;20260305
Good Vibes Tribe 11:11;I'm Not What Happened To Me;1738;-292;0.151;20260305
Sarah Engels;Fire;1736;-127;0.026;20260305
BLACKPINK;Fxxxboy;1734;-220;0.021;20260305
Luke Combs;Days Like These;1728;-43;0.19;20260305
Angèle;What You Want;1722;87;0.014;20260305
Justice;What You Want;1722;87;0.014;20260305
Bleu Soleil;Soleil Bleu;1716;735;0.558;20260305
LUIZA;Soleil Bleu;1716;735;0.558;20260305
The Cranberries;Zombie;1712;648;1.758;20260305
Max McNown;Done For;1700;57;0.024;20260305
shirts0001 - Erika;German Marching Song;1673;-478;0.091;20260305
Ed Sheeran;Sapphire;1668;530;2.017;20260305
Olivia Dean;Nice To Each Other;1663;208;0.458;20260305
Sarah Connor;Zusammen ist man weniger kaputt;1645;850;0.01;20260305
Beatrice Egli;Alibi;1645;829;0.012;20260305
Britney Spears;Work Bitch;1633;55;1.17;20260305
T.I.;LET 'EM KNOW;1618;-70;0.069;20260305
LassTunesDeutsch;Guten Morgen, alles gut. Kein Stress, kein Problem.;1616;807;0.01;20260305
BLACKPINK;JUMP;1614;-379;1.093;20260305
Kenshi Yonezu;IRIS OUT;1611;104;0.305;20260305
The Original Cast of 'Paddington The Musical';Marmalade;1603;1433;0.002;20260305
Ella Langley;Dandelion;1596;-18;0.077;20260305
ditonellapiaga;Che fastidio;1592;-47;0.015;20260305
Christina Perri;A Thousand Years;1579;967;8.138;20260305
Mr.Children;Ubugoe;1568;0;0.003;20260305
King Gnu;AIZO;1565;-91;0.111;20260305
HWASA;Good Goodbye;1561;16;0.311;20260305
Bruno Mars;Dance With Me;1559;-10;0.012;20260305
Armin van Buuren;Always You;1545;-360;0.017;20260305
Richard Durand;Always You;1545;-360;0.017;20260305
Dicosis;Always You;1545;-360;0.017;20260305
RADWIMPS;Seikai;1538;593;0.154;20260305
The Cranberries;Dreams;1515;1200;0.837;20260305
Snow Man;odorouze;1508;-168;0.016;20260305
Mumford & Sons;Here;1495;-449;0.023;20260305
Chris Stapleton;Here;1495;-449;0.023;20260305
Sayf;TU MI PIACI TANTO;1488;134;0.014;20260305
Teddy Swims;The Door;1484;-541;3.831;20260305
Victor Ivyic;IT IS WELL;1483;334;0.003;20260305
Mr.Children;Again;1479;-29;0.058;20260305
Fangoria;Me voy;1470;-41;0.003;20260305
Coldplay;A Sky Full of Stars;1453;625;11.226;20260305
Mrs. GREEN APPLE;lulu.;1450;-158;0.092;20260305
Marc Rebillet;Your New Morning Alarm;1433;870;0.647;20260305
Disturbed;The Sound of Silence;1429;-459;10.199;20260305
M!LK;Sukisugite METSU;1422;54;0.154;20260305
Tyla;CHANEL;1418;1129;0.378;20260305
Alex Warren;Carry You Home;1412;282;1.059;20260305
Kanye West;Good Morning;1411;874;0.15;20260305
Fury In the Slaughterhouse;Viva La Revolution;1395;1395;0.001;20260305
Mr.Children;Saturday;1395;-84;0.016;20260305
Kato;Turn the Lights Off;1392;540;0.672;20260305
Bruno Mars;Cha Cha Cha;1389;-1617;0.02;20260305
Alex Warren;Eternity;1386;429;0.386;20260305
Mrs. Green Apple;Bokuno Koto;1379;629;0.596;20260305
M!LK;Bakuretsu Aishiteru;1368;53;0.034;20260305
Luke Grimes;Haunted;1368;-737;0.007;20260305
Chappell Roan;Pink Pony Club;1363;-694;2.584;20260305
t.A.T.u.;All the Things She Said;1343;322;0.188;20260305
Samurai Jay;OSSESSIONE;1343;-286;0.011;20260305
Achille Lauro;Perdutamente;1341;217;0.092;20260305
Aitana;SUPERESTRELLA;1339;-21;0.139;20260305
Skindred;Can I Get A;1335;-1180;0.004;20260305
Metric;Time Is A Bomb;1334;-700;0.003;20260305
J Balvin;Tonto;1329;1243;0.007;20260305
Ryan Castro;Tonto;1329;1243;0.007;20260305
DJ Snake;Tonto;1329;1243;0.007;20260305
Peter Gabriel;What Lies Ahead;1327;-2697;0.011;20260305
Mumford & Sons;Rubber Band Man;1325;-355;0.142;20260305
Hozier;Rubber Band Man;1325;-355;0.142;20260305
Paramount+ AU;All Fired Up;1322;239;0.008;20260305
DJ Ötzi;Tirol;1321;390;0.21;20260305
Rodrigo Amarante;Tuyo;1321;295;0.415;20260305
BLACKPINK;Me and my;1313;-848;0.025;20260305
TRAP MAFIA HOUSE;Mafia Style;1302;-457;0.05;20260305
Eminem;Lose Yourself;1285;93;3.651;20260305
Bad Bunny;BAILE INoLVIDABLE;1284;-815;0.418;20260305
Justė;Turn The Lights Off;1284;58;0.041;20260305
Jaxstyle;Turn The Lights Off;1284;58;0.041;20260305
Jon;Turn The Lights Off;1284;58;0.041;20260305
Leony;Don't Worry;1281;-441;0.061;20260305
Disco Lines;No Broke Boys;1278;40;1.208;20260305
Tinashe;No Broke Boys;1278;40;1.208;20260305
Kygo;Save My Love;1271;367;0.029;20260305
Khalid;Save My Love;1271;367;0.029;20260305
Gryffin;Save My Love;1271;367;0.029;20260305
Alphaville;Forever Young;1270;451;1.254;20260305
Lenny Kravitz;It Ain't Over 'Til It's Over;1269;1013;0.038;20260305
ZORN;Jimoto LOVE;1265;-25;0.024;20260305
Nicholas Britell;Succession;1262;57;0.363;20260305
sombr;undressed;1250;248;0.657;20260305
Tears for Fears;Everybody Wants to Rule the World;1246;-202;0.967;20260305
The Killers;Mr. Brightside;1238;579;1.609;20260305
Sonny Fodera;Think About Us;1230;-609;0.237;20260305
D.O.D;Think About Us;1230;-609;0.237;20260305
Poppy Baskcomb;Think About Us;1230;-609;0.237;20260305
Christophe Maé;La lune;1229;231;0.028;20260305
Arisa;Magica Favola;1220;-305;0.016;20260305
HANA;ALL IN;1217;-48;0.016;20260305
Bad Bunny;EoO;1213;225;0.195;20260305
Gorillaz;Clint Eastwood;1204;1024;0.099;20260305
Milky;Just The Way You Are;1203;-103;0.011;20260305
Mall Grab;Just The Way You Are;1203;-103;0.011;20260305
Max McNown;Better Me For You;1196;47;0.703;20260305
Ella Langley;you look like you love me;1196;-420;1.062;20260305
Riley Green;you look like you love me;1196;-420;1.062;20260305
n.SSign;Feelin' Good;1193;-257;0.003;20260305
Tom Odell;Another Love;1190;1019;2.651;20260305
Miley Cyrus;Flowers;1175;9;7.548;20260305
Mantle Music The Company of Prophets;Prophesy;1170;328;0.003;20260305
Joshua Giles;Prophesy;1170;328;0.003;20260305
Deitrick Haddon;Prophesy;1170;328;0.003;20260305
sumika;Honto;1170;-23;0.019;20260305
Unheilig;Spiegel;1148;306;0.032;20260305
HANA;Bloom;1148;-22;0.016;20260305
Fedez;MALE NECESSARIO;1146;-423;0.015;20260305
Marco Masini;MALE NECESSARIO;1146;-423;0.015;20260305
Metallica;Enter Sandman;1129;630;1.58;20260305
Yorushika;Plover;1128;318;0.002;20260305
Snow Man;CHARISMAX;1125;0;0.24;20260305
HUGEL;Jamaican;1121;-23;0.178;20260305
SOLTO (FR);Jamaican;1121;-23;0.178;20260305
Unheilig;Wunderschön;1116;133;0.191;20260305
GroßstadtEngel;Gute Laune;1115;454;0.084;20260305
NIKSTER;Gute Laune;1115;454;0.084;20260305
Dj Aaron;Gute Laune;1115;454;0.084;20260305
Benson Boone;Mystical Magical;1110;640;1.059;20260305
Zoe(佐伊);You are my only one;1107;-462;0.004;20260305
HARDY;McArthur;1106;-35;0.05;20260305
Eric Church;McArthur;1106;-35;0.05;20260305
Morgan Wallen;McArthur;1106;-35;0.05;20260305
Tim McGraw;McArthur;1106;-35;0.05;20260305
Kelly Clarkson;lighthouse;1105;-162;0.013;20260305
OUTLAW GOSPEL;YOU WON'T BREAK WHAT GOD REBUILT;1104;-44;0.002;20260305
SG;Us, Again;1104;730;0.071;20260305
Ludovico Einaudi;Una mattina;1092;851;0.405;20260305
Lynyrd Skynyrd;Free Bird;1090;111;0.248;20260305
Rick Astley;Waiting On You;1083;657;0.013;20260305
Remioromen;Sangatsu Kokonoka;1083;672;0.088;20260305
Blackstreet;No Diggity;1062;840;0.195;20260305
Natasha Bedingfield;Unwritten;1059;8;0.983;20260305
Axel Rudi Pell;Guillotine Walk;1049;1049;0.001;20260305
Johannes Oerding;Mehr Glück als Verstand;1041;166;0.009;20260305
sakanaction;Kaiju;1041;-107;0.379;20260305
Alex Warren;Bloodline;1037;892;0.32;20260305
Jelly Roll;Bloodline;1037;892;0.32;20260305
Gavin Adcock;Last One To Know;1037;711;0.086;20260305
Bruno Mars;I Just Might;14833;432;0.884;20260306
Taylor Swift;The Fate of Ophelia;13309;-406;2.616;20260306
Bebe Rexha;New Religion;12810;12810;0.013;20260306
Faithless;New Religion;12810;12810;0.013;20260306
HUNTR/X;Golden;12189;-347;4.027;20260306
EJAE;Golden;12189;-347;4.027;20260306
AUDREY NUNA;Golden;12189;-347;4.027;20260306
REI AMI;Golden;12189;-347;4.027;20260306
KPop Demon Hunters Cast;Golden;12189;-347;4.027;20260306
Peter Gregson;360;11826;-202;0.053;20260306
RAYE;WHERE IS MY HUSBAND;11720;-43;1.8;20260306
Harry Styles;Aperture;11559;-980;0.369;20260306
Bruno Mars;Risk It All;10935;-1976;0.099;20260306
Alex Warren;Ordinary;10666;-533;4.943;20260306
Jennifer Lopez;Save Me Tonight;9223;9223;0.009;20260306
David Guetta;Save Me Tonight;9223;9223;0.009;20260306
Alex Warren;FEVER DREAM;9191;-955;0.095;20260306
mikeeysmind;Papaoutai;8826;-1283;0.532;20260306
Chill77;Papaoutai;8826;-1283;0.532;20260306
Unjaps;Papaoutai;8826;-1283;0.532;20260306
Taylor Swift;Opalite;8394;-2146;1.313;20260306
Olivia Dean;So Easy;8100;-377;0.945;20260306
Olivia Dean;Man I Need;7926;-2085;1.828;20260306
JENNIE;like JENNIE;7243;6531;0.449;20260306
Maphra;Doomed;6815;87;0.014;20260306
Djo;End of Beginning;6142;-856;1.499;20260306
Anita Ward;Ring My Bell;5813;-864;0.041;20260306
Lady Gaga;Die With A Smile;5797;-386;7.163;20260306
Bruno Mars;Die With A Smile;5797;-386;7.163;20260306
Oasis;Acquiesce;5737;5737;0.006;20260306
War Child Records;Acquiesce;5737;5737;0.006;20260306
Ella Langley;Choosin' Texas;5704;259;0.602;20260306
The Warning;Kerosene;5649;5649;0.006;20260306
Bad Bunny;DtMF;5535;-2546;0.876;20260306
Depeche Mode;Universal Soldier;5127;5127;0.005;20260306
War Child Records;Universal Soldier;5127;5127;0.005;20260306
ROSALÍA;Berghain;4876;-1640;0.5;20260306
Björk;Berghain;4876;-1640;0.5;20260306
Yves Tumor;Berghain;4876;-1640;0.5;20260306
Bad Bunny;NUEVAYoL;4849;-1081;0.71;20260306
JENNIE;Damn Right;4817;4817;0.005;20260306
SIENNA SPIRO;Die On This Hill;4793;628;0.398;20260306
GIRLSET;Tweak;4679;4679;0.005;20260306
sombr;12 to 12;4471;167;0.89;20260306
The Second Voice;LET ME BE;4392;-628;0.067;20260306
JENNIE;ExtraL;4305;4305;0.004;20260306
Harry Styles;American Girls;4282;4282;0.004;20260306
sombr;Homewrecker;4237;-379;0.112;20260306
PinkPantheress;Stateside;4127;-767;0.081;20260306
Sal da Vinci;Per sempre sì;4079;-327;0.056;20260306
Bad Bunny;Tití Me Preguntó;4042;-1229;0.748;20260306
BLACKPINK;GO;3902;-1981;0.078;20260306
JENNIE;Love Hangover;3872;3872;0.004;20260306
Shakira;ALGO TÚ;3809;-590;0.008;20260306
Beéle;ALGO TÚ;3809;-590;0.008;20260306
Sia;Unstoppable;3594;401;7.432;20260306
Kato;Turn the Lights Off;3511;491;0.26;20260306
Jon;Turn the Lights Off;3511;491;0.26;20260306
ARASHI;Five;3493;-1044;0.015;20260306
Zara Larsson;Lush Life;3359;-1692;2.403;20260306
sombr;back to friends;3306;-63;0.513;20260306
JENNIE;Handlebars;3288;3288;0.003;20260306
Bob Sinclar;I Can't Wait;3284;411;0.018;20260306
Kiesza;I Can't Wait;3284;411;0.018;20260306
Sam Fender;Rein Me In;3160;-272;0.315;20260306
Olivia Dean;Rein Me In;3160;-272;0.315;20260306
Ella Langley;Be Her;3084;-204;0.085;20260306
Luke Combs;Sleepless in a Hotel Room;3073;-307;0.203;20260306
Dave;Raindance;2960;-457;0.207;20260306
Tems;Raindance;2960;-457;0.207;20260306
ROSÉ;APT.;2903;-418;6.264;20260306
Bruno Mars;APT.;2903;-418;6.264;20260306
Sarah Connor;Interstellar;2802;2802;0.003;20260306
Sido;Interstellar;2802;2802;0.003;20260306
Cody Johnson;Blame Texas;2786;747;0.008;20260306
LOOK MUM NO COMPUTER;Eins, Zwei, Drei;2766;2766;0.003;20260306
ANOTR;Talk To You;2749;2749;0.003;20260306
David Guetta;Gone Gone Gone;2746;-493;0.869;20260306
Teddy Swims;Gone Gone Gone;2746;-493;0.869;20260306
Tones And I;Gone Gone Gone;2746;-493;0.869;20260306
The Goo Goo Dolls;Iris;2724;-151;1.666;20260306
Disney;Zoo;2712;-600;0.282;20260306
Shakira;Zoo;2712;-600;0.282;20260306
Micah Tyler;Perfectly;2658;-759;0.014;20260306
Shakira;Zoo;2648;789;0.455;20260306
Disturbed;The Sound of Silence;2644;1215;10.202;20260306
aespa;ATTITUDE;2643;2643;0.003;20260306
Ado;Vivarium;2564;-80;0.031;20260306
Luke Combs;Be By You;2519;-632;0.088;20260306
From Ashes to New;Die for You;2488;2488;0.002;20260306
Kip Moore;Levee;2390;2390;0.002;20260306
Shoshana Bean;Let Me Believe;2334;-1024;0.014;20260306
Delta Goodrem;Eclipse;2326;-546;0.02;20260306
Armin van Buuren;Always You;2285;740;0.02;20260306
Richard Durand;Always You;2285;740;0.02;20260306
Dicosis;Always You;2285;740;0.02;20260306
BLACKPINK;Champion;2284;-690;0.038;20260306
Sarah Engels;Fire;2219;483;0.028;20260306
Billie Eilish;BIRDS OF A FEATHER;2212;-341;5.736;20260306
Lola Young;Messy;2205;-1877;3.992;20260306
Bishop Briggs;River;2161;-330;0.184;20260306
Noah Kahan;The Great Divide;2130;-16;0.085;20260306
HAVEN.;I Run;2114;-648;0.348;20260306
Kaitlin Aragon;I Run;2114;-648;0.348;20260306
Benson Boone;Beautiful Things;2076;113;7.031;20260306
Sonny Fodera;Think About Us;2044;814;0.239;20260306
D.O.D;Think About Us;2044;814;0.239;20260306
Poppy Baskcomb;Think About Us;2044;814;0.239;20260306
稲葉浩志;タッチ;2003;2003;0.002;20260306
Mike Posner;I Went Back To Ibiza;1976;1976;0.002;20260306
Felix Jaehn;boy you turn me;1960;1960;0.002;20260306
Cascada;boy you turn me;1960;1960;0.002;20260306
Damon Price;I Was a Kid;1951;-447;0.03;20260306
T.I.;LET 'EM KNOW;1942;324;0.071;20260306
Tommee Profitt;Nothing But The Blood;1901;1901;0.002;20260306
Jeremy Rosado;Nothing But The Blood;1901;1901;0.002;20260306
Myles Smith;Drive Safe;1893;-476;0.096;20260306
Niall Horan;Drive Safe;1893;-476;0.096;20260306
Harry Styles;Coming Up Roses;1873;1873;0.002;20260306
Ac/Dc;Thunderstruck;1867;-228;3.932;20260306
TRAP MAFIA HOUSE;Mafia Style;1850;548;0.052;20260306
Chappell Roan;Pink Pony Club;1844;481;2.586;20260306
Noam Bettan;Michelle;1835;1835;0.002;20260306
כאן - תאגיד השידור הישראלי;Michelle;1835;1835;0.002;20260306
ICE NINE KILLS;Twisting The Knife;1832;-176;0.051;20260306
Dermot Kennedy;Funeral;1823;-46;0.07;20260306
HWASA;Good Goodbye;1812;251;0.312;20260306
Sevendust;Unbreakable;1790;-1803;0.007;20260306
Hearts2Hearts;RUDE;1784;11;0.032;20260306
Lady Gaga;Always Remember Us This Way;1780;-910;9.308;20260306
Fujii Kaze;My Place;1778;1778;0.002;20260306
Shaboozey;A Bar Song;1766;-267;4.65;20260306
Owen James;When I Stand;1700;1533;0.002;20260306
JoJo Siwa;I'm Still Dancin';1689;1689;0.002;20260306
RAYE;Nightingale Lane.;1678;-334;0.035;20260306
Teddy Swims;Lose Control;1665;-688;7.241;20260306
Nicholas Britell;Succession;1660;398;0.365;20260306
Christina Perri;A Thousand Years;1660;81;8.139;20260306
HUGEL;Jamaican;1643;522;0.18;20260306
SOLTO (FR);Jamaican;1643;522;0.18;20260306
Becky G;Make It Count;1633;1633;0.002;20260306
YEONJUN;Make It Count;1633;1633;0.002;20260306
マイク・タワーズ;Make It Count;1633;1633;0.002;20260306
Beatrice Egli;Alibi;1631;-14;0.014;20260306
King Gnu;AIZO;1629;64;0.113;20260306
Luke Combs;Days Like These;1617;-111;0.191;20260306
BLACKPINK;JUMP;1606;-8;1.095;20260306
OUTLAW GOSPEL;HE'S THE ONLY ONE WHO CAN JUDGE ME;1600;-258;0.005;20260306
Zara Larsson;Midnight Sun;1597;-671;0.09;20260306
Gordo;Loco Loco;1593;624;0.025;20260306
Reinier Zonneveld;Loco Loco;1593;624;0.025;20260306
Journey;Don't Stop Believin';1567;-1020;3.56;20260306
Eminem;Lose Yourself;1560;275;3.652;20260306
Drake;NOKIA;1551;-666;1.772;20260306
ditonellapiaga;Che fastidio;1509;-83;0.017;20260306
Mr.Children;Ubugoe;1508;-60;0.005;20260306
Disco Lines;No Broke Boys;1501;223;1.21;20260306
Tinashe;No Broke Boys;1501;223;1.21;20260306
Tyla;CHANEL;1491;73;0.379;20260306
It's Just Paz;Closer;1479;1479;0.001;20260306
RADWIMPS;Seikai;1479;-59;0.155;20260306
Mrs. GREEN APPLE;lulu.;1475;25;0.094;20260306
Bad Bunny;BAILE INoLVIDABLE;1461;177;0.419;20260306
Olivia Dean;Nice To Each Other;1461;-202;0.46;20260306
Ella Langley;Dandelion;1459;-137;0.079;20260306
GroßstadtEngel;Gute Laune;1458;-759;0.277;20260306
Snow Man;odorouze;1450;-58;0.017;20260306
Mumford & Sons;Here;1422;-73;0.024;20260306
Chris Stapleton;Here;1422;-73;0.024;20260306
Kenshi Yonezu;IRIS OUT;1414;-197;0.306;20260306
Puretone;Addicted to Bass;1400;1400;0.001;20260306
Mr.Children;Again;1395;-84;0.06;20260306
Sarah Connor;Interstellar;1381;1381;0.001;20260306
Gravel;Lord, Are The Gates Still Open;1379;1379;0.001;20260306
Grace;Lord, Are The Gates Still Open;1379;1379;0.001;20260306
Angèle;What You Want;1369;-353;0.015;20260306
Justice;What You Want;1369;-353;0.015;20260306
Sarah Connor;Sex im Blick;1368;1368;0.001;20260306
Justė;Turn The Lights Off;1359;75;0.042;20260306
Jaxstyle;Turn The Lights Off;1359;75;0.042;20260306
Jon;Turn The Lights Off;1359;75;0.042;20260306
Alphaville;Forever Young;1357;87;1.255;20260306
Creedence Clearwater Revival;Have You Ever Seen the Rain;1342;823;0.847;20260306
Sarah Connor;Zusammen ist man weniger kaputt;1332;-313;0.011;20260306
M!LK;Sukisugite METSU;1315;-107;0.155;20260306
Samurai Jay;OSSESSIONE;1310;-33;0.013;20260306
ZXKAI;NO BATIDÃO;1307;-862;0.073;20260306
slxughter;NO BATIDÃO;1307;-862;0.073;20260306
Charli xcx;Chains of Love;1306;-978;0.134;20260306
Yseult;Freak;1272;1272;0.001;20260306
Bruno Mars;Cha Cha Cha;1268;-121;0.022;20260306
The Childish;This Has to Stop;1265;423;0.008;20260306
Sarah Connor;La Ventana;1265;1265;0.001;20260306
M!LK;Bakuretsu Aishiteru;1265;-103;0.036;20260306
ヨルシカ;千鳥;1263;1263;0.001;20260306
BLACKPINK;Me and my;1257;-56;0.026;20260306
Fangoria;Me voy;1231;-239;0.004;20260306
Aitana;SUPERESTRELLA;1224;-115;0.14;20260306
sakanaction;IRANAI;1217;253;0.026;20260306
Laura;Ach was, ich wag das;1209;1209;0.001;20260306
Mark;Ach was, ich wag das;1209;1209;0.001;20260306
Manuel Turizo;Apambichao;1198;1198;0.001;20260306
Maluma;Apambichao;1198;1198;0.001;20260306
ZORN;Jimoto LOVE;1193;-72;0.025;20260306
Ringlstetter;LENZ;1187;1187;0.001;20260306
Fedez;MALE NECESSARIO;1177;31;0.016;20260306
Marco Masini;MALE NECESSARIO;1177;31;0.016;20260306
Mrs. Green Apple;Bokuno Koto;1170;-209;0.598;20260306
Ella Langley;you look like you love me;1162;-34;1.063;20260306
Riley Green;you look like you love me;1162;-34;1.063;20260306
Bonnie Tyler;Holding Out for a Hero;1162;1162;0.204;20260306
Max McNown;Done For;1153;-547;0.025;20260306
ECHOVIBE;Real Love;1152;130;0.015;20260306
ROSALÍA;La Perla;1151;-1377;0.266;20260306
Yahritza Y Su Esencia;La Perla;1151;-1377;0.266;20260306
Neil Diamond;Sweet Caroline;1148;542;1.382;20260306
Rodrigo Amarante;Tuyo;1146;-175;0.416;20260306
Achille Lauro;Perdutamente;1143;-198;0.093;20260306
HANA;ALL IN;1125;-92;0.017;20260306
Ed Sheeran;Sapphire;1122;-546;2.018;20260306
Flugpoet1;Das ist mein Weg;1107;477;0.005;20260306
Aaron Watson;Same Here;1104;1104;0.001;20260306
sumika;Honto;1104;-66;0.02;20260306
Dean Lewis;Enjoy It While It Lasts;1104;1104;0.001;20260306
Torsten Vibes;Bleib noch;1094;1094;0.001;20260306
The Original Cast of 'Paddington The Musical';Marmalade;1083;-520;0.003;20260306
Fäaschtbänkler;Nimm das Leben nicht zu ernst;1083;1083;0.001;20260306
Alexander Eder;Nimm das Leben nicht zu ernst;1083;1083;0.001;20260306
Mr.Children;Saturday;1083;-312;0.017;20260306
Bad Bunny;EoO;1076;-137;0.196;20260306
Bleu Soleil;Soleil Bleu;1070;-646;0.559;20260306
LUIZA;Soleil Bleu;1070;-646;0.559;20260306
ZUTOMAYO;yomosugara;1062;577;0.002;20260306
Sal da Vinci;Rossetto e caffè;1060;438;0.31;20260306
sakanaction;Kaiju;1055;14;0.38;20260306
James Hype;Be Mine;1055;1055;0.001;20260306
BINI;Unang Kilig;1046;1046;0.001;20260306
Roland Kaiser;Ich frag für einen Freund;1041;1041;0.001;20260306
Motoki Ohmori;0.2mm;1041;149;0.013;20260306
Snow Man;CHARISMAX;1021;-104;0.241;20260306
Harry Styles;As It Was;1020;236;6.635;20260306
Layah Noir;Que Hablen de Mí;1020;957;0.001;20260306
disiz;melodrama;1011;57;0.16;20260306
Theodora;melodrama;1011;57;0.16;20260306
Kate Bush;Running Up That Hill;1007;-19;2.638;20260306
Paramount+ AU;All Fired Up;1002;-320;0.009;20260306
Sakura Miko;Fashion Beat;1002;1002;0.001;20260306
December 10;Angel;994;994;0.001;20260306
Kygo;Save My Love;994;-277;0.03;20260306
Khalid;Save My Love;994;-277;0.03;20260306
Gryffin;Save My Love;994;-277;0.03;20260306
Evanescence;Bring Me to Life;993;211;1.586;20260306
Ed Sheeran;Camera;987;342;0.274;20260306
Bebe Rexha;New Religion;15570;2760;0.028;20260307
Faithless;New Religion;15570;2760;0.028;20260307
Bruno Mars;I Just Might;14753;-80;0.899;20260307
Taylor Swift;The Fate of Ophelia;13622;313;2.629;20260307
HUNTR/X;Golden;12554;365;4.039;20260307
EJAE;Golden;12554;365;4.039;20260307
AUDREY NUNA;Golden;12554;365;4.039;20260307
REI AMI;Golden;12554;365;4.039;20260307
KPop Demon Hunters Cast;Golden;12554;365;4.039;20260307
RAYE;WHERE IS MY HUSBAND;11932;212;1.812;20260307
Harry Styles;Aperture;11916;357;0.381;20260307
Peter Gregson;360;11345;-481;0.064;20260307
Bruno Mars;Risk It All;10920;-15;0.11;20260307
Jennifer Lopez;Save Me Tonight;10433;1210;0.02;20260307
David Guetta;Save Me Tonight;10433;1210;0.02;20260307
Alex Warren;Ordinary;10265;-401;4.953;20260307
Taylor Swift;Opalite;10064;1670;1.323;20260307
Conrad Taylor;Berghain;9463;9463;0.009;20260307
ROSALÍA;Berghain;9463;9463;0.009;20260307
Björk;Berghain;9463;9463;0.009;20260307
Yves Tumor;Berghain;9463;9463;0.009;20260307
Alex Warren;FEVER DREAM;8983;-208;0.103;20260307
Harry Styles;American Girls;8726;4444;0.013;20260307
mikeeysmind;Papaoutai;8580;-246;0.541;20260307
Chill77;Papaoutai;8580;-246;0.541;20260307
Unjaps;Papaoutai;8580;-246;0.541;20260307
Olivia Dean;Man I Need;8547;621;1.836;20260307
Olivia Dean;So Easy;6765;-1335;0.951;20260307
Maphra;Doomed;6762;-53;0.02;20260307
Bad Bunny;DtMF;6616;1081;0.883;20260307
Djo;End of Beginning;6589;447;1.506;20260307
Ella Langley;Choosin' Texas;5845;141;0.608;20260307
Depeche Mode;Universal Soldier;5727;600;0.011;20260307
War Child Records;Universal Soldier;5727;600;0.011;20260307
Anita Ward;Ring My Bell;5643;-170;0.047;20260307
Lady Gaga;Die With A Smile;5417;-380;7.169;20260307
Bruno Mars;Die With A Smile;5417;-380;7.169;20260307
SIENNA SPIRO;Die On This Hill;5390;597;0.404;20260307
The Second Voice;LET ME BE;5213;821;0.072;20260307
Bad Bunny;NUEVAYoL;4938;89;0.715;20260307
ANOTR;Talk To You;4759;2010;0.008;20260307
Zara Larsson;Lush Life;4707;1348;2.408;20260307
Bad Bunny;Tití Me Preguntó;4653;611;0.753;20260307
JENNIE;like JENNIE;4539;-2704;0.454;20260307
Harry Styles;Coming Up Roses;4484;2611;0.006;20260307
sombr;Homewrecker;4191;-46;0.116;20260307
PinkPantheress;Stateside;4168;41;0.085;20260307
GIRLSET;Tweak;4090;-589;0.009;20260307
sombr;12 to 12;3748;-723;0.894;20260307
The Warning;Kerosene;3745;-1904;0.009;20260307
Sam Fender;Rein Me In;3639;479;0.318;20260307
Olivia Dean;Rein Me In;3639;479;0.318;20260307
David Guetta;Gone Gone Gone;3580;834;0.873;20260307
Teddy Swims;Gone Gone Gone;3580;834;0.873;20260307
Tones And I;Gone Gone Gone;3580;834;0.873;20260307
Sal da Vinci;Per sempre sì;3557;-522;0.059;20260307
Disney;Zoo;3555;843;0.286;20260307
Shakira;Zoo;3555;843;0.286;20260307
Kato;Turn the Lights Off;3540;29;0.263;20260307
Jon;Turn the Lights Off;3540;29;0.263;20260307
Independentmusicart;Black Sheep;3521;2857;0.082;20260307
ROSALÍA;Berghain;3508;-1368;0.504;20260307
Björk;Berghain;3508;-1368;0.504;20260307
Yves Tumor;Berghain;3508;-1368;0.504;20260307
Benson Boone;Beautiful Things;3229;1153;7.034;20260307
Sia;Unstoppable;3188;-406;7.435;20260307
Bob Sinclar;I Can't Wait;3152;-132;0.021;20260307
Kiesza;I Can't Wait;3152;-132;0.021;20260307
Oasis;Acquiesce;3063;-2674;0.009;20260307
War Child Records;Acquiesce;3063;-2674;0.009;20260307
Eminem;Lose Yourself;2995;1435;3.655;20260307
The Goo Goo Dolls;Iris;2987;263;1.669;20260307
ARASHI;Five;2926;-567;0.018;20260307
Ella Langley;Be Her;2923;-161;0.088;20260307
Shakira;ALGO TÚ;2923;-886;0.011;20260307
Beéle;ALGO TÚ;2923;-886;0.011;20260307
Luke Combs;Be By You;2834;315;0.091;20260307
Luke Combs;Sleepless in a Hotel Room;2833;-240;0.206;20260307
HAVEN.;I Run;2808;694;0.351;20260307
Kaitlin Aragon;I Run;2808;694;0.351;20260307
Gravel;Lord, Are The Gates Still Open;2785;1406;0.004;20260307
Grace;Lord, Are The Gates Still Open;2785;1406;0.004;20260307
BLACKPINK;GO;2771;-1131;0.08;20260307
JENNIE;Damn Right;2713;-2104;0.008;20260307
Sarah Connor;Interstellar;2670;-132;0.005;20260307
Sido;Interstellar;2670;-132;0.005;20260307
Ac/Dc;Thunderstruck;2610;743;3.935;20260307
ZXKAI;NO BATIDÃO;2581;1274;0.076;20260307
slxughter;NO BATIDÃO;2581;1274;0.076;20260307
Owen James;When I Stand;2569;869;0.004;20260307
Shakira;Zoo;2547;-101;0.458;20260307
Mike Posner;I Went Back To Ibiza;2541;565;0.005;20260307
RAYE;Nightingale Lane.;2477;799;0.037;20260307
JENNIE;Love Hangover;2470;-1402;0.006;20260307
sombr;back to friends;2438;-868;0.516;20260307
BLACKPINK;Champion;2420;136;0.04;20260307
Delta Goodrem;Eclipse;2378;52;0.023;20260307
Dave;Raindance;2329;-631;0.209;20260307
Tems;Raindance;2329;-631;0.209;20260307
JENNIE;ExtraL;2327;-1978;0.007;20260307
Cody Johnson;Blame Texas;2300;-486;0.01;20260307
JENNIE;Handlebars;2245;-1043;0.006;20260307
Gordo;Loco Loco;2243;650;0.028;20260307
Reinier Zonneveld;Loco Loco;2243;650;0.028;20260307
ROSÉ;APT.;2241;-662;6.266;20260307
Bruno Mars;APT.;2241;-662;6.266;20260307
Disturbed;The Sound of Silence;2232;-412;10.204;20260307
Monroe;REGARDE;2229;2229;0.002;20260307
Journey;Don't Stop Believin';2225;658;3.562;20260307
Disco Lines;No Broke Boys;2205;704;1.212;20260307
Tinashe;No Broke Boys;2205;704;1.212;20260307
Micah Tyler;Perfectly;2179;-479;0.017;20260307
Kate Bush;Running Up That Hill;2120;1113;2.641;20260307
Dermot Kennedy;Funeral;2098;275;0.072;20260307
Sarah Engels;Fire;2087;-132;0.03;20260307
Armin van Buuren;Always You;2058;-227;0.022;20260307
Richard Durand;Always You;2058;-227;0.022;20260307
Dicosis;Always You;2058;-227;0.022;20260307
Gravel;Do You Hear Me Lord;2019;1753;0.002;20260307
Grace;Do You Hear Me Lord;2019;1753;0.002;20260307
Lady Gaga;Always Remember Us This Way;1951;171;9.31;20260307
Harry Styles;Pop;1946;1210;0.003;20260307
aespa;ATTITUDE;1944;-699;0.005;20260307
稲葉浩志;タッチ;1942;-61;0.004;20260307
TRAP MAFIA HOUSE;Mafia Style;1918;68;0.054;20260307
Myles Smith;Drive Safe;1918;25;0.098;20260307
Niall Horan;Drive Safe;1918;25;0.098;20260307
Felix Jaehn;boy you turn me;1905;-55;0.004;20260307
Cascada;boy you turn me;1905;-55;0.004;20260307
Damon Price;I Was a Kid;1894;-57;0.032;20260307
LOOK MUM NO COMPUTER;Eins, Zwei, Drei;1886;-880;0.005;20260307
Teddy Swims;Lose Control;1878;213;7.243;20260307
Billie Eilish;BIRDS OF A FEATHER;1876;-336;5.738;20260307
Mrs. GREEN APPLE;lulu.;1874;399;0.096;20260307
Anthony Vincent;Wrecking Ball;1869;1869;0.002;20260307
Mac Glocky;Wrecking Ball;1869;1869;0.002;20260307
Fujii Kaze;My Place;1849;71;0.004;20260307
Chappell Roan;Pink Pony Club;1797;-47;2.587;20260307
Noah Kahan;The Great Divide;1796;-334;0.087;20260307
Ado;Vivarium;1774;-790;0.033;20260307
Shaboozey;A Bar Song;1772;6;4.652;20260307
Hearts2Hearts;RUDE;1770;-14;0.034;20260307
Zara Larsson;Midnight Sun;1766;169;0.091;20260307
HUGEL;Jamaican;1743;100;0.182;20260307
SOLTO (FR);Jamaican;1743;100;0.182;20260307
Kip Moore;Levee;1723;-667;0.004;20260307
Dom Dolla;Addicted to Bass;1711;1711;0.002;20260307
Puretone;Addicted to Bass;1711;1711;0.002;20260307
Beatrice Egli;Alibi;1655;24;0.015;20260307
Olivia Dean;Nice To Each Other;1647;186;0.462;20260307
From Ashes to New;Die for You;1640;-848;0.004;20260307
HWASA;Good Goodbye;1612;-200;0.314;20260307
Kenshi Yonezu;IRIS OUT;1596;182;0.308;20260307
T.I.;LET 'EM KNOW;1585;-357;0.072;20260307
Tyla;CHANEL;1551;60;0.381;20260307
Mumford & Sons;Here;1518;96;0.025;20260307
Chris Stapleton;Here;1518;96;0.025;20260307
King Gnu;AIZO;1513;-116;0.114;20260307
Mr.Children;Ubugoe;1508;0;0.006;20260307
Miley Cyrus;Flowers;1493;680;7.55;20260307
Survivor;Eye of the Tiger;1482;934;2.397;20260307
Angèle;What You Want;1482;113;0.017;20260307
Justice;What You Want;1482;113;0.017;20260307
Bad Bunny;BAILE INoLVIDABLE;1467;6;0.421;20260307
Tame Impala;Dracula;1465;854;0.041;20260307
JENNIE;Dracula;1465;854;0.041;20260307
Becky G;Make It Count;1456;1456;0.001;20260307
YEONJUN;Make It Count;1456;1456;0.001;20260307
Myke Towers;Make It Count;1456;1456;0.001;20260307
Snow Man;odorouze;1450;0;0.019;20260307
Luke Combs;Days Like These;1442;-175;0.193;20260307
OUTLAW GOSPEL;HE'S THE ONLY ONE WHO CAN JUDGE ME;1439;-161;0.007;20260307
Sonny Fodera;Think About Us;1431;-613;0.241;20260307
D.O.D;Think About Us;1431;-613;0.241;20260307
Poppy Baskcomb;Think About Us;1431;-613;0.241;20260307
Roland Kaiser;Ich frag für einen Freund;1422;381;0.002;20260307
THE FUTARI TRAVELER;Ring Ring Ring no Maho;1422;1422;0.001;20260307
Yorushika;Plover;1417;1417;0.003;20260307
Gorillaz;Orange County;1416;493;0.064;20260307
Fäaschtbänkler;Nimm das Leben nicht zu ernst;1406;323;0.002;20260307
Alexander Eder;Nimm das Leben nicht zu ernst;1406;323;0.002;20260307
David Guetta;Titanium;1380;1006;10.298;20260307
Sia;Titanium;1380;1006;10.298;20260307
J-Ax;ITALIA STARTER PACK;1374;562;0.014;20260307
Kate Ryan;Désenchantée;1373;969;0.04;20260307
RADWIMPS;Seikai;1368;-111;0.157;20260307
Bleu Soleil;Soleil Bleu;1367;297;0.561;20260307
LUIZA;Soleil Bleu;1367;297;0.561;20260307
Rhy Elliot;I'm Okay but I'm Not;1357;805;0.015;20260307
It's Just Paz;Closer;1341;-138;0.003;20260307
M!LK;Sukisugite METSU;1341;26;0.156;20260307
Bella Kay;iloveitiloveitiloveit;1319;728;0.006;20260307
Mr.Children;Again;1315;-80;0.061;20260307
ditonellapiaga;Che fastidio;1272;-237;0.018;20260307
JoJo Siwa;I'm Still Dancin';1272;-417;0.003;20260307
Radiohead;Creep;1266;937;1.807;20260307
The Childish;This Has to Stop;1265;0;0.009;20260307
sumika;Honto;1265;161;0.021;20260307
Ed Sheeran;Sapphire;1257;135;2.02;20260307
Souled Out;Papaoutai;1253;777;0.008;20260307
Ella Langley;Dandelion;1241;-218;0.08;20260307
M!LK;Bakuretsu Aishiteru;1241;-24;0.037;20260307
ROSALÍA;La Perla;1224;73;0.267;20260307
Yahritza Y Su Esencia;La Perla;1224;73;0.267;20260307
sakanaction;IRANAI;1217;0;0.028;20260307
MEEK;Fabulous;1211;400;0.042;20260307
Kate Bush;Wuthering Heights;1195;495;0.417;20260307
Lola Young;Messy;1190;-1015;3.994;20260307
Harrison;All the Things She Said;1184;336;0.154;20260307
ReoNa;Yuiyuinouta;1177;1177;0.001;20260307
Rook;The Ash At 6:00 Pm;1170;1170;0.001;20260307
Flugpoet1;Das ist mein Weg;1151;44;0.006;20260307
Yseult;Freak;1147;-125;0.002;20260307
Nicholas Britell;Succession;1135;-525;0.366;20260307
Gorillaz;Feel Good Inc.;1135;347;0.032;20260307
De La Soul;Feel Good Inc.;1135;347;0.032;20260307
disiz;melodrama;1131;120;0.161;20260307
Theodora;melodrama;1131;120;0.161;20260307
Harry Styles;Ready, Steady, Go;1130;1060;0.001;20260307
Milky;Just The Way You Are;1127;343;0.013;20260307
Mall Grab;Just The Way You Are;1127;343;0.013;20260307
KATSEYE;Gabriela;1126;632;0.34;20260307
Dimitri Vegas;Makina Time;1124;591;0.027;20260307
Like Mike;Makina Time;1124;591;0.027;20260307
Marlon Hoffstadt;Makina Time;1124;591;0.027;20260307
DJ Konik;Makina Time;1124;591;0.027;20260307
Charli xcx;Chains of Love;1122;-184;0.135;20260307
Drake;NOKIA;1119;-432;1.773;20260307
Ella Langley;you look like you love me;1116;-46;1.064;20260307
Riley Green;you look like you love me;1116;-46;1.064;20260307
Ringlstetter;LENZ;1116;-71;0.002;20260307
The Cinematic Orchestra;To Build a Home;1112;299;0.143;20260307
Harry Styles;As It Was;1106;86;6.637;20260307
Evanescence;Bring Me to Life;1104;111;1.587;20260307
Sarah Connor;Sex im Blick;1104;-264;0.002;20260307
back number;Want Want Want;1104;246;0.076;20260307
Sevendust;Unbreakable;1093;-697;0.008;20260307
Fangoria;Me voy;1093;-138;0.005;20260307
Aarne;NOBODY;1084;144;0.016;20260307
Toxi$;NOBODY;1084;144;0.016;20260307
Big Baby Tape;NOBODY;1084;144;0.016;20260307
Tommee Profitt;Nothing But The Blood;1083;-818;0.003;20260307
Jeremy Rosado;Nothing But The Blood;1083;-818;0.003;20260307
Cain Walker;Don't Tread On Me;1083;178;0.277;20260307
Samurai Jay;OSSESSIONE;1083;-227;0.014;20260307
Snow Man;CHARISMAX;1083;62;0.242;20260307
Ed Sheeran;Camera;1078;91;0.275;20260307
DJ Shadow;Six Days;1078;668;0.074;20260307
Aitana;SUPERESTRELLA;1074;-150;0.141;20260307
Milky;Just the Way You Are;1073;361;0.014;20260307
HANA;ALL IN;1062;-63;0.018;20260307
Noam Bettan;Michelle;1059;-776;0.003;20260307
כאן - תאגיד השידור הישראלי;Michelle;1059;-776;0.003;20260307
ECHOVIBE;Real Love;1058;-94;0.016;20260307
Mrs. Green Apple;Bokuno Koto;1041;-129;0.599;20260307
Indila;Dernière danse;1035;845;1.904;20260307
Paramount+ AU;All Fired Up;1021;19;0.01;20260307
sakanaction;Kaiju;1021;-34;0.381;20260307
Senhit;Superstar;1017;859;0.001;20260307
Natasha Bedingfield;Unwritten;1006;439;0.984;20260307
Aerosmith;Dream On;1002;419;0.446;20260307
Bebe Rexha;New Religion;15474;-96;0.044;20260308
Faithless;New Religion;15474;-96;0.044;20260308
Bruno Mars;I Just Might;14201;-552;0.913;20260308
Taylor Swift;The Fate of Ophelia;13946;324;2.643;20260308
HUNTR/X;Golden;13137;583;4.052;20260308
EJAE;Golden;13137;583;4.052;20260308
AUDREY NUNA;Golden;13137;583;4.052;20260308
REI AMI;Golden;13137;583;4.052;20260308
KPop Demon Hunters Cast;Golden;13137;583;4.052;20260308
Peter Gregson;360;12301;956;0.076;20260308
Bruno Mars;Risk It All;11986;1066;0.122;20260308
RAYE;WHERE IS MY HUSBAND;11776;-156;1.823;20260308
Harry Styles;Aperture;10797;-1119;0.392;20260308
Alex Warren;Ordinary;10379;114;4.963;20260308
Taylor Swift;Opalite;9874;-190;1.333;20260308
Harry Styles;American Girls;9290;564;0.022;20260308
Olivia Dean;Man I Need;9163;616;1.846;20260308
mikeeysmind;Papaoutai;8936;356;0.55;20260308
Chill77;Papaoutai;8936;356;0.55;20260308
Unjaps;Papaoutai;8936;356;0.55;20260308
Conrad Taylor;Berghain;8891;-572;0.018;20260308
ROSALÍA;Berghain;8891;-572;0.018;20260308
Björk;Berghain;8891;-572;0.018;20260308
Yves Tumor;Berghain;8891;-572;0.018;20260308
Alex Warren;FEVER DREAM;8532;-451;0.112;20260308
Jennifer Lopez;Save Me Tonight;8416;-2017;0.028;20260308
David Guetta;Save Me Tonight;8416;-2017;0.028;20260308
Olivia Dean;So Easy;7584;819;0.959;20260308
Djo;End of Beginning;6890;301;1.513;20260308
Bad Bunny;DtMF;6360;-256;0.889;20260308
Ella Langley;Choosin' Texas;6256;411;0.614;20260308
Lady Gaga;Die With A Smile;5958;541;7.175;20260308
Bruno Mars;Die With A Smile;5958;541;7.175;20260308
Anita Ward;Ring My Bell;5761;118;0.052;20260308
sombr;12 to 12;5309;1561;0.899;20260308
Zara Larsson;Lush Life;5084;377;2.413;20260308
GIRLSET;Tweak;5035;945;0.014;20260308
SIENNA SPIRO;Die On This Hill;4954;-436;0.409;20260308
Bad Bunny;NUEVAYoL;4713;-225;0.72;20260308
Sia;Unstoppable;4663;1475;7.44;20260308
Harry Styles;Coming Up Roses;4579;95;0.011;20260308
PinkPantheress;Stateside;4545;377;0.09;20260308
Depeche Mode;Universal Soldier;4541;-1186;0.015;20260308
War Child Records;Universal Soldier;4541;-1186;0.015;20260308
sombr;Homewrecker;4454;263;0.121;20260308
The Second Voice;LET ME BE;4202;-1011;0.077;20260308
David Guetta;Gone Gone Gone;4136;556;0.877;20260308
Teddy Swims;Gone Gone Gone;4136;556;0.877;20260308
Tones And I;Gone Gone Gone;4136;556;0.877;20260308
Bad Bunny;Tití Me Preguntó;4092;-561;0.757;20260308
Independentmusicart;Black Sheep;3820;299;0.086;20260308
Maphra;Doomed;3787;-2975;0.024;20260308
Benson Boone;Beautiful Things;3691;462;7.038;20260308
Sam Fender;Rein Me In;3597;-42;0.322;20260308
Olivia Dean;Rein Me In;3597;-42;0.322;20260308
Ella Langley;Be Her;3584;661;0.092;20260308
ROSALÍA;Berghain;3543;35;0.507;20260308
Björk;Berghain;3543;35;0.507;20260308
Yves Tumor;Berghain;3543;35;0.507;20260308
HAVEN.;I Run;3302;494;0.354;20260308
Kaitlin Aragon;I Run;3302;494;0.354;20260308
Ac/Dc;Thunderstruck;3200;590;3.938;20260308
Kato;Turn the Lights Off;3146;-394;0.266;20260308
Jon;Turn the Lights Off;3146;-394;0.266;20260308
sombr;back to friends;3137;699;0.519;20260308
Dave;Raindance;3116;787;0.212;20260308
Tems;Raindance;3116;787;0.212;20260308
Sal da Vinci;Per sempre sì;3114;-443;0.062;20260308
Luke Combs;Sleepless in a Hotel Room;3041;208;0.209;20260308
Shakira;Zoo;3015;468;0.461;20260308
ZXKAI;NO BATIDÃO;3010;429;0.079;20260308
slxughter;NO BATIDÃO;3010;429;0.079;20260308
JENNIE;like JENNIE;2988;-1551;0.457;20260308
The Goo Goo Dolls;Iris;2910;-77;1.672;20260308
Luke Combs;Be By You;2897;63;0.094;20260308
Harry Styles;Sign of the Times;2859;2225;4.556;20260308
Disney;Zoo;2858;-697;0.288;20260308
Shakira;Zoo;2858;-697;0.288;20260308
ARASHI;Five;2836;-90;0.021;20260308
Myles Smith;Drive Safe;2803;885;0.1;20260308
Niall Horan;Drive Safe;2803;885;0.1;20260308
ROSÉ;APT.;2684;443;6.269;20260308
Bruno Mars;APT.;2684;443;6.269;20260308
YUTA;PLAY BACK TV size;2573;2573;0.003;20260308
Bob Sinclar;I Can't Wait;2527;-625;0.023;20260308
Kiesza;I Can't Wait;2527;-625;0.023;20260308
Journey;Don't Stop Believin';2482;257;3.564;20260308
Kate Bush;Wuthering Heights;2434;1239;0.419;20260308
Shakira;ALGO TÚ;2402;-521;0.014;20260308
Beéle;ALGO TÚ;2402;-521;0.014;20260308
Disturbed;The Sound of Silence;2392;160;10.207;20260308
ANOTR;Talk To You;2351;-2408;0.01;20260308
Sarah Connor;Interstellar;2347;-323;0.008;20260308
Sido;Interstellar;2347;-323;0.008;20260308
Mike Posner;I Went Back To Ibiza;2332;-209;0.007;20260308
Johannes Oerding;Märchen aus Hollywood;2264;1770;0.028;20260308
Sarah Connor;Märchen aus Hollywood;2264;1770;0.028;20260308
Shaboozey;A Bar Song;2221;449;4.654;20260308
Lola Young;Messy;2217;1027;3.996;20260308
Noah Kahan;The Great Divide;2213;417;0.089;20260308
Damon Price;I Was a Kid;2189;295;0.034;20260308
Owen James;When I Stand;2164;-405;0.007;20260308
Eminem;Lose Yourself;2128;-867;3.658;20260308
The Warning;Kerosene;2103;-1642;0.011;20260308
Lady Gaga;Always Remember Us This Way;2059;108;9.312;20260308
Ed Sheeran;Sapphire;2013;756;2.022;20260308
Sarah Engels;Fire;1998;-89;0.032;20260308
Dermot Kennedy;Funeral;1995;-103;0.074;20260308
Cody Johnson;Blame Texas;1980;-320;0.012;20260308
BLACKPINK;Champion;1980;-440;0.042;20260308
Olivia Dean;Nice To Each Other;1978;331;0.464;20260308
Ella Langley;you look like you love me;1939;823;1.066;20260308
Riley Green;you look like you love me;1939;823;1.066;20260308
Monroe;REGARDE;1936;-293;0.004;20260308
Chappell Roan;Pink Pony Club;1911;114;2.589;20260308
Anthony Vincent;Wrecking Ball;1854;-15;0.004;20260308
Mac Glocky;Wrecking Ball;1854;-15;0.004;20260308
Christina Perri;A Thousand Years;1834;1160;8.142;20260308
Mrs. GREEN APPLE;lulu.;1810;-64;0.097;20260308
Bad Bunny;BAILE INoLVIDABLE;1801;334;0.423;20260308
Oasis;Acquiesce;1775;-1288;0.011;20260308
War Child Records;Acquiesce;1775;-1288;0.011;20260308
稲葉浩志;タッチ;1771;-171;0.006;20260308
Ado;Vivarium;1766;-8;0.035;20260308
BLACKPINK;GO;1755;-1016;0.082;20260308
Billie Eilish;BIRDS OF A FEATHER;1741;-135;5.74;20260308
KATSEYE;Gabriela;1738;612;0.342;20260308
TRAP MAFIA HOUSE;Mafia Style;1731;-187;0.056;20260308
FELICIA;My System;1717;1334;0.011;20260308
Teddy Swims;Lose Control;1703;-175;7.244;20260308
Hearts2Hearts;RUDE;1672;-98;0.035;20260308
Gordo;Loco Loco;1670;-573;0.029;20260308
Reinier Zonneveld;Loco Loco;1670;-573;0.029;20260308
Fujii Kaze;My Place;1647;-202;0.005;20260308
Tyla;CHANEL;1628;77;0.383;20260308
Luke Combs;Days Like These;1628;186;0.194;20260308
GroßstadtEngel;Gute Laune;1614;627;0.28;20260308
Ella Langley;Dandelion;1611;370;0.081;20260308
Harry Styles;Pop;1606;-340;0.004;20260308
Gorillaz;Clint Eastwood;1600;1495;0.101;20260308
Mumford & Sons;Here;1593;75;0.027;20260308
Chris Stapleton;Here;1593;75;0.027;20260308
Delta Goodrem;Eclipse;1569;-809;0.024;20260308
Micah Tyler;Perfectly;1567;-612;0.018;20260308
ROSALÍA;La Perla;1554;330;0.269;20260308
Yahritza Y Su Esencia;La Perla;1554;330;0.269;20260308
Sonny Fodera;Think About Us;1540;109;0.242;20260308
D.O.D;Think About Us;1540;109;0.242;20260308
Poppy Baskcomb;Think About Us;1540;109;0.242;20260308
T.I.;LET 'EM KNOW;1538;-47;0.074;20260308
Aitana;SUPERESTRELLA;1538;464;0.142;20260308
Miley Cyrus;Flowers;1535;42;7.552;20260308
Armin van Buuren;Always You;1518;-540;0.023;20260308
Richard Durand;Always You;1518;-540;0.023;20260308
Dicosis;Always You;1518;-540;0.023;20260308
JENNIE;Damn Right;1516;-1197;0.009;20260308
Maher Zain;Qalbi Fil Madinah;1515;680;0.08;20260308
Harris J;Qalbi Fil Madinah;1515;680;0.08;20260308
Mumford & Sons;Rubber Band Man;1509;865;0.145;20260308
Hozier;Rubber Band Man;1509;865;0.145;20260308
Kate Ryan;Désenchantée;1508;135;0.042;20260308
The Killers;Mr. Brightside;1507;1086;1.611;20260308
Don Toliver;Lose My Mind;1503;1086;0.373;20260308
Léman;Les étoiles;1500;1500;0.024;20260308
Neil Diamond;Sweet Caroline;1493;736;1.384;20260308
Mr.Children;Ubugoe;1479;-29;0.008;20260308
King Gnu;AIZO;1435;-78;0.116;20260308
Angèle;What You Want;1423;-59;0.018;20260308
Justice;What You Want;1423;-59;0.018;20260308
sumika;Honto;1422;157;0.023;20260308
Gorillaz;Feel Good Inc.;1412;277;0.034;20260308
De La Soul;Feel Good Inc.;1412;277;0.034;20260308
Felix Jaehn;boy you turn me;1382;-523;0.005;20260308
Cascada;boy you turn me;1382;-523;0.005;20260308
Fedez;MALE NECESSARIO;1382;520;0.019;20260308
Marco Masini;MALE NECESSARIO;1382;520;0.019;20260308
ditonellapiaga;Che fastidio;1377;105;0.019;20260308
LOOK MUM NO COMPUTER;Eins, Zwei, Drei;1376;-510;0.006;20260308
The Childish;This Has to Stop;1368;103;0.011;20260308
Snow Man;odorouze;1368;-82;0.02;20260308
HWASA;Good Goodbye;1365;-247;0.315;20260308
Tame Impala;Dracula;1363;-102;0.043;20260308
JENNIE;Dracula;1363;-102;0.043;20260308
Puretone;Addicted to Bass;1363;1363;0.003;20260308
ちゃんみな;Let you go;1356;1356;0.001;20260308
Metallica;Enter Sandman;1342;505;1.583;20260308
RADWIMPS;Seikai;1341;-27;0.158;20260308
Tears for Fears;Everybody Wants to Rule the World;1323;876;0.969;20260308
Disco Lines;No Broke Boys;1319;-886;1.213;20260308
Tinashe;No Broke Boys;1319;-886;1.213;20260308
Sarah Connor;Das schönste Mädchen der Welt;1313;1150;0.037;20260308
Johannes Oerding;Mehr Glück als Verstand;1313;631;0.012;20260308
SEOK MATTHEW;Let’s Just Go;1312;1312;0.001;20260308
KIM TAE RAE;Let’s Just Go;1312;1312;0.001;20260308
PARK GUNWOOK;Let’s Just Go;1312;1312;0.001;20260308
Bleu Soleil;Soleil Bleu;1304;-63;0.562;20260308
LUIZA;Soleil Bleu;1304;-63;0.562;20260308
Samurai Jay;OSSESSIONE;1301;218;0.015;20260308
Yorushika;Plover;1298;-119;0.005;20260308
Mr.Children;Again;1290;-25;0.062;20260308
Cain Walker;Don't Tread On Me;1282;199;0.278;20260308
Zara Larsson;Midnight Sun;1281;-485;0.093;20260308
RAYE;Nightingale Lane.;1271;-1206;0.038;20260308
Johannes Oerding;Sonntag;1269;998;0.017;20260308
米津玄師;IRIS OUT;1265;1265;0.069;20260308
Alphaville;Forever Young;1262;563;1.257;20260308
Sabrina Carpenter;Manchild;1251;608;0.812;20260308
disiz;melodrama;1251;120;0.162;20260308
Theodora;melodrama;1251;120;0.162;20260308
J-Ax;ITALIA STARTER PACK;1246;-128;0.015;20260308
BTS;First Love;1243;1154;0.015;20260308
M!LK;Sukisugite METSU;1241;-100;0.158;20260308
HUGEL;Jamaican;1239;-504;0.183;20260308
SOLTO (FR);Jamaican;1239;-504;0.183;20260308
Brian Tyler;Formula 1 Theme;1233;239;0.129;20260308
aespa;ATTITUDE;1230;-714;0.006;20260308
M!LK;Bakuretsu Aishiteru;1217;-24;0.038;20260308
Gravel;Lord, Are The Gates Still Open;1206;-1579;0.005;20260308
Grace;Lord, Are The Gates Still Open;1206;-1579;0.005;20260308
Kate Bush;Running Up That Hill;1200;-920;2.642;20260308
Roland Kaiser;Ich frag für einen Freund;1193;-229;0.004;20260308
sakanaction;IRANAI;1193;-24;0.029;20260308
Natasha Bedingfield;Unwritten;1189;183;0.986;20260308
Bad Bunny;EoO;1188;320;0.198;20260308
Toto;Africa;1184;970;0.922;20260308
Kaltis;Ya Te Olvidé;1180;323;0.02;20260308
Gorillaz;Orange County;1175;-241;0.065;20260308
Flemming;Niet Nodig;1148;313;0.062;20260308
Metejoor;Niet Nodig;1148;313;0.062;20260308
THE FUTARI TRAVELER;Ring Ring Ring no Maho;1148;-274;0.003;20260308
sakanaction;Kaiju;1104;83;0.382;20260308
Drake;NOKIA;1089;-30;1.774;20260308
Flipperachi;FA9LA;1084;476;0.095;20260308
back number;Want Want Want;1083;-21;0.077;20260308
DJ Shadow;Six Days;1082;4;0.075;20260308
JENNIE;Handlebars;1079;-1166;0.007;20260308
JENNIE;ExtraL;1071;-1256;0.008;20260308
Fulminacci;Stupida sfortuna;1070;345;0.014;20260308
Lil Kleine;Lijntje;1068;357;0.015;20260308
Milolaathetlukken;Lijntje;1068;357;0.015;20260308
Teddy Swims;Bad Dreams;1063;250;3.486;20260308
Nicholas Britell;Succession;1063;-72;0.367;20260308
ZORN;Jimoto LOVE;1062;60;0.027;20260308
sombr;undressed;1056;194;0.659;20260308
OUTLAW GOSPEL;HE'S THE ONLY ONE WHO CAN JUDGE ME;1054;-385;0.008;20260308
The Cranberries;Zombie;1050;190;1.761;20260308
East Duo;Chubina;1049;624;0.343;20260308
Aarne;NOBODY;1047;-37;0.018;20260308
Toxi$;NOBODY;1047;-37;0.018;20260308
Big Baby Tape;NOBODY;1047;-37;0.018;20260308
MercyMe;Even If;1046;533;0.127;20260308
milet;The Story of Us;1043;96;0.067;20260308
It's Just Paz;Closer;1041;-300;0.004;20260308
HANA;ALL IN;1041;-21;0.019;20260308
From Ashes to New;Die for You;1039;-601;0.005;20260308
Rhy Elliot;I'm Okay but I'm Not;1032;-325;0.016;20260308
Agust D;People;1025;955;0.141;20260308
Taylor Swift;The Fate of Ophelia;14522;576;2.658;20260309
Bruno Mars;I Just Might;13777;-424;0.927;20260309
Bebe Rexha;New Religion;13576;-1898;0.057;20260309
Faithless;New Religion;13576;-1898;0.057;20260309
RAYE;WHERE IS MY HUSBAND;12018;242;1.835;20260309
Bruno Mars;Risk It All;11877;-109;0.134;20260309
HUNTR/X;Golden;11559;-1578;4.064;20260309
EJAE;Golden;11559;-1578;4.064;20260309
AUDREY NUNA;Golden;11559;-1578;4.064;20260309
REI AMI;Golden;11559;-1578;4.064;20260309
KPop Demon Hunters Cast;Golden;11559;-1578;4.064;20260309
Harry Styles;Aperture;10761;-36;0.403;20260309
BTS;First Love;10213;8970;0.025;20260309
Peter Gregson;360;10201;-2100;0.087;20260309
Alex Warren;FEVER DREAM;10158;1626;0.122;20260309
Olivia Dean;Man I Need;9690;527;1.855;20260309
Alex Warren;Ordinary;9622;-757;4.973;20260309
Olivia Dean;So Easy;9448;1864;0.968;20260309
mikeeysmind;Papaoutai;9343;407;0.559;20260309
Chill77;Papaoutai;9343;407;0.559;20260309
Unjaps;Papaoutai;9343;407;0.559;20260309
Taylor Swift;Opalite;9048;-826;1.342;20260309
Harry Styles;American Girls;8490;-800;0.031;20260309
Jennifer Lopez;Save Me Tonight;7806;-610;0.036;20260309
David Guetta;Save Me Tonight;7806;-610;0.036;20260309
Conrad Taylor;Berghain;7254;-1637;0.026;20260309
ROSALÍA;Berghain;7254;-1637;0.026;20260309
Björk;Berghain;7254;-1637;0.026;20260309
Yves Tumor;Berghain;7254;-1637;0.026;20260309
Djo;End of Beginning;6797;-93;1.52;20260309
Zara Larsson;Lush Life;6569;1485;2.42;20260309
Ella Langley;Choosin' Texas;6564;308;0.621;20260309
The Second Voice;LET ME BE;6233;2031;0.083;20260309
Agust D;People;6229;5204;0.147;20260309
Bad Bunny;DtMF;6106;-254;0.895;20260309
Lady Gaga;Die With A Smile;6043;85;7.181;20260309
Bruno Mars;Die With A Smile;6043;85;7.181;20260309
Anita Ward;Ring My Bell;5869;108;0.058;20260309
SIENNA SPIRO;Die On This Hill;5489;535;0.414;20260309
Sia;Unstoppable;5305;642;7.445;20260309
Harry Styles;Coming Up Roses;5161;582;0.016;20260309
sombr;12 to 12;4653;-656;0.904;20260309
PinkPantheress;Stateside;4319;-226;0.094;20260309
sombr;Homewrecker;4236;-218;0.125;20260309
JENNIE;start a war;4143;4143;0.023;20260309
Dave;Raindance;4043;927;0.216;20260309
Tems;Raindance;4043;927;0.216;20260309
Harry Styles;Sign of the Times;4004;1145;4.56;20260309
Sam Fender;Rein Me In;3847;250;0.326;20260309
Olivia Dean;Rein Me In;3847;250;0.326;20260309
ROSALÍA;Berghain;3755;212;0.511;20260309
Björk;Berghain;3755;212;0.511;20260309
Yves Tumor;Berghain;3755;212;0.511;20260309
Ac/Dc;Thunderstruck;3717;517;3.942;20260309
David Guetta;Gone Gone Gone;3617;-519;0.88;20260309
Teddy Swims;Gone Gone Gone;3617;-519;0.88;20260309
Tones And I;Gone Gone Gone;3617;-519;0.88;20260309
The Goo Goo Dolls;Iris;3469;559;1.675;20260309
Bad Bunny;NUEVAYoL;3454;-1259;0.723;20260309
HAVEN.;I Run;3380;78;0.357;20260309
Kaitlin Aragon;I Run;3380;78;0.357;20260309
Benson Boone;Beautiful Things;3364;-327;7.041;20260309
sombr;back to friends;3244;107;0.522;20260309
Ella Langley;Be Her;3236;-348;0.095;20260309
Disney;Zoo;3232;374;0.292;20260309
Shakira;Zoo;3232;374;0.292;20260309
Sal da Vinci;Per sempre sì;3213;99;0.065;20260309
Christina Perri;A Thousand Years;3206;1372;8.145;20260309
GIRLSET;Tweak;3076;-1959;0.017;20260309
Bad Bunny;Tití Me Preguntó;3057;-1035;0.76;20260309
Independentmusicart;Black Sheep;3051;-769;0.089;20260309
Kato;Turn the Lights Off;2919;-227;0.269;20260309
Jon;Turn the Lights Off;2919;-227;0.269;20260309
Jelly Roll;Thorns;2883;2883;0.01;20260309
Depeche Mode;Universal Soldier;2858;-1683;0.018;20260309
War Child Records;Universal Soldier;2858;-1683;0.018;20260309
Luke Combs;Sleepless in a Hotel Room;2856;-185;0.211;20260309
Lola Young;Messy;2743;526;3.998;20260309
ROSÉ;APT.;2684;0;6.271;20260309
Bruno Mars;APT.;2684;0;6.271;20260309
Luke Combs;Be By You;2678;-219;0.097;20260309
Sarah Connor;Interstellar;2604;257;0.01;20260309
Sido;Interstellar;2604;257;0.01;20260309
Shaboozey;A Bar Song;2539;318;4.656;20260309
Eminem;Lose Yourself;2525;397;3.66;20260309
Teddy Swims;Lose Control;2483;780;7.247;20260309
ARASHI;Five;2449;-387;0.023;20260309
ANOTR;Talk To You;2437;86;0.012;20260309
Myles Smith;Drive Safe;2404;-399;0.103;20260309
Niall Horan;Drive Safe;2404;-399;0.103;20260309
Lady Gaga;Always Remember Us This Way;2385;326;9.315;20260309
Dermot Kennedy;Funeral;2378;383;0.076;20260309
Johannes Oerding;Märchen aus Hollywood;2343;79;0.031;20260309
Sarah Connor;Märchen aus Hollywood;2343;79;0.031;20260309
Paris Paloma;labour;2286;1520;0.149;20260309
Chappell Roan;Pink Pony Club;2243;332;2.592;20260309
Shakira;Zoo;2195;-820;0.463;20260309
Journey;Don't Stop Believin';2122;-360;3.567;20260309
Gorillaz;Clint Eastwood;2105;505;0.103;20260309
YUTA;PLAY BACK TV size;2086;-487;0.005;20260309
BLACKPINK;Champion;2084;104;0.044;20260309
Tyla;CHANEL;2079;451;0.385;20260309
Maphra;Doomed;2053;-1734;0.026;20260309
ZXKAI;NO BATIDÃO;2003;-1007;0.081;20260309
slxughter;NO BATIDÃO;2003;-1007;0.081;20260309
Bad Bunny;BAILE INoLVIDABLE;1981;180;0.425;20260309
Sarah Engels;Fire;1946;-52;0.034;20260309
JENNIE;like JENNIE;1903;-1085;0.459;20260309
Billie Eilish;BIRDS OF A FEATHER;1899;158;5.742;20260309
Ella Langley;you look like you love me;1894;-45;1.068;20260309
Riley Green;you look like you love me;1894;-45;1.068;20260309
Ella Langley;Dandelion;1847;236;0.083;20260309
The Warning;Kerosene;1820;-283;0.013;20260309
Teddy Swims;The Door;1818;1130;3.835;20260309
Monroe;REGARDE;1813;-123;0.006;20260309
RAYE;Nightingale Lane.;1784;513;0.04;20260309
Noah Kahan;The Great Divide;1776;-437;0.091;20260309
稲葉浩志;タッチ;1768;-3;0.007;20260309
King Gnu;AIZO;1743;308;0.117;20260309
Mrs. GREEN APPLE;lulu.;1734;-76;0.099;20260309
Angèle;What You Want;1727;304;0.02;20260309
Justice;What You Want;1727;304;0.02;20260309
Luke Combs;Days Like These;1707;79;0.196;20260309
Olivia Dean;Nice To Each Other;1705;-273;0.465;20260309
Disturbed;The Sound of Silence;1695;-697;10.208;20260309
Charli xcx;Chains of Love;1692;819;0.138;20260309
Neil Diamond;Sweet Caroline;1685;192;1.386;20260309
T.I.;LET 'EM KNOW;1679;141;0.075;20260309
disiz;melodrama;1671;420;0.164;20260309
Theodora;melodrama;1671;420;0.164;20260309
BLACKPINK;GO;1669;-86;0.084;20260309
Kenshi Yonezu;IRIS OUT;1662;1662;0.31;20260309
Felix Jaehn;boy you turn me;1631;249;0.007;20260309
Cascada;boy you turn me;1631;249;0.007;20260309
Metallica;Enter Sandman;1583;241;1.584;20260309
Shakira;ALGO TÚ;1573;-829;0.015;20260309
Beéle;ALGO TÚ;1573;-829;0.015;20260309
Remioromen;Sangatsu Kokonoka;1565;544;0.092;20260309
Cody Johnson;Blame Texas;1544;-436;0.014;20260309
HWASA;Good Goodbye;1544;179;0.317;20260309
IMP.;STRANGER;1538;1538;0.002;20260309
Bob Sinclar;I Can't Wait;1538;-989;0.025;20260309
Kiesza;I Can't Wait;1538;-989;0.025;20260309
Fujii Kaze;My Place;1530;-117;0.007;20260309
Aitana;SUPERESTRELLA;1524;-14;0.144;20260309
Owen James;When I Stand;1519;-645;0.008;20260309
Hearts2Hearts;RUDE;1516;-156;0.037;20260309
Damon Price;I Was a Kid;1515;-674;0.036;20260309
FELICIA;My System;1496;-221;0.013;20260309
Miley Cyrus;Flowers;1470;-65;7.553;20260309
Kate Bush;Wuthering Heights;1460;-974;0.421;20260309
Gorillaz;Orange County;1452;277;0.067;20260309
Teddy Swims;Bad Dreams;1451;388;3.487;20260309
Unheilig;Mein Löwe;1450;522;0.066;20260309
Mr.Children;Again;1450;160;0.064;20260309
GroßstadtEngel;Gute Laune;1448;-166;0.281;20260309
Harry Styles;As It Was;1446;971;6.638;20260309
Natasha Bedingfield;Unwritten;1433;244;0.987;20260309
Tame Impala;Dracula;1429;66;0.044;20260309
JENNIE;Dracula;1429;66;0.044;20260309
Alphaville;Forever Young;1429;167;1.258;20260309
TRAP MAFIA HOUSE;Mafia Style;1418;-313;0.057;20260309
Ed Sheeran;Sapphire;1396;-617;2.023;20260309
sumika;Honto;1368;-54;0.024;20260309
The Beatles;Here Comes the Sun;1352;892;0.779;20260309
Chanmina;Let you go;1341;1341;0.001;20260309
Lana Del Rey;Honeymoon;1338;339;0.034;20260309
Harry Styles;Carla's Song;1329;1177;0.003;20260309
Perry Como;My Days of Loving You;1315;1315;0.001;20260309
Mr.Children;Ubugoe;1315;-164;0.009;20260309
Delta Goodrem;Eclipse;1314;-255;0.025;20260309
KATSEYE;Gabriela;1306;-432;0.343;20260309
Fedez;MALE NECESSARIO;1306;-76;0.02;20260309
Marco Masini;MALE NECESSARIO;1306;-76;0.02;20260309
Harry Styles;Pop;1305;-301;0.006;20260309
Unheilig;Wunderschön;1302;421;0.195;20260309
Armin van Buuren;Always You;1301;-217;0.025;20260309
Richard Durand;Always You;1301;-217;0.025;20260309
Dicosis;Always You;1301;-217;0.025;20260309
Yorushika;Plover;1294;-4;0.006;20260309
RADWIMPS;Seikai;1290;-51;0.159;20260309
Micah Tyler;Perfectly;1288;-279;0.019;20260309
Sabrina Carpenter;Manchild;1284;33;0.813;20260309
East Duo;Chubina;1281;232;0.345;20260309
Unheilig;Spiegel;1279;493;0.035;20260309
M!LK;Sukisugite METSU;1241;0;0.159;20260309
The Cranberries;Dreams;1236;694;0.84;20260309
Layah Noir;Que Hablen de Mí;1236;342;0.004;20260309
Oimara;Wackelkontakt;1226;323;0.939;20260309
Tears for Fears;Everybody Wants to Rule the World;1225;-98;0.97;20260309
Roland Kaiser;Ich frag für einen Freund;1217;24;0.005;20260309
Snow Man;odorouze;1217;-151;0.021;20260309
Flemming;Niet Nodig;1215;67;0.063;20260309
Metejoor;Niet Nodig;1215;67;0.063;20260309
The Cranberries;Zombie;1206;156;1.762;20260309
Nicholas Britell;Succession;1205;142;0.368;20260309
Gordo;Loco Loco;1198;-472;0.03;20260309
Reinier Zonneveld;Loco Loco;1198;-472;0.03;20260309
LOOK MUM NO COMPUTER;Eins, Zwei, Drei;1193;-183;0.007;20260309
M!LK;Bakuretsu Aishiteru;1193;-24;0.039;20260309
Solar;總有一顆屬於你的星球;1193;1193;0.001;20260309
Accusefive;總有一顆屬於你的星球;1193;1193;0.001;20260309
Drake;NOKIA;1192;103;1.775;20260309
Arisa;Magica Favola;1189;532;0.019;20260309
Mumford & Sons;Here;1177;-416;0.028;20260309
Chris Stapleton;Here;1177;-416;0.028;20260309
Gorillaz;Feel Good Inc.;1163;-249;0.035;20260309
De La Soul;Feel Good Inc.;1163;-249;0.035;20260309
Zara Larsson;Midnight Sun;1160;-121;0.094;20260309
Disco Lines;No Broke Boys;1151;-168;1.215;20260309
Tinashe;No Broke Boys;1151;-168;1.215;20260309
back number;Want Want Want;1148;65;0.079;20260309
Alba Letycia;Sé esa mujer valiente;1138;215;0.005;20260309
Kate Bush;Running Up That Hill;1138;-62;2.643;20260309
Johannes Oerding;Sonntag;1133;-136;0.018;20260309
Johannes Oerding;Mehr Glück als Verstand;1131;-182;0.013;20260309
Tatsuya Kitani;Kasuka na Hana;1125;720;0.04;20260309
Ricchi;Sarà perché ti amo;1121;181;1.468;20260309
Poveri;Sarà perché ti amo;1121;181;1.468;20260309
Rhy Elliot;I'm Okay but I'm Not;1111;79;0.017;20260309
Kate Ryan;Désenchantée;1110;-398;0.043;20260309
Mumford & Sons;Rubber Band Man;1108;-401;0.146;20260309
Hozier;Rubber Band Man;1108;-401;0.146;20260309
Ed Sheeran;Perfect;1107;233;15.654;20260309
Samurai Jay;OSSESSIONE;1106;-195;0.016;20260309
XXXTENTACION;Moonlight;1093;210;0.629;20260309
sakanaction;IRANAI;1083;-110;0.03;20260309
Maher Zain;Qalbi Fil Madinah;1079;-436;0.081;20260309
Harris J;Qalbi Fil Madinah;1079;-436;0.081;20260309
Good Vibes Tribe 11:11;I'm Not What Happened To Me;1077;362;0.154;20260309
ditonellapiaga;Che fastidio;1076;-301;0.02;20260309
Mike Posner;I Went Back To Ibiza;1073;-1259;0.008;20260309
Cain Walker;Don't Tread On Me;1072;-210;0.279;20260309
Harry Styles;Watermelon Sugar;1071;328;4.076;20260309
BLACKPINK;JUMP;1063;479;1.097;20260309
ZORN;Jimoto LOVE;1062;0;0.028;20260309
LuckyStar;My Life;1044;171;0.027;20260309
Toto;Africa;1043;-141;0.923;20260309
HANA;ALL IN;1041;0;0.02;20260309
ROSALÍA;La Perla;1032;-522;0.27;20260309
Yahritza Y Su Esencia;La Perla;1032;-522;0.27;20260309
ECHOVIBE;Real Love;1026;189;0.018;20260309
MEEK;Fabulous;1023;261;0.044;20260309
Rick Astley;Waiting On You;1021;146;0.017;20260309
sakanaction;Kaiju;1021;-83;0.383;20260309
Sayf;TU MI PIACI TANTO;1014;100;0.018;20260309
Ado;Vivarium;1012;-754;0.036;20260309
Bruno Mars;I Just Might;13363;-414;0.94;20260310
Taylor Swift;The Fate of Ophelia;13071;-1451;2.671;20260310
HUNTR/X;Golden;12273;714;4.076;20260310
EJAE;Golden;12273;714;4.076;20260310
AUDREY NUNA;Golden;12273;714;4.076;20260310
REI AMI;Golden;12273;714;4.076;20260310
KPop Demon Hunters Cast;Golden;12273;714;4.076;20260310
RAYE;WHERE IS MY HUSBAND;12221;203;1.848;20260310
Peter Gregson;360;12110;1909;0.099;20260310
Bebe Rexha;New Religion;11426;-2150;0.069;20260310
Faithless;New Religion;11426;-2150;0.069;20260310
Harry Styles;Aperture;10522;-239;0.413;20260310
Bruno Mars;Risk It All;10453;-1424;0.144;20260310
Taylor Swift;Opalite;9856;808;1.352;20260310
mikeeysmind;Papaoutai;9803;460;0.569;20260310
Chill77;Papaoutai;9803;460;0.569;20260310
Unjaps;Papaoutai;9803;460;0.569;20260310
Alex Warren;Ordinary;9778;156;4.983;20260310
Charlie Puth;Home;9399;9399;0.009;20260310
Olivia Dean;Man I Need;9301;-389;1.865;20260310
Alex Warren;FEVER DREAM;9283;-875;0.131;20260310
Harry Styles;American Girls;8563;73;0.039;20260310
BTS;First Love;7960;-2253;0.033;20260310
Djo;End of Beginning;7746;949;1.527;20260310
Olivia Dean;So Easy;7523;-1925;0.976;20260310
Anita Ward;Ring My Bell;7357;1488;0.065;20260310
Bad Bunny;DtMF;6030;-76;0.901;20260310
Aiyana-Lee;Housebroken;5889;4963;0.007;20260310
Ella Langley;Choosin' Texas;5814;-750;0.627;20260310
SIENNA SPIRO;Die On This Hill;5602;113;0.42;20260310
Jennifer Lopez;Save Me Tonight;5443;-2363;0.041;20260310
David Guetta;Save Me Tonight;5443;-2363;0.041;20260310
PinkPantheress;Stateside;5198;879;0.099;20260310
sombr;12 to 12;4681;28;0.909;20260310
Zara Larsson;Lush Life;4659;-1910;2.424;20260310
Agust D;People;4552;-1677;0.152;20260310
Lady Gaga;Die With A Smile;4417;-1626;7.185;20260310
Bruno Mars;Die With A Smile;4417;-1626;7.185;20260310
The Goo Goo Dolls;Iris;4250;781;1.679;20260310
Sam Fender;Rein Me In;3998;151;0.33;20260310
Olivia Dean;Rein Me In;3998;151;0.33;20260310
Harry Styles;Coming Up Roses;3976;-1185;0.02;20260310
sombr;Homewrecker;3950;-286;0.129;20260310
Dave;Raindance;3840;-203;0.22;20260310
Tems;Raindance;3840;-203;0.22;20260310
Kato;Turn the Lights Off;3836;917;0.273;20260310
Jon;Turn the Lights Off;3836;917;0.273;20260310
Lady Gaga;Always Remember Us This Way;3808;1423;9.318;20260310
Conrad Taylor;Berghain;3772;-3482;0.029;20260310
ROSALÍA;Berghain;3772;-3482;0.029;20260310
Björk;Berghain;3772;-3482;0.029;20260310
Yves Tumor;Berghain;3772;-3482;0.029;20260310
Bad Bunny;Tití Me Preguntó;3742;685;0.764;20260310
Harry Styles;Sign of the Times;3681;-323;4.564;20260310
Christina Perri;A Thousand Years;3651;445;8.149;20260310
Sia;Unstoppable;3639;-1666;7.449;20260310
The Second Voice;LET ME BE;3434;-2799;0.086;20260310
Disney;Zoo;3320;88;0.295;20260310
Shakira;Zoo;3320;88;0.295;20260310
ROSALÍA;Berghain;3264;-491;0.514;20260310
Björk;Berghain;3264;-491;0.514;20260310
Yves Tumor;Berghain;3264;-491;0.514;20260310
Luke Combs;Sleepless in a Hotel Room;3257;401;0.215;20260310
Ac/Dc;Thunderstruck;3244;-473;3.945;20260310
Bad Bunny;NUEVAYoL;3243;-211;0.726;20260310
Shaboozey;A Bar Song;3165;626;4.659;20260310
David Guetta;Gone Gone Gone;3156;-461;0.883;20260310
Teddy Swims;Gone Gone Gone;3156;-461;0.883;20260310
Tones And I;Gone Gone Gone;3156;-461;0.883;20260310
Jelly Roll;Thorns;3117;234;0.014;20260310
Luke Combs;Be By You;3093;415;0.1;20260310
Sal da Vinci;Per sempre sì;3080;-133;0.068;20260310
Ella Langley;Be Her;3004;-232;0.098;20260310
Teddy Swims;Lose Control;2844;361;7.25;20260310
Myles Smith;Drive Safe;2827;423;0.106;20260310
Niall Horan;Drive Safe;2827;423;0.106;20260310
Benson Boone;Beautiful Things;2722;-642;7.044;20260310
ROSÉ;APT.;2630;-54;6.274;20260310
Bruno Mars;APT.;2630;-54;6.274;20260310
Eminem;Lose Yourself;2544;19;3.663;20260310
sombr;back to friends;2499;-745;0.525;20260310
HAVEN.;I Run;2486;-894;0.36;20260310
Kaitlin Aragon;I Run;2486;-894;0.36;20260310
Independentmusicart;Black Sheep;2472;-579;0.092;20260310
Disturbed;The Sound of Silence;2334;639;10.211;20260310
Max McNown;Done For;2299;2299;0.028;20260310
Billie Eilish;BIRDS OF A FEATHER;2279;380;5.744;20260310
Chappell Roan;Pink Pony Club;2218;-25;2.594;20260310
Michael Stipe;I Played the Fool;2182;2182;0.002;20260310
Andrew Watt;I Played the Fool;2182;2182;0.002;20260310
ZXKAI;NO BATIDÃO;2178;175;0.083;20260310
slxughter;NO BATIDÃO;2178;175;0.083;20260310
Lola Young;Messy;2055;-688;4.001;20260310
Laura Pausini;¿PORQUÉ TE VAS;2055;2055;0.002;20260310
ARASHI;Five;2042;-407;0.025;20260310
Corrosion of Conformity;You Or Me;2026;2026;0.002;20260310
Sarah Connor;Interstellar;1981;-623;0.012;20260310
Sido;Interstellar;1981;-623;0.012;20260310
Alphaville;Forever Young;1977;548;1.26;20260310
Sarah Engels;Fire;1967;21;0.036;20260310
Shakira;Zoo;1923;-272;0.465;20260310
Gorillaz;Orange County;1918;466;0.069;20260310
The Cranberries;Zombie;1887;681;1.764;20260310
Ricchi;Sarà perché ti amo;1864;743;1.47;20260310
Poveri;Sarà perché ti amo;1864;743;1.47;20260310
Ed Sheeran;Sapphire;1823;427;2.025;20260310
Tame Impala;Dracula;1815;386;0.046;20260310
JENNIE;Dracula;1815;386;0.046;20260310
Paris Paloma;labour;1806;-480;0.151;20260310
Maphra;Doomed;1800;-253;0.028;20260310
Kate Bush;Running Up That Hill;1796;658;2.645;20260310
Johannes Oerding;Märchen aus Hollywood;1767;-576;0.032;20260310
Sarah Connor;Märchen aus Hollywood;1767;-576;0.032;20260310
Bad Bunny;BAILE INoLVIDABLE;1762;-219;0.426;20260310
ANOTR;Talk To You;1753;-684;0.014;20260310
稲葉浩志;タッチ;1738;-30;0.009;20260310
Depeche Mode;Universal Soldier;1710;-1148;0.02;20260310
War Child Records;Universal Soldier;1710;-1148;0.02;20260310
RAYE;Nightingale Lane.;1680;-104;0.042;20260310
Noah Kahan;The Great Divide;1664;-112;0.093;20260310
Owen James;When I Stand;1663;144;0.01;20260310
BLACKPINK;GO;1635;-34;0.085;20260310
JENNIE;start a war;1629;-2514;0.025;20260310
Gordo;Loco Loco;1623;425;0.032;20260310
Reinier Zonneveld;Loco Loco;1623;425;0.032;20260310
BLACKPINK;Champion;1617;-467;0.046;20260310
Dermot Kennedy;Funeral;1605;-773;0.078;20260310
Ella Langley;Dandelion;1592;-255;0.085;20260310
レミオロメン;3月9日;1582;1582;0.158;20260310
King Gnu;AIZO;1581;-162;0.119;20260310
Aitana;SUPERESTRELLA;1563;39;0.145;20260310
IMP.;STRANGER;1538;0;0.003;20260310
RAF Camora;VISION;1510;1510;0.002;20260310
Angèle;What You Want;1509;-218;0.021;20260310
Justice;What You Want;1509;-218;0.021;20260310
Mrs. GREEN APPLE;lulu.;1508;-226;0.101;20260310
Justė;Turn The Lights Off;1504;1122;0.046;20260310
Jaxstyle;Turn The Lights Off;1504;1122;0.046;20260310
Jon;Turn The Lights Off;1504;1122;0.046;20260310
Charli xcx;Chains of Love;1492;-200;0.139;20260310
Olivia Dean;Nice To Each Other;1472;-233;0.467;20260310
Teddy Swims;The Door;1463;-355;3.836;20260310
Micah Tyler;Perfectly;1462;174;0.021;20260310
T.I.;LET 'EM KNOW;1450;-229;0.077;20260310
Thundercat;ThunderWave;1446;1446;0.001;20260310
WILLOW;ThunderWave;1446;1446;0.001;20260310
Kaltis;Ya Te Olvidé;1427;681;0.022;20260310
The Beatles;Here Comes the Sun;1417;65;0.78;20260310
Metallica;Enter Sandman;1414;-169;1.586;20260310
Boston;More Than a Feeling;1412;1300;0.143;20260310
YUTA;PLAY BACK TV size;1409;-677;0.006;20260310
Luke Combs;Days Like These;1408;-299;0.197;20260310
TRAP MAFIA HOUSE;Mafia Style;1399;-19;0.059;20260310
Gorillaz;Clint Eastwood;1396;-709;0.104;20260310
Mr.Children;Again;1395;-55;0.065;20260310
Rodrigo Amarante;Tuyo;1389;615;0.42;20260310
Miley Cyrus;End of the World;1379;877;1.378;20260310
Journey;Don't Stop Believin';1378;-744;3.568;20260310
Bob Sinclar;I Can't Wait;1370;-168;0.026;20260310
Kiesza;I Can't Wait;1370;-168;0.026;20260310
Natasha Bedingfield;Unwritten;1370;-63;0.988;20260310
M!LK;Bakuretsu Aishiteru;1368;175;0.041;20260310
Hans Zimmer;F1;1358;590;0.34;20260310
Maher Zain;Qalbi Fil Madinah;1345;266;0.082;20260310
Harris J;Qalbi Fil Madinah;1345;266;0.082;20260310
The Cranberries;Dreams;1343;107;0.841;20260310
RADWIMPS;Seikai;1341;51;0.161;20260310
Cody Johnson;Blame Texas;1329;-215;0.015;20260310
Kenshi Yonezu;IRIS OUT;1327;-335;0.311;20260310
DJ Shadow;Six Days;1326;459;0.077;20260310
M!LK;Sukisugite METSU;1315;74;0.16;20260310
HWASA;Good Goodbye;1314;-230;0.318;20260310
FELICIA;My System;1307;-189;0.014;20260310
Snow Man;odorouze;1299;82;0.023;20260310
Unheilig;Wunderschön;1299;-3;0.196;20260310
kz;Crossroad;1295;1295;0.001;20260310
TAKU INOUE;Crossroad;1295;1295;0.001;20260310
Hatsune Miku;Crossroad;1295;1295;0.001;20260310
Fujii Kaze;My Place;1290;-240;0.008;20260310
DJ Ötzi;Tirol;1272;568;0.214;20260310
Tears for Fears;Everybody Wants to Rule the World;1268;43;0.971;20260310
JENNIE;like JENNIE;1262;-641;0.46;20260310
Nicholas Britell;Succession;1254;49;0.37;20260310
Charlotte Cardin;Tant pis pour elle;1253;408;0.162;20260310
Rick Astley;Waiting On You;1241;220;0.018;20260310
sumika;Honto;1241;-127;0.025;20260310
Kate Bush;Wuthering Heights;1230;-230;0.422;20260310
ECHOVIBE;Real Love;1225;199;0.019;20260310
Alex Warren;Carry You Home;1219;457;1.062;20260310
Kate Ryan;Désenchantée;1217;107;0.044;20260310
Chanmina;Let you go;1217;-124;0.003;20260310
Coldplay;A Sky Full of Stars;1205;742;11.228;20260310
Bella Kay;iloveitiloveitiloveit;1205;241;0.009;20260310
Perry Como;My Days of Loving You;1193;-122;0.003;20260310
Paramount+ AU;All Fired Up;1193;229;0.013;20260310
Sabrina Carpenter;Manchild;1189;-95;0.815;20260310
Nogizaka46;aitteurayamashii;1176;1176;0.001;20260310
Kato;Turn the Lights Off;1175;379;0.676;20260310
Don Toliver;Lose My Mind;1171;213;0.376;20260310
Mr.Children;Ubugoe;1170;-145;0.01;20260310
fakeheader;Afia Oil;1160;356;0.03;20260310
キタニタツヤ - かすかなはな;Kasuka na Hana;1151;1151;0.003;20260310
ヨルシカ;千鳥;1148;1148;0.002;20260310
Kygo;Save My Love;1147;538;0.032;20260310
Khalid;Save My Love;1147;538;0.032;20260310
Gryffin;Save My Love;1147;538;0.032;20260310
GroßstadtEngel;Gute Laune;1121;-327;0.282;20260310
Ella Langley;you look like you love me;1116;-778;1.069;20260310
Riley Green;you look like you love me;1116;-778;1.069;20260310
10-FEET;Burn Out to Nothing;1104;140;0.002;20260310
Saja Boys;Soda Pop;1095;354;1.818;20260310
Andrew Choi;Soda Pop;1095;354;1.818;20260310
Neckwav;Soda Pop;1095;354;1.818;20260310
Danny Chung;Soda Pop;1095;354;1.818;20260310
Kevin Woo;Soda Pop;1095;354;1.818;20260310
samUIL Lee;Soda Pop;1095;354;1.818;20260310
KPop Demon Hunters Cast;Soda Pop;1095;354;1.818;20260310
The Killers;Mr. Brightside;1091;277;1.613;20260310
Tommaso Paradiso;I romantici;1083;289;0.016;20260310
ZORN;Jimoto LOVE;1083;21;0.029;20260310
Ravyn Lenae;Love Me Not;1079;620;0.3;20260310
Damon Price;I Was a Kid;1078;-437;0.037;20260310
Guns N' Roses;Sweet Child o' Mine;1067;204;2.342;20260310
Imagine Dragons;Believer;1065;596;8.727;20260310
East Duo;Chubina;1062;-219;0.346;20260310
sakanaction;IRANAI;1062;-21;0.031;20260310
Tyla;CHANEL;1061;-1018;0.386;20260310
Harry Styles;Ready, Steady, Go;1057;163;0.004;20260310
Lady Gaga;Shallow;1055;1055;12.832;20260310
Bradley Cooper;Shallow;1055;1055;12.832;20260310
disiz;melodrama;1052;-619;0.165;20260310
Theodora;melodrama;1052;-619;0.165;20260310
Phil Wickham;What An Awesome God;1044;800;0.254;20260310
Johannes Oerding;Mehr Glück als Verstand;1041;-90;0.014;20260310
Harry Styles;Carla's Song;1041;-288;0.004;20260310
GIRLSET;Tweak;1029;-2047;0.018;20260310
Felix Jaehn;boy you turn me;1021;-610;0.008;20260310
Cascada;boy you turn me;1021;-610;0.008;20260310
Rhy Elliot;I Don’t Talk About It;1015;687;0.004;20260310
Avril Lavigne;I'm With You;1005;1005;0.115;20260310
Sportfreunde Stiller;Ti amo, Italiano;1002;304;0.049;20260310
Unheilig;Mein Löwe;1002;-448;0.067;20260310
Ryokuoushoku Shakai;Riding the wind;1002;1002;0.001;20260310
Arisa;Magica Favola;998;-191;0.02;20260310
ENHYPEN;Highway 1009;992;992;0.017;20260310
Flemming;Niet Nodig;986;-229;0.064;20260310
Metejoor;Niet Nodig;986;-229;0.064;20260310
HANA;ALL IN;983;-58;0.021;20260310
Samurai Jay;OSSESSIONE;974;-132;0.017;20260310
Tame Impala;Dracula;974;144;0.139;20260310
Malika Ayane;animali notturni;973;365;0.011;20260310
Tom Odell;Another Love;973;792;2.654;20260310
Bruno Mars;I Just Might;14538;1175;0.955;20260311
Taylor Swift;The Fate of Ophelia;13528;457;2.684;20260311
Peter Gregson;360;12750;640;0.111;20260311
HUNTR/X;Golden;12366;93;4.089;20260311
EJAE;Golden;12366;93;4.089;20260311
AUDREY NUNA;Golden;12366;93;4.089;20260311
REI AMI;Golden;12366;93;4.089;20260311
KPop Demon Hunters Cast;Golden;12366;93;4.089;20260311
Bruno Mars;Risk It All;11950;1497;0.156;20260311
RAYE;WHERE IS MY HUSBAND;11360;-861;1.859;20260311
Harry Styles;Aperture;10751;229;0.424;20260311
Alex Warren;Ordinary;10052;274;4.993;20260311
Alex Warren;FEVER DREAM;9286;3;0.141;20260311
Bebe Rexha;New Religion;9263;-2163;0.078;20260311
Faithless;New Religion;9263;-2163;0.078;20260311
mikeeysmind;Papaoutai;9231;-572;0.578;20260311
Chill77;Papaoutai;9231;-572;0.578;20260311
Unjaps;Papaoutai;9231;-572;0.578;20260311
Aiyana-Lee;Housebroken;8685;2796;0.016;20260311
Harry Styles;American Girls;8305;-258;0.048;20260311
Olivia Dean;Man I Need;8137;-1164;1.873;20260311
Djo;End of Beginning;7681;-65;1.535;20260311
Charlie Puth;Home;7622;-1777;0.017;20260311
Anita Ward;Ring My Bell;7295;-62;0.073;20260311
Taylor Swift;Opalite;7247;-2609;1.359;20260311
Lady Gaga;Always Remember Us This Way;6791;2983;9.325;20260311
Ella Langley;Choosin' Texas;6634;820;0.633;20260311
Olivia Dean;So Easy;6467;-1056;0.982;20260311
The Goo Goo Dolls;Iris;6370;2120;1.686;20260311
SIENNA SPIRO;Die On This Hill;6138;536;0.426;20260311
Lady Gaga;Die With A Smile;5983;1566;7.191;20260311
Bruno Mars;Die With A Smile;5983;1566;7.191;20260311
sombr;Homewrecker;5892;1942;0.135;20260311
Christina Perri;A Thousand Years;5353;1702;8.154;20260311
Owen James;When I Stand;5270;3607;0.015;20260311
Bad Bunny;DtMF;4852;-1178;0.906;20260311
BTS;First Love;4846;-3114;0.038;20260311
Zara Larsson;Lush Life;4690;31;2.429;20260311
sombr;12 to 12;4469;-212;0.913;20260311
Jennifer Lopez;Save Me Tonight;4423;-1020;0.046;20260311
David Guetta;Save Me Tonight;4423;-1020;0.046;20260311
Jack Savoretti;I Hear You Calling;4337;4337;0.004;20260311
Kato;Turn the Lights Off;4215;379;0.277;20260311
Jon;Turn the Lights Off;4215;379;0.277;20260311
ROSALÍA;Berghain;4106;842;0.519;20260311
Björk;Berghain;4106;842;0.519;20260311
Yves Tumor;Berghain;4106;842;0.519;20260311
Disney;Zoo;3975;655;0.299;20260311
Shakira;Zoo;3975;655;0.299;20260311
Sam Fender;Rein Me In;3959;-39;0.334;20260311
Olivia Dean;Rein Me In;3959;-39;0.334;20260311
Dave;Raindance;3889;49;0.224;20260311
Tems;Raindance;3889;49;0.224;20260311
PinkPantheress;Stateside;3769;-1429;0.103;20260311
Bad Bunny;Tití Me Preguntó;3580;-162;0.767;20260311
Ella Langley;Be Her;3453;449;0.101;20260311
Luke Combs;Sleepless in a Hotel Room;3319;62;0.218;20260311
Independentmusicart;Black Sheep;3286;814;0.095;20260311
Ac/Dc;Thunderstruck;3243;-1;3.948;20260311
Bad Bunny;NUEVAYoL;3173;-70;0.73;20260311
David Guetta;Gone Gone Gone;3165;9;0.887;20260311
Teddy Swims;Gone Gone Gone;3165;9;0.887;20260311
Tones And I;Gone Gone Gone;3165;9;0.887;20260311
Luke Combs;Be By You;3145;52;0.103;20260311
Benson Boone;Beautiful Things;3047;325;7.047;20260311
Maphra;Doomed;2858;1058;0.031;20260311
ROSÉ;APT.;2729;99;6.277;20260311
Bruno Mars;APT.;2729;99;6.277;20260311
Myles Smith;Drive Safe;2706;-121;0.108;20260311
Niall Horan;Drive Safe;2706;-121;0.108;20260311
Harry Styles;Coming Up Roses;2703;-1273;0.023;20260311
sombr;back to friends;2668;169;0.527;20260311
Jelly Roll;Thorns;2659;-458;0.016;20260311
Max McNown;Done For;2647;348;0.031;20260311
Paris Paloma;labour;2646;840;0.154;20260311
Ed Sheeran;Sapphire;2577;754;2.028;20260311
Shaboozey;A Bar Song;2521;-644;4.662;20260311
Sal da Vinci;Per sempre sì;2475;-605;0.071;20260311
The Cranberries;Zombie;2464;577;1.767;20260311
HAVEN.;I Run;2429;-57;0.362;20260311
Kaitlin Aragon;I Run;2429;-57;0.362;20260311
Disturbed;The Sound of Silence;2428;94;10.213;20260311
Agust D;People;2338;-2214;0.154;20260311
Eminem;Lose Yourself;2316;-228;3.665;20260311
Noah Kahan;The Great Divide;2312;648;0.095;20260311
Sia;Unstoppable;2303;-1336;7.451;20260311
Unheilig;Wunderschön;2270;971;0.198;20260311
Chappell Roan;Pink Pony Club;2239;21;2.596;20260311
ZXKAI;NO BATIDÃO;2238;60;0.085;20260311
slxughter;NO BATIDÃO;2238;60;0.085;20260311
Teddy Swims;Lose Control;2128;-716;7.252;20260311
ARASHI;Five;2034;-8;0.027;20260311
Journey;Don't Stop Believin';2009;631;3.57;20260311
Bad Bunny;BAILE INoLVIDABLE;2007;245;0.428;20260311
Sarah Connor;Interstellar;1948;-33;0.014;20260311
Sido;Interstellar;1948;-33;0.014;20260311
Harry Styles;Sign of the Times;1941;-1740;4.566;20260311
Unheilig;Spiegel;1940;1098;0.038;20260311
Dermot Kennedy;Funeral;1935;330;0.08;20260311
Kate Bush;Running Up That Hill;1926;130;2.647;20260311
Micah Tyler;Perfectly;1888;426;0.023;20260311
シャキーラ;Zoo;1882;1882;0.002;20260311
Metallica;Enter Sandman;1796;382;1.588;20260311
稲葉浩志;タッチ;1794;56;0.011;20260311
Drake;NOKIA;1768;855;1.778;20260311
Unheilig;Mein Löwe;1761;759;0.069;20260311
Gorillaz;Orange County;1720;-198;0.07;20260311
Depeche Mode;Universal Soldier;1718;8;0.022;20260311
War Child Records;Universal Soldier;1718;8;0.022;20260311
Laura Pausini;¿PORQUÉ TE VAS;1701;-354;0.004;20260311
Remioromen;Sangatsu Kokonoka;1689;1689;0.094;20260311
Billie Eilish;BIRDS OF A FEATHER;1682;-597;5.745;20260311
RAYE;Nightingale Lane.;1675;-5;0.043;20260311
Ella Langley;Dandelion;1653;61;0.087;20260311
Mrs. GREEN APPLE;lulu.;1652;144;0.102;20260311
Ella Langley;you look like you love me;1644;528;1.071;20260311
Riley Green;you look like you love me;1644;528;1.071;20260311
Lola Young;Messy;1643;-412;4.002;20260311
KATSEYE;Gabriela;1612;664;0.345;20260311
MELLOW DEAR US;Mellow Addiction;1611;684;0.003;20260311
Layah Noir;Que Hablen de Mí;1608;979;0.006;20260311
Amy Shark;The Biggest Dick;1600;1600;0.002;20260311
Bella Kay;iloveitiloveitiloveit;1560;355;0.011;20260311
ROSALÍA;La Perla;1556;768;0.272;20260311
Yahritza Y Su Esencia;La Perla;1556;768;0.272;20260311
Luke Combs;Days Like These;1554;146;0.199;20260311
Issac Ryan Brown;End Of The Season;1538;1538;0.002;20260311
RADWIMPS;Seikai;1538;197;0.162;20260311
Charlotte Cardin;Tant pis pour elle;1519;266;0.164;20260311
Kate Ryan;Désenchantée;1510;293;0.046;20260311
ANOTR;Talk To You;1491;-262;0.016;20260311
T.I.;LET 'EM KNOW;1479;29;0.078;20260311
TRAP MAFIA HOUSE;Mafia Style;1471;72;0.06;20260311
Samurai Jay;OSSESSIONE;1457;483;0.018;20260311
RAF Camora;VISION;1438;-72;0.003;20260311
Aitana;SUPERESTRELLA;1432;-131;0.147;20260311
Angèle;What You Want;1429;-80;0.023;20260311
Justice;What You Want;1429;-80;0.023;20260311
MELLOW DEAR US;Dear World;1422;530;0.002;20260311
Lewis Capaldi;Someone You Loved;1414;735;6.884;20260311
MELLOW DEAR US;BUBBLE GUM DANCE;1395;630;0.002;20260311
Teddy Swims;Bad Dreams;1375;754;3.489;20260311
Survivor;Eye of the Tiger;1371;730;2.401;20260311
Gordo;Loco Loco;1365;-258;0.033;20260311
Reinier Zonneveld;Loco Loco;1365;-258;0.033;20260311
Sonny Fodera;Think About Us;1361;787;0.245;20260311
D.O.D;Think About Us;1361;787;0.245;20260311
Poppy Baskcomb;Think About Us;1361;787;0.245;20260311
Yoshiko Hanzaki;サクラ~卒業できなかった君へ~;1341;1341;0.012;20260311
King Gnu;AIZO;1340;-241;0.12;20260311
Kato;Turn the Lights Off;1319;144;0.678;20260311
Sarah Engels;Fire;1315;-652;0.038;20260311
M!LK;Bakuretsu Aishiteru;1315;-53;0.042;20260311
Hearts2Hearts;RUDE;1299;368;0.039;20260311
Michael Stipe;I Played the Fool;1287;-895;0.003;20260311
Andrew Watt;I Played the Fool;1287;-895;0.003;20260311
Tears for Fears;Everybody Wants to Rule the World;1282;14;0.973;20260311
disiz;melodrama;1279;227;0.166;20260311
Theodora;melodrama;1279;227;0.166;20260311
Justė;Turn The Lights Off;1278;-226;0.047;20260311
Jaxstyle;Turn The Lights Off;1278;-226;0.047;20260311
Jon;Turn The Lights Off;1278;-226;0.047;20260311
The Beatles;Here Comes the Sun;1277;-140;0.782;20260311
The Cranberries;Linger;1274;925;0.345;20260311
HWASA;Good Goodbye;1269;-45;0.319;20260311
Fujii Kaze;My Place;1265;-25;0.009;20260311
Marc Rebillet;Your New Morning Alarm;1253;946;0.65;20260311
Johannes Oerding;Märchen aus Hollywood;1250;-517;0.034;20260311
Sarah Connor;Märchen aus Hollywood;1250;-517;0.034;20260311
Mr.Children;Again;1241;-154;0.066;20260311
ditonellapiaga;Che fastidio;1230;446;0.022;20260311
sombr;undressed;1226;600;0.662;20260311
BLACKPINK;Champion;1225;-392;0.047;20260311
Sayf;TU MI PIACI TANTO;1221;482;0.019;20260311
Rick Astley;Waiting On You;1217;-24;0.019;20260311
Boyz II Men;I'll Make Love to You;1217;1217;0.041;20260311
IMP.;STRANGER;1217;-321;0.004;20260311
shirts0001 - Erika;German Marching Song;1204;496;0.095;20260311
Bob Sinclar;I Can't Wait;1202;-168;0.027;20260311
Kiesza;I Can't Wait;1202;-168;0.027;20260311
Tame Impala;Dracula;1196;-619;0.047;20260311
JENNIE;Dracula;1196;-619;0.047;20260311
SG;Us, Again;1193;318;0.077;20260311
米津玄師;IRIS OUT;1180;1180;0.07;20260311
Ryokuoushoku Shakai;Hazukashiika Seishunwa;1170;1170;0.027;20260311
Kaltis;Ya Te Olvidé;1129;-298;0.023;20260311
Yuuri;The World Has Ended;1125;315;0.042;20260311
Coldplay;A Sky Full of Stars;1124;-81;11.229;20260311
BLACKPINK;GO;1123;-512;0.086;20260311
Coldplay;Viva la Vida;1119;257;6.926;20260311
Ati242;Her Nerdeysen;1109;186;0.492;20260311
Zara Larsson;Midnight Sun;1105;133;0.096;20260311
M!LK;Sukisugite METSU;1104;-211;0.161;20260311
Jahin Music;Your Phone Linging;1098;344;0.285;20260311
Ryokuoushoku Shakai;Riding the wind;1083;81;0.002;20260311
Arisa;Magica Favola;1079;81;0.021;20260311
Tatsuya Kitani;Kasuka na Hana;1076;1076;0.041;20260311
Zoe(佐伊);You are my only one;1071;306;0.009;20260311
Ravyn Lenae;Love Me Not;1068;-11;0.301;20260311
Sabrina Carpenter;Manchild;1065;-124;0.816;20260311
Mrs. Green Apple;Shunshu;1062;1062;0.019;20260311
Fedez;MALE NECESSARIO;1059;143;0.022;20260311
Marco Masini;MALE NECESSARIO;1059;143;0.022;20260311
sakanaction;IRANAI;1057;-5;0.032;20260311
Fleetwood Mac;Landslide;1050;429;0.359;20260311
Aarne;NOBODY;1047;99;0.02;20260311
Toxi$;NOBODY;1047;99;0.02;20260311
Big Baby Tape;NOBODY;1047;99;0.02;20260311
Enya;Caribbean Blue;1046;550;0.088;20260311
Charli xcx;Chains of Love;1045;-447;0.14;20260311
Hata Motohiro;Pocket ni Mahou wo irete;1041;1041;0.013;20260311
OXYNOVA;SSAK;1036;1036;0.001;20260311
MASON HOME;SSAK;1036;1036;0.001;20260311
MILLI;SSAK;1036;1036;0.001;20260311
Foggyatthebottom;SSAK;1036;1036;0.001;20260311
OSUN;SSAK;1036;1036;0.001;20260311
The Killers;Mr. Brightside;1032;-59;1.614;20260311
Ofenbach;Miles Away;1027;771;0.032;20260311
Harry Styles;Ready, Steady, Go;1018;-39;0.005;20260311
Tame Impala;Dracula;1013;39;0.14;20260311
JENNIE;like JENNIE;1010;-252;0.461;20260311
Felix Jaehn;boy you turn me;1010;-11;0.009;20260311
Cascada;boy you turn me;1010;-11;0.009;20260311
Alphaville;Forever Young;1008;-969;1.261;20260311
Johannes Oerding;Mehr Glück als Verstand;1002;-39;0.015;20260311
Ketsumeishi;仲間;1002;1002;0.001;20260311
Gorillaz;Clint Eastwood;999;-397;0.105;20260311
Ramin Djawadi;Main Title;995;90;0.245;20260311
Michael Schulte;5am;994;759;0.016;20260311
Guns N' Roses;Sweet Child o' Mine;984;-83;2.343;20260311
GroßstadtEngel;Gute Laune;983;-138;0.283;20260311
noa;1000 Days of Moments;983;983;0.003;20260311
Mike Posner;I Went Back To Ibiza;982;446;0.009;20260311
ECHOVIBE;Real Love;974;-251;0.02;20260311
Boston;More Than a Feeling;967;-445;0.144;20260311
DRAW♡ME;Gamengoshinokimihe;964;964;0.001;20260311
Kate Bush;Wuthering Heights;962;-268;0.423;20260311
Romeo Santos;Dardos;961;412;0.054;20260311
Prince Royce;Dardos;961;412;0.054;20260311
Elephant Kashimashi;Sakurano Hana, Maiagaru Michio;945;945;0.001;20260311
COSMÓ;TANZSCHEIN;936;211;0.017;20260311
Phil Collins;In the Air Tonight;936;368;1.241;20260311
Solar;總有一顆屬於你的星球;935;0;0.003;20260311
Accusefive;總有一顆屬於你的星球;935;0;0.003;20260311
ABBA;Dancing Queen;933;426;1.07;20260311
Calvin Harris;Release The Pressure;932;250;0.043;20260311
Kasabian;Release The Pressure;932;250;0.043;20260311
Bruno Mars;I Just Might;13660;-878;0.968;20260312
Taylor Swift;The Fate of Ophelia;12573;-955;2.697;20260312
Peter Gregson;360;11969;-781;0.123;20260312
RAYE;WHERE IS MY HUSBAND;11597;237;1.871;20260312
Aiyana-Lee;Housebroken;10988;2303;0.026;20260312
Bruno Mars;Risk It All;10649;-1301;0.167;20260312
Alex Warren;Ordinary;10304;252;5.003;20260312
Alex Warren;FEVER DREAM;9943;657;0.151;20260312
Taylor Swift;Opalite;9711;2464;1.369;20260312
HUNTR/X;Golden;9699;-2667;4.098;20260312
EJAE;Golden;9699;-2667;4.098;20260312
AUDREY NUNA;Golden;9699;-2667;4.098;20260312
REI AMI;Golden;9699;-2667;4.098;20260312
KPop Demon Hunters Cast;Golden;9699;-2667;4.098;20260312
The Pussycat Dolls;Club Song;9544;9544;0.01;20260312
Bebe Rexha;New Religion;9269;6;0.087;20260312
Faithless;New Religion;9269;6;0.087;20260312
Harry Styles;Aperture;9067;-1684;0.433;20260312
mikeeysmind;Papaoutai;9055;-176;0.587;20260312
Chill77;Papaoutai;9055;-176;0.587;20260312
Unjaps;Papaoutai;9055;-176;0.587;20260312
Robyn;Blow My Mind;8811;8811;0.009;20260312
Olivia Dean;Man I Need;8026;-111;1.881;20260312
Olivia Dean;So Easy;7512;1045;0.99;20260312
Djo;End of Beginning;7493;-188;1.543;20260312
The Goo Goo Dolls;Iris;7403;1033;1.693;20260312
Anita Ward;Ring My Bell;7363;68;0.08;20260312
Bruce Springsteen;A Rainy Night in Soho;7103;7103;0.007;20260312
Harry Styles;American Girls;7063;-1242;0.055;20260312
Charlie Puth;Home;6778;-844;0.024;20260312
Owen James;When I Stand;6595;1325;0.022;20260312
Christina Perri;A Thousand Years;6567;1214;8.161;20260312
Bad Bunny;DtMF;5693;841;0.912;20260312
Lady Gaga;Always Remember Us This Way;5520;-1271;9.331;20260312
Ella Langley;Choosin' Texas;5517;-1117;0.639;20260312
Maphra;Doomed;5093;2235;0.036;20260312
Lady Gaga;Die With A Smile;4866;-1117;7.196;20260312
Bruno Mars;Die With A Smile;4866;-1117;7.196;20260312
Zara Larsson;Lush Life;4763;73;2.434;20260312
sombr;12 to 12;4725;256;0.918;20260312
sombr;Homewrecker;4586;-1306;0.139;20260312
Disney;Zoo;4485;510;0.303;20260312
Shakira;Zoo;4485;510;0.303;20260312
SIENNA SPIRO;Die On This Hill;4447;-1691;0.43;20260312
Marc Rebillet;Your New Morning Alarm;4130;2877;0.654;20260312
Jennifer Lopez;Save Me Tonight;4117;-306;0.05;20260312
David Guetta;Save Me Tonight;4117;-306;0.05;20260312
Dave;Raindance;4008;119;0.228;20260312
Tems;Raindance;4008;119;0.228;20260312
Kacey Musgraves;Dry Spell;3884;3884;0.004;20260312
Sam Fender;Rein Me In;3772;-187;0.338;20260312
Olivia Dean;Rein Me In;3772;-187;0.338;20260312
Sia;Unstoppable;3597;1294;7.455;20260312
Ac/Dc;Thunderstruck;3504;261;3.952;20260312
Shakira;Zoo;3423;3394;0.469;20260312
Ella Langley;Be Her;3402;-51;0.105;20260312
Luke Combs;Be By You;3393;248;0.106;20260312
Kato;Turn the Lights Off;3374;-841;0.281;20260312
Jon;Turn the Lights Off;3374;-841;0.281;20260312
Forest Blakk;You’ll Be The Proof;3324;3324;0.003;20260312
Joy Williams;You’ll Be The Proof;3324;3324;0.003;20260312
Luke Combs;Sleepless in a Hotel Room;3197;-122;0.221;20260312
Bad Bunny;Tití Me Preguntó;3185;-395;0.771;20260312
Benson Boone;Beautiful Things;3122;75;7.05;20260312
PinkPantheress;Stateside;2968;-801;0.106;20260312
David Guetta;Gone Gone Gone;2942;-223;0.89;20260312
Teddy Swims;Gone Gone Gone;2942;-223;0.89;20260312
Tones And I;Gone Gone Gone;2942;-223;0.89;20260312
Sal da Vinci;Per sempre sì;2927;452;0.074;20260312
Bad Bunny;NUEVAYoL;2900;-273;0.733;20260312
Shaboozey;A Bar Song;2809;288;4.665;20260312
ROSALÍA;Berghain;2612;-1494;0.521;20260312
Björk;Berghain;2612;-1494;0.521;20260312
Yves Tumor;Berghain;2612;-1494;0.521;20260312
Independentmusicart;Black Sheep;2547;-739;0.098;20260312
ROSÉ;APT.;2473;-256;6.279;20260312
Bruno Mars;APT.;2473;-256;6.279;20260312
Hollywood Undead;1x1;2444;2444;0.002;20260312
Jack Savoretti;I Hear You Calling;2287;-2050;0.007;20260312
Unheilig;Wunderschön;2266;-4;0.201;20260312
Noah Kahan;The Great Divide;2186;-126;0.097;20260312
Dermot Kennedy;Funeral;2182;247;0.082;20260312
Unheilig;Spiegel;2171;231;0.04;20260312
Harry Styles;Sign of the Times;2151;210;4.568;20260312
Eminem;Lose Yourself;2131;-185;3.667;20260312
Ikro.;LET ME BE;2122;2122;0.002;20260312
Unheilig;Mein Löwe;2117;356;0.071;20260312
ARASHI;Five;2055;21;0.029;20260312
BLACKPINK;GO;1944;821;0.088;20260312
HWASA;Good Goodbye;1940;671;0.321;20260312
Kate Bush;Running Up That Hill;1937;11;2.649;20260312
Disturbed;The Sound of Silence;1927;-501;10.215;20260312
Sarah Connor;Interstellar;1926;-22;0.016;20260312
Sido;Interstellar;1926;-22;0.016;20260312
Jelly Roll;Thorns;1905;-754;0.018;20260312
Luke Combs;I Ain't No Cowboy;1900;1900;0.002;20260312
Laura Pausini;¿PORQUÉ TE VAS;1886;185;0.006;20260312
The Cranberries;Dreams;1849;947;0.844;20260312
Teddy Swims;Lose Control;1849;-279;7.254;20260312
BTS;First Love;1788;-3058;0.039;20260312
The Cranberries;Linger;1778;504;0.347;20260312
Harry Styles;Coming Up Roses;1769;-934;0.025;20260312
JO1;Breezy Love;1737;1737;0.002;20260312
The Cranberries;Zombie;1735;-729;1.768;20260312
Mesh;This World;1710;1710;0.002;20260312
Mrs. GREEN APPLE;lulu.;1705;53;0.104;20260312
Survivor;Eye of the Tiger;1703;332;2.402;20260312
Journey;Don't Stop Believin';1682;-327;3.572;20260312
Ella Langley;Dandelion;1650;-3;0.088;20260312
Noah Kahan;Porch Light;1645;1645;0.002;20260312
Issac Ryan Brown;End Of The Season;1600;62;0.003;20260312
稲葉浩志;タッチ;1600;-194;0.013;20260312
Bleu Soleil;Soleil Bleu;1598;676;0.566;20260312
LUIZA;Soleil Bleu;1598;676;0.566;20260312
Hearts2Hearts;RUDE;1571;272;0.041;20260312
Amy Shark;The Biggest Dick;1568;-32;0.003;20260312
Myles Smith;Drive Safe;1568;-1138;0.11;20260312
Niall Horan;Drive Safe;1568;-1138;0.11;20260312
Luke Combs;Days Like These;1568;14;0.201;20260312
Kate Bush;Wuthering Heights;1563;601;0.424;20260312
Remioromen;Sangatsu Kokonoka;1560;-129;0.096;20260312
Ricchi;Sarà perché ti amo;1555;1073;1.472;20260312
Poveri;Sarà perché ti amo;1555;1073;1.472;20260312
MELLOW DEAR US;Mellow Addiction;1555;-56;0.004;20260312
Lola Young;Messy;1548;-95;4.004;20260312
Guns N' Roses;Sweet Child o' Mine;1534;550;2.345;20260312
Chappell Roan;Pink Pony Club;1524;-715;2.598;20260312
TOMORROW X TOGETHER;Blue Spring;1509;1509;0.006;20260312
RADWIMPS;Seikai;1508;-30;0.164;20260312
Layah Noir;Que Hablen de Mí;1501;-107;0.008;20260312
Holly Humberstone;To Love Somebody;1501;620;0.017;20260312
HAVEN.;I Run;1495;-934;0.364;20260312
Kaitlin Aragon;I Run;1495;-934;0.364;20260312
King Gnu;AIZO;1486;146;0.122;20260312
sombr;back to friends;1467;-1201;0.529;20260312
Charlotte Cardin;Tant pis pour elle;1457;-62;0.165;20260312
MELLOW DEAR US;Dear World;1455;33;0.004;20260312
Ella Langley;you look like you love me;1444;-200;1.072;20260312
Riley Green;you look like you love me;1444;-200;1.072;20260312
Gracie Abrams;That’s So True;1444;1444;1.653;20260312
Bad Bunny;BAILE INoLVIDABLE;1438;-569;0.43;20260312
Michael Ball;Glow;1433;1433;0.001;20260312
Max McNown;Done For;1432;-1215;0.033;20260312
Gordo;Loco Loco;1404;39;0.035;20260312
Reinier Zonneveld;Loco Loco;1404;39;0.035;20260312
M!LK;Bakuretsu Aishiteru;1395;80;0.043;20260312
Aarne;NOBODY;1383;336;0.022;20260312
Toxi$;NOBODY;1383;336;0.022;20260312
Big Baby Tape;NOBODY;1383;336;0.022;20260312
T.I.;LET 'EM KNOW;1380;-99;0.08;20260312
Gorillaz;Orange County;1372;-348;0.072;20260312
Sarah Engels;Fire;1368;53;0.039;20260312
米津玄師;IRIS OUT;1368;188;0.072;20260312
Damon Price;I Was a Kid;1357;500;0.039;20260312
Fujii Kaze;My Place;1341;76;0.011;20260312
sombr;undressed;1339;113;0.663;20260312
Depeche Mode;Universal Soldier;1335;-383;0.023;20260312
War Child Records;Universal Soldier;1335;-383;0.023;20260312
Micah Tyler;Perfectly;1314;-574;0.024;20260312
Bella Kay;iloveitiloveitiloveit;1306;-254;0.012;20260312
Drake;NOKIA;1289;-479;1.779;20260312
Melanie C;Undefeated Champion;1283;1283;0.001;20260312
MELLOW DEAR US;BUBBLE GUM DANCE;1275;-120;0.003;20260312
Aitana;SUPERESTRELLA;1270;-162;0.148;20260312
Yuuri;The World Has Ended;1265;140;0.043;20260312
ANOTR;Talk To You;1261;-230;0.017;20260312
Tame Impala;Dracula;1245;49;0.049;20260312
JENNIE;Dracula;1245;49;0.049;20260312
AC/DC;Highway to Hell;1244;880;1.903;20260312
Angèle;What You Want;1243;-186;0.024;20260312
Justice;What You Want;1243;-186;0.024;20260312
Kate Ryan;Désenchantée;1236;-274;0.047;20260312
TRAP MAFIA HOUSE;Mafia Style;1230;-241;0.061;20260312
Olivia Dean;Nice To Each Other;1229;373;0.469;20260312
Lil Kleine;Lijntje;1228;558;0.017;20260312
Milolaathetlukken;Lijntje;1228;558;0.017;20260312
Shashwat Sachdev;Aari Aari;1227;1227;0.001;20260312
Bombay Rockers;Aari Aari;1227;1227;0.001;20260312
Irshad Kamil;Aari Aari;1227;1227;0.001;20260312
Khan Saab;Aari Aari;1227;1227;0.001;20260312
Reble;Aari Aari;1227;1227;0.001;20260312
Token;Aari Aari;1227;1227;0.001;20260312
Jasmine Sandlas;Aari Aari;1227;1227;0.001;20260312
Sudhir Yaduvanshi;Aari Aari;1227;1227;0.001;20260312
Navtej Singh Rehal - Dhurandhar The Revenge;Aari Aari;1227;1227;0.001;20260312
Zara Larsson;Midnight Sun;1221;116;0.097;20260312
ZXKAI;NO BATIDÃO;1219;-1019;0.086;20260312
slxughter;NO BATIDÃO;1219;-1019;0.086;20260312
M!LK;Sukisugite METSU;1217;113;0.163;20260312
RAYE;Nightingale Lane.;1210;-465;0.045;20260312
Rick Astley;Waiting On You;1193;-24;0.02;20260312
Mr.Children;Again;1193;-48;0.067;20260312
Achille Lauro;Perdutamente;1189;385;0.098;20260312
Billie Eilish;BIRDS OF A FEATHER;1187;-495;5.747;20260312
ROSALÍA;La Perla;1183;-373;0.273;20260312
Yahritza Y Su Esencia;La Perla;1183;-373;0.273;20260312
Sean Paul featuring Keyshia Cole;(When You Gonna) Give It Up to Me;1182;860;0.005;20260312
The Killers;Mr. Brightside;1174;142;1.615;20260312
Tyla;CHANEL;1174;303;0.388;20260312
SG;Us, Again;1170;-23;0.078;20260312
Alphaville;Forever Young;1160;152;1.263;20260312
Jahin Music;Your Phone Linging;1157;59;0.286;20260312
Maher Zain;Qalbi Fil Madinah;1156;412;0.084;20260312
Harris J;Qalbi Fil Madinah;1156;412;0.084;20260312
FIELD OF VIEW;Dan Dan Kokoro Hikareteku ~30thver~;1148;380;0.002;20260312
Monroe;REGARDE;1146;254;0.009;20260312
Lewis Capaldi;Someone You Loved;1139;-275;6.885;20260312
Samurai Jay;OSSESSIONE;1138;-319;0.02;20260312
HUGEL;Jamaican;1129;266;0.186;20260312
SOLTO (FR);Jamaican;1129;266;0.186;20260312
Ane Brun;Big In Japan;1125;1125;0.024;20260312
Lady Gaga;Shallow;1119;460;12.834;20260312
Bradley Cooper;Shallow;1119;460;12.834;20260312
Rodrigo Amarante;Tuyo;1114;406;0.422;20260312
GroßstadtEngel;Gute Laune;1109;126;0.285;20260312
Ryokuoushoku Shakai;Riding the wind;1104;21;0.003;20260312
Zaho;Comme Caroline;1101;357;0.017;20260312
BLACKPINK;Champion;1087;-138;0.048;20260312
Mrs. Green Apple;Shunshu;1083;21;0.02;20260312
Suzane;Champagne;1079;1048;0.012;20260312
Charli xcx;Chains of Love;1079;34;0.142;20260312
Yoshiko Hanzaki;サクラ~卒業できなかった君へ~;1062;-279;0.013;20260312
Paris Paloma;labour;1061;-1585;0.155;20260312
Yorushika;Plover;1056;261;0.008;20260312
Natasha Bedingfield;Unwritten;1051;277;0.99;20260312
Sayf;TU MI PIACI TANTO;1049;-172;0.021;20260312
Ryokuoushoku Shakai;Hazukashiika Seishunwa;1041;-129;0.028;20260312
Kato;Turn the Lights Off;1033;-286;0.679;20260312
Bruno Mars;Cha Cha Cha;1029;288;0.026;20260312
East Duo;Chubina;1021;814;0.347;20260312
Tatsuya Kitani;Kasuka na Hana;1021;-55;0.042;20260312
The Beatles;Here Comes the Sun;1011;-266;0.783;20260312
sakanaction;IRANAI;1002;-55;0.033;20260312
Luke Combs;My Kinda Saturday Night;1000;586;0.13;20260312
Tom Odell;Another Love;998;669;2.655;20260312
Coolio;Gangsta's Paradise;987;775;1.095;20260312
Fleetwood Mac;Landslide;986;-64;0.36;20260312
Miley Cyrus;Flowers;985;80;7.556;20260312
Tinie Tempah;Energy;983;983;0.026;20260312
Alex Mills;Energy;983;983;0.026;20260312
sumika;Honto;983;91;0.027;20260312
Ed Sheeran;Sapphire;975;-1602;2.029;20260312
Agust D;People;964;-1374;0.155;20260312
Snow Man;odorouze;964;89;0.025;20260312
The Police;Every Breath You Take;954;788;0.649;20260312
Johannes Oerding;Märchen aus Hollywood;945;-305;0.035;20260312
Sarah Connor;Märchen aus Hollywood;945;-305;0.035;20260312
Bruno Mars;I Just Might;13264;-396;0.982;20260313
RAYE;WHERE IS MY HUSBAND;11199;-398;1.882;20260313
The Pussycat Dolls;Club Song;10923;1379;0.02;20260313
Taylor Swift;The Fate of Ophelia;10604;-1969;2.708;20260313
Peter Gregson;360;9668;-2301;0.133;20260313
HUNTR/X;Golden;9077;-622;4.107;20260313
EJAE;Golden;9077;-622;4.107;20260313
AUDREY NUNA;Golden;9077;-622;4.107;20260313
REI AMI;Golden;9077;-622;4.107;20260313
KPop Demon Hunters Cast;Golden;9077;-622;4.107;20260313
Aiyana-Lee;Housebroken;9063;-1925;0.036;20260313
Alex Warren;FEVER DREAM;8846;-1097;0.16;20260313
Bebe Rexha;New Religion;8706;-563;0.096;20260313
Faithless;New Religion;8706;-563;0.096;20260313
Luke Combs;I Ain't No Cowboy;8548;6648;0.01;20260313
Bruno Mars;Risk It All;8523;-2126;0.175;20260313
Melanie C;Undefeated Champion;8376;7093;0.01;20260313
Sabaton;Yamato;8339;8339;0.008;20260313
Harry Styles;American Girls;8254;1191;0.063;20260313
Alex Warren;Ordinary;8241;-2063;5.011;20260313
Stray Kids;Endless Sun;7889;7889;0.008;20260313
Bruce Springsteen;A Rainy Night in Soho;7649;546;0.015;20260313
Taylor Swift;Opalite;7597;-2114;1.377;20260313
Olivia Dean;So Easy;7434;-78;0.997;20260313
mikeeysmind;Papaoutai;7405;-1650;0.595;20260313
Chill77;Papaoutai;7405;-1650;0.595;20260313
Unjaps;Papaoutai;7405;-1650;0.595;20260313
Harry Styles;Aperture;7012;-2055;0.44;20260313
Olivia Dean;Man I Need;6875;-1151;1.888;20260313
Owen James;When I Stand;6338;-257;0.028;20260313
The Goo Goo Dolls;Iris;6157;-1246;1.699;20260313
Noah Kahan;Porch Light;6008;4363;0.008;20260313
Djo;End of Beginning;5646;-1847;1.548;20260313
Ella Langley;Choosin' Texas;5442;-75;0.644;20260313
Charlie Puth;Home;5340;-1438;0.029;20260313
sombr;12 to 12;5195;470;0.923;20260313
Christina Perri;A Thousand Years;4854;-1713;8.165;20260313
Lainey Wilson;Can't Sit Still;4830;4830;0.005;20260313
Bad Bunny;DtMF;4646;-1047;0.916;20260313
Lady Gaga;Die With A Smile;4526;-340;7.201;20260313
Bruno Mars;Die With A Smile;4526;-340;7.201;20260313
Lady Gaga;Always Remember Us This Way;4456;-1064;9.335;20260313
Zara Larsson;Lush Life;4415;-348;2.438;20260313
Anita Ward;Ring My Bell;4379;-2984;0.085;20260313
Kacey Musgraves;Dry Spell;4256;372;0.008;20260313
Sam Fender;Rein Me In;4070;298;0.342;20260313
Olivia Dean;Rein Me In;4070;298;0.342;20260313
PinkPantheress;Stateside;3913;945;0.11;20260313
Sia;Unstoppable;3847;250;7.459;20260313
SIENNA SPIRO;Die On This Hill;3631;-816;0.434;20260313
sombr;Homewrecker;3604;-982;0.143;20260313
Shakira;Zoo;3569;146;0.472;20260313
Robyn;Blow My Mind;3553;-5258;0.012;20260313
Disney;Zoo;3538;-947;0.307;20260313
Shakira;Zoo;3538;-947;0.307;20260313
Johannes Oerding;Wolken;3425;3425;0.003;20260313
Michael Patrick Kelly;Wolken;3425;3425;0.003;20260313
Die Toten Hosen;Die Show muss weitergehen;3401;3401;0.003;20260313
Marc Rebillet;Your New Morning Alarm;3367;-763;0.658;20260313
Jennifer Lopez;Save Me Tonight;3333;-784;0.053;20260313
David Guetta;Save Me Tonight;3333;-784;0.053;20260313
Maite Kelly;Frei;3255;3255;0.003;20260313
Forest Blakk;You’ll Be The Proof;3210;-114;0.007;20260313
Joy Williams;You’ll Be The Proof;3210;-114;0.007;20260313
Luke Combs;Be By You;3177;-216;0.109;20260313
The Pretty Reckless;When I Wake Up;3114;3114;0.003;20260313
Dave;Raindance;3006;-1002;0.231;20260313
Tems;Raindance;3006;-1002;0.231;20260313
Luke Combs;Sleepless in a Hotel Room;2967;-230;0.224;20260313
Ikro.;LET ME BE;2829;707;0.005;20260313
Bilmuri;ALWAYS LET YOU DOWN;2683;2683;0.003;20260313
A Day to Remember;ALWAYS LET YOU DOWN;2683;2683;0.003;20260313
SIENNA SPIRO;The Visitor;2614;2614;0.003;20260313
Eminem;Lose Yourself;2505;374;3.67;20260313
Ella Langley;Be Her;2479;-923;0.107;20260313
Sal da Vinci;Per sempre sì;2422;-505;0.076;20260313
David Guetta;Gone Gone Gone;2402;-540;0.892;20260313
Teddy Swims;Gone Gone Gone;2402;-540;0.892;20260313
Tones And I;Gone Gone Gone;2402;-540;0.892;20260313
Maphra;Doomed;2393;-2700;0.038;20260313
Shenseea;Talk To Me Nuh;2361;2361;0.002;20260313
Rvssian;Talk To Me Nuh;2361;2361;0.002;20260313
Vybz Kartel;Talk To Me Nuh;2361;2361;0.002;20260313
Charlotte Cardin;The Way We Touch;2299;2299;0.002;20260313
Kane Brown;Woman;2281;2281;0.002;20260313
ARASHI;Five;2259;204;0.031;20260313
Noah Kahan;The Great Divide;2246;60;0.1;20260313
Ac/Dc;Thunderstruck;2238;-1266;3.954;20260313
Shaboozey;A Bar Song;2198;-611;4.667;20260313
Bad Bunny;Tití Me Preguntó;2177;-1008;0.773;20260313
Unheilig;Mein Löwe;2159;42;0.073;20260313
King Gnu;AIZO;2141;655;0.124;20260313
Benson Boone;Beautiful Things;2128;-994;7.052;20260313
Carly Pearce;If I Don't Leave I'm Gonna Stay;2115;2115;0.002;20260313
Riley Green;If I Don't Leave I'm Gonna Stay;2115;2115;0.002;20260313
ANOTR;Talk To You;2099;838;0.019;20260313
Bad Bunny;NUEVAYoL;2090;-810;0.735;20260313
Unheilig;Spiegel;2070;-101;0.042;20260313
Gordo;Loco Loco;2056;652;0.037;20260313
Reinier Zonneveld;Loco Loco;2056;652;0.037;20260313
The Pretty Reckless;For I Am Death;2018;2018;0.012;20260313
Kato;Turn the Lights Off;2008;-1366;0.283;20260313
Jon;Turn the Lights Off;2008;-1366;0.283;20260313
Tommee Profitt;There Is Power;1969;1969;0.002;20260313
Crowder;There Is Power;1969;1969;0.002;20260313
Lykke Li;Knife In The Heart;1967;1967;0.002;20260313
HUGEL;Jamaican;1952;823;0.188;20260313
SOLTO (FR);Jamaican;1952;823;0.188;20260313
Independentmusicart;Black Sheep;1940;-607;0.1;20260313
Drake;NOKIA;1916;627;1.781;20260313
Bailey Zimmerman;Just Believe;1907;1907;0.002;20260313
Brandon Lake;Just Believe;1907;1907;0.002;20260313
Myles Smith;Drive Safe;1889;321;0.112;20260313
Niall Horan;Drive Safe;1889;321;0.112;20260313
Martin Garrix;Catharina;1887;1887;0.002;20260313
Annalisa;Canzone Estiva;1885;1885;0.002;20260313
sombr;back to friends;1880;413;0.531;20260313
Billie Eilish;BIRDS OF A FEATHER;1816;629;5.748;20260313
TRAP MAFIA HOUSE;Mafia Style;1814;584;0.063;20260313
Tream;HASENJAGD;1813;1813;0.002;20260313
treamiboii;HASENJAGD;1813;1813;0.002;20260313
Holly Humberstone;Cruel World;1803;1803;0.002;20260313
Natasha Bedingfield;Unwritten;1799;748;0.992;20260313
Unheilig;Wunderschön;1781;-485;0.202;20260313
Mrs. GREEN APPLE;lulu.;1764;59;0.106;20260313
Tears for Fears;Everybody Wants to Rule the World;1729;1031;0.975;20260313
ROSÉ;APT.;1716;-757;6.281;20260313
Bruno Mars;APT.;1716;-757;6.281;20260313
Tucker Wetmore;Sunburn;1715;1715;0.002;20260313
Kate Ryan;Désenchantée;1696;460;0.048;20260313
Luke Combs;Days Like These;1675;107;0.202;20260313
Amy Shark;The Biggest Dick;1634;66;0.005;20260313
HAVEN.;I Run;1599;104;0.365;20260313
Kaitlin Aragon;I Run;1599;104;0.365;20260313
Suzan;Halverwege;1584;1584;0.002;20260313
Freek;Halverwege;1584;1584;0.002;20260313
稲葉浩志;タッチ;1568;-32;0.014;20260313
Chappell Roan;Pink Pony Club;1528;4;2.599;20260313
badmómzjay;Gefährlich;1519;1519;0.002;20260313
Boki;Gefährlich;1519;1519;0.002;20260313
JO1;Breezy Love;1508;-229;0.003;20260313
Laura Pausini;¿PORQUÉ TE VAS;1484;-402;0.007;20260313
NiziU;Dear;1479;1479;0.001;20260313
Montez;Wenn du mich fragst;1478;1478;0.001;20260313
Luke Grimes;Drink Drink Drink;1474;779;0.002;20260313
Damon Price;I Was a Kid;1470;113;0.041;20260313
RADWIMPS;Seikai;1450;-58;0.165;20260313
Bella Kay;iloveitiloveitiloveit;1437;131;0.013;20260313
Yuuri;The World Has Ended;1422;157;0.045;20260313
Hearts2Hearts;RUDE;1397;-174;0.042;20260313
Jeanette Biedermann;Rock My Life;1395;1395;0.006;20260313
レミオロメン;3月9日;1387;1387;0.159;20260313
Lou Gramm;Time Heals the Pain;1381;737;0.002;20260313
Tame Impala;Dracula;1352;107;0.05;20260313
JENNIE;Dracula;1352;107;0.05;20260313
Emma;VACCI PIANO;1347;1347;0.001;20260313
Rkomi;VACCI PIANO;1347;1347;0.001;20260313
Saltatio Mortis;Ich habe keine Angst;1339;1339;0.001;20260313
Outsiders;Right Now;1322;1322;0.001;20260313
Paul Elstak;Right Now;1322;1322;0.001;20260313
ROSALÍA;Berghain;1322;-1290;0.523;20260313
Björk;Berghain;1322;-1290;0.523;20260313
Yves Tumor;Berghain;1322;-1290;0.523;20260313
Alphaville;Forever Young;1319;159;1.264;20260313
Sarah Connor;Interstellar;1317;-609;0.018;20260313
Sido;Interstellar;1317;-609;0.018;20260313
M!LK;Bakuretsu Aishiteru;1315;-80;0.045;20260313
Michael Bennett;After I'm Gone;1310;1008;0.014;20260313
Samurai Jay;OSSESSIONE;1307;169;0.021;20260313
Johannes Oerding;Mehr Glück als Verstand;1307;432;0.017;20260313
HWASA;Good Goodbye;1299;-641;0.323;20260313
Lola Young;Messy;1299;-249;4.005;20260313
Danny de Munk;Heerlijk;1295;1295;0.001;20260313
Jack Savoretti;I Hear You Calling;1290;-997;0.008;20260313
Layah Noir;Que Hablen de Mí;1290;-211;0.009;20260313
The Cranberries;Zombie;1283;-452;1.77;20260313
Dermot Kennedy;Funeral;1268;-914;0.083;20260313
Ofenbach;Miles Away;1266;456;0.034;20260313
Ryokuoushoku Shakai;Riding the wind;1265;161;0.004;20260313
The Shires;Getaway Car;1265;1265;0.001;20260313
米津玄師;IRIS OUT;1264;-104;0.073;20260313
Oimara;Wackelkontakt;1264;1052;0.941;20260313
BLACKPINK;Champion;1253;166;0.049;20260313
Journey;Don't Stop Believin';1246;-436;3.573;20260313
Disturbed;The Sound of Silence;1242;-685;10.216;20260313
TOMORROW X TOGETHER;Blue Spring;1240;-269;0.008;20260313
Ella Langley;Dandelion;1226;-424;0.089;20260313
Julian Sommer;Dachdecker;1224;1224;0.001;20260313
KATSEYE;Gabriela;1222;380;0.347;20260313
MELLOW DEAR US;Dear World;1217;-238;0.005;20260313
Issac Ryan Brown;End Of The Season;1217;-383;0.004;20260313
10-FEET;Burn Out to Nothing;1217;375;0.005;20260313
Kensington;Livin' For;1212;1212;0.001;20260313
Aitana;SUPERESTRELLA;1197;-73;0.149;20260313
T.I.;LET 'EM KNOW;1193;-187;0.081;20260313
M!LK;Sukisugite METSU;1193;-24;0.164;20260313
Achille Lauro;Perdutamente;1189;0;0.099;20260313
Luke Combs;Giving Her Away;1179;243;0.113;20260313
P1Harmony;UNIQUE;1178;358;0.002;20260313
Romeo Santos;Dardos;1177;292;0.056;20260313
Prince Royce;Dardos;1177;292;0.056;20260313
Mr.Children;Again;1170;-23;0.069;20260313
Starship;Nothing's Gonna Stop Us Now;1167;773;0.646;20260313
Fedez;MALE NECESSARIO;1166;496;0.024;20260313
Marco Masini;MALE NECESSARIO;1166;496;0.024;20260313
COSMÓ;TANZSCHEIN;1156;251;0.019;20260313
Fujii Kaze;My Place;1148;-193;0.012;20260313
Luke Combs;My Kinda Saturday Night;1136;136;0.131;20260313
Holly Humberstone;To Love Somebody;1135;-366;0.018;20260313
Rick Astley;Waiting On You;1125;-68;0.021;20260313
sakanaction;Kaiju;1125;180;0.387;20260313
Ella Langley;you look like you love me;1114;-330;1.074;20260313
Riley Green;you look like you love me;1114;-330;1.074;20260313
ROSALÍA;La Perla;1114;-69;0.274;20260313
Yahritza Y Su Esencia;La Perla;1114;-69;0.274;20260313
Marina Sway;If heaven has a park;1104;1104;0.001;20260313
SG;Us, Again;1104;-66;0.079;20260313
Johannes Oerding;Märchen aus Hollywood;1103;158;0.036;20260313
Sarah Connor;Märchen aus Hollywood;1103;158;0.036;20260313
JJ Lin;Careful with Fate;1086;347;0.008;20260313
RAYE;Nightingale Lane.;1084;-126;0.046;20260313
Milky;Just The Way You Are;1083;476;0.017;20260313
Mall Grab;Just The Way You Are;1083;476;0.017;20260313
sumika;Honto;1083;100;0.028;20260313
Angèle;What You Want;1076;-167;0.025;20260313
Justice;What You Want;1076;-167;0.025;20260313
Aarne;NOBODY;1066;-317;0.023;20260313
Toxi$;NOBODY;1066;-317;0.023;20260313
Big Baby Tape;NOBODY;1066;-317;0.023;20260313
Snow Man;odorouze;1062;98;0.026;20260313
FUMINO;HOTLINE;1041;1041;0.001;20260313
Justė;Turn The Lights Off;1040;163;0.049;20260313
Jaxstyle;Turn The Lights Off;1040;163;0.049;20260313
Jon;Turn The Lights Off;1040;163;0.049;20260313
Luke Combs;Back in the Saddle;1036;284;0.17;20260313
Gorillaz;Orange County;1030;-342;0.073;20260313
Ricchi;Sarà perché ti amo;1024;-531;1.473;20260313
Poveri;Sarà perché ti amo;1024;-531;1.473;20260313
Madame;DISINCANTO;1024;1024;0.001;20260313
Kate Bush;Running Up That Hill;1021;-916;2.65;20260313
Harry Styles;Coming Up Roses;1020;-749;0.026;20260313
Ed Sheeran;Sapphire;1018;43;2.03;20260313
Guns N' Roses;Sweet Child o' Mine;1017;-517;2.346;20260313
FIELD OF VIEW;Dan Dan Kokoro Hikareteku ~30thver~;1002;-146;0.003;20260313
Jahin Music;Your Phone Linging;996;-161;0.287;20260313
Sonny Fodera;Think About Us;994;196;0.247;20260313
D.O.D;Think About Us;994;196;0.247;20260313
Poppy Baskcomb;Think About Us;994;196;0.247;20260313
Tame Impala;Dracula;987;525;0.141;20260313
Teddy Swims;Lose Control;984;-865;7.255;20260313
I'm With Her;Ain't That Fine;983;983;0.001;20260313
Bruno Mars;I Just Might;13057;-207;0.995;20260314
Taylor Swift;The Fate of Ophelia;13008;2404;2.721;20260314
HUNTR/X;Golden;12243;3166;4.12;20260314
EJAE;Golden;12243;3166;4.12;20260314
AUDREY NUNA;Golden;12243;3166;4.12;20260314
REI AMI;Golden;12243;3166;4.12;20260314
KPop Demon Hunters Cast;Golden;12243;3166;4.12;20260314
RAYE;WHERE IS MY HUSBAND;11648;449;1.893;20260314
The Pussycat Dolls;Club Song;9721;-1202;0.03;20260314
Taylor Swift;Opalite;9699;2102;1.386;20260314
Alex Warren;Ordinary;9625;1384;5.021;20260314
Peter Gregson;360;9298;-370;0.142;20260314
Bebe Rexha;New Religion;8635;-71;0.105;20260314
Faithless;New Religion;8635;-71;0.105;20260314
Alex Warren;FEVER DREAM;8598;-248;0.168;20260314
Aiyana-Lee;Housebroken;8261;-802;0.044;20260314
Harry Styles;Aperture;7772;760;0.448;20260314
Harry Styles;American Girls;7666;-588;0.071;20260314
mikeeysmind;Papaoutai;7590;185;0.602;20260314
Chill77;Papaoutai;7590;185;0.602;20260314
Unjaps;Papaoutai;7590;185;0.602;20260314
Bruno Mars;Risk It All;7556;-967;0.183;20260314
Olivia Dean;So Easy;7423;-11;1.005;20260314
The Goo Goo Dolls;Iris;7350;1193;1.707;20260314
Madonna;Into the Groove;7252;6918;0.035;20260314
Olivia Dean;Man I Need;7141;266;1.895;20260314
Bruce Springsteen;A Rainy Night in Soho;7009;-640;0.022;20260314
Luke Combs;I Ain't No Cowboy;6898;-1650;0.017;20260314
Sabaton;Yamato;6663;-1676;0.015;20260314
Zara Larsson;Lush Life;5746;1331;2.444;20260314
Ella Langley;Choosin' Texas;5667;225;0.65;20260314
Owen James;When I Stand;5185;-1153;0.033;20260314
Djo;End of Beginning;5130;-516;1.553;20260314
Stray Kids;Endless Sun;4987;-2902;0.013;20260314
Bad Bunny;DtMF;4891;245;0.921;20260314
sombr;12 to 12;4791;-404;0.928;20260314
Lady Gaga;Die With A Smile;4732;206;7.205;20260314
Bruno Mars;Die With A Smile;4732;206;7.205;20260314
Lady Gaga;Always Remember Us This Way;4616;160;9.34;20260314
Anita Ward;Ring My Bell;4616;237;0.089;20260314
Disney;Zoo;4530;992;0.311;20260314
Shakira;Zoo;4530;992;0.311;20260314
SIENNA SPIRO;Die On This Hill;4488;857;0.438;20260314
Noah Kahan;Porch Light;4458;-1550;0.012;20260314
Christina Perri;A Thousand Years;4345;-509;8.17;20260314
Charlie Puth;Home;4216;-1124;0.033;20260314
sombr;Homewrecker;4132;528;0.147;20260314
Shakira;Zoo;4072;503;0.476;20260314
Kacey Musgraves;Dry Spell;3964;-292;0.012;20260314
Luke Combs;Be By You;3811;634;0.113;20260314
Sam Fender;Rein Me In;3783;-287;0.345;20260314
Olivia Dean;Rein Me In;3783;-287;0.345;20260314
Lainey Wilson;Can't Sit Still;3730;-1100;0.009;20260314
PinkPantheress;Stateside;3659;-254;0.114;20260314
Dave;Raindance;3597;591;0.235;20260314
Tems;Raindance;3597;591;0.235;20260314
Sia;Unstoppable;3517;-330;7.462;20260314
Melanie C;Undefeated Champion;3507;-4869;0.013;20260314
Die Toten Hosen;Die Show muss weitergehen;3463;62;0.007;20260314
Luke Combs;Sleepless in a Hotel Room;3427;460;0.228;20260314
The Pretty Reckless;When I Wake Up;3232;118;0.006;20260314
Johannes Oerding;Wolken;3141;-284;0.007;20260314
Michael Patrick Kelly;Wolken;3141;-284;0.007;20260314
Carly Pearce;If I Don't Leave I'm Gonna Stay;3122;1007;0.005;20260314
Riley Green;If I Don't Leave I'm Gonna Stay;3122;1007;0.005;20260314
Ac/Dc;Thunderstruck;3100;862;3.957;20260314
Benson Boone;Beautiful Things;2888;760;7.055;20260314
Luke Combs;Days Like These;2871;1196;0.205;20260314
Maite Kelly;Frei;2854;-401;0.006;20260314
Jennifer Lopez;Save Me Tonight;2789;-544;0.056;20260314
David Guetta;Save Me Tonight;2789;-544;0.056;20260314
HOSHI;Baby, Honey;2776;2776;0.003;20260314
Disturbed;The Sound of Silence;2762;1520;10.219;20260314
ROSÉ;APT.;2721;1005;6.283;20260314
Bruno Mars;APT.;2721;1005;6.283;20260314
Noah Kahan;The Great Divide;2719;473;0.102;20260314
Forest Blakk;You’ll Be The Proof;2685;-525;0.009;20260314
Joy Williams;You’ll Be The Proof;2685;-525;0.009;20260314
The Pretty Reckless;For I Am Death;2542;524;0.014;20260314
Kane Brown;Woman;2536;255;0.005;20260314
Bad Bunny;NUEVAYoL;2492;402;0.737;20260314
Journey;Don't Stop Believin';2447;1201;3.575;20260314
Bad Bunny;Tití Me Preguntó;2386;209;0.775;20260314
Unheilig;Du bist meine Heimat;2358;1516;0.003;20260314
ANOTR;Talk To You;2297;198;0.021;20260314
Kato;Turn the Lights Off;2293;285;0.285;20260314
Jon;Turn the Lights Off;2293;285;0.285;20260314
Ella Langley;Be Her;2181;-298;0.109;20260314
Bailey Zimmerman;Just Believe;2173;266;0.004;20260314
Brandon Lake;Just Believe;2173;266;0.004;20260314
Tame Impala;Dracula;2163;811;0.052;20260314
JENNIE;Dracula;2163;811;0.052;20260314
ARASHI;Five;2157;-102;0.034;20260314
ROSALÍA;La Perla;2147;1033;0.276;20260314
Yahritza Y Su Esencia;La Perla;2147;1033;0.276;20260314
Charlotte Cardin;The Way We Touch;2137;-162;0.004;20260314
Luke Combs;Giving Her Away;2126;947;0.115;20260314
Sal da Vinci;Per sempre sì;2109;-313;0.078;20260314
Luke Combs;Back in the Saddle;2069;1033;0.173;20260314
HAVEN.;I Run;2050;451;0.367;20260314
Kaitlin Aragon;I Run;2050;451;0.367;20260314
King Gnu;AIZO;2043;-98;0.126;20260314
Shaboozey;A Bar Song;1995;-203;4.669;20260314
Luke Combs;My Kinda Saturday Night;1951;815;0.133;20260314
sombr;back to friends;1944;64;0.533;20260314
Shakira;ALGO TÚ;1939;1150;0.02;20260314
Beéle;ALGO TÚ;1939;1150;0.02;20260314
Unheilig;Wunderschön;1939;158;0.204;20260314
Drake;NOKIA;1933;17;1.783;20260314
HUGEL;Jamaican;1910;-42;0.19;20260314
SOLTO (FR);Jamaican;1910;-42;0.19;20260314
Dermot Kennedy;Funeral;1883;615;0.085;20260314
Tears for Fears;Everybody Wants to Rule the World;1839;110;0.977;20260314
SIENNA SPIRO;The Visitor;1826;-788;0.004;20260314
Shenseea;Talk To Me Nuh;1803;1803;0.002;20260314
Vybz Kartel;Talk To Me Nuh;1803;1803;0.002;20260314
Rvssian;Talk To Me Nuh;1803;1803;0.002;20260314
David Guetta;Gone Gone Gone;1784;-618;0.894;20260314
Teddy Swims;Gone Gone Gone;1784;-618;0.894;20260314
Tones And I;Gone Gone Gone;1784;-618;0.894;20260314
Luke Combs;15 Minutes;1756;922;0.058;20260314
Independentmusicart;Black Sheep;1750;-190;0.101;20260314
Gordo;Loco Loco;1721;-335;0.039;20260314
Reinier Zonneveld;Loco Loco;1721;-335;0.039;20260314
Annalisa;Canzone Estiva;1716;-169;0.004;20260314
Maphra;Doomed;1714;-679;0.04;20260314
Layah Noir;Que Hablen de Mí;1693;403;0.011;20260314
Mrs. GREEN APPLE;lulu.;1649;-115;0.107;20260314
Lola Young;Messy;1648;349;4.007;20260314
Amy Shark;The Biggest Dick;1621;-13;0.006;20260314
稲葉浩志;タッチ;1601;33;0.016;20260314
Issac Ryan Brown;End Of The Season;1600;383;0.006;20260314
Tyla;CHANEL;1597;762;0.39;20260314
TRAP MAFIA HOUSE;Mafia Style;1586;-228;0.065;20260314
Unheilig;Mein Löwe;1581;-578;0.075;20260314
Eminem;Lose Yourself;1565;-940;3.671;20260314
HWASA;Good Goodbye;1561;262;0.324;20260314
Chappell Roan;Pink Pony Club;1543;15;2.601;20260314
Outsiders;Right Now;1538;216;0.003;20260314
Paul Elstak;Right Now;1538;216;0.003;20260314
Kygo;Save My Love;1521;735;0.035;20260314
Khalid;Save My Love;1521;735;0.035;20260314
Gryffin;Save My Love;1521;735;0.035;20260314
Kenshi Yonezu;IRIS OUT;1497;1497;0.312;20260314
Bilmuri;ALWAYS LET YOU DOWN;1494;-1189;0.004;20260314
A Day to Remember;ALWAYS LET YOU DOWN;1494;-1189;0.004;20260314
Danny de Munk;Heerlijk;1482;187;0.003;20260314
NiziU;Dear;1479;0;0.003;20260314
Marc Rebillet;Your New Morning Alarm;1468;-1899;0.659;20260314
Rick Astley;Waiting On You;1467;342;0.023;20260314
Guns N' Roses;Sweet Child o' Mine;1462;445;2.347;20260314
Josh Groban;Can You Feel the Love Tonight;1456;590;0.002;20260314
JO1;Breezy Love;1450;-58;0.005;20260314
The Cranberries;Zombie;1448;165;1.771;20260314
w-inds.;Forever Memories;1441;1441;0.001;20260314
RADWIMPS;Seikai;1422;-28;0.167;20260314
Suzan;Halverwege;1420;-164;0.003;20260314
Freek;Halverwege;1420;-164;0.003;20260314
GroßstadtEngel;Gute Laune;1416;734;0.287;20260314
RAYE;Nightingale Lane.;1399;315;0.047;20260314
Yuuri;The World Has Ended;1395;-27;0.046;20260314
Sarah Engels;Fire;1382;473;0.041;20260314
Bella Kay;iloveitiloveitiloveit;1362;-75;0.015;20260314
milet;The Story of Us;1359;925;0.071;20260314
Martin Garrix;Catharina;1358;-529;0.003;20260314
Tom MacDonald;Anti;1353;1353;0.001;20260314
Aitana;SUPERESTRELLA;1351;154;0.151;20260314
Terrian;Testimony;1349;1245;0.001;20260314
Ryokuoushoku Shakai;Riding the wind;1341;76;0.006;20260314
Kate Ryan;Désenchantée;1335;-361;0.05;20260314
Milky;Just The Way You Are;1335;252;0.018;20260314
Mall Grab;Just The Way You Are;1335;252;0.018;20260314
Angèle;What You Want;1329;253;0.027;20260314
Justice;What You Want;1329;253;0.027;20260314
Conrad Taylor;Berghain;1322;507;0.032;20260314
ROSALÍA;Berghain;1322;507;0.032;20260314
Björk;Berghain;1322;507;0.032;20260314
Yves Tumor;Berghain;1322;507;0.032;20260314
Australian Idol;All Night Long;1315;457;0.002;20260314
M!LK;Bakuretsu Aishiteru;1315;0;0.046;20260314
Starship;Nothing's Gonna Stop Us Now;1314;147;0.647;20260314
Justė;Turn The Lights Off;1309;269;0.05;20260314
Jaxstyle;Turn The Lights Off;1309;269;0.05;20260314
Jon;Turn The Lights Off;1309;269;0.05;20260314
BLACKPINK;Champion;1302;49;0.051;20260314
Zara Larsson;Midnight Sun;1297;562;0.099;20260314
Natasha Bedingfield;Unwritten;1295;-504;0.993;20260314
Shaboozey;Good News;1295;1220;0.925;20260314
ZXKAI;NO BATIDÃO;1283;482;0.088;20260314
slxughter;NO BATIDÃO;1283;482;0.088;20260314
JJ Lin;Careful with Fate;1268;182;0.01;20260314
Laura Pausini;¿PORQUÉ TE VAS;1266;-218;0.008;20260314
T.I.;LET 'EM KNOW;1265;72;0.082;20260314
&TEAM;Sakura-iro Yell;1265;1265;0.001;20260314
BUS;คับเฮีย;1246;1246;0.001;20260314
Damon Price;I Was a Kid;1243;-227;0.042;20260314
Jeanette Biedermann;Rock My Life;1241;-154;0.007;20260314
M!LK;Sukisugite METSU;1241;48;0.165;20260314
Teddy Swims;Lose Control;1238;254;7.256;20260314
Ella Langley;you look like you love me;1232;118;1.075;20260314
Riley Green;you look like you love me;1232;118;1.075;20260314
Ella Langley;Dandelion;1224;-2;0.091;20260314
Harry Styles;As It Was;1217;650;6.642;20260314
Tream;HASENJAGD;1217;-596;0.003;20260314
treamiboii;HASENJAGD;1217;-596;0.003;20260314
sumika;Honto;1217;134;0.03;20260314
Billie Eilish;BIRDS OF A FEATHER;1213;-603;5.75;20260314
The Bausa;Magnetic;1208;361;0.002;20260314
Lil Kleine;Lijntje;1199;249;0.02;20260314
Milolaathetlukken;Lijntje;1199;249;0.02;20260314
Kate Bush;Running Up That Hill;1195;174;2.651;20260314
Felix Harrer;Total Eclipse Of The Heart;1193;335;0.002;20260314
Remioromen;Sangatsu Kokonoka;1193;1193;0.097;20260314
Samurai Jay;OSSESSIONE;1185;-122;0.022;20260314
Robyn;Blow My Mind;1181;-2372;0.014;20260314
&TEAM;桜色Yell;1177;1177;0.001;20260314
10-FEET;Burn Out to Nothing;1170;-47;0.006;20260314
The Shires;Getaway Car;1167;-98;0.002;20260314
Johannes Oerding;Mehr Glück als Verstand;1157;-150;0.018;20260314
Marina Sway;If heaven has a park;1148;44;0.002;20260314
sakanaction;Kaiju;1148;23;0.388;20260314
Anna-Maria Zimmermann;Schiess dich zum Mond;1120;243;0.002;20260314
Johannes Oerding;Märchen aus Hollywood;1111;8;0.037;20260314
Sarah Connor;Märchen aus Hollywood;1111;8;0.037;20260314
ARASHI;エナジーソング～絶好調超～;1104;571;0.002;20260314
Aditya;Alakh Niranjan;1094;294;0.014;20260314
Nicholas Britell;Succession;1090;458;0.373;20260314
Zaho;Comme Caroline;1084;488;0.019;20260314
Mr.Children;Again;1083;-87;0.07;20260314
Hearts2Hearts;RUDE;1079;-318;0.043;20260314
Tucker Wetmore;Sunburn;1078;-637;0.003;20260314
BLACKPINK;JUMP;1074;269;1.1;20260314
Sonny Fodera;Think About Us;1071;77;0.248;20260314
D.O.D;Think About Us;1071;77;0.248;20260314
Poppy Baskcomb;Think About Us;1071;77;0.248;20260314
Neil Diamond;Sweet Caroline;1071;591;1.39;20260314
Julian Sommer;Dachdecker;1062;-162;0.002;20260314
Myles Smith;Drive Safe;1057;-832;0.113;20260314
Niall Horan;Drive Safe;1057;-832;0.113;20260314
Unheilig;Brot und Spiele;1056;201;0.002;20260314
Keane;Somewhere Only We Know;1053;149;1.271;20260314
Metallica;Enter Sandman;1046;510;1.59;20260314
Montez;Wenn du mich fragst;1041;-437;0.003;20260314
KATSEYE;Gabriela;1025;-197;0.348;20260314
LANY;Prettiest Thing I’ve Ever Seen;1024;257;0.002;20260314
Olivia Dean;Nice To Each Other;1023;186;0.471;20260314
Saja Boys;Soda Pop;1022;497;1.821;20260314
Andrew Choi;Soda Pop;1022;497;1.821;20260314
Neckwav;Soda Pop;1022;497;1.821;20260314
Danny Chung;Soda Pop;1022;497;1.821;20260314
Kevin Woo;Soda Pop;1022;497;1.821;20260314
samUIL Lee;Soda Pop;1022;497;1.821;20260314
KPop Demon Hunters Cast;Soda Pop;1022;497;1.821;20260314
ARASHI;Lucky Man;1021;365;0.002;20260314
Taylor Swift;The Fate of Ophelia;13402;394;2.734;20260315
Bruno Mars;I Just Might;12472;-585;1.007;20260315
RAYE;WHERE IS MY HUSBAND;11951;303;1.905;20260315
HUNTR/X;Golden;11580;-663;4.131;20260315
EJAE;Golden;11580;-663;4.131;20260315
AUDREY NUNA;Golden;11580;-663;4.131;20260315
REI AMI;Golden;11580;-663;4.131;20260315
KPop Demon Hunters Cast;Golden;11580;-663;4.131;20260315
Alex Warren;Ordinary;11033;1408;5.032;20260315
Taylor Swift;Opalite;9904;205;1.396;20260315
Owen James;When I Stand;9882;4697;0.043;20260315
Bruno Mars;Risk It All;8705;1149;0.192;20260315
Alex Warren;FEVER DREAM;8609;11;0.177;20260315
Harry Styles;Aperture;8443;671;0.457;20260315
mikeeysmind;Papaoutai;8214;624;0.61;20260315
Chill77;Papaoutai;8214;624;0.61;20260315
Unjaps;Papaoutai;8214;624;0.61;20260315
The Goo Goo Dolls;Iris;7738;388;1.714;20260315
Peter Gregson;360;7622;-1676;0.15;20260315
Olivia Dean;Man I Need;7519;378;1.902;20260315
Bebe Rexha;New Religion;7395;-1240;0.112;20260315
Faithless;New Religion;7395;-1240;0.112;20260315
Harry Styles;American Girls;7330;-336;0.078;20260315
Olivia Dean;So Easy;7217;-206;1.012;20260315
The Pussycat Dolls;Club Song;7029;-2692;0.037;20260315
Djo;End of Beginning;6791;1661;1.56;20260315
Aiyana-Lee;Housebroken;6186;-2075;0.05;20260315
Lady Gaga;Die With A Smile;5998;1266;7.211;20260315
Bruno Mars;Die With A Smile;5998;1266;7.211;20260315
Zara Larsson;Lush Life;5873;127;2.45;20260315
Luke Combs;I Ain't No Cowboy;5513;-1385;0.023;20260315
Bad Bunny;DtMF;5504;613;0.927;20260315
Ella Langley;Choosin' Texas;5367;-300;0.655;20260315
SIENNA SPIRO;Die On This Hill;5146;658;0.443;20260315
Madonna;Into the Groove;5060;-2192;0.04;20260315
Shakira;Zoo;4900;828;0.481;20260315
Anita Ward;Ring My Bell;4889;273;0.094;20260315
sombr;12 to 12;4797;6;0.933;20260315
Lady Gaga;Always Remember Us This Way;4740;124;9.345;20260315
Disney;Zoo;4517;-13;0.316;20260315
Shakira;Zoo;4517;-13;0.316;20260315
Christina Perri;A Thousand Years;4471;126;8.174;20260315
Bruce Springsteen;A Rainy Night in Soho;4211;-2798;0.026;20260315
Sabaton;Yamato;4142;-2521;0.019;20260315
The Second Voice;LET ME BE;4132;3808;0.091;20260315
sombr;Homewrecker;3918;-214;0.151;20260315
Benson Boone;Beautiful Things;3436;548;7.059;20260315
Noah Kahan;Porch Light;3366;-1092;0.015;20260315
Luke Combs;Be By You;3345;-466;0.116;20260315
PinkPantheress;Stateside;3332;-327;0.117;20260315
Luke Combs;Sleepless in a Hotel Room;3279;-148;0.231;20260315
Kato;Turn the Lights Off;3274;981;0.288;20260315
Jon;Turn the Lights Off;3274;981;0.288;20260315
Sam Fender;Rein Me In;3251;-532;0.349;20260315
Olivia Dean;Rein Me In;3251;-532;0.349;20260315
Johannes Oerding;Wolken;3094;-47;0.01;20260315
Michael Patrick Kelly;Wolken;3094;-47;0.01;20260315
Lainey Wilson;Can't Sit Still;3074;-656;0.012;20260315
Charlie Puth;Home;3071;-1145;0.036;20260315
Kacey Musgraves;Dry Spell;3054;-910;0.015;20260315
Bad Bunny;NUEVAYoL;3027;535;0.74;20260315
Unheilig;Du bist meine Heimat;2952;594;0.006;20260315
Die Toten Hosen;Die Show muss weitergehen;2870;-593;0.01;20260315
Maite Kelly;Frei;2811;-43;0.009;20260315
Sia;Unstoppable;2798;-719;7.465;20260315
Carly Pearce;If I Don't Leave I'm Gonna Stay;2752;-370;0.008;20260315
Riley Green;If I Don't Leave I'm Gonna Stay;2752;-370;0.008;20260315
Disturbed;The Sound of Silence;2681;-81;10.222;20260315
Noah Kahan;The Great Divide;2612;-107;0.105;20260315
Ella Langley;Be Her;2605;424;0.112;20260315
ROSALÍA;Berghain;2508;1491;0.526;20260315
Björk;Berghain;2508;1491;0.526;20260315
Yves Tumor;Berghain;2508;1491;0.526;20260315
Dermot Kennedy;Funeral;2451;568;0.088;20260315
ROSÉ;APT.;2437;-284;6.286;20260315
Bruno Mars;APT.;2437;-284;6.286;20260315
Jennifer Lopez;Save Me Tonight;2400;-389;0.058;20260315
David Guetta;Save Me Tonight;2400;-389;0.058;20260315
Harry Styles;Coming Up Roses;2395;1742;0.029;20260315
Gordo;Loco Loco;2384;663;0.041;20260315
Reinier Zonneveld;Loco Loco;2384;663;0.041;20260315
Stray Kids;Endless Sun;2366;-2621;0.015;20260315
Dave;Raindance;2353;-1244;0.237;20260315
Tems;Raindance;2353;-1244;0.237;20260315
Ac/Dc;Thunderstruck;2348;-752;3.96;20260315
The Cranberries;Zombie;2313;865;1.773;20260315
Tears for Fears;Everybody Wants to Rule the World;2278;439;0.979;20260315
Luke Combs;Days Like These;2229;-642;0.207;20260315
David Guetta;Gone Gone Gone;2160;376;0.896;20260315
Teddy Swims;Gone Gone Gone;2160;376;0.896;20260315
Tones And I;Gone Gone Gone;2160;376;0.896;20260315
GroßstadtEngel;Gute Laune;2158;742;0.289;20260315
Forest Blakk;You’ll Be The Proof;2137;-548;0.011;20260315
Joy Williams;You’ll Be The Proof;2137;-548;0.011;20260315
Harry Styles;Sign of the Times;2114;1560;4.572;20260315
ARASHI;Five;2097;-60;0.036;20260315
Maite Kelly;Der Morgen danach;2078;1802;0.198;20260315
Kane Brown;Woman;2069;-467;0.007;20260315
Chappell Roan;Pink Pony Club;2054;511;2.603;20260315
Tyla;CHANEL;2047;450;0.392;20260315
Unheilig;Wunderschön;2013;74;0.206;20260315
Tame Impala;Dracula;1985;-178;0.054;20260315
JENNIE;Dracula;1985;-178;0.054;20260315
Natasha Bedingfield;Unwritten;1979;684;0.995;20260315
Bailey Zimmerman;Just Believe;1934;-239;0.006;20260315
Brandon Lake;Just Believe;1934;-239;0.006;20260315
Maphra;Doomed;1933;219;0.042;20260315
Beatrice Egli;Alibi;1917;1354;0.021;20260315
Independentmusicart;Black Sheep;1899;149;0.103;20260315
Charlotte Cardin;The Way We Touch;1877;-260;0.006;20260315
Billie Eilish;BIRDS OF A FEATHER;1873;660;5.752;20260315
HOSHI;Baby, Honey;1831;-945;0.005;20260315
Shaboozey;A Bar Song;1830;-165;4.671;20260315
Bad Bunny;Tití Me Preguntó;1825;-561;0.777;20260315
The Pretty Reckless;When I Wake Up;1812;-1420;0.008;20260315
Teddy Swims;Lose Control;1811;573;7.258;20260315
Lola Young;Messy;1791;143;4.008;20260315
Sal da Vinci;Per sempre sì;1788;-321;0.08;20260315
Hearts2Hearts;RUDE;1753;674;0.045;20260315
Bleu Soleil;Soleil Bleu;1740;828;0.57;20260315
LUIZA;Soleil Bleu;1740;828;0.57;20260315
Shakira;ALGO TÚ;1735;-204;0.022;20260315
Beéle;ALGO TÚ;1735;-204;0.022;20260315
ROSALÍA;La Perla;1728;-419;0.278;20260315
Yahritza Y Su Esencia;La Perla;1728;-419;0.278;20260315
Angèle;What You Want;1704;375;0.028;20260315
Justice;What You Want;1704;375;0.028;20260315
米津玄師;IRIS OUT;1698;1698;0.075;20260315
The Cranberries;Dreams;1678;871;0.847;20260315
Bad Bunny;BAILE INoLVIDABLE;1672;797;0.433;20260315
Harry Styles;Dance No More;1666;1624;0.005;20260315
Journey;Don't Stop Believin';1660;-787;3.577;20260315
TRAP MAFIA HOUSE;Mafia Style;1648;62;0.066;20260315
Ella Langley;Dandelion;1637;413;0.092;20260315
Layah Noir;Que Hablen de Mí;1608;-85;0.012;20260315
Survivor;Eye of the Tiger;1606;820;2.406;20260315
King Gnu;AIZO;1603;-440;0.128;20260315
Amy Shark;The Biggest Dick;1600;-21;0.008;20260315
Aurélie Simon;On m'invite pas;1575;1575;0.002;20260315
HAVEN.;I Run;1573;-477;0.369;20260315
Kaitlin Aragon;I Run;1573;-477;0.369;20260315
Drake;NOKIA;1571;-362;1.785;20260315
Zara Larsson;Midnight Sun;1569;272;0.101;20260315
稲葉浩志;タッチ;1568;-33;0.017;20260315
Ella Langley;you look like you love me;1564;332;1.076;20260315
Riley Green;you look like you love me;1564;332;1.076;20260315
Eminem;Lose Yourself;1548;-17;3.673;20260315
JJ Lin;Careful with Fate;1544;276;0.011;20260315
Kygo;Save My Love;1542;21;0.037;20260315
Khalid;Save My Love;1542;21;0.037;20260315
Gryffin;Save My Love;1542;21;0.037;20260315
Mrs. GREEN APPLE;lulu.;1538;-111;0.109;20260315
XXXTENTACION;Moonlight;1521;938;0.633;20260315
IMP.;STRANGER;1508;922;0.008;20260315
ANOTR;Talk To You;1503;-794;0.023;20260315
RADWIMPS;Seikai;1479;57;0.168;20260315
Kate Bush;Running Up That Hill;1464;269;2.652;20260315
Australian Idol;All Night Long;1450;135;0.004;20260315
Ryokuoushoku Shakai;Riding the wind;1450;109;0.007;20260315
Johannes Oerding;Märchen aus Hollywood;1443;332;0.038;20260315
Sarah Connor;Märchen aus Hollywood;1443;332;0.038;20260315
Unheilig;Nur ein kleiner Schritt;1424;803;0.003;20260315
HUGEL;Jamaican;1420;-490;0.191;20260315
SOLTO (FR);Jamaican;1420;-490;0.191;20260315
Terrian;Testimony;1413;64;0.003;20260315
Alphaville;Forever Young;1406;445;1.266;20260315
Issac Ryan Brown;End Of The Season;1395;-205;0.007;20260315
Jeanette Biedermann;Rock My Life;1395;154;0.009;20260315
NiziU;Dear;1395;-84;0.004;20260315
Queen;Bohemian Rhapsody;1393;1067;4.369;20260315
sombr;back to friends;1392;-552;0.534;20260315
The Pretty Reckless;For I Am Death;1391;-1151;0.015;20260315
Unheilig;Mein Löwe;1387;-194;0.076;20260315
BUS;คับเฮีย;1385;139;0.003;20260315
Chris Norman;Lifelines;1384;1192;0.005;20260315
Neil Diamond;Sweet Caroline;1382;311;1.391;20260315
Justė;Turn The Lights Off;1381;72;0.052;20260315
Jaxstyle;Turn The Lights Off;1381;72;0.052;20260315
Jon;Turn The Lights Off;1381;72;0.052;20260315
M!LK;Sukisugite METSU;1368;127;0.166;20260315
Myles Smith;Drive Safe;1363;306;0.114;20260315
Niall Horan;Drive Safe;1363;306;0.114;20260315
SIENNA SPIRO;The Visitor;1362;-464;0.006;20260315
Andreas Gabalier;VERGISS MEIN NICHT;1347;1347;0.001;20260315
Suzan;Halverwege;1345;-75;0.004;20260315
Freek;Halverwege;1345;-75;0.004;20260315
Mr.Children;Again;1341;258;0.071;20260315
Aitana;SUPERESTRELLA;1327;-24;0.152;20260315
Annalisa;Canzone Estiva;1324;-392;0.005;20260315
Harry Styles;As It Was;1320;103;6.643;20260315
M!LK;Bakuretsu Aishiteru;1315;0;0.047;20260315
Diljit Dosanjh;Ranjha;1315;548;0.002;20260315
Sia;Ranjha;1315;548;0.002;20260315
David Guetta;Ranjha;1315;548;0.002;20260315
Bob Sinclar;I Can't Wait;1305;340;0.03;20260315
Kiesza;I Can't Wait;1305;340;0.03;20260315
BLACKPINK;Champion;1304;2;0.052;20260315
Luke Combs;Back in the Saddle;1293;-776;0.174;20260315
sumika;Honto;1290;73;0.031;20260315
Sonny Fodera;Think About Us;1281;210;0.249;20260315
D.O.D;Think About Us;1281;210;0.249;20260315
Poppy Baskcomb;Think About Us;1281;210;0.249;20260315
Ofenbach;Miles Away;1269;467;0.036;20260315
Outsiders;Right Now;1269;-269;0.004;20260315
Paul Elstak;Right Now;1269;-269;0.004;20260315
Yuuri;The World Has Ended;1265;-130;0.047;20260315
HWASA;Good Goodbye;1262;-299;0.326;20260315
Luke Combs;My Kinda Saturday Night;1261;-690;0.134;20260315
Shaboozey;Good News;1247;-48;0.926;20260315
JO1;Breezy Love;1241;-209;0.006;20260315
T.I.;LET 'EM KNOW;1231;-34;0.083;20260315
Sarah Engels;Fire;1207;-175;0.043;20260315
RAYE;Nightingale Lane.;1197;-202;0.048;20260315
Coldplay;Viva la Vida;1179;406;6.929;20260315
Tom MacDonald;Anti;1178;-175;0.003;20260315
Damon Price;I Was a Kid;1170;-73;0.043;20260315
Felix Harrer;Total Eclipse Of The Heart;1170;-23;0.003;20260315
10-FEET;Burn Out to Nothing;1170;0;0.007;20260315
milet;The Story of Us;1160;-199;0.072;20260315
Sarah Connor;Interstellar;1148;299;0.02;20260315
Sido;Interstellar;1148;299;0.02;20260315
back number;Want Want Want;1148;306;0.084;20260315
Johannes Oerding;Sonntag;1125;839;0.022;20260315
Remioromen;Sangatsu Kokonoka;1125;-68;0.098;20260315
Melanie C;Undefeated Champion;1117;-2390;0.014;20260315
Ati242;Her Nerdeysen;1112;155;0.496;20260315
Saja Boys;Soda Pop;1107;85;1.822;20260315
Andrew Choi;Soda Pop;1107;85;1.822;20260315
Neckwav;Soda Pop;1107;85;1.822;20260315
Danny Chung;Soda Pop;1107;85;1.822;20260315
Kevin Woo;Soda Pop;1107;85;1.822;20260315
samUIL Lee;Soda Pop;1107;85;1.822;20260315
KPop Demon Hunters Cast;Soda Pop;1107;85;1.822;20260315
sakanaction;Kaiju;1104;-44;0.389;20260315
Danny de Munk;Heerlijk;1102;-380;0.004;20260315
Jeck;La recette;1100;220;0.027;20260315
Carla;La recette;1100;220;0.027;20260315
かぐや(cv.夏吉ゆうこ);ray;1094;1094;0.01;20260315
月見ヤチヨ(cv.早見沙織);ray;1094;1094;0.01;20260315
Luke Combs;Giving Her Away;1084;-1042;0.116;20260315
Achille Lauro;Perdutamente;1074;248;0.101;20260315
Johannes Oerding;Mehr Glück als Verstand;1063;-94;0.019;20260315
ARASHI;エナジーソング～絶好調超～;1062;-42;0.003;20260315
The Milan;Сладкая мята;1061;277;0.007;20260315
KAROL G;Si Antes Te Hubiera Conocido;1050;370;1.795;20260315
Hans Zimmer;F1;1048;144;0.344;20260315
Laura Pausini;¿PORQUÉ TE VAS;1048;-218;0.009;20260315
Bella Kay;iloveitiloveitiloveit;1032;-330;0.016;20260315
Gorillaz;Orange County;1027;281;0.075;20260315
ditonellapiaga;Che fastidio;1026;76;0.026;20260315
Milky;Just The Way You Are;1023;-312;0.019;20260315
Mall Grab;Just The Way You Are;1023;-312;0.019;20260315
Owen James;I Don't Explain;1022;1022;0.001;20260315
Samurai Jay;OSSESSIONE;1022;-163;0.023;20260315
HUNTR/X;Golden;18199;6619;4.149;20260316
EJAE;Golden;18199;6619;4.149;20260316
AUDREY NUNA;Golden;18199;6619;4.149;20260316
REI AMI;Golden;18199;6619;4.149;20260316
KPop Demon Hunters Cast;Golden;18199;6619;4.149;20260316
Owen James;When I Stand;14483;4601;0.058;20260316
Bruno Mars;I Just Might;13847;1375;1.021;20260316
RAYE;WHERE IS MY HUSBAND;12087;136;1.918;20260316
Taylor Swift;The Fate of Ophelia;11823;-1579;2.746;20260316
Alex Warren;Ordinary;9440;-1593;5.041;20260316
Taylor Swift;Opalite;8661;-1243;1.405;20260316
Alex Warren;FEVER DREAM;8504;-105;0.185;20260316
Peter Gregson;360;8298;676;0.158;20260316
The Goo Goo Dolls;Iris;8101;363;1.723;20260316
Bruno Mars;Risk It All;7589;-1116;0.199;20260316
mikeeysmind;Papaoutai;7286;-928;0.618;20260316
Chill77;Papaoutai;7286;-928;0.618;20260316
Unjaps;Papaoutai;7286;-928;0.618;20260316
Harry Styles;American Girls;7062;-268;0.085;20260316
Anita Ward;Ring My Bell;6809;1920;0.101;20260316
Harry Styles;Aperture;6762;-1681;0.463;20260316
Olivia Dean;So Easy;6749;-468;1.019;20260316
Olivia Dean;Man I Need;6370;-1149;1.909;20260316
Bebe Rexha;New Religion;5972;-1423;0.118;20260316
Faithless;New Religion;5972;-1423;0.118;20260316
Djo;End of Beginning;5927;-864;1.566;20260316
Zara Larsson;Lush Life;5902;29;2.456;20260316
Ella Langley;Choosin' Texas;5836;469;0.661;20260316
sombr;12 to 12;5385;588;0.938;20260316
Lady Gaga;Die With A Smile;5364;-634;7.217;20260316
Bruno Mars;Die With A Smile;5364;-634;7.217;20260316
Luke Combs;I Ain't No Cowboy;5045;-468;0.028;20260316
Shakira;Zoo;4798;-102;0.486;20260316
Bad Bunny;DtMF;4613;-891;0.931;20260316
Aiyana-Lee;Housebroken;4611;-1575;0.055;20260316
The Pussycat Dolls;Club Song;4559;-2470;0.042;20260316
Christina Perri;A Thousand Years;4463;-8;8.179;20260316
Disney;Zoo;4444;-73;0.32;20260316
Shakira;Zoo;4444;-73;0.32;20260316
Lady Gaga;Always Remember Us This Way;4356;-384;9.349;20260316
SIENNA SPIRO;Die On This Hill;4044;-1102;0.447;20260316
PinkPantheress;Stateside;3796;464;0.121;20260316
The Second Voice;LET ME BE;3770;-362;0.094;20260316
NuNew;New Season;3753;3753;0.004;20260316
Luke Combs;Sleepless in a Hotel Room;3712;433;0.235;20260316
Luke Combs;Be By You;3689;344;0.12;20260316
Ella Langley;Be Her;3586;981;0.116;20260316
Owen James;I Don't Explain;3540;2518;0.005;20260316
Dave;Raindance;3485;1132;0.241;20260316
Tems;Raindance;3485;1132;0.241;20260316
sombr;Homewrecker;3432;-486;0.154;20260316
Tame Impala;Dracula;3418;1433;0.057;20260316
JENNIE;Dracula;3418;1433;0.057;20260316
Bad Bunny;NUEVAYoL;3321;294;0.744;20260316
Madonna;Into the Groove;3238;-1822;0.043;20260316
Unheilig;Du bist meine Heimat;3226;274;0.009;20260316
Sia;Unstoppable;3200;402;7.468;20260316
Sam Fender;Rein Me In;3163;-88;0.352;20260316
Olivia Dean;Rein Me In;3163;-88;0.352;20260316
Benson Boone;Beautiful Things;3030;-406;7.062;20260316
Luke Combs;Days Like These;2882;653;0.21;20260316
Die Toten Hosen;Die Show muss weitergehen;2847;-23;0.013;20260316
ROSALÍA;Berghain;2819;311;0.529;20260316
Björk;Berghain;2819;311;0.529;20260316
Yves Tumor;Berghain;2819;311;0.529;20260316
Billie Eilish;BIRDS OF A FEATHER;2813;940;5.754;20260316
Johannes Oerding;Wolken;2781;-313;0.012;20260316
Michael Patrick Kelly;Wolken;2781;-313;0.012;20260316
Noah Kahan;Porch Light;2754;-612;0.018;20260316
Kato;Turn the Lights Off;2752;-522;0.291;20260316
Jon;Turn the Lights Off;2752;-522;0.291;20260316
Kacey Musgraves;Dry Spell;2722;-332;0.018;20260316
Miles Caton;I Lied to You;2673;2673;0.008;20260316
Sabaton;Yamato;2563;-1579;0.022;20260316
Harry Styles;Sign of the Times;2534;420;4.574;20260316
Maite Kelly;Frei;2531;-280;0.011;20260316
Harry Styles;Coming Up Roses;2492;97;0.031;20260316
ROSÉ;APT.;2472;35;6.288;20260316
Bruno Mars;APT.;2472;35;6.288;20260316
Santana;Put Your Lights On;2465;2465;0.009;20260316
Lola Young;Messy;2440;649;4.011;20260316
Bruce Springsteen;A Rainy Night in Soho;2425;-1786;0.028;20260316
Eminem;Lose Yourself;2408;860;3.675;20260316
Lainey Wilson;Can't Sit Still;2238;-836;0.014;20260316
Charlie Puth;Home;2201;-870;0.039;20260316
Charlotte Cardin;The Way We Touch;2181;304;0.008;20260316
Shaboozey;A Bar Song;2155;325;4.673;20260316
The Cranberries;Dreams;2144;466;0.849;20260316
Survivor;Eye of the Tiger;2127;521;2.408;20260316
XXXTENTACION;Moonlight;2113;592;0.635;20260316
Gordo;Loco Loco;2106;-278;0.043;20260316
Reinier Zonneveld;Loco Loco;2106;-278;0.043;20260316
Kane Brown;Woman;2098;29;0.009;20260316
ROSALÍA;La Perla;2082;354;0.28;20260316
Yahritza Y Su Esencia;La Perla;2082;354;0.28;20260316
Jennifer Lopez;Save Me Tonight;2073;-327;0.06;20260316
David Guetta;Save Me Tonight;2073;-327;0.06;20260316
Ed Sheeran;Sapphire;2064;1096;2.033;20260316
David Guetta;Gone Gone Gone;2061;-99;0.898;20260316
Teddy Swims;Gone Gone Gone;2061;-99;0.898;20260316
Tones And I;Gone Gone Gone;2061;-99;0.898;20260316
ARASHI;Five;2039;-58;0.038;20260316
Ac/Dc;Thunderstruck;2024;-324;3.962;20260316
sombr;back to friends;2010;618;0.536;20260316
Ado;AiAiA;1982;1982;0.002;20260316
Barbra Streisand;The Way We Were;1922;1922;0.05;20260316
Noah Kahan;The Great Divide;1922;-690;0.107;20260316
SIENNA SPIRO;The Visitor;1903;541;0.008;20260316
HAVEN.;I Run;1875;302;0.371;20260316
Kaitlin Aragon;I Run;1875;302;0.371;20260316
GroßstadtEngel;Gute Laune;1849;-309;0.291;20260316
Unheilig;Wunderschön;1817;-196;0.208;20260316
Carly Pearce;If I Don't Leave I'm Gonna Stay;1769;-983;0.01;20260316
Riley Green;If I Don't Leave I'm Gonna Stay;1769;-983;0.01;20260316
Terrian;Testimony;1767;354;0.005;20260316
Bad Bunny;BAILE INoLVIDABLE;1756;84;0.435;20260316
Sal da Vinci;Per sempre sì;1747;-41;0.082;20260316
Unheilig;Mein Löwe;1741;354;0.078;20260316
Teddy Swims;Lose Control;1735;-76;7.259;20260316
Luke Combs;Giving Her Away;1730;646;0.118;20260316
Chappell Roan;Pink Pony Club;1719;-335;2.604;20260316
HWASA;Good Goodbye;1699;437;0.327;20260316
Luke Combs;Back in the Saddle;1699;406;0.176;20260316
Bella Kay;iloveitiloveitiloveit;1667;635;0.017;20260316
Neil Diamond;Sweet Caroline;1655;273;1.393;20260316
TRAP MAFIA HOUSE;Mafia Style;1647;-1;0.068;20260316
ZXKAI;NO BATIDÃO;1638;1277;0.09;20260316
slxughter;NO BATIDÃO;1638;1277;0.09;20260316
HOSHI;Baby, Honey;1623;-208;0.006;20260316
Dermot Kennedy;Funeral;1607;-844;0.089;20260316
BE:FIRST;BE:FIRST ALL DAY;1600;579;0.003;20260316
BLACKPINK;Champion;1589;285;0.053;20260316
Drake;NOKIA;1588;17;1.786;20260316
Harry Styles;Dance No More;1578;-88;0.006;20260316
Kenshi Yonezu;IRIS OUT;1563;1563;0.314;20260316
Mrs. GREEN APPLE;lulu.;1554;16;0.111;20260316
稲葉浩志;タッチ;1538;-30;0.019;20260316
Olivia Dean;Nice To Each Other;1524;691;0.473;20260316
Stray Kids;Endless Sun;1523;-843;0.017;20260316
Aurélie Simon;On m'invite pas;1517;-58;0.003;20260316
Bad Bunny;Tití Me Preguntó;1515;-310;0.778;20260316
The Cranberries;Zombie;1515;-798;1.775;20260316
Journey;Don't Stop Believin';1514;-146;3.578;20260316
ANOTR;Talk To You;1513;10;0.024;20260316
Hearts2Hearts;RUDE;1509;-244;0.047;20260316
Maite Kelly;Der Morgen danach;1509;-569;0.2;20260316
Amy Shark;The Biggest Dick;1508;-92;0.01;20260316
JJ Lin;Careful with Fate;1504;-40;0.013;20260316
Disturbed;The Sound of Silence;1486;-1195;10.223;20260316
Aitana;SUPERESTRELLA;1482;155;0.154;20260316
Mr.Children;Again;1479;138;0.073;20260316
RADWIMPS;Seikai;1450;-29;0.169;20260316
Luke Combs;15 Minutes;1440;494;0.061;20260316
Independentmusicart;Black Sheep;1440;-459;0.105;20260316
Luke Combs;My Kinda Saturday Night;1438;177;0.136;20260316
Australian Idol;All Night Long;1422;-28;0.005;20260316
Tears for Fears;Everybody Wants to Rule the World;1415;-863;0.981;20260316
Nicholas Britell;Succession;1415;660;0.375;20260316
King Gnu;AIZO;1414;-189;0.129;20260316
The Pretty Reckless;When I Wake Up;1401;-411;0.01;20260316
Sabrina Carpenter;Manchild;1389;558;0.819;20260316
HUNTR/X;Golden;1381;1259;0.328;20260316
EJAE;Golden;1381;1259;0.328;20260316
AUDREY NUNA;Golden;1381;1259;0.328;20260316
REI AMI;Golden;1381;1259;0.328;20260316
KPop Demon Hunters Cast;Golden;1381;1259;0.328;20260316
David Guetta;Golden;1381;1259;0.328;20260316
M!LK;Sukisugite METSU;1368;0;0.168;20260316
The Pretty Reckless;For I Am Death;1360;-31;0.017;20260316
Angèle;What You Want;1359;-345;0.03;20260316
Justice;What You Want;1359;-345;0.03;20260316
Suzan;Halverwege;1355;10;0.006;20260316
Freek;Halverwege;1355;10;0.006;20260316
The Naughty Jukebox;Giddy Up;1341;338;0.004;20260316
Ryokuoushoku Shakai;Riding the wind;1341;-109;0.009;20260316
Myles Smith;Drive Safe;1324;-39;0.115;20260316
Niall Horan;Drive Safe;1324;-39;0.115;20260316
Ella Langley;you look like you love me;1323;-241;1.078;20260316
Riley Green;you look like you love me;1323;-241;1.078;20260316
Coldplay;Viva la Vida;1322;143;6.93;20260316
House Of Pain;Jump Around;1318;1184;0.454;20260316
M!LK;Bakuretsu Aishiteru;1315;0;0.049;20260316
Bailey Zimmerman;Just Believe;1294;-640;0.007;20260316
Brandon Lake;Just Believe;1294;-640;0.007;20260316
Beatrice Egli;Alibi;1290;-627;0.023;20260316
Sarah Connor;Interstellar;1290;142;0.021;20260316
Sido;Interstellar;1290;142;0.021;20260316
JO1;Breezy Love;1290;49;0.007;20260316
Samurai Jay;OSSESSIONE;1289;267;0.024;20260316
Johannes Oerding;Märchen aus Hollywood;1274;-169;0.04;20260316
Sarah Connor;Märchen aus Hollywood;1274;-169;0.04;20260316
Yuuri;The World Has Ended;1265;0;0.049;20260316
RAYE;Nightingale Lane.;1260;63;0.05;20260316
Marc Rebillet;Your New Morning Alarm;1248;363;0.661;20260316
T.I.;LET 'EM KNOW;1241;10;0.085;20260316
Ella Langley;Dandelion;1236;-401;0.094;20260316
Bleu Soleil;Soleil Bleu;1235;-505;0.571;20260316
LUIZA;Soleil Bleu;1235;-505;0.571;20260316
NiziU;Dear;1217;-178;0.006;20260316
Saja Boys;Soda Pop;1212;105;1.823;20260316
Andrew Choi;Soda Pop;1212;105;1.823;20260316
Neckwav;Soda Pop;1212;105;1.823;20260316
Danny Chung;Soda Pop;1212;105;1.823;20260316
Kevin Woo;Soda Pop;1212;105;1.823;20260316
samUIL Lee;Soda Pop;1212;105;1.823;20260316
KPop Demon Hunters Cast;Soda Pop;1212;105;1.823;20260316
sumika;Honto;1193;-97;0.032;20260316
Danny de Munk;Heerlijk;1185;83;0.005;20260316
Alphaville;Forever Young;1184;-222;1.267;20260316
Oimara;Wackelkontakt;1180;357;0.944;20260316
Harrison;All the Things She Said;1175;255;0.159;20260316
Felix Harrer;Total Eclipse Of The Heart;1170;0;0.004;20260316
Remioromen;Sangatsu Kokonoka;1170;45;0.099;20260316
Bob Sinclar;I Can't Wait;1167;-138;0.031;20260316
Kiesza;I Can't Wait;1167;-138;0.031;20260316
Forest Blakk;You’ll Be The Proof;1156;-981;0.013;20260316
Joy Williams;You’ll Be The Proof;1156;-981;0.013;20260316
10-FEET;Burn Out to Nothing;1148;-22;0.008;20260316
Natasha Bedingfield;Unwritten;1144;-835;0.996;20260316
disiz;melodrama;1136;382;0.17;20260316
Theodora;melodrama;1136;382;0.17;20260316
COSMÓ;TANZSCHEIN;1136;336;0.022;20260316
back number;Want Want Want;1125;-23;0.085;20260316
Shakira;ALGO TÚ;1123;-612;0.023;20260316
Beéle;ALGO TÚ;1123;-612;0.023;20260316
Unheilig;Nur ein kleiner Schritt;1120;-304;0.004;20260316
Kate Bush;Running Up That Hill;1116;-348;2.653;20260316
かぐや(cv.夏吉ゆうこ);ray;1115;21;0.011;20260316
月見ヤチヨ(cv.早見沙織);ray;1115;21;0.011;20260316
ditonellapiaga;Che fastidio;1115;89;0.027;20260316
Zara Larsson;Midnight Sun;1114;-455;0.102;20260316
Jeanette Biedermann;Rock My Life;1104;-291;0.01;20260316
SG;Us, Again;1104;177;0.082;20260316
Annalisa;Canzone Estiva;1099;-225;0.006;20260316
Ed Sheeran;Perfect;1093;444;15.659;20260316
Diljit Dosanjh;Ranjha;1089;-226;0.003;20260316
Sia;Ranjha;1089;-226;0.003;20260316
David Guetta;Ranjha;1089;-226;0.003;20260316
Laura Pausini;¿PORQUÉ TE VAS;1072;24;0.011;20260316
Rick Astley;Waiting On You;1062;60;0.025;20260316
IMP.;STRANGER;1062;-446;0.009;20260316
Outsiders;Right Now;1061;-208;0.005;20260316
Paul Elstak;Right Now;1061;-208;0.005;20260316
Hans Zimmer;F1;1056;8;0.345;20260316
Lisa Gerrard;Now We Are Free;1051;294;0.425;20260316
Gavin Greenaway;Now We Are Free;1051;294;0.425;20260316
The Lyndhurst Orchestra;Now We Are Free;1051;294;0.425;20260316
Bruce Fowler;Now We Are Free;1051;294;0.425;20260316
Yvonne S. Moriarty;Now We Are Free;1051;294;0.425;20260316
Walt Fowler;Now We Are Free;1051;294;0.425;20260316
Ladd McIntosh;Now We Are Free;1051;294;0.425;20260316
Elizabeth Finch;Now We Are Free;1051;294;0.425;20260316
Jack Smalley;Now We Are Free;1051;294;0.425;20260316
Hans Zimmer;Now We Are Free;1051;294;0.425;20260316
HUNTR/X;What It Sounds Like;1050;706;1.033;20260316
EJAE;What It Sounds Like;1050;706;1.033;20260316
AUDREY NUNA;What It Sounds Like;1050;706;1.033;20260316
REI AMI;What It Sounds Like;1050;706;1.033;20260316
KPop Demon Hunters Cast;What It Sounds Like;1050;706;1.033;20260316
Flemming;Niet Nodig;1043;469;0.068;20260316
Metejoor;Niet Nodig;1043;469;0.068;20260316
sakanaction;Kaiju;1041;-63;0.39;20260316
Sayf;TU MI PIACI TANTO;1039;311;0.024;20260316
Milky;Just the Way You Are;1032;675;0.021;20260316
Shaboozey;Good News;1025;-222;0.927;20260316
Eros Ramazzotti;Come nei film;1019;248;0.003;20260316
HUNTR/X;Golden;21061;2862;4.17;20260317
EJAE;Golden;21061;2862;4.17;20260317
AUDREY NUNA;Golden;21061;2862;4.17;20260317
REI AMI;Golden;21061;2862;4.17;20260317
KPop Demon Hunters Cast;Golden;21061;2862;4.17;20260317
Owen James;When I Stand;13998;-485;0.072;20260317
Bruno Mars;I Just Might;12854;-993;1.034;20260317
Taylor Swift;The Fate of Ophelia;12085;262;2.758;20260317
Taylor Swift;Opalite;11098;2437;1.416;20260317
Alex Warren;Ordinary;10620;1180;5.052;20260317
RAYE;WHERE IS MY HUSBAND;10368;-1719;1.928;20260317
Olivia Dean;Man I Need;8739;2369;1.917;20260317
Alex Warren;FEVER DREAM;8698;194;0.194;20260317
The Goo Goo Dolls;Iris;8690;589;1.731;20260317
Peter Gregson;360;8497;199;0.167;20260317
Olivia Dean;So Easy;7910;1161;1.027;20260317
Aiyana-Lee;Housebroken;7692;3081;0.062;20260317
Bruno Mars;Risk It All;7656;67;0.207;20260317
Anita Ward;Ring My Bell;7046;237;0.108;20260317
Harry Styles;Aperture;6938;176;0.47;20260317
mikeeysmind;Papaoutai;6816;-470;0.625;20260317
Chill77;Papaoutai;6816;-470;0.625;20260317
Unjaps;Papaoutai;6816;-470;0.625;20260317
Harry Styles;American Girls;6714;-348;0.092;20260317
Bebe Rexha;New Religion;6502;530;0.125;20260317
Faithless;New Religion;6502;530;0.125;20260317
Djo;End of Beginning;6309;382;1.572;20260317
Lady Gaga;Die With A Smile;5800;436;7.222;20260317
Bruno Mars;Die With A Smile;5800;436;7.222;20260317
Ella Langley;Choosin' Texas;5718;-118;0.667;20260317
The Second Voice;LET ME BE;5384;1614;0.1;20260317
Lady Gaga;Always Remember Us This Way;5081;725;9.354;20260317
Zara Larsson;Lush Life;5066;-836;2.461;20260317
Disney;Zoo;4958;514;0.325;20260317
Shakira;Zoo;4958;514;0.325;20260317
Shakira;Zoo;4539;-259;0.49;20260317
Christina Perri;A Thousand Years;4377;-86;8.183;20260317
Dave;Raindance;4257;772;0.245;20260317
Tems;Raindance;4257;772;0.245;20260317
Luke Combs;I Ain't No Cowboy;4239;-806;0.032;20260317
SIENNA SPIRO;Die On This Hill;3820;-224;0.451;20260317
Owen James;I Don't Explain;3698;158;0.008;20260317
Bad Bunny;DtMF;3657;-956;0.935;20260317
PinkPantheress;Stateside;3615;-181;0.124;20260317
sombr;12 to 12;3606;-1779;0.942;20260317
Luke Combs;Sleepless in a Hotel Room;3595;-117;0.238;20260317
sombr;Homewrecker;3546;114;0.158;20260317
HUNTR/X;Golden;3545;2164;0.332;20260317
EJAE;Golden;3545;2164;0.332;20260317
AUDREY NUNA;Golden;3545;2164;0.332;20260317
REI AMI;Golden;3545;2164;0.332;20260317
KPop Demon Hunters Cast;Golden;3545;2164;0.332;20260317
David Guetta;Golden;3545;2164;0.332;20260317
Tame Impala;Dracula;3449;31;0.061;20260317
JENNIE;Dracula;3449;31;0.061;20260317
Sam Fender;Rein Me In;3275;112;0.355;20260317
Olivia Dean;Rein Me In;3275;112;0.355;20260317
Luke Combs;Be By You;3261;-428;0.123;20260317
ROSÉ;APT.;3063;591;6.291;20260317
Bruno Mars;APT.;3063;591;6.291;20260317
Billie Eilish;BIRDS OF A FEATHER;3049;236;5.757;20260317
Unheilig;Du bist meine Heimat;2924;-302;0.012;20260317
Ella Langley;Be Her;2898;-688;0.118;20260317
The Pussycat Dolls;Club Song;2839;-1720;0.045;20260317
Sia;Unstoppable;2795;-405;7.471;20260317
Ado;AiAiA;2695;713;0.005;20260317
Bad Bunny;NUEVAYoL;2643;-678;0.746;20260317
Bruce Springsteen;A Rainy Night in Soho;2579;154;0.031;20260317
Die Toten Hosen;Die Show muss weitergehen;2571;-276;0.015;20260317
Eminem;Lose Yourself;2557;149;3.678;20260317
Benson Boone;Beautiful Things;2520;-510;7.064;20260317
Luke Combs;Days Like These;2517;-365;0.213;20260317
Johannes Oerding;Wolken;2505;-276;0.015;20260317
Michael Patrick Kelly;Wolken;2505;-276;0.015;20260317
Harry Styles;Coming Up Roses;2497;5;0.034;20260317
Charlie Puth;Home;2491;290;0.041;20260317
Tyketto;Closer to the Sun;2484;2484;0.002;20260317
Miles Caton;I Lied to You;2467;-206;0.011;20260317
Kacey Musgraves;Dry Spell;2425;-297;0.02;20260317
NuNew;New Season;2411;-1342;0.006;20260317
Kato;Turn the Lights Off;2385;-367;0.294;20260317
Jon;Turn the Lights Off;2385;-367;0.294;20260317
Thunderstorm Artis;Island Style;2323;2323;0.002;20260317
Ac/Dc;Thunderstruck;2321;297;3.964;20260317
David Guetta;Gone Gone Gone;2318;257;0.9;20260317
Teddy Swims;Gone Gone Gone;2318;257;0.9;20260317
Tones And I;Gone Gone Gone;2318;257;0.9;20260317
Harry Styles;Sign of the Times;2300;-234;4.576;20260317
Gordo;Loco Loco;2188;82;0.045;20260317
Reinier Zonneveld;Loco Loco;2188;82;0.045;20260317
ROSALÍA;Berghain;2154;-665;0.531;20260317
Björk;Berghain;2154;-665;0.531;20260317
Yves Tumor;Berghain;2154;-665;0.531;20260317
Shaboozey;A Bar Song;2122;-33;4.675;20260317
Iam Tongi;Good For My Soul;2095;2095;0.002;20260317
SIENNA SPIRO;The Visitor;2091;188;0.01;20260317
Noah Kahan;Porch Light;2083;-671;0.02;20260317
Maite Kelly;Frei;2079;-452;0.014;20260317
Charlotte Cardin;The Way We Touch;2066;-115;0.011;20260317
Tears for Fears;Everybody Wants to Rule the World;2059;644;0.983;20260317
Chappell Roan;Pink Pony Club;2044;325;2.606;20260317
MUNA;So What;1977;1977;0.002;20260317
Jennifer Lopez;Save Me Tonight;1950;-123;0.062;20260317
David Guetta;Save Me Tonight;1950;-123;0.062;20260317
GroßstadtEngel;Gute Laune;1897;48;0.293;20260317
Lainey Wilson;Can't Sit Still;1886;-352;0.016;20260317
Unheilig;Wunderschön;1866;49;0.21;20260317
ARASHI;Five;1854;-185;0.04;20260317
ROSALÍA;La Perla;1787;-295;0.282;20260317
Yahritza Y Su Esencia;La Perla;1787;-295;0.282;20260317
Sarah Connor;Interstellar;1786;496;0.023;20260317
Sido;Interstellar;1786;496;0.023;20260317
Sal da Vinci;Per sempre sì;1781;34;0.084;20260317
HAVEN.;I Run;1780;-95;0.373;20260317
Kaitlin Aragon;I Run;1780;-95;0.373;20260317
Sabaton;Yamato;1773;-790;0.023;20260317
HUNTR/X;What It Sounds Like;1754;704;1.035;20260317
EJAE;What It Sounds Like;1754;704;1.035;20260317
AUDREY NUNA;What It Sounds Like;1754;704;1.035;20260317
REI AMI;What It Sounds Like;1754;704;1.035;20260317
KPop Demon Hunters Cast;What It Sounds Like;1754;704;1.035;20260317
RAYE;Nightingale Lane.;1731;471;0.051;20260317
T.I.;LET 'EM KNOW;1721;480;0.086;20260317
Dermot Kennedy;Funeral;1687;80;0.091;20260317
Bad Bunny;Tití Me Preguntó;1671;156;0.78;20260317
ANOTR;Talk To You;1653;140;0.026;20260317
The Naughty Jukebox;Giddy Up;1622;281;0.006;20260317
Lola Young;Messy;1621;-819;4.013;20260317
Noah Kahan;The Great Divide;1617;-305;0.109;20260317
Dropkick Murphys;I'm Shipping Up to Boston;1602;1101;0.133;20260317
Australian Idol;All Night Long;1600;178;0.007;20260317
BE:FIRST;BE:FIRST ALL DAY;1600;0;0.004;20260317
Johannes Oerding;Märchen aus Hollywood;1598;324;0.041;20260317
Sarah Connor;Märchen aus Hollywood;1598;324;0.041;20260317
The Cranberries;Dreams;1584;-560;0.851;20260317
Harry Styles;Dance No More;1549;-29;0.008;20260317
HIROMU (INI);またどこかで;1511;1511;0.002;20260317
Death Cab for Cutie;Riptides;1510;1510;0.002;20260317
稲葉浩志;タッチ;1508;-30;0.02;20260317
Bella Kay;iloveitiloveitiloveit;1468;-199;0.019;20260317
Olivia Dean;Nice To Each Other;1459;-65;0.474;20260317
Hearts2Hearts;RUDE;1458;-51;0.048;20260317
ZXKAI;NO BATIDÃO;1457;-181;0.092;20260317
slxughter;NO BATIDÃO;1457;-181;0.092;20260317
Mr.Children;Again;1450;-29;0.074;20260317
Saja Boys;Soda Pop;1448;236;1.825;20260317
Andrew Choi;Soda Pop;1448;236;1.825;20260317
Neckwav;Soda Pop;1448;236;1.825;20260317
Danny Chung;Soda Pop;1448;236;1.825;20260317
Kevin Woo;Soda Pop;1448;236;1.825;20260317
samUIL Lee;Soda Pop;1448;236;1.825;20260317
KPop Demon Hunters Cast;Soda Pop;1448;236;1.825;20260317
Barbra Streisand;The Way We Were;1441;-481;0.051;20260317
Luke Combs;My Kinda Saturday Night;1438;0;0.137;20260317
Suzan;Halverwege;1425;70;0.007;20260317
Freek;Halverwege;1425;70;0.007;20260317
Disturbed;The Sound of Silence;1424;-62;10.224;20260317
Amy Shark;The Biggest Dick;1422;-86;0.011;20260317
Yuuri;The World Has Ended;1422;157;0.05;20260317
Teddy Swims;Lose Control;1404;-331;7.261;20260317
King Gnu;AIZO;1396;-18;0.13;20260317
JAM Project;GOALEX～希望誕生～;1395;1395;0.001;20260317
Mrs. GREEN APPLE;lulu.;1393;-161;0.112;20260317
Eurogliders;Heaven;1368;1368;0.018;20260317
Ella Langley;you look like you love me;1365;42;1.079;20260317
Riley Green;you look like you love me;1365;42;1.079;20260317
Ella Langley;Dandelion;1363;127;0.095;20260317
Angèle;What You Want;1362;3;0.031;20260317
Justice;What You Want;1362;3;0.031;20260317
The Cranberries;Zombie;1353;-162;1.776;20260317
Kane Brown;Woman;1350;-748;0.01;20260317
The Beatles;Here Comes the Sun;1349;364;0.786;20260317
XXXTENTACION;Moonlight;1344;-769;0.636;20260317
RADWIMPS;Seikai;1341;-109;0.171;20260317
Michael Bennett;After I'm Gone;1333;1154;0.017;20260317
Ziggy in tha House;It's Raining;1319;496;0.181;20260317
Luke Combs;Giving Her Away;1318;-412;0.119;20260317
Journey;Don't Stop Believin';1318;-196;3.58;20260317
M!LK;Sukisugite METSU;1315;-53;0.169;20260317
Aitana;SUPERESTRELLA;1299;-183;0.155;20260317
Phil Collins;In the Air Tonight;1295;502;1.246;20260317
Leony;Don't Worry;1290;360;0.068;20260317
Bailey Zimmerman;Just Believe;1288;-6;0.009;20260317
Brandon Lake;Just Believe;1288;-6;0.009;20260317
M!LK;爆裂愛してる;1283;1283;0.001;20260317
Luke Combs;15 Minutes;1280;-160;0.062;20260317
Myles Smith;Drive Safe;1268;-56;0.117;20260317
Niall Horan;Drive Safe;1268;-56;0.117;20260317
Calum Scott;Unsteady;1265;1265;0.003;20260317
Aitch;Unsteady;1265;1265;0.003;20260317
Zaho;Comme Caroline;1261;591;0.021;20260317
Luke Combs;Back in the Saddle;1259;-440;0.177;20260317
Ryokuoushoku Shakai;Riding the wind;1241;-100;0.01;20260317
Owen James;Still Here When it's Quiet;1240;603;0.002;20260317
disiz;melodrama;1237;101;0.171;20260317
Theodora;melodrama;1237;101;0.171;20260317
Rodrigo Amarante;Tuyo;1233;725;0.425;20260317
Laura Pausini;¿PORQUÉ TE VAS;1232;160;0.012;20260317
Jack O'Connell;Rocky Road to Dublin;1232;393;0.015;20260317
Brian Dunphy;Rocky Road to Dublin;1232;393;0.015;20260317
Darren Holden;Rocky Road to Dublin;1232;393;0.015;20260317
JJ Lin;Careful with Fate;1226;-278;0.014;20260317
Robin Schulz;Embers;1225;383;0.028;20260317
TRAP MAFIA HOUSE;Mafia Style;1217;-430;0.069;20260317
JO1;Breezy Love;1217;-73;0.008;20260317
Rick Astley;Waiting On You;1193;131;0.026;20260317
米津玄師;IRIS OUT;1193;1193;0.076;20260317
Ofenbach;Miles Away;1180;663;0.037;20260317
Remioromen;Sangatsu Kokonoka;1170;0;0.1;20260317
Santana;Put Your Lights On;1169;-1296;0.01;20260317
AC/DC;Highway to Hell;1169;549;1.906;20260317
Alex Warren;Carry You Home;1149;707;1.066;20260317
Felix Harrer;Total Eclipse Of The Heart;1148;-22;0.006;20260317
NiziU;Dear;1148;-69;0.007;20260317
KAROL G;Si Antes Te Hubiera Conocido;1145;360;1.797;20260317
KATSEYE;Gabriela;1143;197;0.351;20260317
Morgan Wallen;I'm The Problem;1140;935;0.579;20260317
Outsiders;Right Now;1139;78;0.006;20260317
Paul Elstak;Right Now;1139;78;0.006;20260317
sumika;Honto;1125;-68;0.033;20260317
Sabrina Carpenter;Manchild;1117;-272;0.82;20260317
Independentmusicart;Black Sheep;1116;-324;0.106;20260317
HWASA;Good Goodbye;1087;-612;0.328;20260317
Kato;Turn the Lights Off;1086;498;0.682;20260317
Sons of Legion;Fire Starter;1085;1085;0.141;20260317
Marc Rebillet;Your New Morning Alarm;1084;-164;0.662;20260317
Mrs. Green Apple;Bokuno Koto;1083;138;0.607;20260317
Keane;Somewhere Only We Know;1082;742;1.273;20260317
Alphaville;Forever Young;1081;-103;1.269;20260317
Lee Ann Womack;Never Again, Again;1078;1078;0.001;20260317
Las Ketchup;The Ketchup Song;1075;788;0.02;20260317
Triggerfinger;I Follow Rivers;1065;897;1.209;20260317
Drake;NOKIA;1064;-524;1.788;20260317
back number;Want Want Want;1062;-63;0.086;20260317
East Duo;Chubina;1060;429;0.35;20260317
Zara Larsson;Midnight Sun;1058;-56;0.103;20260317
Carly Pearce;If I Don't Leave I'm Gonna Stay;1046;-723;0.011;20260317
Riley Green;If I Don't Leave I'm Gonna Stay;1046;-723;0.011;20260317
Maite Kelly;Der Morgen danach;1041;-468;0.201;20260317
Barbie;Get Your Sparkle On;1041;1041;0.001;20260317
10-FEET;Burn Out to Nothing;1041;-107;0.01;20260317
Bleu Soleil;Soleil Bleu;1039;-196;0.572;20260317
LUIZA;Soleil Bleu;1039;-196;0.572;20260317
Eypio;Yeraltı;1038;299;0.033;20260317
Terrian;Testimony;1026;-741;0.006;20260317
Don Toliver;Lose My Mind;1025;357;0.381;20260317
SG;Us, Again;1021;-83;0.083;20260317
Enya;Caribbean Blue;1021;565;0.091;20260317
Diljit Dosanjh;Ranjha;1015;-74;0.004;20260317
Sia;Ranjha;1015;-74;0.004;20260317
David Guetta;Ranjha;1015;-74;0.004;20260317
natori;Serenade;1009;183;0.045;20260317
Stray Kids;Endless Sun;1009;-514;0.018;20260317
Milky;Just the Way You Are;1008;-24;0.022;20260317
YOASOBI;Haruka;1002;75;0.108;20260317
HUNTR/X;Golden;20066;-995;4.191;20260318
EJAE;Golden;20066;-995;4.191;20260318
AUDREY NUNA;Golden;20066;-995;4.191;20260318
REI AMI;Golden;20066;-995;4.191;20260318
KPop Demon Hunters Cast;Golden;20066;-995;4.191;20260318
Owen James;When I Stand;13573;-425;0.085;20260318
Bruno Mars;I Just Might;11979;-875;1.046;20260318
Taylor Swift;The Fate of Ophelia;11125;-960;2.769;20260318
RAYE;WHERE IS MY HUSBAND;11059;691;1.939;20260318
Alex Warren;Ordinary;10457;-163;5.062;20260318
Olivia Dean;Man I Need;9502;763;1.927;20260318
Alex Warren;FEVER DREAM;8819;121;0.203;20260318
Taylor Swift;Opalite;8812;-2286;1.425;20260318
The Goo Goo Dolls;Iris;8639;-51;1.74;20260318
Djo;End of Beginning;7909;1600;1.58;20260318
Olivia Dean;So Easy;7901;-9;1.035;20260318
Jack Johnson;Upside Down;7287;6724;0.156;20260318
Harry Styles;American Girls;7162;448;0.099;20260318
Harry Styles;Aperture;7130;192;0.477;20260318
Peter Gregson;360;7045;-1452;0.174;20260318
mikeeysmind;Papaoutai;6788;-28;0.631;20260318
Chill77;Papaoutai;6788;-28;0.631;20260318
Unjaps;Papaoutai;6788;-28;0.631;20260318
Bebe Rexha;New Religion;6560;58;0.131;20260318
Faithless;New Religion;6560;58;0.131;20260318
Bruno Mars;Risk It All;6290;-1366;0.213;20260318
The Second Voice;LET ME BE;5951;567;0.106;20260318
Aiyana-Lee;Housebroken;5763;-1929;0.068;20260318
Ella Langley;Choosin' Texas;5700;-18;0.672;20260318
Anita Ward;Ring My Bell;5263;-1783;0.113;20260318
SIENNA SPIRO;Die On This Hill;5212;1392;0.457;20260318
Bad Bunny;DtMF;4953;1296;0.94;20260318
sombr;12 to 12;4873;1267;0.947;20260318
Lady Gaga;Die With A Smile;4808;-992;7.227;20260318
Bruno Mars;Die With A Smile;4808;-992;7.227;20260318
Shakira;Zoo;4607;68;0.495;20260318
Lady Gaga;Always Remember Us This Way;4585;-496;9.359;20260318
Disney;Zoo;4422;-536;0.33;20260318
Shakira;Zoo;4422;-536;0.33;20260318
Christina Perri;A Thousand Years;4233;-144;8.187;20260318
Zara Larsson;Lush Life;4177;-889;2.465;20260318
Owen James;I Don't Explain;3961;263;0.012;20260318
sombr;Homewrecker;3867;321;0.162;20260318
Luke Combs;I Ain't No Cowboy;3740;-499;0.036;20260318
Luke Combs;Sleepless in a Hotel Room;3701;106;0.242;20260318
Tame Impala;Dracula;3599;150;0.065;20260318
JENNIE;Dracula;3599;150;0.065;20260318
Sam Fender;Rein Me In;3565;290;0.359;20260318
Olivia Dean;Rein Me In;3565;290;0.359;20260318
Sia;Unstoppable;3529;734;7.475;20260318
Bad Bunny;NUEVAYoL;3470;827;0.75;20260318
Exodus;Promise You This;3428;2692;0.004;20260318
Luke Combs;Be By You;3412;151;0.127;20260318
Ella Langley;Be Her;3319;421;0.122;20260318
Dave;Raindance;2890;-1367;0.248;20260318
Tems;Raindance;2890;-1367;0.248;20260318
Ac/Dc;Thunderstruck;2847;526;3.967;20260318
Luke Combs;Days Like These;2609;92;0.215;20260318
ROSALÍA;Berghain;2555;401;0.534;20260318
Björk;Berghain;2555;401;0.534;20260318
Yves Tumor;Berghain;2555;401;0.534;20260318
PinkPantheress;Stateside;2500;-1115;0.127;20260318
Micah Tyler;Perfectly;2465;2069;0.029;20260318
Eminem;Lose Yourself;2453;-104;3.68;20260318
Billie Eilish;BIRDS OF A FEATHER;2422;-627;5.76;20260318
ROSÉ;APT.;2361;-702;6.294;20260318
Bruno Mars;APT.;2361;-702;6.294;20260318
Bella Kay;iloveitiloveitiloveit;2343;875;0.021;20260318
Zara Larsson;Midnight Sun;2339;1281;0.105;20260318
SixTONES;Rebellion;2310;2310;0.002;20260318
The Cranberries;Dreams;2295;711;0.853;20260318
Thunderstorm Artis;Island Style;2278;-45;0.005;20260318
Kato;Turn the Lights Off;2266;-119;0.296;20260318
Jon;Turn the Lights Off;2266;-119;0.296;20260318
TRAP MAFIA HOUSE;Mafia Style;2230;1013;0.072;20260318
Bad Bunny;Tití Me Preguntó;2229;558;0.782;20260318
Harry Styles;Coming Up Roses;2218;-279;0.036;20260318
Tedeschi Trucks Band;Future Soul;2201;1532;0.003;20260318
Gordo;Loco Loco;2189;1;0.048;20260318
Reinier Zonneveld;Loco Loco;2189;1;0.048;20260318
ROSALÍA;La Perla;2146;359;0.284;20260318
Yahritza Y Su Esencia;La Perla;2146;359;0.284;20260318
Ado;AiAiA;2142;-553;0.007;20260318
Maphra;Doomed;2141;1436;0.046;20260318
Lola Young;Messy;2130;509;4.015;20260318
Tears for Fears;Everybody Wants to Rule the World;2085;26;0.985;20260318
The Pussycat Dolls;Club Song;2084;-755;0.047;20260318
ZXKAI;NO BATIDÃO;2057;600;0.094;20260318
slxughter;NO BATIDÃO;2057;600;0.094;20260318
Shaboozey;A Bar Song;2048;-74;4.677;20260318
Chappell Roan;Pink Pony Club;2023;-21;2.608;20260318
Unheilig;Du bist meine Heimat;1990;-934;0.014;20260318
GroßstadtEngel;Gute Laune;1969;72;0.294;20260318
Ella Langley;you look like you love me;1962;597;1.081;20260318
Riley Green;you look like you love me;1962;597;1.081;20260318
David Guetta;Gone Gone Gone;1945;-373;0.902;20260318
Teddy Swims;Gone Gone Gone;1945;-373;0.902;20260318
Tones And I;Gone Gone Gone;1945;-373;0.902;20260318
Dropkick Murphys;I'm Shipping Up to Boston;1940;338;0.135;20260318
Noah Kahan;The Great Divide;1930;313;0.11;20260318
Iam Tongi;Good For My Soul;1909;-186;0.004;20260318
sombr;back to friends;1865;1221;0.539;20260318
Hearts2Hearts;RUDE;1863;405;0.05;20260318
JO1;Breezy Love;1860;643;0.01;20260318
Johannes Oerding;Wolken;1856;-649;0.017;20260318
Michael Patrick Kelly;Wolken;1856;-649;0.017;20260318
The Cranberries;Zombie;1848;495;1.778;20260318
Journey;Don't Stop Believin';1830;512;3.582;20260318
Saja Boys;Soda Pop;1815;367;1.826;20260318
Andrew Choi;Soda Pop;1815;367;1.826;20260318
Neckwav;Soda Pop;1815;367;1.826;20260318
Danny Chung;Soda Pop;1815;367;1.826;20260318
Kevin Woo;Soda Pop;1815;367;1.826;20260318
samUIL Lee;Soda Pop;1815;367;1.826;20260318
KPop Demon Hunters Cast;Soda Pop;1815;367;1.826;20260318
Charlotte Cardin;The Way We Touch;1800;-266;0.012;20260318
Sarah Connor;Interstellar;1789;3;0.024;20260318
Sido;Interstellar;1789;3;0.024;20260318
ARASHI;Five;1774;-80;0.041;20260318
RASELHITS;ALONE WITH MEMORIES;1772;1133;0.003;20260318
Dermot Kennedy;Funeral;1769;82;0.093;20260318
Kacey Musgraves;Dry Spell;1716;-709;0.022;20260318
Sham Rock;Tell Me Ma;1677;722;0.017;20260318
Imagine Dragons;Believer;1673;1128;8.733;20260318
Radiohead;Creep;1664;1361;1.814;20260318
Sabrina Carpenter;Manchild;1637;520;0.822;20260318
Charlie Puth;Home;1635;-856;0.043;20260318
Harry Styles;Sign of the Times;1621;-679;4.578;20260318
HUGEL;Jamaican;1609;650;0.194;20260318
SOLTO (FR);Jamaican;1609;650;0.194;20260318
Unheilig;Wunderschön;1598;-268;0.212;20260318
Teddy Swims;Lose Control;1597;193;7.262;20260318
Bruce Springsteen;A Rainy Night in Soho;1587;-992;0.033;20260318
Shyra Sanchez;OPERATOR;1568;1568;0.002;20260318
BE:FIRST;BE:FIRST ALL DAY;1568;-32;0.006;20260318
Benson Boone;Beautiful Things;1557;-963;7.066;20260318
Lainey Wilson;Can't Sit Still;1554;-332;0.017;20260318
SIENNA SPIRO;The Visitor;1539;-552;0.011;20260318
Kate Bush;Running Up That Hill;1537;616;2.656;20260318
HUNTR/X;What It Sounds Like;1524;-230;1.036;20260318
EJAE;What It Sounds Like;1524;-230;1.036;20260318
AUDREY NUNA;What It Sounds Like;1524;-230;1.036;20260318
REI AMI;What It Sounds Like;1524;-230;1.036;20260318
KPop Demon Hunters Cast;What It Sounds Like;1524;-230;1.036;20260318
Die Toten Hosen;Die Show muss weitergehen;1518;-1053;0.017;20260318
Luke Combs;My Kinda Saturday Night;1511;73;0.139;20260318
Australian Idol;All Night Long;1508;-92;0.008;20260318
ST☆RISH;Rainbow Signs;1508;1508;0.002;20260318
HYPNOSISMIC -D.R.B- (Fling Posse);Rainbow Signs;1508;1508;0.002;20260318
HYPNOSISMIC -D.R.B- (Matenro);Rainbow Signs;1508;1508;0.002;20260318
NuNew;New Season;1479;-932;0.008;20260318
Mrs. GREEN APPLE;lulu.;1470;77;0.113;20260318
Disturbed;The Sound of Silence;1470;46;10.226;20260318
4 Non Blondes;What's Up;1460;1066;1.288;20260318
Yuuri;The World Has Ended;1450;28;0.052;20260318
Kenshi Yonezu;IRIS OUT;1449;1449;0.315;20260318
Unheilig;Geboren um zu leben;1432;716;0.635;20260318
The Naughty Jukebox;Giddy Up;1425;-197;0.007;20260318
SixTONES;Ichibyo;1422;439;0.018;20260318
Aitana;SUPERESTRELLA;1411;112;0.156;20260318
Noah Kahan;Porch Light;1411;-672;0.022;20260318
Jennifer Lopez;Save Me Tonight;1404;-546;0.064;20260318
David Guetta;Save Me Tonight;1404;-546;0.064;20260318
稲葉浩志;タッチ;1395;-113;0.022;20260318
Bad Bunny;BAILE INoLVIDABLE;1392;424;0.437;20260318
Jack O'Connell;Rocky Road to Dublin;1363;131;0.017;20260318
Brian Dunphy;Rocky Road to Dublin;1363;131;0.017;20260318
Darren Holden;Rocky Road to Dublin;1363;131;0.017;20260318
Miles Caton;I Lied to You;1359;-1108;0.012;20260318
Natasha Bedingfield;Unwritten;1356;845;0.998;20260318
Ella Langley;Dandelion;1354;-9;0.096;20260318
Amy Shark;The Biggest Dick;1341;-81;0.012;20260318
Mr.Children;Again;1341;-109;0.075;20260318
Robin Schulz;Embers;1327;102;0.03;20260318
Stray Kids;Endless Sun;1325;316;0.019;20260318
Angèle;What You Want;1321;-41;0.032;20260318
Justice;What You Want;1321;-41;0.032;20260318
Milky;Just the Way You Are;1311;303;0.023;20260318
Kato;Turn the Lights Off;1305;219;0.684;20260318
Luke Combs;Giving Her Away;1300;-18;0.12;20260318
JAM Project;GOALEX～希望誕生～;1290;-105;0.003;20260318
Sal da Vinci;Per sempre sì;1283;-498;0.085;20260318
Dolly Parton;Islands In the Stream;1278;789;0.796;20260318
Kenny Rogers;Islands In the Stream;1278;789;0.796;20260318
RAYE;Nightingale Lane.;1277;-454;0.053;20260318
T.I.;LET 'EM KNOW;1265;-456;0.088;20260318
M!LK;Sukisugite METSU;1265;-50;0.17;20260318
Gravel;Do You Hear Me Lord;1264;878;0.007;20260318
Grace;Do You Hear Me Lord;1264;878;0.007;20260318
Zhou Shen;修星星的人;1259;1259;0.001;20260318
HWASA;Good Goodbye;1258;171;0.33;20260318
XXXTENTACION;Moonlight;1255;-89;0.638;20260318
Sonny Fodera;Think About Us;1250;497;0.252;20260318
D.O.D;Think About Us;1250;497;0.252;20260318
Poppy Baskcomb;Think About Us;1250;497;0.252;20260318
Good Vibes Tribe 11:11;I'm Not What Happened To Me;1246;635;0.16;20260318
HUNTR/X;Golden;1242;-2303;0.333;20260318
EJAE;Golden;1242;-2303;0.333;20260318
AUDREY NUNA;Golden;1242;-2303;0.333;20260318
REI AMI;Golden;1242;-2303;0.333;20260318
KPop Demon Hunters Cast;Golden;1242;-2303;0.333;20260318
David Guetta;Golden;1242;-2303;0.333;20260318
RADWIMPS;Seikai;1241;-100;0.172;20260318
Metallica;Enter Sandman;1223;504;1.594;20260318
Ramin Djawadi;Main Title;1220;285;0.25;20260318
The Beatles;Here Comes the Sun;1217;-132;0.787;20260318
緑黄色社会;風に乗る;1217;1217;0.001;20260318
King Gnu;AIZO;1217;-179;0.132;20260318
Lynyrd Skynyrd;Free Bird;1214;274;0.258;20260318
Drake;NOKIA;1209;145;1.789;20260318
ANOTR;Talk To You;1205;-448;0.027;20260318
Luke Combs;Back in the Saddle;1203;-56;0.178;20260318
Alle Farben;Baby Goodbye;1188;468;0.047;20260318
Terrian;Testimony;1174;148;0.007;20260318
BLACKPINK;JUMP;1173;865;1.103;20260318
Miley Cyrus;End of the World;1170;530;1.381;20260318
Eurogliders;Heaven;1170;-198;0.019;20260318
Mrs. Green Apple;Bokuno Koto;1170;87;0.608;20260318
Coldplay;A Sky Full of Stars;1170;663;11.233;20260318
Morgan Wallen;I'm The Problem;1170;30;0.581;20260318
JJ Lin;Careful with Fate;1165;-61;0.015;20260318
Effe Serieus;Baila de Gasolina;1163;479;0.336;20260318
Rachel Platten;Stand By You;1151;1151;0.711;20260318
M!LK;Bakuretsu Aishiteru;1148;1148;0.05;20260318
Bleu Soleil;Soleil Bleu;1134;95;0.573;20260318
LUIZA;Soleil Bleu;1134;95;0.573;20260318
Ed Sheeran;Sapphire;1133;311;2.035;20260318
TAGRIGHT;Hanakotoba;1125;1125;0.001;20260318
The Bausa;Magnetic;1123;1123;0.003;20260318
Justė;Turn The Lights Off;1123;186;0.055;20260318
Jaxstyle;Turn The Lights Off;1123;186;0.055;20260318
Jon;Turn The Lights Off;1123;186;0.055;20260318
Survivor;Eye of the Tiger;1107;509;2.41;20260318
Aarne;NOBODY;1106;236;0.028;20260318
Toxi$;NOBODY;1106;236;0.028;20260318
Big Baby Tape;NOBODY;1106;236;0.028;20260318
Maite Kelly;Frei;1104;-975;0.015;20260318
Hans Zimmer;F1;1098;233;0.347;20260318
Delta Goodrem;Eclipse;1083;427;0.032;20260318
10-FEET;Burn Out to Nothing;1083;42;0.011;20260318
Joe Jackson;After All This Time;1077;1077;0.001;20260318
Peter Gabriel;What Lies Ahead;1073;1073;0.013;20260318
Sons of Legion;Fire Starter;1070;-15;0.142;20260318
Sportfreunde Stiller;Ti amo, Italiano;1063;811;0.053;20260318
Johannes Oerding;Märchen aus Hollywood;1062;-536;0.042;20260318
Sarah Connor;Märchen aus Hollywood;1062;-536;0.042;20260318
Remioromen;Sangatsu Kokonoka;1062;-108;0.101;20260318
The Milan;Сладкая мята;1052;268;0.01;20260318
Myles Smith;Drive Safe;1043;-225;0.118;20260318
Niall Horan;Drive Safe;1043;-225;0.118;20260318
Harrison;All the Things She Said;1034;528;0.161;20260318
Marc Rebillet;Your New Morning Alarm;1034;-50;0.663;20260318
Rick Astley;Waiting On You;1021;-172;0.027;20260318
Santana;Put Your Lights On;1021;-148;0.011;20260318
HIROMU (INI);See you again;1021;1021;0.001;20260318
ADELE;Skyfall;1016;383;10.965;20260318
Kygo;Save My Love;1014;879;0.039;20260318
Khalid;Save My Love;1014;879;0.039;20260318
Gryffin;Save My Love;1014;879;0.039;20260318
HUNTR/X;Golden;18867;-1199;4.209;20260319
EJAE;Golden;18867;-1199;4.209;20260319
AUDREY NUNA;Golden;18867;-1199;4.209;20260319
REI AMI;Golden;18867;-1199;4.209;20260319
KPop Demon Hunters Cast;Golden;18867;-1199;4.209;20260319
Owen James;When I Stand;12147;-1426;0.097;20260319
Taylor Swift;The Fate of Ophelia;11861;736;2.781;20260319
Bruno Mars;I Just Might;11222;-757;1.057;20260319
RAYE;WHERE IS MY HUSBAND;11036;-23;1.95;20260319
Alex Warren;Ordinary;10440;-17;5.073;20260319
Taylor Swift;Opalite;8758;-54;1.434;20260319
Olivia Dean;So Easy;8706;805;1.043;20260319
Alex Warren;FEVER DREAM;8572;-247;0.211;20260319
Olivia Dean;Man I Need;8333;-1169;1.935;20260319
The Second Voice;LET ME BE;7907;1956;0.114;20260319
The Goo Goo Dolls;Iris;7684;-955;1.748;20260319
Bruno Mars;Risk It All;6953;663;0.22;20260319
Peter Gregson;360;6950;-95;0.181;20260319
Djo;End of Beginning;6898;-1011;1.587;20260319
mikeeysmind;Papaoutai;6708;-80;0.638;20260319
Chill77;Papaoutai;6708;-80;0.638;20260319
Unjaps;Papaoutai;6708;-80;0.638;20260319
Bebe Rexha;New Religion;6590;30;0.138;20260319
Faithless;New Religion;6590;30;0.138;20260319
Ella Langley;Choosin' Texas;6231;531;0.679;20260319
Harry Styles;American Girls;6136;-1026;0.105;20260319
Harry Styles;Aperture;5930;-1200;0.483;20260319
SIENNA SPIRO;Die On This Hill;5622;410;0.462;20260319
Jack Johnson;Upside Down;5474;-1813;0.161;20260319
Aiyana-Lee;Housebroken;5094;-669;0.073;20260319
Tame Impala;Dracula;4932;1333;0.069;20260319
JENNIE;Dracula;4932;1333;0.069;20260319
Lady Gaga;Always Remember Us This Way;4764;179;9.363;20260319
Anita Ward;Ring My Bell;4523;-740;0.118;20260319
Lady Gaga;Die With A Smile;4454;-354;7.232;20260319
Bruno Mars;Die With A Smile;4454;-354;7.232;20260319
Bad Bunny;DtMF;4430;-523;0.944;20260319
Zara Larsson;Lush Life;4189;12;2.469;20260319
Disney;Zoo;4105;-317;0.334;20260319
Shakira;Zoo;4105;-317;0.334;20260319
Luke Combs;Be By You;3972;560;0.131;20260319
Luke Combs;I Ain't No Cowboy;3961;221;0.04;20260319
Luke Combs;Sleepless in a Hotel Room;3900;199;0.246;20260319
sombr;12 to 12;3825;-1048;0.95;20260319
Luke Combs;Days Like These;3770;1161;0.219;20260319
Jamie Bower;Waiting for Your Love;3770;3770;0.004;20260319
sombr;Homewrecker;3624;-243;0.165;20260319
ROSALÍA;La Perla;3609;1463;0.288;20260319
Yahritza Y Su Esencia;La Perla;3609;1463;0.288;20260319
Owen James;I Don't Explain;3598;-363;0.016;20260319
Bad Bunny;NUEVAYoL;3598;128;0.753;20260319
Shakira;Zoo;3474;-1133;0.499;20260319
Sam Fender;Rein Me In;3466;-99;0.362;20260319
Olivia Dean;Rein Me In;3466;-99;0.362;20260319
Sia;Unstoppable;3445;-84;7.478;20260319
Ella Langley;Be Her;3366;47;0.125;20260319
Christina Perri;A Thousand Years;3105;-1128;8.19;20260319
Kato;Turn the Lights Off;2871;605;0.299;20260319
Jon;Turn the Lights Off;2871;605;0.299;20260319
The Pussycat Dolls;Club Song;2861;777;0.05;20260319
Shaggy;Looking Lovely;2839;2170;0.005;20260319
Ac/Dc;Thunderstruck;2768;-79;3.97;20260319
Dave;Raindance;2734;-156;0.25;20260319
Tems;Raindance;2734;-156;0.25;20260319
ROSALÍA;Berghain;2714;159;0.536;20260319
Björk;Berghain;2714;159;0.536;20260319
Yves Tumor;Berghain;2714;159;0.536;20260319
ROSÉ;APT.;2710;349;6.297;20260319
Bruno Mars;APT.;2710;349;6.297;20260319
David Guetta;Gone Gone Gone;2615;670;0.905;20260319
Teddy Swims;Gone Gone Gone;2615;670;0.905;20260319
Tones And I;Gone Gone Gone;2615;670;0.905;20260319
Johannes Oerding;Wolken;2606;750;0.019;20260319
Michael Patrick Kelly;Wolken;2606;750;0.019;20260319
Eminem;Lose Yourself;2482;29;3.683;20260319
Luke Combs;My Kinda Saturday Night;2436;925;0.141;20260319
Luke Combs;Back in the Saddle;2388;1185;0.18;20260319
TRAP MAFIA HOUSE;Mafia Style;2349;119;0.074;20260319
Benson Boone;Beautiful Things;2304;747;7.068;20260319
Tears for Fears;Everybody Wants to Rule the World;2276;191;0.987;20260319
JJ Lin;Careful with Fate;2271;1106;0.017;20260319
Bad Bunny;Tití Me Preguntó;2266;37;0.785;20260319
Ado;AiAiA;2263;121;0.009;20260319
Marc Rebillet;Your New Morning Alarm;2254;1220;0.666;20260319
Chappell Roan;Pink Pony Club;2251;228;2.611;20260319
Thunderstorm Artis;Island Style;2177;-101;0.007;20260319
Noah Kahan;The Great Divide;2103;173;0.113;20260319
PinkPantheress;Stateside;2044;-456;0.129;20260319
Luke Combs;15 Minutes;2032;1053;0.065;20260319
SixTONES;Rebellion;2026;-284;0.004;20260319
Mikhail Bennett;After I Pass Away;2020;2020;0.012;20260319
Zara Larsson;Midnight Sun;2013;-326;0.107;20260319
Disturbed;The Sound of Silence;2007;537;10.228;20260319
Die Toten Hosen;Die Show muss weitergehen;1984;466;0.019;20260319
sombr;back to friends;1960;95;0.541;20260319
Micah Tyler;Perfectly;1945;-520;0.031;20260319
Luke Combs;Giving Her Away;1937;637;0.122;20260319
Mrs. GREEN APPLE;lulu.;1900;430;0.115;20260319
Foo Fighters;Caught In The Echo;1900;1900;0.002;20260319
Maphra;Doomed;1887;-254;0.048;20260319
Ed Sheeran;Sapphire;1868;735;2.037;20260319
Lola Young;Messy;1858;-272;4.017;20260319
Ella Langley;Loving Life Again;1857;1857;0.002;20260319
Zac Brown Band;I Ain't Worried About It;1854;1854;0.006;20260319
BLACKPINK;Champion;1853;1066;0.057;20260319
Sham Rock;Tell Me Ma;1828;151;0.019;20260319
Michael Bennett;After I'm Gone;1820;1205;0.019;20260319
Phil Collins;In the Air Tonight;1819;867;1.249;20260319
Bella Kay;iloveitiloveitiloveit;1792;-551;0.023;20260319
Jennifer Lopez;Save Me Tonight;1788;384;0.066;20260319
David Guetta;Save Me Tonight;1788;384;0.066;20260319
Hearts2Hearts;RUDE;1787;-76;0.052;20260319
Zac Brown Band;Chicken Fried;1780;1780;0.278;20260319
Gordo;Loco Loco;1761;-428;0.049;20260319
Reinier Zonneveld;Loco Loco;1761;-428;0.049;20260319
ARASHI;Five;1749;-25;0.043;20260319
RAYE;Click Clack Symphony.;1716;1716;0.002;20260319
Shaboozey;A Bar Song;1684;-364;4.679;20260319
Ziggy in tha House;It's Raining;1682;994;0.183;20260319
ZXKAI;NO BATIDÃO;1679;-378;0.096;20260319
slxughter;NO BATIDÃO;1679;-378;0.096;20260319
Unheilig;Wunderschön;1657;59;0.213;20260319
Sal da Vinci;Per sempre sì;1656;373;0.087;20260319
Ella Langley;Dandelion;1651;297;0.098;20260319
BE:FIRST;BE:FIRST ALL DAY;1600;32;0.007;20260319
Rick Astley;Waiting On You;1595;574;0.029;20260319
T.I.;LET 'EM KNOW;1580;315;0.089;20260319
Ella Langley;you look like you love me;1578;-384;1.083;20260319
Riley Green;you look like you love me;1578;-384;1.083;20260319
Shyra Sanchez;OPERATOR;1568;0;0.003;20260319
Miley Cyrus;Flowers;1554;789;7.561;20260319
Myles Smith;Drive Safe;1553;510;0.119;20260319
Niall Horan;Drive Safe;1553;510;0.119;20260319
Aitana;SUPERESTRELLA;1538;127;0.158;20260319
Natasha Bedingfield;Unwritten;1531;175;1.0;20260319
Unheilig;Du bist meine Heimat;1523;-467;0.016;20260319
SixTONES;Ichibyo;1508;86;0.02;20260319
The Naughty Jukebox;Giddy Up;1503;78;0.009;20260319
The Cranberries;Zombie;1500;-348;1.78;20260319
Noah Kahan;Porch Light;1496;85;0.023;20260319
Yuuri;The World Has Ended;1479;29;0.053;20260319
Zac Brown Band;Colder Weather;1475;1475;0.093;20260319
HWASA;Good Goodbye;1474;216;0.331;20260319
Billie Eilish;BIRDS OF A FEATHER;1470;-952;5.761;20260319
Exodus;Promise You This;1462;-1966;0.006;20260319
稲葉浩志;タッチ;1450;55;0.023;20260319
Radiohead;Creep;1448;-216;1.816;20260319
Journey;Don't Stop Believin';1447;-383;3.583;20260319
Guns N' Roses;Sweet Child o' Mine;1440;900;2.351;20260319
Robin Schulz;Embers;1435;108;0.031;20260319
Iam Tongi;Good For My Soul;1424;-485;0.005;20260319
ST☆RISH;Rainbow Signs;1422;-86;0.003;20260319
HYPNOSISMIC -D.R.B- (Fling Posse);Rainbow Signs;1422;-86;0.003;20260319
HYPNOSISMIC -D.R.B- (Matenro);Rainbow Signs;1422;-86;0.003;20260319
HUNTR/X;What It Sounds Like;1418;-106;1.037;20260319
EJAE;What It Sounds Like;1418;-106;1.037;20260319
AUDREY NUNA;What It Sounds Like;1418;-106;1.037;20260319
REI AMI;What It Sounds Like;1418;-106;1.037;20260319
KPop Demon Hunters Cast;What It Sounds Like;1418;-106;1.037;20260319
Bon Jovi;Livin' On a Prayer;1407;1001;1.133;20260319
GroßstadtEngel;Gute Laune;1392;-577;0.296;20260319
HUNTR/X;Golden;1390;148;0.334;20260319
EJAE;Golden;1390;148;0.334;20260319
AUDREY NUNA;Golden;1390;148;0.334;20260319
REI AMI;Golden;1390;148;0.334;20260319
KPop Demon Hunters Cast;Golden;1390;148;0.334;20260319
David Guetta;Golden;1390;148;0.334;20260319
Kenshi Yonezu;IRIS OUT;1389;-60;0.317;20260319
Teddy Swims;Bad Dreams;1381;433;3.494;20260319
JERRY'S SOUND ROOM;No Juegues Con Mi Corazón;1363;1363;0.001;20260319
XXXTENTACION;Moonlight;1356;101;0.639;20260319
Sabrina Carpenter;Manchild;1354;-283;0.823;20260319
Sarah Connor;Interstellar;1341;-448;0.026;20260319
Sido;Interstellar;1341;-448;0.026;20260319
Mr.Children;Again;1341;0;0.077;20260319
Dermot Kennedy;Funeral;1341;-428;0.094;20260319
ANOTR;Talk To You;1333;128;0.028;20260319
Tame Impala;Dracula;1324;453;0.147;20260319
Charlotte Cardin;The Way We Touch;1324;-476;0.014;20260319
Outliers;That's The Way It Is;1320;1177;0.032;20260319
Charlie Puth;Home;1318;-317;0.044;20260319
M!LK;Sukisugite METSU;1315;50;0.172;20260319
Teddy Swims;Lose Control;1304;-293;7.264;20260319
King Gnu;AIZO;1290;73;0.133;20260319
Bailey Zimmerman;Just Believe;1271;356;0.011;20260319
Brandon Lake;Just Believe;1271;356;0.011;20260319
JO1;Breezy Love;1265;-595;0.012;20260319
HAVEN.;I Run;1254;547;0.375;20260319
Kaitlin Aragon;I Run;1254;547;0.375;20260319
Disco Lines;No Broke Boys;1245;476;1.223;20260319
Tinashe;No Broke Boys;1245;476;1.223;20260319
Scouting for Girls;Get What You Give;1241;1241;0.001;20260319
Amy Shark;The Biggest Dick;1241;-100;0.014;20260319
RADWIMPS;Seikai;1241;0;0.173;20260319
Alphaville;Forever Young;1240;593;1.27;20260319
The Cranberries;Dreams;1237;-1058;0.855;20260319
Imagine Dragons;Believer;1227;-446;8.734;20260319
M!LK;Bakuretsu Aishiteru;1217;69;0.051;20260319
Natsuki Shinomiya;メガLOVEハッピーワールド;1193;596;0.006;20260319
Jinguji Ren;メガLOVEハッピーワールド;1193;596;0.006;20260319
RANMARU KUROSAKI(CV.Tatsuhisa Suzuki);メガLOVEハッピーワールド;1193;596;0.006;20260319
CAMUS(CV.Tomoaki Maeno);メガLOVEハッピーワールド;1193;596;0.006;20260319
EIJI OTORI(CV.Yuma Uchida);メガLOVEハッピーワールド;1193;596;0.006;20260319
VAN KIRYUIN(CV.Hidenori Takahashi);メガLOVEハッピーワールド;1193;596;0.006;20260319
Ellie Goulding;Love Me Like You Do;1192;753;9.179;20260319
Alex Warren;Carry You Home;1190;179;1.069;20260319
Metallica;Enter Sandman;1189;-34;1.595;20260319
Harry Styles;Sign of the Times;1183;-438;4.579;20260319
Frank Sinatra;My Way;1171;1141;0.902;20260319
Tedeschi Trucks Band;Future Soul;1163;-1038;0.004;20260319
BLACKPINK;GO;1157;700;0.094;20260319
Peter Gabriel;What Lies Ahead;1154;81;0.014;20260319
Coldplay;Viva la Vida;1153;145;6.933;20260319
Kacey Musgraves;Dry Spell;1153;-563;0.023;20260319
MASATO HIJIRIKAWA(CV.Kenichi Suzumura);夢ノ聖火;1148;573;0.006;20260319
Ichinose Tokiya;夢ノ聖火;1148;573;0.006;20260319
Aijima Cecil;夢ノ聖火;1148;573;0.006;20260319
AI MIKAZE(CV.Shouta Aoi);夢ノ聖火;1148;573;0.006;20260319
KIRA SUMERAGI(CV.Daisuke Ono);夢ノ聖火;1148;573;0.006;20260319
SHION AMAKUSA(CV.Daiki Yamashita);夢ノ聖火;1148;573;0.006;20260319
Dermot Kennedy;Honest;1144;1144;0.001;20260319
Kate Bush;Running Up That Hill;1131;-406;2.657;20260319
OTOYA ITTOKI(CV.Takuma Terashima);MUSIC ENERGY;1125;602;0.005;20260319
Syo Kurusu;MUSIC ENERGY;1125;602;0.005;20260319
REIJI KOTOBUKI(CV.Showtaro Morikubo);MUSIC ENERGY;1125;602;0.005;20260319
EIICHI OTORI(CV.Hikaru Midorikawa);MUSIC ENERGY;1125;602;0.005;20260319
NAGI MIKADO(CV.Tsubasa Yonaga);MUSIC ENERGY;1125;602;0.005;20260319
YAMATO HYUGA(CV.Ryohei Kimura);MUSIC ENERGY;1125;602;0.005;20260319
Afroman;Lemon Pound Cake;1125;1125;0.001;20260319
Cat Stevens;Father and Son;1123;1123;0.36;20260319
Sonny Fodera;Think About Us;1123;-127;0.253;20260319
D.O.D;Think About Us;1123;-127;0.253;20260319
Poppy Baskcomb;Think About Us;1123;-127;0.253;20260319
Kygo;Save My Love;1118;104;0.04;20260319
Khalid;Save My Love;1118;104;0.04;20260319
Gryffin;Save My Love;1118;104;0.04;20260319
SIENNA SPIRO;The Visitor;1117;-422;0.012;20260319
Tate McRae;Just Keep Watching;1115;330;0.406;20260319
DJTEXX;Wild West & Wicked;1110;185;0.003;20260319
RASELHITS;ALONE WITH MEMORIES;1108;-664;0.004;20260319
James Johnston;DO YOU PLAY ANY COUNTRY;1104;1104;0.001;20260319
Ryokuoushoku Shakai;Riding the wind;1104;1104;0.011;20260319
Elton John;Cold Heart;1100;92;7.967;20260319
Dua Lipa;Cold Heart;1100;92;7.967;20260319
JAM Project;GOALEX～希望誕生～;1083;-207;0.004;20260319
Achille Lauro;Perdutamente;1080;311;0.105;20260319
Zhou Shen;修星星的人;1074;-185;0.002;20260319
Johannes Oerding;Märchen aus Hollywood;1067;5;0.043;20260319
Sarah Connor;Märchen aus Hollywood;1067;5;0.043;20260319
Teddy Swims;The Door;1065;579;3.844;20260319
Bon Iver;8;1062;1062;0.01;20260319
Australian Idol;All Night Long;1062;-446;0.009;20260319
10-FEET;Burn Out to Nothing;1062;-21;0.012;20260319
Andy Grammer;Don’t Give Up on Me;1046;961;0.168;20260319
Harry Styles;Coming Up Roses;1044;-1174;0.037;20260319
Tarja;At Sea;1043;157;0.002;20260319
Neil Diamond;Sweet Caroline;1042;214;1.395;20260319
Mrs. Green Apple;Bokuno Koto;1041;-129;0.609;20260319
Coldplay;Fix You;1019;967;2.957;20260319
Sean Paul featuring Keyshia Cole;(When You Gonna) Give It Up to Me;1009;368;0.009;20260319
Linkin Park;Numb;1007;229;1.326;20260319
BTS;SWIM;26152;26152;0.026;20260320
BTS;Body to Body;23135;23135;0.023;20260320
BTS;NORMAL;20459;20459;0.02;20260320
BTS;FYA;19245;19245;0.019;20260320
BTS;Hooligan;19147;19147;0.019;20260320
BTS;Like Animals;19092;19092;0.019;20260320
BTS;Into the Sun;18470;18470;0.018;20260320
BTS;they don’t know ’bout us;17838;17838;0.018;20260320
BTS;Aliens;17613;17613;0.018;20260320
BTS;2.0;16873;16873;0.017;20260320
BTS;Merry Go Round;16738;16738;0.017;20260320
BTS;One More Night;16619;16619;0.017;20260320
BTS;Please;16509;16509;0.017;20260320
BTS;No. 29;15191;15191;0.015;20260320
HUNTR/X;Golden;14446;-4421;4.224;20260320
EJAE;Golden;14446;-4421;4.224;20260320
AUDREY NUNA;Golden;14446;-4421;4.224;20260320
REI AMI;Golden;14446;-4421;4.224;20260320
KPop Demon Hunters Cast;Golden;14446;-4421;4.224;20260320
RAYE;Click Clack Symphony.;10920;9204;0.013;20260320
Muse;Be With You;10871;10871;0.011;20260320
Foo Fighters;Caught In The Echo;9914;8014;0.012;20260320
RAYE;WHERE IS MY HUSBAND;9658;-1378;1.96;20260320
Owen James;When I Stand;8440;-3707;0.106;20260320
Taylor Swift;The Fate of Ophelia;8039;-3822;2.789;20260320
Bruno Mars;I Just Might;7954;-3268;1.065;20260320
Muse;Unravelling;7398;7398;0.063;20260320
Niall Horan;Dinner Party;7316;7316;0.007;20260320
Nickelback;Bones for the Crows;6839;6839;0.007;20260320
Alex Warren;FEVER DREAM;6518;-2054;0.218;20260320
Dermot Kennedy;Honest;6374;5230;0.008;20260320
Alex Warren;Ordinary;6217;-4223;5.079;20260320
Ella Langley;Loving Life Again;5906;4049;0.008;20260320
Olivia Dean;Man I Need;5556;-2777;1.941;20260320
Bebe Rexha;New Religion;5475;-1115;0.143;20260320
Faithless;New Religion;5475;-1115;0.143;20260320
Taylor Swift;Opalite;5335;-3423;1.439;20260320
Olivia Dean;So Easy;4968;-3738;1.048;20260320
Ella Langley;Choosin' Texas;4726;-1505;0.683;20260320
The Second Voice;LET ME BE;4649;-3258;0.118;20260320
The Goo Goo Dolls;Iris;4594;-3090;1.752;20260320
Djo;End of Beginning;4524;-2374;1.592;20260320
Take That;You're A Superstar;4507;4507;0.005;20260320
Bruno Mars;Risk It All;4382;-2571;0.225;20260320
Harry Styles;American Girls;4292;-1844;0.109;20260320
mikeeysmind;Papaoutai;4117;-2591;0.642;20260320
Chill77;Papaoutai;4117;-2591;0.642;20260320
Unjaps;Papaoutai;4117;-2591;0.642;20260320
Aiyana-Lee;Housebroken;4036;-1058;0.077;20260320
Harry Styles;Aperture;3710;-2220;0.487;20260320
Jamie Bower;Waiting for Your Love;3681;-89;0.007;20260320
W&W;Rave From Outer Space;3575;3575;0.004;20260320
Scooter;Rave From Outer Space;3575;3575;0.004;20260320
SIENNA SPIRO;Die On This Hill;3462;-2160;0.466;20260320
The Black Keys;Where There's Smoke, There's Fire;3435;2526;0.004;20260320
Anita Ward;Ring My Bell;2994;-1529;0.121;20260320
Sam Fender;Rein Me In;2941;-525;0.365;20260320
Olivia Dean;Rein Me In;2941;-525;0.365;20260320
SOOBIN;Rekindling Memories;2915;2915;0.003;20260320
Sia;Unstoppable;2781;-664;7.481;20260320
Peter Gregson;360;2613;-4337;0.183;20260320
Luke Combs;Sleepless in a Hotel Room;2585;-1315;0.248;20260320
Tame Impala;Dracula;2574;-2358;0.072;20260320
JENNIE;Dracula;2574;-2358;0.072;20260320
Leony;Stay;2544;2544;0.003;20260320
Calum Scott;Stay;2544;2544;0.003;20260320
Zara Larsson;Lush Life;2528;-1661;2.472;20260320
Lady Gaga;Die With A Smile;2506;-1948;7.234;20260320
Bruno Mars;Die With A Smile;2506;-1948;7.234;20260320
sombr;12 to 12;2469;-1356;0.953;20260320
Thirty Seconds to Mars;The Kill;2446;2104;0.092;20260320
Shakira;Zoo;2409;-1065;0.501;20260320
Shaggy;Looking Lovely;2401;-438;0.008;20260320
Jack Johnson;Upside Down;2398;-3076;0.164;20260320
Luke Combs;Be By You;2387;-1585;0.133;20260320
Luke Combs;Days Like These;2352;-1418;0.221;20260320
ROSALÍA;La Perla;2329;-1280;0.29;20260320
Yahritza Y Su Esencia;La Perla;2329;-1280;0.29;20260320
Luke Combs;Wish Upon a Whiskey;2275;2275;0.002;20260320
Disney;Zoo;2266;-1839;0.336;20260320
Shakira;Zoo;2266;-1839;0.336;20260320
Lady Gaga;Always Remember Us This Way;2200;-2564;9.366;20260320
Ella Langley;Be Her;2165;-1201;0.127;20260320
Kato;Turn the Lights Off;2160;-711;0.301;20260320
Jon;Turn the Lights Off;2160;-711;0.301;20260320
sombr;Homewrecker;2146;-1478;0.168;20260320
Luke Combs;I Ain't No Cowboy;2128;-1833;0.042;20260320
PinkPantheress;Stateside;1978;-66;0.131;20260320
Fantasy;Wo schläfst du heut Nacht;1937;1937;0.002;20260320
Christina Perri;A Thousand Years;1930;-1175;8.192;20260320
Billie Eilish;BIRDS OF A FEATHER;1919;449;5.763;20260320
Dave;Raindance;1873;-861;0.252;20260320
Tems;Raindance;1873;-861;0.252;20260320
starly;Kavkaz;1861;1199;0.006;20260320
ROSALÍA;Berghain;1856;-858;0.538;20260320
Björk;Berghain;1856;-858;0.538;20260320
Yves Tumor;Berghain;1856;-858;0.538;20260320
Owen James;I Don't Explain;1839;-1759;0.018;20260320
Johannes Oerding;Wolken;1810;-796;0.021;20260320
Michael Patrick Kelly;Wolken;1810;-796;0.021;20260320
Bad Bunny;DtMF;1804;-2626;0.946;20260320
Achille Lauro;In Viaggio Verso Il Paradiso;1764;1764;0.002;20260320
FLO;Leak It;1705;1705;0.002;20260320
DJ Rankin;I Am a Raver;1700;1700;0.002;20260320
Gordo;Loco Loco;1692;-69;0.051;20260320
Reinier Zonneveld;Loco Loco;1692;-69;0.051;20260320
ARASHI;Five;1663;-86;0.045;20260320
Beatrice Egli;So schön cha s'Läbe si;1642;1642;0.002;20260320
Heimweh;So schön cha s'Läbe si;1642;1642;0.002;20260320
Harry Styles;Sign of the Times;1637;454;4.581;20260320
Mrs. GREEN APPLE;lulu.;1636;-264;0.117;20260320
Cannons;Light as a Feather;1569;959;0.002;20260320
Shyra Sanchez;OPERATOR;1568;0;0.005;20260320
Loreen;Coming Close;1558;1116;0.002;20260320
Tommee Profitt;Blessed Assurance;1550;1550;0.002;20260320
Mara Justine;Blessed Assurance;1550;1550;0.002;20260320
Die Toten Hosen;Die Show muss weitergehen;1539;-445;0.02;20260320
Dermot Kennedy;Funeral;1523;182;0.096;20260320
AURA;An deiner Seite;1508;1508;0.002;20260320
BE:FIRST;BE:FIRST ALL DAY;1508;-92;0.009;20260320
André Hazes Jr.;Samen Uit Samen Thuis;1465;1465;0.001;20260320
Robert van Hemert;Samen Uit Samen Thuis;1465;1465;0.001;20260320
RAF Camora;MACH PAPIER;1464;1464;0.001;20260320
Dardan;MACH PAPIER;1464;1464;0.001;20260320
Ado;AiAiA;1457;-806;0.011;20260320
SixTONES;Rebellion;1450;-576;0.006;20260320
Mylène Farmer;Maman a tort;1435;1435;0.001;20260320
Hatsuboshi Gakuen;Wildest Flower;1422;1422;0.001;20260320
Saki Hanami;Wildest Flower;1422;1422;0.001;20260320
Yuuri;The World Has Ended;1405;-74;0.054;20260320
稲葉浩志;タッチ;1395;-55;0.025;20260320
RAYE;Nightingale Lane.;1393;436;0.055;20260320
Bad Bunny;Tití Me Preguntó;1381;-885;0.786;20260320
ROSÉ;APT.;1356;-1354;6.298;20260320
Bruno Mars;APT.;1356;-1354;6.298;20260320
Charlotte Cardin;The Way We Touch;1349;25;0.015;20260320
Bad Bunny;NUEVAYoL;1343;-2255;0.755;20260320
David Guetta;Gone Gone Gone;1322;-1293;0.906;20260320
Teddy Swims;Gone Gone Gone;1322;-1293;0.906;20260320
Tones And I;Gone Gone Gone;1322;-1293;0.906;20260320
The Killers;Mr. Brightside;1322;344;1.622;20260320
Max Giesinger;Ich lieb' dich überhaupt nicht mehr;1315;1315;0.001;20260320
Maphra;Doomed;1306;-581;0.049;20260320
Luke Combs;Rethink Some Things;1293;1293;0.001;20260320
Ella Langley;Dandelion;1274;-377;0.099;20260320
SixTONES;Ichibyo;1265;-243;0.021;20260320
Lizzo;Don’t Make Me Love U;1244;1244;0.001;20260320
M!LK;Sukisugite METSU;1241;-74;0.173;20260320
Benson Boone;Beautiful Things;1225;-1079;7.069;20260320
Sal da Vinci;Per sempre sì;1216;-440;0.088;20260320
Bella Kay;iloveitiloveitiloveit;1211;-581;0.024;20260320
Coldplay;Viva la Vida;1204;51;6.934;20260320
King Gnu;AIZO;1193;-97;0.134;20260320
Phil Collins;In the Air Tonight;1191;-628;1.25;20260320
HUGEL;Jamaican;1187;572;0.196;20260320
SOLTO (FR);Jamaican;1187;572;0.196;20260320
Kenshi Yonezu;IRIS OUT;1186;-203;0.318;20260320
HAVEN.;I Run;1166;-88;0.376;20260320
Kaitlin Aragon;I Run;1166;-88;0.376;20260320
Myles Smith;Drive Safe;1163;-390;0.12;20260320
Niall Horan;Drive Safe;1163;-390;0.12;20260320
Mr.Children;Again;1148;-193;0.078;20260320
Journey;Don't Stop Believin';1146;-301;3.584;20260320
Radiohead;Creep;1138;-310;1.817;20260320
Ac/Dc;Thunderstruck;1132;-1636;3.971;20260320
Chappell Roan;Pink Pony Club;1122;-1129;2.612;20260320
Noah Kahan;The Great Divide;1092;-1011;0.114;20260320
Samurai Jay;OSSESSIONE;1067;152;0.028;20260320
Christophe Maé;La lune;1065;155;0.036;20260320
Luke Combs;Giving Her Away;1060;-877;0.123;20260320
The Cranberries;Dreams;1049;-188;0.856;20260320
ANOTR;Talk To You;1049;-284;0.029;20260320
HUNTR/X;Golden;1042;-348;0.335;20260320
EJAE;Golden;1042;-348;0.335;20260320
AUDREY NUNA;Golden;1042;-348;0.335;20260320
REI AMI;Golden;1042;-348;0.335;20260320
KPop Demon Hunters Cast;Golden;1042;-348;0.335;20260320
David Guetta;Golden;1042;-348;0.335;20260320
The Game Official;brodyaga;1036;1036;0.001;20260320
TRAP MAFIA HOUSE;Mafia Style;1032;-1317;0.075;20260320
M!LK;Bakuretsu Aishiteru;1021;-196;0.052;20260320
Eminem;Lose Yourself;1019;-1463;3.684;20260320
Luke Combs;My Kinda Saturday Night;1013;-1423;0.142;20260320
Aitana;SUPERESTRELLA;1013;-525;0.159;20260320
JJ Lin;Careful with Fate;1011;-1260;0.018;20260320
JERRY'S SOUND ROOM;No Juegues Con Mi Corazón;1011;-352;0.002;20260320
ditonellapiaga;Che fastidio;986;179;0.031;20260320
sombr;back to friends;980;-980;0.542;20260320
Disturbed;The Sound of Silence;979;-1028;10.229;20260320
Saja Boys;Soda Pop;968;-19;1.828;20260320
Andrew Choi;Soda Pop;968;-19;1.828;20260320
Neckwav;Soda Pop;968;-19;1.828;20260320
Danny Chung;Soda Pop;968;-19;1.828;20260320
Kevin Woo;Soda Pop;968;-19;1.828;20260320
samUIL Lee;Soda Pop;968;-19;1.828;20260320
KPop Demon Hunters Cast;Soda Pop;968;-19;1.828;20260320
ZXKAI;NO BATIDÃO;967;-712;0.097;20260320
slxughter;NO BATIDÃO;967;-712;0.097;20260320
Michael Bennett;After I'm Gone;966;-854;0.02;20260320
Amy Shark;The Biggest Dick;964;-277;0.015;20260320
Alle Farben;Baby Goodbye;960;228;0.048;20260320
Afroman;Lemon Pound Cake;954;-171;0.002;20260320
HUNTR/X;What It Sounds Like;945;-473;1.038;20260320
EJAE;What It Sounds Like;945;-473;1.038;20260320
AUDREY NUNA;What It Sounds Like;945;-473;1.038;20260320
REI AMI;What It Sounds Like;945;-473;1.038;20260320
KPop Demon Hunters Cast;What It Sounds Like;945;-473;1.038;20260320
Lola Young;Messy;941;-917;4.017;20260320
Sonny Fodera;Think About Us;928;-195;0.254;20260320
D.O.D;Think About Us;928;-195;0.254;20260320
Poppy Baskcomb;Think About Us;928;-195;0.254;20260320
Ella Langley;you look like you love me;923;-655;1.084;20260320
Riley Green;you look like you love me;923;-655;1.084;20260320
Jackson Dean;Hey Mississippi;918;918;0.001;20260320
SZA;Good Days;915;115;0.395;20260320
Tears for Fears;Everybody Wants to Rule the World;912;-1364;0.988;20260320
Luke Combs;Back in the Saddle;896;-1492;0.181;20260320
Ziggy in tha House;It's Raining;895;-787;0.184;20260320
sumika;Honto;892;-53;0.036;20260320
Ronnie Flex;Voor de straten;881;881;0.001;20260320
Rolf Sanchez;Voor de straten;881;881;0.001;20260320
RADWIMPS;Seikai;875;-366;0.174;20260320
HWASA;Good Goodbye;875;-599;0.332;20260320
Shaboozey;A Bar Song;865;-819;4.68;20260320
Natsuki Shinomiya;メガLOVEハッピーワールド;858;-335;0.007;20260320
Jinguji Ren;メガLOVEハッピーワールド;858;-335;0.007;20260320
RANMARU KUROSAKI(CV.Tatsuhisa Suzuki);メガLOVEハッピーワールド;858;-335;0.007;20260320
CAMUS(CV.Tomoaki Maeno);メガLOVEハッピーワールド;858;-335;0.007;20260320
EIJI OTORI(CV.Yuma Uchida);メガLOVEハッピーワールド;858;-335;0.007;20260320
VAN KIRYUIN(CV.Hidenori Takahashi);メガLOVEハッピーワールド;858;-335;0.007;20260320
Noah Kahan;Porch Light;858;-638;0.024;20260320
Zac Brown Band;I Ain't Worried About It;855;-999;0.007;20260320
Boney M.;Rasputin;845;-104;0.445;20260320
MASATO HIJIRIKAWA(CV.Kenichi Suzumura);夢ノ聖火;842;-306;0.007;20260320
Ichinose Tokiya;夢ノ聖火;842;-306;0.007;20260320
Aijima Cecil;夢ノ聖火;842;-306;0.007;20260320
AI MIKAZE(CV.Shouta Aoi);夢ノ聖火;842;-306;0.007;20260320
KIRA SUMERAGI(CV.Daisuke Ono);夢ノ聖火;842;-306;0.007;20260320
SHION AMAKUSA(CV.Daiki Yamashita);夢ノ聖火;842;-306;0.007;20260320
Thunderstorm Artis;Island Style;842;-1335;0.008;20260320
Achille Lauro;Perdutamente;838;-242;0.106;20260320
disiz;melodrama;827;56;0.174;20260320
Theodora;melodrama;827;56;0.174;20260320
OTOYA ITTOKI(CV.Takuma Terashima);MUSIC ENERGY;826;-299;0.006;20260320
Syo Kurusu;MUSIC ENERGY;826;-299;0.006;20260320
REIJI KOTOBUKI(CV.Showtaro Morikubo);MUSIC ENERGY;826;-299;0.006;20260320
EIICHI OTORI(CV.Hikaru Midorikawa);MUSIC ENERGY;826;-299;0.006;20260320
NAGI MIKADO(CV.Tsubasa Yonaga);MUSIC ENERGY;826;-299;0.006;20260320
YAMATO HYUGA(CV.Ryohei Kimura);MUSIC ENERGY;826;-299;0.006;20260320
The Cranberries;Zombie;818;-682;1.781;20260320
Disco Lines;No Broke Boys;817;-428;1.223;20260320
Tinashe;No Broke Boys;817;-428;1.223;20260320
The Naughty Jukebox;Giddy Up;817;-686;0.01;20260320
Jennifer Lopez;Save Me Tonight;815;-973;0.066;20260320
David Guetta;Save Me Tonight;815;-973;0.066;20260320
Ryokuoushoku Shakai;Riding the wind;810;-294;0.012;20260320
サカナクション;怪獣;808;808;0.053;20260320
KAROL G;Si Antes Te Hubiera Conocido;804;71;1.799;20260320
Valerie Luh;Me perdoné;802;802;0.001;20260320
Kenia Os;Fifty Fifty;799;799;0.001;20260320
Lola Índigo;Fifty Fifty;799;799;0.001;20260320
Sabrina Carpenter;Manchild;792;-562;0.824;20260320
FISHER;Rain;790;265;0.02;20260320
Farreras;Momentos;784;-16;0.053;20260320
The Pussycat Dolls;Club Song;783;-2078;0.05;20260320
Dean Turnley;Actin' Tough;782;782;0.001;20260320
Saskia Leppin;Immer wieder will ich wieder dich;775;775;0.001;20260320
Daniel Sommer;Immer wieder will ich wieder dich;775;775;0.001;20260320
KATSEYE;Gabriela;774;-66;0.354;20260320
Kato;Turn the Lights Off;771;-87;0.685;20260320
Thomas Anders;The Best Is Yet To Come;770;770;0.001;20260320
BTS;SWIM;25909;-243;0.052;20260321
BTS;Body to Body;22450;-685;0.046;20260321
BTS;NORMAL;19404;-1055;0.04;20260321
BTS;Like Animals;18226;-866;0.037;20260321
BTS;FYA;16853;-2392;0.036;20260321
BTS;Into the Sun;15904;-2566;0.034;20260321
HUNTR/X;Golden;15355;909;4.239;20260321
EJAE;Golden;15355;909;4.239;20260321
AUDREY NUNA;Golden;15355;909;4.239;20260321
REI AMI;Golden;15355;909;4.239;20260321
KPop Demon Hunters Cast;Golden;15355;909;4.239;20260321
BTS;Hooligan;15231;-3916;0.034;20260321
BTS;Aliens;14376;-3237;0.032;20260321
BTS;2.0;14338;-2535;0.031;20260321
BTS;they don’t know ’bout us;14243;-3595;0.032;20260321
BTS;Please;14136;-2373;0.031;20260321
BTS;One More Night;13851;-2768;0.03;20260321
BTS;Merry Go Round;13444;-3294;0.03;20260321
BTS;No. 29;11615;-3576;0.027;20260321
RAYE;WHERE IS MY HUSBAND;11020;1362;1.971;20260321
Bruno Mars;I Just Might;10546;2592;1.075;20260321
RAYE;Click Clack Symphony.;10230;-690;0.023;20260321
Muse;Be With You;9857;-1014;0.021;20260321
Taylor Swift;The Fate of Ophelia;9437;1398;2.798;20260321
Owen James;When I Stand;8369;-71;0.114;20260321
Alex Warren;FEVER DREAM;8085;1567;0.226;20260321
Alex Warren;Ordinary;7786;1569;5.087;20260321
Nickelback;Bones for the Crows;7468;629;0.014;20260321
Olivia Dean;Man I Need;7275;1719;1.948;20260321
Taylor Swift;Opalite;6976;1641;1.446;20260321
The Second Voice;LET ME BE;6557;1908;0.125;20260321
Bebe Rexha;New Religion;6509;1034;0.15;20260321
Faithless;New Religion;6509;1034;0.15;20260321
Niall Horan;Dinner Party;6366;-950;0.014;20260321
Muse;Unravelling;6365;-1033;0.069;20260321
The Goo Goo Dolls;Iris;5921;1327;1.758;20260321
Foo Fighters;Caught In The Echo;5790;-4124;0.018;20260321
Olivia Dean;So Easy;5313;345;1.054;20260321
Ella Langley;Choosin' Texas;5286;560;0.689;20260321
mikeeysmind;Papaoutai;5044;927;0.647;20260321
Chill77;Papaoutai;5044;927;0.647;20260321
Unjaps;Papaoutai;5044;927;0.647;20260321
Harry Styles;American Girls;4826;534;0.114;20260321
Ella Langley;Loving Life Again;4734;-1172;0.012;20260321
SIENNA SPIRO;Die On This Hill;4702;1240;0.47;20260321
Zara Larsson;Lush Life;4485;1957;2.476;20260321
Bruno Mars;Risk It All;4397;15;0.229;20260321
Djo;End of Beginning;4382;-142;1.596;20260321
Harry Styles;Aperture;4297;587;0.491;20260321
Jamie Bower;Waiting for Your Love;3828;147;0.011;20260321
BTS;Mikrokosmos;3786;3720;0.17;20260321
Aiyana-Lee;Housebroken;3576;-460;0.081;20260321
Disney;Zoo;3476;1210;0.34;20260321
Shakira;Zoo;3476;1210;0.34;20260321
sombr;Homewrecker;3400;1254;0.171;20260321
Sam Fender;Rein Me In;3382;441;0.368;20260321
Olivia Dean;Rein Me In;3382;441;0.368;20260321
Shakira;Zoo;3365;956;0.504;20260321
Lady Gaga;Always Remember Us This Way;3232;1032;9.369;20260321
W&W;Rave From Outer Space;3226;-349;0.007;20260321
Scooter;Rave From Outer Space;3226;-349;0.007;20260321
Anita Ward;Ring My Bell;3144;150;0.124;20260321
Dermot Kennedy;Honest;3140;-3234;0.011;20260321
Eddie Dalton;Another Day Old;3120;3102;0.003;20260321
Peter Gregson;360;3105;492;0.187;20260321
Tame Impala;Dracula;3038;464;0.075;20260321
JENNIE;Dracula;3038;464;0.075;20260321
Take That;You're A Superstar;3019;-1488;0.008;20260321
sombr;12 to 12;2820;351;0.956;20260321
SOOBIN;Rekindling Memories;2816;-99;0.006;20260321
Harry Styles;Sign of the Times;2738;1101;4.584;20260321
Ella Langley;Be Her;2717;552;0.13;20260321
Luke Combs;Sleepless in a Hotel Room;2643;58;0.251;20260321
Luke Combs;Days Like These;2633;281;0.224;20260321
Lady Gaga;Die With A Smile;2628;122;7.237;20260321
Bruno Mars;Die With A Smile;2628;122;7.237;20260321
Luke Combs;Wish Upon a Whiskey;2562;287;0.005;20260321
Bad Bunny;Tití Me Preguntó;2430;1049;0.788;20260321
Sia;Unstoppable;2397;-384;7.483;20260321
ROSALÍA;La Perla;2396;67;0.292;20260321
Yahritza Y Su Esencia;La Perla;2396;67;0.292;20260321
Dave;Raindance;2380;507;0.255;20260321
Tems;Raindance;2380;507;0.255;20260321
HUGEL;Jamaican;2377;1190;0.198;20260321
SOLTO (FR);Jamaican;2377;1190;0.198;20260321
Leony;Stay;2341;-203;0.005;20260321
Calum Scott;Stay;2341;-203;0.005;20260321
Luke Combs;Be By You;2289;-98;0.136;20260321
Bad Bunny;DtMF;2219;415;0.948;20260321
David Guetta;Gone Gone Gone;2203;881;0.908;20260321
Teddy Swims;Gone Gone Gone;2203;881;0.908;20260321
Tones And I;Gone Gone Gone;2203;881;0.908;20260321
Shaggy;Looking Lovely;2132;-269;0.01;20260321
Luke Combs;I Ain't No Cowboy;2074;-54;0.044;20260321
Sal da Vinci;Per sempre sì;2068;852;0.09;20260321
Gravel;Do You Hear Me Lord;2038;1818;0.01;20260321
Grace;Do You Hear Me Lord;2038;1818;0.01;20260321
Christina Perri;A Thousand Years;1980;50;8.194;20260321
Kato;Turn the Lights Off;1914;-246;0.303;20260321
Jon;Turn the Lights Off;1914;-246;0.303;20260321
Billie Eilish;BIRDS OF A FEATHER;1894;-25;5.765;20260321
The Black Keys;Where There's Smoke, There's Fire;1886;-1549;0.006;20260321
Ado;AiAiA;1872;415;0.012;20260321
Maphra;Doomed;1871;565;0.051;20260321
FLO;Leak It;1855;150;0.004;20260321
ARASHI;Five;1847;184;0.047;20260321
Mrs. GREEN APPLE;lulu.;1839;203;0.119;20260321
Lola Young;Messy;1832;891;4.019;20260321
Zara Larsson;Midnight Sun;1822;1309;0.11;20260321
starly;Kavkaz;1818;-43;0.008;20260321
Die Toten Hosen;Die Show muss weitergehen;1806;267;0.022;20260321
Saja Boys;Soda Pop;1790;822;1.83;20260321
Andrew Choi;Soda Pop;1790;822;1.83;20260321
Neckwav;Soda Pop;1790;822;1.83;20260321
Danny Chung;Soda Pop;1790;822;1.83;20260321
Kevin Woo;Soda Pop;1790;822;1.83;20260321
samUIL Lee;Soda Pop;1790;822;1.83;20260321
KPop Demon Hunters Cast;Soda Pop;1790;822;1.83;20260321
Gordo;Loco Loco;1782;90;0.053;20260321
Reinier Zonneveld;Loco Loco;1782;90;0.053;20260321
Michael Schulte;5am;1776;1200;0.021;20260321
Michael Bennett;After I'm Gone;1763;797;0.022;20260321
ROSÉ;APT.;1750;394;6.3;20260321
Bruno Mars;APT.;1750;394;6.3;20260321
Bad Bunny;NUEVAYoL;1746;403;0.756;20260321
RAYE;Nightingale Lane.;1719;326;0.057;20260321
ROSALÍA;Berghain;1709;-147;0.54;20260321
Björk;Berghain;1709;-147;0.54;20260321
Yves Tumor;Berghain;1709;-147;0.54;20260321
DJ Rankin;I Am a Raver;1702;2;0.003;20260321
Dermot Kennedy;Funeral;1682;159;0.097;20260321
Eddie Dalton;Running To You;1661;1588;0.002;20260321
Bella Kay;iloveitiloveitiloveit;1620;409;0.026;20260321
Luke Combs;Rethink Some Things;1576;283;0.003;20260321
AURA;An deiner Seite;1568;60;0.003;20260321
André Hazes Jr.;Samen Uit Samen Thuis;1538;73;0.003;20260321
Robert van Hemert;Samen Uit Samen Thuis;1538;73;0.003;20260321
BE:FIRST;BE:FIRST ALL DAY;1538;30;0.01;20260321
ZXKAI;NO BATIDÃO;1520;553;0.098;20260321
slxughter;NO BATIDÃO;1520;553;0.098;20260321
Lankum;Hunting The Wren;1513;1513;0.002;20260321
Grian Chatten;Hunting The Wren;1513;1513;0.002;20260321
HAVEN.;I Run;1505;339;0.377;20260321
Kaitlin Aragon;I Run;1505;339;0.377;20260321
BTS;Dynamite;1491;1431;3.635;20260321
Disco Lines;No Broke Boys;1481;664;1.225;20260321
Tinashe;No Broke Boys;1481;664;1.225;20260321
Fantasy;Wo schläfst du heut Nacht;1475;-462;0.003;20260321
Armin van Buuren;Lost in Time;1470;702;0.002;20260321
Alle Farben;Lost in Time;1470;702;0.002;20260321
Ac/Dc;Thunderstruck;1470;338;3.972;20260321
Beatrice Egli;So schön cha s'Läbe si;1455;-187;0.003;20260321
Heimweh;So schön cha s'Läbe si;1455;-187;0.003;20260321
稲葉浩志;タッチ;1450;55;0.026;20260321
Noah Kahan;The Great Divide;1450;358;0.115;20260321
SixTONES;Rebellion;1422;-28;0.007;20260321
sombr;back to friends;1402;422;0.543;20260321
Mr.Children;Again;1395;247;0.079;20260321
M!LK;Sukisugite METSU;1368;127;0.174;20260321
Ella Langley;Dandelion;1364;90;0.101;20260321
Tame Impala;Dracula;1349;784;0.149;20260321
Shyra Sanchez;OPERATOR;1341;-227;0.006;20260321
Maite Kelly;Frei;1294;1105;0.017;20260321
King Gnu;AIZO;1290;97;0.135;20260321
Shaboozey;A Bar Song;1287;422;4.681;20260321
Afroman;Lemon Pound Cake;1282;328;0.003;20260321
Yuuri;The World Has Ended;1265;-140;0.056;20260321
Benson Boone;Beautiful Things;1249;24;7.071;20260321
Johannes Oerding;Wolken;1246;-564;0.022;20260321
Michael Patrick Kelly;Wolken;1246;-564;0.022;20260321
Hatsuboshi Gakuen;Wildest Flower;1241;-181;0.003;20260321
Saki Hanami;Wildest Flower;1241;-181;0.003;20260321
Achille Lauro;In Viaggio Verso Il Paradiso;1238;-526;0.003;20260321
M!LK;Bakuretsu Aishiteru;1217;196;0.053;20260321
PinkPantheress;Stateside;1205;-773;0.132;20260321
BTOB;We Together;1180;1180;0.001;20260321
milet;The Story of Us;1171;548;0.077;20260321
Max Giesinger;Ich lieb' dich überhaupt nicht mehr;1170;-145;0.002;20260321
Amy Shark;The Biggest Dick;1170;206;0.016;20260321
米津玄師;IRIS OUT;1170;1170;0.077;20260321
Christophe Maé;La lune;1166;101;0.038;20260321
Dean Turnley;Actin' Tough;1165;383;0.002;20260321
Chappell Roan;Pink Pony Club;1159;37;2.613;20260321
Eminem;Lose Yourself;1148;129;3.685;20260321
sumika;Honto;1148;256;0.037;20260321
The Game Official;brodyaga;1130;94;0.002;20260321
RADWIMPS;Seikai;1125;250;0.175;20260321
Noah Kahan;Porch Light;1124;266;0.025;20260321
Aitana;SUPERESTRELLA;1118;105;0.16;20260321
Natsuki Shinomiya;メガLOVEハッピーワールド;1104;246;0.008;20260321
Jinguji Ren;メガLOVEハッピーワールド;1104;246;0.008;20260321
RANMARU KUROSAKI(CV.Tatsuhisa Suzuki);メガLOVEハッピーワールド;1104;246;0.008;20260321
CAMUS(CV.Tomoaki Maeno);メガLOVEハッピーワールド;1104;246;0.008;20260321
EIJI OTORI(CV.Yuma Uchida);メガLOVEハッピーワールド;1104;246;0.008;20260321
VAN KIRYUIN(CV.Hidenori Takahashi);メガLOVEハッピーワールド;1104;246;0.008;20260321
Mylène Farmer;Maman a tort;1102;-333;0.003;20260321
Blue Medusa;Checkmate;1097;998;0.001;20260321
Alissa White-Gluz;Checkmate;1097;998;0.001;20260321
ANOTR;Talk To You;1090;41;0.031;20260321
Lizzo;Don’t Make Me Love U;1088;-156;0.002;20260321
MASATO HIJIRIKAWA(CV.Kenichi Suzumura);夢ノ聖火;1083;241;0.008;20260321
Ichinose Tokiya;夢ノ聖火;1083;241;0.008;20260321
Aijima Cecil;夢ノ聖火;1083;241;0.008;20260321
AI MIKAZE(CV.Shouta Aoi);夢ノ聖火;1083;241;0.008;20260321
KIRA SUMERAGI(CV.Daisuke Ono);夢ノ聖火;1083;241;0.008;20260321
SHION AMAKUSA(CV.Daiki Yamashita);夢ノ聖火;1083;241;0.008;20260321
Thirty Seconds to Mars;The Kill;1080;-1366;0.093;20260321
Lost Frequencies;So Much Beauty;1075;935;0.001;20260321
Nathan Nicholson;So Much Beauty;1075;935;0.001;20260321
SixTONES;Ichibyo;1062;-203;0.022;20260321
Phil Collins;In the Air Tonight;1047;-144;1.251;20260321
Jennifer Lopez;Save Me Tonight;1046;231;0.067;20260321
David Guetta;Save Me Tonight;1046;231;0.067;20260321
Nick Cave;Red Right Hand;1041;917;0.117;20260321
The Bad Seeds;Red Right Hand;1041;917;0.117;20260321
Disturbed;The Sound of Silence;1033;54;10.23;20260321
The Cranberries;Zombie;1030;212;1.782;20260321
OTOYA ITTOKI(CV.Takuma Terashima);MUSIC ENERGY;1021;195;0.007;20260321
Syo Kurusu;MUSIC ENERGY;1021;195;0.007;20260321
REIJI KOTOBUKI(CV.Showtaro Morikubo);MUSIC ENERGY;1021;195;0.007;20260321
EIICHI OTORI(CV.Hikaru Midorikawa);MUSIC ENERGY;1021;195;0.007;20260321
NAGI MIKADO(CV.Tsubasa Yonaga);MUSIC ENERGY;1021;195;0.007;20260321
YAMATO HYUGA(CV.Ryohei Kimura);MUSIC ENERGY;1021;195;0.007;20260321
sakanaction;Kaiju;1015;1015;0.394;20260321
Lil Kleine;Lijntje;1013;587;0.024;20260321
Milolaathetlukken;Lijntje;1013;587;0.024;20260321
Teddy Swims;Lose Control;1004;515;7.265;20260321
Frans Duijts;De Kater Duurt Maar Even;998;463;0.002;20260321
Luke Combs;The Way I Am;996;398;0.002;20260321
Max McNown;Standstill;985;556;0.001;20260321
Boney M.;Rasputin;977;132;0.446;20260321
寿 嶺二(CV.森久保祥太郎)、黒崎蘭丸(CV.鈴木達央)、美風 藍(CV.蒼井翔太)、カミュ(CV.前野智昭);THIS IS...;964;295;0.006;20260321
JJ Lin;Careful with Fate;951;-60;0.019;20260321
TRAP MAFIA HOUSE;Mafia Style;940;-92;0.076;20260321
Flemming;Niet Nodig;925;344;0.071;20260321
Metejoor;Niet Nodig;925;344;0.071;20260321
Anne Mosters;One Last Time;909;455;0.001;20260321
Ryokuoushoku Shakai;Riding the wind;909;99;0.013;20260321
一十木音也(CV.寺島拓篤) 、聖川真斗(CV.鈴村健一)、四ノ宮那月(CV.谷山紀章)、一ノ瀬トキヤ(CV.宮野真守)、神宮寺レン(CV.諏訪部順一)、来栖 翔(CV.下野 紘)、愛島セシル(CV.鳥海浩輔);SUPER STAR;892;248;0.005;20260321
HWASA;Good Goodbye;878;3;0.333;20260321
Radiohead;Creep;878;-260;1.818;20260321
Spiral Starecase;More Today Than Yesterday;875;189;0.004;20260321
Justė;Turn The Lights Off;871;527;0.057;20260321
Jaxstyle;Turn The Lights Off;871;527;0.057;20260321
Jon;Turn The Lights Off;871;527;0.057;20260321
SIENNA SPIRO;The Visitor;869;327;0.014;20260321
Kenia Os;Ruleta Rusa;867;150;0.002;20260321
Charlotte Cardin;The Way We Touch;865;-484;0.016;20260321
Effe Serieus;Baila de Gasolina;858;483;0.337;20260321
T.I.;LET 'EM KNOW;858;122;0.091;20260321
鳳 瑛一(CV.緑川 光)、皇 綺羅(CV.小野大輔)、帝 ナギ(CV.代永 翼)、鳳 瑛二(CV.内田雄馬)、桐生院ヴァン(CV.高橋英則)、日向大和(CV.木村良平)、天草シオン(CV.山下大輝);Genesis HE★VENS;858;136;0.005;20260321
RAF Camora;MACH PAPIER;855;-609;0.002;20260321
Dardan;MACH PAPIER;855;-609;0.002;20260321
Tears for Fears;Everybody Wants to Rule the World;855;-57;0.989;20260321
KAMRAD;Be Mine;854;823;0.448;20260321
Thomas Anders;The Best Is Yet To Come;846;76;0.002;20260321
Angèle;What You Want;843;293;0.035;20260321
Justice;What You Want;843;293;0.035;20260321
Tyla;CHANEL;836;578;0.396;20260321
RASELHITS;ALONE WITH MEMORIES;828;332;0.005;20260321
Tom Odell;Another Love;828;704;2.659;20260321
Kaguya(cv.Yuko Natsuyoshi);Ray;826;206;0.039;20260321
Yachiyo Runami(cv.Saori Hayami);Ray;826;206;0.039;20260321
Hearts2Hearts;RUDE;820;60;0.053;20260321
Coldplay;Viva la Vida;813;-391;6.935;20260321
BTS;SWIM;25863;-46;0.078;20260322
BTS;Body to Body;21498;-952;0.067;20260322
BTS;Like Animals;19284;1058;0.057;20260322
BTS;NORMAL;18471;-933;0.058;20260322
BTS;FYA;16412;-441;0.053;20260322
HUNTR/X;Golden;16349;994;4.256;20260322
EJAE;Golden;16349;994;4.256;20260322
AUDREY NUNA;Golden;16349;994;4.256;20260322
REI AMI;Golden;16349;994;4.256;20260322
KPop Demon Hunters Cast;Golden;16349;994;4.256;20260322
BTS;Into the Sun;12972;-2932;0.047;20260322
BTS;Aliens;12860;-1516;0.045;20260322
BTS;Hooligan;12695;-2536;0.047;20260322
BTS;Please;12611;-1525;0.043;20260322
RAYE;WHERE IS MY HUSBAND;12560;1540;1.983;20260322
BTS;they don’t know ’bout us;12294;-1949;0.044;20260322
Bruno Mars;I Just Might;11869;1323;1.087;20260322
BTS;One More Night;11568;-2283;0.042;20260322
RAYE;Click Clack Symphony.;10647;417;0.034;20260322
Taylor Swift;The Fate of Ophelia;10638;1201;2.809;20260322
BTS;Merry Go Round;10536;-2908;0.041;20260322
BTS;2.0;10028;-4310;0.041;20260322
Alex Warren;Ordinary;9885;2099;5.097;20260322
BTS;No. 29;9022;-2593;0.036;20260322
Alex Warren;FEVER DREAM;8823;738;0.235;20260322
Owen James;When I Stand;8483;114;0.123;20260322
Olivia Dean;Man I Need;7875;600;1.956;20260322
Muse;Be With You;7541;-2316;0.028;20260322
The Second Voice;LET ME BE;7478;921;0.132;20260322
Taylor Swift;Opalite;6956;-20;1.453;20260322
Bebe Rexha;New Religion;6712;203;0.156;20260322
Faithless;New Religion;6712;203;0.156;20260322
The Goo Goo Dolls;Iris;6602;681;1.765;20260322
Olivia Dean;So Easy;6413;1100;1.06;20260322
Ella Langley;Choosin' Texas;6152;866;0.695;20260322
mikeeysmind;Papaoutai;6052;1008;0.653;20260322
Chill77;Papaoutai;6052;1008;0.653;20260322
Unjaps;Papaoutai;6052;1008;0.653;20260322
Nickelback;Bones for the Crows;6021;-1447;0.02;20260322
Jamie Bower;Waiting for Your Love;5679;1851;0.017;20260322
Harry Styles;Sign of the Times;5608;2870;4.589;20260322
Harry Styles;Aperture;5169;872;0.496;20260322
Muse;Unravelling;4955;-1410;0.074;20260322
Zara Larsson;Lush Life;4814;329;2.481;20260322
Bruno Mars;Risk It All;4787;390;0.234;20260322
Harry Styles;American Girls;4617;-209;0.119;20260322
BTS;Mikrokosmos;4592;806;0.175;20260322
Niall Horan;Dinner Party;4527;-1839;0.018;20260322
Djo;End of Beginning;4429;47;1.601;20260322
Lady Gaga;Die With A Smile;4393;1765;7.241;20260322
Bruno Mars;Die With A Smile;4393;1765;7.241;20260322
SIENNA SPIRO;Die On This Hill;4108;-594;0.474;20260322
Shakira;Zoo;4056;691;0.508;20260322
sombr;12 to 12;4028;1208;0.96;20260322
Sam Fender;Rein Me In;3795;413;0.372;20260322
Olivia Dean;Rein Me In;3795;413;0.372;20260322
Tame Impala;Dracula;3782;744;0.079;20260322
JENNIE;Dracula;3782;744;0.079;20260322
Aiyana-Lee;Housebroken;3709;133;0.084;20260322
Disney;Zoo;3698;222;0.343;20260322
Shakira;Zoo;3698;222;0.343;20260322
W&W;Rave From Outer Space;3630;404;0.01;20260322
Scooter;Rave From Outer Space;3630;404;0.01;20260322
Ella Langley;Loving Life Again;3605;-1129;0.016;20260322
sombr;Homewrecker;3592;192;0.175;20260322
Lady Gaga;Always Remember Us This Way;3481;249;9.372;20260322
Benson Boone;Beautiful Things;3418;2169;7.074;20260322
Bad Bunny;DtMF;3176;957;0.952;20260322
Sia;Unstoppable;3111;714;7.486;20260322
Eddie Dalton;Another Day Old;3054;-66;0.006;20260322
Lankum;Hunting The Wren;3000;1487;0.005;20260322
Grian Chatten;Hunting The Wren;3000;1487;0.005;20260322
Peter Gregson;360;2851;-254;0.189;20260322
Kato;Turn the Lights Off;2847;933;0.306;20260322
Jon;Turn the Lights Off;2847;933;0.306;20260322
Foo Fighters;Caught In The Echo;2836;-2954;0.02;20260322
Ella Langley;Be Her;2660;-57;0.133;20260322
Luke Combs;Days Like These;2609;-24;0.227;20260322
Christina Perri;A Thousand Years;2569;589;8.197;20260322
HUGEL;Jamaican;2491;114;0.201;20260322
SOLTO (FR);Jamaican;2491;114;0.201;20260322
BTS;Dynamite;2448;957;3.637;20260322
Gravel;Do You Hear Me Lord;2410;372;0.012;20260322
Grace;Do You Hear Me Lord;2410;372;0.012;20260322
Ac/Dc;Thunderstruck;2390;920;3.975;20260322
Gordo;Loco Loco;2376;594;0.055;20260322
Reinier Zonneveld;Loco Loco;2376;594;0.055;20260322
KAT-TUN;Real Face;2360;2360;0.002;20260322
Anita Ward;Ring My Bell;2340;-804;0.126;20260322
Bad Bunny;NUEVAYoL;2293;547;0.759;20260322
Billie Eilish;BIRDS OF A FEATHER;2256;362;5.767;20260322
Luke Combs;Sleepless in a Hotel Room;2187;-456;0.253;20260322
Take That;You're A Superstar;2119;-900;0.01;20260322
ROSALÍA;La Perla;2115;-281;0.295;20260322
Yahritza Y Su Esencia;La Perla;2115;-281;0.295;20260322
Eddie Dalton;Running To You;2012;351;0.004;20260322
Dave;Raindance;2011;-369;0.257;20260322
Tems;Raindance;2011;-369;0.257;20260322
starly;Kavkaz;1997;179;0.01;20260322
Luke Combs;Wish Upon a Whiskey;1956;-606;0.007;20260322
KAT-TUN;Keep the faith;1926;1926;0.002;20260322
Teddy Swims;Lose Control;1903;899;7.267;20260322
Dermot Kennedy;Funeral;1894;212;0.099;20260322
Leony;Stay;1885;-456;0.007;20260322
Calum Scott;Stay;1885;-456;0.007;20260322
ROSÉ;APT.;1881;131;6.301;20260322
Bruno Mars;APT.;1881;131;6.301;20260322
ROSALÍA;Berghain;1867;158;0.542;20260322
Björk;Berghain;1867;158;0.542;20260322
Yves Tumor;Berghain;1867;158;0.542;20260322
RAYE;Nightingale Lane.;1864;145;0.059;20260322
Bad Bunny;Tití Me Preguntó;1854;-576;0.79;20260322
Tame Impala;Dracula;1822;473;0.15;20260322
King;Waltz for Lily;1819;1819;0.002;20260322
Prince;Waltz for Lily;1819;1819;0.002;20260322
Shaboozey;A Bar Song;1815;528;4.683;20260322
ARASHI;Five;1793;-54;0.048;20260322
Die Toten Hosen;Die Show muss weitergehen;1781;-25;0.024;20260322
Luke Combs;Be By You;1780;-509;0.137;20260322
Sal da Vinci;Per sempre sì;1774;-294;0.092;20260322
Chappell Roan;Pink Pony Club;1772;613;2.615;20260322
PinkPantheress;Stateside;1754;549;0.134;20260322
Journey;Don't Stop Believin';1739;1155;3.587;20260322
HAVEN.;I Run;1724;219;0.379;20260322
Kaitlin Aragon;I Run;1724;219;0.379;20260322
FLO;Leak It;1697;-158;0.005;20260322
Mrs. GREEN APPLE;lulu.;1667;-172;0.12;20260322
Zara Larsson;Midnight Sun;1666;-156;0.111;20260322
JJ Lin;Careful with Fate;1630;679;0.021;20260322
KAT-TUN;Love yourself ~Kimi ga kirai na kimi ga suki~;1601;1601;0.002;20260322
Nogizaka46;saigonikaidanwokakeagattanowaitsuda;1580;1580;0.002;20260322
David Guetta;Gone Gone Gone;1576;-627;0.91;20260322
Teddy Swims;Gone Gone Gone;1576;-627;0.91;20260322
Tones And I;Gone Gone Gone;1576;-627;0.91;20260322
Noah Kahan;The Great Divide;1570;120;0.117;20260322
The Cranberries;Zombie;1563;533;1.783;20260322
DJ Rankin;I Am a Raver;1553;-149;0.005;20260322
André Hazes Jr.;Samen Uit Samen Thuis;1523;-15;0.005;20260322
Robert van Hemert;Samen Uit Samen Thuis;1523;-15;0.005;20260322
Dermot Kennedy;Honest;1518;-1622;0.012;20260322
SOOBIN;Rekindling Memories;1509;-1307;0.007;20260322
BTOB;We Together;1485;305;0.003;20260322
Mr.Children;Again;1479;84;0.081;20260322
KAT-TUN;YOU;1477;1477;0.001;20260322
KAT-TUN;Yorokobi no uta;1466;1466;0.001;20260322
BE:FIRST;BE:FIRST ALL DAY;1450;-88;0.012;20260322
Ella Langley;Dandelion;1446;82;0.102;20260322
KAT-TUN;Haruka na yakusoku;1438;1438;0.001;20260322
Boney M.;Rasputin;1427;450;0.447;20260322
Tears for Fears;Everybody Wants to Rule the World;1427;572;0.99;20260322
MAZZEL;Get Up And Dance;1422;1422;0.001;20260322
Christophe Maé;La lune;1419;253;0.039;20260322
Afroman;Lemon Pound Cake;1404;122;0.005;20260322
The Bausa;Magnetic;1383;586;0.007;20260322
sombr;back to friends;1382;-20;0.544;20260322
Maphra;Doomed;1379;-492;0.052;20260322
Luke Combs;I Ain't No Cowboy;1377;-697;0.045;20260322
ANOTR;Talk To You;1365;275;0.032;20260322
Achille Lauro;In Viaggio Verso Il Paradiso;1359;121;0.004;20260322
The Game Official;brodyaga;1349;219;0.004;20260322
KAT-TUN;LIPS;1346;1346;0.001;20260322
Max McNown;Done For;1339;561;0.037;20260322
Michael Schulte;5am;1322;-454;0.022;20260322
Disturbed;The Sound of Silence;1318;285;10.231;20260322
稲葉浩志;タッチ;1315;-135;0.027;20260322
KAT-TUN;RESCUE;1299;1299;0.001;20260322
Ado;AiAiA;1293;-579;0.014;20260322
King Gnu;AIZO;1289;-1;0.137;20260322
Aitana;SUPERESTRELLA;1285;167;0.161;20260322
Lola Young;Messy;1277;-555;4.021;20260322
SixTONES;Rebellion;1265;-157;0.008;20260322
Natsuki Shinomiya;メガLOVEハッピーワールド;1241;137;0.01;20260322
Jinguji Ren;メガLOVEハッピーワールド;1241;137;0.01;20260322
RANMARU KUROSAKI(CV.Tatsuhisa Suzuki);メガLOVEハッピーワールド;1241;137;0.01;20260322
CAMUS(CV.Tomoaki Maeno);メガLOVEハッピーワールド;1241;137;0.01;20260322
EIJI OTORI(CV.Yuma Uchida);メガLOVEハッピーワールド;1241;137;0.01;20260322
VAN KIRYUIN(CV.Hidenori Takahashi);メガLOVEハッピーワールド;1241;137;0.01;20260322
Ruby Black;Todavía Respiro;1237;491;0.002;20260322
Shyra Sanchez;OPERATOR;1217;-124;0.007;20260322
AURA;An deiner Seite;1217;-351;0.004;20260322
GroßstadtEngel;Gute Laune;1208;766;0.298;20260322
Amy Shark;The Biggest Dick;1193;23;0.017;20260322
M!LK;Sukisugite METSU;1193;-175;0.175;20260322
Coldplay;A Sky Full of Stars;1190;703;11.236;20260322
Tyla;CHANEL;1188;352;0.397;20260322
The Cranberries;Dreams;1155;680;0.857;20260322
Disco Lines;No Broke Boys;1155;-326;1.226;20260322
Tinashe;No Broke Boys;1155;-326;1.226;20260322
Jennifer Lopez;Save Me Tonight;1154;108;0.069;20260322
David Guetta;Save Me Tonight;1154;108;0.069;20260322
Lady Gaga;Shallow;1151;406;12.84;20260322
Bradley Cooper;Shallow;1151;406;12.84;20260322
Kenshi Yonezu;IRIS OUT;1150;1150;0.319;20260322
Australian Idol;All Night Long;1125;640;0.011;20260322
TRAP MAFIA HOUSE;Mafia Style;1108;168;0.077;20260322
AnnenMayKantereit;Oft gefragt;1104;1104;0.093;20260322
MASATO HIJIRIKAWA(CV.Kenichi Suzumura);夢ノ聖火;1104;21;0.009;20260322
Ichinose Tokiya;夢ノ聖火;1104;21;0.009;20260322
Aijima Cecil;夢ノ聖火;1104;21;0.009;20260322
AI MIKAZE(CV.Shouta Aoi);夢ノ聖火;1104;21;0.009;20260322
KIRA SUMERAGI(CV.Daisuke Ono);夢ノ聖火;1104;21;0.009;20260322
SHION AMAKUSA(CV.Daiki Yamashita);夢ノ聖火;1104;21;0.009;20260322
Shaggy;Looking Lovely;1103;-1029;0.011;20260322
Pupo;Forse;1100;1100;0.014;20260322
DJTEXX;Wild West & Wicked;1099;813;0.005;20260322
Girl In The Year Above;Teardrop;1085;547;0.002;20260322
OTOYA ITTOKI(CV.Takuma Terashima);MUSIC ENERGY;1083;62;0.008;20260322
Syo Kurusu;MUSIC ENERGY;1083;62;0.008;20260322
REIJI KOTOBUKI(CV.Showtaro Morikubo);MUSIC ENERGY;1083;62;0.008;20260322
EIICHI OTORI(CV.Hikaru Midorikawa);MUSIC ENERGY;1083;62;0.008;20260322
NAGI MIKADO(CV.Tsubasa Yonaga);MUSIC ENERGY;1083;62;0.008;20260322
YAMATO HYUGA(CV.Ryohei Kimura);MUSIC ENERGY;1083;62;0.008;20260322
Bad Bunny;BAILE INoLVIDABLE;1076;303;0.441;20260322
Justė;Turn The Lights Off;1067;196;0.058;20260322
Jaxstyle;Turn The Lights Off;1067;196;0.058;20260322
Jon;Turn The Lights Off;1067;196;0.058;20260322
Beatrice Egli;So schön cha s'Läbe si;1066;-389;0.004;20260322
Heimweh;So schön cha s'Läbe si;1066;-389;0.004;20260322
Unheilig;Wunderschön;1063;334;0.216;20260322
Anne Mosters;One Last Time;1062;153;0.002;20260322
Saja Boys;Soda Pop;1060;-730;1.831;20260322
Andrew Choi;Soda Pop;1060;-730;1.831;20260322
Neckwav;Soda Pop;1060;-730;1.831;20260322
Danny Chung;Soda Pop;1060;-730;1.831;20260322
Kevin Woo;Soda Pop;1060;-730;1.831;20260322
samUIL Lee;Soda Pop;1060;-730;1.831;20260322
KPop Demon Hunters Cast;Soda Pop;1060;-730;1.831;20260322
Natasha Bedingfield;Unwritten;1057;285;1.002;20260322
Myles Smith;Drive Safe;1057;306;0.122;20260322
Niall Horan;Drive Safe;1057;306;0.122;20260322
T.I.;LET 'EM KNOW;1050;192;0.092;20260322
Bella Kay;iloveitiloveitiloveit;1049;-571;0.027;20260322
Yuuri;The World Has Ended;1045;-220;0.057;20260322
Faithless;Insomnia;1044;613;0.422;20260322
Lil Kleine;Lijntje;1039;26;0.025;20260322
Milolaathetlukken;Lijntje;1039;26;0.025;20260322
Harrison;All the Things She Said;1035;493;0.164;20260322
Evanescence;Bring Me to Life;1035;935;1.594;20260322
Charlotte Cardin;The Way We Touch;1034;169;0.017;20260322
Phil Collins;In the Air Tonight;1032;-15;1.252;20260322
Kobukuro;Starry Smile Story;1021;1021;0.001;20260322
Annalisa;Canzone Estiva;1006;295;0.011;20260322
KATSEYE;Gabriela;1004;420;0.355;20260322
Armin van Buuren;Lost in Time;1003;-467;0.003;20260322
Alle Farben;Lost in Time;1003;-467;0.003;20260322
M!LK;Bakuretsu Aishiteru;1002;-215;0.054;20260322
HWASA;Good Goodbye;999;121;0.334;20260322
Effe Serieus;Baila de Gasolina;995;137;0.338;20260322
SIENNA SPIRO;The Visitor;984;115;0.015;20260322
Elbow;One Day Like This;983;983;0.367;20260322
SixTONES;Ichibyo;983;-79;0.023;20260322
Pupo;So nah wie noch nie;975;975;0.066;20260322
Nockis - La felicità;So nah wie noch nie;975;975;0.066;20260322
SANTA;Dis-moi oui;973;519;0.098;20260322
Noah Kahan;Porch Light;971;-153;0.026;20260322
milet;The Story of Us;968;-203;0.078;20260322
sumika;Honto;964;-184;0.038;20260322
Kato;Turn the Lights Off;956;429;0.687;20260322
Drake;NOKIA;950;545;1.791;20260322
BTS;SWIM;25566;-297;0.103;20260323
BTS;Body to Body;20643;-855;0.088;20260323
BTS;NORMAL;19183;712;0.078;20260323
BTS;Like Animals;17999;-1285;0.075;20260323
BTS;FYA;14862;-1550;0.067;20260323
HUNTR/X;Golden;14374;-1975;4.27;20260323
EJAE;Golden;14374;-1975;4.27;20260323
AUDREY NUNA;Golden;14374;-1975;4.27;20260323
REI AMI;Golden;14374;-1975;4.27;20260323
KPop Demon Hunters Cast;Golden;14374;-1975;4.27;20260323
BTS;Hooligan;13948;1253;0.061;20260323
BTS;2.0;11951;1923;0.053;20260323
BTS;Into the Sun;11569;-1403;0.059;20260323
BTS;Aliens;11506;-1354;0.056;20260323
RAYE;WHERE IS MY HUSBAND;11442;-1118;1.995;20260323
Bruno Mars;I Just Might;11430;-439;1.099;20260323
Taylor Swift;The Fate of Ophelia;11090;452;2.82;20260323
BTS;they don’t know ’bout us;10843;-1451;0.055;20260323
BTS;Please;10408;-2203;0.054;20260323
BTS;One More Night;10100;-1468;0.052;20260323
Alex Warren;Ordinary;9823;-62;5.107;20260323
BTS;Merry Go Round;9584;-952;0.05;20260323
Alex Warren;FEVER DREAM;9557;734;0.244;20260323
RAYE;Click Clack Symphony.;8362;-2285;0.042;20260323
Olivia Dean;So Easy;7757;1344;1.068;20260323
Owen James;When I Stand;7573;-910;0.13;20260323
The Second Voice;LET ME BE;7375;-103;0.14;20260323
Olivia Dean;Man I Need;7186;-689;1.963;20260323
mikeeysmind;Papaoutai;7063;1011;0.66;20260323
Chill77;Papaoutai;7063;1011;0.66;20260323
Unjaps;Papaoutai;7063;1011;0.66;20260323
BTS;No. 29;6866;-2156;0.043;20260323
Bebe Rexha;New Religion;6788;76;0.163;20260323
Faithless;New Religion;6788;76;0.163;20260323
Taylor Swift;Opalite;6559;-397;1.46;20260323
Harry Styles;American Girls;6501;1884;0.125;20260323
Ella Langley;Choosin' Texas;6314;162;0.701;20260323
Muse;Be With You;6209;-1332;0.034;20260323
Harry Styles;Sign of the Times;6103;495;4.595;20260323
Djo;End of Beginning;5843;1414;1.606;20260323
The Goo Goo Dolls;Iris;5830;-772;1.771;20260323
Nickelback;Bones for the Crows;5310;-711;0.026;20260323
Zara Larsson;Lush Life;5111;297;2.486;20260323
SIENNA SPIRO;Die On This Hill;5061;953;0.479;20260323
FLO;Leak It;5052;3355;0.01;20260323
Bruno Mars;Risk It All;4653;-134;0.238;20260323
Shakira;Zoo;4652;596;0.513;20260323
BTS;Mikrokosmos;4407;-185;0.179;20260323
Harry Styles;Aperture;4198;-971;0.501;20260323
sombr;Homewrecker;3872;280;0.178;20260323
Disney;Zoo;3822;124;0.347;20260323
Shakira;Zoo;3822;124;0.347;20260323
Tame Impala;Dracula;3808;26;0.083;20260323
JENNIE;Dracula;3808;26;0.083;20260323
Sam Fender;Rein Me In;3753;-42;0.376;20260323
Olivia Dean;Rein Me In;3753;-42;0.376;20260323
sombr;12 to 12;3601;-427;0.963;20260323
BTS;Dynamite;3574;1126;3.641;20260323
Eddie Dalton;Another Day Old;3393;339;0.01;20260323
Ella Langley;Loving Life Again;3368;-237;0.019;20260323
Muse;Unravelling;3361;-1594;0.078;20260323
Lady Gaga;Die With A Smile;3289;-1104;7.245;20260323
Bruno Mars;Die With A Smile;3289;-1104;7.245;20260323
Jamie Bower;Waiting for Your Love;3273;-2406;0.02;20260323
Aiyana-Lee;Housebroken;3200;-509;0.088;20260323
Niall Horan;Dinner Party;3167;-1360;0.021;20260323
Ella Langley;Be Her;3102;442;0.136;20260323
Lankum;Hunting The Wren;2996;-4;0.008;20260323
Grian Chatten;Hunting The Wren;2996;-4;0.008;20260323
Dave;Raindance;2940;929;0.26;20260323
Tems;Raindance;2940;929;0.26;20260323
Sia;Unstoppable;2917;-194;7.489;20260323
Bad Bunny;DtMF;2856;-320;0.954;20260323
Lady Gaga;Always Remember Us This Way;2813;-668;9.375;20260323
Eva Cassidy;Wayfaring Stranger;2764;2764;0.003;20260323
W&W;Rave From Outer Space;2751;-879;0.013;20260323
Scooter;Rave From Outer Space;2751;-879;0.013;20260323
Bad Bunny;NUEVAYoL;2555;262;0.761;20260323
Sal da Vinci;Per sempre sì;2467;693;0.094;20260323
Benson Boone;Beautiful Things;2392;-1026;7.076;20260323
Anita Ward;Ring My Bell;2218;-122;0.128;20260323
Luke Combs;Be By You;2213;433;0.14;20260323
Luke Combs;Days Like These;2202;-407;0.229;20260323
Kato;Turn the Lights Off;2164;-683;0.308;20260323
Jon;Turn the Lights Off;2164;-683;0.308;20260323
HUGEL;Jamaican;2157;-334;0.203;20260323
SOLTO (FR);Jamaican;2157;-334;0.203;20260323
ROSALÍA;Berghain;2145;278;0.544;20260323
Björk;Berghain;2145;278;0.544;20260323
Yves Tumor;Berghain;2145;278;0.544;20260323
Shaboozey;A Bar Song;2107;292;4.685;20260323
Peter Gregson;360;2099;-752;0.191;20260323
KAT-TUN;Real Face;2084;-276;0.004;20260323
Ac/Dc;Thunderstruck;2067;-323;3.977;20260323
Eddie Dalton;Running To You;2062;50;0.006;20260323
Billie Eilish;BIRDS OF A FEATHER;1998;-258;5.769;20260323
King;Waltz for Lily;1985;166;0.004;20260323
Prince;Waltz for Lily;1985;166;0.004;20260323
Hoshimachi Suisei;Prima Donna;1983;1218;0.003;20260323
Chappell Roan;Pink Pony Club;1971;199;2.617;20260323
Boney M.;Rasputin;1964;537;0.449;20260323
ROSALÍA;La Perla;1964;-151;0.297;20260323
Yahritza Y Su Esencia;La Perla;1964;-151;0.297;20260323
starly;Kavkaz;1943;-54;0.012;20260323
Dermot Kennedy;Funeral;1917;23;0.101;20260323
Gordo;Loco Loco;1888;-488;0.057;20260323
Reinier Zonneveld;Loco Loco;1888;-488;0.057;20260323
JJ Lin;Careful with Fate;1852;222;0.023;20260323
Christina Perri;A Thousand Years;1826;-743;8.199;20260323
XXXTENTACION;Moonlight;1813;1630;0.642;20260323
Disturbed;The Sound of Silence;1803;485;10.233;20260323
Leony;Stay;1777;-108;0.009;20260323
Calum Scott;Stay;1777;-108;0.009;20260323
Journey;Don't Stop Believin';1777;38;3.588;20260323
HAVEN.;I Run;1771;47;0.381;20260323
Kaitlin Aragon;I Run;1771;47;0.381;20260323
RAYE;Nightingale Lane.;1765;-99;0.06;20260323
Luke Combs;Wish Upon a Whiskey;1756;-200;0.009;20260323
Gravel;Do You Hear Me Lord;1736;-674;0.014;20260323
Grace;Do You Hear Me Lord;1736;-674;0.014;20260323
David Guetta;Gone Gone Gone;1667;91;0.912;20260323
Teddy Swims;Gone Gone Gone;1667;91;0.912;20260323
Tones And I;Gone Gone Gone;1667;91;0.912;20260323
ARASHI;Five;1664;-129;0.05;20260323
ROSÉ;APT.;1646;-235;6.303;20260323
Bruno Mars;APT.;1646;-235;6.303;20260323
PinkPantheress;Stateside;1643;-111;0.135;20260323
ANOTR;Talk To You;1632;267;0.034;20260323
Luke Combs;Sleepless in a Hotel Room;1617;-570;0.255;20260323
The Bausa;Magnetic;1614;231;0.009;20260323
Zara Larsson;Midnight Sun;1613;-53;0.113;20260323
Take That;You're A Superstar;1595;-524;0.011;20260323
MAZZEL;Get Up And Dance;1568;146;0.003;20260323
Teddy Swims;Lose Control;1512;-391;7.269;20260323
Mrs. GREEN APPLE;lulu.;1511;-156;0.122;20260323
Bachelor Girl;Buses And Trains;1508;1508;0.002;20260323
Mr.Children;Again;1508;29;0.082;20260323
KAT-TUN;Keep the faith;1505;-421;0.003;20260323
Bad Bunny;BAILE INoLVIDABLE;1489;413;0.442;20260323
Lola Young;Messy;1455;178;4.022;20260323
Michael Schulte;5am;1454;132;0.024;20260323
Milky;Just the Way You Are;1437;658;0.027;20260323
DJTEXX;Wild West & Wicked;1422;323;0.006;20260323
Christophe Maé;La boutique des rêves;1412;577;0.003;20260323
乃木坂46;最後に階段を駆け上がったのはいつだ;1402;1402;0.001;20260323
André Hazes Jr.;Samen Uit Samen Thuis;1399;-124;0.006;20260323
Robert van Hemert;Samen Uit Samen Thuis;1399;-124;0.006;20260323
Ziggy in tha House;It's Raining;1391;566;0.187;20260323
Saja Boys;Soda Pop;1366;306;1.833;20260323
Andrew Choi;Soda Pop;1366;306;1.833;20260323
Neckwav;Soda Pop;1366;306;1.833;20260323
Danny Chung;Soda Pop;1366;306;1.833;20260323
Kevin Woo;Soda Pop;1366;306;1.833;20260323
samUIL Lee;Soda Pop;1366;306;1.833;20260323
KPop Demon Hunters Cast;Soda Pop;1366;306;1.833;20260323
BE:FIRST;BE:FIRST ALL DAY;1341;-109;0.013;20260323
Charlotte Cardin;The Way We Touch;1322;288;0.018;20260323
稲葉浩志;タッチ;1315;0;0.029;20260323
Tears for Fears;Everybody Wants to Rule the World;1296;-131;0.992;20260323
Natsuki Shinomiya;メガLOVEハッピーワールド;1290;49;0.011;20260323
Jinguji Ren;メガLOVEハッピーワールド;1290;49;0.011;20260323
RANMARU KUROSAKI(CV.Tatsuhisa Suzuki);メガLOVEハッピーワールド;1290;49;0.011;20260323
CAMUS(CV.Tomoaki Maeno);メガLOVEハッピーワールド;1290;49;0.011;20260323
EIJI OTORI(CV.Yuma Uchida);メガLOVEハッピーワールド;1290;49;0.011;20260323
VAN KIRYUIN(CV.Hidenori Takahashi);メガLOVEハッピーワールド;1290;49;0.011;20260323
The Cranberries;Zombie;1290;-273;1.784;20260323
KAT-TUN;ハルカナ約束;1282;1282;0.001;20260323
Thunderstorm Artis;Island Style;1280;972;0.01;20260323
Bad Bunny;Tití Me Preguntó;1269;-585;0.792;20260323
Survivor;Eye of the Tiger;1268;350;2.413;20260323
King Gnu;AIZO;1265;-24;0.138;20260323
Noah Kahan;The Great Divide;1248;-322;0.118;20260323
Justė;Turn The Lights Off;1220;153;0.059;20260323
Jaxstyle;Turn The Lights Off;1220;153;0.059;20260323
Jon;Turn The Lights Off;1220;153;0.059;20260323
M!LK;Sukisugite METSU;1217;24;0.177;20260323
Afroman;Lemon Pound Cake;1216;-188;0.006;20260323
Kate Bush;Running Up That Hill;1209;428;2.66;20260323
YUNA;Ice Cream;1200;1200;0.001;20260323
MASATO HIJIRIKAWA(CV.Kenichi Suzumura);夢ノ聖火;1193;89;0.01;20260323
Ichinose Tokiya;夢ノ聖火;1193;89;0.01;20260323
Aijima Cecil;夢ノ聖火;1193;89;0.01;20260323
AI MIKAZE(CV.Shouta Aoi);夢ノ聖火;1193;89;0.01;20260323
KIRA SUMERAGI(CV.Daisuke Ono);夢ノ聖火;1193;89;0.01;20260323
SHION AMAKUSA(CV.Daiki Yamashita);夢ノ聖火;1193;89;0.01;20260323
Ella Langley;Dandelion;1193;-253;0.103;20260323
Tame Impala;Dracula;1187;-635;0.152;20260323
Alix Oder Nix;Freund & Feind;1181;537;0.003;20260323
Kato;Turn the Lights Off;1178;222;0.688;20260323
KAT-TUN;Love yourself ～君が嫌いな君が好き～;1176;1176;0.001;20260323
Bella Kay;iloveitiloveitiloveit;1175;126;0.028;20260323
KAT-TUN;Yorokobi no uta;1172;-294;0.003;20260323
Aitana;SUPERESTRELLA;1169;-116;0.162;20260323
The Cranberries;Dreams;1162;7;0.858;20260323
Ruby Black;Todavía Respiro;1154;-83;0.004;20260323
Ricchi;Sarà perché ti amo;1153;670;1.477;20260323
Poveri;Sarà perché ti amo;1153;670;1.477;20260323
Shashwat Sachdev;Jaiye Sajana;1149;461;0.003;20260323
Jasmine Sandlas;Jaiye Sajana;1149;461;0.003;20260323
Satinder Sartaaj;Jaiye Sajana;1149;461;0.003;20260323
Charlie Puth;Home;1148;687;0.047;20260323
SIENNA SPIRO;The Visitor;1146;162;0.016;20260323
張碧晨;眾里尋他千百度(電視劇《逐玉》愛情主題曲);1143;1143;0.001;20260323
Die Toten Hosen;Die Show muss weitergehen;1125;-656;0.025;20260323
OTOYA ITTOKI(CV.Takuma Terashima);MUSIC ENERGY;1125;42;0.009;20260323
Syo Kurusu;MUSIC ENERGY;1125;42;0.009;20260323
REIJI KOTOBUKI(CV.Showtaro Morikubo);MUSIC ENERGY;1125;42;0.009;20260323
EIICHI OTORI(CV.Hikaru Midorikawa);MUSIC ENERGY;1125;42;0.009;20260323
NAGI MIKADO(CV.Tsubasa Yonaga);MUSIC ENERGY;1125;42;0.009;20260323
YAMATO HYUGA(CV.Ryohei Kimura);MUSIC ENERGY;1125;42;0.009;20260323
M!LK;Bakuretsu Aishiteru;1104;102;0.055;20260323
Lewis Capaldi;Someone You Loved;1088;874;6.89;20260323
Sean Paul featuring Keyshia Cole;(When You Gonna) Give It Up to Me;1081;428;0.011;20260323
HWASA;Good Goodbye;1078;79;0.335;20260323
Amy Shark;The Biggest Dick;1062;-131;0.018;20260323
KAT-TUN;RESCUE;1062;-237;0.002;20260323
Gravel;Lord, Are The Gates Still Open;1054;136;0.01;20260323
Grace;Lord, Are The Gates Still Open;1054;136;0.01;20260323
Elbow;One Day Like This;1041;58;0.368;20260323
SixTONES;Rebellion;1041;-224;0.01;20260323
Drake;NOKIA;1035;85;1.792;20260323
Yisa Yu;清清如我(电视剧《逐玉》抒情主题曲);1030;1030;0.001;20260323
Ziggy in tha House;I wanna dance with somebody;1027;794;0.01;20260323
Natasha Bedingfield;Unwritten;1026;-31;1.003;20260323
Anne Mosters;One Last Time;1025;-37;0.003;20260323
米津玄師;IRIS OUT;1021;1021;0.078;20260323
Christophe Maé;La lune;1021;-398;0.04;20260323
BTOB;We Together;1015;-470;0.004;20260323
BTS;Butter;1006;881;1.877;20260323
Mr.Children;Ubugoe;1002;192;0.017;20260323
Lady Gaga;Abracadabra;1001;184;2.654;20260323
KAT-TUN;YOU;999;-478;0.002;20260323
DJ Rankin;I Am a Raver;983;-570;0.006;20260323
Robin Schulz;Embers;983;157;0.034;20260323
RADWIMPS;Seikai;983;141;0.177;20260323
The Game Official;brodyaga;982;-367;0.004;20260323
Armin van Buuren;Lost in Time;978;-25;0.004;20260323
Alle Farben;Lost in Time;978;-25;0.004;20260323
Girl In The Year Above;Teardrop;977;-108;0.003;20260323
TRAP MAFIA HOUSE;Mafia Style;965;-143;0.078;20260323
GroßstadtEngel;Gute Laune;964;-244;0.299;20260323
Ado;AiAiA;964;-329;0.015;20260323
Layah Noir;Que Hablen de Mí;958;645;0.018;20260323
Achille Lauro;In Viaggio Verso Il Paradiso;956;-403;0.005;20260323
Foo Fighters;Caught In The Echo;954;-1882;0.021;20260323
Courtney Barnett;One Thing At A Time;952;952;0.001;20260323
Nicholas Britell;Succession;951;552;0.378;20260323
Bob Sinclar;I Can't Wait;948;272;0.036;20260323
Kiesza;I Can't Wait;948;272;0.036;20260323
寿 嶺二(CV.森久保祥太郎)、黒崎蘭丸(CV.鈴木達央)、美風 藍(CV.蒼井翔太)、カミュ(CV.前野智昭);THIS IS...;945;165;0.008;20260323
Lil Kleine;Lijntje;942;-97;0.026;20260323
Milolaathetlukken;Lijntje;942;-97;0.026;20260323
Sonny Fodera;Think About Us;939;141;0.257;20260323
D.O.D;Think About Us;939;141;0.257;20260323
Poppy Baskcomb;Think About Us;939;141;0.257;20260323
ditonellapiaga;Che fastidio;937;226;0.033;20260323
sombr;back to friends;933;-449;0.545;20260323
AURA;An deiner Seite;927;-290;0.005;20260323
Arctic Monkeys;Do I Wanna Know;912;110;1.365;20260323
T.I.;LET 'EM KNOW;909;-141;0.093;20260323
BTS;SWIM;25159;-407;0.129;20260324
BTS;Body to Body;19038;-1605;0.107;20260324
BTS;NORMAL;15369;-3814;0.093;20260324
HUNTR/X;Golden;14908;534;4.285;20260324
EJAE;Golden;14908;534;4.285;20260324
AUDREY NUNA;Golden;14908;534;4.285;20260324
REI AMI;Golden;14908;534;4.285;20260324
KPop Demon Hunters Cast;Golden;14908;534;4.285;20260324
BTS;Like Animals;14164;-3835;0.089;20260324
RAYE;WHERE IS MY HUSBAND;11688;246;2.006;20260324
BTS;FYA;11669;-3193;0.079;20260324
Taylor Swift;The Fate of Ophelia;11213;123;2.831;20260324
Bruno Mars;I Just Might;10928;-502;1.11;20260324
BTS;Hooligan;10740;-3208;0.072;20260324
Alex Warren;FEVER DREAM;9143;-414;0.253;20260324
BTS;2.0;8603;-3348;0.062;20260324
Alex Warren;Ordinary;8516;-1307;5.115;20260324
Owen James;When I Stand;8168;595;0.138;20260324
BTS;Into the Sun;7917;-3652;0.067;20260324
BTS;Aliens;7853;-3653;0.064;20260324
The Second Voice;LET ME BE;7819;444;0.148;20260324
Olivia Dean;Man I Need;7759;573;1.971;20260324
BTS;they don’t know ’bout us;7227;-3616;0.062;20260324
Taylor Swift;Opalite;7151;592;1.467;20260324
BTS;Please;7120;-3288;0.061;20260324
Bebe Rexha;New Religion;7095;307;0.17;20260324
Faithless;New Religion;7095;307;0.17;20260324
Ella Langley;Choosin' Texas;6593;279;0.708;20260324
Djo;End of Beginning;6425;582;1.613;20260324
RAYE;Click Clack Symphony.;6371;-1991;0.048;20260324
BTS;Merry Go Round;6257;-3327;0.057;20260324
Olivia Dean;So Easy;6173;-1584;1.074;20260324
BTS;One More Night;6050;-4050;0.058;20260324
Harry Styles;American Girls;5945;-556;0.131;20260324
Harry Styles;Sign of the Times;5906;-197;4.601;20260324
Bruno Mars;Risk It All;5849;1196;0.244;20260324
SIENNA SPIRO;Die On This Hill;5406;345;0.485;20260324
The Goo Goo Dolls;Iris;5224;-606;1.776;20260324
mikeeysmind;Papaoutai;4807;-2256;0.665;20260324
Chill77;Papaoutai;4807;-2256;0.665;20260324
Unjaps;Papaoutai;4807;-2256;0.665;20260324
Tori Amos;Shush;4484;4096;0.005;20260324
Tame Impala;Dracula;4265;457;0.087;20260324
JENNIE;Dracula;4265;457;0.087;20260324
BTS;No. 29;4210;-2656;0.047;20260324
Disney;Zoo;4080;258;0.351;20260324
Shakira;Zoo;4080;258;0.351;20260324
Eddie Dalton;Another Day Old;4012;619;0.014;20260324
sombr;Homewrecker;3919;47;0.182;20260324
sombr;12 to 12;3755;154;0.967;20260324
Nickelback;Bones for the Crows;3632;-1678;0.029;20260324
Lady Gaga;Always Remember Us This Way;3591;778;9.379;20260324
Harry Styles;Aperture;3507;-691;0.504;20260324
Muse;Be With You;3451;-2758;0.038;20260324
Zara Larsson;Lush Life;3411;-1700;2.489;20260324
Bad Bunny;DtMF;3323;467;0.958;20260324
Sam Fender;Rein Me In;3226;-527;0.379;20260324
Olivia Dean;Rein Me In;3226;-527;0.379;20260324
Ella Langley;Be Her;3034;-68;0.139;20260324
Shakira;Zoo;2969;-1683;0.516;20260324
Anita Ward;Ring My Bell;2806;588;0.131;20260324
Peter Gregson;360;2762;663;0.194;20260324
Eva Cassidy;Wayfaring Stranger;2746;-18;0.006;20260324
Lady Gaga;Die With A Smile;2716;-573;7.247;20260324
Bruno Mars;Die With A Smile;2716;-573;7.247;20260324
Dave;Raindance;2689;-251;0.262;20260324
Tems;Raindance;2689;-251;0.262;20260324
HUGEL;Jamaican;2654;497;0.205;20260324
SOLTO (FR);Jamaican;2654;497;0.205;20260324
Sia;Unstoppable;2617;-300;7.492;20260324
FLO;Leak It;2601;-2451;0.013;20260324
ROSALÍA;Berghain;2594;449;0.546;20260324
Björk;Berghain;2594;449;0.546;20260324
Yves Tumor;Berghain;2594;449;0.546;20260324
Ac/Dc;Thunderstruck;2565;498;3.979;20260324
Aiyana-Lee;Housebroken;2553;-647;0.09;20260324
Kato;Turn the Lights Off;2511;347;0.31;20260324
Jon;Turn the Lights Off;2511;347;0.31;20260324
Luke Combs;Days Like These;2450;248;0.231;20260324
Ella Langley;Loving Life Again;2361;-1007;0.022;20260324
Bad Bunny;NUEVAYoL;2350;-205;0.764;20260324
Luke Combs;Sleepless in a Hotel Room;2312;695;0.257;20260324
Andy Grammer;Don’t Give Up on Me;2281;2281;0.172;20260324
Gravel;Do You Hear Me Lord;2239;503;0.016;20260324
Grace;Do You Hear Me Lord;2239;503;0.016;20260324
Dermot Kennedy;Funeral;2238;321;0.103;20260324
Eddie Dalton;Running To You;2218;156;0.008;20260324
Jamie Bower;Waiting for Your Love;2208;-1065;0.022;20260324
Benson Boone;Beautiful Things;2207;-185;7.079;20260324
Lankum;Hunting The Wren;2180;-816;0.01;20260324
Grian Chatten;Hunting The Wren;2180;-816;0.01;20260324
Luke Combs;Be By You;2057;-156;0.142;20260324
Billie Eilish;BIRDS OF A FEATHER;2024;26;5.771;20260324
RAYE;Nightingale Lane.;2017;252;0.062;20260324
David Guetta;Gone Gone Gone;2013;346;0.914;20260324
Teddy Swims;Gone Gone Gone;2013;346;0.914;20260324
Tones And I;Gone Gone Gone;2013;346;0.914;20260324
Journey;Don't Stop Believin';1999;222;3.59;20260324
PinkPantheress;Stateside;1992;349;0.137;20260324
Shaboozey;A Bar Song;1973;-134;4.687;20260324
ROSALÍA;La Perla;1962;-2;0.299;20260324
Yahritza Y Su Esencia;La Perla;1962;-2;0.299;20260324
starly;Kavkaz;1962;19;0.014;20260324
Gordo;Loco Loco;1960;72;0.059;20260324
Reinier Zonneveld;Loco Loco;1960;72;0.059;20260324
Chappell Roan;Pink Pony Club;1918;-53;2.619;20260324
Hoshimachi Suisei;Prima Donna;1869;-114;0.005;20260324
Tears for Fears;Everybody Wants to Rule the World;1864;568;0.993;20260324
Tame Impala;Dracula;1856;669;0.153;20260324
King;Waltz for Lily;1840;-145;0.006;20260324
Prince;Waltz for Lily;1840;-145;0.006;20260324
KAT-TUN;Real Face;1840;-244;0.006;20260324
Harrison;All the Things She Said;1796;1170;0.166;20260324
Milk Pansa;Cross the Line;1794;1794;0.002;20260324
Love Pattranite;Cross the Line;1794;1794;0.002;20260324
Yisa Yu;清清如我(电视剧《逐玉》抒情主题曲);1785;755;0.003;20260324
Muse;Unravelling;1774;-1587;0.08;20260324
Sal da Vinci;Per sempre sì;1730;-737;0.096;20260324
BTS;Mikrokosmos;1711;-2696;0.181;20260324
Milky;Just the Way You Are;1647;210;0.029;20260324
Niall Horan;Dinner Party;1621;-1546;0.023;20260324
HAVEN.;I Run;1598;-173;0.382;20260324
Kaitlin Aragon;I Run;1598;-173;0.382;20260324
Christina Perri;A Thousand Years;1591;-235;8.2;20260324
Mr.Children;Again;1568;60;0.084;20260324
林俊傑;我對緣分小心翼翼;1565;1565;0.003;20260324
MAZZEL;Get Up And Dance;1538;-30;0.005;20260324
ARASHI;Five;1531;-133;0.052;20260324
Take That;You're A Superstar;1502;-93;0.013;20260324
Drake;NOKIA;1499;464;1.794;20260324
The Killers;Mr. Brightside;1497;818;1.626;20260324
Mrs. GREEN APPLE;lulu.;1496;-15;0.123;20260324
Noah Kahan;The Great Divide;1487;239;0.119;20260324
Don Henley;Leather and Lace;1479;1479;0.001;20260324
Stevie Nicks;Leather and Lace;1479;1479;0.001;20260324
Christophe Maé;La lune;1479;458;0.041;20260324
Unheilig;Wunderschön;1456;881;0.218;20260324
W&W;Rave From Outer Space;1454;-1297;0.015;20260324
Scooter;Rave From Outer Space;1454;-1297;0.015;20260324
Disturbed;The Sound of Silence;1452;-351;10.235;20260324
Mr.Children;Saturday;1450;624;0.024;20260324
Miley Cyrus;Flowers;1450;1237;7.564;20260324
TRAP MAFIA HOUSE;Mafia Style;1448;483;0.079;20260324
Ruby Black;Todavía Respiro;1424;270;0.005;20260324
Bella Kay;iloveitiloveitiloveit;1424;249;0.029;20260324
Courtney Barnett;One Thing At A Time;1401;449;0.002;20260324
Diamond Zhang;众里寻他千百度(电视剧《逐玉》爱情主题曲);1400;1400;0.001;20260324
King Gnu;AIZO;1377;112;0.139;20260324
The Cranberries;Zombie;1375;85;1.786;20260324
Bad Bunny;Tití Me Preguntó;1373;104;0.793;20260324
Bachelor Girl;Buses And Trains;1368;-140;0.003;20260324
Mr.Children;Ubugoe;1368;366;0.018;20260324
Justė;Turn The Lights Off;1352;132;0.06;20260324
Jaxstyle;Turn The Lights Off;1352;132;0.06;20260324
Jon;Turn The Lights Off;1352;132;0.06;20260324
Kagami Hayato;Kangeki No Zahyou;1341;1341;0.001;20260324
Leony;Stay;1326;-451;0.01;20260324
Calum Scott;Stay;1326;-451;0.01;20260324
Eddie Dalton;Cheap Red Wine;1324;549;0.002;20260324
KAT-TUN;Keep the faith;1315;-190;0.005;20260324
Christophe Maé;La boutique des rêves;1315;-97;0.005;20260324
Kate Bush;Running Up That Hill;1310;101;2.661;20260324
Shashwat Sachdev;Jaiye Sajana;1304;155;0.005;20260324
Jasmine Sandlas;Jaiye Sajana;1304;155;0.005;20260324
Satinder Sartaaj;Jaiye Sajana;1304;155;0.005;20260324
Coldplay;Viva la Vida;1287;670;6.937;20260324
Robin Schulz;Embers;1279;296;0.036;20260324
sombr;back to friends;1276;343;0.547;20260324
Kenshi Yonezu;IRIS OUT;1272;1272;0.32;20260324
Jennifer Lopez;Save Me Tonight;1263;468;0.071;20260324
David Guetta;Save Me Tonight;1263;468;0.071;20260324
Ado;AiAiA;1247;283;0.016;20260324
Sean Paul featuring Keyshia Cole;(When You Gonna) Give It Up to Me;1246;165;0.012;20260324
Ella Langley;Dandelion;1242;49;0.104;20260324
M!LK;Sukisugite METSU;1241;24;0.178;20260324
Teddy Swims;Lose Control;1236;-276;7.27;20260324
Sonny Fodera;Think About Us;1221;282;0.258;20260324
D.O.D;Think About Us;1221;282;0.258;20260324
Poppy Baskcomb;Think About Us;1221;282;0.258;20260324
M!LK;Bakuretsu Aishiteru;1217;113;0.057;20260324
Achille Lauro;In Viaggio Verso Il Paradiso;1205;249;0.007;20260324
稲葉浩志;タッチ;1193;-122;0.03;20260324
Nogizaka46;saigonikaidanwokakeagattanowaitsuda;1192;1192;0.003;20260324
Survivor;Eye of the Tiger;1189;-79;2.415;20260324
Lola Young;Messy;1180;-275;4.023;20260324
Olivia Dean;Nice To Each Other;1176;864;0.479;20260324
Die Toten Hosen;Die Show muss weitergehen;1175;50;0.026;20260324
KAT-TUN;Haruka na yakusoku;1170;1170;0.003;20260324
BTS;Dynamite;1165;-2409;3.642;20260324
Shakira;ALGO TÚ;1163;669;0.028;20260324
Beéle;ALGO TÚ;1163;669;0.028;20260324
Budjerah;Gentleman;1148;1148;0.001;20260324
BE:FIRST;BE:FIRST ALL DAY;1148;-193;0.014;20260324
Luke Combs;Wish Upon a Whiskey;1142;-614;0.01;20260324
Lady Gaga;Abracadabra;1137;136;2.655;20260324
Jessica Brouart;Regarde ce que tu as réveillé;1130;446;0.002;20260324
Amy Shark;The Biggest Dick;1125;63;0.019;20260324
Michael Schulte;5am;1124;-330;0.025;20260324
GroßstadtEngel;Gute Laune;1109;145;0.3;20260324
HWASA;Good Goodbye;1108;30;0.336;20260324
disiz;melodrama;1104;407;0.177;20260324
Theodora;melodrama;1104;407;0.177;20260324
RADWIMPS;Seikai;1104;121;0.178;20260324
Natsuki Shinomiya;メガLOVEハッピーワールド;1083;-207;0.012;20260324
Jinguji Ren;メガLOVEハッピーワールド;1083;-207;0.012;20260324
RANMARU KUROSAKI(CV.Tatsuhisa Suzuki);メガLOVEハッピーワールド;1083;-207;0.012;20260324
CAMUS(CV.Tomoaki Maeno);メガLOVEハッピーワールド;1083;-207;0.012;20260324
EIJI OTORI(CV.Yuma Uchida);メガLOVEハッピーワールド;1083;-207;0.012;20260324
VAN KIRYUIN(CV.Hidenori Takahashi);メガLOVEハッピーワールド;1083;-207;0.012;20260324
Aina The End;On The Way;1082;399;0.325;20260324
Bad Bunny;BAILE INoLVIDABLE;1077;-412;0.443;20260324
ANOTR;Talk To You;1077;-555;0.035;20260324
Aitana;SUPERESTRELLA;1074;-95;0.163;20260324
Boney M.;Rasputin;1071;-893;0.45;20260324
Imagine Dragons;Believer;1066;613;8.737;20260324
Eminem;Lose Yourself;1063;343;3.687;20260324
Zara Larsson;Midnight Sun;1061;-552;0.114;20260324
Ricchi;Sarà perché ti amo;1060;-93;1.478;20260324
Poveri;Sarà perché ti amo;1060;-93;1.478;20260324
Luke Combs;I Ain't No Cowboy;1057;177;0.047;20260324
XXXTENTACION;Moonlight;1049;-764;0.643;20260324
KAT-TUN;Love yourself ~Kimi ga kirai na kimi ga suki~;1041;1041;0.003;20260324
ROSÉ;APT.;1034;-612;6.304;20260324
Bruno Mars;APT.;1034;-612;6.304;20260324
sumika;Honto;1021;112;0.04;20260324
MASATO HIJIRIKAWA(CV.Kenichi Suzumura);夢ノ聖火;1002;-191;0.011;20260324
Ichinose Tokiya;夢ノ聖火;1002;-191;0.011;20260324
Aijima Cecil;夢ノ聖火;1002;-191;0.011;20260324
AI MIKAZE(CV.Shouta Aoi);夢ノ聖火;1002;-191;0.011;20260324
KIRA SUMERAGI(CV.Daisuke Ono);夢ノ聖火;1002;-191;0.011;20260324
SHION AMAKUSA(CV.Daiki Yamashita);夢ノ聖火;1002;-191;0.011;20260324
Beatrice Egli;So schön cha s'Läbe si;1001;201;0.006;20260324
Heimweh;So schön cha s'Läbe si;1001;201;0.006;20260324
The Cranberries;Dreams;991;-171;0.859;20260324
Natasha Bedingfield;Unwritten;985;-41;1.004;20260324
Myles Smith;Drive Safe;985;251;0.124;20260324
Niall Horan;Drive Safe;985;251;0.124;20260324
KAT-TUN;Yorokobi no uta;983;-189;0.004;20260324
Arctic Monkeys;Do I Wanna Know;974;62;1.366;20260324
Ella Langley;you look like you love me;968;161;1.087;20260324
Riley Green;you look like you love me;968;161;1.087;20260324
John Farnham;A Touch of Paradise;964;106;0.043;20260324
SixTONES;Rebellion;964;-77;0.01;20260324
Holly Humberstone;To Love Somebody;959;499;0.022;20260324
DJTEXX;Wild West & Wicked;953;-469;0.007;20260324
Charlie Puth;Home;949;949;0.001;20260324
Hikaru Utada;Home;949;949;0.001;20260324
Johannes Oerding;Wolken;948;168;0.025;20260324
Michael Patrick Kelly;Wolken;948;168;0.025;20260324
Ziggy in tha House;I wanna dance with somebody;943;-84;0.011;20260324
Yuuri;The World Has Ended;927;85;0.059;20260324
Saja Boys;Soda Pop;918;-448;1.833;20260324
Andrew Choi;Soda Pop;918;-448;1.833;20260324
Neckwav;Soda Pop;918;-448;1.833;20260324
Danny Chung;Soda Pop;918;-448;1.833;20260324
Kevin Woo;Soda Pop;918;-448;1.833;20260324
samUIL Lee;Soda Pop;918;-448;1.833;20260324
KPop Demon Hunters Cast;Soda Pop;918;-448;1.833;20260324
KAT-TUN;RESCUE;914;-148;0.003;20260324
milet;The Story of Us;913;82;0.08;20260324
BTS;SWIM;25859;700;0.155;20260325
BTS;Body to Body;14345;-4693;0.121;20260325
BTS;NORMAL;14291;-1078;0.107;20260325
BTS;Like Animals;13235;-929;0.102;20260325
Stray Kids;STAY;13091;13091;0.013;20260325
HUNTR/X;Golden;11710;-3198;4.297;20260325
EJAE;Golden;11710;-3198;4.297;20260325
AUDREY NUNA;Golden;11710;-3198;4.297;20260325
REI AMI;Golden;11710;-3198;4.297;20260325
KPop Demon Hunters Cast;Golden;11710;-3198;4.297;20260325
BTS;they don’t know ’bout us;10994;3767;0.073;20260325
RAYE;WHERE IS MY HUSBAND;10362;-1326;2.017;20260325
BTS;FYA;10113;-1556;0.089;20260325
Bruno Mars;I Just Might;9605;-1323;1.119;20260325
Taylor Swift;The Fate of Ophelia;9294;-1919;2.841;20260325
BTS;Hooligan;9293;-1447;0.081;20260325
BTS;Into the Sun;8683;766;0.076;20260325
BTS;2.0;8481;-122;0.07;20260325
Alex Warren;FEVER DREAM;8356;-787;0.262;20260325
BTS;Aliens;7985;132;0.072;20260325
Alex Warren;Ordinary;7756;-760;5.123;20260325
BTS;Please;7116;-4;0.068;20260325
Taylor Swift;Opalite;7077;-74;1.474;20260325
The Second Voice;LET ME BE;6726;-1093;0.154;20260325
Olivia Dean;Man I Need;6636;-1123;1.978;20260325
BTS;One More Night;6576;526;0.065;20260325
Bebe Rexha;New Religion;6233;-862;0.177;20260325
Faithless;New Religion;6233;-862;0.177;20260325
Ella Langley;Choosin' Texas;6175;-418;0.714;20260325
Bruno Mars;Risk It All;6077;228;0.25;20260325
mikeeysmind;Papaoutai;6030;1223;0.671;20260325
Chill77;Papaoutai;6030;1223;0.671;20260325
Unjaps;Papaoutai;6030;1223;0.671;20260325
Owen James;When I Stand;5944;-2224;0.144;20260325
Olivia Dean;So Easy;5843;-330;1.08;20260325
BTS;Merry Go Round;5700;-557;0.062;20260325
RAYE;Click Clack Symphony.;5491;-880;0.054;20260325
Djo;End of Beginning;5393;-1032;1.618;20260325
Harry Styles;Sign of the Times;4940;-966;4.606;20260325
The Goo Goo Dolls;Iris;4887;-337;1.781;20260325
Harry Styles;American Girls;4793;-1152;0.136;20260325
BTS;No. 29;4413;203;0.051;20260325
Harry Styles;Aperture;4372;865;0.509;20260325
Tame Impala;Dracula;4363;98;0.091;20260325
JENNIE;Dracula;4363;98;0.091;20260325
sombr;12 to 12;4110;355;0.971;20260325
SIENNA SPIRO;Die On This Hill;3867;-1539;0.489;20260325
Disney;Zoo;3840;-240;0.355;20260325
Shakira;Zoo;3840;-240;0.355;20260325
Zara Larsson;Lush Life;3579;168;2.493;20260325
Lady Gaga;Always Remember Us This Way;3532;-59;9.382;20260325
Eddie Dalton;Another Day Old;3495;-517;0.017;20260325
Benson Boone;Beautiful Things;3450;1243;7.082;20260325
Muse;Be With You;3263;-188;0.041;20260325
Ella Langley;Be Her;3020;-14;0.142;20260325
Sam Fender;Rein Me In;2942;-284;0.382;20260325
Olivia Dean;Rein Me In;2942;-284;0.382;20260325
Lankum;Hunting The Wren;2893;713;0.013;20260325
Grian Chatten;Hunting The Wren;2893;713;0.013;20260325
Nickelback;Bones for the Crows;2876;-756;0.032;20260325
sombr;Homewrecker;2831;-1088;0.185;20260325
Tame Impala;Dracula;2785;929;0.156;20260325
Lady Gaga;Die With A Smile;2689;-27;7.25;20260325
Bruno Mars;Die With A Smile;2689;-27;7.25;20260325
HUGEL;Jamaican;2607;-47;0.208;20260325
SOLTO (FR);Jamaican;2607;-47;0.208;20260325
Anita Ward;Ring My Bell;2583;-223;0.134;20260325
Luke Combs;Days Like These;2539;89;0.234;20260325
Ac/Dc;Thunderstruck;2496;-69;3.982;20260325
Peter Gregson;360;2444;-318;0.197;20260325
Luke Combs;Sleepless in a Hotel Room;2362;50;0.26;20260325
Sia;Unstoppable;2359;-258;7.494;20260325
Muse;Unravelling;2357;583;0.082;20260325
Aiyana-Lee;Housebroken;2353;-200;0.093;20260325
Bad Bunny;DtMF;2313;-1010;0.96;20260325
Eddie Dalton;Running To You;2188;-30;0.01;20260325
Ed Sheeran;Sapphire;2076;1595;2.042;20260325
HAVEN.;I Run;1872;274;0.384;20260325
Kaitlin Aragon;I Run;1872;274;0.384;20260325
Marc Rebillet;Your New Morning Alarm;1846;1216;0.67;20260325
Shakira;Zoo;1826;-1143;0.518;20260325
Kato;Turn the Lights Off;1820;-691;0.312;20260325
Jon;Turn the Lights Off;1820;-691;0.312;20260325
Gravel;Do You Hear Me Lord;1820;-419;0.018;20260325
Grace;Do You Hear Me Lord;1820;-419;0.018;20260325
Dave;Raindance;1805;-884;0.264;20260325
Tems;Raindance;1805;-884;0.264;20260325
Andy Grammer;Don’t Give Up on Me;1803;-478;0.173;20260325
Luke Combs;Be By You;1752;-305;0.143;20260325
ROSALÍA;Berghain;1716;-878;0.548;20260325
Björk;Berghain;1716;-878;0.548;20260325
Yves Tumor;Berghain;1716;-878;0.548;20260325
Ella Langley;Loving Life Again;1702;-659;0.024;20260325
Dermot Kennedy;Funeral;1696;-542;0.105;20260325
Journey;Don't Stop Believin';1695;-304;3.592;20260325
Gordo;Loco Loco;1681;-279;0.061;20260325
Reinier Zonneveld;Loco Loco;1681;-279;0.061;20260325
RAYE;Nightingale Lane.;1680;-337;0.064;20260325
King;Waltz for Lily;1675;-165;0.007;20260325
Prince;Waltz for Lily;1675;-165;0.007;20260325
Moon Byul;Hertz;1647;1647;0.002;20260325
GroßstadtEngel;Gute Laune;1636;527;0.302;20260325
石井あみ、名探偵プリキュア!;Hint in the heart Star Detective Precure;1634;1634;0.002;20260325
ROSALÍA;La Perla;1627;-335;0.3;20260325
Yahritza Y Su Esencia;La Perla;1627;-335;0.3;20260325
Gooseworx;The One Who's Running the Show;1620;1620;0.002;20260325
熊田茜音&増井優花、名探偵プリキュア!;なぜ謎ANSWER;1603;1603;0.002;20260325
ROIROM;DRESS CODE;1603;1603;0.002;20260325
Joe Hermes;That Country High;1600;1600;0.002;20260325
David Guetta;Gone Gone Gone;1599;-414;0.915;20260325
Teddy Swims;Gone Gone Gone;1599;-414;0.915;20260325
Tones And I;Gone Gone Gone;1599;-414;0.915;20260325
Niall Horan;Dinner Party;1597;-24;0.025;20260325
Bad Bunny;Tití Me Preguntó;1582;209;0.795;20260325
Survivor;Eye of the Tiger;1580;391;2.416;20260325
Eddie Dalton;Cheap Red Wine;1541;217;0.004;20260325
Eminem;Lose Yourself;1537;474;3.689;20260325
Disturbed;The Sound of Silence;1533;81;10.236;20260325
Tears for Fears;Everybody Wants to Rule the World;1519;-345;0.995;20260325
Christina Perri;A Thousand Years;1508;-83;8.202;20260325
Sal da Vinci;Per sempre sì;1506;-224;0.097;20260325
Bad Bunny;NUEVAYoL;1464;-886;0.765;20260325
starly;Kavkaz;1454;-508;0.016;20260325
Chappell Roan;Pink Pony Club;1436;-482;2.62;20260325
DJTEXX;Wild West & Wicked;1433;480;0.009;20260325
PinkPantheress;Stateside;1422;-570;0.139;20260325
Yisa Yu;清清如我(电视剧《逐玉》抒情主题曲);1407;-378;0.004;20260325
JJ Lin;Careful with Fate;1395;1395;0.024;20260325
ARASHI;Five;1376;-155;0.053;20260325
Leony;Stay;1354;28;0.011;20260325
Calum Scott;Stay;1354;28;0.011;20260325
Ella Langley;Dandelion;1349;107;0.106;20260325
FLO;Leak It;1346;-1255;0.014;20260325
Gino Paoli;Sapore di sale;1345;1017;0.002;20260325
MAZZEL;Get Up And Dance;1336;-202;0.006;20260325
Ella Langley;you look like you love me;1327;359;1.088;20260325
Riley Green;you look like you love me;1327;359;1.088;20260325
Gino Paoli;Senza fine;1326;1191;0.001;20260325
Mr.Children;Again;1315;-253;0.085;20260325
Teddy Swims;Lose Control;1299;63;7.271;20260325
Noah Kahan;The Great Divide;1266;-221;0.121;20260325
Ruby Black;Todavía Respiro;1260;-164;0.006;20260325
Shaboozey;A Bar Song;1253;-720;4.688;20260325
Bella Kay;iloveitiloveitiloveit;1246;-178;0.031;20260325
Mrs. GREEN APPLE;lulu.;1240;-256;0.125;20260325
KAT-TUN;Real Face;1237;-603;0.008;20260325
Bad Bunny;BAILE INoLVIDABLE;1233;156;0.444;20260325
sombr;back to friends;1232;-44;0.548;20260325
Don Henley;Leather and Lace;1231;-248;0.003;20260325
Stevie Nicks;Leather and Lace;1231;-248;0.003;20260325
The Silent Partner;girl in the mirror;1220;1220;0.001;20260325
W&W;Rave From Outer Space;1215;-239;0.016;20260325
Scooter;Rave From Outer Space;1215;-239;0.016;20260325
Hoshimachi Suisei;Prima Donna;1194;-675;0.006;20260325
XXXTENTACION;Moonlight;1187;138;0.644;20260325
Die Toten Hosen;Die Show muss weitergehen;1187;12;0.027;20260325
Drake;NOKIA;1185;-314;1.795;20260325
Tori Amos;Shush;1173;-3311;0.006;20260325
Michael Schulte;5am;1157;33;0.026;20260325
Flea;Thinkin Bout You;1145;857;0.003;20260325
Luke Combs;Wish Upon a Whiskey;1143;1;0.011;20260325
Eva Cassidy;Wayfaring Stranger;1141;-1605;0.007;20260325
Christophe Maé;La lune;1136;-343;0.043;20260325
Pompompurin;Purin to Muffin no pom pom beat;1133;1133;0.001;20260325
Diamond Zhang;众里寻他千百度(电视剧《逐玉》爱情主题曲);1132;-268;0.003;20260325
TRAP MAFIA HOUSE;Mafia Style;1131;-317;0.081;20260325
Lola Young;Messy;1129;-51;4.024;20260325
Gino Paoli;Una lunga storia d'amore;1127;470;0.002;20260325
M!LK;Sukisugite METSU;1125;-116;0.179;20260325
Stray Kids;Endless Sun;1119;961;0.022;20260325
Aitana;SUPERESTRELLA;1115;41;0.165;20260325
Sean Paul featuring Keyshia Cole;(When You Gonna) Give It Up to Me;1113;-133;0.014;20260325
Udo Lindenberg;Komet;1109;828;1.7;20260325
Apache 207;Komet;1109;828;1.7;20260325
M!LK;Bakuretsu Aishiteru;1104;-113;0.058;20260325
Hannah Montana;You'll Always Find Your Way Back Home;1103;1083;0.001;20260325
Sabrina Carpenter;Manchild;1100;736;0.827;20260325
HWASA;Good Goodbye;1095;-13;0.337;20260325
Leony;Don't Worry;1090;181;0.072;20260325
Miley Cyrus;The Climb;1090;748;0.34;20260325
King Gnu;AIZO;1087;-290;0.14;20260325
Go Shiina;hashira kessyuu ~ mugenjou heno sasoi;1083;1083;0.001;20260325
Ziggy in tha House;I wanna dance with somebody;1078;135;0.012;20260325
Myles Smith;Drive Safe;1069;84;0.125;20260325
Niall Horan;Drive Safe;1069;84;0.125;20260325
Ed Sheeran;Perfect;1065;549;15.665;20260325
KAT-TUN;Keep the faith;1062;-253;0.006;20260325
ROSÉ;APT.;1050;16;6.305;20260325
Bruno Mars;APT.;1050;16;6.305;20260325
Nick Cave;Red Right Hand;1049;414;0.12;20260325
The Bad Seeds;Red Right Hand;1049;414;0.12;20260325
DJ Rankin;I Am a Raver;1041;372;0.008;20260325
Radiohead;Creep;1041;378;1.821;20260325
Jennifer Lopez;Save Me Tonight;1029;-234;0.072;20260325
David Guetta;Save Me Tonight;1029;-234;0.072;20260325
RASELHITS;ALONE WITH MEMORIES;1006;380;0.008;20260325
Mr.Children;Ubugoe;1002;-366;0.019;20260325
Jamie Bower;Waiting for Your Love;998;-1210;0.023;20260325
米津玄師;IRIS OUT;989;989;0.079;20260325
Unheilig;Wunderschön;965;-491;0.219;20260325
Bachelor Girl;Buses And Trains;964;-404;0.004;20260325
The Cranberries;Dreams;961;-30;0.86;20260325
Pompompurin;PomPomPow;949;949;0.001;20260325
Hearts2Hearts;RUDE;947;285;0.056;20260325
稲葉浩志;タッチ;945;-248;0.031;20260325
Billie Eilish;BIRDS OF A FEATHER;933;-1091;5.772;20260325
SIENNA SPIRO;The Visitor;931;132;0.018;20260325
T.I.;LET 'EM KNOW;927;35;0.095;20260325
Embrace;Stop;927;927;0.001;20260325
Altessimo;Dissonance Eden;927;927;0.001;20260325
Mr.Children;Saturday;909;-541;0.025;20260325
ZXKAI;NO BATIDÃO;897;264;0.101;20260325
slxughter;NO BATIDÃO;897;264;0.101;20260325
Boney M.;Rasputin;890;-181;0.451;20260325
Ed Sheeran;Camera;880;238;0.28;20260325
Amy Shark;The Biggest Dick;875;-250;0.02;20260325
RADWIMPS;Seikai;875;-229;0.179;20260325
The Claypool Lennon Delirium;Meat Machines;871;871;0.001;20260325
Gino Paoli;Il cielo in una stanza;865;609;0.001;20260325
Milk Pansa;Cross the Line;859;-935;0.003;20260325
Love Pattranite;Cross the Line;859;-935;0.003;20260325
Budjerah;Gentleman;858;-290;0.002;20260325
CUTIE STREET;ナイスだね;858;858;0.001;20260325
Stevie Wonder;Happy Birthday;858;336;1.978;20260325
Robin Schulz;Embers;857;-422;0.037;20260325
The Killers;Mr. Brightside;851;-646;1.627;20260325
Damiano David;The First Time;848;363;0.255;20260325
disiz;melodrama;845;-259;0.178;20260325
Theodora;melodrama;845;-259;0.178;20260325
ANOTR;Talk To You;844;-233;0.035;20260325
Take That;You're A Superstar;842;-660;0.014;20260325
Yamanbagiri Kunihiro;黄昏のララバイ;842;842;0.001;20260325
Touken Danshi from Touken Ranbu:The Musical;黄昏のララバイ;842;842;0.001;20260325
Shashwat Sachdev;Jaiye Sajana;840;-464;0.005;20260325
Jasmine Sandlas;Jaiye Sajana;840;-464;0.005;20260325
Satinder Sartaaj;Jaiye Sajana;840;-464;0.005;20260325
Charlie Puth;Home;826;-123;0.002;20260325
Hikaru Utada;Home;826;-123;0.002;20260325
BE:FIRST;BE:FIRST ALL DAY;826;-322;0.015;20260325
Angèle;What You Want;824;644;0.037;20260325
Justice;What You Want;824;644;0.037;20260325
BTS;SWIM;25849;-10;0.18;20260326
BTS;Body to Body;13193;-1152;0.134;20260326
Stray Kids;STAY;12353;-738;0.025;20260326
HUNTR/X;Golden;11371;-339;4.308;20260326
EJAE;Golden;11371;-339;4.308;20260326
AUDREY NUNA;Golden;11371;-339;4.308;20260326
REI AMI;Golden;11371;-339;4.308;20260326
KPop Demon Hunters Cast;Golden;11371;-339;4.308;20260326
BTS;Like Animals;11334;-1901;0.113;20260326
BTS;NORMAL;11197;-3094;0.118;20260326
Eddie Dalton;Another Day Old;10858;7363;0.028;20260326
RAYE;WHERE IS MY HUSBAND;10088;-274;2.027;20260326
Taylor Swift;The Fate of Ophelia;9597;303;2.85;20260326
BTS;Hooligan;9368;75;0.09;20260326
Bruno Mars;I Just Might;9096;-509;1.128;20260326
BTS;FYA;9080;-1033;0.098;20260326
Eddie Dalton;Running To You;8736;6548;0.019;20260326
BTS;they don’t know ’bout us;8168;-2826;0.082;20260326
Alex Warren;Ordinary;7866;110;5.131;20260326
The Second Voice;LET ME BE;7841;1115;0.162;20260326
Alex Warren;FEVER DREAM;7425;-931;0.269;20260326
Taylor Swift;Opalite;7151;74;1.481;20260326
Owen James;When I Stand;7136;1192;0.151;20260326
BTS;Into the Sun;7119;-1564;0.083;20260326
BTS;2.0;7106;-1375;0.077;20260326
Olivia Dean;Man I Need;7054;418;1.985;20260326
Eddie Dalton;Cheap Red Wine;6566;5025;0.01;20260326
Ella Langley;Choosin' Texas;6365;190;0.72;20260326
mikeeysmind;Papaoutai;6215;185;0.677;20260326
Chill77;Papaoutai;6215;185;0.677;20260326
Unjaps;Papaoutai;6215;185;0.677;20260326
Bruno Mars;Risk It All;6081;4;0.256;20260326
Djo;End of Beginning;5992;599;1.624;20260326
BTS;Aliens;5894;-2091;0.078;20260326
BTS;Please;5780;-1336;0.074;20260326
RAYE;Click Clack Symphony.;5713;222;0.059;20260326
BTS;One More Night;5400;-1176;0.07;20260326
The Goo Goo Dolls;Iris;5350;463;1.786;20260326
Bebe Rexha;New Religion;5199;-1034;0.182;20260326
Faithless;New Religion;5199;-1034;0.182;20260326
BTS;Merry Go Round;5098;-602;0.067;20260326
Olivia Dean;So Easy;5026;-817;1.085;20260326
Tame Impala;Dracula;4314;-49;0.096;20260326
JENNIE;Dracula;4314;-49;0.096;20260326
Harry Styles;Sign of the Times;4085;-855;4.61;20260326
SIENNA SPIRO;Die On This Hill;4068;201;0.493;20260326
Harry Styles;American Girls;4001;-792;0.14;20260326
Disney;Zoo;3969;129;0.359;20260326
Shakira;Zoo;3969;129;0.359;20260326
Harry Styles;Aperture;3858;-514;0.512;20260326
BTS;No. 29;3577;-836;0.055;20260326
Lady Gaga;Always Remember Us This Way;3413;-119;9.386;20260326
Zara Larsson;Lush Life;2954;-625;2.496;20260326
Lady Gaga;Die With A Smile;2913;224;7.253;20260326
Bruno Mars;Die With A Smile;2913;224;7.253;20260326
sombr;12 to 12;2904;-1206;0.974;20260326
Muse;Be With You;2793;-470;0.044;20260326
Sam Fender;Rein Me In;2776;-166;0.385;20260326
Olivia Dean;Rein Me In;2776;-166;0.385;20260326
EL CAPITXN;Breaking Through;2733;2733;0.003;20260326
TAEHYUN;Breaking Through;2733;2733;0.003;20260326
Jeremy Zucker;Breaking Through;2733;2733;0.003;20260326
Benson Boone;Beautiful Things;2692;-758;7.085;20260326
sombr;Homewrecker;2672;-159;0.188;20260326
RAYE;Nightingale Lane.;2671;991;0.067;20260326
Gooseworx;The One Who's Running the Show;2649;1029;0.004;20260326
HUGEL;Jamaican;2557;-50;0.211;20260326
SOLTO (FR);Jamaican;2557;-50;0.211;20260326
Marc Rebillet;Your New Morning Alarm;2431;585;0.672;20260326
Ella Langley;Be Her;2416;-604;0.144;20260326
Dave;Raindance;2329;524;0.266;20260326
Tems;Raindance;2329;524;0.266;20260326
Gordo;Loco Loco;2303;622;0.063;20260326
Reinier Zonneveld;Loco Loco;2303;622;0.063;20260326
David Guetta;Gone Gone Gone;2271;672;0.918;20260326
Teddy Swims;Gone Gone Gone;2271;672;0.918;20260326
Tones And I;Gone Gone Gone;2271;672;0.918;20260326
Peter Gregson;360;2227;-217;0.199;20260326
Anita Ward;Ring My Bell;2219;-364;0.136;20260326
Luke Combs;Days Like These;2199;-340;0.236;20260326
Bad Bunny;DtMF;2166;-147;0.962;20260326
Luke Combs;Sleepless in a Hotel Room;2150;-212;0.262;20260326
Nickelback;Bones for the Crows;2140;-736;0.034;20260326
HAVEN.;I Run;2043;171;0.386;20260326
Kaitlin Aragon;I Run;2043;171;0.386;20260326
Disturbed;The Sound of Silence;2027;494;10.238;20260326
Sal da Vinci;Per sempre sì;1956;450;0.099;20260326
Lankum;Hunting The Wren;1875;-1018;0.014;20260326
Grian Chatten;Hunting The Wren;1875;-1018;0.014;20260326
FLO;Leak It;1868;522;0.016;20260326
Shakira;Zoo;1852;26;0.52;20260326
Gravel;Do You Hear Me Lord;1824;4;0.02;20260326
Grace;Do You Hear Me Lord;1824;4;0.02;20260326
Luke Combs;Be By You;1792;40;0.145;20260326
Noah Kahan;The Great Divide;1782;516;0.122;20260326
PinkPantheress;Stateside;1778;356;0.141;20260326
Christina Perri;A Thousand Years;1767;259;8.204;20260326
Aiyana-Lee;Housebroken;1748;-605;0.094;20260326
Ac/Dc;Thunderstruck;1747;-749;3.983;20260326
Moon Byul;Hertz;1740;93;0.003;20260326
Sia;Unstoppable;1720;-639;7.496;20260326
starly;Kavkaz;1683;229;0.017;20260326
ROSÉ;APT.;1678;628;6.307;20260326
Bruno Mars;APT.;1678;628;6.307;20260326
Journey;Don't Stop Believin';1653;-42;3.594;20260326
Kato;Turn the Lights Off;1629;-191;0.314;20260326
Jon;Turn the Lights Off;1629;-191;0.314;20260326
Ed Sheeran;Sapphire;1620;-456;2.044;20260326
ROIROM;DRESS CODE;1600;-3;0.003;20260326
Tame Impala;Dracula;1588;-1197;0.158;20260326
Joe Hermes;That Country High;1568;-32;0.003;20260326
King;Waltz for Lily;1568;-107;0.009;20260326
Prince;Waltz for Lily;1568;-107;0.009;20260326
熊田茜音&増井優花、名探偵プリキュア!;なぜ謎ANSWER;1558;-45;0.003;20260326
Muse;Unravelling;1556;-801;0.083;20260326
Chappell Roan;Pink Pony Club;1536;100;2.622;20260326
Bad Bunny;NUEVAYoL;1524;60;0.766;20260326
ROSALÍA;La Perla;1516;-111;0.302;20260326
Yahritza Y Su Esencia;La Perla;1516;-111;0.302;20260326
Eminem;Lose Yourself;1507;-30;3.69;20260326
Bad Bunny;BAILE INoLVIDABLE;1497;264;0.446;20260326
The Cranberries;Dreams;1496;535;0.862;20260326
石井あみ、名探偵プリキュア!;Hint in the heart Star Detective Precure;1479;-155;0.003;20260326
Miley Cyrus;The Climb;1449;359;0.341;20260326
JJ Lin;Careful with Fate;1426;31;0.026;20260326
Andy Grammer;Don’t Give Up on Me;1409;-394;0.175;20260326
Ella Langley;Loving Life Again;1407;-295;0.025;20260326
ROSALÍA;Berghain;1407;-309;0.55;20260326
Björk;Berghain;1407;-309;0.55;20260326
Yves Tumor;Berghain;1407;-309;0.55;20260326
Billie Eilish;BIRDS OF A FEATHER;1382;449;5.774;20260326
Dermot Kennedy;Funeral;1380;-316;0.106;20260326
XXXTENTACION;Moonlight;1370;183;0.645;20260326
HANA;Bad Girl;1341;1341;0.001;20260326
Myles Smith;Drive Safe;1337;268;0.126;20260326
Niall Horan;Drive Safe;1337;268;0.126;20260326
Christophe Maé;La lune;1331;195;0.044;20260326
Boney M.;Rasputin;1321;431;0.453;20260326
Maphra;Doomed;1302;760;0.055;20260326
Sean Paul featuring Keyshia Cole;(When You Gonna) Give It Up to Me;1292;179;0.015;20260326
ARASHI;Five;1290;-86;0.054;20260326
Mr.Children;Again;1290;-25;0.086;20260326
Leony;Don't Worry;1270;180;0.074;20260326
Miley Cyrus;Flowers;1256;444;7.566;20260326
Drake;NOKIA;1246;61;1.796;20260326
Yisa Yu;清清如我(电视剧《逐玉》抒情主题曲);1232;-175;0.005;20260326
Leony;Stay;1227;-127;0.012;20260326
Calum Scott;Stay;1227;-127;0.012;20260326
ZXKAI;NO BATIDÃO;1226;329;0.102;20260326
slxughter;NO BATIDÃO;1226;329;0.102;20260326
Zara Larsson;Midnight Sun;1208;497;0.116;20260326
Mrs. GREEN APPLE;lulu.;1208;-32;0.126;20260326
Ella Langley;Dandelion;1190;-159;0.107;20260326
King Gnu;AIZO;1176;89;0.142;20260326
Tears for Fears;Everybody Wants to Rule the World;1166;-353;0.996;20260326
Johannes Oerding;Wolken;1154;374;0.027;20260326
Michael Patrick Kelly;Wolken;1154;374;0.027;20260326
Fura Kanato;Up and Turn;1148;1148;0.001;20260326
Hoshimachi Suisei;Prima Donna;1130;-64;0.007;20260326
Aitana;SUPERESTRELLA;1126;11;0.166;20260326
M!LK;Sukisugite METSU;1125;0;0.18;20260326
Go Shiina;hashira kessyuu ~ mugenjou heno sasoi;1120;37;0.002;20260326
Bad Bunny;Tití Me Preguntó;1120;-462;0.796;20260326
W&W;Rave From Outer Space;1116;-99;0.017;20260326
Scooter;Rave From Outer Space;1116;-99;0.017;20260326
Kenshi Yonezu;IRIS OUT;1114;1114;0.322;20260326
KAT-TUN;Real Face;1104;-133;0.009;20260326
Max McNown;World Change Me;1103;1047;0.033;20260326
Charlie Puth;Home;1097;271;0.003;20260326
Hikaru Utada;Home;1097;271;0.003;20260326
The Silent Partner;girl in the mirror;1096;-124;0.002;20260326
Niall Horan;Dinner Party;1087;-510;0.026;20260326
M!LK;Bakuretsu Aishiteru;1083;-21;0.059;20260326
Luke Combs;Wish Upon a Whiskey;1080;-63;0.012;20260326
Teddy Swims;The Door;1067;541;3.848;20260326
Imagine Dragons;Believer;1064;571;8.739;20260326
Teddy Swims;Lose Control;1054;-245;7.272;20260326
Hearts2Hearts;RUDE;1054;107;0.057;20260326
DJ Rankin;I Am a Raver;1050;9;0.009;20260326
4 Non Blondes;What's Up;1050;859;1.291;20260326
Ella Langley;you look like you love me;1044;-283;1.089;20260326
Riley Green;you look like you love me;1044;-283;1.089;20260326
Johannes Oerding;Mehr Glück als Verstand;1041;455;0.026;20260326
HWASA;Good Goodbye;1037;-58;0.338;20260326
Lola Young;Messy;1030;-99;4.025;20260326
MAZZEL;Get Up And Dance;1021;-315;0.007;20260326
Unheilig;Wunderschön;1010;45;0.22;20260326
T.I.;LET 'EM KNOW;1002;75;0.096;20260326
Johannes Oerding;Märchen aus Hollywood;1002;320;0.046;20260326
Sarah Connor;Märchen aus Hollywood;1002;320;0.046;20260326
Ricchi;Sarà perché ti amo;993;474;1.479;20260326
Poveri;Sarà perché ti amo;993;474;1.479;20260326
TRAP MAFIA HOUSE;Mafia Style;992;-139;0.081;20260326
Don Henley;Leather and Lace;988;-243;0.004;20260326
Stevie Nicks;Leather and Lace;988;-243;0.004;20260326
Survivor;Eye of the Tiger;986;-594;2.417;20260326
Kaguya(cv.Yuko Natsuyoshi);Ray;982;252;0.043;20260326
Yachiyo Runami(cv.Saori Hayami);Ray;982;252;0.043;20260326
Justė;Turn The Lights Off;981;260;0.062;20260326
Jaxstyle;Turn The Lights Off;981;260;0.062;20260326
Jon;Turn The Lights Off;981;260;0.062;20260326
Alphaville;Forever Young;978;777;1.274;20260326
Die Toten Hosen;Die Show muss weitergehen;971;-216;0.028;20260326
Evanescence;Bring Me to Life;968;530;1.597;20260326
DJTEXX;Wild West & Wicked;968;-465;0.01;20260326
Teddy Swims;Bad Dreams;967;715;3.497;20260326
sombr;back to friends;964;-268;0.549;20260326
KAT-TUN;Keep the faith;964;-98;0.007;20260326
Disco Lines;No Broke Boys;948;385;1.229;20260326
Tinashe;No Broke Boys;948;385;1.229;20260326
Unheilig;Du bist meine Heimat;945;721;0.021;20260326
稲葉浩志;タッチ;945;0;0.032;20260326
BLACKPINK;JUMP;941;316;1.107;20260326
Jennifer Lopez;Save Me Tonight;939;-90;0.073;20260326
David Guetta;Save Me Tonight;939;-90;0.073;20260326
Aina The End;On The Way;938;196;0.327;20260326
Bella Kay;iloveitiloveitiloveit;938;-308;0.032;20260326
Amy Shark;The Biggest Dick;927;52;0.021;20260326
Eminem;Without Me;912;335;0.649;20260326
SIENNA SPIRO;The Visitor;903;-28;0.019;20260326
Eva Cassidy;Wayfaring Stranger;902;-239;0.008;20260326
BIALYSTOCKS;Everyday;892;504;0.015;20260326
Gino Paoli;Il cielo in una stanza;885;20;0.002;20260326
Samurai Jay;OSSESSIONE;884;130;0.033;20260326
LOUIS of LNGSHOT;Good Girls;878;878;0.001;20260326
Gino Paoli;Sapore di sale;877;-468;0.003;20260326
Pompompurin;Purin to Muffin no pom pom beat;875;-258;0.002;20260326
LINKIN PARK;The Emptiness Machine;875;551;1.787;20260326
Good Vibes Tribe 11:11;I'm Not What Happened To Me;874;393;0.163;20260326
SANTA;Dis-moi oui;867;239;0.1;20260326
Flea;Thinkin Bout You;865;-280;0.004;20260326
milet;The Story of Us;862;183;0.081;20260326
Take That;You're A Superstar;859;17;0.014;20260326
sumika;Honto;858;48;0.042;20260326
Tate McRae;Just Keep Watching;857;851;0.407;20260326
disiz;melodrama;855;10;0.178;20260326
Theodora;melodrama;855;10;0.178;20260326
Elevation Worship;God I'm Just Grateful;843;547;0.051;20260326
Chandler Moore;God I'm Just Grateful;843;547;0.051;20260326
Kate Bush;Wuthering Heights;843;672;0.431;20260326
RADWIMPS;Seikai;826;-49;0.18;20260326
Michael Schulte;5am;825;-332;0.027;20260326
Shaboozey;A Bar Song;822;-431;4.689;20260326
Emma;VACCI PIANO;818;413;0.009;20260326
Rkomi;VACCI PIANO;818;413;0.009;20260326
BTS;SWIM;23598;-2251;0.204;20260327
Miley Cyrus;Younger You;16046;15906;0.016;20260327
Paul McCartney;Days We Left Behind;14196;14196;0.014;20260327
Eddie Dalton;Another Day Old;13347;2489;0.041;20260327
RAYE;WHERE IS MY HUSBAND;12014;1926;2.039;20260327
Eddie Dalton;Running To You;11871;3135;0.031;20260327
BTS;Body to Body;11557;-1636;0.146;20260327
HUNTR/X;Golden;10897;-474;4.319;20260327
EJAE;Golden;10897;-474;4.319;20260327
AUDREY NUNA;Golden;10897;-474;4.319;20260327
REI AMI;Golden;10897;-474;4.319;20260327
KPop Demon Hunters Cast;Golden;10897;-474;4.319;20260327
Taylor Swift;The Fate of Ophelia;10770;1173;2.861;20260327
BTS;Like Animals;10158;-1176;0.123;20260327
BTS;NORMAL;9980;-1217;0.128;20260327
Bruno Mars;I Just Might;9786;690;1.138;20260327
Eddie Dalton;Cheap Red Wine;9440;2874;0.02;20260327
Alex Warren;Ordinary;8946;1080;5.14;20260327
Mariah Carey;Volare / Nothing Is Impossible;8537;8537;0.009;20260327
ZAYN;Sideways;8091;7409;0.009;20260327
Alex Warren;FEVER DREAM;7973;548;0.277;20260327
BTS;2.0;7853;747;0.085;20260327
Olivia Dean;Man I Need;7770;716;1.992;20260327
BTS;FYA;7685;-1395;0.106;20260327
Owen James;When I Stand;7646;510;0.159;20260327
TAEMIN;Long Way Home;7468;7468;0.007;20260327
BTS;Hooligan;7440;-1928;0.098;20260327
Taylor Swift;Opalite;7343;192;1.488;20260327
The Second Voice;LET ME BE;7213;-628;0.169;20260327
Stray Kids;STAY;7016;-5337;0.032;20260327
RAYE;Click Clack Symphony.;6417;704;0.066;20260327
The Goo Goo Dolls;Iris;6382;1032;1.792;20260327
Djo;End of Beginning;6293;301;1.631;20260327
BTS;they don’t know ’bout us;6243;-1925;0.088;20260327
Ella Langley;Choosin' Texas;6123;-242;0.726;20260327
BTS;Aliens;5969;75;0.084;20260327
Bebe Rexha;New Religion;5249;50;0.187;20260327
Faithless;New Religion;5249;50;0.187;20260327
Olivia Dean;So Easy;5162;136;1.09;20260327
BTS;One More Night;5154;-246;0.075;20260327
BTS;Into the Sun;5109;-2010;0.088;20260327
mikeeysmind;Papaoutai;5099;-1116;0.682;20260327
Chill77;Papaoutai;5099;-1116;0.682;20260327
Unjaps;Papaoutai;5099;-1116;0.682;20260327
BTS;Please;4932;-848;0.079;20260327
Harry Styles;American Girls;4900;899;0.145;20260327
Bruno Mars;Risk It All;4761;-1320;0.261;20260327
Tame Impala;Dracula;4622;308;0.1;20260327
JENNIE;Dracula;4622;308;0.1;20260327
SIENNA SPIRO;Die On This Hill;4475;407;0.497;20260327
BTS;Merry Go Round;4203;-895;0.072;20260327
SB19;Toyfriend;4005;4005;0.004;20260327
Harry Styles;Sign of the Times;3868;-217;4.614;20260327
sombr;Homewrecker;3593;921;0.191;20260327
Ella Langley;Be Her;3261;845;0.147;20260327
Till Lindemann;Es brennt...;3215;3215;0.003;20260327
Harry Styles;Aperture;3203;-655;0.516;20260327
Sam Fender;Rein Me In;3185;409;0.388;20260327
Olivia Dean;Rein Me In;3185;409;0.388;20260327
BTS;No. 29;3176;-401;0.058;20260327
Disney;Zoo;3172;-797;0.362;20260327
Shakira;Zoo;3172;-797;0.362;20260327
Zara Larsson;Lush Life;3154;200;2.499;20260327
Seals;Summer Breeze;3078;3078;0.018;20260327
Crofts;Summer Breeze;3078;3078;0.018;20260327
HUGEL;Jamaican;2966;409;0.214;20260327
SOLTO (FR);Jamaican;2966;409;0.214;20260327
Jessie Ware;Automatic;2916;2916;0.003;20260327
SB19;Wakas;2875;2875;0.003;20260327
sombr;12 to 12;2808;-96;0.977;20260327
SB19;Emoji;2801;2801;0.003;20260327
Sia;Unstoppable;2731;1011;7.499;20260327
Lady Gaga;Die With A Smile;2713;-200;7.256;20260327
Bruno Mars;Die With A Smile;2713;-200;7.256;20260327
Pietro Basile;Amore Mio;2673;2673;0.003;20260327
Bad Bunny;NUEVAYoL;2652;1128;0.769;20260327
Ella Langley;Loving Life Again;2639;1232;0.028;20260327
EL CAPITXN;Breaking Through;2626;-107;0.005;20260327
TAEHYUN;Breaking Through;2626;-107;0.005;20260327
Jeremy Zucker;Breaking Through;2626;-107;0.005;20260327
ROSALÍA;La Perla;2501;985;0.304;20260327
Yahritza Y Su Esencia;La Perla;2501;985;0.304;20260327
Chiara Oliver;margaritas;2433;2433;0.002;20260327
Peter Gregson;360;2411;184;0.201;20260327
SB19;Toyfriend;2386;2386;0.002;20260327
BE:FIRST;Toyfriend;2386;2386;0.002;20260327
SB19;Memories;2336;2336;0.002;20260327
RAYE;Nightingale Lane.;2320;-351;0.069;20260327
Lady Gaga;Always Remember Us This Way;2318;-1095;9.388;20260327
SB19;Everblack;2278;2278;0.002;20260327
Tame Impala;Dracula;2263;675;0.16;20260327
Dermot Kennedy;Funeral;2147;767;0.108;20260327
Gordo;Loco Loco;2142;-161;0.065;20260327
Reinier Zonneveld;Loco Loco;2142;-161;0.065;20260327
Kato;Turn the Lights Off;2138;509;0.316;20260327
Jon;Turn the Lights Off;2138;509;0.316;20260327
King Gnu;AIZO;2135;959;0.144;20260327
Nickelback;Bones for the Crows;2130;-10;0.036;20260327
HAVEN.;I Run;2122;79;0.388;20260327
Kaitlin Aragon;I Run;2122;79;0.388;20260327
Bad Bunny;DtMF;2117;-49;0.964;20260327
Shakira;Zoo;2092;240;0.522;20260327
Muse;Be With You;2063;-730;0.046;20260327
Tears for Fears;Everybody Wants to Rule the World;2048;882;0.998;20260327
PRESIDENT;Mercy;2037;2037;0.002;20260327
Luke Combs;Days Like These;2016;-183;0.238;20260327
SB19;Emoji;2016;2016;0.002;20260327
JOLIN蔡依林;Emoji;2016;2016;0.002;20260327
SB19;VISA;1997;1933;0.022;20260327
Journey;Don't Stop Believin';1975;322;3.596;20260327
Christina Perri;A Thousand Years;1916;149;8.206;20260327
David Guetta;Gone Gone Gone;1849;-422;0.919;20260327
Teddy Swims;Gone Gone Gone;1849;-422;0.919;20260327
Tones And I;Gone Gone Gone;1849;-422;0.919;20260327
Michael Schulte;5am;1803;978;0.029;20260327
Amy Grant;How Do We Get There From Here;1776;1776;0.002;20260327
Bad Bunny;Tití Me Preguntó;1764;644;0.797;20260327
Dave;Raindance;1747;-582;0.268;20260327
Tems;Raindance;1747;-582;0.268;20260327
Luke Combs;Be By You;1746;-46;0.147;20260327
HANA;Bad Girl;1724;383;0.003;20260327
ROSÉ;APT.;1716;38;6.309;20260327
Bruno Mars;APT.;1716;38;6.309;20260327
GEMINI;Dangerous;1712;1712;0.002;20260327
Cody Simpson;Baby Blue;1709;1709;0.002;20260327
Evanescence;Bring Me to Life;1690;722;1.599;20260327
Yami Safdie;Cuéntame;1683;1683;0.002;20260327
Alejandro Sanz;Cuéntame;1683;1683;0.002;20260327
Drake;NOKIA;1671;425;1.798;20260327
PinkPantheress;Stateside;1669;-109;0.142;20260327
Christophe Maé;La lune;1667;336;0.046;20260327
Noah Kahan;The Great Divide;1637;-145;0.124;20260327
starly;Kavkaz;1631;-52;0.019;20260327
TRAP MAFIA HOUSE;Mafia Style;1620;628;0.083;20260327
Johannes Oerding;Wolken;1619;465;0.029;20260327
Michael Patrick Kelly;Wolken;1619;465;0.029;20260327
Jennifer Lopez;Save Me Tonight;1604;665;0.074;20260327
David Guetta;Save Me Tonight;1604;665;0.074;20260327
Disturbed;The Sound of Silence;1604;-423;10.24;20260327
FLO;Leak It;1583;-285;0.018;20260327
Fred De Palma;LA TESTA GIRA;1574;1574;0.002;20260327
Anitta;LA TESTA GIRA;1574;1574;0.002;20260327
Emis Killa;LA TESTA GIRA;1574;1574;0.002;20260327
Brantley Gilbert;GOOD DAMN;1539;1539;0.002;20260327
Benson Boone;Beautiful Things;1538;-1154;7.086;20260327
Joe Hermes;That Country High;1538;-30;0.005;20260327
Ricky Martin;Vuelve;1522;1522;0.002;20260327
Los Ángeles Azules;Vuelve;1522;1522;0.002;20260327
TINI;Vuelve;1522;1522;0.002;20260327
ROIROM;DRESS CODE;1508;-92;0.005;20260327
Sal da Vinci;Per sempre sì;1500;-456;0.101;20260327
JJ Lin;Careful with Fate;1469;43;0.027;20260327
Ac/Dc;Thunderstruck;1454;-293;3.985;20260327
Mia Julia;Bonnie und Clyde;1452;1452;0.001;20260327
King;Waltz for Lily;1450;-118;0.01;20260327
Prince;Waltz for Lily;1450;-118;0.01;20260327
Lankum;Hunting The Wren;1450;-425;0.016;20260327
Grian Chatten;Hunting The Wren;1450;-425;0.016;20260327
石井あみ、名探偵プリキュア!;ハートにヒント名探偵プリキュア;1438;1438;0.001;20260327
Eminem;Lose Yourself;1435;-72;3.692;20260327
Billie Eilish;BIRDS OF A FEATHER;1432;50;5.775;20260327
熊田茜音&増井優花、名探偵プリキュア!;WHYMYSTERYANSWER;1422;1422;0.001;20260327
Ella Langley;Dandelion;1412;222;0.108;20260327
XXXTENTACION;Moonlight;1409;39;0.647;20260327
ARASHI;Five;1401;111;0.056;20260327
Bonez MC;Vollmond;1380;1380;0.001;20260327
JUGGLERZ;Vollmond;1380;1380;0.001;20260327
Holly Humberstone;To Love Somebody;1375;871;0.025;20260327
BLANCO;Ricordi;1374;1374;0.001;20260327
Elisa;Ricordi;1374;1374;0.001;20260327
Mr.Children;Again;1341;51;0.088;20260327
Teddy Swims;Lose Control;1336;282;7.273;20260327
Symon Hook;At Last;1326;1326;0.001;20260327
James Arthur;At Last;1326;1326;0.001;20260327
Seals;Diamond Girl;1313;1313;0.003;20260327
Crofts;Diamond Girl;1313;1313;0.003;20260327
Luke Combs;Sleepless in a Hotel Room;1306;-844;0.263;20260327
ZXKAI;NO BATIDÃO;1293;67;0.103;20260327
slxughter;NO BATIDÃO;1293;67;0.103;20260327
Take That;You're A Superstar;1289;430;0.016;20260327
Tyson Yoshi;Deadend;1278;1278;0.001;20260327
Jackson Wang;Deadend;1278;1278;0.001;20260327
Lauren Daigle;Rescue;1274;1274;0.254;20260327
Max McNown;World Change Me;1268;165;0.034;20260327
Teddy Swims;Bad Dreams;1266;299;3.498;20260327
Zara Larsson;Midnight Sun;1265;57;0.117;20260327
M!LK;Sukisugite METSU;1265;140;0.181;20260327
Conan Gray;The Best;1252;1252;0.001;20260327
Ragal Ironbull;VIKING VIBES;1246;664;0.002;20260327
Mrs. GREEN APPLE;lulu.;1244;36;0.127;20260327
M!LK;Bakuretsu Aishiteru;1241;158;0.06;20260327
W&W;Rave From Outer Space;1237;121;0.018;20260327
Scooter;Rave From Outer Space;1237;121;0.018;20260327
SB19;Emoji;1224;1224;0.001;20260327
JOLIN;Emoji;1224;1224;0.001;20260327
MEDUZA;Don’t Wanna Go Home;1212;1212;0.001;20260327
Kenshi Yonezu;IRIS OUT;1193;79;0.323;20260327
Johannes Oerding;Mehr Glück als Verstand;1193;152;0.027;20260327
Andy Grammer;Don’t Give Up on Me;1187;-222;0.176;20260327
Aitana;SUPERESTRELLA;1176;50;0.167;20260327
Ed Sheeran;Sapphire;1172;-448;2.045;20260327
HWASA;Good Goodbye;1168;131;0.339;20260327
GroßstadtEngel;Gute Laune;1161;553;0.303;20260327
Ricchi;Sarà perché ti amo;1161;168;1.481;20260327
Poveri;Sarà perché ti amo;1161;168;1.481;20260327
Myles Smith;Drive Safe;1155;-182;0.128;20260327
Niall Horan;Drive Safe;1155;-182;0.128;20260327
椎名 豪;柱結集～無限城への誘い;1150;1150;0.001;20260327
Ella Langley;you look like you love me;1150;106;1.09;20260327
Riley Green;you look like you love me;1150;106;1.09;20260327
Hoshimachi Suisei;Prima Donna;1148;18;0.008;20260327
milet;The Story of Us;1141;279;0.082;20260327
Die Toten Hosen;Die Show muss weitergehen;1133;162;0.029;20260327
KAT-TUN;Real Face;1125;21;0.01;20260327
The Kolors;ROLLING STONES;1124;1124;0.001;20260327
ROSALÍA;Berghain;1123;-284;0.551;20260327
Björk;Berghain;1123;-284;0.551;20260327
Yves Tumor;Berghain;1123;-284;0.551;20260327
稲葉浩志;タッチ;1104;159;0.033;20260327
RAYE;I Know You're Hurting.;1099;1099;0.001;20260327
Bad Bunny;BAILE INoLVIDABLE;1093;-404;0.447;20260327
Yisa Yu;清清如我(电视剧《逐玉》抒情主题曲);1092;-140;0.007;20260327
Johannes Oerding;Märchen aus Hollywood;1091;89;0.047;20260327
Sarah Connor;Märchen aus Hollywood;1091;89;0.047;20260327
Miley Cyrus;Flowers;1084;-172;7.567;20260327
Kaida Haru;Hare to Ke;1083;1083;0.001;20260327
ANOTR;Talk To You;1076;557;0.037;20260327
Fujii Kaze;Michi Teyu Ku;1069;1069;0.352;20260327
Humbert Humbert;Smiles and Stumbles;1062;1062;0.123;20260327
Jay Chou;The Day It Rained;1060;300;0.002;20260327
Anita Ward;Ring My Bell;1058;-1161;0.137;20260327
Gooseworx;The One Who's Running the Show;1055;-1594;0.005;20260327
Chappell Roan;Pink Pony Club;1052;-484;2.623;20260327
Moon Byul;Hertz;1045;-695;0.004;20260327
Gravel;Do You Hear Me Lord;1044;-780;0.021;20260327
Grace;Do You Hear Me Lord;1044;-780;0.021;20260327
MAZZEL;Get Up And Dance;1041;20;0.008;20260327
Louane;Conduire;1023;1023;0.001;20260327
T.I.;LET 'EM KNOW;1021;19;0.097;20260327
The Cranberries;Dreams;1016;-480;0.863;20260327
Seals;We May Never Pass This Way;1010;1010;0.002;20260327
Crofts;We May Never Pass This Way;1010;1010;0.002;20260327
Maphra;Doomed;1008;-294;0.056;20260327
Flemming;Niet Nodig;1008;875;0.073;20260327
Metejoor;Niet Nodig;1008;875;0.073;20260327
Michael Schulte;Floating;1002;1002;0.001;20260327
natori;Serenade;1002;222;0.052;20260327
Radiohead;Creep;985;245;1.823;20260327
Charlie Puth;Home;983;-114;0.004;20260327
Hikaru Utada;Home;983;-114;0.004;20260327
Kaguya(cv.Yuko Natsuyoshi);Ray;983;1;0.043;20260327
Yachiyo Runami(cv.Saori Hayami);Ray;983;1;0.043;20260327
Jungle;Carry On;982;466;0.002;20260327
BTS;SWIM;23655;57;0.228;20260328
Miley Cyrus;Younger You;15694;-352;0.032;20260328
RAYE;WHERE IS MY HUSBAND;13035;1021;2.052;20260328
Eddie Dalton;Another Day Old;12947;-400;0.054;20260328
HUNTR/X;Golden;12806;1909;4.332;20260328
EJAE;Golden;12806;1909;4.332;20260328
AUDREY NUNA;Golden;12806;1909;4.332;20260328
REI AMI;Golden;12806;1909;4.332;20260328
KPop Demon Hunters Cast;Golden;12806;1909;4.332;20260328
Eddie Dalton;Running To You;12699;828;0.044;20260328
Paul McCartney;Days We Left Behind;12391;-1805;0.027;20260328
BTS;Body to Body;11834;277;0.158;20260328
Taylor Swift;The Fate of Ophelia;11514;744;2.872;20260328
Bruno Mars;I Just Might;11139;1353;1.149;20260328
Eddie Dalton;Cheap Red Wine;10938;1498;0.031;20260328
Alex Warren;Ordinary;9629;683;5.149;20260328
The Second Voice;LET ME BE;9416;2203;0.179;20260328
Alex Warren;FEVER DREAM;8751;778;0.286;20260328
Taylor Swift;Opalite;8250;907;1.497;20260328
Olivia Dean;Man I Need;8200;430;2.001;20260328
BTS;NORMAL;8079;-1901;0.136;20260328
Owen James;When I Stand;7658;12;0.167;20260328
mikeeysmind;Papaoutai;7082;1983;0.69;20260328
Chill77;Papaoutai;7082;1983;0.69;20260328
Unjaps;Papaoutai;7082;1983;0.69;20260328
Olivia Dean;So Easy;7046;1884;1.097;20260328
Djo;End of Beginning;6672;379;1.637;20260328
BTS;Like Animals;6670;-3488;0.13;20260328
Ella Langley;Choosin' Texas;6374;251;0.733;20260328
RAYE;Click Clack Symphony.;5919;-498;0.072;20260328
BTS;2.0;5915;-1938;0.091;20260328
Bebe Rexha;New Religion;5915;666;0.193;20260328
Faithless;New Religion;5915;666;0.193;20260328
BTS;Hooligan;5752;-1688;0.104;20260328
BTS;FYA;5674;-2011;0.112;20260328
Bruno Mars;Risk It All;5628;867;0.267;20260328
The Goo Goo Dolls;Iris;5312;-1070;1.798;20260328
ZAYN;Sideways;5177;-2914;0.014;20260328
Tame Impala;Dracula;5151;529;0.105;20260328
JENNIE;Dracula;5151;529;0.105;20260328
Harry Styles;American Girls;4828;-72;0.15;20260328
SIENNA SPIRO;Die On This Hill;4606;131;0.502;20260328
Zara Larsson;Lush Life;4596;1442;2.504;20260328
Harry Styles;Sign of the Times;4550;682;4.619;20260328
TAEMIN;Long Way Home;4194;-3274;0.012;20260328
HUGEL;Jamaican;4027;1061;0.218;20260328
SOLTO (FR);Jamaican;4027;1061;0.218;20260328
Disney;Zoo;4006;834;0.366;20260328
Shakira;Zoo;4006;834;0.366;20260328
Mariah Carey;Volare / Nothing Is Impossible;3998;-4539;0.013;20260328
Lady Gaga;Die With A Smile;3926;1213;7.26;20260328
Bruno Mars;Die With A Smile;3926;1213;7.26;20260328
sombr;12 to 12;3868;1060;0.981;20260328
Sam Fender;Rein Me In;3857;672;0.392;20260328
Olivia Dean;Rein Me In;3857;672;0.392;20260328
Shakira;Zoo;3771;1679;0.526;20260328
sombr;Homewrecker;3741;148;0.195;20260328
BTS;Aliens;3704;-2265;0.088;20260328
Stray Kids;STAY;3444;-3572;0.036;20260328
Ella Langley;Be Her;3216;-45;0.151;20260328
Bad Bunny;DtMF;3184;1067;0.967;20260328
SB19;Toyfriend;3180;-825;0.007;20260328
BTS;they don’t know ’bout us;3135;-3108;0.091;20260328
David Guetta;Gone Gone Gone;3087;1238;0.922;20260328
Teddy Swims;Gone Gone Gone;3087;1238;0.922;20260328
Tones And I;Gone Gone Gone;3087;1238;0.922;20260328
Harry Styles;Aperture;2897;-306;0.519;20260328
Sia;Unstoppable;2883;152;7.502;20260328
Seals;Summer Breeze;2843;-235;0.021;20260328
Crofts;Summer Breeze;2843;-235;0.021;20260328
ROSALÍA;La Perla;2840;339;0.307;20260328
Yahritza Y Su Esencia;La Perla;2840;339;0.307;20260328
Tame Impala;Dracula;2795;532;0.163;20260328
Ac/Dc;Thunderstruck;2675;1221;3.988;20260328
BTS;One More Night;2669;-2485;0.078;20260328
Pietro Basile;Amore Mio;2628;-45;0.005;20260328
Lady Gaga;Always Remember Us This Way;2607;289;9.391;20260328
ROSALÍA;Berghain;2606;1483;0.553;20260328
Björk;Berghain;2606;1483;0.553;20260328
Yves Tumor;Berghain;2606;1483;0.553;20260328
BTS;Please;2567;-2365;0.081;20260328
Bella Kay;iloveitiloveitiloveit;2560;1626;0.035;20260328
SB19;Wakas;2537;-338;0.005;20260328
Gordo;Loco Loco;2479;337;0.068;20260328
Reinier Zonneveld;Loco Loco;2479;337;0.068;20260328
Muse;Be With You;2441;378;0.048;20260328
ROSÉ;APT.;2433;717;6.311;20260328
Bruno Mars;APT.;2433;717;6.311;20260328
Chappell Roan;Pink Pony Club;2394;1342;2.625;20260328
BTS;Into the Sun;2386;-2723;0.09;20260328
Teddy Swims;Lose Control;2373;1037;7.276;20260328
Bad Bunny;NUEVAYoL;2369;-283;0.772;20260328
HAVEN.;I Run;2366;244;0.391;20260328
Kaitlin Aragon;I Run;2366;244;0.391;20260328
BTS;Merry Go Round;2364;-1839;0.074;20260328
Peter Gregson;360;2284;-127;0.204;20260328
Luke Combs;Days Like These;2268;252;0.24;20260328
Eminem;Lose Yourself;2257;822;3.694;20260328
Luke Combs;Be By You;2203;457;0.149;20260328
Ella Langley;Loving Life Again;2147;-492;0.03;20260328
King Gnu;AIZO;2093;-42;0.146;20260328
Till Lindemann;Es brennt...;2041;-1174;0.005;20260328
SB19;Memories;2006;-330;0.004;20260328
The Killers;Mr. Brightside;2004;1356;1.63;20260328
SB19;Toyfriend;1982;-404;0.004;20260328
BE:FIRST;Toyfriend;1982;-404;0.004;20260328
SB19;Emoji;1976;-825;0.005;20260328
Kato;Turn the Lights Off;1954;-184;0.318;20260328
Jon;Turn the Lights Off;1954;-184;0.318;20260328
Ella Langley;you look like you love me;1947;797;1.092;20260328
Riley Green;you look like you love me;1947;797;1.092;20260328
Benson Boone;Beautiful Things;1915;377;7.088;20260328
milet;Trace;1910;1188;0.005;20260328
PinkPantheress;Stateside;1870;201;0.144;20260328
Zara Larsson;Midnight Sun;1859;594;0.119;20260328
Luke Combs;Sleepless in a Hotel Room;1831;525;0.265;20260328
JJ Lin;Careful with Fate;1829;360;0.029;20260328
GEMINI;Dangerous;1820;108;0.004;20260328
starly;Kavkaz;1814;183;0.021;20260328
Chiara Oliver;margaritas;1771;-662;0.004;20260328
BTS;No. 29;1762;-1414;0.06;20260328
Gravel;Do You Hear Me Lord;1747;703;0.022;20260328
Grace;Do You Hear Me Lord;1747;703;0.022;20260328
Dermot Kennedy;Funeral;1724;-423;0.11;20260328
Noah Kahan;The Great Divide;1689;52;0.126;20260328
sombr;back to friends;1682;737;0.551;20260328
SB19;Everblack;1679;-599;0.004;20260328
Christina Perri;A Thousand Years;1654;-262;8.207;20260328
Shaboozey;A Bar Song;1626;739;4.691;20260328
Bad Bunny;Tití Me Preguntó;1610;-154;0.799;20260328
Luke Bryan;Country And She Knows It;1609;667;0.003;20260328
Mrs. GREEN APPLE;lulu.;1606;362;0.129;20260328
HANA;Bad Girl;1600;-124;0.005;20260328
GIUSEPPE ROCCASALVO;PENSIERO STUPENDO;1584;1342;0.002;20260328
Michael Schulte;5am;1571;-232;0.03;20260328
Ella Langley;Dandelion;1568;156;0.11;20260328
Yami Safdie;Cuéntame;1558;-125;0.003;20260328
Alejandro Sanz;Cuéntame;1558;-125;0.003;20260328
Disturbed;The Sound of Silence;1545;-59;10.241;20260328
Brantley Gilbert;GOOD DAMN;1537;-2;0.003;20260328
SB19;VISA;1530;-467;0.023;20260328
ANOTR;Talk To You;1520;444;0.039;20260328
Ricky Martin;Vuelve;1511;-11;0.003;20260328
Los Ángeles Azules;Vuelve;1511;-11;0.003;20260328
TINI;Vuelve;1511;-11;0.003;20260328
Boney M.;Rasputin;1487;556;0.455;20260328
Miley Cyrus;The Climb;1487;588;0.344;20260328
Johannes Oerding;Wolken;1487;-132;0.03;20260328
Michael Patrick Kelly;Wolken;1487;-132;0.03;20260328
MAZZEL;Get Up And Dance;1486;445;0.009;20260328
Jennifer Lopez;Save Me Tonight;1480;-124;0.076;20260328
David Guetta;Save Me Tonight;1480;-124;0.076;20260328
Cody Simpson;Baby Blue;1473;-236;0.003;20260328
Kelly Boesch;Get Inside My Mind;1467;1467;0.001;20260328
Blasterjaxx;Narco;1460;1266;0.128;20260328
Timmy Trumpet;Narco;1460;1266;0.128;20260328
Lauren Daigle;Rescue;1460;186;0.255;20260328
Dave;Raindance;1450;-297;0.27;20260328
Tems;Raindance;1450;-297;0.27;20260328
Aiyana-Lee;Housebroken;1447;734;0.097;20260328
HWASA;Good Goodbye;1440;272;0.341;20260328
Mr.Children;Again;1422;81;0.089;20260328
RAYE;Nightingale Lane.;1415;-905;0.07;20260328
W&W;Rave From Outer Space;1402;165;0.02;20260328
Scooter;Rave From Outer Space;1402;165;0.02;20260328
ROIROM;DRESS CODE;1395;-113;0.006;20260328
ARASHI;Five;1390;-11;0.057;20260328
Christophe Maé;La lune;1386;-281;0.047;20260328
Nickelback;Bones for the Crows;1381;-749;0.038;20260328
Lola Young;Messy;1378;666;4.027;20260328
Radiohead;Creep;1361;376;1.824;20260328
milet;The Story of Us;1356;215;0.084;20260328
Journey;Don't Stop Believin';1349;-626;3.597;20260328
Ellie Goulding;Love Me Like You Do;1340;1183;9.182;20260328
Ed Sheeran;Sapphire;1328;156;2.046;20260328
Lady Gaga;Shallow;1310;741;12.843;20260328
Bradley Cooper;Shallow;1310;741;12.843;20260328
Aitana;SUPERESTRELLA;1294;118;0.168;20260328
熊田茜音&増井優花、名探偵プリキュア!;WHYMYSTERYANSWER;1290;-132;0.003;20260328
Bleu Soleil;Soleil Bleu;1283;400;0.581;20260328
LUIZA;Soleil Bleu;1283;400;0.581;20260328
Anita Ward;Ring My Bell;1276;218;0.138;20260328
Amel Bent;Pourquoi tu restes;1275;1275;0.075;20260328
XXXTENTACION;Moonlight;1272;-137;0.648;20260328
Sonny Fodera;Think About Us;1271;382;0.261;20260328
D.O.D;Think About Us;1271;382;0.261;20260328
Poppy Baskcomb;Think About Us;1271;382;0.261;20260328
Drake;NOKIA;1268;-403;1.799;20260328
Bonez MC;Vollmond;1265;-115;0.003;20260328
JUGGLERZ;Vollmond;1265;-115;0.003;20260328
Amy Shark;The Biggest Dick;1265;301;0.023;20260328
Knights;Secret Masquerade;1265;712;0.002;20260328
ENSEMBLE STARS!!;Secret Masquerade;1265;712;0.002;20260328
Myles Smith;Stargazing;1263;702;2.534;20260328
SB19;Emoji;1257;33;0.002;20260328
JOLIN;Emoji;1257;33;0.002;20260328
Fred De Palma;LA TESTA GIRA;1255;-319;0.003;20260328
Anitta;LA TESTA GIRA;1255;-319;0.003;20260328
Emis Killa;LA TESTA GIRA;1255;-319;0.003;20260328
Tears for Fears;Everybody Wants to Rule the World;1242;-806;0.999;20260328
Ragal Ironbull;VIKING VIBES;1242;-4;0.003;20260328
King;Waltz for Lily;1241;-209;0.012;20260328
Prince;Waltz for Lily;1241;-209;0.012;20260328
Oria;Soirée mondaine;1231;1231;0.001;20260328
SOOBIN;Rekindling Memories;1227;922;0.011;20260328
Joe Hermes;That Country High;1217;-321;0.006;20260328
石井あみ、名探偵プリキュア!;Hint in the heart Star Detective Precure;1217;1217;0.004;20260328
SB19;Emoji;1209;-807;0.003;20260328
JOLIN蔡依林;Emoji;1209;-807;0.003;20260328
Loïc Nottet;Mr/Mme;1209;1209;0.044;20260328
Sal da Vinci;Per sempre sì;1203;-297;0.102;20260328
Kenshi Yonezu;IRIS OUT;1203;10;0.324;20260328
Ricchi;Sarà perché ti amo;1179;18;1.482;20260328
Poveri;Sarà perché ti amo;1179;18;1.482;20260328
T.I.;LET 'EM KNOW;1177;156;0.098;20260328
Yisa Yu;清清如我(电视剧《逐玉》抒情主题曲);1175;83;0.008;20260328
M!LK;Sukisugite METSU;1170;-95;0.183;20260328
Myles Smith;Drive Safe;1166;11;0.129;20260328
Niall Horan;Drive Safe;1166;11;0.129;20260328
Mia Julia;Bonnie und Clyde;1161;-291;0.003;20260328
Sean Paul featuring Keyshia Cole;(When You Gonna) Give It Up to Me;1161;186;0.017;20260328
Miley Cyrus;Flowers;1155;71;7.569;20260328
The Beatles;Here Comes the Sun;1151;640;0.792;20260328
Guns N' Roses;Sweet Child o' Mine;1148;553;2.356;20260328
M!LK;Bakuretsu Aishiteru;1148;-93;0.061;20260328
Cameron Whitcomb;Kingdom of Fear;1147;583;0.002;20260328
KAT-TUN;Real Face;1127;2;0.011;20260328
Billie Eilish;BIRDS OF A FEATHER;1124;-308;5.776;20260328
Tom Odell;Another Love;1123;657;2.662;20260328
Lankum;Hunting The Wren;1114;-336;0.017;20260328
Grian Chatten;Hunting The Wren;1114;-336;0.017;20260328
Dire Straits;Sultans of Swing;1111;672;0.579;20260328
稲葉浩志;タッチ;1104;0;0.034;20260328
natori;Serenade;1103;101;0.053;20260328
Oscar and the Wolf;Losing My Religion;1099;361;0.002;20260328
GroßstadtEngel;Gute Laune;1083;-78;0.305;20260328
sumika;Honto;1083;119;0.044;20260328
RASELHITS;ALONE WITH MEMORIES;1082;684;0.01;20260328
Muse;Unravelling;1063;140;0.085;20260328
ZXKAI;NO BATIDÃO;1048;-245;0.104;20260328
slxughter;NO BATIDÃO;1048;-245;0.104;20260328
Jessie Ware;Automatic;1046;-1870;0.004;20260328
HARDY;McArthur;1044;495;0.067;20260328
Eric Church;McArthur;1044;495;0.067;20260328
Morgan Wallen;McArthur;1044;495;0.067;20260328
Tim McGraw;McArthur;1044;495;0.067;20260328
BLANCO;Ricordi;1033;-341;0.002;20260328
Elisa;Ricordi;1033;-341;0.002;20260328
Frenzy;Party an der Playa;1033;469;0.002;20260328
CubaAusLibre;Party an der Playa;1033;469;0.002;20260328
椎名 豪;柱結集～無限城への誘い;1023;-127;0.002;20260328
Hoshimachi Suisei;Prima Donna;1021;-127;0.009;20260328
Seals;Diamond Girl;1018;-295;0.004;20260328
Crofts;Diamond Girl;1018;-295;0.004;20260328
BTS;SWIM;23642;-13;0.251;20260329
RAYE;WHERE IS MY HUSBAND;13358;323;2.065;20260329
Eddie Dalton;Another Day Old;12831;-116;0.067;20260329
HUNTR/X;Golden;12603;-203;4.344;20260329
EJAE;Golden;12603;-203;4.344;20260329
AUDREY NUNA;Golden;12603;-203;4.344;20260329
REI AMI;Golden;12603;-203;4.344;20260329
KPop Demon Hunters Cast;Golden;12603;-203;4.344;20260329
Miley Cyrus;Younger You;12539;-3155;0.044;20260329
Eddie Dalton;Running To You;12526;-173;0.056;20260329
Bruno Mars;I Just Might;11772;633;1.161;20260329
Alex Warren;Ordinary;10769;1140;5.16;20260329
Taylor Swift;The Fate of Ophelia;10642;-872;2.883;20260329
Paul McCartney;Days We Left Behind;10618;-1773;0.037;20260329
BTS;Body to Body;10371;-1463;0.168;20260329
Eddie Dalton;Cheap Red Wine;9705;-1233;0.04;20260329
The Second Voice;LET ME BE;9695;279;0.188;20260329
Alex Warren;FEVER DREAM;9248;497;0.295;20260329
Taylor Swift;Opalite;8334;84;1.505;20260329
Olivia Dean;Man I Need;7732;-468;2.008;20260329
BTS;NORMAL;7401;-678;0.144;20260329
Owen James;When I Stand;7387;-271;0.174;20260329
Olivia Dean;So Easy;7336;290;1.104;20260329
Harry Styles;Sign of the Times;7131;2581;4.626;20260329
BTS;Like Animals;6714;44;0.137;20260329
Bebe Rexha;New Religion;6686;771;0.2;20260329
Faithless;New Religion;6686;771;0.2;20260329
mikeeysmind;Papaoutai;6437;-645;0.696;20260329
Chill77;Papaoutai;6437;-645;0.696;20260329
Unjaps;Papaoutai;6437;-645;0.696;20260329
Bruno Mars;Risk It All;6089;461;0.273;20260329
RAYE;Click Clack Symphony.;6057;138;0.078;20260329
Djo;End of Beginning;5935;-737;1.643;20260329
The Goo Goo Dolls;Iris;5799;487;1.803;20260329
Ella Langley;Choosin' Texas;5446;-928;0.738;20260329
Zara Larsson;Lush Life;5224;628;2.509;20260329
BTS;Hooligan;5196;-556;0.109;20260329
SIENNA SPIRO;Die On This Hill;4824;218;0.507;20260329
Lady Gaga;Die With A Smile;4757;831;7.264;20260329
Bruno Mars;Die With A Smile;4757;831;7.264;20260329
Harry Styles;American Girls;4757;-71;0.155;20260329
Tame Impala;Dracula;4642;-509;0.11;20260329
JENNIE;Dracula;4642;-509;0.11;20260329
sombr;Homewrecker;4616;875;0.2;20260329
BTS;FYA;4595;-1079;0.116;20260329
BTS;2.0;4477;-1438;0.096;20260329
Disney;Zoo;4358;352;0.371;20260329
Shakira;Zoo;4358;352;0.371;20260329
Shakira;Zoo;4356;585;0.53;20260329
HUGEL;Jamaican;4196;169;0.222;20260329
SOLTO (FR);Jamaican;4196;169;0.222;20260329
Sam Fender;Rein Me In;3984;127;0.396;20260329
Olivia Dean;Rein Me In;3984;127;0.396;20260329
sombr;12 to 12;3867;-1;0.985;20260329
Benson Boone;Beautiful Things;3762;1847;7.092;20260329
Sia;Unstoppable;3598;715;7.505;20260329
Ella Langley;Be Her;3529;313;0.154;20260329
Lady Gaga;Always Remember Us This Way;3237;630;9.394;20260329
BTS;Aliens;3110;-594;0.091;20260329
Gordo;Loco Loco;3003;524;0.071;20260329
Reinier Zonneveld;Loco Loco;3003;524;0.071;20260329
GIUSEPPE ROCCASALVO;PENSIERO STUPENDO;2962;1378;0.005;20260329
Ac/Dc;Thunderstruck;2848;173;3.99;20260329
David Guetta;Gone Gone Gone;2835;-252;0.925;20260329
Teddy Swims;Gone Gone Gone;2835;-252;0.925;20260329
Tones And I;Gone Gone Gone;2835;-252;0.925;20260329
Harry Styles;Aperture;2810;-87;0.521;20260329
Chappell Roan;Pink Pony Club;2808;414;2.628;20260329
BTS;One More Night;2773;104;0.081;20260329
Christina Perri;A Thousand Years;2732;1078;8.21;20260329
HAVEN.;I Run;2675;309;0.393;20260329
Kaitlin Aragon;I Run;2675;309;0.393;20260329
Peter Gregson;360;2663;379;0.206;20260329
Bad Bunny;DtMF;2624;-560;0.97;20260329
Cameron Whitcomb;Kingdom of Fear;2592;1445;0.004;20260329
ROSÉ;APT.;2572;139;6.314;20260329
Bruno Mars;APT.;2572;139;6.314;20260329
Tame Impala;Dracula;2499;-296;0.165;20260329
Blasterjaxx;Narco;2456;996;0.13;20260329
Timmy Trumpet;Narco;2456;996;0.13;20260329
PinkPantheress;Stateside;2448;578;0.147;20260329
Teddy Swims;Lose Control;2446;73;7.278;20260329
Pietro Basile;Amore Mio;2428;-200;0.008;20260329
Bad Bunny;NUEVAYoL;2267;-102;0.774;20260329
TAEMIN;Long Way Home;2263;-1931;0.014;20260329
JJ Lin;Careful with Fate;2229;400;0.031;20260329
Eminem;Lose Yourself;2208;-49;3.696;20260329
Neil Diamond;Sweet Caroline;2186;1251;1.402;20260329
ROSALÍA;Berghain;2182;-424;0.555;20260329
Björk;Berghain;2182;-424;0.555;20260329
Yves Tumor;Berghain;2182;-424;0.555;20260329
Luke Combs;Be By You;2174;-29;0.151;20260329
King Gnu;AIZO;2169;76;0.148;20260329
Bella Kay;iloveitiloveitiloveit;2168;-392;0.037;20260329
BTS;Please;2166;-401;0.083;20260329
BTS;they don’t know ’bout us;2123;-1012;0.093;20260329
ROSALÍA;La Perla;2093;-747;0.309;20260329
Yahritza Y Su Esencia;La Perla;2093;-747;0.309;20260329
ANOTR;Talk To You;1959;439;0.041;20260329
SB19;Toyfriend;1934;-48;0.006;20260329
BE:FIRST;Toyfriend;1934;-48;0.006;20260329
TAEYONG;Bitter Sweet;1902;1902;0.002;20260329
HAECHAN;Bitter Sweet;1902;1902;0.002;20260329
Dave;Raindance;1887;437;0.272;20260329
Tems;Raindance;1887;437;0.272;20260329
Mrs. GREEN APPLE;lulu.;1876;270;0.131;20260329
By the Beat;Double Vision;1871;1871;0.002;20260329
BTS;Merry Go Round;1868;-496;0.076;20260329
starly;Kavkaz;1856;42;0.023;20260329
Kato;Turn the Lights Off;1856;-98;0.32;20260329
Jon;Turn the Lights Off;1856;-98;0.32;20260329
Luke Combs;Days Like These;1844;-424;0.242;20260329
Zhang Zi Ning;一念(电视剧《逐玉》插曲);1813;1813;0.002;20260329
Rex;一念(电视剧《逐玉》插曲);1813;1813;0.002;20260329
Gravel;Do You Hear Me Lord;1761;14;0.024;20260329
Grace;Do You Hear Me Lord;1761;14;0.024;20260329
Yami Safdie;Cuéntame;1756;198;0.005;20260329
Alejandro Sanz;Cuéntame;1756;198;0.005;20260329
Boney M.;Rasputin;1756;269;0.457;20260329
Luke Combs;Sleepless in a Hotel Room;1741;-90;0.267;20260329
Journey;Don't Stop Believin';1737;388;3.599;20260329
milet;Trace;1735;-175;0.006;20260329
Ella Langley;Loving Life Again;1729;-418;0.031;20260329
Ella Langley;you look like you love me;1726;-221;1.094;20260329
Riley Green;you look like you love me;1726;-221;1.094;20260329
Seals;Summer Breeze;1715;-1128;0.022;20260329
Crofts;Summer Breeze;1715;-1128;0.022;20260329
Bruce Springsteen;Streets of Minneapolis;1713;1713;0.186;20260329
Kelly Boesch;Get Inside My Mind;1675;208;0.003;20260329
sombr;back to friends;1655;-27;0.553;20260329
XXXTENTACION;Moonlight;1613;341;0.649;20260329
HANA;Bad Girl;1600;0;0.006;20260329
BTS;Into the Sun;1587;-799;0.092;20260329
Mr.Children;Again;1568;146;0.091;20260329
Ed Sheeran;Sapphire;1562;234;2.048;20260329
RAYE;Nightingale Lane.;1558;143;0.072;20260329
Noah Kahan;The Great Divide;1531;-158;0.127;20260329
Zara Larsson;Midnight Sun;1526;-333;0.121;20260329
Lola Young;Messy;1519;141;4.029;20260329
Alex Warren;Carry You Home;1506;1017;1.073;20260329
Shaboozey;A Bar Song;1484;-142;4.693;20260329
Metallica;Nothing Else Matters;1478;803;4.456;20260329
Kanye West;FATHER;1478;1478;0.001;20260329
Travis Scott;FATHER;1478;1478;0.001;20260329
Stray Kids;STAY;1478;-1966;0.037;20260329
張碧晨;眾里尋他千百度(電視劇《逐玉》愛情主題曲);1469;1469;0.004;20260329
ROIROM;DRESS CODE;1450;55;0.008;20260329
King;Waltz for Lily;1445;204;0.013;20260329
Prince;Waltz for Lily;1445;204;0.013;20260329
Myles Smith;Drive Safe;1442;276;0.13;20260329
Niall Horan;Drive Safe;1442;276;0.13;20260329
Ella Langley;Dandelion;1439;-129;0.111;20260329
Aiyana-Lee;Housebroken;1427;-20;0.098;20260329
Billie Eilish;BIRDS OF A FEATHER;1401;277;5.778;20260329
Johannes Oerding;Wolken;1399;-88;0.031;20260329
Michael Patrick Kelly;Wolken;1399;-88;0.031;20260329
Charlie Puth;Home;1397;537;0.006;20260329
Hikaru Utada;Home;1397;537;0.006;20260329
ARASHI;Five;1368;-22;0.058;20260329
Ricky Martin;Vuelve;1353;-158;0.004;20260329
Los Ángeles Azules;Vuelve;1353;-158;0.004;20260329
TINI;Vuelve;1353;-158;0.004;20260329
TRAP MAFIA HOUSE;Mafia Style;1337;397;0.085;20260329
Amy Shark;The Biggest Dick;1315;50;0.024;20260329
熊田茜音&増井優花、名探偵プリキュア!;なぜ謎ANSWER;1304;1304;0.004;20260329
Ruby Black;Todavía Respiro;1302;526;0.009;20260329
Dermot Kennedy;Funeral;1267;-457;0.111;20260329
MAZZEL;Get Up And Dance;1265;-221;0.011;20260329
Bad Bunny;Tití Me Preguntó;1264;-346;0.8;20260329
SB19;Wakas;1258;-1279;0.007;20260329
T.I.;LET 'EM KNOW;1255;78;0.099;20260329
W&W;Rave From Outer Space;1250;-152;0.021;20260329
Scooter;Rave From Outer Space;1250;-152;0.021;20260329
The Cranberries;Dreams;1249;242;0.865;20260329
Yisa Yu;清清如我(电视剧《逐玉》抒情主题曲);1245;70;0.009;20260329
Kenshi Yonezu;IRIS OUT;1244;41;0.325;20260329
石井あみ、名探偵プリキュア!;Hint in the heart Star Detective Precure;1241;24;0.006;20260329
Ed Sheeran;Perfect;1233;784;15.668;20260329
Mason Crow;Barely Breathe;1219;384;0.002;20260329
Charlie Puth;Attention;1217;1055;3.726;20260329
M!LK;Sukisugite METSU;1217;47;0.184;20260329
Saja Boys;Soda Pop;1215;544;1.838;20260329
Andrew Choi;Soda Pop;1215;544;1.838;20260329
Neckwav;Soda Pop;1215;544;1.838;20260329
Danny Chung;Soda Pop;1215;544;1.838;20260329
Kevin Woo;Soda Pop;1215;544;1.838;20260329
samUIL Lee;Soda Pop;1215;544;1.838;20260329
KPop Demon Hunters Cast;Soda Pop;1215;544;1.838;20260329
Loreen;Tattoo;1209;948;2.317;20260329
Aitana;SUPERESTRELLA;1208;-86;0.169;20260329
Hoshimachi Suisei;Prima Donna;1194;173;0.01;20260329
M!LK;Bakuretsu Aishiteru;1193;45;0.062;20260329
Ricchi;Sarà perché ti amo;1189;10;1.483;20260329
Poveri;Sarà perché ti amo;1189;10;1.483;20260329
John Farnham;You're the Voice;1187;1187;0.446;20260329
Lauren Daigle;Rescue;1186;-274;0.257;20260329
HWASA;Good Goodbye;1178;-262;0.342;20260329
Brantley Gilbert;GOOD DAMN;1177;-360;0.004;20260329
sumika;Honto;1170;87;0.045;20260329
Imagine Dragons;Believer;1168;906;8.741;20260329
Amel Bent;Pourquoi tu restes;1166;-109;0.076;20260329
SB19;Emoji;1144;-65;0.004;20260329
JOLIN蔡依林;Emoji;1144;-65;0.004;20260329
GEMINI;Dangerous;1134;-686;0.005;20260329
Disturbed;The Sound of Silence;1130;-415;10.242;20260329
Tears for Fears;Everybody Wants to Rule the World;1121;-121;1.001;20260329
Prince;Purple Rain;1104;1059;0.667;20260329
The Revolution;Purple Rain;1104;1059;0.667;20260329
Coldplay;Viva la Vida;1103;349;6.941;20260329
Angèle;What You Want;1102;185;0.04;20260329
Justice;What You Want;1102;185;0.04;20260329
Muse;Be With You;1097;-1344;0.05;20260329
milet;The Story of Us;1096;-260;0.085;20260329
Aina The End;On The Way;1094;94;0.33;20260329
Die Toten Hosen;Die Show muss weitergehen;1083;132;0.031;20260329
稲葉浩志;タッチ;1083;-21;0.035;20260329
Nickelback;Bones for the Crows;1080;-301;0.039;20260329
Sonny Fodera;Think About Us;1075;-196;0.262;20260329
D.O.D;Think About Us;1075;-196;0.262;20260329
Poppy Baskcomb;Think About Us;1075;-196;0.262;20260329
Sean Paul featuring Keyshia Cole;(When You Gonna) Give It Up to Me;1074;-87;0.018;20260329
Miley Cyrus;Flowers;1074;-81;7.57;20260329
Sal da Vinci;Per sempre sì;1070;-133;0.103;20260329
Drake;NOKIA;1062;-206;1.8;20260329
Fujii Kaze;Michi Teyu Ku;1062;98;0.354;20260329
The Killers;Mr. Brightside;1054;-950;1.631;20260329
Ragal Ironbull;VIKING VIBES;1054;-188;0.004;20260329
SB19;Memories;1050;-956;0.005;20260329
Metallica;Enter Sandman;1049;48;1.601;20260329
Loïc Nottet;Mr/Mme;1047;-162;0.045;20260329
HARDY;McArthur;1046;2;0.068;20260329
Eric Church;McArthur;1046;2;0.068;20260329
Morgan Wallen;McArthur;1046;2;0.068;20260329
Tim McGraw;McArthur;1046;2;0.068;20260329
Kaguya(cv.Yuko Natsuyoshi);Ray;1041;96;0.045;20260329
Yachiyo Runami(cv.Saori Hayami);Ray;1041;96;0.045;20260329
Achille Lauro;In Viaggio Verso Il Paradiso;1040;94;0.011;20260329
Annalisa;Canzone Estiva;1036;94;0.017;20260329
ditonellapiaga;Che fastidio;1024;340;0.037;20260329
Johannes Oerding;Mehr Glück als Verstand;1021;38;0.029;20260329
Hearts2Hearts;RUDE;1018;243;0.06;20260329
SOOBIN;Rekindling Memories;1017;-210;0.012;20260329
Lankum;Hunting The Wren;1014;-100;0.018;20260329
Grian Chatten;Hunting The Wren;1014;-100;0.018;20260329
Céline Dion;The Power of Love;1014;991;0.144;20260329
RAYE;Joy.;1006;380;0.002;20260329
なとり;セレナーデ;1006;1006;0.006;20260329
Knights;Secret Masquerade;1002;-263;0.003;20260329
ENSEMBLE STARS!!;Secret Masquerade;1002;-263;0.003;20260329
Flemming;Niet Nodig;1002;394;0.074;20260329
Metejoor;Niet Nodig;1002;394;0.074;20260329
Jennifer Lopez;Save Me Tonight;1001;-479;0.077;20260329
David Guetta;Save Me Tonight;1001;-479;0.077;20260329
ZAYN;Sideways;985;-4192;0.015;20260329
GroßstadtEngel;Gute Laune;983;-100;0.306;20260329
Layah Noir;Que Hablen de Mí;976;784;0.022;20260329
U2;With or Without You;972;701;0.975;20260329
Alex Warren;Bloodline;966;453;0.328;20260329
Jelly Roll;Bloodline;966;453;0.328;20260329
BTS;SWIM;22427;-1215;0.274;20260330
RAYE;WHERE IS MY HUSBAND;12845;-513;2.078;20260330
Eddie Dalton;Another Day Old;12493;-338;0.08;20260330
HUNTR/X;Golden;12387;-216;4.357;20260330
EJAE;Golden;12387;-216;4.357;20260330
AUDREY NUNA;Golden;12387;-216;4.357;20260330
REI AMI;Golden;12387;-216;4.357;20260330
KPop Demon Hunters Cast;Golden;12387;-216;4.357;20260330
Eddie Dalton;Running To You;12324;-202;0.068;20260330
Bruno Mars;I Just Might;10424;-1348;1.172;20260330
Taylor Swift;The Fate of Ophelia;10337;-305;2.893;20260330
The Second Voice;LET ME BE;9901;206;0.198;20260330
Miley Cyrus;Younger You;9867;-2672;0.054;20260330
Alex Warren;Ordinary;9853;-916;5.17;20260330
Alex Warren;FEVER DREAM;9761;513;0.305;20260330
BTS;Body to Body;9465;-906;0.178;20260330
Eddie Dalton;Cheap Red Wine;9452;-253;0.05;20260330
Paul McCartney;Days We Left Behind;9436;-1182;0.047;20260330
Harry Styles;Sign of the Times;8504;1373;4.634;20260330
Olivia Dean;Man I Need;8410;678;2.017;20260330
Olivia Dean;So Easy;8273;937;1.113;20260330
Owen James;When I Stand;7854;467;0.182;20260330
Taylor Swift;Opalite;7514;-820;1.512;20260330
BTS;NORMAL;7139;-262;0.151;20260330
Bruno Mars;Risk It All;7000;911;0.28;20260330
Djo;End of Beginning;6993;1058;1.65;20260330
BTS;Like Animals;6431;-283;0.143;20260330
Zara Larsson;Lush Life;6327;1103;2.515;20260330
Ella Langley;Choosin' Texas;6320;874;0.745;20260330
Bebe Rexha;New Religion;5929;-757;0.206;20260330
Faithless;New Religion;5929;-757;0.206;20260330
mikeeysmind;Papaoutai;5926;-511;0.702;20260330
Chill77;Papaoutai;5926;-511;0.702;20260330
Unjaps;Papaoutai;5926;-511;0.702;20260330
Tame Impala;Dracula;5915;1273;0.116;20260330
JENNIE;Dracula;5915;1273;0.116;20260330
RAYE;Click Clack Symphony.;5642;-415;0.083;20260330
Harry Styles;American Girls;5080;323;0.16;20260330
The Goo Goo Dolls;Iris;5023;-776;1.808;20260330
sombr;Homewrecker;5014;398;0.205;20260330
SIENNA SPIRO;Die On This Hill;4700;-124;0.511;20260330
BTS;FYA;4644;49;0.121;20260330
Aiyana-Lee;Housebroken;4607;3180;0.103;20260330
BTS;2.0;4580;103;0.1;20260330
Lady Gaga;Die With A Smile;4440;-317;7.269;20260330
Bruno Mars;Die With A Smile;4440;-317;7.269;20260330
Sam Fender;Rein Me In;4314;330;0.4;20260330
Olivia Dean;Rein Me In;4314;330;0.4;20260330
BTS;Hooligan;4209;-987;0.113;20260330
HUGEL;Jamaican;3939;-257;0.226;20260330
SOLTO (FR);Jamaican;3939;-257;0.226;20260330
sombr;12 to 12;3865;-2;0.988;20260330
Benson Boone;Beautiful Things;3793;31;7.096;20260330
Harry Styles;Aperture;3629;819;0.525;20260330
Disney;Zoo;3470;-888;0.374;20260330
Shakira;Zoo;3470;-888;0.374;20260330
Shakira;Zoo;3206;-1150;0.533;20260330
Dave;Raindance;3190;1303;0.275;20260330
Tems;Raindance;3190;1303;0.275;20260330
Tame Impala;Dracula;3182;683;0.169;20260330
Ella Langley;Be Her;3126;-403;0.157;20260330
Zhang Zi Ning;一念(电视剧《逐玉》插曲);2970;1157;0.005;20260330
Rex;一念(电视剧《逐玉》插曲);2970;1157;0.005;20260330
Bad Bunny;DtMF;2945;321;0.973;20260330
Cameron Whitcomb;Kingdom of Fear;2855;263;0.007;20260330
Kanye West;FATHER;2797;1319;0.004;20260330
Travis Scott;FATHER;2797;1319;0.004;20260330
PinkPantheress;Stateside;2734;286;0.149;20260330
BTS;One More Night;2732;-41;0.083;20260330
GIUSEPPE ROCCASALVO;PENSIERO STUPENDO;2648;-314;0.007;20260330
Lady Gaga;Always Remember Us This Way;2638;-599;9.396;20260330
Gordo;Loco Loco;2562;-441;0.073;20260330
Reinier Zonneveld;Loco Loco;2562;-441;0.073;20260330
IRENE;Biggest Fan;2514;2514;0.003;20260330
Sia;Unstoppable;2493;-1105;7.508;20260330
JJ Lin;Careful with Fate;2437;208;0.034;20260330
Chappell Roan;Pink Pony Club;2425;-383;2.63;20260330
BTS;Aliens;2366;-744;0.093;20260330
Peter Gregson;360;2337;-326;0.209;20260330
ANOTR;Talk To You;2293;334;0.043;20260330
Bella Kay;iloveitiloveitiloveit;2269;101;0.04;20260330
ROSALÍA;Berghain;2216;34;0.558;20260330
Björk;Berghain;2216;34;0.558;20260330
Yves Tumor;Berghain;2216;34;0.558;20260330
Ed Sheeran;Sapphire;2146;584;2.05;20260330
Luke Combs;Be By You;2106;-68;0.153;20260330
King Gnu;AIZO;2089;-80;0.15;20260330
Ac/Dc;Thunderstruck;2080;-768;3.992;20260330
Pietro Basile;Amore Mio;2059;-369;0.01;20260330
Ella Langley;you look like you love me;2046;320;1.096;20260330
Riley Green;you look like you love me;2046;320;1.096;20260330
JO1;EIEN;2043;2043;0.002;20260330
HAVEN.;I Run;2032;-643;0.395;20260330
Kaitlin Aragon;I Run;2032;-643;0.395;20260330
Teddy Swims;Lose Control;2020;-426;7.28;20260330
BTS;Please;1991;-175;0.085;20260330
BTS;they don’t know ’bout us;1983;-140;0.095;20260330
Dax;God, Can You Hear Me;1975;1193;0.003;20260330
Blasterjaxx;Narco;1965;-491;0.132;20260330
Timmy Trumpet;Narco;1965;-491;0.132;20260330
Zara Larsson;Midnight Sun;1938;412;0.122;20260330
Dermot Kennedy;Funeral;1890;623;0.113;20260330
XXXTENTACION;Moonlight;1886;273;0.651;20260330
David Guetta;Gone Gone Gone;1881;-954;0.927;20260330
Teddy Swims;Gone Gone Gone;1881;-954;0.927;20260330
Tones And I;Gone Gone Gone;1881;-954;0.927;20260330
TAEYONG;Bitter Sweet;1859;-43;0.004;20260330
HAECHAN;Bitter Sweet;1859;-43;0.004;20260330
Luke Combs;Sleepless in a Hotel Room;1777;36;0.268;20260330
ZXKAI;NO BATIDÃO;1776;874;0.107;20260330
slxughter;NO BATIDÃO;1776;874;0.107;20260330
ROSALÍA;La Perla;1758;-335;0.311;20260330
Yahritza Y Su Esencia;La Perla;1758;-335;0.311;20260330
Luke Combs;Days Like These;1751;-93;0.244;20260330
starly;Kavkaz;1738;-118;0.024;20260330
OFFICIAL HIGE DANDISM;Elderflower;1638;1638;0.002;20260330
ROSÉ;APT.;1612;-960;6.315;20260330
Bruno Mars;APT.;1612;-960;6.315;20260330
Boney M.;Rasputin;1611;-145;0.458;20260330
Kanye West;ALL THE LOVE;1601;770;0.002;20260330
Andre Troutman;ALL THE LOVE;1601;770;0.002;20260330
STARGLOW;USOTSUKI;1600;1600;0.002;20260330
Johannes Oerding;Wolken;1592;193;0.033;20260330
Michael Patrick Kelly;Wolken;1592;193;0.033;20260330
Noah Kahan;The Great Divide;1589;58;0.129;20260330
Sarah Connor;Interstellar;1565;1253;0.032;20260330
Sido;Interstellar;1565;1253;0.032;20260330
Eminem;Lose Yourself;1552;-656;3.698;20260330
Anita Ward;Ring My Bell;1552;809;0.141;20260330
Mrs. GREEN APPLE;lulu.;1550;-326;0.132;20260330
Aitana;SUPERESTRELLA;1538;330;0.171;20260330
Journey;Don't Stop Believin';1516;-221;3.6;20260330
Lola Young;Messy;1510;-9;4.03;20260330
Mr.Children;Again;1508;-60;0.092;20260330
milet;Trace;1503;-232;0.008;20260330
HANA;Bad Girl;1479;-121;0.008;20260330
Milky;Just the Way You Are;1472;629;0.033;20260330
BTS;No. 29;1432;561;0.062;20260330
EXILE;24karats GOLD LEGACY;1422;1422;0.001;20260330
BTS;Into the Sun;1421;-166;0.093;20260330
Billie Eilish;BIRDS OF A FEATHER;1405;4;5.779;20260330
Ella Langley;Loving Life Again;1403;-326;0.033;20260330
TRAP MAFIA HOUSE;Mafia Style;1398;61;0.087;20260330
Drake;NOKIA;1395;333;1.802;20260330
GEMINI;Dangerous;1376;242;0.006;20260330
Dylan Wright;THOSE NIGHTS;1368;1368;0.001;20260330
Diamond Zhang;众里寻他千百度(电视剧《逐玉》爱情主题曲);1365;1365;0.005;20260330
Bruce Springsteen;Streets of Minneapolis;1365;-348;0.187;20260330
Kato;Turn the Lights Off;1354;-502;0.321;20260330
Jon;Turn the Lights Off;1354;-502;0.321;20260330
Loïc Nottet;Mr/Mme;1350;303;0.047;20260330
The Naughty Jukebox;Giddy Up;1348;424;0.017;20260330
SB19;Toyfriend;1345;-589;0.008;20260330
BE:FIRST;Toyfriend;1345;-589;0.008;20260330
Ati242;Her Nerdeysen;1344;552;0.507;20260330
ARASHI;Five;1341;-27;0.06;20260330
Yami Safdie;Cuéntame;1341;-415;0.006;20260330
Alejandro Sanz;Cuéntame;1341;-415;0.006;20260330
Survivor;Eye of the Tiger;1336;804;2.42;20260330
Christina Perri;A Thousand Years;1334;-1398;8.211;20260330
Jahin Music;Your Phone Linging;1331;969;0.295;20260330
Arctic Monkeys;Do I Wanna Know;1330;1050;1.37;20260330
Michael Schulte;5am;1327;513;0.032;20260330
Lankum;Hunting The Wren;1307;293;0.019;20260330
Grian Chatten;Hunting The Wren;1307;293;0.019;20260330
Yisa Yu;清清如我(电视剧《逐玉》抒情主题曲);1301;56;0.01;20260330
M!LK;Bakuretsu Aishiteru;1290;97;0.064;20260330
Stevie Wonder;Happy Birthday;1267;1142;1.98;20260330
M!LK;Sukisugite METSU;1265;48;0.185;20260330
Kenshi Yonezu;IRIS OUT;1244;0;0.326;20260330
Miley Cyrus;Flowers;1243;169;7.571;20260330
T.I.;LET 'EM KNOW;1241;-14;0.1;20260330
HARLAN;Somebody To Love;1241;1241;0.001;20260330
sombr;back to friends;1219;-436;0.554;20260330
Amy Shark;The Biggest Dick;1217;-98;0.026;20260330
熊田茜音&増井優花、名探偵プリキュア!;WHYMYSTERYANSWER;1217;1217;0.004;20260330
Charlie Puth;Attention;1216;-1;3.727;20260330
Christophe Maé;La lune;1208;542;0.049;20260330
BTS;Merry Go Round;1204;-664;0.077;20260330
Sonny Fodera;Think About Us;1201;126;0.264;20260330
D.O.D;Think About Us;1201;126;0.264;20260330
Poppy Baskcomb;Think About Us;1201;126;0.264;20260330
石井あみ、名探偵プリキュア!;Hint in the heart Star Detective Precure;1193;-48;0.007;20260330
Hearts2Hearts;RUDE;1190;172;0.061;20260330
Kelly Boesch;Get Inside My Mind;1187;-488;0.004;20260330
Draugr Balled;The call of Druagr;1187;1010;0.001;20260330
The Cranberries;Zombie;1181;226;1.79;20260330
Shaboozey;A Bar Song;1180;-304;4.694;20260330
Ruby Black;Todavía Respiro;1173;-129;0.01;20260330
Sean Paul featuring Keyshia Cole;(When You Gonna) Give It Up to Me;1170;96;0.019;20260330
King;Waltz for Lily;1170;-275;0.014;20260330
Prince;Waltz for Lily;1170;-275;0.014;20260330
Muse;Be With You;1165;68;0.051;20260330
Fujii Kaze;Michi Teyu Ku;1148;86;0.355;20260330
Olivia Dean;Nice To Each Other;1136;596;0.483;20260330
Charlotte Cardin;The Way We Touch;1136;204;0.024;20260330
Myles Smith;Drive Safe;1123;-319;0.131;20260330
Niall Horan;Drive Safe;1123;-319;0.131;20260330
Metallica;Enter Sandman;1121;72;1.602;20260330
Coldplay;A Sky Full of Stars;1114;403;11.241;20260330
milet;The Story of Us;1106;10;0.086;20260330
ROIROM;DRESS CODE;1104;-346;0.009;20260330
By the Beat;Double Vision;1087;-784;0.003;20260330
sumika;Honto;1083;-87;0.046;20260330
Holly Humberstone;To Love Somebody;1078;255;0.027;20260330
Ella Langley;Dandelion;1077;-362;0.112;20260330
Good Vibes Tribe 11:11;I'm Not What Happened To Me;1061;429;0.165;20260330
Bad Bunny;Tití Me Preguntó;1059;-205;0.801;20260330
Alex Warren;Carry You Home;1058;-448;1.075;20260330
Fleetwood Mac;Dreams;1050;450;1.495;20260330
Seals;Summer Breeze;1047;-668;0.023;20260330
Crofts;Summer Breeze;1047;-668;0.023;20260330
AC/DC;Highway to Hell;1045;424;1.913;20260330
Jacinta Guirguis;The Power Of Love;1041;1041;0.001;20260330
MAZZEL;Get Up And Dance;1041;-224;0.012;20260330
Aina The End;On The Way;1041;-53;0.331;20260330
HARDY;McArthur;1040;-6;0.069;20260330
Eric Church;McArthur;1040;-6;0.069;20260330
Morgan Wallen;McArthur;1040;-6;0.069;20260330
Tim McGraw;McArthur;1040;-6;0.069;20260330
Kygo;Save My Love;1037;131;0.047;20260330
Khalid;Save My Love;1037;131;0.047;20260330
Gryffin;Save My Love;1037;131;0.047;20260330
Bad Bunny;NUEVAYoL;1034;-1233;0.775;20260330
Radiohead;Creep;1032;367;1.826;20260330
W&W;Rave From Outer Space;1018;-232;0.022;20260330
Scooter;Rave From Outer Space;1018;-232;0.022;20260330
Gravel;Do You Hear Me Lord;1018;-743;0.025;20260330
Grace;Do You Hear Me Lord;1018;-743;0.025;20260330
Coldplay;Viva la Vida;1015;-88;6.942;20260330
Sabrina Carpenter;Manchild;1011;654;0.829;20260330
Tears for Fears;Everybody Wants to Rule the World;1005;-116;1.002;20260330
The Killers;Mr. Brightside;1004;-50;1.632;20260330
Lauren Daigle;Rescue;1004;-182;0.258;20260330
Johannes Oerding;Mehr Glück als Verstand;1002;-19;0.03;20260330
HARLAN;A Touch Of Paradise;1002;1002;0.002;20260330
Hoshimachi Suisei;Prima Donna;1002;-192;0.011;20260330
Dido;Here With Me;997;192;0.074;20260330
Angèle;What You Want;995;-107;0.041;20260330
Justice;What You Want;995;-107;0.041;20260330
Ricky Martin;Vuelve;987;-366;0.005;20260330
Los Ángeles Azules;Vuelve;987;-366;0.005;20260330
TINI;Vuelve;987;-366;0.005;20260330
稲葉浩志;タッチ;983;-100;0.036;20260330
Hakui Koyori;KANSEITOUYORI;981;106;0.002;20260330
RAYE;Nightingale Lane.;981;-577;0.073;20260330
Neil Diamond;Sweet Caroline;970;-1216;1.403;20260330
Elton John;Cold Heart;967;271;7.972;20260330
Dua Lipa;Cold Heart;967;271;7.972;20260330
Kaguya(cv.Yuko Natsuyoshi);Ray;964;-77;0.046;20260330
Yachiyo Runami(cv.Saori Hayami);Ray;964;-77;0.046;20260330
BTS;SWIM;21182;-1245;0.295;20260331
BTS;SWIM with Jin;13585;13585;0.014;20260331
Eddie Dalton;Another Day Old;13525;1032;0.093;20260331
BTS;SWIM with V;12991;12991;0.013;20260331
RAYE;WHERE IS MY HUSBAND;12593;-252;2.091;20260331
BTS;SWIM with Jung Kook;12046;12046;0.012;20260331
BTS;SWIM with Jimin;11915;11915;0.012;20260331
HUNTR/X;Golden;11872;-515;4.368;20260331
EJAE;Golden;11872;-515;4.368;20260331
AUDREY NUNA;Golden;11872;-515;4.368;20260331
REI AMI;Golden;11872;-515;4.368;20260331
KPop Demon Hunters Cast;Golden;11872;-515;4.368;20260331
Eddie Dalton;Running To You;11613;-711;0.08;20260331
Taylor Swift;The Fate of Ophelia;11154;817;2.905;20260331
BTS;SWIM with SUGA;11088;11088;0.011;20260331
BTS;SWIM with RM;10929;10929;0.011;20260331
BTS;SWIM with j-hope;10758;10758;0.011;20260331
Bruno Mars;I Just Might;10263;-161;1.182;20260331
Eddie Dalton;Cheap Red Wine;9797;345;0.06;20260331
Alex Warren;Ordinary;9312;-541;5.179;20260331
BTS;Body to Body;9260;-205;0.187;20260331
Alex Warren;FEVER DREAM;8666;-1095;0.314;20260331
The Second Voice;LET ME BE;8591;-1310;0.207;20260331
Olivia Dean;Man I Need;8327;-83;2.025;20260331
Taylor Swift;Opalite;7642;128;1.52;20260331
Olivia Dean;So Easy;7083;-1190;1.12;20260331
Harry Styles;Sign of the Times;7018;-1486;4.641;20260331
Paul McCartney;Days We Left Behind;6787;-2649;0.053;20260331
Bruno Mars;Risk It All;6520;-480;0.286;20260331
Owen James;When I Stand;6449;-1405;0.188;20260331
mikeeysmind;Papaoutai;6382;456;0.708;20260331
Chill77;Papaoutai;6382;456;0.708;20260331
Unjaps;Papaoutai;6382;456;0.708;20260331
Miley Cyrus;Younger You;6343;-3524;0.061;20260331
Bebe Rexha;New Religion;6160;231;0.212;20260331
Faithless;New Religion;6160;231;0.212;20260331
Eddie Dalton;Stay a Little Longer;6080;6080;0.006;20260331
BTS;NORMAL;5990;-1149;0.157;20260331
Ella Langley;Choosin' Texas;5759;-561;0.75;20260331
RAYE;Click Clack Symphony.;5738;96;0.089;20260331
Tame Impala;Dracula;5282;-633;0.121;20260331
JENNIE;Dracula;5282;-633;0.121;20260331
BTS;2.0;5114;534;0.105;20260331
Djo;End of Beginning;5103;-1890;1.655;20260331
BTS;Like Animals;4942;-1489;0.148;20260331
The Goo Goo Dolls;Iris;4852;-171;1.813;20260331
SIENNA SPIRO;Die On This Hill;4760;60;0.516;20260331
Harry Styles;American Girls;4305;-775;0.164;20260331
Zara Larsson;Lush Life;4286;-2041;2.52;20260331
BTS;Hooligan;4250;41;0.117;20260331
Sam Fender;Rein Me In;4195;-119;0.405;20260331
Olivia Dean;Rein Me In;4195;-119;0.405;20260331
Disney;Zoo;3862;392;0.378;20260331
Shakira;Zoo;3862;392;0.378;20260331
BTS;FYA;3832;-812;0.125;20260331
sombr;Homewrecker;3830;-1184;0.209;20260331
Lady Gaga;Always Remember Us This Way;3663;1025;9.4;20260331
sombr;12 to 12;3526;-339;0.992;20260331
Lady Gaga;Die With A Smile;3217;-1223;7.272;20260331
Bruno Mars;Die With A Smile;3217;-1223;7.272;20260331
BTS;they don’t know ’bout us;3179;1196;0.098;20260331
Harry Styles;Aperture;3166;-463;0.528;20260331
Benson Boone;Beautiful Things;3000;-793;7.099;20260331
David Guetta;Gone Gone Gone;2990;1109;0.93;20260331
Teddy Swims;Gone Gone Gone;2990;1109;0.93;20260331
Tones And I;Gone Gone Gone;2990;1109;0.93;20260331
Ella Langley;Be Her;2973;-153;0.16;20260331
Dermot Kennedy;Funeral;2913;1023;0.116;20260331
GIUSEPPE ROCCASALVO;PENSIERO STUPENDO;2887;239;0.01;20260331
Tame Impala;Dracula;2827;-355;0.171;20260331
BTS;Aliens;2704;338;0.096;20260331
Bad Bunny;DtMF;2696;-249;0.976;20260331
Zhang Zi Ning;一念(电视剧《逐玉》插曲);2659;-311;0.007;20260331
Rex;一念(电视剧《逐玉》插曲);2659;-311;0.007;20260331
Aiyana-Lee;Housebroken;2645;-1962;0.105;20260331
Dave;Raindance;2633;-557;0.277;20260331
Tems;Raindance;2633;-557;0.277;20260331
ZXKAI;NO BATIDÃO;2470;694;0.11;20260331
slxughter;NO BATIDÃO;2470;694;0.11;20260331
Teddy Swims;The Door;2366;1677;3.853;20260331
IRENE;Biggest Fan;2337;-177;0.005;20260331
Teddy Swims;Lose Control;2319;299;7.283;20260331
Gordo;Loco Loco;2266;-296;0.075;20260331
Reinier Zonneveld;Loco Loco;2266;-296;0.075;20260331
BTS;Into the Sun;2261;840;0.095;20260331
Shakira;Zoo;2239;-967;0.535;20260331
Cameron Whitcomb;Kingdom of Fear;2224;-631;0.009;20260331
Ac/Dc;Thunderstruck;2193;113;3.995;20260331
JJ Lin;Careful with Fate;2127;-310;0.036;20260331
PinkPantheress;Stateside;2106;-628;0.151;20260331
HUGEL;Jamaican;2106;-1833;0.228;20260331
SOLTO (FR);Jamaican;2106;-1833;0.228;20260331
BTS;One More Night;2081;-651;0.086;20260331
King Gnu;AIZO;2075;-14;0.152;20260331
Bella Kay;iloveitiloveitiloveit;2071;-198;0.042;20260331
Christina Perri;A Thousand Years;1983;649;8.213;20260331
Chappell Roan;Pink Pony Club;1957;-468;2.632;20260331
HAVEN.;I Run;1950;-82;0.397;20260331
Kaitlin Aragon;I Run;1950;-82;0.397;20260331
BTS;Please;1940;-51;0.087;20260331
BTS;Merry Go Round;1940;736;0.079;20260331
Yisa Yu;清清如我(电视剧《逐玉》抒情主题曲);1924;623;0.012;20260331
Kato;Turn the Lights Off;1921;567;0.323;20260331
Jon;Turn the Lights Off;1921;567;0.323;20260331
ANOTR;Talk To You;1895;-398;0.045;20260331
Luke Combs;Days Like These;1875;124;0.246;20260331
Bad Bunny;NUEVAYoL;1869;835;0.777;20260331
Boney M.;Rasputin;1866;255;0.46;20260331
Eminem;Lose Yourself;1835;283;3.7;20260331
XXXTENTACION;Moonlight;1811;-75;0.653;20260331
Lola Young;Messy;1785;275;4.032;20260331
Luke Combs;Be By You;1768;-338;0.155;20260331
Céline Dion;Hymne à l'amour;1748;1438;0.218;20260331
Tears for Fears;Everybody Wants to Rule the World;1731;726;1.003;20260331
Nogizaka46;kimibakari;1713;1713;0.002;20260331
OFFICIAL HIGE DANDISM;Elderflower;1686;48;0.003;20260331
BTS;No. 29;1676;244;0.064;20260331
Sia;Unstoppable;1640;-853;7.509;20260331
Luv Foundation (UK);Take Me Back;1600;1600;0.002;20260331
Ian G;Take Me Back;1600;1600;0.002;20260331
Vikki Waters;Take Me Back;1600;1600;0.002;20260331
STARGLOW;USOTSUKI;1600;0;0.003;20260331
Diamond Zhang;众里寻他千百度(电视剧《逐玉》爱情主题曲);1594;229;0.006;20260331
ROSÉ;APT.;1577;-35;6.317;20260331
Bruno Mars;APT.;1577;-35;6.317;20260331
JO1;EIEN;1566;-477;0.004;20260331
Journey;Don't Stop Believin';1543;27;3.602;20260331
starly;Kavkaz;1539;-199;0.026;20260331
Mr.Children;Again;1538;30;0.094;20260331
Drake;NOKIA;1535;140;1.803;20260331
Kanye West;FATHER;1528;-1269;0.006;20260331
Travis Scott;FATHER;1528;-1269;0.006;20260331
Muse;Be With You;1517;352;0.052;20260331
Blasterjaxx;Narco;1505;-460;0.134;20260331
Timmy Trumpet;Narco;1505;-460;0.134;20260331
milet;Trace;1502;-1;0.009;20260331
Ella Langley;you look like you love me;1491;-555;1.098;20260331
Riley Green;you look like you love me;1491;-555;1.098;20260331
ROSALÍA;Berghain;1489;-727;0.559;20260331
Björk;Berghain;1489;-727;0.559;20260331
Yves Tumor;Berghain;1489;-727;0.559;20260331
Mrs. GREEN APPLE;lulu.;1482;-68;0.134;20260331
Oriens;Ienomi;1450;1450;0.001;20260331
ROSALÍA;La Perla;1436;-322;0.312;20260331
Yahritza Y Su Esencia;La Perla;1436;-322;0.312;20260331
Olivia Dean;Nice To Each Other;1435;299;0.484;20260331
JERUB;Stay;1422;1422;0.001;20260331
HANA;Bad Girl;1422;-57;0.009;20260331
Noah Kahan;The Great Divide;1417;-172;0.13;20260331
Ella Langley;Loving Life Again;1409;6;0.034;20260331
Bruce Springsteen;Streets of Minneapolis;1382;17;0.189;20260331
Miley Cyrus;Flowers;1368;125;7.572;20260331
Michael Paynter;Gethsemane;1368;1368;0.001;20260331
Triggerfinger;I Follow Rivers;1358;1358;1.213;20260331
Aitana;SUPERESTRELLA;1342;-196;0.172;20260331
Lankum;Hunting The Wren;1342;35;0.021;20260331
Grian Chatten;Hunting The Wren;1342;35;0.021;20260331
EXILE;24karats GOLD LEGACY;1341;-81;0.003;20260331
ARASHI;Five;1327;-14;0.061;20260331
Milky;Just the Way You Are;1313;-159;0.035;20260331
Charlie Puth;We Don’t Talk Anymore;1310;462;3.473;20260331
Sean Paul featuring Keyshia Cole;(When You Gonna) Give It Up to Me;1305;135;0.021;20260331
Tom Odell;Another Love;1301;419;2.665;20260331
The Bausa;Magnetic;1296;410;0.015;20260331
M!LK;Sukisugite METSU;1290;25;0.186;20260331
milet;The Story of Us;1282;176;0.087;20260331
Shashwat Sachdev;Jaiye Sajana;1277;462;0.011;20260331
Jasmine Sandlas;Jaiye Sajana;1277;462;0.011;20260331
Satinder Sartaaj;Jaiye Sajana;1277;462;0.011;20260331
SIENNA SPIRO;The Visitor;1272;497;0.023;20260331
M!LK;Bakuretsu Aishiteru;1265;-25;0.065;20260331
TRAP MAFIA HOUSE;Mafia Style;1241;-157;0.088;20260331
Billie Eilish;BIRDS OF A FEATHER;1232;-173;5.78;20260331
Aina The End;On The Way;1222;181;0.332;20260331
Luke Combs;Sleepless in a Hotel Room;1218;-559;0.27;20260331
HARLAN;Somebody To Love;1217;-24;0.002;20260331
Fujii Kaze;Michi Teyu Ku;1217;69;0.356;20260331
TAEYONG;Bitter Sweet;1215;-644;0.005;20260331
HAECHAN;Bitter Sweet;1215;-644;0.005;20260331
Kenshi Yonezu;IRIS OUT;1193;-51;0.328;20260331
Rodrigo Amarante;Tuyo;1185;493;0.431;20260331
Sportfreunde Stiller;Ti amo, Italiano;1184;221;0.061;20260331
Amy Shark;The Biggest Dick;1171;-46;0.027;20260331
Ed Sheeran;Sapphire;1155;-991;2.051;20260331
Jahin Music;Your Phone Linging;1148;-183;0.296;20260331
Dylan Wright;THOSE NIGHTS;1148;-220;0.003;20260331
Angèle;What You Want;1133;138;0.042;20260331
Justice;What You Want;1133;138;0.042;20260331
sumika;Honto;1125;42;0.047;20260331
熊田茜音&増井優花、名探偵プリキュア!;なぜ謎ANSWER;1123;1123;0.006;20260331
Ed Sheeran;Perfect;1086;501;15.669;20260331
T.I.;LET 'EM KNOW;1083;-158;0.101;20260331
Hoshimachi Suisei;Prima Donna;1083;81;0.012;20260331
石井あみ、名探偵プリキュア!;ハートにヒント名探偵プリキュア;1080;1080;0.003;20260331
Charlotte Cardin;The Way We Touch;1066;-70;0.025;20260331
Michael Schulte;5am;1064;-263;0.033;20260331
Yami Safdie;Cuéntame;1064;-277;0.007;20260331
Alejandro Sanz;Cuéntame;1064;-277;0.007;20260331
Karl Herz;Mir egal;1062;135;0.005;20260331
Fedez;MALE NECESSARIO;1049;250;0.035;20260331
Marco Masini;MALE NECESSARIO;1049;250;0.035;20260331
HWASA;Good Goodbye;1044;99;0.344;20260331
Peter Gregson;360;1042;-1295;0.21;20260331
Marcia Hines;You;1041;1041;0.002;20260331
KAT-TUN;Real Face;1041;149;0.014;20260331
Prince;Purple Rain;1041;110;0.669;20260331
The Revolution;Purple Rain;1041;110;0.669;20260331
Oria;Soirée mondaine;1039;163;0.004;20260331
Gravel;Do You Hear Me Lord;1025;7;0.026;20260331
Grace;Do You Hear Me Lord;1025;7;0.026;20260331
Kaguya(cv.Yuko Natsuyoshi);Ray;1021;57;0.047;20260331
Yachiyo Runami(cv.Saori Hayami);Ray;1021;57;0.047;20260331
Anita Ward;Ring My Bell;1016;-536;0.142;20260331
Snelle;Laat Het Licht Aan;1013;576;0.006;20260331
Ziggy in tha House;It's Raining;1004;738;0.191;20260331
King;Waltz for Lily;1002;-168;0.015;20260331
Prince;Waltz for Lily;1002;-168;0.015;20260331
Christophe Maé;La lune;1001;-207;0.05;20260331
Namtan Tipnaree;Favorite Toxic;1000;1000;0.001;20260331
Film Rachanun;Favorite Toxic;1000;1000;0.001;20260331
Zara Larsson;Midnight Sun;1000;-938;0.123;20260331
Phuwin;แค่นาทีเดียว;994;994;0.001;20260331
Cody Johnson;The Fall;993;123;0.123;20260331
Kato;Turn the Lights Off;988;838;0.692;20260331
Sal da Vinci;Per sempre sì;984;215;0.105;20260331
Jacinta Guirguis;The Power Of Love;983;-58;0.002;20260331
Sepultura;Beyond the Dream;981;981;0.001;20260331
Kanye West;ALL THE LOVE;971;-630;0.003;20260331
Andre Troutman;ALL THE LOVE;971;-630;0.003;20260331
Teddy Swims;Bad Dreams;969;444;3.501;20260331
Myles Smith;Drive Safe;965;-158;0.132;20260331
Niall Horan;Drive Safe;965;-158;0.132;20260331
稲葉浩志;タッチ;964;-19;0.037;20260331
The Naughty Jukebox;Giddy Up;958;-390;0.018;20260331
Creedence Clearwater Revival;Have You Ever Seen the Rain;950;104;0.859;20260331
HARLAN;A Touch Of Paradise;945;-57;0.003;20260331
Bad Bunny;Tití Me Preguntó;943;-116;0.802;20260331
Justė;Turn The Lights Off;942;223;0.066;20260331
Jaxstyle;Turn The Lights Off;942;223;0.066;20260331
Jon;Turn The Lights Off;942;223;0.066;20260331
Bad Bunny;BAILE INoLVIDABLE;938;435;0.45;20260331
Kygo;Save My Love;933;-104;0.047;20260331
Khalid;Save My Love;933;-104;0.047;20260331
Gryffin;Save My Love;933;-104;0.047;20260331
sakanaction;Kaiju;932;23;0.403;20260331
Harry Styles;As It Was;931;884;6.65;20260331
disiz;melodrama;928;174;0.183;20260331
Theodora;melodrama;928;174;0.183;20260331
