artista;musica;pontos;pts_ganho;pts_calc;data
BTS;Aliens;19251;-5283;0.209;20260801
Shakira;Dai Dai;17860;-349;1.19;20260801
Burna Boy;Dai Dai;17860;-349;1.19;20260801
HUGEL;Movin' To The Sun;16682;3192;0.839;20260801
Imael Angel;Movin' To The Sun;16682;3192;0.839;20260801
Ultra Naté;Movin' To The Sun;16682;3192;0.839;20260801
Armin van Buuren;Everlasting;12712;2038;0.023;20260801
SACHA;Everlasting;12712;2038;0.023;20260801
BTS;NORMAL;12357;-6034;0.559;20260801
Ariana Grande;hate that i made you love me;11695;-1004;0.702;20260801
Kimo Sounds;Rise Slow;11446;1737;0.381;20260801
Ariana Grande;petal;10051;-54;0.02;20260801
HUGEL;Jamaican;9815;1851;0.833;20260801
SOLTO (FR);Jamaican;9815;1851;0.833;20260801
Ella Langley;Choosin' Texas;9469;2186;1.628;20260801
Glen Hansard;Falling Slowly;8955;-2978;0.035;20260801
Markéta Irglová;Falling Slowly;8955;-2978;0.035;20260801
Sadie Barlow;I Choose Me;7693;5148;0.015;20260801
Cardi B;AH HA;6459;-2594;0.016;20260801
RAYE;WHERE IS MY HUSBAND;6112;296;3.098;20260801
DJ.ILHAM;DIGIDI DIGIDI;5683;-489;0.41;20260801
Taylor Swift;I Knew It, I Knew You;5671;-419;0.624;20260801
HUNTR/X;Golden;5544;1902;5.421;20260801
EJAE;Golden;5544;1902;5.421;20260801
AUDREY NUNA;Golden;5544;1902;5.421;20260801
REI AMI;Golden;5544;1902;5.421;20260801
KPop Demon Hunters Cast;Golden;5544;1902;5.421;20260801
Teddy Swims;Mr. Know It All;5517;994;0.542;20260801
KATSEYE;Animal;5171;303;0.058;20260801
Noah Nine;Mama, I still call your name;5144;-522;0.197;20260801
STELLA LEFTY;Boston;5124;348;0.442;20260801
Olivia Dean;So Easy;5083;2496;1.773;20260801
Harry Styles;Sign of the Times;5019;1204;5.13;20260801
Alex Warren;FEVER DREAM;5014;77;1.207;20260801
ANOTR;Talk To You;4991;1383;0.451;20260801
Robyn;Dancing On My Own;4760;1324;0.809;20260801
Swedish House Mafia;Happiness Is So Sad;4756;613;0.009;20260801
Lykke Li;Happiness Is So Sad;4756;613;0.009;20260801
Sam Fender;Rein Me In;4694;546;0.83;20260801
Olivia Dean;Rein Me In;4694;546;0.83;20260801
BTS;SWIM;4670;212;1.141;20260801
The Second Voice;LET ME BE;4580;1752;1.371;20260801
Olivia Rodrigo;drop dead;4414;1129;0.748;20260801
Azteck;Everything's Alright;4250;-494;0.063;20260801
DJ Koko;Everything's Alright;4250;-494;0.063;20260801
Kurt D;Everything's Alright;4250;-494;0.063;20260801
Michael Jackson;Billie Jean;4241;1438;1.566;20260801
Harry Styles;American Girls;4189;770;0.637;20260801
Taylor Swift;The Fate of Ophelia;4101;526;3.651;20260801
The Irrepressibles;In This Shirt;4016;-865;0.184;20260801
Ariana Grande;kiss me;3997;-1334;0.009;20260801
Tame Impala;Dracula;3952;1505;0.778;20260801
JENNIE;Dracula;3952;1505;0.778;20260801
Alex Warren;Ordinary;3903;-1254;6.131;20260801
Kavinsky;Nightcall;3882;-4283;0.604;20260801
Noah Nine;A Man Can Cry;3849;1206;0.135;20260801
Dirty Thirty;Festivalwecker;3848;184;0.05;20260801
Morgan Wallen;Been By Now;3815;40;0.045;20260801
Justin Bieber;Beauty and a Beat;3800;964;2.733;20260801
Bebe Rexha;New Religion;3756;164;0.972;20260801
Faithless;New Religion;3756;164;0.972;20260801
Olivia Rodrigo;stupid song;3746;618;0.214;20260801
Shaboozey;Cowgirl;3678;629;0.152;20260801
Temper City;Self Aware;3673;346;0.213;20260801
Greta Van Fleet;Saw You Stand;3417;1282;0.006;20260801
Riley Green;Imagine That;3411;-460;0.009;20260801
Bruno Mars;I Just Might;3408;660;1.945;20260801
Don Miguelo;Y Qué Fue;3396;-347;0.226;20260801
benny blanco;Te Olvido;3372;-63;0.007;20260801
Selena Gomez;Te Olvido;3372;-63;0.007;20260801
Becky G;Te Olvido;3372;-63;0.007;20260801
Mark Tuan;Alone;3335;439;0.006;20260801
David Guetta;Run Run River;3329;419;0.317;20260801
Alok;Run Run River;3329;419;0.317;20260801
Stick Figure;Run Run River;3329;419;0.317;20260801
Ariana Grande;like i do;3312;-466;0.007;20260801
The Bausa;Magnetic;3284;319;0.307;20260801
Ella Langley;I Can't Love You Anymore;3272;67;0.285;20260801
Morgan Wallen;I Can't Love You Anymore;3272;67;0.285;20260801
KITSCHKRIEG;Gut Genug;3220;738;0.192;20260801
Blumengarten;Gut Genug;3220;738;0.192;20260801
Shirin David;Gut Genug;3220;738;0.192;20260801
SB19;LAWLESS;3089;-660;0.007;20260801
The Cranberries;Zombie;3081;565;1.931;20260801
Ac/Dc;Thunderstruck;2873;242;4.279;20260801
sombr;Homewrecker;2847;482;0.571;20260801
Olivia Dean;Man I Need;2787;296;2.684;20260801
DJ Goja;Mi Chico;2768;840;0.183;20260801
Ella Langley;you look like you love me;2714;357;1.401;20260801
Riley Green;you look like you love me;2714;357;1.401;20260801
Michael Jackson;Beat It;2700;539;0.941;20260801
CORTIS;MOTION;2606;-361;0.006;20260801
benny blanco;Te Olvido;2566;-167;0.005;20260801
Becky G;Te Olvido;2566;-167;0.005;20260801
Selena Gomez;Te Olvido;2566;-167;0.005;20260801
Mauvais Djo;Pilé;2534;676;0.129;20260801
Ella Langley;Be Her;2512;-356;0.536;20260801
Jerri;The JAWN;2512;374;0.033;20260801
Kavinsky;Nightcall;2433;-510;0.309;20260801
Angèle;Nightcall;2433;-510;0.309;20260801
Phoenix;Nightcall;2433;-510;0.309;20260801
&TEAM;For us;2389;2389;0.002;20260801
JENNIE;Less than a Lover;2296;-312;0.059;20260801
KNGDM REVIVAL;This Roman Road;2295;297;0.004;20260801
Slayyyter;brand new chanel$;2288;-1727;0.006;20260801
Bob Dominator;Dark Night;2286;-1103;0.027;20260801
Teddy Swims;Lose Control;2241;-499;7.489;20260801
Bruno Mars;Risk It All;2228;-614;0.809;20260801
Sara Bareilles;Still Crying;2161;-1674;0.008;20260801
sombr;My Body Isn't Ready;2143;536;0.079;20260801
DJ Goja;Mi Chico;2109;1519;0.108;20260801
Jason Derulo;Mi Chico;2109;1519;0.108;20260801
Melody;Mi Chico;2109;1519;0.108;20260801
Kenny Chesney;Burn My Boat;2101;-95;0.004;20260801
Shaboozey;A Bar Song;2084;497;4.959;20260801
Ricchi;Sarà perché ti amo;2081;514;1.663;20260801
Poveri;Sarà perché ti amo;2081;514;1.663;20260801
The Chemical Brothers;Go;2061;-176;1.094;20260801
Kimo Sounds;After the fall;2047;391;0.11;20260801
Prospa;Free Your Mind;1994;284;0.098;20260801
Cloonee;Free Your Mind;1994;284;0.098;20260801
Zara Larsson;Midnight Sun;1944;533;0.336;20260801
BearyTunes;Ich bin genug;1896;-35;0.043;20260801
PRESIDENT;dark heaven;1892;-3308;0.007;20260801
SIENNA SPIRO;Material Lover;1882;-155;0.225;20260801
ATEEZ;BAD;1836;-462;0.091;20260801
King Gnu;GO GHOST;1827;-154;0.009;20260801
Take That;Sweet July;1766;-108;0.049;20260801
Aitana;SUPERESTRELLA;1736;198;0.346;20260801
Bad Bunny;NUEVAYoL;1731;-143;1.054;20260801
Mrs. GREEN APPLE;Brand New;1719;269;0.031;20260801
Glen Hansard;Song of Good Hope;1692;-238;0.004;20260801
Cameron Whitcomb;Kingdom of Fear;1635;710;0.54;20260801
BE:FIRST;BRUCE WAYNE;1634;-150;0.003;20260801
Chase;Disgruntled;1614;189;0.014;20260801
Status;Disgruntled;1614;189;0.014;20260801
Bonnie Tyler;Total Eclipse of the Heart;1612;609;0.632;20260801
Electric Callboy;The Way You Are;1585;-2367;0.025;20260801
The Killers;Mr. Brightside;1584;318;1.81;20260801
Dave;Raindance;1583;35;0.437;20260801
Tems;Raindance;1583;35;0.437;20260801
Saxboy Billy;The Puerto Rico Song;1579;679;0.306;20260801
Sia;Unstoppable;1570;-70;7.699;20260801
SEHUN;失重色(Fade);1563;-781;0.012;20260801
timelesz;Timeless Fireworks;1545;37;0.007;20260801
Josh Fawaz;Like a Prayer;1530;15;0.521;20260801
Bad Bunny;DtMF;1508;798;1.217;20260801
Solomon Hayes;One Good Day;1502;208;0.01;20260801
AI IRIE FM;No Stress, Just Vibes;1496;-362;0.008;20260801
Zara Larsson;Lush Life;1486;-40;2.918;20260801
G Flip;Bed on Fire;1479;-29;0.177;20260801
Gen Hoshino;Suki;1479;0;0.004;20260801
Rockin' Jukebox;Storm in my heart;1460;1165;0.009;20260801
Elle Limebear;Give Me Joy;1450;-118;0.005;20260801
Ryokuoushoku Shakai;Hare Bare;1450;-74;0.003;20260801
Chappell Roan;Pink Pony Club;1441;380;2.78;20260801
Ellie Goulding;4 Seasons;1440;-2494;0.006;20260801
Wasureranneyo;Nannmonee;1432;328;0.037;20260801
The Cranberries;Dreams;1425;567;0.98;20260801
Kenshi Yonezu;Yodaka;1395;154;0.031;20260801
Benson Boone;Beautiful Things;1386;68;7.363;20260801
Shakira;Waka Waka;1372;157;7.46;20260801
sakanaction;Yoru No Odoriko;1368;27;0.15;20260801
Luke Combs;Be By You;1363;-1;0.324;20260801
Ariana Grande;bad thing;1359;-1111;0.004;20260801
Dr. Dre;Still D.R.E.;1344;644;1.345;20260801
Haruka Aoki;Tsukue Sasuru;1341;-54;0.012;20260801
Ludwig Göransson;Odysseus;1334;132;0.027;20260801
Kis-My-Ft2;HB2U;1332;42;0.01;20260801
Bon Jovi;Livin' On a Prayer;1329;821;1.186;20260801
Peter Maffay;Ein Leben lang ist nicht lang;1328;-184;0.027;20260801
Johannes Oerding;Ein Leben lang ist nicht lang;1328;-184;0.027;20260801
The Goo Goo Dolls;Iris;1321;-75;2.079;20260801
Siren(CV:Suzuki Minori);Shima No Uta;1315;98;0.011;20260801
Mermaid(CV:Oki Saeko);Shima No Uta;1315;98;0.011;20260801
Mermaid(CV:Nanase Ayaka);Shima No Uta;1315;98;0.011;20260801
Cameron Whitcomb;Want For Nothing;1313;343;0.002;20260801
DHENYS R J;All Night Long;1298;264;0.191;20260801
Hatsuboshi Gakuen;Kuraiai;1290;1290;0.001;20260801
Tsubame Amaya;Kuraiai;1290;1290;0.001;20260801
Tame Impala;Dracula;1284;-5;0.518;20260801
Dan Vasc;Amazing Grace;1278;-319;0.043;20260801
Rutger Van Barneveld;Zwoele Zomernachten;1275;-278;0.069;20260801
Dimitri Vegas;Turn The Tide;1266;1137;0.03;20260801
Sylver;Turn The Tide;1266;1137;0.03;20260801
Pat B;Turn The Tide;1266;1137;0.03;20260801
M!LK;Sukisugite METSU;1265;72;0.35;20260801
Starship;Nothing's Gonna Stop Us Now;1264;750;0.691;20260801
Angelina Mango;Canto d’amore;1257;457;0.053;20260801
HWASA;Good Goodbye;1256;-156;0.449;20260801
Tears for Fears;Everybody Wants to Rule the World;1235;621;1.11;20260801
Hyunjin;LOVER;1231;1231;0.001;20260801
Gospelize;Maladie;1231;599;0.028;20260801
ILLIT;I Got Your Back;1217;-286;0.011;20260801
HANA;I Got Your Back;1217;-286;0.011;20260801
Aitch;RMB;1211;812;0.036;20260801
ILLIT;It's Me;1195;-113;0.155;20260801
NEUEN;Extortion 17;1193;1193;0.001;20260801
Real America's Music;Extortion 17;1193;1193;0.001;20260801
Usagi(CV:Ozawa Ari);Usagi Rap;1193;-72;0.011;20260801
Mermaid(CV:Oki Saeko);Usagi Rap;1193;-72;0.011;20260801
Mermaid(CV:Nanase Ayaka);Usagi Rap;1193;-72;0.011;20260801
Martin Garrix;Fireflies;1188;-186;0.061;20260801
U2;Fireflies;1188;-186;0.061;20260801
Quevedo;LA GRACIOSA;1185;193;0.067;20260801
Elvis Crespo;LA GRACIOSA;1185;193;0.067;20260801
Post Malone;Sunflower;1184;-115;3.549;20260801
Swae Lee;Sunflower;1184;-115;3.549;20260801
Emma Delune;À force d’aimer comme ça;1184;556;0.004;20260801
Disney;Zoo;1174;440;0.653;20260801
Shakira;Zoo;1174;440;0.653;20260801
Ariana Grande;oh well;1172;-1635;0.004;20260801
Noah Nine;Alone;1170;379;0.024;20260801
Kenshi Yonezu - Karasu;Raven;1170;22;0.068;20260801
Ariana Grande;freak;1169;-1795;0.004;20260801
Issouf Manem yam;Valhalla Calling;1160;141;0.022;20260801
Ariana Grande;big feelings;1153;-1967;0.004;20260801
HUGEL;Stay Sexy;1151;832;0.016;20260801
LaBritney;Stay Sexy;1151;832;0.016;20260801
Mili;Stay Sexy;1151;832;0.016;20260801
Stephen Wilson Jr.;Hardwired;1148;716;0.002;20260801
Lady Gaga;Die With A Smile;1145;-757;7.608;20260801
Bruno Mars;Die With A Smile;1145;-757;7.608;20260801
Kimo Sounds;Make It Spectacular;1127;1096;0.001;20260801
Hachiware(CV:Tanaka Makoto);Kutsuzure;1125;-45;0.011;20260801
Merk;PARTENOPE;1111;479;0.045;20260801
Kremont;PARTENOPE;1111;479;0.045;20260801
Julian Sommer;3 x KO;1104;-66;0.002;20260801
Frenzy;3 x KO;1104;-66;0.002;20260801
Calvin Kleinen;3 x KO;1104;-66;0.002;20260801
OneRepublic;Need Your Love;1094;197;0.116;20260801
Chase Matthew;Autopilot;1092;102;0.002;20260801
Usagi(CV:Ozawa Ari);Usagi Rap;1083;-42;0.01;20260801
Momonga(CV:Iguchi Yuka);Usagi Rap;1083;-42;0.01;20260801
Mermaid(CV:Oki Saeko);Usagi Rap;1083;-42;0.01;20260801
Mermaid(CV:Nanase Ayaka);Usagi Rap;1083;-42;0.01;20260801
Sarah Hession;My Last Goodbye;1066;497;0.044;20260801
SIENNA SPIRO;Great Expectation;1066;347;0.016;20260801
ROSÉ;APT.;1065;649;6.478;20260801
Bruno Mars;APT.;1065;649;6.478;20260801
M!LK;YouJoyParade;1062;-21;0.022;20260801
Snow Patrol;These Alarms;1061;74;0.081;20260801
Kylie Minogue;These Alarms;1061;74;0.081;20260801
Farruko;YAPAQUE;1053;325;0.032;20260801
Greeicy;YAPAQUE;1053;325;0.032;20260801
Steve Aoki;YAPAQUE;1053;325;0.032;20260801
Topic;Sorry Papi;1050;-212;0.082;20260801
Becky G;Sorry Papi;1050;-212;0.082;20260801
KITSCHKRIEG;Gut Genug;1049;89;0.002;20260801
Blumengarten;Gut Genug;1049;89;0.002;20260801
Natasha Bedingfield;Unwritten;1048;282;1.065;20260801
Creedence Clearwater Revival;Have You Ever Seen the Rain;1046;413;0.931;20260801
The Doobie Brothers;What a Fool Believes;1045;851;0.033;20260801
Guns N' Roses;Sweet Child o' Mine;1044;558;2.443;20260801
Riley Green;Think As You Drunk;1043;443;0.05;20260801
M!LK;Bakuretsu Aishiteru;1041;20;0.212;20260801
John Denver;Take Me Home, Country Roads;1039;-44;0.723;20260801
XXXTENTACION;Moonlight;1038;-354;0.854;20260801
Helena;Mauvais garçon;1030;-97;0.193;20260801
Lady Gaga;Always Remember Us This Way;1026;-594;9.532;20260801
Zenar;Te conocí;1022;521;0.016;20260801
Dario Coiro;Te conocí;1022;521;0.016;20260801
TOMOO;Still Here;1021;-41;0.004;20260801
Olivia Rodrigo;the cure;1016;688;0.202;20260801
Shakira;Dai Dai;18045;185;1.208;20260802
Burna Boy;Dai Dai;18045;185;1.208;20260802
HUGEL;Movin' To The Sun;16144;-538;0.855;20260802
Imael Angel;Movin' To The Sun;16144;-538;0.855;20260802
Ultra Naté;Movin' To The Sun;16144;-538;0.855;20260802
Kimo Sounds;Rise Slow;11453;7;0.392;20260802
Ariana Grande;hate that i made you love me;10940;-755;0.713;20260802
Armin van Buuren;Everlasting;10763;-1949;0.034;20260802
SACHA;Everlasting;10763;-1949;0.034;20260802
Ariana Grande;petal;10057;6;0.03;20260802
Sadie Barlow;I Choose Me;9642;1949;0.025;20260802
HUGEL;Jamaican;9393;-422;0.842;20260802
SOLTO (FR);Jamaican;9393;-422;0.842;20260802
Ella Langley;Choosin' Texas;8594;-875;1.637;20260802
BTS;Aliens;8501;-10750;0.217;20260802
Glen Hansard;Falling Slowly;7284;-1671;0.042;20260802
Markéta Irglová;Falling Slowly;7284;-1671;0.042;20260802
BTS;NORMAL;7108;-5249;0.566;20260802
Taylor Swift;I Knew It, I Knew You;6484;813;0.63;20260802
HUNTR/X;Golden;6336;792;5.427;20260802
EJAE;Golden;6336;792;5.427;20260802
AUDREY NUNA;Golden;6336;792;5.427;20260802
REI AMI;Golden;6336;792;5.427;20260802
KPop Demon Hunters Cast;Golden;6336;792;5.427;20260802
RAYE;WHERE IS MY HUSBAND;6187;75;3.104;20260802
Alex Warren;Ordinary;5929;2026;6.137;20260802
STELLA LEFTY;Boston;5842;718;0.448;20260802
ANOTR;Talk To You;5826;835;0.457;20260802
Noah Nine;Mama, I still call your name;5765;621;0.203;20260802
Olivia Dean;So Easy;5757;674;1.778;20260802
Sam Fender;Rein Me In;5735;1041;0.836;20260802
Olivia Dean;Rein Me In;5735;1041;0.836;20260802
DJ.ILHAM;DIGIDI DIGIDI;5733;50;0.415;20260802
Robyn;Dancing On My Own;5658;898;0.814;20260802
Alex Warren;FEVER DREAM;5287;273;1.212;20260802
Harry Styles;Sign of the Times;5230;211;5.136;20260802
Teddy Swims;Mr. Know It All;4983;-534;0.547;20260802
BTS;SWIM;4805;135;1.146;20260802
David Guetta;Run Run River;4772;1443;0.322;20260802
Alok;Run Run River;4772;1443;0.322;20260802
Stick Figure;Run Run River;4772;1443;0.322;20260802
Bebe Rexha;New Religion;4702;946;0.976;20260802
Faithless;New Religion;4702;946;0.976;20260802
KATSEYE;Animal;4321;-850;0.063;20260802
Don Miguelo;Y Qué Fue;4300;904;0.23;20260802
Olivia Rodrigo;drop dead;4189;-225;0.752;20260802
Olivia Dean;Man I Need;4127;1340;2.688;20260802
Taylor Swift;The Fate of Ophelia;4112;11;3.655;20260802
Michael Jackson;Billie Jean;3970;-271;1.57;20260802
Azteck;Everything's Alright;3932;-318;0.067;20260802
DJ Koko;Everything's Alright;3932;-318;0.067;20260802
Kurt D;Everything's Alright;3932;-318;0.067;20260802
KITSCHKRIEG;Gut Genug;3923;703;0.196;20260802
Blumengarten;Gut Genug;3923;703;0.196;20260802
Shirin David;Gut Genug;3923;703;0.196;20260802
The Second Voice;LET ME BE;3901;-679;1.375;20260802
Bruno Mars;Risk It All;3863;1635;0.812;20260802
Swedish House Mafia;Happiness Is So Sad;3858;-898;0.013;20260802
Lykke Li;Happiness Is So Sad;3858;-898;0.013;20260802
sombr;Homewrecker;3736;889;0.575;20260802
Cardi B;AH HA;3656;-2803;0.019;20260802
Justin Bieber;Beauty and a Beat;3634;-166;2.736;20260802
Temper City;Self Aware;3627;-46;0.217;20260802
Tame Impala;Dracula;3590;-362;0.781;20260802
JENNIE;Dracula;3590;-362;0.781;20260802
Dirty Thirty;Festivalwecker;3574;-274;0.054;20260802
The Bausa;Magnetic;3517;233;0.311;20260802
Olivia Rodrigo;stupid song;3433;-313;0.217;20260802
Morgan Wallen;Been By Now;3427;-388;0.048;20260802
The Cranberries;Zombie;3386;305;1.934;20260802
Harry Styles;American Girls;3300;-889;0.641;20260802
Noah Nine;A Man Can Cry;3292;-557;0.138;20260802
Shaboozey;A Bar Song;3238;1154;4.962;20260802
The Irrepressibles;In This Shirt;3172;-844;0.187;20260802
Michael Jackson;Beat It;3118;418;0.944;20260802
DJ Goja;Mi Chico;3098;330;0.186;20260802
Mauvais Djo;Pilé;3062;528;0.132;20260802
Ella Langley;I Can't Love You Anymore;3046;-226;0.288;20260802
Morgan Wallen;I Can't Love You Anymore;3046;-226;0.288;20260802
Shaboozey;Cowgirl;3011;-667;0.155;20260802
Benson Boone;Beautiful Things;2989;1603;7.366;20260802
Ac/Dc;Thunderstruck;2895;22;4.282;20260802
Riley Green;Imagine That;2779;-632;0.012;20260802
Teddy Swims;Lose Control;2766;525;7.492;20260802
Ella Langley;you look like you love me;2765;51;1.404;20260802
Riley Green;you look like you love me;2765;51;1.404;20260802
SIENNA SPIRO;Material Lover;2713;831;0.228;20260802
benny blanco;Te Olvido;2696;130;0.008;20260802
Becky G;Te Olvido;2696;130;0.008;20260802
Selena Gomez;Te Olvido;2696;130;0.008;20260802
Bruno Mars;I Just Might;2621;-787;1.948;20260802
Tame Impala;Loser;2606;2332;0.028;20260802
Mark Tuan;Alone;2569;-766;0.009;20260802
JENNIE;Less than a Lover;2519;223;0.062;20260802
Greta Van Fleet;Saw You Stand;2514;-903;0.008;20260802
Ella Langley;Be Her;2513;1;0.538;20260802
The Killers;Mr. Brightside;2417;833;1.813;20260802
ATEEZ;BAD;2389;553;0.094;20260802
Kimo Sounds;After the fall;2344;297;0.112;20260802
Gravel;Sit With Me Lord;2337;1473;0.06;20260802
Grace;Sit With Me Lord;2337;1473;0.06;20260802
Ariana Grande;kiss me;2258;-1739;0.012;20260802
Zara Larsson;Midnight Sun;2151;207;0.338;20260802
Ariana Grande;like i do;2149;-1163;0.009;20260802
Kavinsky;Nightcall;2144;-1738;0.606;20260802
Luke Combs;Be By You;2110;747;0.326;20260802
Tame Impala;Dracula;2004;720;0.52;20260802
Bonnie Tyler;Total Eclipse of the Heart;1995;383;0.634;20260802
Sia;Unstoppable;1921;351;7.701;20260802
Post Malone;Sunflower;1913;729;3.551;20260802
Swae Lee;Sunflower;1913;729;3.551;20260802
CORTIS;MOTION;1891;-715;0.007;20260802
Topic;Sorry Papi;1890;840;0.083;20260802
Becky G;Sorry Papi;1890;840;0.083;20260802
Aitana;SUPERESTRELLA;1861;125;0.348;20260802
Madonna;Danceteria;1850;911;0.154;20260802
ZANU;Beautiful Sunday;1823;1097;0.01;20260802
Kimo Sounds;Make It Spectacular;1821;694;0.003;20260802
SB19;LAWLESS;1817;-1272;0.009;20260802
CoverSideMusic;A Bar Song;1784;1715;0.004;20260802
Bad Bunny;NUEVAYoL;1776;45;1.056;20260802
Shakira;Waka Waka;1772;400;7.461;20260802
Josh Fawaz;Like a Prayer;1768;238;0.523;20260802
&TEAM;For us;1765;-624;0.004;20260802
Chappell Roan;Pink Pony Club;1742;301;2.782;20260802
Prospa;Free Your Mind;1731;-263;0.1;20260802
Cloonee;Free Your Mind;1731;-263;0.1;20260802
Ricchi;Sarà perché ti amo;1711;-370;1.664;20260802
Poveri;Sarà perché ti amo;1711;-370;1.664;20260802
Kenny Chesney;Burn My Boat;1709;-392;0.006;20260802
Cameron Whitcomb;Kingdom of Fear;1702;67;0.542;20260802
Oasis;Wonderwall;1679;893;1.476;20260802
KNGDM REVIVAL;This Roman Road;1668;-627;0.006;20260802
Dimitri Vegas;Turn The Tide;1659;393;0.032;20260802
Sylver;Turn The Tide;1659;393;0.032;20260802
Pat B;Turn The Tide;1659;393;0.032;20260802
sombr;back to friends;1628;1222;0.647;20260802
BearyTunes;Ich bin genug;1608;-288;0.044;20260802
King Gnu;GO GHOST;1600;-227;0.011;20260802
BE:FIRST;BRUCE WAYNE;1600;-34;0.005;20260802
Jerri;The JAWN;1599;-913;0.034;20260802
Lady Gaga;Always Remember Us This Way;1585;559;9.534;20260802
Kis-My-Ft2;HB2U;1551;219;0.012;20260802
DJ Goja;Mi Chico;1541;-568;0.11;20260802
Jason Derulo;Mi Chico;1541;-568;0.11;20260802
Melody;Mi Chico;1541;-568;0.11;20260802
timelesz;Timeless Fireworks;1538;-7;0.009;20260802
Rockin' Jukebox;Storm in my heart;1538;78;0.011;20260802
ILLIT;It's Me;1536;341;0.157;20260802
Mrs. GREEN APPLE;Brand New;1508;-211;0.032;20260802
KAROL G;Si Antes Te Hubiera Conocido;1496;546;1.929;20260802
ILLIT;I Got Your Back;1493;276;0.012;20260802
HANA;I Got Your Back;1493;276;0.012;20260802
Sara Bareilles;Still Crying;1477;-684;0.009;20260802
John Denver;Take Me Home, Country Roads;1460;421;0.725;20260802
Kenshi Yonezu;Yodaka;1460;65;0.032;20260802
Taylor Swift;august;1459;635;0.225;20260802
Gen Hoshino;Suki;1450;-29;0.006;20260802
The Cranberries;Dreams;1441;16;0.982;20260802
Nazareth;Love Hurts;1436;1418;0.081;20260802
BTS;Dynamite;1429;636;3.768;20260802
The Chemical Brothers;Go;1428;-633;1.095;20260802
Rutger Van Barneveld;Zwoele Zomernachten;1427;152;0.071;20260802
Ryokuoushoku Shakai;Hare Bare;1422;-28;0.004;20260802
DHENYS R J;All Night Long;1410;112;0.192;20260802
Justen de Wildt;Cheerio;1396;484;0.161;20260802
Ludwig Göransson;Odysseus;1394;60;0.028;20260802
AI IRIE FM;No Stress, Just Vibes;1391;-105;0.01;20260802
Kavinsky;Nightcall;1381;-1052;0.31;20260802
Angèle;Nightcall;1381;-1052;0.31;20260802
Phoenix;Nightcall;1381;-1052;0.31;20260802
Gospelize;Maladie;1379;148;0.029;20260802
ROSÉ;APT.;1375;310;6.479;20260802
Bruno Mars;APT.;1375;310;6.479;20260802
G Flip;Bed on Fire;1368;-111;0.178;20260802
sakanaction;Yoru No Odoriko;1368;0;0.151;20260802
Haruka Aoki;Tsukue Sasuru;1341;0;0.013;20260802
Quevedo;LA GRACIOSA;1324;139;0.068;20260802
Elvis Crespo;LA GRACIOSA;1324;139;0.068;20260802
Manon Lisa;Le Petit Pêcheur;1317;647;0.073;20260802
Siren(CV:Suzuki Minori);Shima No Uta;1315;0;0.012;20260802
Mermaid(CV:Oki Saeko);Shima No Uta;1315;0;0.012;20260802
Mermaid(CV:Nanase Ayaka);Shima No Uta;1315;0;0.012;20260802
Chris Stapleton;Tennessee Whiskey;1308;568;3.607;20260802
Jennifer Lopez;Save Me Tonight;1305;337;0.184;20260802
David Guetta;Save Me Tonight;1305;337;0.184;20260802
Merk;PARTENOPE;1296;185;0.047;20260802
Kremont;PARTENOPE;1296;185;0.047;20260802
Cameron Whitcomb;Want For Nothing;1295;-18;0.004;20260802
Kenshi Yonezu - Karasu;Raven;1290;120;0.07;20260802
Chase;Disgruntled;1278;-336;0.015;20260802
Status;Disgruntled;1278;-336;0.015;20260802
Ella Langley;Loving Life Again;1265;383;0.157;20260802
Boris Brejcha;Flying Bird;1264;406;0.111;20260802
Stephen Sanchez;Until I Found You;1257;570;0.753;20260802
M!LK;Sukisugite METSU;1241;-24;0.351;20260802
Bad Bunny;DtMF;1232;-276;1.218;20260802
Noah Nine;Alone;1230;60;0.026;20260802
Lewis Capaldi;Someone You Loved;1227;384;6.955;20260802
sombr;My Body Isn't Ready;1219;-924;0.08;20260802
Usagi(CV:Ozawa Ari);Usagi Rap;1217;24;0.012;20260802
Mermaid(CV:Oki Saeko);Usagi Rap;1217;24;0.012;20260802
Mermaid(CV:Nanase Ayaka);Usagi Rap;1217;24;0.012;20260802
Mauvais Djo;Maladie;1213;392;0.052;20260802
Aitch;RMB;1209;-2;0.037;20260802
VOLTACTION;I Wanna Get U;1203;1203;0.001;20260802
Peter Maffay;Ein Leben lang ist nicht lang;1193;-135;0.028;20260802
Johannes Oerding;Ein Leben lang ist nicht lang;1193;-135;0.028;20260802
Hachiware(CV:Tanaka Makoto);Kutsuzure;1193;68;0.012;20260802
The Goo Goo Dolls;Iris;1185;-136;2.08;20260802
NEUEN;Extortion 17;1170;-23;0.002;20260802
Real America's Music;Extortion 17;1170;-23;0.002;20260802
Elle Limebear;Give Me Joy;1170;-280;0.007;20260802
Wasureranneyo;Nannmonee;1170;-262;0.038;20260802
Saxboy Billy;The Puerto Rico Song;1167;-412;0.308;20260802
Fleetwood Mac;Landslide;1161;897;0.432;20260802
Riley Green;Think As You Drunk;1148;105;0.051;20260802
Riley Green;My Way;1145;390;0.084;20260802
Zhou Shen;No Boundries;1145;1145;0.001;20260802
Universal Beijing Resort;No Boundries;1145;1145;0.001;20260802
Taylor Swift;Opalite;1140;558;1.984;20260802
Dj Crocodile;I'm Moving To The Sun;1136;409;0.013;20260802
Zenar;Te conocí;1136;114;0.017;20260802
Dario Coiro;Te conocí;1136;114;0.017;20260802
Ankara Echoes;Beni Al;1134;306;0.096;20260802
Zhou Shen;耀眼的我们(《天才,女友》影视剧主题曲/片头曲);1134;931;0.001;20260802
Snow Patrol;These Alarms;1130;69;0.082;20260802
Kylie Minogue;These Alarms;1130;69;0.082;20260802
Foreigner;I Want to Know What Love Is;1127;449;0.464;20260802
Dave;Raindance;1117;-466;0.438;20260802
Tems;Raindance;1117;-466;0.438;20260802
John Farnham;The Reason Why;1104;1104;0.001;20260802
Hatsuboshi Gakuen;Kuraiai;1104;-186;0.002;20260802
Tsubame Amaya;Kuraiai;1104;-186;0.002;20260802
4 Non Blondes;What's Up;1089;154;1.367;20260802
Usagi(CV:Ozawa Ari);Usagi Rap;1083;0;0.011;20260802
Momonga(CV:Iguchi Yuka);Usagi Rap;1083;0;0.011;20260802
Mermaid(CV:Oki Saeko);Usagi Rap;1083;0;0.011;20260802
Mermaid(CV:Nanase Ayaka);Usagi Rap;1083;0;0.011;20260802
Djo;End of Beginning;1074;674;1.997;20260802
Take That;Sweet July;1062;-704;0.05;20260802
M!LK;YouJoyParade;1062;0;0.023;20260802
OneRepublic;Need Your Love;1059;-35;0.117;20260802
Levant;Ruf mich nicht mehr an;1058;122;0.028;20260802
xaviorthemachine;Her Nerdeysen;1050;43;0.141;20260802
Dev1lHawk;Her Nerdeysen;1050;43;0.141;20260802
M!LK;Bakuretsu Aishiteru;1041;0;0.213;20260802
Kygo;Take Me Back;1041;699;0.046;20260802
Max McNown;Take Me Back;1041;699;0.046;20260802
Tulus;Teh Hijau;1033;67;0.03;20260802
Milk Inc.;Medicine;1025;328;0.042;20260802
Bülent Ceylan;Wolfsherz;1021;1021;0.001;20260802
Doro;Wolfsherz;1021;1021;0.001;20260802
Zaho;Comme Caroline;1020;400;0.099;20260802
XXXTENTACION;Moonlight;1017;-21;0.855;20260802
Die Schlagerpiloten;Schuld war nur der Limoncello;1013;1013;0.001;20260802
Mazzy Star;Fade Into You;1011;449;0.349;20260802
Harry Styles;Watermelon Sugar;1005;758;4.093;20260802
Shakira;Dai Dai;17008;-1037;1.225;20260803
Burna Boy;Dai Dai;17008;-1037;1.225;20260803
HUGEL;Movin' To The Sun;15450;-694;0.87;20260803
Imael Angel;Movin' To The Sun;15450;-694;0.87;20260803
Ultra Naté;Movin' To The Sun;15450;-694;0.87;20260803
Ariana Grande;hate that i made you love me;12067;1127;0.725;20260803
Kimo Sounds;Rise Slow;10679;-774;0.403;20260803
Ella Langley;Choosin' Texas;9116;522;1.646;20260803
Ariana Grande;petal;8923;-1134;0.039;20260803
HUGEL;Jamaican;8628;-765;0.851;20260803
SOLTO (FR);Jamaican;8628;-765;0.851;20260803
Armin van Buuren;Everlasting;8511;-2252;0.043;20260803
SACHA;Everlasting;8511;-2252;0.043;20260803
Sadie Barlow;I Choose Me;7570;-2072;0.032;20260803
Taylor Swift;I Knew It, I Knew You;6817;333;0.637;20260803
RAYE;WHERE IS MY HUSBAND;6149;-38;3.11;20260803
Harry Styles;Sign of the Times;6102;872;5.142;20260803
ANOTR;Talk To You;5852;26;0.463;20260803
Teddy Swims;Mr. Know It All;5779;796;0.553;20260803
HUNTR/X;Golden;5631;-705;5.433;20260803
EJAE;Golden;5631;-705;5.433;20260803
AUDREY NUNA;Golden;5631;-705;5.433;20260803
REI AMI;Golden;5631;-705;5.433;20260803
KPop Demon Hunters Cast;Golden;5631;-705;5.433;20260803
Noah Nine;Mama, I still call your name;5626;-139;0.208;20260803
Bebe Rexha;New Religion;5590;888;0.982;20260803
Faithless;New Religion;5590;888;0.982;20260803
Olivia Rodrigo;drop dead;5579;1390;0.757;20260803
Sam Fender;Rein Me In;5567;-168;0.841;20260803
Olivia Dean;Rein Me In;5567;-168;0.841;20260803
Alex Warren;FEVER DREAM;5546;259;1.218;20260803
Alex Warren;Ordinary;5478;-451;6.142;20260803
STELLA LEFTY;Boston;5414;-428;0.453;20260803
Glen Hansard;Falling Slowly;5253;-2031;0.048;20260803
Markéta Irglová;Falling Slowly;5253;-2031;0.048;20260803
Olivia Dean;So Easy;5247;-510;1.784;20260803
DJ.ILHAM;DIGIDI DIGIDI;5128;-605;0.421;20260803
The Second Voice;LET ME BE;4791;890;1.38;20260803
Ac/Dc;Thunderstruck;4665;1770;4.287;20260803
BTS;SWIM;4596;-209;1.151;20260803
Bruno Mars;I Just Might;4572;1951;1.952;20260803
David Guetta;Run Run River;4459;-313;0.326;20260803
Alok;Run Run River;4459;-313;0.326;20260803
Stick Figure;Run Run River;4459;-313;0.326;20260803
Robyn;Dancing On My Own;4424;-1234;0.819;20260803
Taylor Swift;The Fate of Ophelia;4369;257;3.659;20260803
Temper City;Self Aware;4298;671;0.221;20260803
Harry Styles;American Girls;4240;940;0.645;20260803
BTS;NORMAL;4191;-2917;0.57;20260803
Justin Bieber;Beauty and a Beat;4123;489;2.74;20260803
Olivia Dean;Man I Need;4067;-60;2.693;20260803
sombr;Homewrecker;3818;82;0.579;20260803
KATSEYE;Animal;3766;-555;0.066;20260803
DJ Goja;Mi Chico;3762;664;0.19;20260803
KITSCHKRIEG;Gut Genug;3714;-209;0.2;20260803
Blumengarten;Gut Genug;3714;-209;0.2;20260803
Shirin David;Gut Genug;3714;-209;0.2;20260803
The Bausa;Magnetic;3688;171;0.315;20260803
Tame Impala;Dracula;3619;29;0.785;20260803
JENNIE;Dracula;3619;29;0.785;20260803
Tame Impala;Loser;3566;960;0.032;20260803
Noah Nine;A Man Can Cry;3554;262;0.142;20260803
Olivia Rodrigo;stupid song;3550;117;0.221;20260803
Swedish House Mafia;Happiness Is So Sad;3527;-331;0.016;20260803
Lykke Li;Happiness Is So Sad;3527;-331;0.016;20260803
Bruno Mars;Risk It All;3482;-381;0.816;20260803
Michael Jackson;Billie Jean;3468;-502;1.573;20260803
Azteck;Everything's Alright;3410;-522;0.07;20260803
DJ Koko;Everything's Alright;3410;-522;0.07;20260803
Kurt D;Everything's Alright;3410;-522;0.07;20260803
Morgan Wallen;Been By Now;3388;-39;0.051;20260803
Ella Langley;Be Her;3053;540;0.541;20260803
SIENNA SPIRO;Material Lover;3009;296;0.231;20260803
Picheolin;Party Rock Rock;2997;2997;0.003;20260803
TWS;SODA SODA;2971;2971;0.003;20260803
Michael Jackson;Beat It;2967;-151;0.947;20260803
Ella Langley;I Can't Love You Anymore;2835;-211;0.29;20260803
Morgan Wallen;I Can't Love You Anymore;2835;-211;0.29;20260803
Kimo Sounds;After the fall;2716;372;0.115;20260803
Dirty Thirty;Festivalwecker;2705;-869;0.056;20260803
Don Miguelo;Y Qué Fue;2700;-1600;0.233;20260803
Sia;Unstoppable;2699;778;7.704;20260803
Zara Larsson;Midnight Sun;2656;505;0.341;20260803
sombr;My Body Isn't Ready;2556;1337;0.083;20260803
Ella Langley;you look like you love me;2545;-220;1.406;20260803
Riley Green;you look like you love me;2545;-220;1.406;20260803
Ariana Grande;like i do;2538;389;0.012;20260803
BTS;Aliens;2524;-5977;0.22;20260803
Shaboozey;Cowgirl;2405;-606;0.157;20260803
Teddy Swims;Lose Control;2377;-389;7.494;20260803
JENNIE;Less than a Lover;2195;-324;0.064;20260803
Mauvais Djo;Pilé;2192;-870;0.134;20260803
Travis Japan;On My Road;2174;2174;0.007;20260803
Ariana Grande;kiss me;2171;-87;0.014;20260803
Benson Boone;Beautiful Things;2171;-818;7.368;20260803
Luke Combs;Be By You;2152;42;0.328;20260803
Madonna;Danceteria;2129;279;0.156;20260803
Kavinsky;Nightcall;2113;-31;0.608;20260803
Shaboozey;A Bar Song;2082;-1156;4.964;20260803
DJ Goja;Mi Chico;2058;517;0.112;20260803
Jason Derulo;Mi Chico;2058;517;0.112;20260803
Melody;Mi Chico;2058;517;0.112;20260803
ATEEZ;BAD;2017;-372;0.096;20260803
Red Velvet;Surfin' Boy;1986;1986;0.002;20260803
The Irrepressibles;In This Shirt;1968;-1204;0.189;20260803
Post Malone;Sunflower;1963;50;3.553;20260803
Swae Lee;Sunflower;1963;50;3.553;20260803
Cardi B;AH HA;1961;-1695;0.021;20260803
BearyTunes;Ich bin genug;1933;325;0.046;20260803
The Beatles;Here Comes the Sun;1928;1539;0.868;20260803
ZANU;Beautiful Sunday;1909;86;0.012;20260803
Lady Gaga;Always Remember Us This Way;1875;290;9.536;20260803
AI IRIE FM;No Stress, Just Vibes;1863;472;0.012;20260803
The Chemical Brothers;Go;1861;433;1.097;20260803
The Cranberries;Zombie;1854;-1532;1.936;20260803
CORTIS;MOTION;1844;-47;0.009;20260803
Tame Impala;Dracula;1826;-178;0.522;20260803
Riley Green;Imagine That;1823;-956;0.013;20260803
The Killers;Mr. Brightside;1817;-600;1.815;20260803
Prospa;Free Your Mind;1796;65;0.101;20260803
Cloonee;Free Your Mind;1796;65;0.101;20260803
The Goo Goo Dolls;Iris;1760;575;2.082;20260803
Topic;Sorry Papi;1759;-131;0.085;20260803
Becky G;Sorry Papi;1759;-131;0.085;20260803
Issouf Manem yam;Valhalla Calling;1731;794;0.024;20260803
Greta Van Fleet;Saw You Stand;1716;-798;0.01;20260803
Emma Delune;À force d’aimer comme ça;1715;731;0.007;20260803
Aitana;SUPERESTRELLA;1685;-176;0.349;20260803
Cameron Whitcomb;Kingdom of Fear;1673;-29;0.544;20260803
Dimitri Vegas;Turn The Tide;1671;12;0.033;20260803
Sylver;Turn The Tide;1671;12;0.033;20260803
Pat B;Turn The Tide;1671;12;0.033;20260803
Tears for Fears;Everybody Wants to Rule the World;1654;662;1.112;20260803
ROSÉ;APT.;1647;272;6.481;20260803
Bruno Mars;APT.;1647;272;6.481;20260803
Ricchi;Sarà perché ti amo;1643;-68;1.666;20260803
Poveri;Sarà perché ti amo;1643;-68;1.666;20260803
Eminem;Lose Yourself;1639;677;3.836;20260803
King Gnu;GO GHOST;1636;36;0.012;20260803
TOMORROW X TOGETHER;Nice to Meet Ya;1632;1632;0.002;20260803
Josh Fawaz;Like a Prayer;1623;-145;0.525;20260803
KNGDM REVIVAL;This Roman Road;1617;-51;0.008;20260803
Justen de Wildt;Cheerio;1606;210;0.163;20260803
Kate Bush;This Woman's Work;1600;1309;0.151;20260803
Dave;Raindance;1595;478;0.44;20260803
Tems;Raindance;1595;478;0.44;20260803
benny blanco;Te Olvido;1584;-1112;0.01;20260803
Becky G;Te Olvido;1584;-1112;0.01;20260803
Selena Gomez;Te Olvido;1584;-1112;0.01;20260803
Kate Bush;Wuthering Heights;1572;1457;0.448;20260803
M!LK;Tsumi to Batsu to Ame to Kiss;1568;1568;0.002;20260803
XXXTENTACION;Moonlight;1568;551;0.857;20260803
Dj Crocodile;I'm Moving To The Sun;1549;413;0.015;20260803
timelesz;Timeless Fireworks;1547;9;0.01;20260803
G Flip;Bed on Fire;1538;170;0.18;20260803
Shakira;Waka Waka;1510;-262;7.463;20260803
BE:FIRST;BRUCE WAYNE;1508;-92;0.007;20260803
Taylor Swift;august;1501;42;0.226;20260803
Mrs. GREEN APPLE;Brand New;1479;-29;0.034;20260803
Jennifer Lopez;Save Me Tonight;1452;147;0.185;20260803
David Guetta;Save Me Tonight;1452;147;0.185;20260803
Chappell Roan;Pink Pony Club;1423;-319;2.783;20260803
Jerri;The JAWN;1421;-178;0.036;20260803
Rutger Van Barneveld;Zwoele Zomernachten;1420;-7;0.072;20260803
fluffysnaff;To The Sun;1414;531;0.008;20260803
Fleetwood Mac;Landslide;1407;246;0.433;20260803
Take That;Sweet July;1402;340;0.052;20260803
ME:I;Flower Road;1395;1395;0.003;20260803
ILLIT;I Got Your Back;1393;-100;0.013;20260803
HANA;I Got Your Back;1393;-100;0.013;20260803
Kavinsky;Nightcall;1384;3;0.312;20260803
Angèle;Nightcall;1384;3;0.312;20260803
Phoenix;Nightcall;1384;3;0.312;20260803
Kenny Chesney;Burn My Boat;1379;-330;0.007;20260803
Usagi(CV:Ozawa Ari);Usagi Rap;1368;151;0.014;20260803
Mermaid(CV:Oki Saeko);Usagi Rap;1368;151;0.014;20260803
Mermaid(CV:Nanase Ayaka);Usagi Rap;1368;151;0.014;20260803
Bad Bunny;NUEVAYoL;1360;-416;1.057;20260803
Angelina Mango;Canto d’amore;1347;409;0.055;20260803
Gravel;Sit With Me Lord;1345;-992;0.061;20260803
Grace;Sit With Me Lord;1345;-992;0.061;20260803
Quevedo;LA GRACIOSA;1343;19;0.069;20260803
Elvis Crespo;LA GRACIOSA;1343;19;0.069;20260803
Gen Hoshino;Suki;1341;-109;0.007;20260803
4 Non Blondes;What's Up;1337;248;1.369;20260803
ILLIT;It's Me;1324;-212;0.158;20260803
Bad Bunny;DtMF;1323;91;1.22;20260803
Haruka Aoki;Tsukue Sasuru;1315;-26;0.014;20260803
HWASA;Good Goodbye;1308;430;0.452;20260803
Rockin' Jukebox;Storm in my heart;1297;-241;0.012;20260803
DHENYS R J;All Night Long;1296;-114;0.194;20260803
Merk;PARTENOPE;1294;-2;0.048;20260803
Kremont;PARTENOPE;1294;-2;0.048;20260803
sakanaction;Yoru No Odoriko;1290;-78;0.153;20260803
ext3nsion;Du Bist Gut Genug;1270;287;0.028;20260803
Neil Diamond;Sweet Caroline;1263;663;1.512;20260803
Elevation Worship;God I'm Just Grateful;1261;384;0.141;20260803
Chandler Moore;God I'm Just Grateful;1261;384;0.141;20260803
Die Schlagerpiloten;Schuld war nur der Limoncello;1257;244;0.002;20260803
Bonnie Tyler;Holding Out for a Hero;1255;591;0.375;20260803
Luke Combs;Where the Wild Things Are;1253;269;0.546;20260803
Ella Langley;Loving Life Again;1252;-13;0.158;20260803
Kenshi Yonezu;Yodaka;1241;-219;0.034;20260803
Michael Jackson;Thriller;1231;529;1.235;20260803
Wasureranneyo;Nannmonee;1230;60;0.04;20260803
Drake;NOKIA;1211;932;1.929;20260803
Mark Tuan;Alone;1211;-1358;0.01;20260803
Metallica;Enter Sandman;1198;814;1.686;20260803
Bob Dominator;Dark Night;1197;271;0.029;20260803
mikeeysmind;Papaoutai;1195;572;0.969;20260803
Chill77;Papaoutai;1195;572;0.969;20260803
Unjaps;Papaoutai;1195;572;0.969;20260803
Siren(CV:Suzuki Minori);Shima No Uta;1193;-122;0.014;20260803
Mermaid(CV:Oki Saeko);Shima No Uta;1193;-122;0.014;20260803
Mermaid(CV:Nanase Ayaka);Shima No Uta;1193;-122;0.014;20260803
Israel Kamakawiwo'ole;Over the Rainbow;1177;842;2.801;20260803
Van Morrison;Days Like This;1170;405;0.056;20260803
Ryokuoushoku Shakai;Hare Bare;1170;-252;0.006;20260803
Jahin Music;Your Phone Linging;1170;523;0.363;20260803
Lady Gaga;Runway;1169;731;0.425;20260803
Doechii;Runway;1169;731;0.425;20260803
John Denver;Take Me Home, Country Roads;1166;-294;0.726;20260803
Fred De Palma;LA TESTA GIRA;1151;340;0.103;20260803
Anitta;LA TESTA GIRA;1151;340;0.103;20260803
Emis Killa;LA TESTA GIRA;1151;340;0.103;20260803
Peter Maffay;Ein Leben lang ist nicht lang;1148;-45;0.029;20260803
Johannes Oerding;Ein Leben lang ist nicht lang;1148;-45;0.029;20260803
Kenshi Yonezu - Karasu;Raven;1148;-142;0.071;20260803
M83;Outro;1142;866;0.25;20260803
Coldplay;Viva la Vida;1141;450;7.064;20260803
Manon Lisa;Le Petit Pêcheur;1139;-178;0.074;20260803
Nazareth;Love Hurts;1127;-309;0.083;20260803
Ludwig Göransson;Odysseus;1126;-268;0.029;20260803
Noah Nine;Alone;1125;-105;0.027;20260803
M!LK;Sukisugite METSU;1125;-116;0.352;20260803
Christina Perri;A Thousand Years;1119;491;8.373;20260803
Bonnie Tyler;Total Eclipse of the Heart;1119;-876;0.635;20260803
Usagi(CV:Ozawa Ari);Usagi Rap;1104;21;0.012;20260803
Momonga(CV:Iguchi Yuka);Usagi Rap;1104;21;0.012;20260803
Mermaid(CV:Oki Saeko);Usagi Rap;1104;21;0.012;20260803
Mermaid(CV:Nanase Ayaka);Usagi Rap;1104;21;0.012;20260803
Hachiware(CV:Tanaka Makoto);Kutsuzure;1083;-110;0.013;20260803
Ella Langley;Dandelion;1077;121;0.253;20260803
Lady Gaga;Die With A Smile;1074;443;7.61;20260803
Bruno Mars;Die With A Smile;1074;443;7.61;20260803
Bad Bunny;CAFé CON RON;1062;464;0.149;20260803
Los Pleneros de la Cresta;CAFé CON RON;1062;464;0.149;20260803
M!LK;YouJoyParade;1062;0;0.024;20260803
Boris Brejcha;Flying Bird;1057;-207;0.112;20260803
Riley Green;Think As You Drunk;1042;-106;0.052;20260803
Simon Says;Il Changeait La Vie;1041;500;0.002;20260803
EBiDAN Ebisu Gakuen Boys Club;Yes Tokyo;1041;114;0.03;20260803
chotokkyu;Yes Tokyo;1041;114;0.03;20260803
M!LK;Yes Tokyo;1041;114;0.03;20260803
GNJB;Yes Tokyo;1041;114;0.03;20260803
Olivia Rodrigo;the cure;1040;1040;0.203;20260803
Ludwig Göransson;Sirens;1034;457;0.01;20260803
Chris Stapleton;Tennessee Whiskey;1033;-275;3.608;20260803
Picheolin;Love Sick;1028;1028;0.01;20260803
Teddy Swims;Bad Dreams;1024;230;3.61;20260803
Shakira;Dai Dai;16039;-969;1.241;20260804
Burna Boy;Dai Dai;16039;-969;1.241;20260804
HUGEL;Movin' To The Sun;15286;-164;0.886;20260804
Imael Angel;Movin' To The Sun;15286;-164;0.886;20260804
Ultra Naté;Movin' To The Sun;15286;-164;0.886;20260804
Ariana Grande;hate that i made you love me;12762;695;0.737;20260804
Kimo Sounds;Rise Slow;11146;467;0.414;20260804
Ariana Grande;petal;10773;1850;0.05;20260804
Ella Langley;Choosin' Texas;8910;-206;1.655;20260804
Taylor Swift;I Knew It, I Knew You;8082;1265;0.645;20260804
HUGEL;Jamaican;7892;-736;0.859;20260804
SOLTO (FR);Jamaican;7892;-736;0.859;20260804
Armin van Buuren;Everlasting;7124;-1387;0.05;20260804
SACHA;Everlasting;7124;-1387;0.05;20260804
Teddy Swims;Mr. Know It All;6547;768;0.559;20260804
Sadie Barlow;I Choose Me;6399;-1171;0.039;20260804
RAYE;WHERE IS MY HUSBAND;6070;-79;3.116;20260804
Alex Warren;FEVER DREAM;5962;416;1.224;20260804
DJ.ILHAM;DIGIDI DIGIDI;5759;631;0.426;20260804
STELLA LEFTY;Boston;5653;239;0.459;20260804
Martin Garrix;High On Life;5642;5642;0.294;20260804
ANOTR;Talk To You;5557;-295;0.469;20260804
Sam Fender;Rein Me In;5258;-309;0.846;20260804
Olivia Dean;Rein Me In;5258;-309;0.846;20260804
Alex Warren;Ordinary;5253;-225;6.147;20260804
Michael Jackson;Billie Jean;5246;1778;1.579;20260804
Olivia Dean;So Easy;5234;-13;1.789;20260804
HUNTR/X;Golden;5170;-461;5.438;20260804
EJAE;Golden;5170;-461;5.438;20260804
AUDREY NUNA;Golden;5170;-461;5.438;20260804
REI AMI;Golden;5170;-461;5.438;20260804
KPop Demon Hunters Cast;Golden;5170;-461;5.438;20260804
Bebe Rexha;New Religion;5096;-494;0.987;20260804
Faithless;New Religion;5096;-494;0.987;20260804
The Second Voice;LET ME BE;5020;229;1.385;20260804
BTS;SWIM;4546;-50;1.155;20260804
Tame Impala;Loser;4534;968;0.036;20260804
Harry Styles;Sign of the Times;4517;-1585;5.146;20260804
Azteck;Everything's Alright;4517;1107;0.075;20260804
DJ Koko;Everything's Alright;4517;1107;0.075;20260804
Kurt D;Everything's Alright;4517;1107;0.075;20260804
Harry Styles;American Girls;4397;157;0.649;20260804
Glen Hansard;Falling Slowly;4330;-923;0.052;20260804
Markéta Irglová;Falling Slowly;4330;-923;0.052;20260804
Robyn;Dancing On My Own;4314;-110;0.823;20260804
David Guetta;Run Run River;4299;-160;0.331;20260804
Alok;Run Run River;4299;-160;0.331;20260804
Stick Figure;Run Run River;4299;-160;0.331;20260804
The Bausa;Magnetic;4064;376;0.319;20260804
Taylor Swift;The Fate of Ophelia;3988;-381;3.663;20260804
Ella Langley;I Can't Love You Anymore;3947;1112;0.294;20260804
Morgan Wallen;I Can't Love You Anymore;3947;1112;0.294;20260804
Olivia Dean;Man I Need;3933;-134;2.696;20260804
Ac/Dc;Thunderstruck;3929;-736;4.291;20260804
Noah Nine;Mama, I still call your name;3857;-1769;0.212;20260804
Olivia Rodrigo;drop dead;3846;-1733;0.761;20260804
Bruno Mars;I Just Might;3835;-737;1.956;20260804
Dirty Thirty;Festivalwecker;3582;877;0.06;20260804
DJ Goja;Mi Chico;3563;-199;0.193;20260804
Bruno Mars;Risk It All;3509;27;0.819;20260804
KATSEYE;Animal;3475;-291;0.07;20260804
Michael Jackson;Beat It;3437;470;0.951;20260804
Shaboozey;Cowgirl;3335;930;0.161;20260804
Ella Langley;Be Her;3248;195;0.545;20260804
TWS;SODA SODA;3082;111;0.006;20260804
sombr;My Body Isn't Ready;2989;433;0.086;20260804
BTS;NORMAL;2985;-1206;0.573;20260804
Tame Impala;Dracula;2948;-671;0.788;20260804
JENNIE;Dracula;2948;-671;0.788;20260804
KITSCHKRIEG;Gut Genug;2901;-813;0.202;20260804
Blumengarten;Gut Genug;2901;-813;0.202;20260804
Shirin David;Gut Genug;2901;-813;0.202;20260804
Swedish House Mafia;Happiness Is So Sad;2864;-663;0.019;20260804
Lykke Li;Happiness Is So Sad;2864;-663;0.019;20260804
Temper City;Self Aware;2832;-1466;0.224;20260804
sombr;Homewrecker;2831;-987;0.581;20260804
Kimo Sounds;After the fall;2755;39;0.118;20260804
The Cranberries;Zombie;2658;804;1.939;20260804
Issouf Manem yam;Valhalla Calling;2657;926;0.027;20260804
Picheolin;Party Rock Rock;2631;-366;0.006;20260804
Jerri;The JAWN;2629;1208;0.039;20260804
SIENNA SPIRO;Material Lover;2591;-418;0.233;20260804
Morgan Wallen;Been By Now;2566;-822;0.054;20260804
Shaboozey;A Bar Song;2533;451;4.967;20260804
Zara Larsson;Midnight Sun;2505;-151;0.344;20260804
Ella Langley;you look like you love me;2443;-102;1.409;20260804
Riley Green;you look like you love me;2443;-102;1.409;20260804
Justin Bieber;Beauty and a Beat;2433;-1690;2.743;20260804
Travis Japan;On My Road;2428;254;0.009;20260804
New Radicals;You Get What You Give;2407;2407;0.213;20260804
Ariana Grande;kiss me;2396;225;0.016;20260804
Red Velvet;Surfin' Boy;2349;363;0.004;20260804
Bad Bunny;NUEVAYoL;2318;958;1.059;20260804
XXXTENTACION;Moonlight;2306;738;0.859;20260804
Post Malone;Sunflower;2262;299;3.555;20260804
Swae Lee;Sunflower;2262;299;3.555;20260804
ATEEZ;BAD;2207;190;0.098;20260804
JENNIE;Less than a Lover;2178;-17;0.066;20260804
The Red Clay Strays;I'm Still Fine;2162;2162;0.022;20260804
Mauvais Djo;Pilé;2153;-39;0.136;20260804
The Goo Goo Dolls;Iris;2122;362;2.084;20260804
Don Miguelo;Y Qué Fue;2077;-623;0.235;20260804
Olivia Rodrigo;stupid song;2058;-1492;0.223;20260804
Cardi B;AH HA;2054;93;0.023;20260804
Prospa;Free Your Mind;2047;251;0.104;20260804
Cloonee;Free Your Mind;2047;251;0.104;20260804
ROSÉ;APT.;2044;397;6.483;20260804
Bruno Mars;APT.;2044;397;6.483;20260804
Ludwig Göransson;Odysseus;2026;900;0.031;20260804
Madonna;Danceteria;1994;-135;0.158;20260804
KNGDM REVIVAL;This Roman Road;1993;376;0.01;20260804
Luke Combs;Be By You;1991;-161;0.33;20260804
River;Love Me Where It Hurts;1978;1885;0.005;20260804
Luz;Love Me Where It Hurts;1978;1885;0.005;20260804
DJ Goja;Mi Chico;1938;-120;0.114;20260804
Jason Derulo;Mi Chico;1938;-120;0.114;20260804
Melody;Mi Chico;1938;-120;0.114;20260804
Eminem;Lose Yourself;1903;264;3.838;20260804
The Beatles;Here Comes the Sun;1902;-26;0.869;20260804
AI IRIE FM;No Stress, Just Vibes;1839;-24;0.014;20260804
DJ BoerBeats;Pretty Belinda;1834;848;0.02;20260804
Kate Bush;This Woman's Work;1810;210;0.153;20260804
Lady Gaga;Die With A Smile;1789;715;7.612;20260804
Bruno Mars;Die With A Smile;1789;715;7.612;20260804
Topic;Sorry Papi;1782;23;0.087;20260804
Becky G;Sorry Papi;1782;23;0.087;20260804
Bonnie Tyler;Total Eclipse of the Heart;1767;648;0.637;20260804
Benson Boone;Beautiful Things;1752;-419;7.37;20260804
Teddy Swims;Lose Control;1750;-627;7.496;20260804
Aitana;SUPERESTRELLA;1731;46;0.351;20260804
Josh Fawaz;Like a Prayer;1731;108;0.527;20260804
The Doobie Brothers;What a Fool Believes;1723;1052;0.036;20260804
Noah Nine;A Man Can Cry;1721;-1833;0.144;20260804
Ricchi;Sarà perché ti amo;1707;64;1.668;20260804
Poveri;Sarà perché ti amo;1707;64;1.668;20260804
Fleetwood Mac;Landslide;1690;283;0.435;20260804
Dave;Raindance;1684;89;0.441;20260804
Tems;Raindance;1684;89;0.441;20260804
Kimo Sounds;Make It Spectacular;1682;821;0.006;20260804
King Gnu;GO GHOST;1682;46;0.014;20260804
The Chemical Brothers;Go;1668;-193;1.099;20260804
Taylor Swift;Opalite;1662;773;1.987;20260804
The Killers;Mr. Brightside;1657;-160;1.816;20260804
Sia;Unstoppable;1614;-1085;7.705;20260804
ZANU;Beautiful Sunday;1592;-317;0.013;20260804
DHENYS R J;All Night Long;1588;292;0.195;20260804
mikeeysmind;Papaoutai;1576;381;0.971;20260804
Chill77;Papaoutai;1576;381;0.971;20260804
Unjaps;Papaoutai;1576;381;0.971;20260804
Emma Delune;À force d’aimer comme ça;1574;-141;0.009;20260804
Kavinsky;Nightcall;1570;-543;0.61;20260804
M!LK;Tsumi to Batsu to Ame to Kiss;1568;0;0.003;20260804
Metallica;Nothing Else Matters;1568;1003;4.533;20260804
Riley Green;Imagine That;1564;-259;0.015;20260804
Greta Van Fleet;Saw You Stand;1542;-174;0.011;20260804
Shakira;Waka Waka;1512;2;7.464;20260804
ILLIT;It's Me;1509;185;0.159;20260804
BE:FIRST;BRUCE WAYNE;1508;0;0.008;20260804
John Denver;Take Me Home, Country Roads;1496;330;0.727;20260804
The Irrepressibles;In This Shirt;1494;-474;0.19;20260804
Rutger Van Barneveld;Zwoele Zomernachten;1484;64;0.074;20260804
Mrs. GREEN APPLE;Brand New;1479;0;0.035;20260804
Peter Maffay;Ein Leben lang ist nicht lang;1473;325;0.031;20260804
Johannes Oerding;Ein Leben lang ist nicht lang;1473;325;0.031;20260804
OneRepublic;Need Your Love;1473;568;0.119;20260804
timelesz;Timeless Fireworks;1450;-97;0.012;20260804
Christina Perri;A Thousand Years;1448;329;8.375;20260804
Drake;NOKIA;1447;236;1.931;20260804
ME:I;Flower Road;1422;27;0.005;20260804
Mazzy Star;Fade Into You;1401;545;0.351;20260804
ILLIT;I Got Your Back;1395;2;0.015;20260804
HANA;I Got Your Back;1395;2;0.015;20260804
Tears for Fears;Everybody Wants to Rule the World;1381;-273;1.114;20260804
Michael Jackson;Thriller;1376;145;1.236;20260804
Dimitri Vegas;Turn The Tide;1368;-303;0.035;20260804
Sylver;Turn The Tide;1368;-303;0.035;20260804
Pat B;Turn The Tide;1368;-303;0.035;20260804
G Flip;Bed on Fire;1368;-170;0.181;20260804
Dj Crocodile;I'm Moving To The Sun;1357;-192;0.016;20260804
4 Non Blondes;What's Up;1356;19;1.37;20260804
Kenshi Yonezu;Yodaka;1341;100;0.035;20260804
BTS;Dynamite;1323;326;3.771;20260804
M!LK;Sukisugite METSU;1315;190;0.353;20260804
ext3nsion;Du Bist Gut Genug;1314;44;0.029;20260804
Phil Collins;In the Air Tonight;1309;804;1.334;20260804
Lady Gaga;Always Remember Us This Way;1309;-566;9.537;20260804
Zara Larsson;Lush Life;1302;342;2.921;20260804
Siren(CV:Suzuki Minori);Shima No Uta;1290;97;0.015;20260804
Mermaid(CV:Oki Saeko);Shima No Uta;1290;97;0.015;20260804
Mermaid(CV:Nanase Ayaka);Shima No Uta;1290;97;0.015;20260804
Ankara Echoes;Beni Al;1279;583;0.098;20260804
Marco Schuitmaker;Loesoe;1279;299;0.014;20260804
Ariana Grande;like i do;1276;-1262;0.013;20260804
Haruka Aoki;Tsukue Sasuru;1265;-50;0.016;20260804
KAROL G;MATADORA;1258;1041;0.012;20260804
Gen Hoshino;Suki;1241;-100;0.009;20260804
KISS OF LIFE;SWEAT;1222;1222;0.001;20260804
Cameron Whitcomb;Kingdom of Fear;1218;-455;0.545;20260804
Usagi(CV:Ozawa Ari);Usagi Rap;1217;-151;0.015;20260804
Mermaid(CV:Oki Saeko);Usagi Rap;1217;-151;0.015;20260804
Mermaid(CV:Nanase Ayaka);Usagi Rap;1217;-151;0.015;20260804
Lord Huron;The Night We Met;1199;515;0.441;20260804
Manon Lisa;Le Petit Pêcheur;1199;60;0.075;20260804
Michael Jackson;Don't Stop 'Til You Get Enough;1195;822;0.334;20260804
Elevation Worship;God I'm Just Grateful;1193;-68;0.142;20260804
Chandler Moore;God I'm Just Grateful;1193;-68;0.142;20260804
Van Morrison;Days Like This;1193;23;0.058;20260804
BearyTunes;Ich bin genug;1193;-740;0.047;20260804
=LOVE;Koi, Hajimemashita.;1193;892;0.001;20260804
米津玄師 - 烏;Raven;1185;1185;0.012;20260804
Billie Eilish;BIRDS OF A FEATHER;1171;673;6.003;20260804
Noah Kahan;Orbiter;1164;166;0.075;20260804
sakanaction;Yoru No Odoriko;1148;-142;0.154;20260804
Linkin Park;In the End;1141;751;1.357;20260804
Klaus Badelt;He's a Pirate;1140;553;0.373;20260804
Tame Impala;Dracula;1140;-686;0.523;20260804
Katy Perry;Watch It Burn;1127;861;0.08;20260804
TOMORROW X TOGETHER;Nice to Meet Ya;1125;-507;0.003;20260804
Jahin Music;Your Phone Linging;1123;-47;0.365;20260804
Bad Bunny;EoO;1116;390;0.237;20260804
Five Finger Death Punch;In Time;1111;301;0.003;20260804
Radiohead;Creep;1109;539;1.914;20260804
EBiDAN Ebisu Gakuen Boys Club;Yes Tokyo;1104;63;0.031;20260804
chotokkyu;Yes Tokyo;1104;63;0.031;20260804
M!LK;Yes Tokyo;1104;63;0.031;20260804
GNJB;Yes Tokyo;1104;63;0.031;20260804
LOVIXX STOSLIV;dont tell your dreams to everybody;1103;368;0.003;20260804
Justen de Wildt;Cheerio;1100;-506;0.164;20260804
Teddy Swims;The Door;1096;439;4.003;20260804
Taylor Swift;august;1091;-410;0.227;20260804
Luke Combs;Where the Wild Things Are;1083;-170;0.548;20260804
Usagi(CV:Ozawa Ari);Usagi Rap;1083;-21;0.013;20260804
Momonga(CV:Iguchi Yuka);Usagi Rap;1083;-21;0.013;20260804
Mermaid(CV:Oki Saeko);Usagi Rap;1083;-21;0.013;20260804
Mermaid(CV:Nanase Ayaka);Usagi Rap;1083;-21;0.013;20260804
Oasis;Wonderwall;1079;117;1.478;20260804
Kenny Chesney;Burn My Boat;1069;-310;0.008;20260804
Aitch;RMB;1067;367;0.039;20260804
Hachiware(CV:Tanaka Makoto);Kutsuzure;1062;-21;0.014;20260804
CORTIS;MOTION;1059;-785;0.01;20260804
benny blanco;Te Olvido;1055;-529;0.011;20260804
Becky G;Te Olvido;1055;-529;0.011;20260804
Selena Gomez;Te Olvido;1055;-529;0.011;20260804
Tulus;Teh Hijau;1054;43;0.032;20260804
Magnus Ferrell;Asleep Talking;1047;549;0.034;20260804
Gebroeders Ko;Proud To Be Fout;1042;809;0.008;20260804
M!LK;YouJoyParade;1041;-21;0.025;20260804
BearyTunes;Mut;1035;492;0.079;20260804
Ryokuoushoku Shakai;Hare Bare;1021;-149;0.007;20260804
KAROL G;Si Antes Te Hubiera Conocido;1021;442;1.931;20260804
Quevedo;LA GRACIOSA;1016;-327;0.07;20260804
Elvis Crespo;LA GRACIOSA;1016;-327;0.07;20260804
Shakira;Dai Dai;17201;1162;1.258;20260805
Burna Boy;Dai Dai;17201;1162;1.258;20260805
HUGEL;Movin' To The Sun;15565;279;0.901;20260805
Imael Angel;Movin' To The Sun;15565;279;0.901;20260805
Ultra Naté;Movin' To The Sun;15565;279;0.901;20260805
Ariana Grande;hate that i made you love me;11653;-1109;0.749;20260805
Kimo Sounds;Rise Slow;10943;-203;0.425;20260805
HUGEL;Jamaican;9038;1146;0.868;20260805
SOLTO (FR);Jamaican;9038;1146;0.868;20260805
Ariana Grande;petal;8451;-2322;0.058;20260805
Ella Langley;Choosin' Texas;8004;-906;1.663;20260805
Taylor Swift;I Knew It, I Knew You;7227;-855;0.652;20260805
Glen Hansard;Falling Slowly;6693;2363;0.059;20260805
Markéta Irglová;Falling Slowly;6693;2363;0.059;20260805
RAYE;WHERE IS MY HUSBAND;6584;514;3.123;20260805
Teddy Swims;Mr. Know It All;6330;-217;0.565;20260805
Alex Warren;FEVER DREAM;6258;296;1.23;20260805
The Second Voice;LET ME BE;6106;1086;1.391;20260805
Bebe Rexha;New Religion;5765;669;0.993;20260805
Faithless;New Religion;5765;669;0.993;20260805
DJ.ILHAM;DIGIDI DIGIDI;5697;-62;0.432;20260805
STELLA LEFTY;Boston;5556;-97;0.464;20260805
Alex Warren;Ordinary;5255;2;6.153;20260805
Glen Hansard;Song of Good Hope;5183;5183;0.01;20260805
Armin van Buuren;Everlasting;5165;-1959;0.055;20260805
SACHA;Everlasting;5165;-1959;0.055;20260805
ANOTR;Talk To You;4919;-638;0.474;20260805
Olivia Dean;So Easy;4910;-324;1.794;20260805
Harry Styles;Sign of the Times;4749;232;5.151;20260805
Robyn;Dancing On My Own;4732;418;0.828;20260805
Azteck;Everything's Alright;4514;-3;0.079;20260805
DJ Koko;Everything's Alright;4514;-3;0.079;20260805
Kurt D;Everything's Alright;4514;-3;0.079;20260805
Sam Fender;Rein Me In;4513;-745;0.851;20260805
Olivia Dean;Rein Me In;4513;-745;0.851;20260805
BTS;SWIM;4505;-41;1.16;20260805
Tame Impala;Loser;4427;-107;0.04;20260805
Olivia Rodrigo;drop dead;4422;576;0.766;20260805
Martin Garrix;High On Life;4418;-1224;0.298;20260805
Sadie Barlow;I Choose Me;4341;-2058;0.043;20260805
Dirty Thirty;Festivalwecker;4272;690;0.064;20260805
David Guetta;Run Run River;4201;-98;0.335;20260805
Alok;Run Run River;4201;-98;0.335;20260805
Stick Figure;Run Run River;4201;-98;0.335;20260805
The Bausa;Magnetic;4067;3;0.323;20260805
Olivia Dean;Man I Need;3749;-184;2.7;20260805
Accept;Save Us;3732;3732;0.004;20260805
HUNTR/X;Golden;3729;-1441;5.442;20260805
EJAE;Golden;3729;-1441;5.442;20260805
AUDREY NUNA;Golden;3729;-1441;5.442;20260805
REI AMI;Golden;3729;-1441;5.442;20260805
KPop Demon Hunters Cast;Golden;3729;-1441;5.442;20260805
Temper City;Self Aware;3699;867;0.227;20260805
Ella Langley;I Can't Love You Anymore;3689;-258;0.298;20260805
Morgan Wallen;I Can't Love You Anymore;3689;-258;0.298;20260805
Bruno Mars;I Just Might;3684;-151;1.96;20260805
Issouf Manem yam;Valhalla Calling;3669;1012;0.031;20260805
Michael Jackson;Billie Jean;3605;-1641;1.582;20260805
SIENNA SPIRO;Material Lover;3596;1005;0.237;20260805
Sam Smith;When He’s Gone;3475;2600;0.004;20260805
Ac/Dc;Thunderstruck;3436;-493;4.294;20260805
Noah Nine;Mama, I still call your name;3372;-485;0.216;20260805
Ella Langley;Be Her;3336;88;0.548;20260805
Michael Jackson;Beat It;3288;-149;0.954;20260805
DJ Goja;Mi Chico;3257;-306;0.197;20260805
Morgan Wallen;Been By Now;3225;659;0.057;20260805
New Radicals;You Get What You Give;3183;776;0.216;20260805
KATSEYE;Animal;3174;-301;0.073;20260805
Eminem;Lose Yourself;3113;1210;3.842;20260805
BTS;Love Maze;3096;2488;0.054;20260805
Harry Styles;American Girls;3062;-1335;0.652;20260805
Teddy Swims;Lose Control;2983;1233;7.499;20260805
Olivia Rodrigo;stupid song;2948;890;0.226;20260805
Tame Impala;Dracula;2941;-7;0.791;20260805
JENNIE;Dracula;2941;-7;0.791;20260805
Shaboozey;Cowgirl;2919;-416;0.164;20260805
Ella Langley;you look like you love me;2908;465;1.412;20260805
Riley Green;you look like you love me;2908;465;1.412;20260805
Bruno Mars;Risk It All;2833;-676;0.822;20260805
The Cranberries;Zombie;2798;140;1.942;20260805
Kimo Sounds;After the fall;2779;24;0.121;20260805
sombr;My Body Isn't Ready;2768;-221;0.089;20260805
Taylor Swift;The Fate of Ophelia;2706;-1282;3.666;20260805
Ricchi;Sarà perché ti amo;2607;900;1.67;20260805
Poveri;Sarà perché ti amo;2607;900;1.67;20260805
Post Malone;Sunflower;2584;322;3.557;20260805
Swae Lee;Sunflower;2584;322;3.557;20260805
Justin Bieber;Beauty and a Beat;2563;130;2.745;20260805
Jerri;The JAWN;2556;-73;0.041;20260805
Gravel;Sit With Me Lord;2456;2128;0.064;20260805
Grace;Sit With Me Lord;2456;2128;0.064;20260805
sombr;Homewrecker;2429;-402;0.584;20260805
Don Miguelo;Y Qué Fue;2388;311;0.238;20260805
KITSCHKRIEG;Gut Genug;2364;-537;0.205;20260805
Blumengarten;Gut Genug;2364;-537;0.205;20260805
Shirin David;Gut Genug;2364;-537;0.205;20260805
Weezer;C.E.O.;2339;2339;0.002;20260805
Zara Larsson;Lush Life;2246;944;2.923;20260805
The Goo Goo Dolls;Iris;2241;119;2.086;20260805
Zara Larsson;Midnight Sun;2201;-304;0.346;20260805
Lady Gaga;Always Remember Us This Way;2198;889;9.539;20260805
JENNIE;Less than a Lover;2176;-2;0.068;20260805
Shaboozey;A Bar Song;2166;-367;4.969;20260805
Swedish House Mafia;Happiness Is So Sad;2099;-765;0.021;20260805
Lykke Li;Happiness Is So Sad;2099;-765;0.021;20260805
The Red Clay Strays;I'm Still Fine;2069;-93;0.024;20260805
Josh Fawaz;Like a Prayer;2054;323;0.529;20260805
TWS;SODA SODA;2053;-1029;0.008;20260805
Travis Japan;On My Road;2049;-379;0.011;20260805
Dj Crocodile;I'm Moving To The Sun;2041;684;0.018;20260805
DHENYS R J;All Night Long;2040;452;0.197;20260805
XXXTENTACION;Moonlight;2039;-267;0.861;20260805
ABBA;Dancing Queen;2013;1336;1.163;20260805
KNGDM REVIVAL;This Roman Road;2013;20;0.012;20260805
Madonna;Danceteria;2013;19;0.16;20260805
Peter Maffay;Ein Leben lang ist nicht lang;2012;539;0.033;20260805
Johannes Oerding;Ein Leben lang ist nicht lang;2012;539;0.033;20260805
The Doobie Brothers;What a Fool Believes;1963;240;0.038;20260805
Saxboy Billy;The Puerto Rico Song;1957;1123;0.311;20260805
Aitana;SUPERESTRELLA;1933;202;0.353;20260805
Oasis;Wonderwall;1928;849;1.48;20260805
Bleu Soleil;Soleil Bleu;1907;1015;0.698;20260805
LUIZA;Soleil Bleu;1907;1015;0.698;20260805
Topic;Sorry Papi;1903;121;0.089;20260805
Becky G;Sorry Papi;1903;121;0.089;20260805
Bad Bunny;NUEVAYoL;1898;-420;1.061;20260805
Mauvais Djo;Pilé;1881;-272;0.138;20260805
The Beatles;Here Comes the Sun;1873;-29;0.871;20260805
Luke Combs;Be By You;1861;-130;0.332;20260805
Lord Huron;The Night We Met;1855;656;0.443;20260805
Prospa;Free Your Mind;1853;-194;0.105;20260805
Cloonee;Free Your Mind;1853;-194;0.105;20260805
Noah Nine;A Man Can Cry;1848;127;0.145;20260805
ATEEZ;BAD;1812;-395;0.1;20260805
The Killers;Mr. Brightside;1753;96;1.818;20260805
Kimo Sounds;Make It Spectacular;1732;50;0.007;20260805
Tears for Fears;Everybody Wants to Rule the World;1722;341;1.115;20260805
Dimitri Vegas;Turn The Tide;1721;353;0.036;20260805
Sylver;Turn The Tide;1721;353;0.036;20260805
Pat B;Turn The Tide;1721;353;0.036;20260805
King Gnu;GO GHOST;1720;38;0.016;20260805
Red Velvet;Surfin' Boy;1717;-632;0.006;20260805
Mrs. GREEN APPLE;Brand New;1711;232;0.037;20260805
Christina Perri;A Thousand Years;1694;246;8.376;20260805
ROSÉ;APT.;1677;-367;6.485;20260805
Bruno Mars;APT.;1677;-367;6.485;20260805
Tame Impala;Dracula;1623;483;0.524;20260805
Beyoncé;MORNING DEW;1617;1509;0.105;20260805
BTS;NORMAL;1599;-1386;0.575;20260805
BE:FIRST;BRUCE WAYNE;1587;79;0.01;20260805
Drake;NOKIA;1581;134;1.932;20260805
TOMORROW X TOGETHER;Nice to Meet Ya;1580;455;0.004;20260805
M!LK;Tsumi to Batsu to Ame to Kiss;1538;-30;0.005;20260805
DJ Goja;Mi Chico;1531;-407;0.115;20260805
Jason Derulo;Mi Chico;1531;-407;0.115;20260805
Melody;Mi Chico;1531;-407;0.115;20260805
ILLIT;I Got Your Back;1528;133;0.016;20260805
HANA;I Got Your Back;1528;133;0.016;20260805
G Flip;Bed on Fire;1508;140;0.183;20260805
KISS OF LIFE;SWEAT;1491;269;0.003;20260805
Dave;Raindance;1476;-208;0.443;20260805
Tems;Raindance;1476;-208;0.443;20260805
BTS;Pied Piper;1474;1248;0.089;20260805
Ludwig Göransson;Odysseus;1469;-557;0.033;20260805
Cardi B;AH HA;1455;-599;0.025;20260805
Take That;Sweet July;1453;758;0.054;20260805
ME:I;Flower Road;1450;28;0.006;20260805
Justen de Wildt;Cheerio;1450;350;0.165;20260805
The Cranberries;Dreams;1448;915;0.984;20260805
ASTRO DONUTS;LINK HEARTS;1430;1430;0.001;20260805
Metallica;Enter Sandman;1429;747;1.688;20260805
sombr;12 to 12;1419;482;1.21;20260805
Picheolin;Party Rock Rock;1410;-1221;0.007;20260805
M!LK;Sukisugite METSU;1395;80;0.355;20260805
HWASA;Good Goodbye;1384;475;0.454;20260805
DJ BoerBeats;Pretty Belinda;1379;-455;0.022;20260805
Kate Bush;This Woman's Work;1368;-442;0.154;20260805
ILLIT;It's Me;1368;-141;0.161;20260805
The Irrepressibles;In This Shirt;1359;-135;0.192;20260805
R.E.M.;Losing My Religion;1345;967;0.713;20260805
sakanaction;Yoru No Odoriko;1341;193;0.155;20260805
Steve Lacy;oh yeah;1336;473;0.003;20260805
mikeeysmind;Papaoutai;1331;-245;0.972;20260805
Chill77;Papaoutai;1331;-245;0.972;20260805
Unjaps;Papaoutai;1331;-245;0.972;20260805
Benson Boone;Beautiful Things;1324;-428;7.371;20260805
Rutger Van Barneveld;Zwoele Zomernachten;1320;-164;0.075;20260805
Kenshi Yonezu;Yodaka;1315;-26;0.036;20260805
Oliver Tree;Life Goes On;1299;493;0.477;20260805
Fred De Palma;LA TESTA GIRA;1285;560;0.105;20260805
Anitta;LA TESTA GIRA;1285;560;0.105;20260805
Emis Killa;LA TESTA GIRA;1285;560;0.105;20260805
Michael Jackson;Thriller;1273;-103;1.237;20260805
Chappell Roan;Pink Pony Club;1269;480;2.785;20260805
Elevation Worship;God I'm Just Grateful;1267;74;0.143;20260805
Chandler Moore;God I'm Just Grateful;1267;74;0.143;20260805
timelesz;Timeless Fireworks;1265;-185;0.013;20260805
The Chemical Brothers;Go;1262;-406;1.1;20260805
BearyTunes;Mut;1256;221;0.081;20260805
Concrete Blonde;Joey;1247;1247;0.055;20260805
Kenshi Yonezu - Karasu;Raven;1241;1241;0.072;20260805
Djo;End of Beginning;1236;262;2.0;20260805
Gen Hoshino;Suki;1217;-24;0.01;20260805
Kitami Yusei;Alakazam;1215;1215;0.001;20260805
Sia;Unstoppable;1210;-404;7.706;20260805
Shakira;Waka Waka;1202;-310;7.466;20260805
Marco Schuitmaker;Loesoe;1198;-81;0.015;20260805
sombr;back to friends;1197;411;0.65;20260805
NEUEN;Extortion 17;1193;936;0.005;20260805
Real America's Music;Extortion 17;1193;936;0.005;20260805
EBiDAN Ebisu Gakuen Boys Club;Yes Tokyo;1193;89;0.032;20260805
chotokkyu;Yes Tokyo;1193;89;0.032;20260805
M!LK;Yes Tokyo;1193;89;0.032;20260805
GNJB;Yes Tokyo;1193;89;0.032;20260805
Bonnie Tyler;Total Eclipse of the Heart;1193;-574;0.638;20260805
Tulus;Teh Hijau;1172;118;0.033;20260805
BearyTunes;Ich bin genug;1170;-23;0.048;20260805
Haruka Aoki;Tsukue Sasuru;1170;-95;0.017;20260805
JINJIN;Dark Dawn;1161;263;0.002;20260805
Forrest Frank;OKAY;1156;357;0.129;20260805
M!LK;YouJoyParade;1148;107;0.026;20260805
Kavinsky;Nightcall;1129;247;0.314;20260805
Angèle;Nightcall;1129;247;0.314;20260805
Phoenix;Nightcall;1129;247;0.314;20260805
Usagi(CV:Ozawa Ari);Usagi Rap;1125;-92;0.016;20260805
Mermaid(CV:Oki Saeko);Usagi Rap;1125;-92;0.016;20260805
Mermaid(CV:Nanase Ayaka);Usagi Rap;1125;-92;0.016;20260805
Da Yin;舍不得又没资格;1124;448;0.003;20260805
Siren(CV:Suzuki Minori);Shima No Uta;1104;-186;0.016;20260805
Mermaid(CV:Oki Saeko);Shima No Uta;1104;-186;0.016;20260805
Mermaid(CV:Nanase Ayaka);Shima No Uta;1104;-186;0.016;20260805
Bad Bunny;BAILE INoLVIDABLE;1097;311;0.565;20260805
Bad Bunny;EoO;1092;-24;0.238;20260805
Phil Collins;Another Day In Paradise;1091;843;0.205;20260805
Eurythmics;Sweet Dreams;1085;1046;0.402;20260805
Snow Patrol;These Alarms;1083;167;0.085;20260805
Kylie Minogue;These Alarms;1083;167;0.085;20260805
Miles Phillips;Eastern Rosellas;1083;709;0.017;20260805
M!LK;Bakuretsu Aishiteru;1083;119;0.216;20260805
OneRepublic;Need Your Love;1082;-391;0.12;20260805
Luke Combs;Where the Wild Things Are;1080;-3;0.549;20260805
Aitch;RMB;1080;13;0.04;20260805
Boris Brejcha;Flying Bird;1078;139;0.114;20260805
SPEED;Body & Soul;1071;1071;0.001;20260805
CORTIS;MOTION;1069;10;0.011;20260805
Alphaville;Forever Young;1068;67;1.343;20260805
Dr. Dre;Still D.R.E.;1066;327;1.349;20260805
Oria;Soirée mondaine;1062;488;0.07;20260805
Van Morrison;Days Like This;1062;-131;0.059;20260805
Hachiware(CV:Tanaka Makoto);Kutsuzure;1062;0;0.015;20260805
The Tragically Hip;In View;1055;1055;0.001;20260805
Taylor Swift;Opalite;1054;-608;1.988;20260805
Shakira;Dai Dai;16559;-642;1.274;20260806
Burna Boy;Dai Dai;16559;-642;1.274;20260806
HUGEL;Movin' To The Sun;14584;-981;0.916;20260806
Imael Angel;Movin' To The Sun;14584;-981;0.916;20260806
Ultra Naté;Movin' To The Sun;14584;-981;0.916;20260806
Kimo Sounds;Rise Slow;11010;67;0.436;20260806
Ariana Grande;hate that i made you love me;9367;-2286;0.758;20260806
HUGEL;Jamaican;8739;-299;0.877;20260806
SOLTO (FR);Jamaican;8739;-299;0.877;20260806
Ella Langley;Choosin' Texas;8512;508;1.671;20260806
Martin Garrix;Fireflies;7880;7747;0.071;20260806
U2;Fireflies;7880;7747;0.071;20260806
The Offspring;The Kids Aren't Alright;7300;7300;0.111;20260806
Ariana Grande;petal;7204;-1247;0.066;20260806
Taylor Swift;I Knew It, I Knew You;7046;-181;0.659;20260806
RAYE;WHERE IS MY HUSBAND;6100;-484;3.129;20260806
Alex Warren;FEVER DREAM;5824;-434;1.236;20260806
Olivia Dean;So Easy;5634;724;1.799;20260806
Tame Impala;Loser;5593;1166;0.046;20260806
STELLA LEFTY;Boston;5528;-28;0.47;20260806
Teddy Swims;Mr. Know It All;5506;-824;0.571;20260806
Glen Hansard;Falling Slowly;5488;-1205;0.064;20260806
Markéta Irglová;Falling Slowly;5488;-1205;0.064;20260806
ANOTR;Talk To You;5353;434;0.479;20260806
Sam Fender;Rein Me In;5250;737;0.856;20260806
Olivia Dean;Rein Me In;5250;737;0.856;20260806
Alex Warren;Ordinary;5238;-17;6.158;20260806
The Second Voice;LET ME BE;4978;-1128;1.396;20260806
BTS;SWIM;4592;87;1.164;20260806
Harry Styles;Sign of the Times;4575;-174;5.156;20260806
Armin van Buuren;Everlasting;4487;-678;0.059;20260806
SACHA;Everlasting;4487;-678;0.059;20260806
Temper City;Self Aware;4332;633;0.232;20260806
Sadie Barlow;I Choose Me;4323;-18;0.048;20260806
HUNTR/X;Golden;4302;573;5.446;20260806
EJAE;Golden;4302;573;5.446;20260806
AUDREY NUNA;Golden;4302;573;5.446;20260806
REI AMI;Golden;4302;573;5.446;20260806
KPop Demon Hunters Cast;Golden;4302;573;5.446;20260806
DJ.ILHAM;DIGIDI DIGIDI;4281;-1416;0.436;20260806
Bebe Rexha;New Religion;4076;-1689;0.997;20260806
Faithless;New Religion;4076;-1689;0.997;20260806
Michael Jackson;Billie Jean;4073;468;1.586;20260806
Robyn;Dancing On My Own;4034;-698;0.832;20260806
Olivia Rodrigo;drop dead;4019;-403;0.77;20260806
Nothing But Thieves;Baby Kool;4017;4017;0.004;20260806
Ella Langley;I Can't Love You Anymore;3952;263;0.302;20260806
Morgan Wallen;I Can't Love You Anymore;3952;263;0.302;20260806
Martin Garrix;High On Life;3846;-572;0.302;20260806
The Bausa;Magnetic;3823;-244;0.327;20260806
Harry Styles;American Girls;3742;680;0.656;20260806
Azteck;Everything's Alright;3618;-896;0.083;20260806
DJ Koko;Everything's Alright;3618;-896;0.083;20260806
Kurt D;Everything's Alright;3618;-896;0.083;20260806
SIENNA SPIRO;Material Lover;3614;18;0.24;20260806
Taylor Swift;The Fate of Ophelia;3493;787;3.669;20260806
Olivia Dean;Man I Need;3410;-339;2.704;20260806
Michael Jackson;Beat It;3401;113;0.957;20260806
Dirty Thirty;Festivalwecker;3373;-899;0.068;20260806
Ella Langley;Be Her;3350;14;0.551;20260806
Justin Bieber;Beauty and a Beat;3337;774;2.749;20260806
Morgan Wallen;Been By Now;3336;111;0.061;20260806
Noah Nine;Mama, I still call your name;3287;-85;0.219;20260806
Bruno Mars;I Just Might;3251;-433;1.963;20260806
Shaboozey;Cowgirl;3251;332;0.167;20260806
Olivia Rodrigo;stupid song;3225;277;0.229;20260806
BTS;Love Maze;3207;111;0.058;20260806
David Guetta;Run Run River;3194;-1007;0.338;20260806
Alok;Run Run River;3194;-1007;0.338;20260806
Stick Figure;Run Run River;3194;-1007;0.338;20260806
Ella Langley;you look like you love me;3086;178;1.415;20260806
Riley Green;you look like you love me;3086;178;1.415;20260806
KATSEYE;Animal;3070;-104;0.076;20260806
Jerri;The JAWN;2954;398;0.044;20260806
KITSCHKRIEG;Gut Genug;2929;565;0.208;20260806
Blumengarten;Gut Genug;2929;565;0.208;20260806
Shirin David;Gut Genug;2929;565;0.208;20260806
Issouf Manem yam;Valhalla Calling;2877;-792;0.033;20260806
Tame Impala;Dracula;2704;-237;0.794;20260806
JENNIE;Dracula;2704;-237;0.794;20260806
River;Love Me Where It Hurts;2683;2201;0.009;20260806
Luz;Love Me Where It Hurts;2683;2201;0.009;20260806
Kimo Sounds;After the fall;2652;-127;0.123;20260806
DJ Goja;Mi Chico;2641;-616;0.199;20260806
Zara Larsson;Midnight Sun;2571;370;0.348;20260806
Post Malone;Sunflower;2570;-14;3.56;20260806
Swae Lee;Sunflower;2570;-14;3.56;20260806
Ellie Goulding;Ravers;2570;2570;0.003;20260806
Dj Crocodile;I'm Moving To The Sun;2537;496;0.021;20260806
Radiohead;Creep;2424;1408;1.918;20260806
sombr;My Body Isn't Ready;2400;-368;0.091;20260806
Gravel;Sit With Me Lord;2364;-92;0.067;20260806
Grace;Sit With Me Lord;2364;-92;0.067;20260806
Teddy Swims;Lose Control;2320;-663;7.501;20260806
Bad Bunny;NUEVAYoL;2306;408;1.064;20260806
Shaboozey;A Bar Song;2287;121;4.971;20260806
Nickelback;Rattle The Cage;2287;2210;0.04;20260806
KISS OF LIFE;SWEAT;2276;785;0.005;20260806
Luke Combs;Be By You;2269;408;0.335;20260806
Beyoncé;MORNING DEW;2251;634;0.107;20260806
ATEEZ;BAD;2250;438;0.102;20260806
Weezer;C.E.O.;2212;-127;0.005;20260806
New Radicals;You Get What You Give;2210;-973;0.218;20260806
Bruno Mars;Risk It All;2204;-629;0.824;20260806
Mazzy Star;Fade Into You;2193;1168;0.355;20260806
Lady Gaga;Always Remember Us This Way;2183;-15;9.541;20260806
Glen Hansard;Song of Good Hope;2178;-3005;0.012;20260806
Shakira;Waka Waka;2140;938;7.468;20260806
Topic;Sorry Papi;2121;218;0.091;20260806
Becky G;Sorry Papi;2121;218;0.091;20260806
The Killers;Mr. Brightside;2077;324;1.82;20260806
King Gnu;GO GHOST;2048;328;0.018;20260806
Don Miguelo;Y Qué Fue;2039;-349;0.24;20260806
Eminem;Lose Yourself;2015;-1098;3.844;20260806
JENNIE;Less than a Lover;2001;-175;0.07;20260806
Steve Lacy;oh yeah;1993;657;0.005;20260806
XXXTENTACION;Moonlight;1962;-77;0.863;20260806
The Goo Goo Dolls;Iris;1962;-279;2.088;20260806
Disturbed;The Sound of Silence;1958;1080;10.357;20260806
Ricchi;Sarà perché ti amo;1896;-711;1.672;20260806
Poveri;Sarà perché ti amo;1896;-711;1.672;20260806
Alex Warren;RESCUER;1894;1894;0.002;20260806
Mrs. GREEN APPLE;Brand New;1868;157;0.039;20260806
sombr;Homewrecker;1856;-573;0.586;20260806
Mauvais Djo;Pilé;1828;-53;0.14;20260806
Ac/Dc;Thunderstruck;1780;-1656;4.296;20260806
The New Basement Tapes;Kansas City;1758;1215;0.006;20260806
Sia;Unstoppable;1752;542;7.708;20260806
The Chemical Brothers;Go;1741;479;1.102;20260806
Aitana;SUPERESTRELLA;1707;-226;0.355;20260806
Travis Japan;On My Road;1705;-344;0.013;20260806
Christina Perri;A Thousand Years;1705;11;8.378;20260806
ABBA;Dancing Queen;1693;-320;1.165;20260806
Dave;Raindance;1674;198;0.445;20260806
Tems;Raindance;1674;198;0.445;20260806
Anthrax;Everybody's Got A Plan;1669;1669;0.002;20260806
Josh Fawaz;Like a Prayer;1653;-401;0.53;20260806
Tame Impala;Dracula;1636;13;0.526;20260806
DHENYS R J;All Night Long;1625;-415;0.199;20260806
The Irrepressibles;In This Shirt;1607;248;0.193;20260806
Aitch;RMB;1600;520;0.041;20260806
Rutger Van Barneveld;Zwoele Zomernachten;1600;280;0.077;20260806
BTS;NORMAL;1591;-8;0.576;20260806
SIENNA SPIRO;Great Expectation;1590;652;0.021;20260806
Accept;Save Us;1586;-2146;0.005;20260806
ILLIT;It's Me;1584;216;0.162;20260806
M!LK;Sukisugite METSU;1575;180;0.356;20260806
BE:FIRST;BRUCE WAYNE;1568;-19;0.011;20260806
Dua Lipa;Training Season;1542;925;1.248;20260806
Coldplay;Viva la Vida;1526;931;7.066;20260806
Taylor Swift;Opalite;1523;469;1.989;20260806
AI IRIE FM;No Stress, Just Vibes;1508;518;0.016;20260806
M!LK;Tsumi to Batsu to Ame to Kiss;1479;-59;0.006;20260806
Dimitri Vegas;Turn The Tide;1466;-255;0.038;20260806
Sylver;Turn The Tide;1466;-255;0.038;20260806
Pat B;Turn The Tide;1466;-255;0.038;20260806
KNGDM REVIVAL;This Roman Road;1460;-553;0.013;20260806
mikeeysmind;Papaoutai;1451;120;0.974;20260806
Chill77;Papaoutai;1451;120;0.974;20260806
Unjaps;Papaoutai;1451;120;0.974;20260806
Koji Tamaki;Fanfare;1450;842;0.255;20260806
Jennifer Lopez;Save Me Tonight;1446;1240;0.187;20260806
David Guetta;Save Me Tonight;1446;1240;0.187;20260806
Benson Boone;Beautiful Things;1441;117;7.372;20260806
Silva Bumpa;On 2nite;1434;735;0.003;20260806
ROSÉ;APT.;1426;-251;6.486;20260806
Bruno Mars;APT.;1426;-251;6.486;20260806
Djo;End of Beginning;1425;189;2.002;20260806
G Flip;Bed on Fire;1422;-86;0.184;20260806
Fujifabric;Wakamono No Subete;1422;1422;0.078;20260806
The Red Clay Strays;I'm Still Fine;1414;-655;0.025;20260806
The Cranberries;Zombie;1406;-1392;1.943;20260806
DMA'S;Windows;1395;1395;0.001;20260806
Ed Sheeran;Photograph;1390;1079;7.207;20260806
Ludwig Göransson;Odysseus;1388;-81;0.034;20260806
HWASA;Good Goodbye;1381;-3;0.455;20260806
SIENNA SPIRO;Die On This Hill;1381;1085;0.737;20260806
Luke Bryan;Signs;1381;1381;0.001;20260806
Justen de Wildt;Cheerio;1372;-78;0.167;20260806
Carly Rae Jepsen;Don’t Leave Me on the Dance Floor;1371;1371;0.001;20260806
BABYMONSTER;MOON;1368;456;0.009;20260806
BearyTunes;Ich bin genug;1368;198;0.05;20260806
ME:I;Flower Road;1368;-82;0.008;20260806
Cardi B;AH HA;1367;-88;0.026;20260806
Mrs. Green Apple;Ao To Natsu;1347;625;0.811;20260806
John Denver;Take Me Home, Country Roads;1347;597;0.729;20260806
Rockin' Jukebox;Storm in my heart;1323;501;0.015;20260806
Peter Maffay;Ein Leben lang ist nicht lang;1315;-697;0.034;20260806
Johannes Oerding;Ein Leben lang ist nicht lang;1315;-697;0.034;20260806
sakanaction;Yoru No Odoriko;1315;-26;0.156;20260806
Kavinsky;Nightcall;1301;172;0.315;20260806
Angèle;Nightcall;1301;172;0.315;20260806
Phoenix;Nightcall;1301;172;0.315;20260806
Brandon Flowers;Tiger's Blood;1290;1290;0.001;20260806
Kenshi Yonezu;Yodaka;1290;-25;0.038;20260806
Dusty Rivers;Thank You;1284;1024;0.021;20260806
ILLIT;I Got Your Back;1264;-264;0.018;20260806
HANA;I Got Your Back;1264;-264;0.018;20260806
Swedish House Mafia;Happiness Is So Sad;1247;-852;0.022;20260806
Lykke Li;Happiness Is So Sad;1247;-852;0.022;20260806
Cameron Whitcomb;Kingdom of Fear;1246;247;0.547;20260806
OneRepublic;Need Your Love;1242;160;0.122;20260806
Mrs. GREEN APPLE;Summer Shadow;1241;1241;0.07;20260806
Coldplay;Yellow;1233;461;2.131;20260806
Michael Jackson;Thriller;1219;-54;1.239;20260806
Farruko;YAPAQUE;1203;1033;0.035;20260806
Greeicy;YAPAQUE;1203;1033;0.035;20260806
Steve Aoki;YAPAQUE;1203;1033;0.035;20260806
back number;Watagashi;1193;1193;0.034;20260806
Chanyeol;Stay With Me;1185;549;1.327;20260806
Punch;Stay With Me;1185;549;1.327;20260806
Bonnie Tyler;Total Eclipse of the Heart;1175;-18;0.639;20260806
Kenshi Yonezu - Karasu;Raven;1170;-71;0.073;20260806
Chappell Roan;Pink Pony Club;1153;-116;2.786;20260806
Guns N' Roses;Sweet Child o' Mine;1153;277;2.447;20260806
FRUITS ZIPPER;1,2,3,FOOOOUR;1148;1148;0.001;20260806
Snow Patrol;These Alarms;1146;63;0.086;20260806
Kylie Minogue;These Alarms;1146;63;0.086;20260806
Da Yin;舍不得又没资格;1139;15;0.005;20260806
BearyTunes;Alles hat seine Zeit;1136;227;0.005;20260806
Quevedo;LA GRACIOSA;1130;144;0.073;20260806
Elvis Crespo;LA GRACIOSA;1130;144;0.073;20260806
Siren(CV:Suzuki Minori);Shima No Uta;1125;21;0.017;20260806
Mermaid(CV:Oki Saeko);Shima No Uta;1125;21;0.017;20260806
Mermaid(CV:Nanase Ayaka);Shima No Uta;1125;21;0.017;20260806
TV On the Radio;Wolf Like Me;1120;808;0.006;20260806
Chris Stapleton;Tennessee Whiskey;1109;395;3.611;20260806
Ya Ice Dilan;Dichavate;1108;260;0.014;20260806
Rey Tony;Dichavate;1108;260;0.014;20260806
DJ Honda;Dichavate;1108;260;0.014;20260806
Helabusador;Dichavate;1108;260;0.014;20260806
Gospelize;Maladie;1108;411;0.033;20260806
Elevation Worship;God I'm Just Grateful;1104;-163;0.145;20260806
Chandler Moore;God I'm Just Grateful;1104;-163;0.145;20260806
Yukno;Weh;1104;1104;0.001;20260806
RAHEL;Weh;1104;1104;0.001;20260806
Usagi(CV:Ozawa Ari);Usagi Rap;1104;-21;0.017;20260806
Mermaid(CV:Oki Saeko);Usagi Rap;1104;-21;0.017;20260806
Mermaid(CV:Nanase Ayaka);Usagi Rap;1104;-21;0.017;20260806
Tulus;Teh Hijau;1100;-72;0.034;20260806
SB19;LAWLESS;1098;804;0.012;20260806
Fleetwood Mac;Landslide;1092;240;0.437;20260806
Kate Bush;This Woman's Work;1083;-285;0.155;20260806
Haruka Aoki;Tsukue Sasuru;1083;-87;0.018;20260806
BTS;Pied Piper;1082;-392;0.09;20260806
Kimo Sounds;Make It Spectacular;1071;-661;0.008;20260806
Dean Lewis;How Do I Say Goodbye;1067;890;2.31;20260806
Brooke Combe;Love Was Made of Stone;1062;1062;0.001;20260806
EBiDAN Ebisu Gakuen Boys Club;Yes Tokyo;1062;-131;0.034;20260806
chotokkyu;Yes Tokyo;1062;-131;0.034;20260806
M!LK;Yes Tokyo;1062;-131;0.034;20260806
GNJB;Yes Tokyo;1062;-131;0.034;20260806
Wasureranneyo;Nannmonee;1058;75;0.043;20260806
Journey;Don't Stop Believin';1054;259;3.744;20260806
The Offspring;Self Esteem;1048;1048;0.059;20260806
Metallica;Nothing Else Matters;1044;318;4.535;20260806
Madonna;Love Sensation;21931;21931;0.022;20260807
Kylie Minogue;Love Sensation;21931;21931;0.022;20260807
Stray Kids;This & That;17984;17984;0.018;20260807
Shakira;Dai Dai;15250;-1309;1.29;20260807
Burna Boy;Dai Dai;15250;-1309;1.29;20260807
HUGEL;Movin' To The Sun;14396;-188;0.93;20260807
Imael Angel;Movin' To The Sun;14396;-188;0.93;20260807
Ultra Naté;Movin' To The Sun;14396;-188;0.93;20260807
Ariana Grande;hate that i made you love me;10186;819;0.769;20260807
Alex Warren;RESCUER;9842;7948;0.012;20260807
Stray Kids;After You;9439;9439;0.009;20260807
Kimo Sounds;Rise Slow;9395;-1615;0.445;20260807
Stray Kids;This & That;8400;8400;0.008;20260807
Tele;This & That;8400;8400;0.008;20260807
Stray Kids;FARMING;8016;8016;0.008;20260807
HUGEL;Jamaican;7406;-1333;0.884;20260807
SOLTO (FR);Jamaican;7406;-1333;0.884;20260807
Ella Langley;Choosin' Texas;7363;-1149;1.678;20260807
Stray Kids;Back Then;7094;7094;0.007;20260807
Brandon Flowers;Tiger's Blood;6584;5294;0.008;20260807
Stray Kids;I Do;6548;6548;0.007;20260807
Taylor Swift;I Knew It, I Knew You;6480;-566;0.666;20260807
Ariana Grande;petal;6456;-748;0.072;20260807
The Offspring;The Kids Aren't Alright;6385;-915;0.117;20260807
RAYE;WHERE IS MY HUSBAND;6281;181;3.135;20260807
Carly Rae Jepsen;Don’t Leave Me on the Dance Floor;6245;4874;0.008;20260807
Stray Kids;Way Out;6236;6236;0.006;20260807
Anthrax;Everybody's Got A Plan;6094;4425;0.008;20260807
Alex Warren;FEVER DREAM;5965;141;1.242;20260807
Stray Kids;RUN IT;5706;4883;0.132;20260807
STELLA LEFTY;Boston;5156;-372;0.475;20260807
Tame Impala;Loser;4844;-749;0.051;20260807
Teddy Swims;Mr. Know It All;4510;-996;0.575;20260807
Azteck;Everything's Alright;4475;857;0.087;20260807
DJ Koko;Everything's Alright;4475;857;0.087;20260807
Kurt D;Everything's Alright;4475;857;0.087;20260807
Armin van Buuren;Everlasting;4467;-20;0.064;20260807
SACHA;Everlasting;4467;-20;0.064;20260807
Bebe Rexha;New Religion;4446;370;1.001;20260807
Faithless;New Religion;4446;370;1.001;20260807
Olivia Dean;So Easy;4397;-1237;1.804;20260807
Sam Fender;Rein Me In;4369;-881;0.861;20260807
Olivia Dean;Rein Me In;4369;-881;0.861;20260807
Michael Jackson;Billie Jean;4299;226;1.591;20260807
Jamie Miller;Babydoll;4148;4148;0.004;20260807
David Guetta;Run Run River;4142;948;0.342;20260807
Alok;Run Run River;4142;948;0.342;20260807
Stick Figure;Run Run River;4142;948;0.342;20260807
Alex Warren;Ordinary;4131;-1107;6.162;20260807
DJ.ILHAM;DIGIDI DIGIDI;4111;-170;0.44;20260807
Koe Wetzel;Jaded;4045;4045;0.004;20260807
Ella Langley;Jaded;4045;4045;0.004;20260807
HUNTR/X;Golden;3915;-387;5.45;20260807
EJAE;Golden;3915;-387;5.45;20260807
AUDREY NUNA;Golden;3915;-387;5.45;20260807
REI AMI;Golden;3915;-387;5.45;20260807
KPop Demon Hunters Cast;Golden;3915;-387;5.45;20260807
The Second Voice;LET ME BE;3908;-1070;1.4;20260807
BTS;SWIM;3858;-734;1.168;20260807
Olivia Dean;Man I Need;3825;415;2.707;20260807
Harry Styles;Sign of the Times;3824;-751;5.159;20260807
KATSEYE;Animal;3738;668;0.08;20260807
Martin Garrix;Fireflies;3466;-4414;0.075;20260807
U2;Fireflies;3466;-4414;0.075;20260807
Mazzy Star;Fade Into You;3351;1158;0.358;20260807
SIENNA SPIRO;Material Lover;3345;-269;0.244;20260807
Morgan Wallen;Been By Now;3325;-11;0.064;20260807
DJ Goja;Mi Chico;3284;643;0.202;20260807
ANOTR;Talk To You;3284;-2069;0.482;20260807
Justin Bieber;Beauty and a Beat;3187;-150;2.752;20260807
Temper City;Self Aware;3007;-1325;0.235;20260807
Michael Jackson;Beat It;2969;-432;0.96;20260807
The Bausa;Magnetic;2915;-908;0.33;20260807
Ado;Monstruo;2901;2901;0.003;20260807
Glen Hansard;Falling Slowly;2883;-2605;0.067;20260807
Markéta Irglová;Falling Slowly;2883;-2605;0.067;20260807
Dirty Thirty;Festivalwecker;2839;-534;0.071;20260807
sombr;My Body Isn't Ready;2825;425;0.094;20260807
Martin Garrix;High On Life;2818;-1028;0.305;20260807
Ella Langley;I Can't Love You Anymore;2790;-1162;0.305;20260807
Morgan Wallen;I Can't Love You Anymore;2790;-1162;0.305;20260807
Olivia Rodrigo;drop dead;2776;-1243;0.773;20260807
Luke Bryan;Signs;2714;1333;0.004;20260807
Harry Styles;American Girls;2687;-1055;0.659;20260807
Robyn;Dancing On My Own;2643;-1391;0.834;20260807
Zara Larsson;Midnight Sun;2623;52;0.351;20260807
BTS;Love Maze;2491;-716;0.06;20260807
Sadie Barlow;I Choose Me;2490;-1833;0.05;20260807
Tina Arena;True Faith;2472;2472;0.002;20260807
Andrea Berg;Das kann uns keiner nehmen;2400;2400;0.002;20260807
Ella Langley;Be Her;2372;-978;0.554;20260807
Olivia Rodrigo;stupid song;2345;-880;0.231;20260807
Madonna;Love Sensation;2304;1936;0.271;20260807
Don Miguelo;Y Qué Fue;2298;259;0.242;20260807
KITSCHKRIEG;Gut Genug;2289;-640;0.21;20260807
Blumengarten;Gut Genug;2289;-640;0.21;20260807
Shirin David;Gut Genug;2289;-640;0.21;20260807
Noah Nine;Mama, I still call your name;2278;-1009;0.221;20260807
Miranda Lambert;Sunset Marquis;2176;1846;0.003;20260807
Shaboozey;Cowgirl;2157;-1094;0.169;20260807
sombr;Homewrecker;2141;285;0.588;20260807
Bruno Mars;I Just Might;2133;-1118;1.965;20260807
Eminem;Lose Yourself;2128;113;3.846;20260807
Nothing But Thieves;Baby Kool;2123;-1894;0.006;20260807
Kimo Sounds;After the fall;2099;-553;0.125;20260807
Taylor Swift;The Fate of Ophelia;2056;-1437;3.671;20260807
ATEEZ;BAD;1989;-261;0.104;20260807
Tame Impala;Dracula;1970;-734;0.795;20260807
JENNIE;Dracula;1970;-734;0.795;20260807
The Killers;Mr. Brightside;1959;-118;1.822;20260807
Ella Langley;you look like you love me;1911;-1175;1.417;20260807
Riley Green;you look like you love me;1911;-1175;1.417;20260807
Vincent Gross;Ich frage für nen Freund;1904;1904;0.002;20260807
Tim Peters;Ich frage für nen Freund;1904;1904;0.002;20260807
Bruno Mars;Risk It All;1888;-316;0.826;20260807
Post Malone;Sunflower;1885;-685;3.562;20260807
Swae Lee;Sunflower;1885;-685;3.562;20260807
Josh Fawaz;Like a Prayer;1884;231;0.532;20260807
Ac/Dc;Thunderstruck;1870;90;4.298;20260807
Taylor Swift;Opalite;1826;303;1.991;20260807
Steve Lacy;oh yeah;1826;-167;0.006;20260807
Spitz;Unknown Thread;1819;1819;0.002;20260807
Christina Perri;A Thousand Years;1781;76;8.38;20260807
Topic;Sorry Papi;1761;-360;0.093;20260807
Becky G;Sorry Papi;1761;-360;0.093;20260807
KAROL G;MATADORA;1753;735;0.015;20260807
King Gnu;GO GHOST;1745;-303;0.019;20260807
JENNIE;Less than a Lover;1728;-273;0.072;20260807
Gavin Adcock;Workin' Man;1714;1714;0.002;20260807
DHENYS R J;All Night Long;1691;66;0.201;20260807
Ricchi;Sarà perché ti amo;1665;-231;1.674;20260807
Poveri;Sarà perché ti amo;1665;-231;1.674;20260807
Carly Pearce;Happy For Myself;1652;1652;0.002;20260807
KAROL G;Still;1640;1640;0.002;20260807
Bruno Mars;Still;1640;1640;0.002;20260807
Jennifer Lopez;Save Me Tonight;1629;183;0.189;20260807
David Guetta;Save Me Tonight;1629;183;0.189;20260807
Journey;Don't Stop Believin';1629;575;3.746;20260807
Mrs. GREEN APPLE;Brand New;1622;-246;0.04;20260807
New Radicals;You Get What You Give;1608;-602;0.22;20260807
Luke Combs;Be By You;1606;-663;0.336;20260807
The Cranberries;Zombie;1583;177;1.945;20260807
Michael Jackson;Thriller;1583;364;1.24;20260807
Alejandro Sanz;Yo Era Poesía;1578;1578;0.002;20260807
Eden Muñoz;Yo Era Poesía;1578;1578;0.002;20260807
Mauvais Djo;Pilé;1578;-250;0.142;20260807
Kimo Sounds;Make It Spectacular;1555;484;0.01;20260807
Shaboozey;A Bar Song;1534;-753;4.973;20260807
Rutger Van Barneveld;Zwoele Zomernachten;1523;-77;0.078;20260807
DJ Goja;Mi Chico;1523;783;0.117;20260807
Jason Derulo;Mi Chico;1523;783;0.117;20260807
Melody;Mi Chico;1523;783;0.117;20260807
OneRepublic;Need Your Love;1515;273;0.123;20260807
JO1;SAKURA;1508;1508;0.002;20260807
The Goo Goo Dolls;Iris;1506;-456;2.09;20260807
ILLIT;It's Me;1487;-97;0.164;20260807
LOVIXX STOSLIV;dont tell your dreams to everybody;1469;565;0.006;20260807
Bad Bunny;NUEVAYoL;1453;-853;1.065;20260807
BE:FIRST;BRUCE WAYNE;1450;-118;0.013;20260807
SIENNA SPIRO;Great Expectation;1437;-153;0.022;20260807
DMA'S;Windows;1435;40;0.003;20260807
Cory Asbury;My Closest Friend;1423;1423;0.001;20260807
M!LK;Tsumi to Batsu to Ame to Kiss;1422;-57;0.008;20260807
Shindy;YMM;1419;1419;0.001;20260807
Saliou;YMM;1419;1419;0.001;20260807
Toujour;YMM;1419;1419;0.001;20260807
Cameron Whitcomb;Kingdom of Fear;1408;162;0.549;20260807
Wolfgang Petry;Morgen Gold;1402;1402;0.001;20260807
Lady Gaga;Always Remember Us This Way;1400;-783;9.543;20260807
Rutger Van Barneveld;Zomer, Zon & Strand;1399;1399;0.001;20260807
Travis Japan;On My Road;1395;-310;0.014;20260807
KAROL G;Si Antes Te Hubiera Conocido;1394;1031;1.933;20260807
Nickelback;Rattle The Cage;1357;-930;0.042;20260807
XXXTENTACION;Moonlight;1356;-606;0.865;20260807
Aitana;SUPERESTRELLA;1352;-355;0.356;20260807
Justen de Wildt;Cheerio;1345;-27;0.168;20260807
Prospa;Free Your Mind;1345;805;0.107;20260807
Cloonee;Free Your Mind;1345;805;0.107;20260807
sakanaction;Yoru No Odoriko;1341;26;0.158;20260807
KAROL G;Después de ti;1337;482;0.023;20260807
Greg Gonzalez;Después de ti;1337;482;0.023;20260807
Jerri;The JAWN;1333;-1621;0.045;20260807
The New Basement Tapes;Kansas City;1331;-427;0.007;20260807
Dimitri Vegas;Turn The Tide;1324;-142;0.039;20260807
Sylver;Turn The Tide;1324;-142;0.039;20260807
Pat B;Turn The Tide;1324;-142;0.039;20260807
Koji Tamaki;Fanfare;1315;-135;0.256;20260807
KNGDM REVIVAL;This Roman Road;1309;-151;0.014;20260807
Francesco Guccini;Cirano;1306;732;0.002;20260807
The Chemical Brothers;Go;1300;-441;1.103;20260807
M!LK;Sukisugite METSU;1290;-285;0.357;20260807
Bad Bunny;DtMF;1286;489;1.223;20260807
sombr;back to friends;1283;316;0.652;20260807
Tears for Fears;Everybody Wants to Rule the World;1279;273;1.118;20260807
Teddy Swims;Lose Control;1271;-1049;7.503;20260807
Kenshi Yonezu;Yodaka;1265;-25;0.039;20260807
Djo;End of Beginning;1262;-163;2.003;20260807
M83;Outro;1260;565;0.253;20260807
Francesco Guccini;L'avvelenata;1251;497;0.002;20260807
Siren(CV:Suzuki Minori);Shima No Uta;1241;116;0.018;20260807
Mermaid(CV:Oki Saeko);Shima No Uta;1241;116;0.018;20260807
Mermaid(CV:Nanase Ayaka);Shima No Uta;1241;116;0.018;20260807
STELLA LEFTY;Lean In, Kiss Me;1232;1232;0.001;20260807
Alex Warren;PASSENGER;1223;687;0.076;20260807
Silva Bumpa;On 2nite;1211;-223;0.004;20260807
Kenshi Yonezu - Karasu;Raven;1193;23;0.074;20260807
Django Wagner;Bachata Bailando;1184;1184;0.001;20260807
Haruka Aoki;Tsukue Sasuru;1170;87;0.019;20260807
Snow Patrol;These Alarms;1159;13;0.087;20260807
Kylie Minogue;These Alarms;1159;13;0.087;20260807
Tame Impala;Dracula;1157;-479;0.527;20260807
Cardi B;AH HA;1156;-211;0.027;20260807
Mrs. Green Apple;Ao To Natsu;1148;-199;0.812;20260807
ILLIT;I Got Your Back;1142;-122;0.019;20260807
HANA;I Got Your Back;1142;-122;0.019;20260807
Peter Maffay;Ein Leben lang ist nicht lang;1139;-176;0.035;20260807
Johannes Oerding;Ein Leben lang ist nicht lang;1139;-176;0.035;20260807
Dave;Raindance;1126;-548;0.446;20260807
Tems;Raindance;1126;-548;0.446;20260807
Red Velvet;Surfin' Boy;1119;358;0.008;20260807
Zenar;Te conocí;1111;609;0.021;20260807
Dario Coiro;Te conocí;1111;609;0.021;20260807
Shakira;Zoo;1111;557;0.686;20260807
Fred De Palma;LA TESTA GIRA;1109;213;0.107;20260807
Anitta;LA TESTA GIRA;1109;213;0.107;20260807
Emis Killa;LA TESTA GIRA;1109;213;0.107;20260807
Usagi(CV:Ozawa Ari);Usagi Rap;1104;0;0.018;20260807
Mermaid(CV:Oki Saeko);Usagi Rap;1104;0;0.018;20260807
Mermaid(CV:Nanase Ayaka);Usagi Rap;1104;0;0.018;20260807
Beyoncé;MORNING DEW;1096;-1155;0.108;20260807
Fujifabric;Wakamono No Subete;1083;-339;0.079;20260807
Ian Munsick;Palomino Eyes;1080;1080;0.001;20260807
GIUSEPPE ROCCASALVO;PENSIERO STUPENDO;1074;344;0.024;20260807
Joe Rok;PENSIERO STUPENDO;1074;344;0.024;20260807
BENZATO;PENSIERO STUPENDO;1074;344;0.024;20260807
Mauvais Djo;Maladie;1066;182;0.057;20260807
James Johnston;TAKES ME BACK;1062;1062;0.001;20260807
Wasureranneyo;Nannmonee;1062;4;0.044;20260807
Ludwig Göransson;Odysseus;1057;-331;0.035;20260807
Tulus;Teh Hijau;1052;-48;0.035;20260807
BearyTunes;Ich bin genug;1041;-327;0.051;20260807
G Flip;Bed on Fire;1041;-381;0.185;20260807
FRUITS ZIPPER;1,2,3,FOOOOUR;1041;-107;0.002;20260807
Issouf Manem yam;Valhalla Calling;1038;-1839;0.034;20260807
Mat Kearney;Weakness;1031;1031;0.001;20260807
Westside Cowboy;Dobro;1023;1023;0.001;20260807
Gen Hoshino;Suki;1021;-20;0.012;20260807
Chanyeol;Stay With Me;1014;-171;1.328;20260807
Punch;Stay With Me;1014;-171;1.328;20260807
Marc Sommerfeld;One More Chance;1002;1002;0.001;20260807
ME:I;Flower Road;1002;-366;0.009;20260807
PP KRIT;Your Candy;999;999;0.001;20260807
Gospelize;Maladie;990;-118;0.033;20260807
Shakira;Waka Waka;985;-1155;7.469;20260807
Madonna;Love Sensation;20166;-1765;0.042;20260808
Kylie Minogue;Love Sensation;20166;-1765;0.042;20260808
Stray Kids;This & That;16195;-1789;0.034;20260808
Shakira;Dai Dai;15623;373;1.305;20260808
Burna Boy;Dai Dai;15623;373;1.305;20260808
HUGEL;Movin' To The Sun;15132;736;0.945;20260808
Imael Angel;Movin' To The Sun;15132;736;0.945;20260808
Ultra Naté;Movin' To The Sun;15132;736;0.945;20260808
Kimo Sounds;Rise Slow;11256;1861;0.456;20260808
Ariana Grande;hate that i made you love me;10500;314;0.779;20260808
HUGEL;Jamaican;8889;1483;0.893;20260808
SOLTO (FR);Jamaican;8889;1483;0.893;20260808
Ella Langley;Choosin' Texas;7382;19;1.686;20260808
Alex Warren;RESCUER;6830;-3012;0.019;20260808
Taylor Swift;I Knew It, I Knew You;6565;85;0.672;20260808
Alex Warren;FEVER DREAM;6092;127;1.248;20260808
RAYE;WHERE IS MY HUSBAND;5800;-481;3.141;20260808
Noah Nine;Mama, I still call your name;5733;3455;0.227;20260808
Ariana Grande;petal;5685;-771;0.078;20260808
Alex Warren;Ordinary;5526;1395;6.167;20260808
STELLA LEFTY;Boston;5286;130;0.48;20260808
The Offspring;The Kids Aren't Alright;5010;-1375;0.122;20260808
Bebe Rexha;New Religion;4902;456;1.006;20260808
Faithless;New Religion;4902;456;1.006;20260808
Olivia Dean;So Easy;4839;442;1.809;20260808
Noah Nine;A Man Can Cry;4695;3750;0.152;20260808
DJ.ILHAM;DIGIDI DIGIDI;4685;574;0.445;20260808
Tame Impala;Loser;4674;-170;0.056;20260808
Stray Kids;This & That;4653;-3747;0.013;20260808
Tele;This & That;4653;-3747;0.013;20260808
ANOTR;Talk To You;4558;1274;0.487;20260808
Harry Styles;Sign of the Times;4535;711;5.164;20260808
Michael Jackson;Billie Jean;4481;182;1.595;20260808
HUNTR/X;Golden;4418;503;5.454;20260808
EJAE;Golden;4418;503;5.454;20260808
AUDREY NUNA;Golden;4418;503;5.454;20260808
REI AMI;Golden;4418;503;5.454;20260808
KPop Demon Hunters Cast;Golden;4418;503;5.454;20260808
Teddy Swims;Mr. Know It All;4403;-107;0.58;20260808
Koe Wetzel;Jaded;4319;274;0.008;20260808
Ella Langley;Jaded;4319;274;0.008;20260808
Sam Fender;Rein Me In;4305;-64;0.865;20260808
Olivia Dean;Rein Me In;4305;-64;0.865;20260808
Stray Kids;FARMING;4289;-3727;0.012;20260808
David Guetta;Run Run River;4272;130;0.346;20260808
Alok;Run Run River;4272;130;0.346;20260808
Stick Figure;Run Run River;4272;130;0.346;20260808
The Bausa;Magnetic;4215;1300;0.334;20260808
Robyn;Dancing On My Own;4196;1553;0.839;20260808
BTS;SWIM;4132;274;1.172;20260808
Stray Kids;This & That;4023;4023;0.004;20260808
IMLAY;This & That;4023;4023;0.004;20260808
Olivia Dean;Man I Need;3987;162;2.711;20260808
The Second Voice;LET ME BE;3858;-50;1.404;20260808
Stray Kids;After You;3846;-5593;0.013;20260808
Carly Rae Jepsen;Don’t Leave Me on the Dance Floor;3816;-2429;0.011;20260808
Brandon Flowers;Tiger's Blood;3804;-2780;0.012;20260808
KAROL G;Still;3770;2130;0.005;20260808
Bruno Mars;Still;3770;2130;0.005;20260808
SIENNA SPIRO;Material Lover;3677;332;0.247;20260808
Olivia Rodrigo;drop dead;3677;901;0.776;20260808
Morgan Wallen;Been By Now;3670;345;0.068;20260808
Harry Styles;American Girls;3650;963;0.662;20260808
Armin van Buuren;Everlasting;3565;-902;0.067;20260808
SACHA;Everlasting;3565;-902;0.067;20260808
Temper City;Self Aware;3557;550;0.238;20260808
Jamie Miller;Babydoll;3520;-628;0.008;20260808
Azteck;Everything's Alright;3474;-1001;0.091;20260808
DJ Koko;Everything's Alright;3474;-1001;0.091;20260808
Kurt D;Everything's Alright;3474;-1001;0.091;20260808
Taylor Swift;The Fate of Ophelia;3471;1415;3.675;20260808
Bruno Mars;I Just Might;3445;1312;1.968;20260808
Josh Fawaz;Like a Prayer;3199;1315;0.535;20260808
Ella Langley;I Can't Love You Anymore;3108;318;0.308;20260808
Morgan Wallen;I Can't Love You Anymore;3108;318;0.308;20260808
Don Miguelo;Y Qué Fue;3022;724;0.245;20260808
Stray Kids;RUN IT;2921;-2785;0.135;20260808
Anthrax;Everybody's Got A Plan;2902;-3192;0.011;20260808
sombr;My Body Isn't Ready;2876;51;0.097;20260808
Kimo Sounds;After the fall;2870;771;0.128;20260808
Olivia Rodrigo;stupid song;2745;400;0.234;20260808
James Johnston;COUNTRY SONG;2719;1755;0.004;20260808
KATSEYE;Animal;2672;-1066;0.083;20260808
Tame Impala;Dracula;2666;696;0.798;20260808
JENNIE;Dracula;2666;696;0.798;20260808
Stray Kids;I Do;2627;-3921;0.009;20260808
Stray Kids;This & That;2619;2619;0.003;20260808
Will Not Fear;This & That;2619;2619;0.003;20260808
Minit;This & That;2619;2619;0.003;20260808
Zara Larsson;Midnight Sun;2602;-21;0.354;20260808
Stray Kids;Back Then;2593;-4501;0.01;20260808
DJ Goja;Mi Chico;2478;-806;0.205;20260808
Ella Langley;Be Her;2467;95;0.556;20260808
Ado;Monstruo;2423;-478;0.005;20260808
Eminem;Lose Yourself;2422;294;3.848;20260808
Bruno Mars;Risk It All;2422;534;0.829;20260808
Ac/Dc;Thunderstruck;2416;546;4.3;20260808
Ella Langley;you look like you love me;2330;419;1.419;20260808
Riley Green;you look like you love me;2330;419;1.419;20260808
JENNIE;Less than a Lover;2280;552;0.074;20260808
Andrea Berg;Das kann uns keiner nehmen;2252;-148;0.005;20260808
Luke Bryan;Signs;2249;-465;0.006;20260808
Tame Impala;Dracula;2247;1090;0.529;20260808
Mauvais Djo;Pilé;2237;659;0.144;20260808
Shaboozey;Cowgirl;2211;54;0.171;20260808
sombr;Homewrecker;2210;69;0.59;20260808
Bonnie Tyler;Total Eclipse of the Heart;2207;1380;0.642;20260808
The Chemical Brothers;Go;2202;902;1.106;20260808
Michael Jackson;Beat It;2187;-782;0.963;20260808
Dirty Thirty;Festivalwecker;2178;-661;0.073;20260808
ATEEZ;BAD;2156;167;0.106;20260808
Shaboozey;A Bar Song;2146;612;4.975;20260808
Topic;Sorry Papi;2124;363;0.095;20260808
Becky G;Sorry Papi;2124;363;0.095;20260808
Stray Kids;Way Out;2122;-4114;0.008;20260808
The Irrepressibles;In This Shirt;2082;1719;0.196;20260808
Teddy Swims;Lose Control;2068;797;7.505;20260808
Mazzy Star;Fade Into You;2058;-1293;0.36;20260808
BTS;Love Maze;2030;-461;0.062;20260808
Sadie Barlow;I Choose Me;2028;-462;0.052;20260808
Cameron Whitcomb;Kingdom of Fear;1990;582;0.551;20260808
Tears for Fears;Everybody Wants to Rule the World;1968;689;1.12;20260808
Zara Larsson;Lush Life;1965;1525;2.926;20260808
Bad Bunny;NUEVAYoL;1891;438;1.067;20260808
Luke Combs;Be By You;1856;250;0.338;20260808
Jerri;The JAWN;1849;516;0.047;20260808
Benson Boone;Beautiful Things;1848;1049;7.375;20260808
Spitz;Unknown Thread;1795;-24;0.004;20260808
Travis Japan;On My Road;1755;360;0.016;20260808
Justin Bieber;Beauty and a Beat;1746;-1441;2.754;20260808
The Killers;Mr. Brightside;1730;-229;1.824;20260808
The Goo Goo Dolls;Iris;1724;218;2.092;20260808
KITSCHKRIEG;Gut Genug;1693;-596;0.212;20260808
Blumengarten;Gut Genug;1693;-596;0.212;20260808
Shirin David;Gut Genug;1693;-596;0.212;20260808
King Gnu;GO GHOST;1690;-55;0.021;20260808
DHENYS R J;All Night Long;1683;-8;0.202;20260808
Dimitri Vegas;Turn The Tide;1679;355;0.041;20260808
Sylver;Turn The Tide;1679;355;0.041;20260808
Pat B;Turn The Tide;1679;355;0.041;20260808
KAROL G;Ahí;1634;767;0.003;20260808
Drake;Ahí;1634;767;0.003;20260808
Prospa;Free Your Mind;1602;257;0.109;20260808
Cloonee;Free Your Mind;1602;257;0.109;20260808
DJ Goja;Mi Chico;1601;78;0.119;20260808
Jason Derulo;Mi Chico;1601;78;0.119;20260808
Melody;Mi Chico;1601;78;0.119;20260808
Martin Garrix;Fireflies;1599;-1867;0.076;20260808
U2;Fireflies;1599;-1867;0.076;20260808
OneRepublic;Need Your Love;1591;76;0.125;20260808
Cooper Alan;IDEAR;1577;1577;0.007;20260808
Wolfgang Petry;Morgen Gold;1567;165;0.003;20260808
Chappell Roan;Pink Pony Club;1567;1044;2.789;20260808
XXXTENTACION;Moonlight;1566;210;0.866;20260808
Mrs. GREEN APPLE;Brand New;1565;-57;0.042;20260808
Aitana;SUPERESTRELLA;1560;208;0.358;20260808
Teddy Swims;The Door;1553;834;4.007;20260808
Ricchi;Sarà perché ti amo;1553;-112;1.675;20260808
Poveri;Sarà perché ti amo;1553;-112;1.675;20260808
Alejandro Sanz;Yo Era Poesía;1536;-42;0.003;20260808
Eden Muñoz;Yo Era Poesía;1536;-42;0.003;20260808
Swedish House Mafia;Happiness Is So Sad;1533;807;0.025;20260808
Lykke Li;Happiness Is So Sad;1533;807;0.025;20260808
Kimo Sounds;Make It Spectacular;1531;-24;0.011;20260808
Miranda Lambert;Sunset Marquis;1513;-663;0.004;20260808
Post Malone;Sunflower;1487;-398;3.563;20260808
Swae Lee;Sunflower;1487;-398;3.563;20260808
Rutger Van Barneveld;Zwoele Zomernachten;1479;-44;0.08;20260808
Shakira;Dai Dai;1475;772;0.002;20260808
Filipe Ret;Dai Dai;1475;772;0.002;20260808
Léo Santana;Dai Dai;1475;772;0.002;20260808
Tina Arena;True Faith;1461;-1011;0.004;20260808
TAKARA;Time is money;1450;1450;0.001;20260808
Phil Collins;In the Air Tonight;1438;725;1.338;20260808
ILLIT;It's Me;1428;-59;0.165;20260808
Da Yin;舍不得又没资格;1423;944;0.007;20260808
M!LK;Tsumi to Batsu to Ame to Kiss;1422;0;0.009;20260808
sakanaction;Yoru No Odoriko;1395;54;0.159;20260808
Dimitri Vegas;Makina Time;1389;781;0.091;20260808
Like Mike;Makina Time;1389;781;0.091;20260808
Marlon Hoffstadt;Makina Time;1389;781;0.091;20260808
DJ Konik;Makina Time;1389;781;0.091;20260808
James Johnston;TAKES ME BACK;1387;325;0.002;20260808
Neil Diamond;Sweet Caroline;1376;910;1.515;20260808
T.M.Revolution;HOT LIMIT;1372;546;0.038;20260808
M!LK;Sukisugite METSU;1368;78;0.359;20260808
Michael Jackson;Thriller;1358;-225;1.242;20260808
Beyoncé;MORNING DEW;1345;249;0.109;20260808
Haruka Aoki;Tsukue Sasuru;1341;171;0.02;20260808
Metallica;Enter Sandman;1330;441;1.691;20260808
Stephen Sanchez;Until I Found You;1325;1057;0.757;20260808
Peter Maffay;Ein Leben lang ist nicht lang;1322;183;0.037;20260808
Johannes Oerding;Ein Leben lang ist nicht lang;1322;183;0.037;20260808
Kenshi Yonezu;Yodaka;1315;50;0.04;20260808
LOVIXX STOSLIV;dont tell your dreams to everybody;1309;-160;0.007;20260808
Justen de Wildt;Cheerio;1302;-43;0.169;20260808
Rutger Van Barneveld;Zomer, Zon & Strand;1295;-104;0.003;20260808
Siren(CV:Suzuki Minori);Shima No Uta;1290;49;0.02;20260808
Mermaid(CV:Oki Saeko);Shima No Uta;1290;49;0.02;20260808
Mermaid(CV:Nanase Ayaka);Shima No Uta;1290;49;0.02;20260808
AC/DC;Highway to Hell;1290;897;1.97;20260808
Kenshi Yonezu - Karasu;Raven;1265;72;0.076;20260808
Survivor;Eye of the Tiger;1259;445;2.527;20260808
Taylor Swift;Opalite;1244;-582;1.992;20260808
KNGDM REVIVAL;This Roman Road;1241;-68;0.016;20260808
The New Basement Tapes;Kansas City;1228;-103;0.009;20260808
Rockin' Jukebox;Storm in my heart;1226;587;0.017;20260808
Jennifer Lopez;Save Me Tonight;1224;-405;0.19;20260808
David Guetta;Save Me Tonight;1224;-405;0.19;20260808
Francesco Guccini;Cirano;1221;-85;0.003;20260808
LOUIS of LNGSHOT;All I Can Say Is;1221;1221;0.001;20260808
New Radicals;You Get What You Give;1213;-395;0.221;20260808
Lady Gaga;Die With A Smile;1200;758;7.615;20260808
Bruno Mars;Die With A Smile;1200;758;7.615;20260808
Gospelize;Maladie;1193;203;0.035;20260808
Hachiware(CV:Tanaka Makoto);Kutsuzure;1193;229;0.019;20260808
Disney;Zoo;1190;816;0.658;20260808
Shakira;Zoo;1190;816;0.658;20260808
Nickelback;Rattle The Cage;1185;-172;0.043;20260808
mikeeysmind;Papaoutai;1185;292;0.976;20260808
Chill77;Papaoutai;1185;292;0.976;20260808
Unjaps;Papaoutai;1185;292;0.976;20260808
Dave;Raindance;1184;58;0.447;20260808
Tems;Raindance;1184;58;0.447;20260808
Gavin Adcock;Workin' Man;1179;-535;0.003;20260808
The Cranberries;Zombie;1177;-406;1.946;20260808
Martin Garrix;High On Life;1177;-1641;0.306;20260808
Steve Lacy;oh yeah;1171;-655;0.008;20260808
Wasureranneyo;Nannmonee;1170;108;0.045;20260808
ILLIT;I Got Your Back;1162;20;0.02;20260808
HANA;I Got Your Back;1162;20;0.02;20260808
Usagi(CV:Ozawa Ari);Usagi Rap;1148;44;0.02;20260808
Mermaid(CV:Oki Saeko);Usagi Rap;1148;44;0.02;20260808
Mermaid(CV:Nanase Ayaka);Usagi Rap;1148;44;0.02;20260808
Boris Brejcha;Flying Bird;1145;273;0.117;20260808
4 Non Blondes;What's Up;1128;436;1.373;20260808
Usagi(CV:Ozawa Ari);Usagi Rap;1125;250;0.017;20260808
Momonga(CV:Iguchi Yuka);Usagi Rap;1125;250;0.017;20260808
Mermaid(CV:Oki Saeko);Usagi Rap;1125;250;0.017;20260808
Mermaid(CV:Nanase Ayaka);Usagi Rap;1125;250;0.017;20260808
Cokito Deep;CRECIENDO DIARIAMENTE;1124;1124;0.001;20260808
Take That;Sweet July;1119;187;0.057;20260808
Snow Patrol;These Alarms;1102;-57;0.088;20260808
Kylie Minogue;These Alarms;1102;-57;0.088;20260808
Francesco Guccini;L'avvelenata;1097;-154;0.003;20260808
Cardi B;AH HA;1083;-73;0.028;20260808
JO1;SAKURA;1083;-425;0.003;20260808
Bleu Soleil;Soleil Bleu;1072;328;0.7;20260808
LUIZA;Soleil Bleu;1072;328;0.7;20260808
Evanescence;Bring Me to Life;1064;339;1.694;20260808
Chris Stapleton;Tennessee Whiskey;1052;136;3.613;20260808
SIENNA SPIRO;Great Expectation;1050;-387;0.023;20260808
Journey;Don't Stop Believin';1049;-580;3.747;20260808
Madonna;Bring Your Love;1047;1016;0.387;20260808
Sabrina Carpenter;Bring Your Love;1047;1016;0.387;20260808
Mauvais Djo;Maladie;1044;-22;0.058;20260808
STELLA LEFTY;Lean In, Kiss Me;1042;-190;0.002;20260808
Rea Garvey;Rivers;1041;409;0.002;20260808
Imran;Rivers;1041;409;0.002;20260808
EBiDAN Ebisu Gakuen Boys Club;Yes Tokyo;1041;58;0.036;20260808
chotokkyu;Yes Tokyo;1041;58;0.036;20260808
M!LK;Yes Tokyo;1041;58;0.036;20260808
GNJB;Yes Tokyo;1041;58;0.036;20260808
ext3nsion;Du Bist Gut Genug;1039;144;0.032;20260808
Nothing But Thieves;Baby Kool;1038;-1085;0.007;20260808
Farin Urlaub;Kein Pardon;1022;506;0.002;20260808
Shakira;Dai Dai;17557;1934;1.323;20260809
Burna Boy;Dai Dai;17557;1934;1.323;20260809
Madonna;Love Sensation;16977;-3189;0.059;20260809
Kylie Minogue;Love Sensation;16977;-3189;0.059;20260809
HUGEL;Movin' To The Sun;16000;868;0.961;20260809
Imael Angel;Movin' To The Sun;16000;868;0.961;20260809
Ultra Naté;Movin' To The Sun;16000;868;0.961;20260809
Stray Kids;This & That;12747;-3448;0.047;20260809
Kimo Sounds;Rise Slow;11854;598;0.468;20260809
Ariana Grande;hate that i made you love me;9500;-1000;0.789;20260809
HUGEL;Jamaican;8862;-27;0.902;20260809
SOLTO (FR);Jamaican;8862;-27;0.902;20260809
DJ.ILHAM;DIGIDI DIGIDI;7813;3128;0.453;20260809
Ella Langley;Choosin' Texas;7185;-197;1.693;20260809
Taylor Swift;I Knew It, I Knew You;6937;372;0.679;20260809
RAYE;WHERE IS MY HUSBAND;6700;900;3.148;20260809
Alex Warren;FEVER DREAM;6133;41;1.254;20260809
Tame Impala;Loser;5859;1185;0.061;20260809
Harry Styles;Sign of the Times;5482;947;5.169;20260809
STELLA LEFTY;Boston;5450;164;0.486;20260809
Alex Warren;Ordinary;5246;-280;6.173;20260809
Alex Warren;RESCUER;5152;-1678;0.024;20260809
Noah Nine;Mama, I still call your name;5121;-612;0.232;20260809
The Second Voice;LET ME BE;5107;1249;1.409;20260809
Bebe Rexha;New Religion;5082;180;1.011;20260809
Faithless;New Religion;5082;180;1.011;20260809
ANOTR;Talk To You;5034;476;0.492;20260809
Robyn;Dancing On My Own;4911;715;0.843;20260809
HUNTR/X;Golden;4675;257;5.459;20260809
EJAE;Golden;4675;257;5.459;20260809
AUDREY NUNA;Golden;4675;257;5.459;20260809
REI AMI;Golden;4675;257;5.459;20260809
KPop Demon Hunters Cast;Golden;4675;257;5.459;20260809
Ariana Grande;petal;4483;-1202;0.082;20260809
aespa;Serenade;4310;4310;0.004;20260809
Olivia Rodrigo;drop dead;4239;562;0.78;20260809
David Guetta;Run Run River;4192;-80;0.351;20260809
Alok;Run Run River;4192;-80;0.351;20260809
Stick Figure;Run Run River;4192;-80;0.351;20260809
SIENNA SPIRO;Material Lover;4085;408;0.252;20260809
Teddy Swims;Mr. Know It All;4070;-333;0.584;20260809
Koe Wetzel;Jaded;3980;-339;0.012;20260809
Ella Langley;Jaded;3980;-339;0.012;20260809
Sam Fender;Rein Me In;3739;-566;0.869;20260809
Olivia Dean;Rein Me In;3739;-566;0.869;20260809
The Offspring;The Kids Aren't Alright;3728;-1282;0.126;20260809
Armin van Buuren;Everlasting;3726;161;0.071;20260809
SACHA;Everlasting;3726;161;0.071;20260809
Olivia Dean;So Easy;3650;-1189;1.812;20260809
Olivia Dean;Man I Need;3623;-364;2.715;20260809
The Bausa;Magnetic;3596;-619;0.337;20260809
Temper City;Self Aware;3555;-2;0.242;20260809
Michael Jackson;Billie Jean;3502;-979;1.599;20260809
sombr;My Body Isn't Ready;3409;533;0.1;20260809
Ac/Dc;Thunderstruck;3391;975;4.304;20260809
Kimo Sounds;After the fall;3364;494;0.132;20260809
Benson Boone;Beautiful Things;3319;1471;7.378;20260809
Azteck;Everything's Alright;3310;-164;0.094;20260809
DJ Koko;Everything's Alright;3310;-164;0.094;20260809
Kurt D;Everything's Alright;3310;-164;0.094;20260809
Morgan Wallen;Been By Now;3279;-391;0.071;20260809
BTS;SWIM;3213;-919;1.175;20260809
Ella Langley;I Can't Love You Anymore;3185;77;0.311;20260809
Morgan Wallen;I Can't Love You Anymore;3185;77;0.311;20260809
Noah Nine;A Man Can Cry;3137;-1558;0.155;20260809
Josh Fawaz;Like a Prayer;3095;-104;0.538;20260809
Bonnie Tyler;Total Eclipse of the Heart;3090;883;0.645;20260809
KAROL G;Still;3017;-753;0.008;20260809
Bruno Mars;Still;3017;-753;0.008;20260809
Olivia Rodrigo;stupid song;2980;235;0.237;20260809
Taylor Swift;The Fate of Ophelia;2931;-540;3.678;20260809
Don Miguelo;Y Qué Fue;2834;-188;0.248;20260809
Shaboozey;Cowgirl;2689;478;0.174;20260809
Harry Styles;American Girls;2630;-1020;0.665;20260809
The Cranberries;Zombie;2626;1449;1.948;20260809
Bruno Mars;Risk It All;2613;191;0.831;20260809
DJ Goja;Mi Chico;2598;120;0.208;20260809
Post Malone;Sunflower;2538;1051;3.566;20260809
Swae Lee;Sunflower;2538;1051;3.566;20260809
Tame Impala;Dracula;2528;-138;0.801;20260809
JENNIE;Dracula;2528;-138;0.801;20260809
Bruno Mars;I Just Might;2517;-928;1.971;20260809
Jamie Miller;Babydoll;2516;-1004;0.01;20260809
Cameron Whitcomb;Kingdom of Fear;2508;518;0.553;20260809
The Chemical Brothers;Go;2501;299;1.108;20260809
Mazzy Star;Fade Into You;2496;438;0.363;20260809
James Johnston;COUNTRY SONG;2432;-287;0.006;20260809
Mauvais Djo;Pilé;2410;173;0.146;20260809
Stray Kids;This & That;2380;-1643;0.006;20260809
IMLAY;This & That;2380;-1643;0.006;20260809
Ella Langley;you look like you love me;2377;47;1.421;20260809
Riley Green;you look like you love me;2377;47;1.421;20260809
KATSEYE;Animal;2365;-307;0.085;20260809
JENNIE;Less than a Lover;2364;84;0.077;20260809
Shaboozey;A Bar Song;2360;214;4.977;20260809
Ella Langley;Be Her;2333;-134;0.558;20260809
Stray Kids;This & That;2308;-311;0.005;20260809
Will Not Fear;This & That;2308;-311;0.005;20260809
Minit;This & That;2308;-311;0.005;20260809
Carly Rae Jepsen;Don’t Leave Me on the Dance Floor;2283;-1533;0.014;20260809
DHENYS R J;All Night Long;2229;546;0.205;20260809
Oasis;Wonderwall;2216;1608;1.485;20260809
Ado;Monstruo;2175;-248;0.008;20260809
Topic;Sorry Papi;2154;30;0.097;20260809
Becky G;Sorry Papi;2154;30;0.097;20260809
Teddy Swims;Lose Control;2103;35;7.507;20260809
Prospa;Free Your Mind;2096;494;0.111;20260809
Cloonee;Free Your Mind;2096;494;0.111;20260809
Phil Collins;In the Air Tonight;2050;612;1.34;20260809
LOVIXX STOSLIV;dont tell your dreams to everybody;2035;726;0.009;20260809
sombr;Homewrecker;2009;-201;0.592;20260809
Zara Larsson;Lush Life;1992;27;2.928;20260809
Stephen Sanchez;Until I Found You;1987;662;0.759;20260809
The Goo Goo Dolls;Iris;1967;243;2.094;20260809
Bad Bunny;NUEVAYoL;1892;1;1.069;20260809
Zara Larsson;Midnight Sun;1878;-724;0.355;20260809
DJ Goja;Mi Chico;1857;256;0.121;20260809
Jason Derulo;Mi Chico;1857;256;0.121;20260809
Melody;Mi Chico;1857;256;0.121;20260809
AI IRIE FM;No Stress, Just Vibes;1843;833;0.02;20260809
Kimo Sounds;Zero Gravity;1839;1335;0.016;20260809
XXXTENTACION;Moonlight;1782;216;0.868;20260809
Spitz;Unknown Thread;1780;-15;0.005;20260809
Justin Bieber;Beauty and a Beat;1775;29;2.755;20260809
Survivor;Eye of the Tiger;1772;513;2.529;20260809
ATEEZ;BAD;1761;-395;0.108;20260809
Travis Japan;On My Road;1749;-6;0.018;20260809
Da Yin;舍不得又没资格;1747;324;0.008;20260809
Neil Diamond;Sweet Caroline;1725;349;1.517;20260809
Brandon Flowers;Tiger's Blood;1685;-2119;0.013;20260809
Stray Kids;This & That;1685;-2968;0.015;20260809
Tele;This & That;1685;-2968;0.015;20260809
Dirty Thirty;Festivalwecker;1672;-506;0.074;20260809
Luke Bryan;Signs;1670;-579;0.008;20260809
KITSCHKRIEG;Gut Genug;1667;-26;0.213;20260809
Blumengarten;Gut Genug;1667;-26;0.213;20260809
Shirin David;Gut Genug;1667;-26;0.213;20260809
4 Non Blondes;What's Up;1662;534;1.375;20260809
Tame Impala;Dracula;1661;-586;0.531;20260809
Sadie Barlow;I Choose Me;1605;-423;0.054;20260809
Rutger Van Barneveld;Zwoele Zomernachten;1600;121;0.081;20260809
Tears for Fears;Everybody Wants to Rule the World;1595;-373;1.121;20260809
Michael Jackson;Beat It;1595;-592;0.964;20260809
Chappell Roan;Pink Pony Club;1591;24;2.79;20260809
Luke Combs;Be By You;1587;-269;0.34;20260809
ILLIT;It's Me;1585;157;0.167;20260809
Aitana;SUPERESTRELLA;1582;22;0.359;20260809
Ricchi;Sarà perché ti amo;1580;27;1.677;20260809
Poveri;Sarà perché ti amo;1580;27;1.677;20260809
Christina Perri;A Thousand Years;1571;623;8.382;20260809
King Gnu;GO GHOST;1558;-132;0.023;20260809
Dimitri Vegas;Turn The Tide;1549;-130;0.042;20260809
Sylver;Turn The Tide;1549;-130;0.042;20260809
Pat B;Turn The Tide;1549;-130;0.042;20260809
Mrs. GREEN APPLE;Brand New;1540;-25;0.043;20260809
Coldplay;Viva la Vida;1524;1275;7.069;20260809
Cooper Alan;IDEAR;1524;-53;0.009;20260809
Alejandro Sanz;Yo Era Poesía;1505;-31;0.005;20260809
Eden Muñoz;Yo Era Poesía;1505;-31;0.005;20260809
Masaharu Fukuyama;Kaikou;1479;1479;0.001;20260809
Aitch;RMB;1479;805;0.044;20260809
Peter Maffay;Ein Leben lang ist nicht lang;1468;146;0.038;20260809
Johannes Oerding;Ein Leben lang ist nicht lang;1468;146;0.038;20260809
LOUIS of LNGSHOT;All I Can Say Is;1466;245;0.003;20260809
Martin Garrix;Repeat It;1466;771;0.113;20260809
Ed Sheeran;Repeat It;1466;771;0.113;20260809
Shakira;Waka Waka;1461;683;7.471;20260809
BTS;Love Maze;1435;-595;0.063;20260809
Kimo Sounds;Make It Spectacular;1425;-106;0.013;20260809
M!LK;Tsumi to Batsu to Ame to Kiss;1422;0;0.01;20260809
Elevation Worship;God I'm Just Grateful;1418;798;0.147;20260809
Chandler Moore;God I'm Just Grateful;1418;798;0.147;20260809
Wolfgang Petry;Morgen Gold;1395;-172;0.004;20260809
sakanaction;Yoru No Odoriko;1395;0;0.161;20260809
Michael Jackson;Thriller;1388;30;1.243;20260809
Steve Lacy;oh yeah;1385;214;0.009;20260809
Justen de Wildt;Cheerio;1384;82;0.171;20260809
Lady Gaga;Die With A Smile;1384;184;7.616;20260809
Bruno Mars;Die With A Smile;1384;184;7.616;20260809
Siren(CV:Suzuki Minori);Shima No Uta;1368;78;0.021;20260809
Mermaid(CV:Oki Saeko);Shima No Uta;1368;78;0.021;20260809
Mermaid(CV:Nanase Ayaka);Shima No Uta;1368;78;0.021;20260809
KAROL G;Alguien que te amaba;1363;527;0.003;20260809
James Johnston;TAKES ME BACK;1360;-27;0.004;20260809
Andreas Gabalier;UNA CANZONE PER TE;1358;718;0.065;20260809
Pietro Basile;UNA CANZONE PER TE;1358;718;0.065;20260809
William Orbit;Barber's Adagio for Strings;1349;627;0.002;20260809
Andrea Berg;Das kann uns keiner nehmen;1347;-905;0.006;20260809
Haruka Aoki;Tsukue Sasuru;1341;0;0.022;20260809
OneRepublic;Need Your Love;1332;-259;0.126;20260809
Djo;End of Beginning;1329;718;2.005;20260809
Jerri;The JAWN;1326;-523;0.049;20260809
HWASA;Good Goodbye;1316;335;0.458;20260809
M!LK;Sukisugite METSU;1315;-53;0.36;20260809
Lady Gaga;Always Remember Us This Way;1301;293;9.545;20260809
Coldplay;A Sky Full of Stars;1293;952;11.324;20260809
Kenshi Yonezu - Karasu;Raven;1290;25;0.077;20260809
Teddy Swims;The Door;1278;-275;4.008;20260809
Tina Arena;True Faith;1265;-196;0.005;20260809
Hachiware(CV:Tanaka Makoto);Kutsuzure;1265;72;0.02;20260809
Sia;Unstoppable;1255;751;7.711;20260809
KAROL G;Ahí;1254;-380;0.004;20260809
Drake;Ahí;1254;-380;0.004;20260809
Kenshi Yonezu;Yodaka;1241;-74;0.041;20260809
The Housemartins;Happy Hour;1234;1234;0.004;20260809
Dua Lipa;Training Season;1224;543;1.25;20260809
Chris Stapleton;Tennessee Whiskey;1220;168;3.614;20260809
BearyTunes;Ich bin genug;1217;308;0.053;20260809
KAROL G;Si Antes Te Hubiera Conocido;1214;670;1.935;20260809
Merk;PARTENOPE;1208;442;0.052;20260809
Kremont;PARTENOPE;1208;442;0.052;20260809
Rutger Van Barneveld;Zomer, Zon & Strand;1198;-97;0.004;20260809
T.M.Revolution;HOT LIMIT;1195;-177;0.039;20260809
TAKARA;Time is money;1193;-257;0.003;20260809
Disturbed;The Sound of Silence;1190;414;10.359;20260809
The Irrepressibles;In This Shirt;1184;-898;0.197;20260809
Coldplay;Yellow;1177;645;2.133;20260809
Glen Hansard;Falling Slowly;1172;411;0.069;20260809
Markéta Irglová;Falling Slowly;1172;411;0.069;20260809
Marteria;Sad Holiday;1170;538;0.004;20260809
Usagi(CV:Ozawa Ari);Usagi Rap;1170;22;0.021;20260809
Mermaid(CV:Oki Saeko);Usagi Rap;1170;22;0.021;20260809
Mermaid(CV:Nanase Ayaka);Usagi Rap;1170;22;0.021;20260809
Tove Lo;des fleurs;1153;962;0.047;20260809
Stromae;des fleurs;1153;962;0.047;20260809
The Beautiful South;A Little Time;1151;1151;0.001;20260809
Usagi(CV:Ozawa Ari);Usagi Rap;1148;23;0.019;20260809
Momonga(CV:Iguchi Yuka);Usagi Rap;1148;23;0.019;20260809
Mermaid(CV:Oki Saeko);Usagi Rap;1148;23;0.019;20260809
Mermaid(CV:Nanase Ayaka);Usagi Rap;1148;23;0.019;20260809
The Killers;Mr. Brightside;1139;-591;1.825;20260809
Beyoncé;MORNING DEW;1130;-215;0.111;20260809
Cardi B;AH HA;1125;42;0.029;20260809
SixTONES;My Only;1125;330;0.028;20260809
AC/DC;Highway to Hell;1124;-166;1.971;20260809
Dave;Raindance;1119;-65;0.448;20260809
Tems;Raindance;1119;-65;0.448;20260809
Disney;Zoo;1115;-75;0.659;20260809
Shakira;Zoo;1115;-75;0.659;20260809
Issouf Manem yam;Valhalla Calling;1112;133;0.037;20260809
Anthrax;Everybody's Got A Plan;1105;-1797;0.012;20260809
Wasureranneyo;Nannmonee;1104;-66;0.046;20260809
YuukiSakuna;Re, Bloom*;1103;1103;0.001;20260809
New Radicals;You Get What You Give;1093;-120;0.222;20260809
KNGDM REVIVAL;This Roman Road;1083;-158;0.017;20260809
M!LK;Bakuretsu Aishiteru;1083;100;0.22;20260809
sombr;back to friends;1080;448;0.654;20260809
BTS;Body to Body;1080;440;0.395;20260809
Saxboy Billy;The Puerto Rico Song;1075;585;0.314;20260809
Stray Kids;After You;1073;-2773;0.014;20260809
KAROL G;Viajando Por El Mundo;1067;511;0.14;20260809
Manu Chao;Viajando Por El Mundo;1067;511;0.14;20260809
Tulus;Teh Hijau;1065;130;0.037;20260809
Ed Sheeran;Perfect;1061;237;15.741;20260809
Shakira;Zoo;1056;906;0.687;20260809
Shakira;Dai Dai;16294;-1263;1.339;20260810
Burna Boy;Dai Dai;16294;-1263;1.339;20260810
HUGEL;Movin' To The Sun;15556;-444;0.977;20260810
Imael Angel;Movin' To The Sun;15556;-444;0.977;20260810
Ultra Naté;Movin' To The Sun;15556;-444;0.977;20260810
Madonna;Love Sensation;14899;-2078;0.074;20260810
Kylie Minogue;Love Sensation;14899;-2078;0.074;20260810
Stray Kids;This & That;13298;551;0.06;20260810
Kimo Sounds;Rise Slow;10675;-1179;0.479;20260810
Ariana Grande;hate that i made you love me;10177;677;0.799;20260810
DJ.ILHAM;DIGIDI DIGIDI;9255;1442;0.462;20260810
HUGEL;Jamaican;8624;-238;0.91;20260810
SOLTO (FR);Jamaican;8624;-238;0.91;20260810
Ella Langley;Choosin' Texas;7492;307;1.7;20260810
Alex Warren;FEVER DREAM;7423;1290;1.261;20260810
Taylor Swift;I Knew It, I Knew You;7058;121;0.686;20260810
STELLA LEFTY;Boston;6542;1092;0.492;20260810
Tame Impala;Loser;6302;443;0.068;20260810
RAYE;WHERE IS MY HUSBAND;5714;-986;3.153;20260810
Deadlight County;Oh Mama;5329;5329;0.005;20260810
Alex Warren;Ordinary;5224;-22;6.178;20260810
The Second Voice;LET ME BE;5144;37;1.414;20260810
Olivia Rodrigo;drop dead;5091;852;0.786;20260810
Robyn;Dancing On My Own;4842;-69;0.848;20260810
Bebe Rexha;New Religion;4716;-366;1.016;20260810
Faithless;New Religion;4716;-366;1.016;20260810
Olivia Dean;Man I Need;4679;1056;2.72;20260810
HUNTR/X;Golden;4667;-8;5.464;20260810
EJAE;Golden;4667;-8;5.464;20260810
AUDREY NUNA;Golden;4667;-8;5.464;20260810
REI AMI;Golden;4667;-8;5.464;20260810
KPop Demon Hunters Cast;Golden;4667;-8;5.464;20260810
Olivia Dean;So Easy;4561;911;1.817;20260810
Temper City;Self Aware;4537;982;0.246;20260810
Azteck;Everything's Alright;4514;1204;0.098;20260810
DJ Koko;Everything's Alright;4514;1204;0.098;20260810
Kurt D;Everything's Alright;4514;1204;0.098;20260810
Noah Nine;Mama, I still call your name;4457;-664;0.237;20260810
Ariana Grande;petal;4380;-103;0.087;20260810
ANOTR;Talk To You;4330;-704;0.496;20260810
Harry Styles;Sign of the Times;4177;-1305;5.174;20260810
Sam Fender;Rein Me In;4128;389;0.873;20260810
Olivia Dean;Rein Me In;4128;389;0.873;20260810
aespa;Serenade;4032;-278;0.008;20260810
Stephen Sanchez;Until I Found You;3898;1911;0.763;20260810
KATSEYE;Animal;3874;1509;0.089;20260810
Teddy Swims;Mr. Know It All;3871;-199;0.588;20260810
Koe Wetzel;Jaded;3858;-122;0.016;20260810
Ella Langley;Jaded;3858;-122;0.016;20260810
David Guetta;Run Run River;3826;-366;0.354;20260810
Alok;Run Run River;3826;-366;0.354;20260810
Stick Figure;Run Run River;3826;-366;0.354;20260810
Kimo Sounds;After the fall;3818;454;0.135;20260810
Noah Nine;A Man Can Cry;3657;520;0.159;20260810
Olivia Rodrigo;stupid song;3627;647;0.24;20260810
Zara Larsson;Midnight Sun;3520;1642;0.359;20260810
Bruno Mars;I Just Might;3423;906;1.974;20260810
WayV;Vision Wings;3409;3409;0.003;20260810
Alex Warren;RESCUER;3385;-1767;0.027;20260810
Ac/Dc;Thunderstruck;3355;-36;4.307;20260810
Ella Langley;you look like you love me;3252;875;1.425;20260810
Riley Green;you look like you love me;3252;875;1.425;20260810
Tame Impala;Dracula;3145;617;0.804;20260810
JENNIE;Dracula;3145;617;0.804;20260810
SIENNA SPIRO;Material Lover;3090;-995;0.255;20260810
Dirty Thirty;Festivalwecker;3089;1417;0.077;20260810
Michael Jackson;Billie Jean;3077;-425;1.602;20260810
Ella Langley;I Can't Love You Anymore;3076;-109;0.314;20260810
Morgan Wallen;I Can't Love You Anymore;3076;-109;0.314;20260810
The Offspring;The Kids Aren't Alright;3051;-677;0.129;20260810
Benson Boone;Beautiful Things;2994;-325;7.381;20260810
Post Malone;Sunflower;2985;447;3.569;20260810
Swae Lee;Sunflower;2985;447;3.569;20260810
The Bausa;Magnetic;2955;-641;0.34;20260810
Morgan Wallen;Been By Now;2941;-338;0.074;20260810
Taylor Swift;The Fate of Ophelia;2922;-9;3.681;20260810
sombr;My Body Isn't Ready;2911;-498;0.103;20260810
BTS;SWIM;2851;-362;1.178;20260810
DJ Goja;Mi Chico;2783;185;0.21;20260810
Shaboozey;A Bar Song;2779;419;4.98;20260810
Harry Styles;American Girls;2747;117;0.668;20260810
Ella Langley;Be Her;2698;365;0.561;20260810
Mazzy Star;Fade Into You;2679;183;0.365;20260810
KAROL G;Still;2606;-411;0.011;20260810
Bruno Mars;Still;2606;-411;0.011;20260810
Cameron Whitcomb;Kingdom of Fear;2590;82;0.556;20260810
Josh Fawaz;Like a Prayer;2445;-650;0.541;20260810
The Cranberries;Zombie;2377;-249;1.951;20260810
JENNIE;Less than a Lover;2359;-5;0.079;20260810
Topic;Sorry Papi;2294;140;0.099;20260810
Becky G;Sorry Papi;2294;140;0.099;20260810
Bruno Mars;Risk It All;2268;-345;0.834;20260810
Zara Larsson;Lush Life;2266;274;2.93;20260810
Justin Bieber;Beauty and a Beat;2252;477;2.758;20260810
Steve Lacy;oh yeah;2208;823;0.011;20260810
Dua Lipa;Training Season;2193;969;1.253;20260810
sombr;Homewrecker;2140;131;0.594;20260810
Oasis;Wonderwall;2059;-157;1.487;20260810
Tame Impala;Dracula;2038;377;0.533;20260810
Sia;Unstoppable;2017;762;7.713;20260810
James Johnston;COUNTRY SONG;1996;-436;0.008;20260810
The Chemical Brothers;Go;1979;-522;1.11;20260810
Bonnie Tyler;Total Eclipse of the Heart;1949;-1141;0.647;20260810
Bad Bunny;NUEVAYoL;1941;49;1.071;20260810
Shaboozey;Cowgirl;1927;-762;0.176;20260810
Djo;End of Beginning;1921;592;2.007;20260810
The Temper Trap;Sweet Disposition;1918;943;0.563;20260810
Aitana;SUPERESTRELLA;1898;316;0.361;20260810
DJ Goja;Mi Chico;1808;-49;0.123;20260810
Jason Derulo;Mi Chico;1808;-49;0.123;20260810
Melody;Mi Chico;1808;-49;0.123;20260810
Spitz;Unknown Thread;1807;27;0.007;20260810
SIENNA SPIRO;Die On This Hill;1792;1559;0.739;20260810
Aitch;RMB;1769;290;0.046;20260810
LOVIXX STOSLIV;dont tell your dreams to everybody;1769;-266;0.011;20260810
Neil Diamond;Sweet Caroline;1756;31;1.519;20260810
Taylor Swift;Opalite;1741;860;1.995;20260810
ZANU;Beautiful Sunday;1716;1207;0.018;20260810
Issouf Manem yam;Valhalla Calling;1708;596;0.038;20260810
Jamie Miller;Babydoll;1700;-816;0.012;20260810
Alanis Morissette;Uninvited;1696;1696;0.048;20260810
Kimo Sounds;Make It Spectacular;1684;259;0.015;20260810
Evanescence;My Immortal;1675;860;0.488;20260810
Mauvais Djo;Pilé;1674;-736;0.148;20260810
Kis-My-Ft2;FIRE BEAT;1672;1672;0.002;20260810
Rockin' Jukebox;Storm in my heart;1641;811;0.02;20260810
The Goo Goo Dolls;Iris;1630;-337;2.095;20260810
BTS;Love Maze;1606;171;0.065;20260810
Disturbed;The Sound of Silence;1605;415;10.361;20260810
Kis-My-Ft2;Inori;1598;1598;0.002;20260810
Teddy Swims;Lose Control;1591;-512;7.508;20260810
KAROL G;Alguien que te amaba;1562;199;0.004;20260810
ATEEZ;BAD;1549;-212;0.11;20260810
Ado;Monstruo;1548;-627;0.009;20260810
Luke Combs;Be By You;1544;-43;0.341;20260810
Rutger Van Barneveld;Zwoele Zomernachten;1539;-61;0.083;20260810
Teddy Swims;The Door;1530;252;4.01;20260810
Sadie Barlow;I Choose Me;1529;-76;0.055;20260810
Kimo Sounds;Zero Gravity;1512;-327;0.017;20260810
Masaharu Fukuyama;Kaikou;1508;29;0.003;20260810
Carly Rae Jepsen;Don’t Leave Me on the Dance Floor;1503;-780;0.015;20260810
Coldplay;A Sky Full of Stars;1497;204;11.326;20260810
Manon Lisa;Le Petit Pêcheur;1483;709;0.08;20260810
Peter Maffay;Ein Leben lang ist nicht lang;1479;11;0.04;20260810
Johannes Oerding;Ein Leben lang ist nicht lang;1479;11;0.04;20260810
Ricchi;Sarà perché ti amo;1473;-107;1.679;20260810
Poveri;Sarà perché ti amo;1473;-107;1.679;20260810
The Killers;Mr. Brightside;1469;330;1.826;20260810
KITSCHKRIEG;Gut Genug;1451;-216;0.215;20260810
Blumengarten;Gut Genug;1451;-216;0.215;20260810
Shirin David;Gut Genug;1451;-216;0.215;20260810
Kazuya Yoshii;MY LIFE;1450;1450;0.001;20260810
Stray Kids;This & That;1441;-939;0.008;20260810
IMLAY;This & That;1441;-939;0.008;20260810
Metallica;Enter Sandman;1433;630;1.693;20260810
King Gnu;GO GHOST;1422;-136;0.024;20260810
Justen de Wildt;Cheerio;1417;33;0.172;20260810
Dave;Raindance;1399;280;0.449;20260810
Tems;Raindance;1399;280;0.449;20260810
Travis Japan;On My Road;1397;-352;0.019;20260810
Mrs. GREEN APPLE;Brand New;1395;-145;0.045;20260810
Journey;Don't Stop Believin';1392;425;3.749;20260810
DJ BoerBeats;Pretty Belinda;1375;521;0.027;20260810
XXXTENTACION;Moonlight;1369;-413;0.869;20260810
Haruka Aoki;Tsukue Sasuru;1368;27;0.023;20260810
Fleetwood Mac;Dreams;1364;1012;1.574;20260810
The Doobie Brothers;What a Fool Believes;1358;400;0.042;20260810
Tove Lo;des fleurs;1353;200;0.048;20260810
Stromae;des fleurs;1353;200;0.048;20260810
Rutger Van Barneveld;Zomer, Zon & Strand;1348;150;0.005;20260810
Siren(CV:Suzuki Minori);Shima No Uta;1341;-27;0.022;20260810
Mermaid(CV:Oki Saeko);Shima No Uta;1341;-27;0.022;20260810
Mermaid(CV:Nanase Ayaka);Shima No Uta;1341;-27;0.022;20260810
LOUIS of LNGSHOT;All I Can Say Is;1338;-128;0.004;20260810
Shakira;Waka Waka;1336;-125;7.472;20260810
Da Yin;舍不得又没资格;1322;-425;0.01;20260810
Tears for Fears;Everybody Wants to Rule the World;1308;-287;1.122;20260810
Alejandro Sanz;Yo Era Poesía;1293;-212;0.006;20260810
Eden Muñoz;Yo Era Poesía;1293;-212;0.006;20260810
M!LK;Sukisugite METSU;1290;-25;0.361;20260810
Chris Stapleton;Tennessee Whiskey;1289;69;3.616;20260810
BearyTunes;Ich bin genug;1278;61;0.054;20260810
Wolfgang Petry;Morgen Gold;1265;-130;0.006;20260810
sakanaction;Yoru No Odoriko;1265;-130;0.162;20260810
William Orbit;Barber's Adagio for Strings;1258;-91;0.003;20260810
Hachiware(CV:Tanaka Makoto);Kutsuzure;1241;-24;0.021;20260810
Dimitri Vegas;Turn The Tide;1230;-319;0.044;20260810
Sylver;Turn The Tide;1230;-319;0.044;20260810
Pat B;Turn The Tide;1230;-319;0.044;20260810
aespa;Lollipop;1224;436;0.002;20260810
ILLIT;It's Me;1220;-365;0.168;20260810
Christina Perri;A Thousand Years;1220;-351;8.384;20260810
Creedence Clearwater Revival;Have You Ever Seen the Rain;1218;466;0.938;20260810
M!LK;Tsumi to Batsu to Ame to Kiss;1217;-205;0.012;20260810
Stray Kids;This & That;1210;-1098;0.006;20260810
Will Not Fear;This & That;1210;-1098;0.006;20260810
Minit;This & That;1210;-1098;0.006;20260810
HWASA;Good Goodbye;1194;-122;0.46;20260810
Elevation Worship;God I'm Just Grateful;1193;-225;0.148;20260810
Chandler Moore;God I'm Just Grateful;1193;-225;0.148;20260810
Usagi(CV:Ozawa Ari);Usagi Rap;1193;45;0.02;20260810
Momonga(CV:Iguchi Yuka);Usagi Rap;1193;45;0.02;20260810
Mermaid(CV:Oki Saeko);Usagi Rap;1193;45;0.02;20260810
Mermaid(CV:Nanase Ayaka);Usagi Rap;1193;45;0.02;20260810
Prospa;Free Your Mind;1192;-904;0.112;20260810
Cloonee;Free Your Mind;1192;-904;0.112;20260810
DHENYS R J;All Night Long;1175;-1054;0.206;20260810
Rea Garvey;Rivers;1170;149;0.004;20260810
Imran;Rivers;1170;149;0.004;20260810
Michael Jackson;Beat It;1170;-425;0.965;20260810
ROSÉ;APT.;1161;437;6.489;20260810
Bruno Mars;APT.;1161;437;6.489;20260810
Mrs. GREEN APPLE;Carrying Happiness;1148;1148;0.129;20260810
Imagine Dragons;Believer;1139;463;8.802;20260810
Don Miguelo;Y Qué Fue;1131;-1703;0.249;20260810
Kenshi Yonezu;Yodaka;1125;-116;0.043;20260810
Bad Bunny;DtMF;1123;260;1.226;20260810
KNGDM REVIVAL;This Roman Road;1114;31;0.018;20260810
Cardi B;AH HA;1114;-11;0.03;20260810
Ludwig Göransson;Odysseus;1109;654;0.037;20260810
Cooper Alan;IDEAR;1108;-416;0.01;20260810
Hearts2Hearts;ICONIC HEART;1107;1107;0.001;20260810
G Flip;Bed on Fire;1104;63;0.188;20260810
Kenshi Yonezu - Karasu;Raven;1104;-186;0.078;20260810
Nickelback;Rattle The Cage;1097;503;0.045;20260810
Marteria;Sad Holiday;1093;-77;0.005;20260810
Survivor;Eye of the Tiger;1084;-688;2.53;20260810
Usagi(CV:Ozawa Ari);Usagi Rap;1083;-87;0.022;20260810
Mermaid(CV:Oki Saeko);Usagi Rap;1083;-87;0.022;20260810
Mermaid(CV:Nanase Ayaka);Usagi Rap;1083;-87;0.022;20260810
Martin Garrix;Repeat It;1072;-394;0.114;20260810
Ed Sheeran;Repeat It;1072;-394;0.114;20260810
Andrea Berg;Das kann uns keiner nehmen;1058;-289;0.007;20260810
Michael Jackson;Smooth Criminal;1057;125;0.596;20260810
Phil Collins;In the Air Tonight;1054;-996;1.341;20260810
Lady Gaga;Always Remember Us This Way;1049;-252;9.546;20260810
EBiDAN Ebisu Gakuen Boys Club;Yes Tokyo;1041;0;0.038;20260810
chotokkyu;Yes Tokyo;1041;0;0.038;20260810
M!LK;Yes Tokyo;1041;0;0.038;20260810
GNJB;Yes Tokyo;1041;0;0.038;20260810
Bob Marley;Three Little Birds;1039;967;0.581;20260810
The Wailers;Three Little Birds;1039;967;0.581;20260810
OneRepublic;Need Your Love;1018;-314;0.127;20260810
忘れらんねえよ;なんもねえ;1012;1012;0.003;20260810
KAROL G;Ahí;1008;-246;0.005;20260810
Drake;Ahí;1008;-246;0.005;20260810
BTS;NORMAL;1008;433;0.579;20260810
Phil Collins;You'll Be In My Heart;1006;750;0.315;20260810
Twinnie;Wild One;1002;1002;0.001;20260810
Candi Staton;Young Hearts Run Free;999;999;0.035;20260810
STELLA LEFTY;Lean In, Kiss Me;994;-7;0.004;20260810
Chappell Roan;Pink Pony Club;990;-601;2.791;20260810
Take That;Sweet July;977;32;0.059;20260810
Shakira;Dai Dai;16452;158;1.356;20260811
Burna Boy;Dai Dai;16452;158;1.356;20260811
HUGEL;Movin' To The Sun;15447;-109;0.992;20260811
Imael Angel;Movin' To The Sun;15447;-109;0.992;20260811
Ultra Naté;Movin' To The Sun;15447;-109;0.992;20260811
Madonna;Love Sensation;11547;-3352;0.086;20260811
Kylie Minogue;Love Sensation;11547;-3352;0.086;20260811
Kimo Sounds;Rise Slow;10331;-344;0.489;20260811
Ariana Grande;hate that i made you love me;9725;-452;0.809;20260811
Stray Kids;This & That;9553;-3745;0.07;20260811
HUGEL;Jamaican;9225;601;0.92;20260811
SOLTO (FR);Jamaican;9225;601;0.92;20260811
DJ.ILHAM;DIGIDI DIGIDI;8218;-1037;0.47;20260811
Ella Langley;Choosin' Texas;7968;476;1.708;20260811
RAYE;WHERE IS MY HUSBAND;6996;1282;3.16;20260811
Alex Warren;FEVER DREAM;6968;-455;1.268;20260811
Alex Warren;Ordinary;6820;1596;6.185;20260811
Taylor Swift;I Knew It, I Knew You;6692;-366;0.693;20260811
Tame Impala;Loser;6418;116;0.074;20260811
Teddy Swims;Mr. Know It All;6187;2316;0.594;20260811
STELLA LEFTY;Boston;6039;-503;0.498;20260811
Olivia Dean;So Easy;5804;1243;1.823;20260811
Michael Jackson;Billie Jean;5620;2543;1.607;20260811
The Second Voice;LET ME BE;5296;152;1.42;20260811
Temper City;Self Aware;5069;532;0.251;20260811
Ariana Grande;petal;5067;687;0.092;20260811
HUNTR/X;Golden;4694;27;5.468;20260811
EJAE;Golden;4694;27;5.468;20260811
AUDREY NUNA;Golden;4694;27;5.468;20260811
REI AMI;Golden;4694;27;5.468;20260811
KPop Demon Hunters Cast;Golden;4694;27;5.468;20260811
Azteck;Everything's Alright;4579;65;0.103;20260811
DJ Koko;Everything's Alright;4579;65;0.103;20260811
Kurt D;Everything's Alright;4579;65;0.103;20260811
ANOTR;Talk To You;4420;90;0.501;20260811
Olivia Dean;Man I Need;4385;-294;2.724;20260811
KATSEYE;Animal;4166;292;0.093;20260811
Tame Impala;Dracula;4072;927;0.808;20260811
JENNIE;Dracula;4072;927;0.808;20260811
Olivia Rodrigo;drop dead;4054;-1037;0.79;20260811
Bebe Rexha;New Religion;4009;-707;1.02;20260811
Faithless;New Religion;4009;-707;1.02;20260811
Zara Larsson;Midnight Sun;3962;442;0.363;20260811
Noah Nine;Mama, I still call your name;3960;-497;0.24;20260811
Sam Fender;Rein Me In;3892;-236;0.877;20260811
Olivia Dean;Rein Me In;3892;-236;0.877;20260811
Kimo Sounds;After the fall;3854;36;0.139;20260811
Ac/Dc;Thunderstruck;3722;367;4.311;20260811
Koe Wetzel;Jaded;3641;-217;0.02;20260811
Ella Langley;Jaded;3641;-217;0.02;20260811
David Guetta;Run Run River;3580;-246;0.358;20260811
Alok;Run Run River;3580;-246;0.358;20260811
Stick Figure;Run Run River;3580;-246;0.358;20260811
NuNew;KATA;3528;3528;0.004;20260811
Harry Styles;American Girls;3505;758;0.671;20260811
Mazzy Star;Fade Into You;3499;820;0.369;20260811
Stephen Sanchez;Until I Found You;3489;-409;0.766;20260811
Robyn;Dancing On My Own;3396;-1446;0.852;20260811
The Bausa;Magnetic;3292;337;0.344;20260811
Ella Langley;you look like you love me;3251;-1;1.428;20260811
Riley Green;you look like you love me;3251;-1;1.428;20260811
WayV;Vision Wings;3218;-191;0.007;20260811
Ella Langley;I Can't Love You Anymore;3194;118;0.317;20260811
Morgan Wallen;I Can't Love You Anymore;3194;118;0.317;20260811
Ella Langley;Be Her;3182;484;0.564;20260811
SIENNA SPIRO;Material Lover;3161;71;0.258;20260811
Harry Styles;Sign of the Times;3146;-1031;5.177;20260811
Morgan Wallen;Been By Now;3099;158;0.077;20260811
Bruno Mars;I Just Might;3085;-338;1.977;20260811
Dirty Thirty;Festivalwecker;3022;-67;0.08;20260811
Olivia Rodrigo;stupid song;2863;-764;0.243;20260811
Noah Nine;A Man Can Cry;2847;-810;0.161;20260811
Bruno Mars;Risk It All;2822;554;0.836;20260811
Tame Impala;Dracula;2810;772;0.536;20260811
The Womack Sisters;Monster;2763;2199;0.003;20260811
aespa;Serenade;2758;-1274;0.011;20260811
Kimo Sounds;Make It Spectacular;2742;1058;0.017;20260811
Michael Jackson;Beat It;2731;1561;0.968;20260811
Deadlight County;Oh Mama;2688;-2641;0.008;20260811
Alex Warren;RESCUER;2644;-741;0.03;20260811
Shaboozey;A Bar Song;2641;-138;4.983;20260811
Cory Larson;Shit show ringmaster;2600;2600;0.003;20260811
JENNIE;Less than a Lover;2586;227;0.082;20260811
The Cranberries;Zombie;2583;206;1.953;20260811
Dave;Raindance;2501;1102;0.452;20260811
Tems;Raindance;2501;1102;0.452;20260811
DJ Goja;Mi Chico;2494;-289;0.213;20260811
BTS;SWIM;2485;-366;1.181;20260811
Benson Boone;Beautiful Things;2401;-593;7.384;20260811
The Chemical Brothers;Go;2350;371;1.112;20260811
Mauvais Djo;Pilé;2349;675;0.15;20260811
Bad Bunny;NUEVAYoL;2312;371;1.073;20260811
Justin Bieber;Beauty and a Beat;2311;59;2.76;20260811
Post Malone;Sunflower;2307;-678;3.571;20260811
Swae Lee;Sunflower;2307;-678;3.571;20260811
DJ Goja;Mi Chico;2304;496;0.125;20260811
Jason Derulo;Mi Chico;2304;496;0.125;20260811
Melody;Mi Chico;2304;496;0.125;20260811
Taylor Swift;The Fate of Ophelia;2269;-653;3.683;20260811
Cameron Whitcomb;Kingdom of Fear;2264;-326;0.558;20260811
Alanis Morissette;Uninvited;2214;518;0.051;20260811
The Offspring;The Kids Aren't Alright;2163;-888;0.131;20260811
sombr;My Body Isn't Ready;2157;-754;0.105;20260811
Michael Jackson;Smooth Criminal;2135;1078;0.598;20260811
KITSCHKRIEG;Gut Genug;2134;683;0.217;20260811
Blumengarten;Gut Genug;2134;683;0.217;20260811
Shirin David;Gut Genug;2134;683;0.217;20260811
Nick Carter;Magic;2120;2120;0.002;20260811
Shaboozey;Cowgirl;2115;188;0.178;20260811
Meechie Alexander;STRICT;2086;1284;0.003;20260811
Josh Fawaz;Like a Prayer;2064;-381;0.543;20260811
The Goo Goo Dolls;Iris;2023;393;2.097;20260811
KAROL G;Still;2009;-597;0.013;20260811
Bruno Mars;Still;2009;-597;0.013;20260811
Coldplay;A Sky Full of Stars;2009;512;11.328;20260811
Steve Lacy;oh yeah;2004;-204;0.013;20260811
Metallica;Enter Sandman;1988;555;1.695;20260811
Emi Thasorn;Red Kiss;1970;1970;0.002;20260811
Bonnie Pattraphus;Red Kiss;1970;1970;0.002;20260811
Peter Maffay;Ein Leben lang ist nicht lang;1947;468;0.041;20260811
Johannes Oerding;Ein Leben lang ist nicht lang;1947;468;0.041;20260811
BearyTunes;Ich bin genug;1875;597;0.056;20260811
sombr;Homewrecker;1841;-299;0.596;20260811
Disney;Zoo;1803;1295;0.662;20260811
Shakira;Zoo;1803;1295;0.662;20260811
ATEEZ;BAD;1797;248;0.111;20260811
King Gnu;GO GHOST;1761;339;0.026;20260811
Lady Gaga;Die With A Smile;1710;743;7.619;20260811
Bruno Mars;Die With A Smile;1710;743;7.619;20260811
Rockin' Jukebox;Storm in my heart;1699;58;0.021;20260811
Masaharu Fukuyama;Kaikou;1696;188;0.005;20260811
Dua Lipa;Training Season;1692;-501;1.254;20260811
Teddy Swims;Lose Control;1689;98;7.51;20260811
Aitana;SUPERESTRELLA;1688;-210;0.363;20260811
Neil Diamond;Sweet Caroline;1667;-89;1.52;20260811
Take That;Sweet July;1665;688;0.06;20260811
Topic;Sorry Papi;1648;-646;0.101;20260811
Becky G;Sorry Papi;1648;-646;0.101;20260811
James Johnston;COUNTRY SONG;1642;-354;0.01;20260811
May the Lord Studio;Seven days;1613;1613;0.002;20260811
Sia;Unstoppable;1608;-409;7.714;20260811
Spitz;Unknown Thread;1600;-207;0.009;20260811
Creedence Clearwater Revival;Have You Ever Seen the Rain;1590;372;0.939;20260811
The Killers;Mr. Brightside;1574;105;1.828;20260811
Wendy Matthews;The Day You Went Away;1568;1568;0.04;20260811
Kis-My-Ft2;FIRE BEAT;1568;-104;0.003;20260811
Kimo Sounds;Zero Gravity;1565;53;0.019;20260811
Ado;Monstruo;1556;8;0.011;20260811
Luke Combs;Be By You;1556;12;0.343;20260811
EBiDAN Ebisu Gakuen Boys Club;Yes Tokyo;1538;1538;0.002;20260811
M!LK;Yes Tokyo;1538;1538;0.002;20260811
XXXTENTACION;Moonlight;1537;168;0.871;20260811
Tones and I;Dance Monkey;1507;779;9.096;20260811
Armin van Buuren;Everlasting;1505;820;0.073;20260811
SACHA;Everlasting;1505;820;0.073;20260811
OneRepublic;Need Your Love;1482;464;0.129;20260811
Kis-My-Ft2;Inori;1479;-119;0.003;20260811
Manon Lisa;Le Petit Pêcheur;1465;-18;0.082;20260811
Eminem;Lose Yourself;1453;749;3.851;20260811
KAROL G;Alguien que te amaba;1450;-112;0.006;20260811
Issouf Manem yam;Valhalla Calling;1450;-258;0.04;20260811
Rutger Van Barneveld;Zwoele Zomernachten;1445;-94;0.084;20260811
Chappell Roan;Pink Pony Club;1430;440;2.793;20260811
Jahin Music;Your Phone Linging;1427;736;0.369;20260811
Don Miguelo;Y Qué Fue;1426;295;0.25;20260811
Martin Garrix;Repeat It;1422;350;0.115;20260811
Ed Sheeran;Repeat It;1422;350;0.115;20260811
Mrs. GREEN APPLE;Brand New;1395;0;0.046;20260811
LOVIXX STOSLIV;dont tell your dreams to everybody;1389;-380;0.013;20260811
Siren(CV:Suzuki Minori);Shima No Uta;1368;27;0.024;20260811
Mermaid(CV:Oki Saeko);Shima No Uta;1368;27;0.024;20260811
Mermaid(CV:Nanase Ayaka);Shima No Uta;1368;27;0.024;20260811
Bonnie Tyler;Total Eclipse of the Heart;1364;-585;0.649;20260811
Rutger Van Barneveld;Zomer, Zon & Strand;1345;-3;0.007;20260811
Michael Jackson;Thriller;1344;1089;1.245;20260811
Haruka Aoki;Tsukue Sasuru;1341;-27;0.025;20260811
ILLIT;It's Me;1327;107;0.169;20260811
Teddy Swims;The Door;1321;-209;4.011;20260811
Twinnie;Wild One;1315;313;0.002;20260811
Kazuya Yoshii;MY LIFE;1315;-135;0.003;20260811
Justen de Wildt;Cheerio;1313;-104;0.173;20260811
Alexander Rier;Von Mann zu Mann;1310;356;0.002;20260811
Ricchi;Sarà perché ti amo;1296;-177;1.68;20260811
Poveri;Sarà perché ti amo;1296;-177;1.68;20260811
EBiDAN Ebisu Gakuen Boys Club;Yes Tokyo;1290;249;0.039;20260811
chotokkyu;Yes Tokyo;1290;249;0.039;20260811
M!LK;Yes Tokyo;1290;249;0.039;20260811
GNJB;Yes Tokyo;1290;249;0.039;20260811
Forrest Frank;OKAY;1290;627;0.133;20260811
Nickelback;Rattle The Cage;1280;183;0.046;20260811
Taylor Swift;Opalite;1265;-476;1.996;20260811
sakanaction;Yoru No Odoriko;1265;0;0.163;20260811
Israel Kamakawiwo'ole;Over the Rainbow;1251;975;2.805;20260811
M!LK;Sukisugite METSU;1241;-49;0.363;20260811
Oasis;Wonderwall;1228;-831;1.488;20260811
Anirudh Ravichander;Hangova;1217;264;0.016;20260811
Heisenberg;Hangova;1217;264;0.016;20260811
Hachiware(CV:Tanaka Makoto);Kutsuzure;1217;-24;0.022;20260811
Billie Eilish;BIRDS OF A FEATHER;1207;314;6.007;20260811
AI IRIE FM;No Stress, Just Vibes;1199;234;0.022;20260811
Elevation Worship;God I'm Just Grateful;1193;0;0.15;20260811
Chandler Moore;God I'm Just Grateful;1193;0;0.15;20260811
Usagi(CV:Ozawa Ari);Usagi Rap;1193;110;0.023;20260811
Mermaid(CV:Oki Saeko);Usagi Rap;1193;110;0.023;20260811
Mermaid(CV:Nanase Ayaka);Usagi Rap;1193;110;0.023;20260811
M83;Outro;1191;447;0.256;20260811
The Beatles;Here Comes the Sun;1180;445;0.875;20260811
Fleetwood Mac;Dreams;1179;-185;1.575;20260811
Mrs. GREEN APPLE;Carrying Happiness;1170;22;0.13;20260811
Chris Stapleton;Tennessee Whiskey;1158;-131;3.617;20260811
Tommaso Paradiso;Agitare coca cola;1151;494;0.034;20260811
KiiiKiii;Pop Off Pop Off;1149;1034;0.001;20260811
Usagi(CV:Ozawa Ari);Usagi Rap;1148;-45;0.021;20260811
Momonga(CV:Iguchi Yuka);Usagi Rap;1148;-45;0.021;20260811
Mermaid(CV:Oki Saeko);Usagi Rap;1148;-45;0.021;20260811
Mermaid(CV:Nanase Ayaka);Usagi Rap;1148;-45;0.021;20260811
Tove Lo;des fleurs;1146;-207;0.049;20260811
Stromae;des fleurs;1146;-207;0.049;20260811
Dimitri Vegas;Turn The Tide;1144;-86;0.045;20260811
Sylver;Turn The Tide;1144;-86;0.045;20260811
Pat B;Turn The Tide;1144;-86;0.045;20260811
M!LK;Tsumi to Batsu to Ame to Kiss;1125;-92;0.013;20260811
Jamie Miller;Babydoll;1125;-575;0.013;20260811
Kenshi Yonezu - Karasu;Raven;1104;0;0.079;20260811
Journey;Don't Stop Believin';1090;-302;3.751;20260811
Fleetwood Mac;Landslide;1085;279;0.439;20260811
Kenshi Yonezu;Yodaka;1083;-42;0.044;20260811
Djo;End of Beginning;1079;-842;2.008;20260811
John Denver;Take Me Home, Country Roads;1073;366;0.733;20260811
Anirudh Ravichander;Raga of Revenge;1072;272;0.071;20260811
Toto;Africa;1071;660;0.978;20260811
Rea Garvey;Rivers;1062;-108;0.005;20260811
Imran;Rivers;1062;-108;0.005;20260811
TeddyBear;Chaussures Roses;1059;462;0.029;20260811
KNGDM REVIVAL;This Roman Road;1041;-73;0.019;20260811
M!LK;Bakuretsu Aishiteru;1041;114;0.222;20260811
Bad Bunny;EoO;1040;211;0.242;20260811
Gospelize;Maladie;1035;242;0.037;20260811
Cardi B;AH HA;1021;-93;0.032;20260811
Wolfgang Petry;Morgen Gold;1021;-244;0.007;20260811
G Flip;Bed on Fire;1021;-83;0.19;20260811
Island resident;Shima No Uta;1021;241;0.014;20260811
Evanescence;Bring Me to Life;1017;154;1.696;20260811
Savannah Jade;Kiss My Glass;1009;814;0.004;20260811
Jungle;Someday, Somewhere;1009;512;0.018;20260811
Zara Larsson;Lush Life;1006;-1260;2.931;20260811
UdieNnx;STRUCT;1003;278;0.095;20260811
Wasureranneyo;Nannmonee;1002;1002;0.047;20260811
LOUIS of LNGSHOT;All I Can Say Is;1002;-336;0.005;20260811
4 Non Blondes;What's Up;1000;249;1.377;20260811
Gen Hoshino;Suki;983;91;0.016;20260811
Shakira;Dai Dai;16134;-318;1.372;20260812
Burna Boy;Dai Dai;16134;-318;1.372;20260812
HUGEL;Movin' To The Sun;15746;299;1.008;20260812
Imael Angel;Movin' To The Sun;15746;299;1.008;20260812
Ultra Naté;Movin' To The Sun;15746;299;1.008;20260812
Kimo Sounds;Rise Slow;11292;961;0.501;20260812
HUGEL;Jamaican;9981;756;0.929;20260812
SOLTO (FR);Jamaican;9981;756;0.929;20260812
Stray Kids;This & That;9412;-141;0.079;20260812
Ariana Grande;hate that i made you love me;9097;-628;0.818;20260812
Madonna;Love Sensation;8845;-2702;0.094;20260812
Kylie Minogue;Love Sensation;8845;-2702;0.094;20260812
Ella Langley;Choosin' Texas;8520;552;1.717;20260812
Alex Warren;FEVER DREAM;6665;-303;1.275;20260812
Teddy Swims;Mr. Know It All;6592;405;0.601;20260812
Taylor Swift;I Knew It, I Knew You;6301;-391;0.699;20260812
RAYE;WHERE IS MY HUSBAND;6118;-878;3.166;20260812
DJ.ILHAM;DIGIDI DIGIDI;6039;-2179;0.476;20260812
STELLA LEFTY;Boston;5957;-82;0.504;20260812
Alex Warren;Ordinary;5806;-1014;6.191;20260812
Ariana Grande;petal;5618;551;0.097;20260812
Azteck;Everything's Alright;5430;851;0.108;20260812
DJ Koko;Everything's Alright;5430;851;0.108;20260812
Kurt D;Everything's Alright;5430;851;0.108;20260812
Michael Jackson;Billie Jean;5371;-249;1.613;20260812
Olivia Rodrigo;drop dead;5346;1292;0.795;20260812
Tame Impala;Loser;5098;-1320;0.079;20260812
Olivia Dean;Man I Need;4759;374;2.729;20260812
ANOTR;Talk To You;4560;140;0.505;20260812
The Bausa;Magnetic;4321;1029;0.348;20260812
Sam Fender;Rein Me In;4259;367;0.881;20260812
Olivia Dean;Rein Me In;4259;367;0.881;20260812
Temper City;Self Aware;4198;-871;0.256;20260812
The Second Voice;LET ME BE;4166;-1130;1.424;20260812
Olivia Dean;So Easy;4142;-1662;1.827;20260812
HUNTR/X;Golden;4078;-616;5.473;20260812
EJAE;Golden;4078;-616;5.473;20260812
AUDREY NUNA;Golden;4078;-616;5.473;20260812
REI AMI;Golden;4078;-616;5.473;20260812
KPop Demon Hunters Cast;Golden;4078;-616;5.473;20260812
BTS;SWIM;4025;1540;1.185;20260812
KATSEYE;Animal;3998;-168;0.097;20260812
Ac/Dc;Thunderstruck;3980;258;4.315;20260812
Zara Larsson;Midnight Sun;3830;-132;0.367;20260812
Harry Styles;Sign of the Times;3805;659;5.181;20260812
Bebe Rexha;New Religion;3788;-221;1.024;20260812
Faithless;New Religion;3788;-221;1.024;20260812
Justin Bieber;Beauty and a Beat;3620;1309;2.764;20260812
Koe Wetzel;Jaded;3598;-43;0.023;20260812
Ella Langley;Jaded;3598;-43;0.023;20260812
David Guetta;Run Run River;3592;12;0.362;20260812
Alok;Run Run River;3592;12;0.362;20260812
Stick Figure;Run Run River;3592;12;0.362;20260812
Mazzy Star;Fade Into You;3551;52;0.372;20260812
Tame Impala;Dracula;3535;-537;0.811;20260812
JENNIE;Dracula;3535;-537;0.811;20260812
NuNew;KATA;3480;-48;0.007;20260812
Ella Langley;you look like you love me;3477;226;1.431;20260812
Riley Green;you look like you love me;3477;226;1.431;20260812
DJ Goja;Mi Chico;3454;960;0.216;20260812
Harry Styles;American Girls;3432;-73;0.675;20260812
sombr;My Body Isn't Ready;3400;1243;0.109;20260812
Robyn;Dancing On My Own;3399;3;0.855;20260812
Taylor Swift;The Fate of Ophelia;3389;1120;3.686;20260812
Morgan Wallen;Been By Now;3341;242;0.08;20260812
Olivia Rodrigo;stupid song;3286;423;0.247;20260812
Ella Langley;I Can't Love You Anymore;3277;83;0.321;20260812
Morgan Wallen;I Can't Love You Anymore;3277;83;0.321;20260812
Noah Nine;A Man Can Cry;3057;210;0.165;20260812
Kimo Sounds;After the fall;3055;-799;0.142;20260812
Michael Jackson;Beat It;3017;286;0.971;20260812
Kimo Sounds;Make It Spectacular;2978;236;0.02;20260812
Ella Langley;Be Her;2948;-234;0.567;20260812
Bonnie Tyler;Total Eclipse of the Heart;2846;1482;0.652;20260812
Lady Gaga;Die With A Smile;2831;1121;7.622;20260812
Bruno Mars;Die With A Smile;2831;1121;7.622;20260812
Roger Taylor;I See You Now;2796;2796;0.003;20260812
Bruno Mars;Risk It All;2788;-34;0.839;20260812
Taylor Swift;Opalite;2774;1509;1.999;20260812
Josh Fawaz;Like a Prayer;2638;574;0.546;20260812
Asia;Echo Of You;2631;2631;0.003;20260812
Dirty Thirty;Festivalwecker;2614;-408;0.083;20260812
Bruno Mars;I Just Might;2596;-489;1.98;20260812
Stephen Sanchez;Until I Found You;2575;-914;0.769;20260812
Noah Nine;Mama, I still call your name;2500;-1460;0.243;20260812
DJ Goja;Mi Chico;2356;52;0.127;20260812
Jason Derulo;Mi Chico;2356;52;0.127;20260812
Melody;Mi Chico;2356;52;0.127;20260812
The Goo Goo Dolls;Iris;2349;326;2.1;20260812
Coldplay;A Sky Full of Stars;2344;335;11.33;20260812
Lee Brice;Me and Whiskey;2294;2294;0.002;20260812
The Killers;Mr. Brightside;2210;636;1.83;20260812
XXXTENTACION;Moonlight;2210;673;0.873;20260812
Issouf Manem yam;Valhalla Calling;2190;740;0.042;20260812
JENNIE;Less than a Lover;2179;-407;0.084;20260812
Teddy Swims;Lose Control;2153;464;7.512;20260812
Mauvais Djo;Pilé;2117;-232;0.152;20260812
Don Miguelo;Y Qué Fue;2114;688;0.252;20260812
KITSCHKRIEG;Gut Genug;2055;-79;0.219;20260812
Blumengarten;Gut Genug;2055;-79;0.219;20260812
Shirin David;Gut Genug;2055;-79;0.219;20260812
ATEEZ;BAD;2012;215;0.113;20260812
KAROL G;Still;1985;-24;0.015;20260812
Bruno Mars;Still;1985;-24;0.015;20260812
Jerri;The JAWN;1984;1314;0.052;20260812
OneRepublic;Need Your Love;1969;487;0.131;20260812
aespa;Serenade;1964;-794;0.013;20260812
Hearts2Hearts;ICONIC HEART;1964;1175;0.004;20260812
Shaboozey;Cowgirl;1924;-191;0.18;20260812
SIENNA SPIRO;Material Lover;1901;-1260;0.26;20260812
Post Malone;Sunflower;1896;-411;3.573;20260812
Swae Lee;Sunflower;1896;-411;3.573;20260812
Sia;Unstoppable;1887;279;7.716;20260812
LIM;Boy Scientist;1858;1576;0.002;20260812
Tom Ball;Boy Scientist;1858;1576;0.002;20260812
Robert Ziegler;Boy Scientist;1858;1576;0.002;20260812
London Voices;Boy Scientist;1858;1576;0.002;20260812
Royal Philharmonic Orchestra;Boy Scientist;1858;1576;0.002;20260812
Survivor;Eye of the Tiger;1839;1053;2.532;20260812
Christina Perri;A Thousand Years;1838;1031;8.386;20260812
sombr;Homewrecker;1830;-11;0.598;20260812
Teddy Swims;The Door;1819;498;4.013;20260812
Cameron Whitcomb;Kingdom of Fear;1815;-449;0.56;20260812
Peter Maffay;Ein Leben lang ist nicht lang;1802;-145;0.043;20260812
Johannes Oerding;Ein Leben lang ist nicht lang;1802;-145;0.043;20260812
WayV;Vision Wings;1796;-1422;0.008;20260812
Shaboozey;A Bar Song;1794;-847;4.984;20260812
Oasis;Wonderwall;1781;553;1.49;20260812
Alex Warren;PASSENGER;1768;1422;0.079;20260812
The Beatles;Here Comes the Sun;1764;584;0.877;20260812
The Chemical Brothers;Go;1760;-590;1.114;20260812
Journey;Don't Stop Believin';1736;646;3.752;20260812
Benson Boone;Beautiful Things;1711;-690;7.385;20260812
Luke Combs;Be By You;1710;154;0.344;20260812
The Irrepressibles;In This Shirt;1703;813;0.2;20260812
KAROL G;Alguien que te amaba;1691;241;0.007;20260812
Alex Warren;RESCUER;1689;-955;0.031;20260812
Bad Bunny;NUEVAYoL;1686;-626;1.075;20260812
Ado;Monstruo;1648;92;0.012;20260812
Aitana;SUPERESTRELLA;1642;-46;0.364;20260812
Disturbed;The Sound of Silence;1633;739;10.363;20260812
Kimo Sounds;Zero Gravity;1611;46;0.021;20260812
James Johnston;COUNTRY SONG;1610;-32;0.011;20260812
Topic;Sorry Papi;1608;-40;0.103;20260812
Becky G;Sorry Papi;1608;-40;0.103;20260812
King Gnu;GO GHOST;1604;-157;0.027;20260812
Wendy Matthews;The Day You Went Away;1600;32;0.041;20260812
Spitz;Unknown Thread;1600;0;0.01;20260812
Neil Diamond;Sweet Caroline;1572;-95;1.522;20260812
Steve Lacy;oh yeah;1570;-434;0.015;20260812
ShowMinorSavage;Gradation;1568;1568;0.002;20260812
Kavinsky;Nightcall;1549;1451;0.319;20260812
Angèle;Nightcall;1549;1451;0.319;20260812
Phoenix;Nightcall;1549;1451;0.319;20260812
Manon Lisa;Le Petit Pêcheur;1540;75;0.083;20260812
ILLIT;It's Me;1529;202;0.171;20260812
Alphaville;Forever Young;1522;1187;1.348;20260812
Alanis Morissette;Uninvited;1513;-701;0.052;20260812
Kis-My-Ft2;FIRE BEAT;1508;-60;0.005;20260812
Ludwig Göransson;Odysseus;1502;915;0.039;20260812
LOVIXX STOSLIV;dont tell your dreams to everybody;1497;108;0.014;20260812
HWASA;Good Goodbye;1485;533;0.462;20260812
Teddy Swims;Bad Dreams;1479;569;3.617;20260812
Dua Lipa;Training Season;1468;-224;1.256;20260812
Elevation Worship;God I'm Just Grateful;1467;274;0.151;20260812
Chandler Moore;God I'm Just Grateful;1467;274;0.151;20260812
Metallica;Enter Sandman;1458;-530;1.696;20260812
Thiago Navarro Music;Quédate con lo sencillo;1456;745;0.095;20260812
Lady Gaga;Always Remember Us This Way;1455;744;9.548;20260812
Masaharu Fukuyama;Kaikou;1450;-246;0.006;20260812
May the Lord Studio;Seven days;1427;-186;0.003;20260812
SIENNA SPIRO;Great Expectation;1426;1202;0.026;20260812
Mrs. GREEN APPLE;Brand New;1422;27;0.048;20260812
The Womack Sisters;Monster;1411;-1352;0.005;20260812
Evanescence;Bring Me to Life;1410;393;1.698;20260812
EBiDAN Ebisu Gakuen Boys Club;Yes Tokyo;1395;-143;0.003;20260812
M!LK;Yes Tokyo;1395;-143;0.003;20260812
Phil Wickham;Everyday Hallelujah;1394;1394;0.01;20260812
M!LK;Sukisugite METSU;1392;151;0.364;20260812
Jungle;Someday, Somewhere;1386;377;0.02;20260812
Fleetwood Mac;Landslide;1384;299;0.441;20260812
Da Yin;舍不得又没资格;1372;400;0.012;20260812
Emi Thasorn;Red Kiss;1368;-602;0.003;20260812
Bonnie Pattraphus;Red Kiss;1368;-602;0.003;20260812
Kis-My-Ft2;Inori;1368;-111;0.004;20260812
Dimitri Vegas;Turn The Tide;1364;220;0.046;20260812
Sylver;Turn The Tide;1364;220;0.046;20260812
Pat B;Turn The Tide;1364;220;0.046;20260812
Justen de Wildt;Cheerio;1345;32;0.175;20260812
Siren(CV:Suzuki Minori);Shima No Uta;1341;-27;0.025;20260812
Mermaid(CV:Oki Saeko);Shima No Uta;1341;-27;0.025;20260812
Mermaid(CV:Nanase Ayaka);Shima No Uta;1341;-27;0.025;20260812
ROCKY;Fake It;1334;370;0.002;20260812
Dave;Raindance;1331;-1170;0.453;20260812
Tems;Raindance;1331;-1170;0.453;20260812
Haruka Aoki;Tsukue Sasuru;1315;-26;0.026;20260812
Ankara Echoes;Beni Al;1305;876;0.104;20260812
Twinnie;Wild One;1265;-50;0.004;20260812
sakanaction;Yoru No Odoriko;1265;0;0.164;20260812
IngaRose;Celebrate Me;1243;574;0.469;20260812
Hachiware(CV:Tanaka Makoto);Kutsuzure;1241;24;0.024;20260812
Tame Impala;Dracula;1228;-1582;0.537;20260812
Marc Sommerfeld;One More Chance;1217;1217;0.003;20260812
EBiDAN Ebisu Gakuen Boys Club;Yes Tokyo;1217;-73;0.04;20260812
chotokkyu;Yes Tokyo;1217;-73;0.04;20260812
M!LK;Yes Tokyo;1217;-73;0.04;20260812
GNJB;Yes Tokyo;1217;-73;0.04;20260812
Usagi(CV:Ozawa Ari);Usagi Rap;1193;0;0.024;20260812
Mermaid(CV:Oki Saeko);Usagi Rap;1193;0;0.024;20260812
Mermaid(CV:Nanase Ayaka);Usagi Rap;1193;0;0.024;20260812
Chris Stapleton;Tennessee Whiskey;1193;35;3.618;20260812
Ed Sheeran;Perfect;1189;384;15.744;20260812
Jamie Miller;Babydoll;1184;59;0.014;20260812
The Offspring;The Kids Aren't Alright;1180;-983;0.132;20260812
Levant;Ruf mich nicht mehr an;1177;654;0.034;20260812
KNGDM REVIVAL;This Roman Road;1173;132;0.02;20260812
Usagi(CV:Ozawa Ari);Usagi Rap;1170;22;0.022;20260812
Momonga(CV:Iguchi Yuka);Usagi Rap;1170;22;0.022;20260812
Mermaid(CV:Oki Saeko);Usagi Rap;1170;22;0.022;20260812
Mermaid(CV:Nanase Ayaka);Usagi Rap;1170;22;0.022;20260812
Meechie Alexander;STRICT;1166;-920;0.004;20260812
The Weeknd;The Morning;1164;1164;0.018;20260812
Zara Larsson;Lush Life;1162;156;2.933;20260812
The Cranberries;Zombie;1155;-1428;1.955;20260812
Coldplay;Yellow;1153;291;2.136;20260812
Shakira;Waka Waka;1152;180;7.474;20260812
DHENYS R J;All Night Long;1151;324;0.208;20260812
Jahin Music;Your Phone Linging;1148;-279;0.37;20260812
Mauvais Djo;Maladie;1148;425;0.061;20260812
Houshou Marine;Kyapi;1141;1141;0.001;20260812
Aitch;RMB;1139;641;0.048;20260812
Gospelize;Maladie;1135;100;0.038;20260812
Rockin' Jukebox;Storm in my heart;1133;-566;0.022;20260812
Kenshi Yonezu - Karasu;Raven;1125;21;0.08;20260812
Anirudh Ravichander;Raga of Revenge;1125;53;0.073;20260812
Wolfgang Petry;Morgen Gold;1123;102;0.008;20260812
Bountyhunter;Woops;1122;477;0.055;20260812
Dimitri Vegas;Woops;1122;477;0.055;20260812
Junkie Kid;Woops;1122;477;0.055;20260812
Quevedo;LA GRACIOSA;1115;151;0.078;20260812
Elvis Crespo;LA GRACIOSA;1115;151;0.078;20260812
Radiohead;Creep;1112;525;1.922;20260812
Rutger Van Barneveld;Zomer, Zon & Strand;1110;-235;0.008;20260812
Chappell Roan;Pink Pony Club;1109;-321;2.794;20260812
M!LK;Tsumi to Batsu to Ame to Kiss;1104;-21;0.014;20260812
Earth;September;1094;242;1.32;20260812
Wind;September;1094;242;1.32;20260812
Fire;September;1094;242;1.32;20260812
Marc Rebillet;Your New Morning Alarm;1092;820;0.707;20260812
Mrs. GREEN APPLE;Carrying Happiness;1083;-87;0.131;20260812
Bad Bunny;DtMF;1077;248;1.227;20260812
Candi Staton;Young Hearts Run Free;1071;741;0.037;20260812
Michael Jackson;Human Nature;1067;790;0.454;20260812
HUGEL;Stay Sexy;1065;462;0.023;20260812
LaBritney;Stay Sexy;1065;462;0.023;20260812
Mili;Stay Sexy;1065;462;0.023;20260812
BearyTunes;Nicht im Wunderland;1062;80;0.003;20260812
Shakira;Dai Dai;15798;-336;1.387;20260813
Burna Boy;Dai Dai;15798;-336;1.387;20260813
HUGEL;Movin' To The Sun;15396;-350;1.024;20260813
Imael Angel;Movin' To The Sun;15396;-350;1.024;20260813
Ultra Naté;Movin' To The Sun;15396;-350;1.024;20260813
Mastodon;In the Ruins;12101;12101;0.012;20260813
Kimo Sounds;Rise Slow;10717;-575;0.511;20260813
Ella Langley;Choosin' Texas;9632;1112;1.727;20260813
Ariana Grande;hate that i made you love me;9108;11;0.827;20260813
HUGEL;Jamaican;8829;-1152;0.938;20260813
SOLTO (FR);Jamaican;8829;-1152;0.938;20260813
Stray Kids;This & That;8313;-1099;0.088;20260813
DJ.ILHAM;DIGIDI DIGIDI;7833;1794;0.484;20260813
Taylor Swift;I Knew It, I Knew You;7149;848;0.707;20260813
The Weeknd;The Morning;7140;5976;0.025;20260813
Alex Warren;Ordinary;7081;1275;6.198;20260813
Madonna;Love Sensation;6337;-2508;0.101;20260813
Kylie Minogue;Love Sensation;6337;-2508;0.101;20260813
Tame Impala;Loser;6183;1085;0.085;20260813
STELLA LEFTY;Boston;6101;144;0.51;20260813
Alex Warren;FEVER DREAM;5523;-1142;1.28;20260813
Michael Jackson;Billie Jean;5398;27;1.618;20260813
RAYE;WHERE IS MY HUSBAND;5311;-807;3.172;20260813
Bonnie Tyler;Total Eclipse of the Heart;5191;2345;0.657;20260813
Teddy Swims;Mr. Know It All;5092;-1500;0.606;20260813
Olivia Rodrigo;drop dead;5027;-319;0.8;20260813
KATSEYE;Animal;4952;954;0.102;20260813
Azteck;Everything's Alright;4905;-525;0.113;20260813
DJ Koko;Everything's Alright;4905;-525;0.113;20260813
Kurt D;Everything's Alright;4905;-525;0.113;20260813
Temper City;Self Aware;4702;504;0.26;20260813
Harry Styles;Sign of the Times;4661;856;5.185;20260813
sombr;My Body Isn't Ready;4524;1124;0.113;20260813
Kimo Sounds;Make It Spectacular;4200;1222;0.024;20260813
ANOTR;Talk To You;4186;-374;0.509;20260813
Noah Nine;A Man Can Cry;4067;1010;0.169;20260813
The Second Voice;LET ME BE;3928;-238;1.428;20260813
Olivia Rodrigo;stupid song;3925;639;0.251;20260813
Ac/Dc;Thunderstruck;3889;-91;4.319;20260813
Bruno Mars;I Just Might;3882;1286;1.984;20260813
Harry Styles;American Girls;3747;315;0.678;20260813
The Bausa;Magnetic;3747;-574;0.352;20260813
Kimo Sounds;After the fall;3623;568;0.146;20260813
Bebe Rexha;New Religion;3623;-165;1.028;20260813
Faithless;New Religion;3623;-165;1.028;20260813
Robyn;Dancing On My Own;3546;147;0.859;20260813
Ariana Grande;petal;3528;-2090;0.101;20260813
HUNTR/X;Golden;3453;-625;5.476;20260813
EJAE;Golden;3453;-625;5.476;20260813
AUDREY NUNA;Golden;3453;-625;5.476;20260813
REI AMI;Golden;3453;-625;5.476;20260813
KPop Demon Hunters Cast;Golden;3453;-625;5.476;20260813
Sam Fender;Rein Me In;3453;-806;0.884;20260813
Olivia Dean;Rein Me In;3453;-806;0.884;20260813
Olivia Dean;So Easy;3448;-694;1.83;20260813
Olivia Dean;Man I Need;3428;-1331;2.732;20260813
Zara Larsson;Midnight Sun;3363;-467;0.37;20260813
Royal Blood;Ten Over Ten;3336;3336;0.003;20260813
Michael Jackson;Beat It;3115;98;0.974;20260813
BTS;SWIM;3100;-925;1.188;20260813
Ella Langley;you look like you love me;3069;-408;1.434;20260813
Riley Green;you look like you love me;3069;-408;1.434;20260813
DJ Goja;Mi Chico;3059;-395;0.219;20260813
Taylor Swift;The Fate of Ophelia;3053;-336;3.689;20260813
Coldplay;A Sky Full of Stars;3038;694;11.333;20260813
Morgan Wallen;Been By Now;2872;-469;0.083;20260813
Mauvais Djo;Pilé;2829;712;0.155;20260813
Ella Langley;I Can't Love You Anymore;2776;-501;0.323;20260813
Morgan Wallen;I Can't Love You Anymore;2776;-501;0.323;20260813
Koe Wetzel;Jaded;2757;-841;0.026;20260813
Ella Langley;Jaded;2757;-841;0.026;20260813
Ella Langley;Be Her;2684;-264;0.57;20260813
The Killers;Mr. Brightside;2674;464;1.833;20260813
Justin Bieber;Beauty and a Beat;2653;-967;2.766;20260813
Jerri;The JAWN;2519;535;0.054;20260813
Josh Fawaz;Like a Prayer;2468;-170;0.548;20260813
Noah Nine;Mama, I still call your name;2442;-58;0.245;20260813
KAROL G;Still;2405;420;0.017;20260813
Bruno Mars;Still;2405;420;0.017;20260813
Bruno Mars;Risk It All;2391;-397;0.842;20260813
sombr;Homewrecker;2386;556;0.6;20260813
M83;Outro;2383;1467;0.259;20260813
Tame Impala;Dracula;2352;-1183;0.814;20260813
JENNIE;Dracula;2352;-1183;0.814;20260813
KITSCHKRIEG;Gut Genug;2307;252;0.221;20260813
Blumengarten;Gut Genug;2307;252;0.221;20260813
Shirin David;Gut Genug;2307;252;0.221;20260813
The Beatles;Here Comes the Sun;2304;540;0.879;20260813
Shaboozey;Cowgirl;2281;357;0.182;20260813
Tame Impala;Dracula;2259;1031;0.539;20260813
OneRepublic;Need Your Love;2230;261;0.133;20260813
James Johnston;COUNTRY SONG;2198;588;0.014;20260813
Issouf Manem yam;Valhalla Calling;2187;-3;0.044;20260813
Post Malone;Sunflower;2180;284;3.575;20260813
Swae Lee;Sunflower;2180;284;3.575;20260813
XXXTENTACION;Moonlight;2139;-71;0.875;20260813
Mazzy Star;Fade Into You;2128;-1423;0.374;20260813
Dirty Thirty;Festivalwecker;2127;-487;0.085;20260813
DJ Goja;Mi Chico;2082;-274;0.129;20260813
Jason Derulo;Mi Chico;2082;-274;0.129;20260813
Melody;Mi Chico;2082;-274;0.129;20260813
Steve Lacy;oh yeah;2072;502;0.017;20260813
Aiyana-Lee;Housebroken;2068;1884;0.132;20260813
David Guetta;Run Run River;2043;-1549;0.364;20260813
Alok;Run Run River;2043;-1549;0.364;20260813
Stick Figure;Run Run River;2043;-1549;0.364;20260813
ATEEZ;BAD;1960;-52;0.115;20260813
Roger Taylor;I See You Now;1941;-855;0.005;20260813
Levant;Ruf mich nicht mehr an;1873;696;0.036;20260813
Coldplay;Yellow;1832;679;2.137;20260813
Spitz;Unknown Thread;1819;219;0.012;20260813
JENNIE;Less than a Lover;1780;-399;0.086;20260813
Peter Gabriel;One by One;1778;1715;0.012;20260813
Evanescence;Bring Me to Life;1774;364;1.7;20260813
Taylor Swift;Opalite;1772;-1002;2.001;20260813
NuNew;KATA;1767;-1713;0.009;20260813
Shaboozey;A Bar Song;1745;-49;4.986;20260813
Dave;Raindance;1736;405;0.455;20260813
Tems;Raindance;1736;405;0.455;20260813
Dua Lipa;Training Season;1732;264;1.258;20260813
King Gnu;GO GHOST;1709;105;0.029;20260813
Aitana;SUPERESTRELLA;1707;65;0.366;20260813
Mrs. GREEN APPLE;Brand New;1706;284;0.049;20260813
Journey;Don't Stop Believin';1669;-67;3.754;20260813
Don Miguelo;Y Qué Fue;1648;-466;0.254;20260813
Lee Brice;Me and Whiskey;1646;-648;0.004;20260813
Ado;Monstruo;1640;-8;0.014;20260813
Luke Combs;Be By You;1625;-85;0.346;20260813
Sadie Barlow;I Choose Me;1617;1231;0.058;20260813
Hearts2Hearts;ICONIC HEART;1611;-353;0.005;20260813
Jungle;Someday, Somewhere;1605;219;0.021;20260813
The Cranberries;Zombie;1583;428;1.956;20260813
Cameron Whitcomb;Kingdom of Fear;1580;-235;0.561;20260813
LOVIXX STOSLIV;dont tell your dreams to everybody;1575;78;0.016;20260813
Neil Diamond;Sweet Caroline;1565;-7;1.523;20260813
Oasis;Wonderwall;1556;-225;1.491;20260813
SIENNA SPIRO;Material Lover;1535;-366;0.261;20260813
Wendy Matthews;The Day You Went Away;1508;-92;0.043;20260813
Peter Maffay;Ein Leben lang ist nicht lang;1507;-295;0.045;20260813
Johannes Oerding;Ein Leben lang ist nicht lang;1507;-295;0.045;20260813
Jahin Music;Your Phone Linging;1506;358;0.372;20260813
Benson Boone;Beautiful Things;1500;-211;7.387;20260813
Rutger Van Barneveld;Zomer, Zon & Strand;1479;369;0.009;20260813
ShowMinorSavage;Gradation;1479;-89;0.003;20260813
Stephen Sanchez;Until I Found You;1472;-1103;0.77;20260813
Shakira;Zoo;1468;1062;0.69;20260813
Kis-My-Ft2;FIRE BEAT;1450;-58;0.006;20260813
KAROL G;Alguien que te amaba;1449;-242;0.009;20260813
Jonas Blue;Edge of Desire;1440;940;0.104;20260813
Malive;Edge of Desire;1440;940;0.104;20260813
Survivor;Eye of the Tiger;1439;-400;2.534;20260813
Haruka Aoki;Tsukue Sasuru;1422;107;0.027;20260813
GroßstadtEngel;Gute Laune;1410;822;0.41;20260813
aespa;Serenade;1405;-559;0.014;20260813
Phuwin;Black Card;1403;1403;0.001;20260813
Teddy Swims;Lose Control;1402;-751;7.514;20260813
Siren(CV:Suzuki Minori);Shima No Uta;1395;54;0.027;20260813
Mermaid(CV:Oki Saeko);Shima No Uta;1395;54;0.027;20260813
Mermaid(CV:Nanase Ayaka);Shima No Uta;1395;54;0.027;20260813
Anirudh Ravichander;Raga of Revenge;1394;269;0.074;20260813
May the Lord Studio;Tell me, how is Heaven;1390;463;0.009;20260813
IngaRose;Celebrate Me;1385;142;0.471;20260813
Metallica;Enter Sandman;1374;-84;1.698;20260813
G Flip;Bed on Fire;1368;347;0.192;20260813
Masaharu Fukuyama;Kaikou;1368;-82;0.008;20260813
ABBA;Dancing Queen;1354;526;1.169;20260813
Bryan Adams;Heaven;1350;794;0.197;20260813
sakanaction;Yoru No Odoriko;1341;76;0.166;20260813
ILLIT;It's Me;1339;-190;0.172;20260813
Beyoncé;MORNING DEW;1319;295;0.114;20260813
Dusty Rivers;Thank You;1319;1023;0.024;20260813
DHENYS R J;All Night Long;1318;167;0.209;20260813
EBiDAN Ebisu Gakuen Boys Club;Yes Tokyo;1315;-80;0.004;20260813
M!LK;Yes Tokyo;1315;-80;0.004;20260813
Manon Lisa;Le Petit Pêcheur;1315;-225;0.085;20260813
Lisa Gerrard;Now We Are Free;1301;910;0.499;20260813
Gavin Greenaway;Now We Are Free;1301;910;0.499;20260813
The Lyndhurst Orchestra;Now We Are Free;1301;910;0.499;20260813
Bruce Fowler;Now We Are Free;1301;910;0.499;20260813
Yvonne S. Moriarty;Now We Are Free;1301;910;0.499;20260813
Walt Fowler;Now We Are Free;1301;910;0.499;20260813
Ladd McIntosh;Now We Are Free;1301;910;0.499;20260813
Elizabeth Finch;Now We Are Free;1301;910;0.499;20260813
Jack Smalley;Now We Are Free;1301;910;0.499;20260813
Hans Zimmer;Now We Are Free;1301;910;0.499;20260813
Quevedo;LA GRACIOSA;1295;180;0.079;20260813
Elvis Crespo;LA GRACIOSA;1295;180;0.079;20260813
M!LK;Sukisugite METSU;1290;-102;0.365;20260813
Bad Bunny;NUEVAYoL;1280;-406;1.076;20260813
Ankara Echoes;Beni Al;1278;-27;0.105;20260813
Shakira;Waka Waka;1274;122;7.476;20260813
Hachiware(CV:Tanaka Makoto);Kutsuzure;1265;24;0.025;20260813
May the Lord Studio;Seven days;1257;-170;0.004;20260813
The Chemical Brothers;Go;1246;-514;1.115;20260813
Eminem;Lose Yourself;1244;364;3.853;20260813
Kis-My-Ft2;Inori;1241;-127;0.006;20260813
BearyTunes;Ich bin genug;1217;399;0.058;20260813
Forrest Frank;OKAY;1210;287;0.135;20260813
Sia;Unstoppable;1198;-689;7.717;20260813
Tears for Fears;Everybody Wants to Rule the World;1193;203;1.125;20260813
Elevation Worship;God I'm Just Grateful;1193;-274;0.152;20260813
Chandler Moore;God I'm Just Grateful;1193;-274;0.152;20260813
Twinnie;Wild One;1193;-72;0.005;20260813
Usagi(CV:Ozawa Ari);Usagi Rap;1193;23;0.023;20260813
Momonga(CV:Iguchi Yuka);Usagi Rap;1193;23;0.023;20260813
Mermaid(CV:Oki Saeko);Usagi Rap;1193;23;0.023;20260813
Mermaid(CV:Nanase Ayaka);Usagi Rap;1193;23;0.023;20260813
Gloryhammer;Die with a Sword in My Hand;1191;1191;0.001;20260813
Usagi(CV:Ozawa Ari);Usagi Rap;1170;-23;0.025;20260813
Mermaid(CV:Oki Saeko);Usagi Rap;1170;-23;0.025;20260813
Mermaid(CV:Nanase Ayaka);Usagi Rap;1170;-23;0.025;20260813
Coldplay;Viva la Vida;1162;876;7.072;20260813
Fleetwood Mac;Dreams;1154;212;1.577;20260813
The Irrepressibles;In This Shirt;1150;-553;0.201;20260813
EBiDAN Ebisu Gakuen Boys Club;Yes Tokyo;1148;-69;0.041;20260813
chotokkyu;Yes Tokyo;1148;-69;0.041;20260813
M!LK;Yes Tokyo;1148;-69;0.041;20260813
GNJB;Yes Tokyo;1148;-69;0.041;20260813
Rutger Van Barneveld;Zwoele Zomernachten;1147;146;0.086;20260813
Faouzia;UNETHICAL;1142;511;0.012;20260813
Madonna;Danceteria;1142;946;0.166;20260813
Topic;Sorry Papi;1125;-483;0.104;20260813
Becky G;Sorry Papi;1125;-483;0.104;20260813
Kenshi Yonezu - Karasu;Raven;1125;0;0.081;20260813
Alphaville;Forever Young;1110;-412;1.349;20260813
M!LK;Tsumi to Batsu to Ame to Kiss;1104;0;0.015;20260813
Houshou Marine;Kyapi;1097;-44;0.002;20260813
Christina Perri;A Thousand Years;1094;-744;8.387;20260813
Kimo Sounds;Zero Gravity;1093;-518;0.022;20260813
Mrs. GREEN APPLE;Carrying Happiness;1083;0;0.132;20260813
Disturbed;The Sound of Silence;1080;-553;10.364;20260813
Prospa;Free Your Mind;1075;648;0.114;20260813
Cloonee;Free Your Mind;1075;648;0.114;20260813
HWASA;Good Goodbye;1075;-410;0.463;20260813
Alex Warren;PASSENGER;1068;-700;0.08;20260813
Kenshi Yonezu;Yodaka;1062;0;0.046;20260813
Alanis Morissette;Uninvited;1052;-461;0.053;20260813
Gayle;abcdefu;1050;266;3.411;20260813
Rockin' Jukebox;Storm in my heart;1043;-90;0.024;20260813
Radiohead;Creep;1041;-71;1.923;20260813
Mrs. GREEN APPLE;Wind and Town;1041;397;0.121;20260813
Anirudh Ravichander;Hangova;1036;-21;0.018;20260813
Heisenberg;Hangova;1036;-21;0.018;20260813
ROCKY;Fake It;1034;-300;0.003;20260813
Aitch;RMB;1033;-106;0.049;20260813
Michael Jackson;Thriller;1028;351;1.246;20260813
May the Lord Studio;God, can You hear me;1021;352;0.004;20260813
Gen Hoshino;Suki;1021;0;0.018;20260813
Nash Blackwood;We Don't Need To Be Perfect;1012;1012;0.044;20260813
Justen de Wildt;Cheerio;1006;-339;0.176;20260813
M!LK;Bakuretsu Aishiteru;1002;19;0.224;20260813
Emi Thasorn;Red Kiss;992;-376;0.004;20260813
Bonnie Pattraphus;Red Kiss;992;-376;0.004;20260813
Forrest Frank;Good Day;989;6;0.371;20260813
Shakira;Dai Dai;15310;-488;1.403;20260814
Burna Boy;Dai Dai;15310;-488;1.403;20260814
HUGEL;Movin' To The Sun;15139;-257;1.039;20260814
Imael Angel;Movin' To The Sun;15139;-257;1.039;20260814
Ultra Naté;Movin' To The Sun;15139;-257;1.039;20260814
Kimo Sounds;Rise Slow;8898;-1819;0.52;20260814
Ella Langley;Choosin' Texas;8686;-946;1.735;20260814
Troye Sivan;She’s the Best;8229;8229;0.008;20260814
HUGEL;Jamaican;7955;-874;0.946;20260814
SOLTO (FR);Jamaican;7955;-874;0.946;20260814
Ariana Grande;hate that i made you love me;7890;-1218;0.835;20260814
DJ.ILHAM;DIGIDI DIGIDI;7647;-186;0.492;20260814
Taylor Swift;I Knew It, I Knew You;6559;-590;0.713;20260814
STELLA LEFTY;Boston;6223;122;0.517;20260814
KATSEYE;Animal;6184;1232;0.108;20260814
Alex Warren;Ordinary;5753;-1328;6.203;20260814
RAYE;WHERE IS MY HUSBAND;5643;332;3.177;20260814
Kimo Sounds;Make It Spectacular;5247;1047;0.03;20260814
Mastodon;In the Ruins;5179;-6922;0.017;20260814
Alex Warren;FEVER DREAM;5146;-377;1.286;20260814
Orville Peck;Already Gone;5079;4791;0.005;20260814
Tame Impala;Loser;5073;-1110;0.091;20260814
Stray Kids;This & That;4975;-3338;0.092;20260814
Madonna;Love Sensation;4943;-1394;0.106;20260814
Kylie Minogue;Love Sensation;4943;-1394;0.106;20260814
Bebe Rexha;New Religion;4865;1242;1.032;20260814
Faithless;New Religion;4865;1242;1.032;20260814
ANOTR;Talk To You;4849;663;0.514;20260814
The Second Voice;LET ME BE;4793;865;1.432;20260814
Dusty Rivers;My Mother Was An Angel;4710;4710;0.005;20260814
River Cain;Hell Out Of Me;4706;4706;0.005;20260814
Lady Gaga;Always Remember Us This Way;4590;4017;9.554;20260814
Michael Jackson;Billie Jean;4578;-820;1.623;20260814
Azteck;Everything's Alright;4450;-455;0.118;20260814
DJ Koko;Everything's Alright;4450;-455;0.118;20260814
Kurt D;Everything's Alright;4450;-455;0.118;20260814
Harry Styles;Sign of the Times;4305;-356;5.19;20260814
KATSEYE;Hootie Frutti;4261;4261;0.004;20260814
Teddy Swims;Mr. Know It All;4100;-992;0.61;20260814
sombr;My Body Isn't Ready;4050;-474;0.117;20260814
Noah Nine;A Man Can Cry;4021;-46;0.173;20260814
The Bausa;Magnetic;4001;254;0.356;20260814
Olivia Rodrigo;drop dead;3945;-1082;0.804;20260814
James Blunt;Tastes Like Summer;3865;3865;0.004;20260814
Harry Styles;American Girls;3855;108;0.682;20260814
Diane Butler;Stay When I'm Hard To Love;3759;3589;0.018;20260814
Mazzy Star;Fade Into You;3754;1626;0.378;20260814
Olivia Dean;So Easy;3644;196;1.834;20260814
Temper City;Self Aware;3641;-1061;0.264;20260814
HUNTR/X;Golden;3613;160;5.48;20260814
EJAE;Golden;3613;160;5.48;20260814
AUDREY NUNA;Golden;3613;160;5.48;20260814
REI AMI;Golden;3613;160;5.48;20260814
KPop Demon Hunters Cast;Golden;3613;160;5.48;20260814
Bonnie Tyler;Total Eclipse of the Heart;3515;-1676;0.66;20260814
BTS;SWIM;3465;365;1.191;20260814
Olivia Rodrigo;stupid song;3453;-472;0.254;20260814
Olivia Dean;Man I Need;3393;-35;2.736;20260814
Ariana Grande;petal;3296;-232;0.104;20260814
Sam Fender;Rein Me In;3211;-242;0.888;20260814
Olivia Dean;Rein Me In;3211;-242;0.888;20260814
Mauvais Djo;Pilé;3121;292;0.158;20260814
DJ Goja;Mi Chico;2957;-102;0.222;20260814
Post Malone;Sunflower;2955;775;3.578;20260814
Swae Lee;Sunflower;2955;775;3.578;20260814
Danger Dan;Dass es hier so schön ist;2908;2908;0.003;20260814
Little Big Town;Closing Time;2904;2904;0.003;20260814
Kelsea Ballerini;Closing Time;2904;2904;0.003;20260814
Morgan Wallen;Been By Now;2833;-39;0.086;20260814
Florian Künstler;Ich wie du;2822;1839;0.004;20260814
KITSCHKRIEG;Gut Genug;2689;382;0.224;20260814
Blumengarten;Gut Genug;2689;382;0.224;20260814
Shirin David;Gut Genug;2689;382;0.224;20260814
The Weeknd;The Morning;2674;-4466;0.028;20260814
Tinashe;Melatonin;2665;2665;0.003;20260814
ABBA;Dancing Queen;2639;1285;1.172;20260814
Ayra Starr;Heaven Baby;2564;2564;0.003;20260814
Ac/Dc;Thunderstruck;2563;-1326;4.321;20260814
Zara Larsson;Midnight Sun;2532;-831;0.373;20260814
for KING;alle;2493;2493;0.002;20260814
COUNTRY;alle;2493;2493;0.002;20260814
Jerri;The JAWN;2390;-129;0.057;20260814
LOVIXX STOSLIV;dont tell your dreams to everybody;2343;768;0.018;20260814
ATEEZ;BAD;2306;346;0.118;20260814
Ella Langley;you look like you love me;2251;-818;1.437;20260814
Riley Green;you look like you love me;2251;-818;1.437;20260814
Koe Wetzel;Jaded;2216;-541;0.028;20260814
Ella Langley;Jaded;2216;-541;0.028;20260814
Robyn;Dancing On My Own;2205;-1341;0.861;20260814
Ella Langley;Be Her;2195;-489;0.572;20260814
Tame Impala;Dracula;2143;-116;0.542;20260814
Tame Impala;Dracula;2137;-215;0.816;20260814
JENNIE;Dracula;2137;-215;0.816;20260814
Noah Nine;Mama, I still call your name;2135;-307;0.248;20260814
DJ Goja;Mi Chico;2128;46;0.132;20260814
Jason Derulo;Mi Chico;2128;46;0.132;20260814
Melody;Mi Chico;2128;46;0.132;20260814
Taylor Swift;The Fate of Ophelia;2109;-944;3.692;20260814
Kimo Sounds;After the fall;2076;-1547;0.148;20260814
Ella Langley;I Can't Love You Anymore;2070;-706;0.326;20260814
Morgan Wallen;I Can't Love You Anymore;2070;-706;0.326;20260814
Bruno Mars;I Just Might;2054;-1828;1.986;20260814
David Guetta;Run Run River;2000;-43;0.366;20260814
Alok;Run Run River;2000;-43;0.366;20260814
Stick Figure;Run Run River;2000;-43;0.366;20260814
Haruka Aoki;Tsukue Sasuru;1988;566;0.029;20260814
Shaboozey;Cowgirl;1984;-297;0.184;20260814
Dirty Thirty;Festivalwecker;1971;-156;0.087;20260814
JENNIE;Less than a Lover;1954;174;0.088;20260814
Stephen Sanchez;Until I Found You;1952;480;0.772;20260814
KAROL G;Still;1885;-520;0.019;20260814
Bruno Mars;Still;1885;-520;0.019;20260814
Ado;Monstruo;1875;235;0.016;20260814
Jungle;Someday, Somewhere;1853;248;0.023;20260814
sombr;Homewrecker;1850;-536;0.602;20260814
Josh Fawaz;Like a Prayer;1832;-636;0.55;20260814
Phuwin;Black Card;1832;429;0.003;20260814
Bruno Mars;Risk It All;1828;-563;0.843;20260814
Dave;Raindance;1815;79;0.457;20260814
Tems;Raindance;1815;79;0.457;20260814
Paris Paloma;I Cry in Front of Paintings;1814;1647;0.002;20260814
Aitch;RMB;1788;755;0.051;20260814
Oasis;Wonderwall;1787;231;1.493;20260814
OneRepublic;Need Your Love;1786;-444;0.135;20260814
Justin Bieber;Beauty and a Beat;1774;-879;2.768;20260814
Issouf Manem yam;Valhalla Calling;1759;-428;0.046;20260814
Skillet;Lift Me Up;1757;1757;0.002;20260814
Kasabian;NOTHING BETTER THAN THIS;1737;1737;0.002;20260814
Gavin Adcock;Shoes;1736;1736;0.002;20260814
Aitana;SUPERESTRELLA;1730;23;0.368;20260814
Don Miguelo;Y Qué Fue;1691;43;0.256;20260814
Aiyana-Lee;Housebroken;1683;-385;0.134;20260814
Steve Lacy;oh yeah;1657;-415;0.019;20260814
Michael Jackson;Beat It;1652;-1463;0.976;20260814
Robin Schulz;Take It Slow;1642;1642;0.002;20260814
Watermät;Take It Slow;1642;1642;0.002;20260814
Topic;Sorry Papi;1628;503;0.105;20260814
Becky G;Sorry Papi;1628;503;0.105;20260814
Jungle;Sunshine;1627;1627;0.002;20260814
Summer Cem;MO' MONEY MO' HATERS;1611;1611;0.002;20260814
Shirin David;MO' MONEY MO' HATERS;1611;1611;0.002;20260814
James Johnston;COUNTRY SONG;1606;-592;0.015;20260814
YUZU;Ikue Live Version;1600;1600;0.002;20260814
David Kushner;Daylight;1577;1577;1.246;20260814
Spitz;Unknown Thread;1568;-251;0.014;20260814
Evanescence;Bring Me to Life;1559;-215;1.701;20260814
Zenar;Te conocí;1546;662;0.027;20260814
Dario Coiro;Te conocí;1546;662;0.027;20260814
Peter Maffay;Ein Leben lang ist nicht lang;1542;35;0.046;20260814
Johannes Oerding;Ein Leben lang ist nicht lang;1542;35;0.046;20260814
Chitose Senri(CV:Jun Osuka);ハッピーサマーバレンタイン(アニメ「新テニスの王子様」);1538;1538;0.002;20260814
IngaRose;Celebrate Me;1532;147;0.472;20260814
Royal Blood;Ten Over Ten;1523;-1813;0.005;20260814
Wendy Matthews;The Day You Went Away;1508;0;0.044;20260814
Kippei Tachibana(CV:Yoshihisa Kawahara);ハッピーサマーバレンタイン(アニメ「新テニスの王子様」);1508;1508;0.002;20260814
Chitose Senri(CV:Jun Osuka);ハッピーサマーバレンタイン(アニメ「新テニスの王子様」);1508;1508;0.002;20260814
Rutger Van Barneveld;Zomer, Zon & Strand;1494;15;0.011;20260814
The Chemical Brothers;Go;1475;229;1.117;20260814
Skillet;Scream;1467;1467;0.013;20260814
Neil Diamond;Sweet Caroline;1459;-106;1.525;20260814
Mrs. GREEN APPLE;Brand New;1450;-256;0.051;20260814
Mart Hoogkamer;Kroegen in de Hemel;1445;1445;0.001;20260814
XXXTENTACION;Moonlight;1443;-696;0.877;20260814
King Gnu;GO GHOST;1437;-272;0.031;20260814
Luke Combs;Be By You;1435;-190;0.347;20260814
Christina Perri;A Thousand Years;1432;338;8.389;20260814
Ricchi;Sarà perché ti amo;1413;657;1.683;20260814
Poveri;Sarà perché ti amo;1413;657;1.683;20260814
Nash Blackwood;We Don't Need To Be Perfect;1389;377;0.046;20260814
Alphaville;Forever Young;1388;278;1.351;20260814
Quevedo;LA GRACIOSA;1370;75;0.081;20260814
Elvis Crespo;LA GRACIOSA;1370;75;0.081;20260814
G Flip;Bed on Fire;1368;0;0.193;20260814
Kis-My-Ft2;FIRE BEAT;1368;-82;0.008;20260814
Hachiware(CV:Tanaka Makoto);Kutsuzure;1341;76;0.026;20260814
Benson Boone;Beautiful Things;1337;-163;7.388;20260814
The Killers;Mr. Brightside;1321;-1353;1.834;20260814
Justen de Wildt;Cheerio;1318;312;0.177;20260814
Masaharu Fukuyama;Kaikou;1315;-53;0.009;20260814
Dua Lipa;Training Season;1309;-423;1.259;20260814
Metallica;Enter Sandman;1298;-76;1.699;20260814
Kippei Tachibana(CV:Yoshihisa Kawahara);ハッピーサマーバレンタイン(アニメ「新テニスの王子様」);1290;1290;0.001;20260814
Bad Bunny;NUEVAYoL;1287;7;1.077;20260814
Rutger Van Barneveld;Zwoele Zomernachten;1285;138;0.088;20260814
Pietro Lombardi;Nicht Normal;1280;1280;0.001;20260814
BUNT.;TRIPPIN;1275;1042;0.022;20260814
Mapei;TRIPPIN;1275;1042;0.022;20260814
Siren(CV:Suzuki Minori);Shima No Uta;1265;-130;0.028;20260814
Mermaid(CV:Oki Saeko);Shima No Uta;1265;-130;0.028;20260814
Mermaid(CV:Nanase Ayaka);Shima No Uta;1265;-130;0.028;20260814
忘れらんねえよ;なんもねえ;1254;1254;0.005;20260814
eaJ;feel myself;1253;1253;0.001;20260814
LAY;Crossfire;1251;1251;0.001;20260814
Twinnie;Wild One;1217;24;0.006;20260814
sakanaction;Yoru No Odoriko;1217;-124;0.167;20260814
Suzi Quatro;If You Can't Give Me Love;1211;1211;0.005;20260814
Prospa;Free Your Mind;1201;126;0.115;20260814
Cloonee;Free Your Mind;1201;126;0.115;20260814
Survivor;Eye of the Tiger;1199;-240;2.535;20260814
M!LK;Sukisugite METSU;1193;-97;0.367;20260814
Radiohead;Creep;1189;148;1.924;20260814
The Goo Goo Dolls;Iris;1180;276;2.102;20260814
Kimo Sounds;Zero Gravity;1180;87;0.023;20260814
Enrico Nigiotti;Maledetti innamorati;1174;1174;0.011;20260814
Russell Morris;The Real Thing;1170;1170;0.004;20260814
Usagi(CV:Ozawa Ari);Usagi Rap;1170;0;0.026;20260814
Mermaid(CV:Oki Saeko);Usagi Rap;1170;0;0.026;20260814
Mermaid(CV:Nanase Ayaka);Usagi Rap;1170;0;0.026;20260814
Imagine Dragons;Believer;1160;338;8.806;20260814
Hearts2Hearts;ICONIC HEART;1159;-452;0.007;20260814
Coldplay;Yellow;1158;-674;2.139;20260814
Djo;End of Beginning;1151;295;2.011;20260814
Jennifer Rostock;Alles muss man selber hassen;1148;1148;0.001;20260814
Gen Hoshino;Suki;1148;127;0.019;20260814
Tears for Fears;Everybody Wants to Rule the World;1141;-52;1.126;20260814
Teddy Swims;Lose Control;1141;-261;7.515;20260814
E-40;Play If You Want;1140;1140;0.001;20260814
Busta Rhymes;Play If You Want;1140;1140;0.001;20260814
Levant;Ruf mich nicht mehr an;1135;-738;0.037;20260814
ILLIT;It's Me;1125;-214;0.173;20260814
Ofenbach;Four To The Floor;1116;484;0.041;20260814
Starsailor;Four To The Floor;1116;484;0.041;20260814
The Script;The Crowd Was Singing Wonderwall;1108;125;0.013;20260814
Take That;Sweet July;1104;248;0.063;20260814
Kenshi Yonezu - Karasu;Raven;1104;-21;0.082;20260814
Backstreet Boys;Shape of My Heart;1104;416;0.182;20260814
Shaboozey;A Bar Song;1101;-644;4.987;20260814
Oria;Soirée mondaine;1092;230;0.077;20260814
Eminem;Lose Yourself;1091;-153;3.854;20260814
Michael Jackson;Smooth Criminal;1088;442;0.601;20260814
Elevation Worship;God I'm Just Grateful;1087;-106;0.153;20260814
Chandler Moore;God I'm Just Grateful;1087;-106;0.153;20260814
Gentleman;What If;1083;1083;0.001;20260814
Queen Omega;What If;1083;1083;0.001;20260814
G PLANTS;Ryuchijo;1083;1083;0.001;20260814
Anirudh Ravichander;Raga of Revenge;1066;-328;0.075;20260814
Gayle;abcdefu;1063;13;3.412;20260814
Disturbed;The Sound of Silence;1063;-17;10.365;20260814
KIM JI WOONG;SIGN;1063;1063;0.001;20260814
Kis-My-Ft2;Inori;1062;-179;0.007;20260814
Dimitri Vegas;Turn The Tide;1059;335;0.048;20260814
Sylver;Turn The Tide;1059;335;0.048;20260814
Pat B;Turn The Tide;1059;335;0.048;20260814
Journey;Don't Stop Believin';1049;-620;3.755;20260814
Tulus;Teh Hijau;1042;104;0.042;20260814
Brooke Combe;How Can I Tell You;1041;1041;0.035;20260814
Usagi(CV:Ozawa Ari);Usagi Rap;1041;-152;0.024;20260814
Momonga(CV:Iguchi Yuka);Usagi Rap;1041;-152;0.024;20260814
Mermaid(CV:Oki Saeko);Usagi Rap;1041;-152;0.024;20260814
Mermaid(CV:Nanase Ayaka);Usagi Rap;1041;-152;0.024;20260814
KNGDM REVIVAL;This Roman Road;1037;257;0.022;20260814
HUGEL;Movin' To The Sun;15592;453;1.054;20260815
Imael Angel;Movin' To The Sun;15592;453;1.054;20260815
Ultra Naté;Movin' To The Sun;15592;453;1.054;20260815
Shakira;Dai Dai;15531;221;1.418;20260815
Burna Boy;Dai Dai;15531;221;1.418;20260815
Kimo Sounds;Rise Slow;10826;1928;0.531;20260815
HUGEL;Jamaican;10062;2107;0.956;20260815
SOLTO (FR);Jamaican;10062;2107;0.956;20260815
Ariana Grande;hate that i made you love me;9149;1259;0.844;20260815
Ella Langley;Choosin' Texas;8119;-567;1.743;20260815
KATSEYE;Animal;6975;791;0.115;20260815
Dusty Rivers;My Mother Was An Angel;6849;2139;0.012;20260815
Taylor Swift;I Knew It, I Knew You;6616;57;0.72;20260815
DJ.ILHAM;DIGIDI DIGIDI;6317;-1330;0.498;20260815
STELLA LEFTY;Boston;6268;45;0.523;20260815
RAYE;WHERE IS MY HUSBAND;6016;373;3.183;20260815
Tame Impala;Loser;5985;912;0.097;20260815
Alex Warren;Ordinary;5960;207;6.209;20260815
The Second Voice;LET ME BE;5443;650;1.438;20260815
Troye Sivan;She’s the Best;5386;-2843;0.014;20260815
Teddy Swims;Mr. Know It All;5335;1235;0.615;20260815
Madonna;Love Sensation;5317;374;0.111;20260815
Kylie Minogue;Love Sensation;5317;374;0.111;20260815
Kimo Sounds;Make It Spectacular;5309;62;0.035;20260815
Noah Nine;Mama, I still call your name;5112;2977;0.253;20260815
ANOTR;Talk To You;4963;114;0.519;20260815
Harry Styles;Sign of the Times;4801;496;5.194;20260815
Noah Nine;A Man Can Cry;4563;542;0.177;20260815
Alex Warren;FEVER DREAM;4550;-596;1.29;20260815
James Blunt;Tastes Like Summer;4547;682;0.008;20260815
Bebe Rexha;New Religion;4435;-430;1.037;20260815
Faithless;New Religion;4435;-430;1.037;20260815
River Cain;Hell Out Of Me;4422;-284;0.009;20260815
Michael Jackson;Billie Jean;4420;-158;1.627;20260815
KATSEYE;Hootie Frutti;4377;116;0.009;20260815
Temper City;Self Aware;4309;668;0.268;20260815
Olivia Rodrigo;stupid song;4247;794;0.258;20260815
Stray Kids;This & That;4230;-745;0.097;20260815
Olivia Dean;So Easy;4077;433;1.838;20260815
Olivia Rodrigo;drop dead;3988;43;0.808;20260815
SK.music;Inside My Soul;3934;3934;0.236;20260815
The Bausa;Magnetic;3893;-108;0.36;20260815
Lady Gaga;Always Remember Us This Way;3879;-711;9.557;20260815
River Cain;Mama's Boy;3800;3488;0.004;20260815
BTS;SWIM;3797;332;1.195;20260815
Taylor Swift;The Fate of Ophelia;3751;1642;3.695;20260815
Azteck;Everything's Alright;3503;-947;0.121;20260815
DJ Koko;Everything's Alright;3503;-947;0.121;20260815
Kurt D;Everything's Alright;3503;-947;0.121;20260815
DJ Goja;Mi Chico;3460;1332;0.135;20260815
Jason Derulo;Mi Chico;3460;1332;0.135;20260815
Melody;Mi Chico;3460;1332;0.135;20260815
Jernblod;Run With The Wolves;3442;3442;0.003;20260815
Harry Styles;American Girls;3436;-419;0.686;20260815
Orville Peck;Already Gone;3425;-1654;0.009;20260815
Post Malone;Sunflower;3404;449;3.582;20260815
Swae Lee;Sunflower;3404;449;3.582;20260815
Olivia Dean;Man I Need;3384;-9;2.739;20260815
Sam Fender;Rein Me In;3253;42;0.891;20260815
Olivia Dean;Rein Me In;3253;42;0.891;20260815
HUNTR/X;Golden;3224;-389;5.483;20260815
EJAE;Golden;3224;-389;5.483;20260815
AUDREY NUNA;Golden;3224;-389;5.483;20260815
REI AMI;Golden;3224;-389;5.483;20260815
KPop Demon Hunters Cast;Golden;3224;-389;5.483;20260815
Ac/Dc;Thunderstruck;3183;620;4.324;20260815
SIENNA SPIRO;Material Lover;3181;2259;0.265;20260815
sombr;My Body Isn't Ready;3135;-915;0.12;20260815
Bonnie Tyler;Total Eclipse of the Heart;3047;-468;0.663;20260815
Morgan Wallen;Been By Now;3032;199;0.089;20260815
Topic;Sorry Papi;2920;1292;0.108;20260815
Becky G;Sorry Papi;2920;1292;0.108;20260815
Ella Langley;you look like you love me;2879;628;1.44;20260815
Riley Green;you look like you love me;2879;628;1.44;20260815
Mauvais Djo;Pilé;2821;-300;0.161;20260815
Diane Butler;Stay When I'm Hard To Love;2732;-1027;0.021;20260815
Ariana Grande;petal;2714;-582;0.107;20260815
Don Miguelo;Y Qué Fue;2679;988;0.259;20260815
Issouf Manem yam;Valhalla Calling;2661;902;0.049;20260815
Ella Langley;Be Her;2647;452;0.575;20260815
KAROL G;Still;2513;628;0.022;20260815
Bruno Mars;Still;2513;628;0.022;20260815
Aiyana-Lee;Housebroken;2368;685;0.136;20260815
DJ Goja;Mi Chico;2365;-592;0.225;20260815
Bad Bunny;NUEVAYoL;2361;1074;1.08;20260815
Shaboozey;A Bar Song;2355;1254;4.99;20260815
Justin Bieber;Beauty and a Beat;2336;562;2.77;20260815
Florian Künstler;Ich wie du;2305;-517;0.006;20260815
KITSCHKRIEG;Gut Genug;2301;-388;0.226;20260815
Blumengarten;Gut Genug;2301;-388;0.226;20260815
Shirin David;Gut Genug;2301;-388;0.226;20260815
ATEEZ;BAD;2257;-49;0.12;20260815
The Cranberries;Zombie;2255;1273;1.959;20260815
JENNIE;Less than a Lover;2238;284;0.09;20260815
Ella Langley;I Can't Love You Anymore;2208;138;0.328;20260815
Morgan Wallen;I Can't Love You Anymore;2208;138;0.328;20260815
Bruno Mars;I Just Might;2129;75;1.988;20260815
Tame Impala;Dracula;2076;-61;0.818;20260815
JENNIE;Dracula;2076;-61;0.818;20260815
Danger Dan;Dass es hier so schön ist;2042;-866;0.005;20260815
Mazzy Star;Fade Into You;2041;-1713;0.38;20260815
Aitana;SUPERESTRELLA;2037;307;0.37;20260815
Zara Larsson;Midnight Sun;2018;-514;0.375;20260815
for KING;alle;2017;-476;0.005;20260815
COUNTRY;alle;2017;-476;0.005;20260815
Haruka Aoki;Tsukue Sasuru;1994;6;0.031;20260815
Michael Jackson;Beat It;1983;331;0.978;20260815
Stephen Sanchez;Until I Found You;1952;0;0.774;20260815
Josh Fawaz;Like a Prayer;1948;116;0.552;20260815
Neil Diamond;Sweet Caroline;1929;470;1.527;20260815
Journey;Don't Stop Believin';1922;873;3.757;20260815
Bruno Mars;Risk It All;1906;78;0.845;20260815
Bonnie Tyler;Holding Out for a Hero;1895;1013;0.383;20260815
Little Big Town;Closing Time;1875;-1029;0.005;20260815
Kelsea Ballerini;Closing Time;1875;-1029;0.005;20260815
Skillet;Lift Me Up;1852;95;0.004;20260815
Aitch;RMB;1846;58;0.052;20260815
King Gnu;GO GHOST;1846;409;0.032;20260815
Peter Maffay;Ein Leben lang ist nicht lang;1842;300;0.048;20260815
Johannes Oerding;Ein Leben lang ist nicht lang;1842;300;0.048;20260815
Enrico Nigiotti;Maledetti innamorati;1842;668;0.013;20260815
David Guetta;Run Run River;1827;-173;0.368;20260815
Alok;Run Run River;1827;-173;0.368;20260815
Stick Figure;Run Run River;1827;-173;0.368;20260815
Kimo Sounds;After the fall;1824;-252;0.15;20260815
XXXTENTACION;Moonlight;1821;378;0.879;20260815
The Killers;Mr. Brightside;1820;499;1.836;20260815
Ricchi;Sarà perché ti amo;1792;379;1.685;20260815
Poveri;Sarà perché ti amo;1792;379;1.685;20260815
Disturbed;The Sound of Silence;1782;719;10.367;20260815
Christina Perri;A Thousand Years;1764;332;8.39;20260815
sombr;Homewrecker;1754;-96;0.604;20260815
Jerri;The JAWN;1753;-637;0.058;20260815
Coldplay;Viva la Vida;1684;662;7.075;20260815
IngaRose;Celebrate Me;1664;132;0.474;20260815
LOVIXX STOSLIV;dont tell your dreams to everybody;1642;-701;0.02;20260815
スピッツ;見知らぬ糸;1637;1637;0.002;20260815
Dirty Thirty;Festivalwecker;1635;-336;0.089;20260815
Metallica;Enter Sandman;1630;332;1.701;20260815
Phuwin;Black Card;1615;-217;0.005;20260815
Koe Wetzel;Jaded;1596;-620;0.03;20260815
Ella Langley;Jaded;1596;-620;0.03;20260815
Prospa;Free Your Mind;1591;390;0.117;20260815
Cloonee;Free Your Mind;1591;390;0.117;20260815
Wasureranneyo;Nannmonee;1584;1584;0.05;20260815
Twinnie;Wild One;1579;362;0.008;20260815
Robyn;Dancing On My Own;1569;-636;0.862;20260815
YUZU;Ikue Live Version;1568;-32;0.003;20260815
The Saints;Danza Kuduro;1564;967;0.003;20260815
Taylor Swift;Opalite;1551;792;2.003;20260815
Mrs. GREEN APPLE;Brand New;1538;88;0.052;20260815
Masaharu Fukuyama;Kaikou;1538;223;0.01;20260815
Madonna;Danceteria;1530;947;0.168;20260815
Kis-My-Ft2;FIRE BEAT;1523;155;0.009;20260815
Ado;Monstruo;1512;-363;0.017;20260815
Cameron Whitcomb;Kingdom of Fear;1510;636;0.564;20260815
G Flip;Bed on Fire;1508;140;0.195;20260815
Alphaville;Forever Young;1507;119;1.352;20260815
James Johnston;COUNTRY SONG;1506;-100;0.017;20260815
Sia;Unstoppable;1492;767;7.719;20260815
Rutger Van Barneveld;Zomer, Zon & Strand;1484;-10;0.012;20260815
Fleetwood Mac;Dreams;1478;898;1.579;20260815
Skillet;Scream;1470;3;0.015;20260815
Dimitri Vegas;Turn The Tide;1469;410;0.049;20260815
Sylver;Turn The Tide;1469;410;0.049;20260815
Pat B;Turn The Tide;1469;410;0.049;20260815
The Chemical Brothers;Go;1467;-8;1.118;20260815
Robin Schulz;Take It Slow;1466;-176;0.003;20260815
Watermät;Take It Slow;1466;-176;0.003;20260815
Jungle;Someday, Somewhere;1454;-399;0.024;20260815
Justen de Wildt;Cheerio;1451;133;0.178;20260815
Benson Boone;Beautiful Things;1445;108;7.39;20260815
Luke Combs;Be By You;1419;-16;0.349;20260815
ABBA;Dancing Queen;1405;-1234;1.173;20260815
Pitbull;Fireball;1398;504;1.865;20260815
Hachiware(CV:Tanaka Makoto);Kutsuzure;1395;54;0.028;20260815
Rutger Van Barneveld;Zwoele Zomernachten;1393;108;0.089;20260815
The Offspring;The Kids Aren't Alright;1385;478;0.136;20260815
Tinashe;Melatonin;1372;-1293;0.004;20260815
Lady Gaga;Die With A Smile;1355;600;7.624;20260815
Bruno Mars;Die With A Smile;1355;600;7.624;20260815
Chappell Roan;Pink Pony Club;1344;730;2.796;20260815
Wendy Matthews;The Day You Went Away;1315;-193;0.046;20260815
Akagi Wen;〜↑↑ -KARAAGE-;1315;1315;0.001;20260815
BUNT.;TRIPPIN;1292;17;0.023;20260815
Mapei;TRIPPIN;1292;17;0.023;20260815
Tulus;Teh Hijau;1290;248;0.043;20260815
M!LK;Sukisugite METSU;1290;97;0.368;20260815
Anirudh Ravichander;Raga of Revenge;1287;221;0.076;20260815
ILLIT;It's Me;1287;162;0.175;20260815
Summer Cem;MO' MONEY MO' HATERS;1286;-325;0.003;20260815
Shirin David;MO' MONEY MO' HATERS;1286;-325;0.003;20260815
Shaboozey;Cowgirl;1285;-699;0.185;20260815
Ankara Echoes;Beni Al;1284;277;0.107;20260815
Jungle;Sunshine;1281;-346;0.003;20260815
Jonas Blue;Edge of Desire;1279;285;0.106;20260815
Malive;Edge of Desire;1279;285;0.106;20260815
Disney;Zoo;1279;1149;0.664;20260815
Shakira;Zoo;1279;1149;0.664;20260815
mikeeysmind;Papaoutai;1269;596;0.981;20260815
Chill77;Papaoutai;1269;596;0.981;20260815
Unjaps;Papaoutai;1269;596;0.981;20260815
Siren(CV:Suzuki Minori);Shima No Uta;1265;0;0.029;20260815
Mermaid(CV:Oki Saeko);Shima No Uta;1265;0;0.029;20260815
Mermaid(CV:Nanase Ayaka);Shima No Uta;1265;0;0.029;20260815
Luis Fonsi;Me Despido;1262;477;0.002;20260815
Metallica;Nothing Else Matters;1262;325;4.541;20260815
Nash Blackwood;Love Me At My Lowest;1261;695;0.068;20260815
Creedence Clearwater Revival;Have You Ever Seen the Rain;1249;673;0.943;20260815
Dave;Raindance;1246;-569;0.458;20260815
Tems;Raindance;1246;-569;0.458;20260815
The Goo Goo Dolls;Iris;1246;66;2.103;20260815
sakanaction;Yoru No Odoriko;1241;24;0.168;20260815
Zenar;Te conocí;1231;-315;0.028;20260815
Dario Coiro;Te conocí;1231;-315;0.028;20260815
Mrs. GREEN APPLE;Wind and Town;1217;272;0.124;20260815
Manon Lisa;Le Petit Pêcheur;1216;312;0.087;20260815
Gen Hoshino;Suki;1193;45;0.02;20260815
OneRepublic;Need Your Love;1191;-595;0.136;20260815
Kygo;Save My Love;1186;672;0.146;20260815
Khalid;Save My Love;1186;672;0.146;20260815
Gryffin;Save My Love;1186;672;0.146;20260815
Dermot Kennedy;Funeral;1173;570;0.27;20260815
Emily Ann Roberts;Laundry;1170;278;0.002;20260815
Chitose Senri(CV:Jun Osuka);ハッピーサマーバレンタイン(アニメ「新テニスの王子様」);1170;-368;0.003;20260815
Hearts2Hearts;ICONIC HEART;1168;9;0.008;20260815
Oasis;Wonderwall;1159;-628;1.494;20260815
ROSÉ;APT.;1154;586;6.493;20260815
Bruno Mars;APT.;1154;586;6.493;20260815
Passenger;It Was Gonna Be You;1152;310;0.002;20260815
Mastodon;In the Ruins;1139;-4040;0.018;20260815
Zara Larsson;Lush Life;1137;731;2.935;20260815
La Voix;Tomorrow;1125;389;0.002;20260815
EBiDAN Ebisu Gakuen Boys Club;Yes Tokyo;1125;104;0.043;20260815
chotokkyu;Yes Tokyo;1125;104;0.043;20260815
M!LK;Yes Tokyo;1125;104;0.043;20260815
GNJB;Yes Tokyo;1125;104;0.043;20260815
Evanescence;Bring Me to Life;1124;-435;1.702;20260815
Tame Impala;Dracula;1123;-1020;0.543;20260815
Quevedo;LA GRACIOSA;1118;-252;0.082;20260815
Elvis Crespo;LA GRACIOSA;1118;-252;0.082;20260815
Ayra Starr;Heaven Baby;1115;-1449;0.004;20260815
パジャマパーティーズ みどり(CV. 諸星すみれ)、ぴんく(CV. 長縄まりあ)、しろ(CV. 篠原侑)、むらさき(CV. 内山茉莉);Pajama Parties no Uta;1115;113;0.122;20260815
Usagi(CV:Ozawa Ari);Usagi Rap;1104;-66;0.028;20260815
Mermaid(CV:Oki Saeko);Usagi Rap;1104;-66;0.028;20260815
Mermaid(CV:Nanase Ayaka);Usagi Rap;1104;-66;0.028;20260815
Teddy Swims;Lose Control;1094;-47;7.516;20260815
AC/DC;Back In Black;1083;546;1.116;20260815
Usagi(CV:Ozawa Ari);Usagi Rap;1083;42;0.025;20260815
Momonga(CV:Iguchi Yuka);Usagi Rap;1083;42;0.025;20260815
Mermaid(CV:Oki Saeko);Usagi Rap;1083;42;0.025;20260815
Mermaid(CV:Nanase Ayaka);Usagi Rap;1083;42;0.025;20260815
Michael Jackson;Thriller;1074;195;1.248;20260815
Cyndi Lauper;Girls Just Want to Have Fun;1068;1068;0.28;20260815
Cardi B;AH HA;1062;35;0.035;20260815
Kippei Tachibana(CV:Yoshihisa Kawahara);ハッピーサマーバレンタイン(アニメ「新テニスの王子様」);1062;-446;0.003;20260815
Chitose Senri(CV:Jun Osuka);ハッピーサマーバレンタイン(アニメ「新テニスの王子様」);1062;-446;0.003;20260815
Radiohead;Creep;1054;-135;1.925;20260815
Shakira;Dai Dai;16102;571;1.434;20260816
Burna Boy;Dai Dai;16102;571;1.434;20260816
HUGEL;Movin' To The Sun;15135;-457;1.069;20260816
Imael Angel;Movin' To The Sun;15135;-457;1.069;20260816
Ultra Naté;Movin' To The Sun;15135;-457;1.069;20260816
Kimo Sounds;Rise Slow;11402;576;0.542;20260816
HUGEL;Jamaican;9188;-874;0.966;20260816
SOLTO (FR);Jamaican;9188;-874;0.966;20260816
Ariana Grande;hate that i made you love me;8535;-614;0.852;20260816
Ella Langley;Choosin' Texas;8142;23;1.752;20260816
Dusty Rivers;My Mother Was An Angel;7953;1104;0.02;20260816
SK.music;Inside My Soul;7727;3793;0.244;20260816
Taylor Swift;I Knew It, I Knew You;7229;613;0.727;20260816
Bonnie Tyler;Total Eclipse of the Heart;6680;3633;0.67;20260816
Alex Warren;Ordinary;6128;168;6.215;20260816
STELLA LEFTY;Boston;5901;-367;0.529;20260816
Tame Impala;Loser;5457;-528;0.102;20260816
KATSEYE;Animal;5322;-1653;0.12;20260816
DJ.ILHAM;DIGIDI DIGIDI;5320;-997;0.504;20260816
HUNTR/X;Golden;5201;1977;5.488;20260816
EJAE;Golden;5201;1977;5.488;20260816
AUDREY NUNA;Golden;5201;1977;5.488;20260816
REI AMI;Golden;5201;1977;5.488;20260816
KPop Demon Hunters Cast;Golden;5201;1977;5.488;20260816
Alex Warren;FEVER DREAM;5132;582;1.295;20260816
River Cain;Hell Out Of Me;5086;664;0.014;20260816
Temper City;Self Aware;5047;738;0.273;20260816
Kimo Sounds;Make It Spectacular;5017;-292;0.04;20260816
RAYE;WHERE IS MY HUSBAND;4904;-1112;3.188;20260816
Noah Nine;Mama, I still call your name;4899;-213;0.258;20260816
Michael Jackson;Billie Jean;4693;273;1.632;20260816
Teddy Swims;Mr. Know It All;4631;-704;0.62;20260816
Azteck;Everything's Alright;4600;1097;0.126;20260816
DJ Koko;Everything's Alright;4600;1097;0.126;20260816
Kurt D;Everything's Alright;4600;1097;0.126;20260816
ANOTR;Talk To You;4490;-473;0.524;20260816
Harry Styles;Sign of the Times;4389;-412;5.199;20260816
Bebe Rexha;New Religion;4372;-63;1.041;20260816
Faithless;New Religion;4372;-63;1.041;20260816
The Second Voice;LET ME BE;4295;-1148;1.442;20260816
Harry Styles;American Girls;4291;855;0.69;20260816
Olivia Dean;Man I Need;4225;841;2.743;20260816
KATSEYE;Hootie Frutti;4056;-321;0.013;20260816
Noah Nine;A Man Can Cry;4024;-539;0.181;20260816
Sam Fender;Rein Me In;4013;760;0.895;20260816
Olivia Dean;Rein Me In;4013;760;0.895;20260816
Aiyana-Lee;Housebroken;3994;1626;0.14;20260816
Olivia Dean;So Easy;3992;-85;1.842;20260816
James Blunt;Tastes Like Summer;3961;-586;0.012;20260816
River Cain;Mama's Boy;3790;-10;0.008;20260816
Ac/Dc;Thunderstruck;3755;572;4.328;20260816
The Bausa;Magnetic;3715;-178;0.363;20260816
Taylor Swift;The Fate of Ophelia;3699;-52;3.699;20260816
Ella Langley;Be Her;3683;1036;0.578;20260816
sombr;My Body Isn't Ready;3644;509;0.124;20260816
Robyn;Dancing On My Own;3623;2054;0.866;20260816
Issouf Manem yam;Valhalla Calling;3572;911;0.052;20260816
KAROL G;Still;3567;1054;0.025;20260816
Bruno Mars;Still;3567;1054;0.025;20260816
Madonna;Love Sensation;3559;-1758;0.115;20260816
Kylie Minogue;Love Sensation;3559;-1758;0.115;20260816
Ella Langley;you look like you love me;3262;383;1.443;20260816
Riley Green;you look like you love me;3262;383;1.443;20260816
Michael Jackson;Beat It;3235;1252;0.981;20260816
Olivia Rodrigo;drop dead;3227;-761;0.811;20260816
Olivia Rodrigo;stupid song;3165;-1082;0.261;20260816
Bonnie Tyler;Holding Out for a Hero;3149;1254;0.386;20260816
Stray Kids;This & That;2997;-1233;0.1;20260816
BTS;SWIM;2990;-807;1.198;20260816
ABBA;Dancing Queen;2960;1555;1.176;20260816
DJ Goja;Mi Chico;2926;-534;0.138;20260816
Jason Derulo;Mi Chico;2926;-534;0.138;20260816
Melody;Mi Chico;2926;-534;0.138;20260816
Zara Larsson;Midnight Sun;2915;897;0.378;20260816
Morgan Wallen;Been By Now;2847;-185;0.092;20260816
Lady Gaga;Always Remember Us This Way;2826;-1053;9.56;20260816
Mazzy Star;Fade Into You;2823;782;0.383;20260816
Kimo Sounds;After the fall;2775;951;0.153;20260816
Post Malone;Sunflower;2754;-650;3.584;20260816
Swae Lee;Sunflower;2754;-650;3.584;20260816
Rockin' Jukebox;Storm in my heart;2744;2090;0.027;20260816
Ella Langley;I Can't Love You Anymore;2658;450;0.33;20260816
Morgan Wallen;I Can't Love You Anymore;2658;450;0.33;20260816
Justin Bieber;Beauty and a Beat;2625;289;2.773;20260816
Topic;Sorry Papi;2594;-326;0.111;20260816
Becky G;Sorry Papi;2594;-326;0.111;20260816
Bruno Mars;I Just Might;2582;453;1.991;20260816
Troye Sivan;She’s the Best;2501;-2885;0.016;20260816
Neil Diamond;Sweet Caroline;2460;531;1.529;20260816
Tame Impala;Dracula;2441;365;0.82;20260816
JENNIE;Dracula;2441;365;0.82;20260816
Shaboozey;A Bar Song;2437;82;4.992;20260816
DJ Goja;Mi Chico;2415;50;0.227;20260816
Mauvais Djo;Pilé;2391;-430;0.163;20260816
Michael Jackson;Thriller;2374;1300;1.251;20260816
David Guetta;Run Run River;2374;547;0.37;20260816
Alok;Run Run River;2374;547;0.37;20260816
Stick Figure;Run Run River;2374;547;0.37;20260816
Nash Blackwood;Love Me At My Lowest;2291;1030;0.07;20260816
JENNIE;Less than a Lover;2282;44;0.092;20260816
Bonnie Tyler;It's a Heartache;2218;1366;0.186;20260816
Bruno Mars;Risk It All;2194;288;0.848;20260816
Jerri;The JAWN;2131;378;0.06;20260816
Don Miguelo;Y Qué Fue;2061;-618;0.261;20260816
Bad Bunny;NUEVAYoL;2058;-303;1.082;20260816
XXXTENTACION;Moonlight;2036;215;0.881;20260816
Oasis;Wonderwall;2010;851;1.496;20260816
Aitch;RMB;1999;153;0.054;20260816
Haruka Aoki;Tsukue Sasuru;1933;-61;0.033;20260816
Lady Gaga;Die With A Smile;1927;572;7.626;20260816
Bruno Mars;Die With A Smile;1927;572;7.626;20260816
KITSCHKRIEG;Gut Genug;1899;-402;0.228;20260816
Blumengarten;Gut Genug;1899;-402;0.228;20260816
Shirin David;Gut Genug;1899;-402;0.228;20260816
Diane Butler;Stay When I'm Hard To Love;1847;-885;0.022;20260816
SIENNA SPIRO;Material Lover;1819;-1362;0.267;20260816
M83;Outro;1803;1351;0.263;20260816
Cardi B;AH HA;1800;738;0.037;20260816
sombr;Homewrecker;1779;25;0.606;20260816
Ricchi;Sarà perché ti amo;1758;-34;1.687;20260816
Poveri;Sarà perché ti amo;1758;-34;1.687;20260816
The xx;Intro;1751;714;0.968;20260816
Metallica;Nothing Else Matters;1744;482;4.543;20260816
Metallica;Enter Sandman;1738;108;1.702;20260816
Gospelize;Maladie;1704;860;0.042;20260816
KAROL G;Si Antes Te Hubiera Conocido;1695;901;1.94;20260816
Fleetwood Mac;Dreams;1688;210;1.581;20260816
Kimo Sounds;Zero Gravity;1687;757;0.025;20260816
River Cain;Jesus On The Rocks;1684;1557;0.002;20260816
Toto;Africa;1684;894;0.982;20260816
Aitana;SUPERESTRELLA;1669;-368;0.371;20260816
Kis-My-Ft2;FIRE BEAT;1668;145;0.011;20260816
Ariana Grande;petal;1621;-1093;0.108;20260816
King Gnu;GO GHOST;1615;-231;0.034;20260816
Benson Boone;Beautiful Things;1611;166;7.391;20260816
ATEEZ;BAD;1610;-647;0.122;20260816
Peter Maffay;Ein Leben lang ist nicht lang;1606;-236;0.05;20260816
Johannes Oerding;Ein Leben lang ist nicht lang;1606;-236;0.05;20260816
Jernblod;Run With The Wolves;1604;-1838;0.005;20260816
Spitz;Unknown Thread;1600;1600;0.015;20260816
Wasureranneyo;Nannmonee;1591;7;0.052;20260816
IngaRose;Celebrate Me;1566;-98;0.475;20260816
福山 雅治;邂逅;1565;1565;0.002;20260816
Eminem;Lose Yourself;1561;821;3.857;20260816
G Flip;Bed on Fire;1540;32;0.196;20260816
Florian Künstler;Ich wie du;1534;-771;0.008;20260816
Jungle;Someday, Somewhere;1534;80;0.026;20260816
Rutger Van Barneveld;Zwoele Zomernachten;1525;132;0.09;20260816
Kis-My-Ft2;Inori;1508;487;0.009;20260816
Ado;Monstruo;1505;-7;0.019;20260816
Shaboozey;Cowgirl;1501;216;0.187;20260816
Luke Combs;Be By You;1494;75;0.35;20260816
for KING;alle;1482;-535;0.006;20260816
COUNTRY;alle;1482;-535;0.006;20260816
YUZU;Ikue Live Version;1479;-89;0.005;20260816
ROSÉ;APT.;1477;323;6.494;20260816
Bruno Mars;APT.;1477;323;6.494;20260816
The Goo Goo Dolls;Iris;1476;230;2.104;20260816
Dimitri Vegas;Turn The Tide;1466;-3;0.051;20260816
Sylver;Turn The Tide;1466;-3;0.051;20260816
Pat B;Turn The Tide;1466;-3;0.051;20260816
Chappell Roan;Pink Pony Club;1465;121;2.798;20260816
Michael Jackson;Smooth Criminal;1465;759;0.603;20260816
Justen de Wildt;Cheerio;1465;14;0.18;20260816
EBiDAN Ebisu Gakuen Boys Club;Yes Tokyo;1450;325;0.045;20260816
chotokkyu;Yes Tokyo;1450;325;0.045;20260816
M!LK;Yes Tokyo;1450;325;0.045;20260816
GNJB;Yes Tokyo;1450;325;0.045;20260816
Dirty Thirty;Festivalwecker;1433;-202;0.09;20260816
Mrs. GREEN APPLE;Brand New;1422;-116;0.054;20260816
ANDITA;BOH;1417;1417;0.001;20260816
Zara Larsson;Lush Life;1394;257;2.936;20260816
Josh Fawaz;Like a Prayer;1391;-557;0.553;20260816
Cameron Whitcomb;Kingdom of Fear;1387;-123;0.565;20260816
Orville Peck;Already Gone;1385;-2040;0.01;20260816
Anirudh Ravichander;Raga of Revenge;1360;73;0.078;20260816
Rutger Van Barneveld;Zomer, Zon & Strand;1354;-130;0.014;20260816
The Cranberries;Zombie;1353;-902;1.961;20260816
Enrico Nigiotti;Maledetti innamorati;1349;-493;0.014;20260816
OneRepublic;Need Your Love;1348;157;0.137;20260816
Mauvais Djo;Maladie;1348;331;0.065;20260816
Stephen Sanchez;Until I Found You;1333;-619;0.776;20260816
James Johnston;COUNTRY SONG;1325;-181;0.018;20260816
Tears for Fears;Everybody Wants to Rule the World;1319;616;1.129;20260816
Little Big Town;Closing Time;1317;-558;0.006;20260816
Kelsea Ballerini;Closing Time;1317;-558;0.006;20260816
Survivor;Eye of the Tiger;1317;415;2.537;20260816
Prospa;Free Your Mind;1314;-277;0.118;20260816
Cloonee;Free Your Mind;1314;-277;0.118;20260816
KAROL G;BbY WOW;1303;383;0.005;20260816
Judeline;BbY WOW;1303;383;0.005;20260816
rusowsky;BbY WOW;1303;383;0.005;20260816
Danger Dan;Dass es hier so schön ist;1302;-740;0.006;20260816
M!LK;Sukisugite METSU;1290;0;0.369;20260816
Christina Perri;A Thousand Years;1290;-474;8.392;20260816
Fleetwood Mac;The Chain;1288;567;0.739;20260816
Skillet;Lift Me Up;1270;-582;0.005;20260816
Hachiware(CV:Tanaka Makoto);Kutsuzure;1265;-130;0.029;20260816
Madonna;Danceteria;1263;-267;0.169;20260816
パジャマパーティーズ みどり(CV. 諸星すみれ)、ぴんく(CV. 長縄まりあ)、しろ(CV. 篠原侑)、むらさき(CV. 内山茉莉);Pajama Parties no Uta;1254;139;0.123;20260816
sakanaction;Yoru No Odoriko;1241;0;0.169;20260816
Diane Butler;I Miss You More;1235;1153;0.007;20260816
Da Yin;舍不得又没资格;1233;463;0.016;20260816
DJ BoerBeats;Pretty Belinda;1228;485;0.031;20260816
Dua Lipa;Training Season;1225;467;1.261;20260816
ILLIT;It's Me;1217;-70;0.176;20260816
Coldplay;A Sky Full of Stars;1214;604;11.335;20260816
Steve Lacy;oh yeah;1199;317;0.021;20260816
Wendy Matthews;The Day You Went Away;1193;-122;0.047;20260816
Siren(CV:Suzuki Minori);Shima No Uta;1193;-72;0.03;20260816
Mermaid(CV:Oki Saeko);Shima No Uta;1193;-72;0.03;20260816
Mermaid(CV:Nanase Ayaka);Shima No Uta;1193;-72;0.03;20260816
Dave;Raindance;1186;-60;0.459;20260816
Tems;Raindance;1186;-60;0.459;20260816
Creedence Clearwater Revival;Have You Ever Seen the Rain;1184;-65;0.944;20260816
Carín León;Qué Andas Haciendo;1180;523;0.002;20260816
Ke personajes;Qué Andas Haciendo;1180;523;0.002;20260816
Koe Wetzel;Jaded;1177;-419;0.031;20260816
Ella Langley;Jaded;1177;-419;0.031;20260816
The Irrepressibles;In This Shirt;1173;243;0.205;20260816
Usagi(CV:Ozawa Ari);Usagi Rap;1170;66;0.029;20260816
Mermaid(CV:Oki Saeko);Usagi Rap;1170;66;0.029;20260816
Mermaid(CV:Nanase Ayaka);Usagi Rap;1170;66;0.029;20260816
米津玄師 - 烏;Raven;1166;1166;0.013;20260816
Mart Hoogkamer;Kroegen in de Hemel;1166;120;0.004;20260816
Disney;Zoo;1149;-130;0.665;20260816
Shakira;Zoo;1149;-130;0.665;20260816
Elevation Worship;God I'm Just Grateful;1148;127;0.156;20260816
Chandler Moore;God I'm Just Grateful;1148;127;0.156;20260816
Usagi(CV:Ozawa Ari);Usagi Rap;1148;65;0.027;20260816
Momonga(CV:Iguchi Yuka);Usagi Rap;1148;65;0.027;20260816
Mermaid(CV:Oki Saeko);Usagi Rap;1148;65;0.027;20260816
Mermaid(CV:Nanase Ayaka);Usagi Rap;1148;65;0.027;20260816
Jungle;Sunshine;1141;-140;0.004;20260816
Ankara Echoes;Beni Al;1140;-144;0.108;20260816
Twinnie;Wild One;1125;-454;0.009;20260816
Robin Schulz;Take It Slow;1123;-343;0.004;20260816
Watermät;Take It Slow;1123;-343;0.004;20260816
Guns N' Roses;Sweet Child o' Mine;1121;125;2.454;20260816
The Saints;Danza Kuduro;1112;-452;0.004;20260816
Engelbert Humperdinck;A Man Without Love;1106;1106;0.043;20260816
Mrs. GREEN APPLE;Wind and Town;1104;-113;0.125;20260816
HWASA;Good Goodbye;1089;275;0.466;20260816
Gen Hoshino;Suki;1083;-110;0.021;20260816
Phil Collins;In the Air Tonight;1081;913;1.344;20260816
Linkin Park;In the End;1077;383;1.362;20260816
Drake;Janice STFU;1075;974;0.127;20260816
Tulus;Teh Hijau;1072;-218;0.044;20260816
Dusty Rivers;Thank You;1063;1058;0.025;20260816
Akagi Wen;〜↑↑ -KARAAGE-;1062;-253;0.002;20260816
Kenshi Yonezu;IRIS OUT;1061;250;0.406;20260816
Kenshi Yonezu;Yodaka;1057;93;0.049;20260816
Shakira;Dai Dai;16436;334;1.451;20260817
Burna Boy;Dai Dai;16436;334;1.451;20260817
HUGEL;Movin' To The Sun;15515;380;1.085;20260817
Imael Angel;Movin' To The Sun;15515;380;1.085;20260817
Ultra Naté;Movin' To The Sun;15515;380;1.085;20260817
Kimo Sounds;Rise Slow;10827;-575;0.553;20260817
HUGEL;Jamaican;9632;444;0.975;20260817
SOLTO (FR);Jamaican;9632;444;0.975;20260817
Ella Langley;Choosin' Texas;9131;989;1.761;20260817
SK.music;Inside My Soul;8473;746;0.253;20260817
Ariana Grande;hate that i made you love me;8184;-351;0.861;20260817
Temper City;Self Aware;7107;2060;0.28;20260817
RAYE;WHERE IS MY HUSBAND;6655;1751;3.195;20260817
Taylor Swift;I Knew It, I Knew You;6337;-892;0.733;20260817
Dusty Rivers;My Mother Was An Angel;6327;-1626;0.026;20260817
Alex Warren;Ordinary;6060;-68;6.222;20260817
TOMORROW X TOGETHER;Setsuna Hanabi;6000;6000;0.006;20260817
STELLA LEFTY;Boston;5995;94;0.535;20260817
Teddy Swims;Mr. Know It All;5949;1318;0.626;20260817
Bonnie Tyler;Total Eclipse of the Heart;5729;-951;0.676;20260817
Kimo Sounds;Make It Spectacular;5692;675;0.046;20260817
Alex Warren;FEVER DREAM;5677;545;1.301;20260817
KATSEYE;Animal;5661;339;0.126;20260817
KAROL G;Still;5496;1929;0.031;20260817
Bruno Mars;Still;5496;1929;0.031;20260817
Harry Styles;Sign of the Times;5481;1092;5.204;20260817
Michael Jackson;Billie Jean;5422;729;1.637;20260817
Bebe Rexha;New Religion;5096;724;1.046;20260817
Faithless;New Religion;5096;724;1.046;20260817
Tame Impala;Loser;4838;-619;0.107;20260817
ANOTR;Talk To You;4790;300;0.528;20260817
DJ.ILHAM;DIGIDI DIGIDI;4734;-586;0.508;20260817
Harry Styles;American Girls;4629;338;0.695;20260817
River Cain;Hell Out Of Me;4578;-508;0.019;20260817
Olivia Dean;Man I Need;4503;278;2.748;20260817
Noah Nine;Mama, I still call your name;4389;-510;0.262;20260817
Azteck;Everything's Alright;4265;-335;0.13;20260817
DJ Koko;Everything's Alright;4265;-335;0.13;20260817
Kurt D;Everything's Alright;4265;-335;0.13;20260817
Ac/Dc;Thunderstruck;4120;365;4.332;20260817
Issouf Manem yam;Valhalla Calling;3803;231;0.056;20260817
James Blunt;Tastes Like Summer;3687;-274;0.016;20260817
Olivia Dean;So Easy;3647;-345;1.846;20260817
River Cain;Mama's Boy;3609;-181;0.012;20260817
Olivia Rodrigo;stupid song;3595;430;0.265;20260817
Bonnie Tyler;Holding Out for a Hero;3486;337;0.389;20260817
The Second Voice;LET ME BE;3400;-895;1.446;20260817
Ella Langley;I Can't Love You Anymore;3381;723;0.334;20260817
Morgan Wallen;I Can't Love You Anymore;3381;723;0.334;20260817
HUNTR/X;Golden;3349;-1852;5.491;20260817
EJAE;Golden;3349;-1852;5.491;20260817
AUDREY NUNA;Golden;3349;-1852;5.491;20260817
REI AMI;Golden;3349;-1852;5.491;20260817
KPop Demon Hunters Cast;Golden;3349;-1852;5.491;20260817
Bruno Mars;I Just Might;3311;729;1.994;20260817
Michael Jackson;Beat It;3300;65;0.984;20260817
Bonnie Tyler;It's a Heartache;3288;1070;0.189;20260817
Sam Fender;Rein Me In;3286;-727;0.898;20260817
Olivia Dean;Rein Me In;3286;-727;0.898;20260817
BTS;SWIM;3223;233;1.201;20260817
KATSEYE;Hootie Frutti;3221;-835;0.016;20260817
Ella Langley;you look like you love me;3212;-50;1.446;20260817
Riley Green;you look like you love me;3212;-50;1.446;20260817
Olivia Rodrigo;drop dead;3202;-25;0.814;20260817
Aiyana-Lee;Housebroken;3179;-815;0.143;20260817
Ella Langley;Be Her;3154;-529;0.582;20260817
Taylor Swift;The Fate of Ophelia;3106;-593;3.702;20260817
The Bausa;Magnetic;3054;-661;0.366;20260817
Mazzy Star;Fade Into You;3004;181;0.386;20260817
Morgan Wallen;Been By Now;2889;42;0.095;20260817
Rockin' Jukebox;Storm in my heart;2878;134;0.03;20260817
Post Malone;Sunflower;2838;84;3.587;20260817
Swae Lee;Sunflower;2838;84;3.587;20260817
Madonna;Love Sensation;2806;-753;0.117;20260817
Kylie Minogue;Love Sensation;2806;-753;0.117;20260817
Bruno Mars;Risk It All;2794;600;0.85;20260817
sombr;My Body Isn't Ready;2791;-853;0.127;20260817
Justin Bieber;Beauty and a Beat;2781;156;2.776;20260817
Bad Bunny;NUEVAYoL;2735;677;1.085;20260817
Max McNown;Better Me For You;2705;2377;0.743;20260817
SIENNA SPIRO;Material Lover;2696;877;0.27;20260817
Lady Gaga;Die With A Smile;2550;623;7.629;20260817
Bruno Mars;Die With A Smile;2550;623;7.629;20260817
Stray Kids;This & That;2543;-454;0.102;20260817
The Killers;Mr. Brightside;2524;1510;1.84;20260817
David Guetta;Run Run River;2326;-48;0.372;20260817
Alok;Run Run River;2326;-48;0.372;20260817
Stick Figure;Run Run River;2326;-48;0.372;20260817
Neil Diamond;Sweet Caroline;2323;-137;1.532;20260817
XXXTENTACION;Moonlight;2277;241;0.883;20260817
DJ Goja;Mi Chico;2263;-152;0.229;20260817
Robyn;Dancing On My Own;2261;-1362;0.868;20260817
Tame Impala;Dracula;2254;-187;0.823;20260817
JENNIE;Dracula;2254;-187;0.823;20260817
Topic;Sorry Papi;2247;-347;0.113;20260817
Becky G;Sorry Papi;2247;-347;0.113;20260817
Jerri;The JAWN;2245;114;0.063;20260817
JENNIE;Less than a Lover;2238;-44;0.094;20260817
ABBA;Dancing Queen;2235;-725;1.179;20260817
Jernblod;Run With The Wolves;2233;629;0.007;20260817
Zara Larsson;Midnight Sun;2223;-692;0.38;20260817
Troye Sivan;She’s the Best;2216;-285;0.018;20260817
Noah Nine;A Man Can Cry;2156;-1868;0.183;20260817
Jamie Miller;Babydoll;2145;1215;0.018;20260817
John Denver;Take Me Home, Country Roads;2118;1227;0.739;20260817
River Cain;Jesus On The Rocks;2087;403;0.004;20260817
DJ Goja;Mi Chico;2084;-842;0.14;20260817
Jason Derulo;Mi Chico;2084;-842;0.14;20260817
Melody;Mi Chico;2084;-842;0.14;20260817
Mauvais Djo;Pilé;2038;-353;0.166;20260817
Ricchi;Sarà perché ti amo;2037;279;1.689;20260817
Poveri;Sarà perché ti amo;2037;279;1.689;20260817
Steve Lacy;oh yeah;2004;805;0.023;20260817
The Irrepressibles;In This Shirt;2003;830;0.207;20260817
OneRepublic;Need Your Love;1992;644;0.139;20260817
Haruka Aoki;Tsukue Sasuru;1982;49;0.035;20260817
Chappell Roan;Pink Pony Club;1969;504;2.8;20260817
Dua Lipa;Training Season;1931;706;1.263;20260817
Nash Blackwood;Love Me At My Lowest;1901;-390;0.072;20260817
Koe Wetzel;Jaded;1901;724;0.033;20260817
Ella Langley;Jaded;1901;724;0.033;20260817
County Line Glow;One More;1888;877;0.005;20260817
Kimo Sounds;Not for Everyone;1888;1888;0.002;20260817
Lady Gaga;Always Remember Us This Way;1881;-945;9.562;20260817
Fleetwood Mac;Dreams;1865;177;1.583;20260817
Don Miguelo;Y Qué Fue;1842;-219;0.262;20260817
Shaboozey;Cowgirl;1795;294;0.189;20260817
Aitana;SUPERESTRELLA;1788;119;0.373;20260817
Dirty Thirty;Festivalwecker;1778;345;0.092;20260817
Luke Combs;Be By You;1763;269;0.352;20260817
The Goo Goo Dolls;Iris;1758;282;2.106;20260817
sombr;Homewrecker;1748;-31;0.607;20260817
Josh Fawaz;Like a Prayer;1719;328;0.555;20260817
Teddy Swims;Lose Control;1680;654;7.519;20260817
Summer Cem;MO' MONEY MO' HATERS;1679;696;0.006;20260817
Shirin David;MO' MONEY MO' HATERS;1679;696;0.006;20260817
Ado;Monstruo;1679;174;0.02;20260817
Kimo Sounds;After the fall;1651;-1124;0.154;20260817
KO1KEYZ;KO1KEYZ;1600;1600;0.002;20260817
Wasureranneyo;Nannmonee;1586;-5;0.054;20260817
JUN. K;Your Lips;1572;1572;0.002;20260817
Shaboozey;A Bar Song;1571;-866;4.994;20260817
Spitz;Unknown Thread;1568;-32;0.017;20260817
Teddy Swims;The Door;1555;707;4.018;20260817
IngaRose;Celebrate Me;1549;-17;0.477;20260817
KITSCHKRIEG;Gut Genug;1544;-355;0.23;20260817
Blumengarten;Gut Genug;1544;-355;0.23;20260817
Shirin David;Gut Genug;1544;-355;0.23;20260817
Benson Boone;Beautiful Things;1533;-78;7.393;20260817
Rutger Van Barneveld;Zwoele Zomernachten;1511;-14;0.092;20260817
Steffen Sturm;Coffee to Go;1508;1508;0.002;20260817
G Flip;Bed on Fire;1508;-32;0.198;20260817
ATEEZ;BAD;1487;-123;0.123;20260817
Kis-My-Ft2;祈り;1483;1483;0.001;20260817
Mrs. GREEN APPLE;Brand New;1479;57;0.055;20260817
The Chemical Brothers;Go;1464;520;1.121;20260817
Aitch;RMB;1442;-557;0.056;20260817
Tame Impala;Dracula;1434;897;0.545;20260817
Michael Jackson;Thriller;1424;-950;1.252;20260817
Peter Maffay;Ein Leben lang ist nicht lang;1423;-183;0.051;20260817
Johannes Oerding;Ein Leben lang ist nicht lang;1423;-183;0.051;20260817
Disturbed;The Sound of Silence;1413;786;10.369;20260817
KAROL G;Si Antes Te Hubiera Conocido;1395;-300;1.941;20260817
Kis-My-Ft2;FIRE BEAT;1395;-273;0.012;20260817
Diane Butler;Stay When I'm Hard To Love;1384;-463;0.024;20260817
Elevation Worship;God I'm Just Grateful;1368;220;0.157;20260817
Chandler Moore;God I'm Just Grateful;1368;220;0.157;20260817
King Gnu;GO GHOST;1368;-247;0.035;20260817
Coldplay;A Sky Full of Stars;1347;133;11.336;20260817
Oasis;Wonderwall;1343;-667;1.498;20260817
Jungle;Someday, Somewhere;1341;-193;0.027;20260817
Masaharu Fukuyama;Kaikou;1341;1341;0.012;20260817
Dimitri Vegas;Turn The Tide;1324;-142;0.052;20260817
Sylver;Turn The Tide;1324;-142;0.052;20260817
Pat B;Turn The Tide;1324;-142;0.052;20260817
パジャマパーティーズ みどり(CV. 諸星すみれ)、ぴんく(CV. 長縄まりあ)、しろ(CV. 篠原侑)、むらさき(CV. 内山茉莉);Pajama Parties no Uta;1323;69;0.124;20260817
Metallica;Nothing Else Matters;1322;-422;4.544;20260817
EBiDAN Ebisu Gakuen Boys Club;Yes Tokyo;1315;-135;0.046;20260817
chotokkyu;Yes Tokyo;1315;-135;0.046;20260817
M!LK;Yes Tokyo;1315;-135;0.046;20260817
GNJB;Yes Tokyo;1315;-135;0.046;20260817
Justen de Wildt;Cheerio;1313;-152;0.181;20260817
Madonna;Danceteria;1302;39;0.17;20260817
sakanaction;Yoru No Odoriko;1290;49;0.171;20260817
LOVIXX STOSLIV;dont tell your dreams to everybody;1285;349;0.022;20260817
Gotye;Somebody That I Used to Know;1285;1080;12.17;20260817
Ella Langley;Loving Life Again;1270;321;0.17;20260817
Rutger Van Barneveld;Zomer, Zon & Strand;1260;-94;0.015;20260817
M!LK;Sukisugite METSU;1241;-49;0.37;20260817
ILLIT;It's Me;1228;11;0.177;20260817
Phil Collins;In the Air Tonight;1227;146;1.346;20260817
Cardi B;AH HA;1217;-583;0.038;20260817
Hachiware(CV:Tanaka Makoto);Kutsuzure;1217;-48;0.03;20260817
YUZU;Ikue Live Version;1193;-286;0.006;20260817
Mauvais Djo;Maladie;1189;-159;0.066;20260817
Guns N' Roses;Sweet Child o' Mine;1186;65;2.455;20260817
Siren(CV:Suzuki Minori);Shima No Uta;1170;-23;0.031;20260817
Mermaid(CV:Oki Saeko);Shima No Uta;1170;-23;0.031;20260817
Mermaid(CV:Nanase Ayaka);Shima No Uta;1170;-23;0.031;20260817
Michael Jackson;Don't Stop 'Til You Get Enough;1169;464;0.341;20260817
Enrico Nigiotti;Maledetti innamorati;1161;-188;0.016;20260817
Creedence Clearwater Revival;Have You Ever Seen the Rain;1161;-23;0.945;20260817
Metallica;Enter Sandman;1158;-580;1.704;20260817
BTS;NORMAL;1136;429;0.584;20260817
Survivor;Eye of the Tiger;1136;-181;2.538;20260817
Yung Miami;Spend Dat;1125;142;0.062;20260817
Usagi(CV:Ozawa Ari);Usagi Rap;1125;-45;0.03;20260817
Mermaid(CV:Oki Saeko);Usagi Rap;1125;-45;0.03;20260817
Mermaid(CV:Nanase Ayaka);Usagi Rap;1125;-45;0.03;20260817
Dave;Raindance;1115;-71;0.46;20260817
Tems;Raindance;1115;-71;0.46;20260817
ZANU;Beautiful Sunday;1114;1114;0.021;20260817
Jungle;Sunshine;1106;-35;0.005;20260817
Usagi(CV:Ozawa Ari);Usagi Rap;1104;-44;0.028;20260817
Momonga(CV:Iguchi Yuka);Usagi Rap;1104;-44;0.028;20260817
Mermaid(CV:Oki Saeko);Usagi Rap;1104;-44;0.028;20260817
Mermaid(CV:Nanase Ayaka);Usagi Rap;1104;-44;0.028;20260817
Martin Garrix;Repeat It;1101;617;0.12;20260817
Ed Sheeran;Repeat It;1101;617;0.12;20260817
Linkin Park;In the End;1090;13;1.364;20260817
The Cranberries;Zombie;1089;-264;1.962;20260817
Kenshi Yonezu - Karasu;Raven;1083;1083;0.085;20260817
Tulus;Teh Hijau;1082;10;0.045;20260817
David Guetta;Titanium;1082;783;10.373;20260817
Sia;Titanium;1082;783;10.373;20260817
Coldplay;Yellow;1079;672;2.14;20260817
Kygo;Save My Love;1077;319;0.147;20260817
Khalid;Save My Love;1077;319;0.147;20260817
Gryffin;Save My Love;1077;319;0.147;20260817
Cameron Whitcomb;Kingdom of Fear;1065;-322;0.566;20260817
Giddymethat;The Soul of Europe;1062;487;0.003;20260817
Gen Hoshino;Suki;1062;-21;0.022;20260817
Snow Man;Good Time;1021;241;0.048;20260817
Prospa;Free Your Mind;1020;-294;0.119;20260817
Cloonee;Free Your Mind;1020;-294;0.119;20260817
Lisa Gerrard;Now We Are Free;1012;375;0.501;20260817
Gavin Greenaway;Now We Are Free;1012;375;0.501;20260817
The Lyndhurst Orchestra;Now We Are Free;1012;375;0.501;20260817
Bruce Fowler;Now We Are Free;1012;375;0.501;20260817
Yvonne S. Moriarty;Now We Are Free;1012;375;0.501;20260817
Walt Fowler;Now We Are Free;1012;375;0.501;20260817
Ladd McIntosh;Now We Are Free;1012;375;0.501;20260817
Elizabeth Finch;Now We Are Free;1012;375;0.501;20260817
Jack Smalley;Now We Are Free;1012;375;0.501;20260817
Hans Zimmer;Now We Are Free;1012;375;0.501;20260817
Carín León;Qué Andas Haciendo;1011;-169;0.003;20260817
Ke personajes;Qué Andas Haciendo;1011;-169;0.003;20260817
Bonnie Tyler;Lost in France;1002;813;0.04;20260817
Kenshi Yonezu;Yodaka;1002;-55;0.05;20260817
Manon Lisa;Le Petit Pêcheur;1001;117;0.089;20260817
Anirudh Ravichander;Raga of Revenge;999;-361;0.079;20260817
Mumford & Sons;Here;999;669;0.077;20260817
Chris Stapleton;Here;999;669;0.077;20260817
Taylor Swift;Opalite;996;513;2.005;20260817
Radiohead;Creep;996;158;1.927;20260817
The Minions;Universal Fanfare;994;179;0.089;20260817
TOMORROW X TOGETHER;セツナハナビ;989;989;0.001;20260817
Billie Eilish;BIRDS OF A FEATHER;985;843;6.01;20260817
Skillet;Lift Me Up;984;-286;0.006;20260817
M!LK;Bakuretsu Aishiteru;983;-58;0.228;20260817
Shakira;Dai Dai;15223;-1213;1.466;20260818
Burna Boy;Dai Dai;15223;-1213;1.466;20260818
HUGEL;Movin' To The Sun;15008;-507;1.1;20260818
Imael Angel;Movin' To The Sun;15008;-507;1.1;20260818
Ultra Naté;Movin' To The Sun;15008;-507;1.1;20260818
Kimo Sounds;Rise Slow;11107;280;0.564;20260818
HUGEL;Jamaican;8847;-785;0.984;20260818
SOLTO (FR);Jamaican;8847;-785;0.984;20260818
Ariana Grande;hate that i made you love me;8744;560;0.869;20260818
SK.music;Inside My Soul;8684;211;0.261;20260818
Ella Langley;Choosin' Texas;8674;-457;1.769;20260818
Fontaines D.C.;Marianne;8059;8059;0.008;20260818
Kimo Sounds;Make It Spectacular;6997;1305;0.053;20260818
Bonnie Tyler;Total Eclipse of the Heart;6926;1197;0.683;20260818
Taylor Swift;I Knew It, I Knew You;6119;-218;0.739;20260818
Alex Warren;FEVER DREAM;6104;427;1.307;20260818
KAROL G;Still;5892;396;0.037;20260818
Bruno Mars;Still;5892;396;0.037;20260818
Olivia Dean;Man I Need;5669;1166;2.753;20260818
Temper City;Self Aware;5645;-1462;0.286;20260818
RAYE;WHERE IS MY HUSBAND;5640;-1015;3.201;20260818
STELLA LEFTY;Boston;5579;-416;0.54;20260818
Alex Warren;Ordinary;5360;-700;6.227;20260818
Azteck;Everything's Alright;5303;1038;0.135;20260818
DJ Koko;Everything's Alright;5303;1038;0.135;20260818
Kurt D;Everything's Alright;5303;1038;0.135;20260818
Ac/Dc;Thunderstruck;5221;1101;4.337;20260818
Dusty Rivers;My Mother Was An Angel;5054;-1273;0.031;20260818
Harry Styles;Sign of the Times;4991;-490;5.209;20260818
Michael Jackson;Billie Jean;4959;-463;1.642;20260818
ANOTR;Talk To You;4790;0;0.533;20260818
Olivia Dean;So Easy;4787;1140;1.85;20260818
DJ.ILHAM;DIGIDI DIGIDI;4742;8;0.513;20260818
Tame Impala;Loser;4660;-178;0.111;20260818
DJ Goja;Mi Chico;4620;2536;0.145;20260818
Jason Derulo;Mi Chico;4620;2536;0.145;20260818
Melody;Mi Chico;4620;2536;0.145;20260818
Bebe Rexha;New Religion;4619;-477;1.051;20260818
Faithless;New Religion;4619;-477;1.051;20260818
KATSEYE;Animal;4448;-1213;0.131;20260818
TOMORROW X TOGETHER;Setsuna Hanabi;4291;-1709;0.01;20260818
BTS;SWIM;4177;954;1.206;20260818
Olivia Rodrigo;drop dead;4164;962;0.819;20260818
River Cain;Hell Out Of Me;4054;-524;0.023;20260818
Sam Fender;Rein Me In;3963;677;0.902;20260818
Olivia Dean;Rein Me In;3963;677;0.902;20260818
Bonnie Tyler;Holding Out for a Hero;3959;473;0.393;20260818
Teddy Swims;Mr. Know It All;3923;-2026;0.63;20260818
Harry Styles;American Girls;3920;-709;0.699;20260818
The Bausa;Magnetic;3915;861;0.37;20260818
Bloc Party;Pigwig;3908;3908;0.004;20260818
Bonnie Tyler;It's a Heartache;3879;591;0.193;20260818
Issouf Manem yam;Valhalla Calling;3852;49;0.06;20260818
HUNTR/X;Golden;3829;480;5.495;20260818
EJAE;Golden;3829;480;5.495;20260818
AUDREY NUNA;Golden;3829;480;5.495;20260818
REI AMI;Golden;3829;480;5.495;20260818
KPop Demon Hunters Cast;Golden;3829;480;5.495;20260818
Olivia Rodrigo;stupid song;3782;187;0.269;20260818
Ella Langley;I Can't Love You Anymore;3630;249;0.337;20260818
Morgan Wallen;I Can't Love You Anymore;3630;249;0.337;20260818
Ella Langley;Be Her;3597;443;0.585;20260818
KATSEYE;Hootie Frutti;3594;373;0.02;20260818
The Second Voice;LET ME BE;3410;10;1.449;20260818
Sadie Barlow;I Choose Me;3349;3349;0.063;20260818
Ella Langley;you look like you love me;3266;54;1.449;20260818
Riley Green;you look like you love me;3266;54;1.449;20260818
Stray Kids;This & That;3111;568;0.105;20260818
Bruno Mars;Risk It All;3096;302;0.853;20260818
DJ Goja;Mi Chico;3017;754;0.232;20260818
Jamie Miller;Babydoll;2962;817;0.021;20260818
Chelsea Wolfe;Seethe;2927;2927;0.003;20260818
Morgan Wallen;Been By Now;2776;-113;0.097;20260818
sombr;My Body Isn't Ready;2726;-65;0.129;20260818
Michael Jackson;Beat It;2677;-623;0.987;20260818
Bruno Mars;I Just Might;2613;-698;1.997;20260818
Taylor Swift;The Fate of Ophelia;2581;-525;3.705;20260818
Aiyana-Lee;Housebroken;2531;-648;0.146;20260818
Post Malone;Sunflower;2495;-343;3.59;20260818
Swae Lee;Sunflower;2495;-343;3.59;20260818
XXXTENTACION;Moonlight;2493;216;0.885;20260818
River Cain;Mama's Boy;2487;-1122;0.014;20260818
Zara Larsson;Midnight Sun;2469;246;0.382;20260818
Tame Impala;Dracula;2464;1030;0.547;20260818
Ricchi;Sarà perché ti amo;2437;400;1.691;20260818
Poveri;Sarà perché ti amo;2437;400;1.691;20260818
JENNIE;Less than a Lover;2432;194;0.097;20260818
Mazzy Star;Fade Into You;2418;-586;0.388;20260818
Tame Impala;Dracula;2390;136;0.825;20260818
JENNIE;Dracula;2390;136;0.825;20260818
KITSCHKRIEG;Gut Genug;2280;736;0.232;20260818
Blumengarten;Gut Genug;2280;736;0.232;20260818
Shirin David;Gut Genug;2280;736;0.232;20260818
Dua Lipa;Training Season;2277;346;1.265;20260818
Benson Boone;Beautiful Things;2252;719;7.395;20260818
Robyn;Dancing On My Own;2249;-12;0.871;20260818
Mauvais Djo;Pilé;2248;210;0.168;20260818
BOYNEXTDOOR;Boom Boom Boom;2196;2196;0.002;20260818
James Blunt;Tastes Like Summer;2193;-1494;0.018;20260818
Koe Wetzel;Jaded;2190;289;0.035;20260818
Ella Langley;Jaded;2190;289;0.035;20260818
Topic;Sorry Papi;2089;-158;0.115;20260818
Becky G;Sorry Papi;2089;-158;0.115;20260818
Kimo Sounds;After the fall;2068;417;0.156;20260818
Summer Cem;MO' MONEY MO' HATERS;2041;362;0.008;20260818
Shirin David;MO' MONEY MO' HATERS;2041;362;0.008;20260818
Noah Nine;A Man Can Cry;2012;-144;0.185;20260818
Aitana;SUPERESTRELLA;1985;197;0.375;20260818
Echo;The Light That Surrounds You;1979;1979;0.002;20260818
The Bunnymen;The Light That Surrounds You;1979;1979;0.002;20260818
County Line Glow;One More;1966;78;0.007;20260818
The Killers;Mr. Brightside;1953;-571;1.842;20260818
Rockin' Jukebox;Storm in my heart;1880;-998;0.032;20260818
Alphaville;Forever Young;1879;1161;1.356;20260818
M83;Outro;1866;1098;0.265;20260818
LOVIXX STOSLIV;dont tell your dreams to everybody;1856;571;0.024;20260818
Kimo Sounds;Not for Everyone;1820;-68;0.004;20260818
sombr;Homewrecker;1810;62;0.609;20260818
Neil Diamond;Sweet Caroline;1803;-520;1.533;20260818
Shakira;Zoo;1802;1439;0.693;20260818
Justin Bieber;Beauty and a Beat;1799;-982;2.778;20260818
Haruka Aoki;Tsukue Sasuru;1781;-201;0.037;20260818
Luke Combs;Be By You;1777;14;0.354;20260818
Madonna;Love Sensation;1776;-1030;0.119;20260818
Kylie Minogue;Love Sensation;1776;-1030;0.119;20260818
ATEEZ;BAD;1771;284;0.125;20260818
Taylor Swift;Opalite;1753;757;2.006;20260818
ABBA;Dancing Queen;1750;-485;1.18;20260818
Peter Maffay;Ein Leben lang ist nicht lang;1739;316;0.053;20260818
Johannes Oerding;Ein Leben lang ist nicht lang;1739;316;0.053;20260818
River Cain;Jesus On The Rocks;1738;-349;0.006;20260818
Aitch;RMB;1716;274;0.058;20260818
Oria;Soirée mondaine;1714;840;0.081;20260818
Don Miguelo;Y Qué Fue;1711;-131;0.264;20260818
Lucenzo;Danza Kuduro;1685;1197;4.859;20260818
Metallica;Enter Sandman;1672;514;1.705;20260818
HWASA;Good Goodbye;1668;1407;0.468;20260818
KO1KEYZ;KO1KEYZ;1654;54;0.003;20260818
The Goo Goo Dolls;Iris;1651;-107;2.108;20260818
Dirty Thirty;Festivalwecker;1607;-171;0.094;20260818
Jernblod;Run With The Wolves;1594;-639;0.009;20260818
Max McNown;Better Me For You;1583;-1122;0.745;20260818
IMP.;PINKY. ni narouyo 2026;1568;1568;0.002;20260818
Noah Nine;Mama, I still call your name;1566;-2823;0.264;20260818
Lady Gaga;Always Remember Us This Way;1561;-320;9.564;20260818
Rutger Van Barneveld;Zwoele Zomernachten;1554;43;0.094;20260818
Bad Bunny;BAILE INoLVIDABLE;1551;1179;0.573;20260818
Bad Bunny;NUEVAYoL;1550;-1185;1.086;20260818
dolly babe;Pink Blush;1549;917;0.007;20260818
David Guetta;Run Run River;1544;-782;0.374;20260818
Alok;Run Run River;1544;-782;0.374;20260818
Stick Figure;Run Run River;1544;-782;0.374;20260818
Stephen Sanchez;Until I Found You;1544;619;0.778;20260818
Spitz;Unknown Thread;1538;-30;0.018;20260818
Lady Gaga;Die With A Smile;1512;-1038;7.63;20260818
Bruno Mars;Die With A Smile;1512;-1038;7.63;20260818
Steve Lacy;oh yeah;1497;-507;0.024;20260818
Justen de Wildt;Cheerio;1494;181;0.183;20260818
Guns N' Roses;Sweet Child o' Mine;1488;302;2.456;20260818
The Cranberries;Zombie;1480;391;1.963;20260818
Hatsuboshi Gakuen;"""listen... I Have to Say It.""";1479;1479;0.001;20260818
Men at Work;Down Under;1464;1217;0.434;20260818
Elevation Worship;God I'm Just Grateful;1463;95;0.158;20260818
Chandler Moore;God I'm Just Grateful;1463;95;0.158;20260818
Jax Wilder;Dont Wait Til She's Gone;1456;1456;0.001;20260818
Ariana Grande;petal;1452;474;0.111;20260818
Coldplay;Viva la Vida;1450;704;7.078;20260818
Jerri;The JAWN;1429;-816;0.064;20260818
Mrs. GREEN APPLE;Brand New;1422;-57;0.057;20260818
Josh Fawaz;Like a Prayer;1417;-302;0.556;20260818
Shaboozey;Cowgirl;1399;-396;0.19;20260818
King Gnu;GO GHOST;1395;27;0.037;20260818
JUN. K;Your Lips;1385;-187;0.003;20260818
Fred De Palma;LA TESTA GIRA;1381;612;0.116;20260818
Anitta;LA TESTA GIRA;1381;612;0.116;20260818
Emis Killa;LA TESTA GIRA;1381;612;0.116;20260818
G Flip;Bed on Fire;1377;-131;0.199;20260818
ILLIT;It's Me;1368;140;0.178;20260818
Ado;Monstruo;1368;-311;0.022;20260818
Dave;Raindance;1360;245;0.462;20260818
Tems;Raindance;1360;245;0.462;20260818
Manon Lisa;Le Petit Pêcheur;1356;355;0.09;20260818
Shaboozey;A Bar Song;1347;-224;4.995;20260818
Marconi Union;Weightless;1341;1341;0.229;20260818
Madonna;Danceteria;1332;30;0.172;20260818
Jungle;Someday, Somewhere;1315;-26;0.029;20260818
sakanaction;Yoru No Odoriko;1315;25;0.172;20260818
Wasureranneyo;Nannmonee;1313;-273;0.055;20260818
Metallica;Nothing Else Matters;1297;-25;4.545;20260818
EBiDAN Ebisu Gakuen Boys Club;Yes Tokyo;1290;-25;0.048;20260818
chotokkyu;Yes Tokyo;1290;-25;0.048;20260818
M!LK;Yes Tokyo;1290;-25;0.048;20260818
GNJB;Yes Tokyo;1290;-25;0.048;20260818
Coldplay;A Sky Full of Stars;1273;-74;11.338;20260818
SIENNA SPIRO;Great Expectation;1269;347;0.03;20260818
Ella Langley;Loving Life Again;1268;-2;0.172;20260818
John Denver;Take Me Home, Country Roads;1249;-869;0.74;20260818
Cardi B;AH HA;1241;24;0.04;20260818
M!LK;Sukisugite METSU;1241;0;0.372;20260818
Robin Schulz;Take It Slow;1238;619;0.006;20260818
Watermät;Take It Slow;1238;619;0.006;20260818
IngaRose;Celebrate Me;1237;-312;0.478;20260818
Diane Butler;Stay When I'm Hard To Love;1227;-157;0.025;20260818
Avicii;The Nights;1226;400;2.453;20260818
Christina Perri;A Thousand Years;1209;730;8.393;20260818
LYRICFLOW81;Destino o follia;1208;831;0.002;20260818
Hachiware(CV:Tanaka Makoto);Kutsuzure;1193;-24;0.031;20260818
Yung Miami;Spend Dat;1190;65;0.063;20260818
Oasis;Wonderwall;1180;-163;1.499;20260818
Phil Collins;In the Air Tonight;1178;-49;1.347;20260818
Cameron Whitcomb;Kingdom of Fear;1177;112;0.567;20260818
Michael Jackson;Thriller;1175;-249;1.253;20260818
パジャマパーティーズ みどり(CV. 諸星すみれ)、ぴんく(CV. 長縄まりあ)、しろ(CV. 篠原侑)、むらさき(CV. 内山茉莉);Pajama Parties no Uta;1173;-150;0.125;20260818
The Tragically Hip;New Orleans Is Sinking;1168;1168;0.023;20260818
Return to Peace;Good day;1156;340;0.004;20260818
Florian Künstler;Ich wie du;1148;752;0.009;20260818
Siren(CV:Suzuki Minori);Shima No Uta;1148;-22;0.033;20260818
Mermaid(CV:Oki Saeko);Shima No Uta;1148;-22;0.033;20260818
Mermaid(CV:Nanase Ayaka);Shima No Uta;1148;-22;0.033;20260818
River;Love Me Where It Hurts;1139;169;0.014;20260818
Luz;Love Me Where It Hurts;1139;169;0.014;20260818
SIENNA SPIRO;Material Lover;1139;-1557;0.271;20260818
JAS;Die Jugend hat Angst;1125;1125;0.001;20260818
Kis-My-Ft2;Inori;1125;1125;0.01;20260818
Dimitri Vegas;Turn The Tide;1119;-205;0.053;20260818
Sylver;Turn The Tide;1119;-205;0.053;20260818
Pat B;Turn The Tide;1119;-205;0.053;20260818
Mumford & Sons;Here;1108;109;0.078;20260818
Chris Stapleton;Here;1108;109;0.078;20260818
Bruno Mars;On My Soul;1106;150;0.047;20260818
Giddymethat;The Soul of Europe;1104;42;0.004;20260818
Gen Hoshino;Suki;1104;42;0.023;20260818
AC/DC;Highway to Hell;1094;151;1.977;20260818
Steffen Sturm;Coffee to Go;1083;-425;0.003;20260818
Masaharu Fukuyama;Kaikou;1083;-258;0.013;20260818
OneRepublic;Need Your Love;1073;-919;0.14;20260818
Tulus;Teh Hijau;1072;-10;0.046;20260818
Usagi(CV:Ozawa Ari);Usagi Rap;1062;-63;0.031;20260818
Mermaid(CV:Oki Saeko);Usagi Rap;1062;-63;0.031;20260818
Mermaid(CV:Nanase Ayaka);Usagi Rap;1062;-63;0.031;20260818
Prospa;Free Your Mind;1044;24;0.12;20260818
Cloonee;Free Your Mind;1044;24;0.12;20260818
T.M.Revolution;HOT LIMIT;1042;216;0.046;20260818
Nash Blackwood;Dear Mom;1041;1041;0.001;20260818
Usagi(CV:Ozawa Ari);Usagi Rap;1041;-63;0.029;20260818
Momonga(CV:Iguchi Yuka);Usagi Rap;1041;-63;0.029;20260818
Mermaid(CV:Oki Saeko);Usagi Rap;1041;-63;0.029;20260818
Mermaid(CV:Nanase Ayaka);Usagi Rap;1041;-63;0.029;20260818
Michael Jackson;Smooth Criminal;1039;418;0.605;20260818
KAROL G;BbY WOW;1033;231;0.006;20260818
Judeline;BbY WOW;1033;231;0.006;20260818
rusowsky;BbY WOW;1033;231;0.006;20260818
Yuuri;Livin' On A Prayer;1021;1021;0.001;20260818
Shakira;Dai Dai;15825;602;1.482;20260819
Burna Boy;Dai Dai;15825;602;1.482;20260819
BIGBANG;BiiiG;15223;15223;0.015;20260819
HUGEL;Movin' To The Sun;14965;-43;1.115;20260819
Imael Angel;Movin' To The Sun;14965;-43;1.115;20260819
Ultra Naté;Movin' To The Sun;14965;-43;1.115;20260819
Kimo Sounds;Rise Slow;10122;-985;0.574;20260819
Ella Langley;Choosin' Texas;9633;959;1.779;20260819
Ariana Grande;hate that i made you love me;8683;-61;0.878;20260819
SK.music;Inside My Soul;8628;-56;0.27;20260819
HUGEL;Jamaican;8316;-531;0.992;20260819
SOLTO (FR);Jamaican;8316;-531;0.992;20260819
Fontaines D.C.;Marianne;7929;-130;0.016;20260819
Taylor Swift;I Knew It, I Knew You;6536;417;0.746;20260819
RAYE;WHERE IS MY HUSBAND;6147;507;3.207;20260819
Kimo Sounds;Make It Spectacular;5969;-1028;0.059;20260819
STELLA LEFTY;Boston;5944;365;0.546;20260819
Alex Warren;FEVER DREAM;5872;-232;1.313;20260819
Azteck;Everything's Alright;5871;568;0.141;20260819
DJ Koko;Everything's Alright;5871;568;0.141;20260819
Kurt D;Everything's Alright;5871;568;0.141;20260819
Alex Warren;Ordinary;5473;113;6.232;20260819
KATSEYE;Animal;5320;872;0.136;20260819
Sadie Barlow;I Choose Me;5288;1939;0.068;20260819
Temper City;Self Aware;5268;-377;0.291;20260819
Harry Styles;Sign of the Times;5173;182;5.214;20260819
DJ.ILHAM;DIGIDI DIGIDI;5077;335;0.518;20260819
Tame Impala;Loser;5051;391;0.117;20260819
Olivia Dean;Man I Need;4661;-1008;2.758;20260819
Bebe Rexha;New Religion;4610;-9;1.056;20260819
Faithless;New Religion;4610;-9;1.056;20260819
Harry Styles;American Girls;4559;639;0.703;20260819
Teddy Swims;Mr. Know It All;4526;603;0.634;20260819
Olivia Rodrigo;drop dead;4365;201;0.823;20260819
Issouf Manem yam;Valhalla Calling;4359;507;0.064;20260819
ANOTR;Talk To You;4311;-479;0.538;20260819
Olivia Dean;So Easy;4078;-709;1.854;20260819
Ac/Dc;Thunderstruck;3979;-1242;4.341;20260819
Bonnie Tyler;Total Eclipse of the Heart;3954;-2972;0.687;20260819
Michael Jackson;Billie Jean;3944;-1015;1.646;20260819
Olivia Rodrigo;stupid song;3935;153;0.273;20260819
TOMORROW X TOGETHER;Setsuna Hanabi;3865;-426;0.014;20260819
Jamie Miller;Babydoll;3863;901;0.025;20260819
Ella Langley;Be Her;3843;246;0.589;20260819
Sam Fender;Rein Me In;3799;-164;0.906;20260819
Olivia Dean;Rein Me In;3799;-164;0.906;20260819
HUNTR/X;Golden;3658;-171;5.499;20260819
EJAE;Golden;3658;-171;5.499;20260819
AUDREY NUNA;Golden;3658;-171;5.499;20260819
REI AMI;Golden;3658;-171;5.499;20260819
KPop Demon Hunters Cast;Golden;3658;-171;5.499;20260819
Beck;Disappearing Act;3644;3047;0.004;20260819
ZZ Top;Gimme All Your Lovin';3505;3505;0.056;20260819
DJ Goja;Mi Chico;3495;-1125;0.148;20260819
Jason Derulo;Mi Chico;3495;-1125;0.148;20260819
Melody;Mi Chico;3495;-1125;0.148;20260819
Ella Langley;you look like you love me;3494;228;1.453;20260819
Riley Green;you look like you love me;3494;228;1.453;20260819
Ella Langley;I Can't Love You Anymore;3437;-193;0.341;20260819
Morgan Wallen;I Can't Love You Anymore;3437;-193;0.341;20260819
Dusty Rivers;My Mother Was An Angel;3424;-1630;0.034;20260819
BTS;SWIM;3296;-881;1.209;20260819
The Bausa;Magnetic;3190;-725;0.373;20260819
sombr;My Body Isn't Ready;3106;380;0.133;20260819
Morgan Wallen;Been By Now;3077;301;0.101;20260819
MJ;Ghosting;3027;3027;0.003;20260819
The Goo Goo Dolls;Iris;2972;1321;2.111;20260819
ZEROBASEONE;Existence;2893;2893;0.004;20260819
Mazzy Star;Fade Into You;2893;475;0.391;20260819
The Second Voice;LET ME BE;2889;-521;1.452;20260819
Zara Larsson;Midnight Sun;2880;411;0.385;20260819
KATSEYE;Hootie Frutti;2875;-719;0.022;20260819
DJ Goja;Mi Chico;2874;-143;0.235;20260819
Topic;Sorry Papi;2861;772;0.118;20260819
Becky G;Sorry Papi;2861;772;0.118;20260819
Lady Gaga;Always Remember Us This Way;2820;1259;9.567;20260819
KAROL G;Still;2786;-3106;0.04;20260819
Bruno Mars;Still;2786;-3106;0.04;20260819
sombr;Homewrecker;2723;913;0.612;20260819
Bruno Mars;I Just Might;2716;103;1.999;20260819
Dua Lipa;Training Season;2713;436;1.268;20260819
Tame Impala;Dracula;2601;137;0.55;20260819
Bruno Mars;Risk It All;2545;-551;0.856;20260819
River Cain;Hell Out Of Me;2490;-1564;0.025;20260819
Benson Boone;Beautiful Things;2482;230;7.398;20260819
Bonnie Tyler;Holding Out for a Hero;2464;-1495;0.396;20260819
Koe Wetzel;Jaded;2462;272;0.038;20260819
Ella Langley;Jaded;2462;272;0.038;20260819
Robyn;Dancing On My Own;2435;186;0.873;20260819
Ricchi;Sarà perché ti amo;2428;-9;1.694;20260819
Poveri;Sarà perché ti amo;2428;-9;1.694;20260819
Summer Cem;MO' MONEY MO' HATERS;2362;321;0.01;20260819
Shirin David;MO' MONEY MO' HATERS;2362;321;0.01;20260819
The Weeknd;The Morning;2349;2181;0.031;20260819
Kimo Sounds;After the fall;2327;259;0.159;20260819
ZZ Top;Sharp Dressed Man;2297;2210;0.062;20260819
ZZ Top;La Grange;2275;2275;0.127;20260819
David Guetta;Run Run River;2272;728;0.376;20260819
Alok;Run Run River;2272;728;0.376;20260819
Stick Figure;Run Run River;2272;728;0.376;20260819
Diane Butler;Stay When I'm Hard To Love;2264;1037;0.027;20260819
dolly babe;Pink Blush;2141;592;0.009;20260819
The Irrepressibles;In This Shirt;2116;1429;0.209;20260819
JENNIE;Less than a Lover;2106;-326;0.099;20260819
KITSCHKRIEG;Gut Genug;2094;-186;0.234;20260819
Blumengarten;Gut Genug;2094;-186;0.234;20260819
Shirin David;Gut Genug;2094;-186;0.234;20260819
The Cranberries;Zombie;2091;611;1.965;20260819
Tame Impala;Dracula;2032;-358;0.827;20260819
JENNIE;Dracula;2032;-358;0.827;20260819
Bad Bunny;NUEVAYoL;2030;480;1.088;20260819
Post Malone;Sunflower;2026;-469;3.592;20260819
Swae Lee;Sunflower;2026;-469;3.592;20260819
Kimo Sounds;Not for Everyone;2024;204;0.006;20260819
Taylor Swift;The Fate of Ophelia;1997;-584;3.707;20260819
Justin Bieber;Beauty and a Beat;1968;169;2.78;20260819
LOVIXX STOSLIV;dont tell your dreams to everybody;1959;103;0.026;20260819
Michael Jackson;Beat It;1949;-728;0.989;20260819
Rockin' Jukebox;Storm in my heart;1940;60;0.034;20260819
River;Love Me Where It Hurts;1930;791;0.016;20260819
Luz;Love Me Where It Hurts;1930;791;0.016;20260819
Neil Diamond;Sweet Caroline;1892;89;1.535;20260819
Ariana Grande;petal;1884;432;0.113;20260819
Haruka Aoki;Tsukue Sasuru;1875;94;0.039;20260819
Stray Kids;This & That;1868;-1243;0.107;20260819
Sia;Unstoppable;1860;966;7.723;20260819
Martin Garrix;Repeat It;1856;1102;0.123;20260819
Ed Sheeran;Repeat It;1856;1102;0.123;20260819
Max McNown;Better Me For You;1851;268;0.747;20260819
James Blunt;Tastes Like Summer;1837;-356;0.02;20260819
Lady Gaga;Die With A Smile;1820;308;7.632;20260819
Bruno Mars;Die With A Smile;1820;308;7.632;20260819
Aitana;SUPERESTRELLA;1815;-170;0.377;20260819
ABBA;Dancing Queen;1811;61;1.182;20260819
Coldplay;Viva la Vida;1803;353;7.079;20260819
Madonna;Love Sensation;1769;-7;0.121;20260819
Kylie Minogue;Love Sensation;1769;-7;0.121;20260819
Jax Wilder;Dont Wait Til She's Done;1764;1764;0.002;20260819
Phil Collins;In the Air Tonight;1708;530;1.348;20260819
Christina Perri;A Thousand Years;1703;494;8.395;20260819
a-ha;Take On Me;1688;1592;0.783;20260819
Bonnie Tyler;It's a Heartache;1677;-2202;0.195;20260819
Dirty Thirty;Festivalwecker;1667;60;0.095;20260819
Jungle;Someday, Somewhere;1634;319;0.03;20260819
JAS;Die Jugend hat Angst;1618;493;0.003;20260819
Mauvais Djo;Pilé;1574;-674;0.169;20260819
Oasis;Wonderwall;1558;378;1.5;20260819
Ella Langley;Loving Life Again;1542;274;0.173;20260819
Tom Odell;Another Love;1540;530;2.76;20260819
Spitz;Unknown Thread;1538;0;0.02;20260819
Bloc Party;Pigwig;1535;-2373;0.005;20260819
Creedence Clearwater Revival;Have You Ever Seen the Rain;1529;577;0.947;20260819
King Gnu;GO GHOST;1526;131;0.038;20260819
Alphaville;Forever Young;1515;-364;1.357;20260819
IMP.;PINKY. ni narouyo 2026;1508;-60;0.003;20260819
County Line Glow;One More;1508;-458;0.009;20260819
LEO;Tenderly;1495;1495;0.001;20260819
John Denver;Take Me Home, Country Roads;1489;240;0.741;20260819
Luke Combs;Be By You;1487;-290;0.355;20260819
Yuuri;Livin' On A Prayer;1479;458;0.003;20260819
Justen de Wildt;Cheerio;1465;-29;0.184;20260819
Mrs. GREEN APPLE;Brand New;1450;28;0.058;20260819
Ofenbach;Four To The Floor;1447;520;0.045;20260819
Starsailor;Four To The Floor;1447;520;0.045;20260819
SIENNA SPIRO;Material Lover;1440;301;0.272;20260819
XXXTENTACION;Moonlight;1439;-1054;0.887;20260819
Prospa;Free Your Mind;1433;389;0.122;20260819
Cloonee;Free Your Mind;1433;389;0.122;20260819
Metallica;Enter Sandman;1425;-247;1.707;20260819
Hatsuboshi Gakuen;"""listen... I Have to Say It.""";1422;-57;0.003;20260819
Don Miguelo;Y Qué Fue;1416;-295;0.266;20260819
The Killers;Mr. Brightside;1410;-543;1.843;20260819
Rutger Van Barneveld;Zwoele Zomernachten;1401;-153;0.095;20260819
Elevation Worship;God I'm Just Grateful;1395;-68;0.16;20260819
Chandler Moore;God I'm Just Grateful;1395;-68;0.16;20260819
Guns N' Roses;Sweet Child o' Mine;1389;-99;2.458;20260819
Bad Bunny;BAILE INoLVIDABLE;1383;-168;0.575;20260819
Zenar;Te conocí;1379;597;0.031;20260819
Dario Coiro;Te conocí;1379;597;0.031;20260819
The Beatles;Here Comes the Sun;1368;641;0.884;20260819
Enrico Nigiotti;Maledetti innamorati;1360;444;0.018;20260819
Coldplay;A Sky Full of Stars;1354;81;11.339;20260819
ATEEZ;BAD;1347;-424;0.126;20260819
Peter Maffay;Ein Leben lang ist nicht lang;1341;-398;0.054;20260819
Johannes Oerding;Ein Leben lang ist nicht lang;1341;-398;0.054;20260819
KO1KEYZ;KO1KEYZ;1341;-313;0.005;20260819
Return to Peace;Good day;1334;178;0.006;20260819
Diane Butler;I Miss You More;1326;834;0.01;20260819
KAROL G;BbY WOW;1323;290;0.008;20260819
Judeline;BbY WOW;1323;290;0.008;20260819
rusowsky;BbY WOW;1323;290;0.008;20260819
Bad Bunny;DtMF;1319;541;1.233;20260819
River Cain;Jesus On The Rocks;1315;-423;0.007;20260819
sakanaction;Yoru No Odoriko;1315;0;0.173;20260819
Jernblod;Run With The Wolves;1308;-286;0.01;20260819
Michael Jackson;Smooth Criminal;1301;262;0.606;20260819
SIENNA SPIRO;Great Expectation;1299;30;0.032;20260819
Cardi B;AH HA;1290;49;0.041;20260819
G Flip;Bed on Fire;1290;-87;0.2;20260819
Hikaru GENJI;Glass no Jyudai;1290;1290;0.001;20260819
Ado;Monstruo;1288;-80;0.023;20260819
Wasureranneyo;Nannmonee;1278;-35;0.056;20260819
BOYNEXTDOOR;Boom Boom Boom;1265;-931;0.003;20260819
Josh Fawaz;Like a Prayer;1261;-156;0.558;20260819
Florian Künstler;Ich wie du;1241;93;0.01;20260819
Creepy Nuts;Running Wheel;1241;887;0.002;20260819
River Cain;Mama's Boy;1240;-1247;0.015;20260819
Aiyana-Lee;Housebroken;1234;-1297;0.147;20260819
M!LK;Sukisugite METSU;1217;-24;0.373;20260819
Evanescence;Bring Me to Life;1209;238;1.705;20260819
EBiDAN Ebisu Gakuen Boys Club;Yes Tokyo;1193;-97;0.049;20260819
chotokkyu;Yes Tokyo;1193;-97;0.049;20260819
M!LK;Yes Tokyo;1193;-97;0.049;20260819
GNJB;Yes Tokyo;1193;-97;0.049;20260819
Zara Larsson;Lush Life;1185;198;2.939;20260819
Nash Blackwood;Love Me At My Lowest;1185;191;0.075;20260819
AI IRIE FM;No Stress, Just Vibes;1177;584;0.025;20260819
Dave;Raindance;1171;-189;0.463;20260819
Tems;Raindance;1171;-189;0.463;20260819
Hikaru GENJI;Paradise Ginga;1170;1170;0.001;20260819
Shaboozey;Cowgirl;1167;-232;0.191;20260819
Jahin Music;Your Phone Linging;1156;275;0.377;20260819
Lisa Gerrard;Now We Are Free;1145;243;0.503;20260819
Gavin Greenaway;Now We Are Free;1145;243;0.503;20260819
The Lyndhurst Orchestra;Now We Are Free;1145;243;0.503;20260819
Bruce Fowler;Now We Are Free;1145;243;0.503;20260819
Yvonne S. Moriarty;Now We Are Free;1145;243;0.503;20260819
Walt Fowler;Now We Are Free;1145;243;0.503;20260819
Ladd McIntosh;Now We Are Free;1145;243;0.503;20260819
Elizabeth Finch;Now We Are Free;1145;243;0.503;20260819
Jack Smalley;Now We Are Free;1145;243;0.503;20260819
Hans Zimmer;Now We Are Free;1145;243;0.503;20260819
Cameron Whitcomb;Kingdom of Fear;1143;-34;0.569;20260819
Noah Nine;A Man Can Cry;1132;-880;0.187;20260819
Teddy Swims;Lose Control;1132;177;7.521;20260819
Élise Noiret;Le Temps des Fleurs Fanées;1132;352;0.002;20260819
Hikaru GENJI;STAR LIGHT;1125;1125;0.001;20260819
Toto;Africa;1119;891;0.983;20260819
Noah Kahan;Orbiter;1115;158;0.086;20260819
Yung Miami;Spend Dat;1104;-86;0.065;20260819
Andreas Gabalier;UNA CANZONE PER TE;1089;558;0.069;20260819
Pietro Basile;UNA CANZONE PER TE;1089;558;0.069;20260819
Marconi Union;Weightless;1087;-254;0.23;20260819
LYRICFLOW81;Destino o follia;1083;-125;0.003;20260819
Hachiware(CV:Tanaka Makoto);Kutsuzure;1083;-110;0.032;20260819
Benson Boone;The Time Of My Life;1064;177;0.101;20260819
sumika;Umm;1062;1062;0.001;20260819
Tulus;Teh Hijau;1052;-20;0.047;20260819
Gospelize;Maladie;1046;493;0.044;20260819
Fleetwood Mac;Dreams;1045;198;1.585;20260819
Steve Lacy;oh yeah;1044;-453;0.025;20260819
Mack Geiger;Pouring;1043;971;0.002;20260819
BIGBANG;BiiiG;16190;967;0.031;20260820
Shakira;Dai Dai;15474;-351;1.497;20260820
Burna Boy;Dai Dai;15474;-351;1.497;20260820
HUGEL;Movin' To The Sun;15000;35;1.13;20260820
Imael Angel;Movin' To The Sun;15000;35;1.13;20260820
Ultra Naté;Movin' To The Sun;15000;35;1.13;20260820
Ella Langley;Choosin' Texas;9548;-85;1.789;20260820
Kimo Sounds;Rise Slow;9044;-1078;0.583;20260820
Ariana Grande;hate that i made you love me;8866;183;0.887;20260820
SK.music;Inside My Soul;8792;164;0.279;20260820
HUGEL;Jamaican;8492;176;1.001;20260820
SOLTO (FR);Jamaican;8492;176;1.001;20260820
RAYE;WHERE IS MY HUSBAND;7830;1683;3.215;20260820
Alex Warren;FEVER DREAM;6972;1100;1.32;20260820
Taylor Swift;I Knew It, I Knew You;6895;359;0.753;20260820
Alex Warren;Ordinary;6281;808;6.239;20260820
STELLA LEFTY;Boston;6144;200;0.553;20260820
KATSEYE;Animal;5739;419;0.142;20260820
Noah Nine;A Man Can Cry;5672;4540;0.192;20260820
Olivia Dean;Man I Need;5569;908;2.764;20260820
Issouf Manem yam;Valhalla Calling;5449;1090;0.07;20260820
Azteck;Everything's Alright;5276;-595;0.147;20260820
DJ Koko;Everything's Alright;5276;-595;0.147;20260820
Kurt D;Everything's Alright;5276;-595;0.147;20260820
Mariah Carey;Didn't Mean To Turn You On;5256;5256;0.005;20260820
Fontaines D.C.;Marianne;5110;-2819;0.021;20260820
Temper City;Self Aware;4826;-442;0.296;20260820
ANOTR;Talk To You;4733;422;0.542;20260820
The Second Voice;LET ME BE;4610;1721;1.456;20260820
Harry Styles;Sign of the Times;4597;-576;5.219;20260820
Bebe Rexha;New Religion;4544;-66;1.06;20260820
Faithless;New Religion;4544;-66;1.06;20260820
Teddy Swims;Mr. Know It All;4487;-39;0.639;20260820
Kimo Sounds;Make It Spectacular;4472;-1497;0.063;20260820
Tame Impala;Loser;4438;-613;0.121;20260820
Olivia Rodrigo;stupid song;4422;487;0.277;20260820
Olivia Rodrigo;drop dead;4248;-117;0.827;20260820
The Bausa;Magnetic;4061;871;0.378;20260820
Michael Jackson;Billie Jean;4055;111;1.65;20260820
sombr;My Body Isn't Ready;4021;915;0.137;20260820
DJ.ILHAM;DIGIDI DIGIDI;3942;-1135;0.522;20260820
MJ;Ghosting;3907;880;0.007;20260820
Michael Jackson;Beat It;3699;1750;0.993;20260820
Olivia Dean;So Easy;3683;-395;1.858;20260820
Sam Fender;Rein Me In;3677;-122;0.91;20260820
Olivia Dean;Rein Me In;3677;-122;0.91;20260820
Sadie Barlow;I Choose Me;3667;-1621;0.072;20260820
TOMORROW X TOGETHER;Setsuna Hanabi;3664;-201;0.018;20260820
BTS;SWIM;3523;227;1.212;20260820
Harry Styles;American Girls;3510;-1049;0.707;20260820
sombr;Homewrecker;3422;699;0.615;20260820
Bruno Mars;Risk It All;3409;864;0.859;20260820
Ella Langley;I Can't Love You Anymore;3347;-90;0.344;20260820
Morgan Wallen;I Can't Love You Anymore;3347;-90;0.344;20260820
Justin Bieber;Beauty and a Beat;3341;1373;2.783;20260820
KATSEYE;Hootie Frutti;3235;360;0.026;20260820
Kimo Sounds;After the fall;3167;840;0.162;20260820
HUNTR/X;Golden;3135;-523;5.502;20260820
EJAE;Golden;3135;-523;5.502;20260820
AUDREY NUNA;Golden;3135;-523;5.502;20260820
REI AMI;Golden;3135;-523;5.502;20260820
KPop Demon Hunters Cast;Golden;3135;-523;5.502;20260820
Ella Langley;you look like you love me;2979;-515;1.456;20260820
Riley Green;you look like you love me;2979;-515;1.456;20260820
Kim Jae Joong;Tonight;2960;2960;0.003;20260820
Ella Langley;Be Her;2932;-911;0.592;20260820
KAROL G;Still;2921;135;0.042;20260820
Bruno Mars;Still;2921;135;0.042;20260820
Noah Nine;Mama, I still call your name;2900;2135;0.267;20260820
ZZ Top;Gimme All Your Lovin';2880;-625;0.059;20260820
KITSCHKRIEG;Gut Genug;2854;760;0.237;20260820
Blumengarten;Gut Genug;2854;760;0.237;20260820
Shirin David;Gut Genug;2854;760;0.237;20260820
Diane Butler;Stay When I'm Hard To Love;2699;435;0.03;20260820
Koe Wetzel;Jaded;2692;230;0.04;20260820
Ella Langley;Jaded;2692;230;0.04;20260820
Ac/Dc;Thunderstruck;2659;-1320;4.344;20260820
Mazzy Star;Fade Into You;2622;-271;0.394;20260820
Daniel Hanson;Let Me Be;2612;2268;0.007;20260820
Bruno Mars;I Just Might;2594;-122;2.002;20260820
DJ Goja;Mi Chico;2575;-920;0.151;20260820
Jason Derulo;Mi Chico;2575;-920;0.151;20260820
Melody;Mi Chico;2575;-920;0.151;20260820
Tame Impala;Dracula;2563;531;0.83;20260820
JENNIE;Dracula;2563;531;0.83;20260820
DJ Goja;Mi Chico;2548;-326;0.238;20260820
Bonnie Tyler;Holding Out for a Hero;2533;69;0.398;20260820
Zara Larsson;Midnight Sun;2520;-360;0.388;20260820
Robyn;Dancing On My Own;2462;27;0.875;20260820
Jerome Timu;Always will;2406;2406;0.002;20260820
Jax Wilder;Dont Wait Til She's Done;2376;612;0.004;20260820
Bonnie Tyler;Total Eclipse of the Heart;2374;-1580;0.689;20260820
The Goo Goo Dolls;Iris;2317;-655;2.113;20260820
Hermanos Gutiérrez;Los Andes;2303;2303;0.002;20260820
Morgan Wallen;Been By Now;2297;-780;0.103;20260820
Survivor;Eye of the Tiger;2273;1523;2.542;20260820
Bad Bunny;NUEVAYoL;2258;228;1.09;20260820
Lady Gaga;Always Remember Us This Way;2197;-623;9.569;20260820
Madonna;Love Sensation;2178;409;0.123;20260820
Kylie Minogue;Love Sensation;2178;409;0.123;20260820
dolly babe;Pink Blush;2174;33;0.011;20260820
Kimo Sounds;Not for Everyone;2167;143;0.008;20260820
Bob Seger;The Answer's In The Question;2153;2153;0.002;20260820
The Weeknd;The Morning;2132;-217;0.033;20260820
JENNIE;Less than a Lover;2093;-13;0.101;20260820
Coldplay;Viva la Vida;2092;289;7.081;20260820
Jamie Miller;Babydoll;2073;-1790;0.027;20260820
Prospa;Free Your Mind;2062;629;0.124;20260820
Cloonee;Free Your Mind;2062;629;0.124;20260820
David Guetta;Run Run River;2028;-244;0.378;20260820
Alok;Run Run River;2028;-244;0.378;20260820
Stick Figure;Run Run River;2028;-244;0.378;20260820
Tame Impala;Dracula;1985;-616;0.552;20260820
ZZ Top;Sharp Dressed Man;1975;-322;0.064;20260820
Loreen;Nur ein Hund;1949;1154;0.003;20260820
Summer Cem;MO' MONEY MO' HATERS;1933;-429;0.012;20260820
Shirin David;MO' MONEY MO' HATERS;1933;-429;0.012;20260820
DOWN;Blood Oath;1931;1772;0.002;20260820
Benson Boone;Beautiful Things;1906;-576;7.4;20260820
The Killers;Mr. Brightside;1902;492;1.845;20260820
Nickelback;Leave Me Behind;1900;1900;0.002;20260820
James Blunt;Tastes Like Summer;1889;52;0.022;20260820
Alphaville;Forever Young;1880;365;1.359;20260820
Christina Perri;A Thousand Years;1878;175;8.397;20260820
Coldplay;A Sky Full of Stars;1878;524;11.341;20260820
Taylor Swift;The Fate of Ophelia;1877;-120;3.709;20260820
The Irrepressibles;In This Shirt;1806;-310;0.211;20260820
XXXTENTACION;Moonlight;1805;366;0.889;20260820
Beck;Disappearing Act;1774;-1870;0.006;20260820
Martin Garrix;Repeat It;1773;-83;0.124;20260820
Ed Sheeran;Repeat It;1773;-83;0.124;20260820
Dua Lipa;Training Season;1762;-951;1.269;20260820
Michael Jackson;Smooth Criminal;1758;457;0.608;20260820
BTS;NORMAL;1756;879;0.587;20260820
Stray Kids;This & That;1753;-115;0.109;20260820
Topic;Sorry Papi;1746;-1115;0.12;20260820
Becky G;Sorry Papi;1746;-1115;0.12;20260820
Aitch;RMB;1713;917;0.06;20260820
Post Malone;Sunflower;1711;-315;3.594;20260820
Swae Lee;Sunflower;1711;-315;3.594;20260820
Djo;End of Beginning;1685;1205;2.015;20260820
Shaboozey;Cowgirl;1634;467;0.193;20260820
Dusty Rivers;My Mother Was An Angel;1632;-1792;0.036;20260820
King Gnu;GO GHOST;1623;97;0.04;20260820
Aitana;SUPERESTRELLA;1618;-197;0.379;20260820
Michael Jackson;Thriller;1617;718;1.256;20260820
Lady Gaga;Die With A Smile;1609;-211;7.634;20260820
Bruno Mars;Die With A Smile;1609;-211;7.634;20260820
Haruka Aoki;Tsukue Sasuru;1598;-277;0.04;20260820
Bad Bunny;EoO;1582;969;0.249;20260820
Nash Blackwood;Dear Mom;1541;556;0.004;20260820
Don Miguelo;Y Qué Fue;1540;124;0.267;20260820
Spitz;Unknown Thread;1538;0;0.022;20260820
Mauvais Djo;Pilé;1534;-40;0.171;20260820
Dirty Thirty;Festivalwecker;1524;-143;0.097;20260820
Josh Fawaz;Like a Prayer;1524;263;0.559;20260820
Taylor Swift;Opalite;1511;615;2.009;20260820
JAS;Die Jugend hat Angst;1510;-108;0.004;20260820
Zara Larsson;Lush Life;1510;325;2.941;20260820
Crazy Raccoon;Friday Magic;1508;1508;0.002;20260820
nqrse;Friday Magic;1508;1508;0.002;20260820
yuigot;Friday Magic;1508;1508;0.002;20260820
Jasper;Friday Magic;1508;1508;0.002;20260820
VanilLa;Friday Magic;1508;1508;0.002;20260820
UBUGOE;Friday Magic;1508;1508;0.002;20260820
Rutger Van Barneveld;Zwoele Zomernachten;1494;93;0.096;20260820
LOVIXX STOSLIV;dont tell your dreams to everybody;1488;-471;0.027;20260820
ABBA;Dancing Queen;1486;-325;1.184;20260820
Evanescence;Bring Me to Life;1483;274;1.707;20260820
SIENNA SPIRO;Great Expectation;1461;162;0.033;20260820
Mrs. GREEN APPLE;Brand New;1450;0;0.06;20260820
4 Non Blondes;What's Up;1425;479;1.384;20260820
Justen de Wildt;Cheerio;1425;-40;0.186;20260820
G Flip;Bed on Fire;1422;132;0.202;20260820
Hikaru GENJI;Glass no Jyudai;1422;132;0.003;20260820
Jungle;Someday, Somewhere;1403;-231;0.032;20260820
ZZ Top;La Grange;1371;-904;0.129;20260820
Luke Combs;Be By You;1369;-118;0.357;20260820
Elevation Worship;God I'm Just Grateful;1368;-27;0.161;20260820
Chandler Moore;God I'm Just Grateful;1368;-27;0.161;20260820
Hikaru GENJI;Paradise Ginga;1368;198;0.003;20260820
Carly Rae Jepsen;Motivation;1351;1351;0.001;20260820
Oasis;Wonderwall;1344;-214;1.502;20260820
Hikaru GENJI;STAR LIGHT;1341;216;0.002;20260820
Ofenbach;Four To The Floor;1341;-106;0.046;20260820
Starsailor;Four To The Floor;1341;-106;0.046;20260820
Ricchi;Sarà perché ti amo;1333;-1095;1.695;20260820
Poveri;Sarà perché ti amo;1333;-1095;1.695;20260820
Wasureranneyo;Nannmonee;1328;50;0.058;20260820
KAROL G;BbY WOW;1318;-5;0.009;20260820
Judeline;BbY WOW;1318;-5;0.009;20260820
rusowsky;BbY WOW;1318;-5;0.009;20260820
IMP.;PINKY. ni narouyo 2026;1315;-193;0.004;20260820
The Chemical Brothers;Go;1309;296;1.123;20260820
Kimo Sounds;Shadow and light;1306;502;0.005;20260820
SIENNA SPIRO;Material Lover;1290;-150;0.274;20260820
Yuuri;Livin' On A Prayer;1290;-189;0.004;20260820
Steve Lacy;oh yeah;1286;242;0.026;20260820
Cardi B;AH HA;1279;-11;0.042;20260820
Shakira;Waka Waka;1270;716;7.481;20260820
Phil Collins;In the Air Tonight;1266;-442;1.35;20260820
Jahin Music;Your Phone Linging;1257;101;0.378;20260820
Thiago Navarro Music;Bonito, Bonito;1250;537;0.007;20260820
โลโล่ (Lo Lo);My name is Lo Lo;1244;1244;0.001;20260820
EBiDAN Ebisu Gakuen Boys Club;Yes Tokyo;1241;48;0.05;20260820
chotokkyu;Yes Tokyo;1241;48;0.05;20260820
M!LK;Yes Tokyo;1241;48;0.05;20260820
GNJB;Yes Tokyo;1241;48;0.05;20260820
Ariana Grande;petal;1240;-644;0.114;20260820
JASP.ER;Wish;1221;576;0.002;20260820
ATEEZ;BAD;1218;-129;0.127;20260820
The Tragically Hip;Ahead by a Century;1218;1062;0.023;20260820
sakanaction;Yoru No Odoriko;1217;-98;0.175;20260820
Fujifabric;Wakamono No Subete;1193;945;0.085;20260820
LEO;Tenderly;1189;-306;0.003;20260820
LYRICFLOW81;Destino o follia;1184;101;0.004;20260820
Madonna;Danceteria;1178;319;0.174;20260820
Peter Maffay;Ein Leben lang ist nicht lang;1170;-171;0.055;20260820
Johannes Oerding;Ein Leben lang ist nicht lang;1170;-171;0.055;20260820
M!LK;Sukisugite METSU;1170;-47;0.374;20260820
Jerri;The JAWN;1162;343;0.066;20260820
Ado;Monstruo;1154;-134;0.024;20260820
Cameron Whitcomb;Kingdom of Fear;1148;5;0.57;20260820
Steffen Sturm;Coffee to Go;1148;818;0.004;20260820
Hatsuboshi Gakuen;"""listen... I Have to Say It.""";1148;-274;0.004;20260820
Benson Boone;The Time Of My Life;1132;68;0.102;20260820
DOBBY;Dirrpi Yuin Patjulinya;1125;1125;0.001;20260820
Creepy Nuts;Running Wheel;1125;-116;0.003;20260820
Metallica;Enter Sandman;1123;-302;1.708;20260820
Sia;Unstoppable;1123;-737;7.724;20260820
Adele;Rolling In the Deep;1122;907;17.263;20260820
Disney;Zoo;1111;649;0.668;20260820
Shakira;Zoo;1111;649;0.668;20260820
River Cain;Jesus On The Rocks;1104;-211;0.008;20260820
David Guetta;Titanium;1093;857;10.375;20260820
Sia;Titanium;1093;857;10.375;20260820
Metallica;Nothing Else Matters;1088;330;4.547;20260820
Quevedo;LA GRACIOSA;1084;345;0.086;20260820
Elvis Crespo;LA GRACIOSA;1084;345;0.086;20260820
Shakira;Zoo;1083;347;0.695;20260820
IngaRose;Celebrate Me;1072;86;0.48;20260820
ILLIT;It's Me;1065;68;0.181;20260820
Yung Miami;Spend Dat;1062;-42;0.066;20260820
Hachiware(CV:Tanaka Makoto);Kutsuzure;1062;-21;0.033;20260820
Bad Bunny;BAILE INoLVIDABLE;1047;-336;0.576;20260820
Eminem;Lose Yourself;1044;94;3.86;20260820
Usagi(CV:Ozawa Ari);Usagi Rap;1041;114;0.031;20260820
Momonga(CV:Iguchi Yuka);Usagi Rap;1041;114;0.031;20260820
Mermaid(CV:Oki Saeko);Usagi Rap;1041;114;0.031;20260820
Mermaid(CV:Nanase Ayaka);Usagi Rap;1041;114;0.031;20260820
