artista;id_artista
&TEAM;01a02690-0cc1-721d-98dd-5c2c9360681b
-真天地開闢集団-ジグザグ;01a02690-0cc1-721d-98dd-5c2ddf3f31cf
.ENDRECHERI.;01a02690-0cc1-721d-98dd-5c2ee709d51c
10-FEET;01a02690-0cc1-721d-98dd-5c2f27bae49f
1119;01a02690-0cc1-721d-98dd-5c30c419f6b1
1986zig;01a02690-0cc1-721d-98dd-5c3113574d39
20th Century;01a02690-0cc1-721d-98dd-5c326631fa81
2facecapone;01a02690-0cc1-721d-98dd-5c331392bb99
2raumwohnung;01a02690-0cc1-721d-98dd-5c345a08093a
3 Doors Down;01a02690-0cc1-721d-98dd-5c35efa10484
3SKM;01a02690-0cc1-721d-98dd-5c3630da4c32
4 Non Blondes;01a02690-0cc1-721d-98dd-5c37e9c727da
4AMTapes;01a02690-0cc1-721d-98dd-5c3871dabaf9
765 MILLION ALLSTARS;01a02690-0cc1-721d-98dd-5c3905b38dab
9Lana;01a02690-0cc1-721d-98dd-5c3a0b266865
9Lana - 螺旋;01a02690-0cc1-721d-98dd-5c3bf7de9bed
=LOVE;01a02690-0cc1-721d-98dd-5c3cd785af01
@47_kö11sch;01a02690-0cc1-721d-98dd-5c3dcaa9b0ab
A Day to Remember;01a02690-0cc1-721d-98dd-5c3e912f61f8
A$AP Rocky;01a02690-0cc1-721d-98dd-5c3f80a18f03
A*Teens;01a02690-0cc1-721d-98dd-5c4059b23cfd
A.B.C-Z;01a02690-0cc1-721d-98dd-5c41351a7cab
ABARZA RECABAL ERICK YORDAN;01a02690-0cc1-721d-98dd-5c42bf1f2931
ABBA;01a02690-0cc1-721d-98dd-5c436e2cc306
AC/DC;01a02690-0cc1-721d-98dd-5c44e196fb4f
ADELE;01a02690-0cc1-721d-98dd-5c455ad26397
AFROJACK;01a02690-0cc1-721d-98dd-5c4659e6b1f1
AHOF;01a02690-0cc1-721d-98dd-5c4771ed09f2
AI IRIE FM;01a02690-0cc1-721d-98dd-5c4895a7b000
AI MIKAZE(CV.Shouta Aoi);01a02690-0cc1-721d-98dd-5c49a6d3673b
AISHA;01a02690-0cc1-721d-98dd-5c4a16cad224
AK AUSSERKONTROLLE;01a02690-0cc1-721d-98dd-5c4b1ce189e9
AKB48;01a02690-0cc1-721d-98dd-5c4c86586426
ALI;01a02690-0cc1-721d-98dd-5c4df4e88970
ALPHA DRIVE ONE;01a02690-0cc1-721d-98dd-5c4e20a60093
ANDITA;01a02690-0cc1-721d-98dd-5c4f177edf0d
ANOTR;01a02690-0cc1-721d-98dd-5c507d15603a
ARASHI;01a02690-0cc1-721d-98dd-5c511d5d126b
ASTRO DONUTS;01a02690-0cc1-721d-98dd-5c526513cfb3
ATEEZ;01a02690-0cc1-721d-98dd-5c53a036a128
ATP MUSIC;01a02690-0cc1-721d-98dd-5c54f0e717ac
AUDREY NUNA;01a02690-0cc1-721d-98dd-5c552642cd84
AURA;01a02690-0cc1-721d-98dd-5c5648720f36
AVALAN ROKSTON;01a02690-0cc1-721d-98dd-5c574cc86f09
AVEC;01a02690-0cc1-721d-98dd-5c5891bf4541
AYLIVA;01a02690-0cc1-721d-98dd-5c59d07fe023
AZKi;01a02690-0cc1-721d-98dd-5c5abe694a80
Aarne;01a02690-0cc1-721d-98dd-5c5b9618d017
Aaron Lewis;01a02690-0cc1-721d-98dd-5c5c60ec1cb5
Aaron Tveit;01a02690-0cc1-721d-98dd-5c5daecf2621
Aaron Watson;01a02690-0cc1-721d-98dd-5c5e7edb1339
Abdull vocals;01a02690-0cc1-721d-98dd-5c5ffb52558e
Abdurrahman Önül;01a02690-0cc1-721d-98dd-5c60a4179588
Abigail Rose;01a02690-0cc1-721d-98dd-5c61e5646acc
Able Heart;01a02690-0cc1-721d-98dd-5c62b58bd9f1
Ac/Dc;01a02690-0cc1-721d-98dd-5c6316787491
Accept;01a02690-0cc1-721d-98dd-5c6438bcfc77
Accusefive;01a02690-0cc1-721d-98dd-5c654af8b116
Achille Lauro;01a02690-0cc1-721d-98dd-5c667e948453
Adam Lambert;01a02690-0cc1-721d-98dd-5c67d4ef111e
Adam Sanders;01a02690-0cc1-721d-98dd-5c681dbf88d5
Adele;01a02690-0cc1-721d-98dd-5c691ca1d608
Adieu Aru;01a02690-0cc1-721d-98dd-5c6a00808dce
Aditotoro;01a02690-0cc1-721d-98dd-5c6b0b5cc271
Aditya;01a02690-0cc1-721d-98dd-5c6c6bd755bb
Ado;01a02690-0cc1-721d-98dd-5c6d3d84adee
Ae! Group;01a02690-0cc1-721d-98dd-5c6efe11bbc0
Aerosmith;01a02690-0cc1-721d-98dd-5c6f2c3a1bf1
Affirmation Club;01a02690-0cc1-721d-98dd-5c706c571045
Afro Bros;01a02690-0cc1-721d-98dd-5c712e87e49e
Afro House Galaxy;01a02690-0cc1-721d-98dd-5c72dc004b08
Afro-D;01a02690-0cc1-721d-98dd-5c73f90d6191
Afroman;01a02690-0cc1-721d-98dd-5c748f78edda
Afroplugs;01a02690-0cc1-721d-98dd-5c75bbc1e26b
Agust D;01a02690-0cc1-721d-98dd-5c760e2fb2aa
Aidan Martin;01a02690-0cc1-721d-98dd-5c77fce01202
Aijima Cecil;01a02690-0cc1-721d-98dd-5c783c51947a
Aimer;01a02690-0cc1-721d-98dd-5c790092579d
Aimyon;01a02690-0cc1-721d-98dd-5c7a3012c4af
Aina The End;01a02690-0cc1-721d-98dd-5c7b34ed94c1
Aina The End - 革命道中;01a02690-0cc1-721d-98dd-5c7c13fc80bc
Airbourne;01a02690-0cc1-721d-98dd-5c7d9de9ad63
Aisha Ruah;01a02690-0cc1-721d-98dd-5c7e447a583d
Aitana;01a02690-0cc1-721d-98dd-5c7fee646c9f
Aitch;01a02690-0cc1-721d-98dd-5c80a8065d5e
Aiyana-Lee;01a02690-0cc1-721d-98dd-5c81537edd9b
Aka 7even;01a02690-0cc1-721d-98dd-5c824355a6e7
Akagi Wen;01a02690-0cc1-721d-98dd-5c83cdfc5839
Akin kaplan;01a02690-0cc1-721d-98dd-5c84c4dba876
Alan Jackson;01a02690-0cc1-721d-98dd-5c85e841e70c
Alan Walker;01a02690-0cc1-721d-98dd-5c8694facade
Alanis Morissette;01a02690-0cc1-721d-98dd-5c87dd3c5b44
Alba Letycia;01a02690-0cc1-721d-98dd-5c88204ecc84
Albi;01a02690-0cc1-721d-98dd-5c89360bf5e3
Alejandro Fernández;01a02690-0cc1-721d-98dd-5c8a78115c07
Alejandro Sanz;01a02690-0cc1-721d-98dd-5c8b48d33771
Alessandra Amoroso;01a02690-0cc1-721d-98dd-5c8c84baa727
Alessia Cara;01a02690-0cc1-721d-98dd-5c8d38055fa7
Alesso;01a02690-0cc1-721d-98dd-5c8e58009190
Alex Christensen;01a02690-0cc1-721d-98dd-5c8fe7445860
Alex Mills;01a02690-0cc1-721d-98dd-5c902e76859a
Alex Warren;01a02690-0cc1-721d-98dd-5c9125e4a9d1
Alexander Eder;01a02690-0cc1-721d-98dd-5c926cdcf6dc
Alexander Rier;01a02690-0cc1-721d-98dd-5c93f4652b9d
Alexia Jayy;01a02690-0cc1-721d-98dd-5c940fc8c2ab
Alfa;01a02690-0cc1-721d-98dd-5c9530e818e9
Alice Stark;01a02690-0cc1-721d-98dd-5c96f4c56833
Alicia Keys;01a02690-0cc1-721d-98dd-5c977afa16d4
Alissa White-Gluz;01a02690-0cc1-721d-98dd-5c98521f3733
Alix Oder Nix;01a02690-0cc1-721d-98dd-5c99b87b51e8
Alle Farben;01a02690-0cc1-721d-98dd-5c9adbc58965
Alli Neumann;01a02690-0cc1-721d-98dd-5c9b01fe8eea
Allison Russell;01a02690-0cc1-721d-98dd-5c9cfd112eb9
Alma Flamenca Sessions;01a02690-0cc1-721d-98dd-5c9d71add236
Almond Eye (CV: Kaori Ishihara);01a02690-0cc1-721d-98dd-5c9ea65d4396
Alok;01a02690-0cc1-721d-98dd-5c9fb069f0c3
Alphaville;01a02690-0cc1-721d-98dd-5ca03bc26e69
Alter Bridge;01a02690-0cc1-721d-98dd-5ca13a463fdd
Altessimo;01a02690-0cc1-721d-98dd-5ca2f3288014
Amason;01a02690-0cc1-721d-98dd-5ca32869d350
Ambre;01a02690-0cc1-721d-98dd-5ca490df6e31
Amel Bent;01a02690-0cc1-721d-98dd-5ca56d7b1e05
Amon Amarth;01a02690-0cc1-721d-98dd-5ca6cb4b006c
Amy Grant;01a02690-0cc1-721d-98dd-5ca7ef1f4815
Amy Shark;01a02690-0cc1-721d-98dd-5ca8a3467bec
Amy Winehouse;01a02690-0cc1-721d-98dd-5ca930d53ac7
Ana Sky;01a02690-0cc1-721d-98dd-5caa68a05058
Anastacia;01a02690-0cc1-721d-98dd-5cab53efb7a5
Anderson .Paak;01a02690-0cc1-721d-98dd-5cac4aadb466
Andre Schnura;01a02690-0cc1-721d-98dd-5cade54021c7
Andre Troutman;01a02690-0cc1-721d-98dd-5caeb271c9eb
Andrea Berg;01a02690-0cc1-721d-98dd-5cafc51cf435
Andrea Bocelli;01a02690-0cc1-721d-98dd-5cb03da666a1
Andreas Bourani;01a02690-0cc1-721d-98dd-5cb19cff1dea
Andreas Gabalier;01a02690-0cc1-721d-98dd-5cb200812790
Andrew Choi;01a02690-0cc1-721d-98dd-5cb368c3129a
Andrew Watt;01a02690-0cc1-721d-98dd-5cb4dd6ddc45
André Hazes Jr.;01a02690-0cc1-721d-98dd-5cb55c65e5d4
Andy Grammer;01a02690-0cc1-721d-98dd-5cb6a813bac6
Ane Brun;01a02690-0cc1-721d-98dd-5cb73825de46
Angelina Mango;01a02690-0cc1-721d-98dd-5cb8cc7dd172
Angus;01a02690-0cc1-721d-98dd-5cb98f45a2ea
Angèle;01a02690-0cc1-721d-98dd-5cba02f2cd9c
Angélique Kidjo;01a02690-0cc1-721d-98dd-5cbb523add9b
Anirudh Ravichander;01a02690-0cc1-721d-98dd-5cbc3048a3d3
Anita Ward;01a02690-0cc1-721d-98dd-5cbdb8bcddbf
Anitta;01a02690-0cc1-721d-98dd-5cbe36ece9ba
Ankara Echoes;01a02690-0cc1-721d-98dd-5cbf5665b875
Anna-Maria Zimmermann;01a02690-0cc1-721d-98dd-5cc01396ebbc
Annalisa;01a02690-0cc1-721d-98dd-5cc17985fc6b
Anne Mosters;01a02690-0cc1-721d-98dd-5cc2da20e35b
AnnenMayKantereit;01a02690-0cc1-721d-98dd-5cc3e4362f91
Anstandslos;01a02690-0cc1-721d-98dd-5cc493cf6208
Anthony Callea;01a02690-0cc1-721d-98dd-5cc565dafee1
Anthony Hopkins;01a02690-0cc1-721d-98dd-5cc6a4b6bd16
Anthony Vincent;01a02690-0cc1-721d-98dd-5cc71f0de5dc
Anthrax;01a02690-0cc1-721d-98dd-5cc8509ffa76
Antigoni;01a02690-0cc1-721d-98dd-5cc9b05c58e8
Antonello Venditti;01a02690-0cc1-721d-98dd-5ccaca8c806d
Antonio Banderas;01a02690-0cc1-721d-98dd-5ccb4daf9103
Anuradha Paudwal;01a02690-0cc1-721d-98dd-5ccc017d538f
Anyma;01a02690-0cc1-721d-98dd-5ccd7f4e5099
Aooo;01a02690-0cc1-721d-98dd-5cce85ec5a10
Apache 207;01a02690-0cc1-721d-98dd-5ccffb5da326
Apink;01a02690-0cc1-721d-98dd-5cd08b154a6e
Apotika Bali;01a02690-0cc1-721d-98dd-5cd11698a90f
Appleton;01a02690-0cc1-721d-98dd-5cd21bea13fb
Aqu3ra;01a02690-0cc1-721d-98dd-5cd3b33c0b47
Aqua;01a02690-0cc1-721d-98dd-5cd4a713dbde
Aqua Timez;01a02690-0cc1-721d-98dd-5cd5148a2113
Aquagen;01a02690-0cc1-721d-98dd-5cd6e928b146
Arash;01a02690-0cc1-721d-98dd-5cd78e832754
Arc System Works;01a02690-0cc1-721d-98dd-5cd8c1b7d0ed
Arcadia;01a02690-0cc1-721d-98dd-5cd92155cd52
Arch Enemy;01a02690-0cc1-721d-98dd-5cda8faaa946
Archer Marsh;01a02690-0cc1-721d-98dd-5cdb95680177
Archive;01a02690-0cc1-721d-98dd-5cdcc0ae5a44
Arctic Monkeys;01a02690-0cc1-721d-98dd-5cddd4d0a5cb
Argy;01a02690-0cc1-721d-98dd-5cdef488a184
Aria Blu;01a02690-0cc1-721d-98dd-5cdf39d227b1
Ariana Grande;01a02690-0cc1-721d-98dd-5ce07bc0e373
Arijit Singh;01a02690-0cc1-721d-98dd-5ce1117222e5
Arisa;01a02690-0cc1-721d-98dd-5ce216f96481
Armaan Khan;01a02690-0cc1-721d-98dd-5ce37d1cbebc
Armin van Buuren;01a02690-0cc1-721d-98dd-5ce459d815a8
Arooj Aftab;01a02690-0cc1-721d-98dd-5ce5fac8cff0
Ashley Cooke;01a02690-0cc1-721d-98dd-5ce6ed2d549a
Ashley McBryde;01a02690-0cc1-721d-98dd-5ce743bd3878
Ashley Monroe;01a02690-0cc1-721d-98dd-5ce89de34893
Ashnikko;01a02690-0cc1-721d-98dd-5ce96a866078
Asia;01a02690-0cc1-721d-98dd-5cea6d859529
Asian Kung-Fu Generation;01a02690-0cc1-721d-98dd-5ceb3b7ca8e1
Astra Gold;01a02690-0cc1-721d-98dd-5cecd9a68b29
At The Gates;01a02690-0cc1-721d-98dd-5ced8ecbbee5
Ati242;01a02690-0cc1-721d-98dd-5cee1a308299
Atreyu;01a02690-0cc1-721d-98dd-5cef409a727a
August Burns Red;01a02690-0cc1-721d-98dd-5cf0728ad835
Aurélie Simon;01a02690-0cc1-721d-98dd-5cf1477a316b
Australian Idol;01a02690-0cc1-721d-98dd-5cf2fa185c05
Ava Max;01a02690-0cc1-721d-98dd-5cf3c9ff7a0c
Avalan;01a02690-0cc1-721d-98dd-5cf440dc5d5c
Avicii;01a02690-0cc1-721d-98dd-5cf50131c86d
Avril Lavigne;01a02690-0cc1-721d-98dd-5cf64f7f4b84
Axel Rudi Pell;01a02690-0cc1-721d-98dd-5cf7da48e710
Axel Wilder;01a02690-0cc1-721d-98dd-5cf83e4e66c9
Axwell;01a02690-0cc1-721d-98dd-5cf9bb1ced73
Axxima;01a02690-0cc1-721d-98dd-5cfafebd7411
Ayaka Sasaki;01a02690-0cc1-721d-98dd-5cfb0bab4ad5
Ayra Starr;01a02690-0cc1-721d-98dd-5cfcbec025c4
Azteck;01a02690-0cc1-721d-98dd-5cfdfc8d08fd
Aぇ! group;01a02690-0cc1-721d-98dd-5cfe5dd3218c
B'z;01a02690-0cc1-721d-98dd-5cffd1ac97e6
B2K;01a02690-0cc1-721d-98dd-5d008169a046
BABYMONSTER;01a02690-0cc1-721d-98dd-5d013b14ba1f
BAND-MAID;01a02690-0cc1-721d-98dd-5d022a494e5d
BE:FIRST;01a02690-0cc1-721d-98dd-5d03bf8d5145
BEARWOLF;01a02690-0cc1-721d-98dd-5d04194bd3fe
BELA;01a02690-0cc1-721d-98dd-5d05249636bd
BENNETT;01a02690-0cc1-721d-98dd-5d06280968ef
BENZATO;01a02690-0cc1-721d-98dd-5d07984686ff
BEYOOOOONDS;01a02690-0cc1-721d-98dd-5d087cec0e4a
BIALYSTOCKS;01a02690-0cc1-721d-98dd-5d095a545da4
BIBI;01a02690-0cc1-721d-98dd-5d0a4639ea9e
BIBIZA;01a02690-0cc1-721d-98dd-5d0b87a23cae
BIG KAY SMG;01a02690-0cc1-721d-98dd-5d0c8a8ca0c0
BIG TIM & Bell Book;01a02690-0cc1-721d-98dd-5d0d32ddd2cf
BIGBANG;01a02690-0cc1-721d-98dd-5d0e20ad0b94
BILLA JOE;01a02690-0cc1-721d-98dd-5d0fa2445ba6
BINI;01a02690-0cc1-721d-98dd-5d1019ac837c
BLACKPINK;01a02690-0cc1-721d-98dd-5d1160b67343
BLANCO;01a02690-0cc1-721d-98dd-5d1291c6af30
BLOK3;01a02690-0cc1-721d-98dd-5d13caf8f3de
BLUE PONGTIWAT;01a02690-0cc1-721d-98dd-5d142adb879d
BMSG ALLSTARS;01a02690-0cc1-721d-98dd-5d15d6b228fd
BMSG STRIKERS;01a02690-0cc1-721d-98dd-5d16679b3ff3
BOWKYLION;01a02690-0cc1-721d-98dd-5d1792ba73b7
BOYNEXTDOOR;01a02690-0cc1-721d-98dd-5d18d7ecf93b
BTOB;01a02690-0cc1-721d-98dd-5d19bdfe6f2e
BTS;01a02690-0cc1-721d-98dd-5d1a7adf4a21
BUNT.;01a02690-0cc1-721d-98dd-5d1b50e7e8a6
BURNIN' BRIDGES Ai Music;01a02690-0cc1-721d-98dd-5d1c5ef1f0b5
BURNOUT SYNDROMES;01a02690-0cc1-721d-98dd-5d1d4042b47e
BUS;01a02690-0cc1-721d-98dd-5d1efb539c4d
Babu Singh Maan - Dhurandhar;01a02690-0cc1-721d-98dd-5d1f9dc00ebf
Baby K;01a02690-0cc1-721d-98dd-5d203ca142fd
Baccara;01a02690-0cc1-721d-98dd-5d21feddcd94
Bachelor Girl;01a02690-0cc1-721d-98dd-5d22bb1f14aa
Backstreet Boys;01a02690-0cc1-721d-98dd-5d23e588ba4e
Bad Bunny;01a02690-0cc1-721d-98dd-5d2411a2f846
Bad Style;01a02690-0cc1-721d-98dd-5d256625a634
Baggh-E SMG;01a02690-0cc1-721d-98dd-5d26b982f133
Bailey Zimmerman;01a02690-0cc1-721d-98dd-5d27a5a41120
Ball Park Music;01a02690-0cc1-721d-98dd-5d2884b2c3ba
Baltic House Orchestra;01a02690-0cc1-721d-98dd-5d29a9887764
Bambole Di Pezza;01a02690-0cc1-721d-98dd-5d2ac36535a1
Bananarama;01a02690-0cc1-721d-98dd-5d2baea21ffc
Bankzitters;01a02690-0cc1-721d-98dd-5d2c031bfcf8
Bappi Lahiri;01a02690-0cc1-721d-98dd-5d2d8872b1f1
Barbara Pravi;01a02690-0cc1-721d-98dd-5d2eecc708a5
Barbie;01a02690-0cc1-721d-98dd-5d2fe763742d
Barbra Streisand;01a02690-0cc1-721d-98dd-5d30b78fe201
Bastille;01a02690-0cc1-721d-98dd-5d31b86a4b99
Bausa;01a02690-0cc1-721d-98dd-5d3212d8ebef
Beartooth;01a02690-0cc1-721d-98dd-5d33c8fbeb0e
BearyTunes;01a02690-0cc1-721d-98dd-5d34024b3506
Beatrice Egli;01a02690-0cc1-721d-98dd-5d3501b8d9f3
Bebe Rexha;01a02690-0cc1-721d-98dd-5d36aed24b7c
Beck;01a02690-0cc1-721d-98dd-5d37545e61c1
Becky G;01a02690-0cc1-721d-98dd-5d3812db9ff8
Becky Hill;01a02690-0cc1-721d-98dd-5d393fb8ff7e
Becky Rebecca;01a02690-0cc1-721d-98dd-5d3a5b58a6cd
Believe (CV: Misaki Akiyama);01a02690-0cc1-721d-98dd-5d3b30136d76
Bella Kay;01a02690-0cc1-721d-98dd-5d3cc8099317
Belles;01a02690-0cc1-721d-98dd-5d3d0669e3ef
Ben Zucker;01a02690-0cc1-721d-98dd-5d3ea05522b8
Benetti House Bar;01a02690-0cc1-721d-98dd-5d3f8e4ea66e
Benjamin Pajak;01a02690-0cc1-721d-98dd-5d40cf914b4b
Benny Rivers;01a02690-0cc1-721d-98dd-5d418adf8b85
Benny Rivers Sounds;01a02690-0cc1-721d-98dd-5d4248550be0
Benson Boone;01a02690-0cc1-721d-98dd-5d43731b3b9c
Bernhard Brink;01a02690-0cc1-721d-98dd-5d44ac5bcbbe
Bernhard Schäfer;01a02690-0cc1-721d-98dd-5d451aa32286
Beyoncé;01a02690-0cc1-721d-98dd-5d46bb28bbbc
Beéle;01a02690-0cc1-721d-98dd-5d47aa55e487
Biagio Antonacci;01a02690-0cc1-721d-98dd-5d48c953da86
Big Baby Tape;01a02690-0cc1-721d-98dd-5d49f4771560
Bikini Bottom Band;01a02690-0cc1-721d-98dd-5d4a309b743a
Bill Withers;01a02690-0cc1-721d-98dd-5d4b5e070e37
Billie Eilish;01a02690-0cc1-721d-98dd-5d4c8e9ef2a3
Billy Bragg;01a02690-0cc1-721d-98dd-5d4d31501bf7
Billy Dans;01a02690-0cc1-721d-98dd-5d4ecd475b79
Billy Idol;01a02690-0cc1-721d-98dd-5d4ff251ea23
Billy Lockett;01a02690-0cc1-721d-98dd-5d509ae80383
Billy Ray Cyrus;01a02690-0cc1-721d-98dd-5d5180302095
Billy Strings;01a02690-0cc1-721d-98dd-5d52a6321603
Bilmuri;01a02690-0cc1-721d-98dd-5d536103ed66
Bino Rideaux;01a02690-0cc1-721d-98dd-5d549185a61e
Bishop Briggs;01a02690-0cc1-721d-98dd-5d55e487e9fe
Bizarrap;01a02690-0cc1-721d-98dd-5d560f543f40
Björk;01a02690-0cc1-721d-98dd-5d576b673c5b
Björn Skifs;01a02690-0cc1-721d-98dd-5d585e0e354b
Black Label Society;01a02690-0cc1-721d-98dd-5d59647ae7a8
Black Sabbath;01a02690-0cc1-721d-98dd-5d5aec203be8
Black Veil Brides;01a02690-0cc1-721d-98dd-5d5bb65fc16d
Blackstreet;01a02690-0cc1-721d-98dd-5d5ca4338fe6
Blake Shelton;01a02690-0cc1-721d-98dd-5d5d3c1cb651
Blake Whiten;01a02690-0cc1-721d-98dd-5d5e596d6b4f
Blank;01a02690-0cc1-721d-98dd-5d5fef3ec067
Blast Onepiece (CV: Azusa Shizuki);01a02690-0cc1-721d-98dd-5d6055066f8c
Blasterjaxx;01a02690-0cc1-721d-98dd-5d6174b32be8
Bleachers;01a02690-0cc1-721d-98dd-5d62a1238b98
Bleu Soleil;01a02690-0cc1-721d-98dd-5d63316567cb
Blink-182;01a02690-0cc1-721d-98dd-5d64d88ea2d1
Bloc Party;01a02690-0cc1-721d-98dd-5d65e98861a4
Blondee;01a02690-0cc1-721d-98dd-5d665660b3f7
Blood;01a02690-0cc1-721d-98dd-5d67d46e4f00
Blooz Room;01a02690-0cc1-721d-98dd-5d6854d9a847
Blu Monroe;01a02690-0cc1-721d-98dd-5d69baf00312
Blue Medusa;01a02690-0cc1-721d-98dd-5d6a13ae7b8d
Blue Swede;01a02690-0cc1-721d-98dd-5d6b49335246
Bluey;01a02690-0cc1-721d-98dd-5d6c6c4a2c6f
Blumengarten;01a02690-0cc1-721d-98dd-5d6d03760a97
Blümchen;01a02690-0cc1-721d-98dd-5d6e5c8fbbdb
Bob Dominator;01a02690-0cc1-721d-98dd-5d6fc558e017
Bob Dylan;01a02690-0cc1-721d-98dd-5d704699134a
Bob Marley;01a02690-0cc1-721d-98dd-5d716b7e78e1
Bob Seger;01a02690-0cc1-721d-98dd-5d728e222b5c
Bob Sinclar;01a02690-0cc1-721d-98dd-5d73cdbdd328
Bodhi;01a02690-0cc1-721d-98dd-5d74f69b38ef
Boki;01a02690-0cc1-721d-98dd-5d75c62bb3ff
Bombay Rockers;01a02690-0cc1-721d-98dd-5d767911565a
Bon Entendeur;01a02690-0cc1-721d-98dd-5d7753e9796b
Bon Iver;01a02690-0cc1-721d-98dd-5d781a04c5c0
Bon Jovi;01a02690-0cc1-721d-98dd-5d79540171bb
Bonbon;01a02690-0cc1-721d-98dd-5d7a870677c5
Boney M.;01a02690-0cc1-721d-98dd-5d7bec4fbbdd
Bonez MC;01a02690-0cc1-721d-98dd-5d7cf8ae86f2
Bonn;01a02690-0cc1-721d-98dd-5d7d650dffcf
Bonnie Pattraphus;01a02690-0cc1-721d-98dd-5d7e1933a55f
Bonnie Tyler;01a02690-0cc1-721d-98dd-5d7f9ce8497b
Bonobo;01a02690-0cc1-721d-98dd-5d80194e731c
Booba;01a02690-0cc1-721d-98dd-5d812a9c3635
Boogie Heights;01a02690-0cc1-721d-98dd-5d8284bebd0e
Boris Brejcha;01a02690-0cc1-721d-98dd-5d838a16356a
Bosse;01a02690-0cc1-721d-98dd-5d847eacad71
Boston;01a02690-0cc1-721d-98dd-5d85a442ab81
Bountyhunter;01a02690-0cc1-721d-98dd-5d86cfcde9ac
Boy Meets Girl;01a02690-0cc1-721d-98dd-5d870f58b8b8
Boyz II Men;01a02690-0cc1-721d-98dd-5d88ebe1894b
Boyzlife;01a02690-0cc1-721d-98dd-5d896fa60d09
Boyzone;01a02690-0cc1-721d-98dd-5d8a7d44e2a7
Brace;01a02690-0cc1-721d-98dd-5d8b8b28ca31
Bradley Cooper;01a02690-0cc1-721d-98dd-5d8cf70647e6
Brandon Flowers;01a02690-0cc1-721d-98dd-5d8d498803d1
Brandon Lake;01a02690-0cc1-721d-98dd-5d8e7c57097a
Brantley Gilbert;01a02690-0cc1-721d-98dd-5d8f01387fc3
Brawl Stars;01a02690-0cc1-721d-98dd-5d9059889d7c
Bread;01a02690-0cc1-721d-98dd-5d91707fc4c0
Breaking Rust;01a02690-0cc1-721d-98dd-5d92434eb0cf
Breitner;01a02690-0cc1-721d-98dd-5d93955b7230
Brian Dunphy;01a02690-0cc2-7141-b12f-2edd1305d116
Brian May;01a02690-0cc2-7141-b12f-2ede32b880d7
Brian McKnight;01a02690-0cc2-7141-b12f-2edfc90a3c51
Brian Tyler;01a02690-0cc2-7141-b12f-2ee0063522bb
Brieanna Grace;01a02690-0cc2-7141-b12f-2ee1866a59e7
Bring Me The Horizon;01a02690-0cc2-7141-b12f-2ee258e595ed
Britney Spears;01a02690-0cc2-7141-b12f-2ee3bbd4f3d0
Brittany Aldean;01a02690-0cc2-7141-b12f-2ee400843a46
Brittney Slayes;01a02690-0cc2-7141-b12f-2ee5172beb6c
Brody Grant;01a02690-0cc2-7141-b12f-2ee6036581c2
Broers;01a02690-0cc2-7141-b12f-2ee7172f4a06
Broken Social Scene;01a02690-0cc2-7141-b12f-2ee8114ca715
Broken Trails;01a02690-0cc2-7141-b12f-2ee948289a10
Bronski Beat;01a02690-0cc2-7141-b12f-2eea07aa8354
Brooke Combe;01a02690-0cc2-7141-b12f-2eeb3860680d
Brooks;01a02690-0cc2-7141-b12f-2eec5f39ca3f
Brother Joe;01a02690-0cc2-7141-b12f-2eed978fa3cc
Bruce Fowler;01a02690-0cc2-7141-b12f-2eee651b10cf
Bruce Springsteen;01a02690-0cc2-7141-b12f-2eef58ce80bc
Bruno Mars;01a02690-0cc2-7141-b12f-2ef02528de63
Bryan Adams;01a02690-0cc2-7141-b12f-2ef147251402
Bu Cai;01a02690-0cc2-7141-b12f-2ef2d8b36426
Bud Ross and The Asylum;01a02690-0cc2-7141-b12f-2ef30329fc1d
Budjerah;01a02690-0cc2-7141-b12f-2ef40d022700
Buena Vista (CV: Fuka Izumi);01a02690-0cc2-7141-b12f-2ef59d6477bd
Buffalo Springfield;01a02690-0cc2-7141-b12f-2ef6d858eda1
Buffalo Traffic Jam;01a02690-0cc2-7141-b12f-2ef7f672af86
Buju Banton;01a02690-0cc2-7141-b12f-2ef846bc7267
Burna Boy;01a02690-0cc2-7141-b12f-2ef9482717e9
Bushido;01a02690-0cc2-7141-b12f-2efa01347715
Busta Rhymes;01a02690-0cc2-7141-b12f-2efbecfd39c6
By the Beat;01a02690-0cc2-7141-b12f-2efc0ab13a06
By Индия;01a02690-0cc2-7141-b12f-2efd784042b6
Bülent Ceylan;01a02690-0cc2-7141-b12f-2efeb26044b0
B小町 ルビー(CV:伊駒ゆりえ)、有馬かな(CV:潘めぐみ)、MEMちょ(CV:大久保瑠美);01a02690-0cc2-7141-b12f-2eff329bbedf
C-Block;01a02690-0cc2-7141-b12f-2f00379ef2d4
C.FIRST;01a02690-0cc2-7141-b12f-2f01a9b42506
CAMUS(CV.Tomoaki Maeno);01a02690-0cc2-7141-b12f-2f02a840c216
CANDY TUNE;01a02690-0cc2-7141-b12f-2f03b7e3b62a
CHA Eun-woo;01a02690-0cc2-7141-b12f-2f04c91f75f8
CHARLOTTE AUSTIN;01a02690-0cc2-7141-b12f-2f05c551549b
CHESS 2025 Broadway Company;01a02690-0cc2-7141-b12f-2f0656beda49
CHOIR VERSION;01a02690-0cc2-7141-b12f-2f0714018696
CHONDE STUDIOS;01a02690-0cc2-7141-b12f-2f08021eebfa
CKay;01a02690-0cc2-7141-b12f-2f0962b7b73a
CNBLUE;01a02690-0cc2-7141-b12f-2f0a05375421
CORAY;01a02690-0cc2-7141-b12f-2f0b6d8221bd
CORTIS;01a02690-0cc2-7141-b12f-2f0cf720b3d9
COSMÓ;01a02690-0cc2-7141-b12f-2f0d837d7785
COUNTRY;01a02690-0cc2-7141-b12f-2f0e60a465fd
CTID;01a02690-0cc2-7141-b12f-2f0f5b1e1cd2
CUTIE STREET;01a02690-0cc2-7141-b12f-2f108374873d
CZARFACE;01a02690-0cc2-7141-b12f-2f116c71e4a1
Café del mundo;01a02690-0cc2-7141-b12f-2f120b16571c
Cailin Russo;01a02690-0cc2-7141-b12f-2f133049ece4
Cain Walker;01a02690-0cc2-7141-b12f-2f1482fc68cd
Calem OG;01a02690-0cc2-7141-b12f-2f15679c1a84
Calen Ward;01a02690-0cc2-7141-b12f-2f16e5024c43
Calstone Light O (CV: Yumiko Mochizuki);01a02690-0cc2-7141-b12f-2f172666acaf
Calum Scott;01a02690-0cc2-7141-b12f-2f1883573743
Calvin Harris;01a02690-0cc2-7141-b12f-2f199d1de787
Calvin Kleinen;01a02690-0cc2-7141-b12f-2f1a763e1031
Cameron Whitcomb;01a02690-0cc2-7141-b12f-2f1b2082039e
Camille Lellouche;01a02690-0cc2-7141-b12f-2f1c62a7d09a
Camille Marceau;01a02690-0cc2-7141-b12f-2f1d9dc558d7
Cammy Barnes;01a02690-0cc2-7141-b12f-2f1e51c44487
Candi Staton;01a02690-0cc2-7141-b12f-2f1f224a792d
Candice;01a02690-0cc2-7141-b12f-2f20ac2d93a4
Candle;01a02690-0cc2-7141-b12f-2f2125b3653b
Cannons;01a02690-0cc2-7141-b12f-2f228a730b9d
Capital Bra;01a02690-0cc2-7141-b12f-2f234f66b339
Cardi B;01a02690-0cc2-7141-b12f-2f2463dfb9b6
Carla;01a02690-0cc2-7141-b12f-2f2539fa9053
Carlos Rivera;01a02690-0cc2-7141-b12f-2f26e7d9d6dd
Carly Pearce;01a02690-0cc2-7141-b12f-2f2796fb7418
Carly Rae Jepsen;01a02690-0cc2-7141-b12f-2f2889ee0c13
Carly Simon;01a02690-0cc2-7141-b12f-2f298cf97d68
Carmelo Travia;01a02690-0cc2-7141-b12f-2f2a039cc57b
Caro Fux;01a02690-0cc2-7141-b12f-2f2b6cd87301
Carte Blanq;01a02690-0cc2-7141-b12f-2f2c747bc85c
Carter Faith;01a02690-0cc2-7141-b12f-2f2df26f77ea
Carín León;01a02690-0cc2-7141-b12f-2f2e8dc71acf
Cascada;01a02690-0cc2-7141-b12f-2f2fcb0fc68d
Casey Lowery;01a02690-0cc2-7141-b12f-2f304e44acd3
Cat Stevens;01a02690-0cc2-7141-b12f-2f31c859dfdf
CeCe Winans;01a02690-0cc2-7141-b12f-2f32ab80a3f1
Celal Karatüre;01a02690-0cc2-7141-b12f-2f337c2bcac9
Cellar Kid;01a02690-0cc2-7141-b12f-2f346377f17c
Cepeda;01a02690-0cc2-7141-b12f-2f35c208b3ab
Cha Eun-Woo;01a02690-0cc2-7141-b12f-2f36f9ce2e2b
Chaka Khan;01a02690-0cc2-7141-b12f-2f37236eba02
Chandler Moore;01a02690-0cc2-7141-b12f-2f38ea40f851
Chani Nattan;01a02690-0cc2-7141-b12f-2f39244ed79b
Chanmina;01a02690-0cc2-7141-b12f-2f3aaa25cc0d
Chanyeol;01a02690-0cc2-7141-b12f-2f3ba9a3c925
Chappell Roan;01a02690-0cc2-7141-b12f-2f3c59d45df3
Chapter 7;01a02690-0cc2-7141-b12f-2f3d3336d2c1
Charanjit Ahuja;01a02690-0cc2-7141-b12f-2f3ee7aa41dd
Charles Aznavour;01a02690-0cc2-7141-b12f-2f3faab2f05f
Charles Doré;01a02690-0cc2-7141-b12f-2f400291ec9e
Charli xcx;01a02690-0cc2-7141-b12f-2f41ee3a4d24
Charlie Puth;01a02690-0cc2-7141-b12f-2f42916a4d67
Charlie Reece;01a02690-0cc2-7141-b12f-2f432b3d0a80
Charlotte Cardin;01a02690-0cc2-7141-b12f-2f44d88ee04d
Chase;01a02690-0cc2-7141-b12f-2f45e0e31338
Chase Matthew;01a02690-0cc2-7141-b12f-2f46abe41739
Chayanne;01a02690-0cc2-7141-b12f-2f47fe5c36c2
Chelsea Wolfe;01a02690-0cc2-7141-b12f-2f4862021162
Chencho Corleone;01a02690-0cc2-7141-b12f-2f49a417b3cd
Chevon;01a02690-0cc2-7141-b12f-2f4aa1f98ff1
Chez Kane;01a02690-0cc2-7141-b12f-2f4b109bb7ad
Chiara Oliver;01a02690-0cc2-7141-b12f-2f4cd048b917
Chicago;01a02690-0cc2-7141-b12f-2f4d5bcf637e
Chicane;01a02690-0cc2-7141-b12f-2f4ed1a94455
Chill77;01a02690-0cc2-7141-b12f-2f4fac63c430
China Kuramoto;01a02690-0cc2-7141-b12f-2f5005a42574
China Styles;01a02690-0cc2-7141-b12f-2f51282614ed
Chintu;01a02690-0cc2-7141-b12f-2f52a0ee7906
Chitose Senri(CV:Jun Osuka);01a02690-0cc2-7141-b12f-2f53a05ae64b
Chris Brown;01a02690-0cc2-7141-b12f-2f54c06c8c91
Chris Isaak;01a02690-0cc2-7141-b12f-2f55c15e2d17
Chris Lake;01a02690-0cc2-7141-b12f-2f56793081d4
Chris Norman;01a02690-0cc2-7141-b12f-2f57159f2525
Chris Stapleton;01a02690-0cc2-7141-b12f-2f58f2ef3f3d
Chris Webby;01a02690-0cc2-7141-b12f-2f59bdb9d4e3
Chris mercy;01a02690-0cc2-7141-b12f-2f5aec8b2c9b
Chrissy Meechan;01a02690-0cc2-7141-b12f-2f5b8f9b2fbb
Chrissyjeey;01a02690-0cc2-7141-b12f-2f5cf5de3b13
Christian Steiffen;01a02690-0cc2-7141-b12f-2f5df5882e57
Christina Milian;01a02690-0cc2-7141-b12f-2f5ef426b98d
Christina Perri;01a02690-0cc2-7141-b12f-2f5f9933a382
Christophe Maé;01a02690-0cc2-7141-b12f-2f60095363b7
Christopher Cross;01a02690-0cc2-7141-b12f-2f61b6af18d8
ChroNoiR;01a02690-0cc2-7141-b12f-2f62516b521b
Cigarettes @ Sunset;01a02690-0cc2-7141-b12f-2f63c819ad6e
Cinder Well;01a02690-0cc2-7141-b12f-2f6424960b4c
Clannad;01a02690-0cc2-7141-b12f-2f658b0620f6
Clara.H.;01a02690-0cc2-7141-b12f-2f661a02901b
Claudia Jung;01a02690-0cc2-7141-b12f-2f6701c96e70
Clementine Douglas;01a02690-0cc2-7141-b12f-2f68318d39c3
Cloonee;01a02690-0cc2-7141-b12f-2f69892ecc51
Clueso;01a02690-0cc2-7141-b12f-2f6a53443c64
Cody Johnson;01a02690-0cc2-7141-b12f-2f6b7f95aa3e
Cody Parks and The Dirty South;01a02690-0cc2-7141-b12f-2f6c18373f54
Cody Simpson;01a02690-0cc2-7141-b12f-2f6d3427ff63
Cokito Deep;01a02690-0cc2-7141-b12f-2f6e82f49de4
Coldplay;01a02690-0cc2-7141-b12f-2f6f1729aae9
Cole Swindell;01a02690-0cc2-7141-b12f-2f706f9ac91b
Conan Gray;01a02690-0cc2-7141-b12f-2f71c800795f
Concrete Blonde;01a02690-0cc2-7141-b12f-2f72bc47ae1e
Connor Skinner;01a02690-0cc2-7141-b12f-2f7347eafdb6
Conrad Taylor;01a02690-0cc2-7141-b12f-2f74c834d5e1
Converge;01a02690-0cc2-7141-b12f-2f75a9c05d9c
Coolio;01a02690-0cc2-7141-b12f-2f764ffa7b0b
Cooper Alan;01a02690-0cc2-7141-b12f-2f7749d051ba
Corey Kent;01a02690-0cc2-7141-b12f-2f7891db88ee
Corinne Bailey Rae;01a02690-0cc2-7141-b12f-2f79b58df2b4
Coro de la Comunitat Valenciana;01a02690-0cc2-7141-b12f-2f7ad741d301
Corrosion of Conformity;01a02690-0cc2-7141-b12f-2f7bf8862d13
CortexUS;01a02690-0cc2-7141-b12f-2f7c71138abb
Cory Asbury;01a02690-0cc2-7141-b12f-2f7da4a4a1ac
Cory Larson;01a02690-0cc2-7141-b12f-2f7e6c7d2e98
County Line Glow;01a02690-0cc2-7141-b12f-2f7f60362958
Courtney Barnett;01a02690-0cc2-7141-b12f-2f807d5c6611
CoverSideMusic;01a02690-0cc2-7141-b12f-2f81966b741d
Cowboys and Indie;01a02690-0cc2-7141-b12f-2f822ddb66ed
Crash Adams;01a02690-0cc2-7141-b12f-2f83a1824a1f
Crazy Raccoon;01a02690-0cc2-7141-b12f-2f84405e646f
Creedence Clearwater Revival;01a02690-0cc2-7141-b12f-2f8591ad4c90
Creepy Nuts;01a02690-0cc2-7141-b12f-2f86832c9d46
Cristina Lora;01a02690-0cc2-7141-b12f-2f8703761099
Crofts;01a02690-0cc2-7141-b12f-2f8851c7c520
Crowded House;01a02690-0cc2-7141-b12f-2f89d9128ceb
Crowder;01a02690-0cc2-7141-b12f-2f8a32d0d252
Crush;01a02690-0cc2-7141-b12f-2f8b58154d3e
CubaAusLibre;01a02690-0cc2-7141-b12f-2f8ce88719f4
Culture Club;01a02690-0cc2-7141-b12f-2f8d63f2139d
Cyndi Lauper;01a02690-0cc2-7141-b12f-2f8e9386813a
Cyril;01a02690-0cc2-7141-b12f-2f8f05924fa7
Céline Dion;01a02690-0cc2-7141-b12f-2f90963ad722
D.O.D;01a02690-0cc2-7141-b12f-2f91aa36c16f
D12;01a02690-0cc2-7141-b12f-2f9250ab1b08
DANNA;01a02690-0cc2-7141-b12f-2f93cad5d9fd
DAZBEE;01a02690-0cc2-7141-b12f-2f94ccf1a137
DDRMondbasis;01a02690-0cc2-7141-b12f-2f955980a7d4
DELIA;01a02690-0cc2-7141-b12f-2f96d991fd1d
DHENYS R J;01a02690-0cc2-7141-b12f-2f977b0fb3c0
DJ BoBo;01a02690-0cc2-7141-b12f-2f98e3ff9f06
DJ BoerBeats;01a02690-0cc2-7141-b12f-2f9922937b03
DJ Brit Bangers;01a02690-0cc2-7141-b12f-2f9a3054d622
DJ Chris Bernard;01a02690-0cc2-7141-b12f-2f9b34a686af
DJ EVERIC;01a02690-0cc2-7141-b12f-2f9c8a2210af
DJ Fabi Fiesta;01a02690-0cc2-7141-b12f-2f9d7182fe03
DJ Goja;01a02690-0cc2-7141-b12f-2f9e35021712
DJ Honda;01a02690-0cc2-7141-b12f-2f9f31ecef6a
DJ Koko;01a02690-0cc2-7141-b12f-2fa0389a8a4b
DJ Konik;01a02690-0cc2-7141-b12f-2fa1dfca62a8
DJ Kryos;01a02690-0cc2-7141-b12f-2fa29fd2962d
DJ Ramazotti;01a02690-0cc2-7141-b12f-2fa39e2028ab
DJ Rankin;01a02690-0cc2-7141-b12f-2fa40081edab
DJ Shadow;01a02690-0cc2-7141-b12f-2fa57a74086a
DJ Snake;01a02690-0cc2-7141-b12f-2fa6a2ef2c93
DJ Ötzi;01a02690-0cc2-7141-b12f-2fa7c0efc1a8
DJ-PTG;01a02690-0cc2-7141-b12f-2fa8d82d8042
DJ.ILHAM;01a02690-0cc2-7141-b12f-2fa972b9020b
DJTEXX;01a02690-0cc2-7141-b12f-2faaf5da7852
DMA'S;01a02690-0cc2-7141-b12f-2fab5d4face4
DOBBY;01a02690-0cc2-7141-b12f-2fac8cb0fd4d
DONGHAE;01a02690-0cc2-7141-b12f-2fad35eebdc7
DOWN;01a02690-0cc2-7141-b12f-2fae6a78b314
DPAK;01a02690-0cc2-7141-b12f-2fafec295ef4
DPR IAN;01a02690-0cc2-7141-b12f-2fb06d569c55
DRAW♡ME;01a02690-0cc2-7141-b12f-2fb12c0fbcb9
DTX Melodies;01a02690-0cc2-7141-b12f-2fb2d24d57c3
Da Yin;01a02690-0cc2-7141-b12f-2fb35c353faa
Da-iCE;01a02690-0cc2-7141-b12f-2fb406562786
Dabin;01a02690-0cc2-7141-b12f-2fb5ca0c88d7
Daddy Yankee;01a02690-0cc2-7141-b12f-2fb6d2198d61
Daichi Miura;01a02690-0cc2-7141-b12f-2fb749df7fa4
Daiki Tsuneta;01a02690-0cc2-7141-b12f-2fb864d2dd70
Dalida;01a02690-0cc2-7141-b12f-2fb9e53b8420
Dalton;01a02690-0cc2-7141-b12f-2fbaae950f84
Damiano David;01a02690-0cc2-7141-b12f-2fbb0494d726
Damita Jo;01a02690-0cc2-7141-b12f-2fbc7cc720b7
Damon Albarn;01a02690-0cc2-7141-b12f-2fbdb02de10c
Damon Price;01a02690-0cc2-7141-b12f-2fbeaa3ece9e
Dan + Shay;01a02690-0cc2-7141-b12f-2fbf8e14949f
Dan Fogelberg;01a02690-0cc2-7141-b12f-2fc062b37cf7
Dan Tyminski;01a02690-0cc2-7141-b12f-2fc1b007a7a2
Dan Vasc;01a02690-0cc2-7141-b12f-2fc280b91bd2
Dane Bowers;01a02690-0cc2-7141-b12f-2fc3a89764ee
Danger Dan;01a02690-0cc2-7141-b12f-2fc446976141
Daniel Balavoine;01a02690-0cc2-7141-b12f-2fc5bf9ec6ff
Daniel Caesar;01a02690-0cc2-7141-b12f-2fc6ead59da3
Daniel Hanson;01a02690-0cc2-7141-b12f-2fc76f5c4516
Daniel Hope;01a02690-0cc2-7141-b12f-2fc8073fca87
Daniel Lopes;01a02690-0cc2-7141-b12f-2fc9baec9977
Daniel Pemberton;01a02690-0cc2-7141-b12f-2fcadfa78e96
Daniel Sommer;01a02690-0cc2-7141-b12f-2fcb891277ff
Danny Chung;01a02690-0cc2-7141-b12f-2fcca4af1cdb
Danny L Harle;01a02690-0cc2-7141-b12f-2fcda215eb16
Danny Vera;01a02690-0cc2-7141-b12f-2fcefa19072a
Danny de Munk;01a02690-0cc2-7141-b12f-2fcfc83fca1f
Dantsu Flame (CV: Haruna Fukushima);01a02690-0cc2-7141-b12f-2fd0cd5382d6
Daoko;01a02690-0cc2-7141-b12f-2fd181a68583
Daou Pittaya;01a02690-0cc2-7141-b12f-2fd2c468c418
Dara;01a02690-0cc2-7141-b12f-2fd37a21f082
Dara Sedaka;01a02690-0cc2-7141-b12f-2fd4b623819f
Dardan;01a02690-0cc2-7141-b12f-2fd57b1eb592
Dario Coiro;01a02690-0cc2-7141-b12f-2fd63378435e
Darius Rucker;01a02690-0cc2-7141-b12f-2fd71a27bde4
Darrell Smith;01a02690-0cc2-7141-b12f-2fd8167bcbc8
Darren Holden;01a02690-0cc2-7141-b12f-2fd9fce7b222
Darude;01a02690-0cc2-7141-b12f-2fda91e05e8f
Daryl Braithwaite;01a02690-0cc2-7141-b12f-2fdb8e9ad1ee
Dave;01a02690-0cc2-7141-b12f-2fdc1e5b32a9
Dave Mason;01a02690-0cc2-7141-b12f-2fdd38ea56b4
David Allan Coe;01a02690-0cc2-7141-b12f-2fde2df15a48
David Baddiel;01a02690-0cc2-7141-b12f-2fdf3b405a1a
David Bisbal;01a02690-0cc2-7141-b12f-2fe08b5e7d1e
David Bowie;01a02690-0cc2-7141-b12f-2fe1c33252fa
David Guetta;01a02690-0cc2-7141-b12f-2fe2a27dbd1d
David Kushner;01a02690-0cc2-7141-b12f-2fe3852d25d1
David Lee Murphy;01a02690-0cc2-7141-b12f-2fe489c12ed5
David et Jonathan;01a02690-0cc2-7141-b12f-2fe589750100
Davvi;01a02690-0cc2-7141-b12f-2fe63510cd07
Dax;01a02690-0cc2-7141-b12f-2fe79e6377ff
De Amsterdamse Zomer;01a02690-0cc2-7141-b12f-2fe8c539a5ac
De La Soul;01a02690-0cc2-7141-b12f-2fe9d1a21027
Deadlight County;01a02690-0cc2-7141-b12f-2fea8dd123e7
Dean Fujioka;01a02690-0cc2-7141-b12f-2febe2edef00
Dean Lewis;01a02690-0cc2-7141-b12f-2fec42a9a364
Dean Turnley;01a02690-0cc2-7141-b12f-2fed0a16df7e
Death Cab for Cutie;01a02690-0cc2-7141-b12f-2feeae84f32d
Deathpath;01a02690-0cc2-7141-b12f-2fef0c60f536
Decayed Souls;01a02690-0cc2-7141-b12f-2ff085da8aa1
December 10;01a02690-0cc2-7141-b12f-2ff10a2fb3eb
Deep Purple;01a02690-0cc2-7141-b12f-2ff2335e8b74
Def Leppard;01a02690-0cc2-7141-b12f-2ff3198a91dc
Deine Cousine;01a02690-0cc2-7141-b12f-2ff4792780b4
Deitrick Haddon;01a02690-0cc2-7141-b12f-2ff5710c49ea
Delana Hope;01a02690-0cc2-7141-b12f-2ff679b2b18d
Delta Goodrem;01a02690-0cc2-7141-b12f-2ff7d9f25be3
Demi Lovato;01a02690-0cc2-7141-b12f-2ff87e0d5468
Depeche Mode;01a02690-0cc2-7141-b12f-2ff96f254b4e
Der Partycrasher;01a02690-0cc2-7141-b12f-2ffae6be2d26
Derek Mercer Lyrics;01a02690-0cc2-7141-b12f-2ffbef653f9d
Dermot Kennedy;01a02690-0cc2-7141-b12f-2ffc7dda1838
Descendants – Cast;01a02690-0cc2-7141-b12f-2ffdeae1caac
Desireless;01a02690-0cc2-7141-b12f-2ffe195a3365
Dev1lHawk;01a02690-0cc2-7141-b12f-2fff584bf29c
DevilDriver;01a02690-0cc2-7141-b12f-30000c55494c
Devin Townsend;01a02690-0cc2-7141-b12f-300110f2ff79
Dexter and The Moonrocks;01a02690-0cc2-7141-b12f-30025cb5d7d0
Diamond Zhang;01a02690-0cc2-7141-b12f-3003877f96ee
Diana Ross;01a02690-0cc2-7141-b12f-300418c43b6d
Diane Butler;01a02690-0cc2-7141-b12f-300504615241
Dick Brave;01a02690-0cc2-7141-b12f-30063860e0ef
Dicosis;01a02690-0cc2-7141-b12f-3007d3339ac3
Dido;01a02690-0cc2-7141-b12f-30088be185b6
Die Abbrunzati Boys;01a02690-0cc2-7141-b12f-3009e9551f9d
Die Grubertaler;01a02690-0cc2-7141-b12f-300a5fbef8ee
Die Rodensteiner;01a02690-0cc2-7141-b12f-300b6a9b80ca
Die Schlagerpiloten;01a02690-0cc2-7141-b12f-300ca74fec3d
Die Toten Hosen;01a02690-0cc2-7141-b12f-300dcea8a272
Die WBL;01a02690-0cc2-7141-b12f-300ec80e908c
Die drei ???;01a02690-0cc2-7141-b12f-300f4e8a5c76
Digga;01a02690-0cc2-7141-b12f-3010a2d32d34
Diljit Dosanjh;01a02690-0cc2-7141-b12f-301161114faf
Dimash Qudaibergen;01a02690-0cc2-7141-b12f-301268afd630
Dimitri Vegas;01a02690-0cc2-7141-b12f-30134a7f9e8d
Dimmu Borgir;01a02690-0cc2-7141-b12f-30147efec047
Dinh Tien Dat;01a02690-0cc2-7141-b12f-301593aa1e47
Dire Straits;01a02690-0cc2-7141-b12f-30168e30624f
Dirty Thirty;01a02690-0cc2-7141-b12f-30175adc6cfb
Disco Bambino;01a02690-0cc2-7141-b12f-30183842019f
Disco Lines;01a02690-0cc2-7141-b12f-30198b460e4e
Disney;01a02690-0cc2-7141-b12f-301a0dd4d671
Disturbed;01a02690-0cc2-7141-b12f-301b7e7e39b8
Dj Aaron;01a02690-0cc2-7141-b12f-301c93e2a28b
Dj Crocodile;01a02690-0cc2-7141-b12f-301dafd01648
Django Wagner;01a02690-0cc2-7141-b12f-301ebad4ade6
Djo;01a02690-0cc2-7141-b12f-301fbbeb2c80
DoGoodDad;01a02690-0cc2-7141-b12f-302030f05a56
Doechii;01a02690-0cc2-7141-b12f-3021bf5a7e44
Dogstar;01a02690-0cc2-7141-b12f-3022747a71ce
Dolly Parton;01a02690-0cc2-7141-b12f-30238b45f357
Dom Dolla;01a02690-0cc2-7141-b12f-3024bd7ca073
Dominic Fike;01a02690-0cc2-7141-b12f-3025542ea49f
Don Broco;01a02690-0cc2-7141-b12f-3026480af4c0
Don Henley;01a02690-0cc2-7141-b12f-30277b5f8426
Don McLean;01a02690-0cc2-7141-b12f-30280619a171
Don Miguelo;01a02690-0cc2-7141-b12f-302980ceebed
Don Toliver;01a02690-0cc2-7141-b12f-302aeb73977b
Donna Summer;01a02690-0cc2-7141-b12f-302b9a37cc86
Donnie;01a02690-0cc2-7141-b12f-302c877a4869
Doro;01a02690-0cc2-7141-b12f-302dccb9482b
Dove Cameron;01a02690-0cc2-7141-b12f-302ecc198271
Dr. Dre;01a02690-0cc2-7141-b12f-302f72f13cd5
DrINsaNE;01a02690-0cc2-7141-b12f-30308d998717
Drake;01a02690-0cc2-7141-b12f-3031dbfa46cf
Draugr Balled;01a02690-0cc2-7141-b12f-30320cb3dc5a
Draugr Beatz;01a02690-0cc2-7141-b12f-303342f2c220
Dream Diary;01a02690-0cc2-7141-b12f-3034a3c21ef2
Drew Jacobs;01a02690-0cc2-7141-b12f-30358393c6bc
Dropkick Murphys;01a02690-0cc2-7141-b12f-30366578bcfa
Druckluft;01a02690-0cc2-7141-b12f-30371d98f5f9
Dua Lipa;01a02690-0cc2-7141-b12f-3038d668bfa9
Dulce María;01a02690-0cc2-7141-b12f-30398678fbdd
Dunn;01a02690-0cc2-7141-b12f-303ac8e0a9bd
Duran Duran;01a02690-0cc2-7141-b12f-303b3141310b
Durandal (CV: Kana Nogi);01a02690-0cc2-7141-b12f-303cec1e9920
Durchgeknallt;01a02690-0cc2-7141-b12f-303dd497806f
Dust;01a02690-0cc2-7141-b12f-303eaf6589ae
Dusty Rivers;01a02690-0cc2-7141-b12f-303f094338e8
DxS;01a02690-0cc2-7141-b12f-304067296ef2
Dylan Wright;01a02690-0cc2-7141-b12f-3041ef9708b4
Dytica;01a02690-0cc2-7141-b12f-3042f683ed43
E-40;01a02690-0cc2-7141-b12f-30437b5ba0cf
EBiDAN (恵比寿学園男子部);01a02690-0cc2-7141-b12f-30443540cafe
EBiDAN Ebisu Gakuen Boys Club;01a02690-0cc2-7141-b12f-3045d4a619a1
ECHOVIBE;01a02690-0cc2-7141-b12f-30469e483460
EIICHI OTORI(CV.Hikaru Midorikawa);01a02690-0cc2-7141-b12f-3047d91f2473
EIJI OTORI(CV.Yuma Uchida);01a02690-0cc2-7141-b12f-30483043715a
EJAE;01a02690-0cc2-7141-b12f-30491f3b7337
EL CAPITXN;01a02690-0cc2-7141-b12f-304a6cfeee49
EL NAOYA;01a02690-0cc2-7141-b12f-304b63f48cda
EMILIA(CV:RIE TAKAHASHI);01a02690-0cc2-7141-b12f-304c6b086265
ENHYPEN;01a02690-0cc2-7141-b12f-304d5ad290c1
ENKAY;01a02690-0cc2-7141-b12f-304ef21f7b59
ENSEMBLE STARS!!;01a02690-0cc2-7141-b12f-304f198c4c28
ERRA;01a02690-0cc2-7141-b12f-3050ee88f6c0
EVAN;01a02690-0cc2-7141-b12f-3051eca3bd96
EVE;01a02690-0cc2-7141-b12f-3052b3c0f292
EXILE;01a02690-0cc2-7141-b12f-30532ba7507d
EXO;01a02690-0cc2-7141-b12f-3054bfa5b853
EXXCLUSlVE;01a02690-0cc2-7141-b12f-3055a57ab16f
Eagles;01a02690-0cc2-7141-b12f-305672a32089
Earth;01a02690-0cc2-7141-b12f-305727b005a4
East Duo;01a02690-0cc2-7141-b12f-3058efd3829b
Ebony;01a02690-0cc2-7141-b12f-305957fbca75
Echo;01a02690-0cc2-7141-b12f-305ac8d2952e
Eclipse;01a02690-0cc2-7141-b12f-305b1ab90317
Ecos Música;01a02690-0cc2-7141-b12f-305cf67bf6c8
Ed Sheeran;01a02690-0cc2-7141-b12f-305d9e4dd29b
Eddie Dalton;01a02690-0cc2-7141-b12f-305ec2d48548
Eddie Rabbitt;01a02690-0cc2-7141-b12f-305f3fe37ea2
Eddin;01a02690-0cc2-7141-b12f-306045dbf83e
Eden Muñoz;01a02690-0cc2-7141-b12f-3061382dfee6
Editors;01a02690-0cc2-7141-b12f-3062c7d768bf
Effe Serieus;01a02690-0cc2-7141-b12f-3063676853dd
Eikichi Yazawa;01a02690-0cc2-7141-b12f-3064efd03988
Eir Aoi;01a02690-0cc2-7141-b12f-3065ceb6409e
Ekoh;01a02690-0cc2-7141-b12f-306655edc2de
El De Las R's;01a02690-0cc2-7141-b12f-3067d241dc01
El Malilla;01a02690-0cc2-7141-b12f-30688005885b
Eladio Carrión;01a02690-0cc2-7141-b12f-306942080754
Elbow;01a02690-0cc2-7141-b12f-306aa27b846b
Electric Callboy;01a02690-0cc2-7141-b12f-306bbfc0c0f8
Elephant Kashimashi;01a02690-0cc2-7141-b12f-306c043ef700
Elettra Lamborghini;01a02690-0cc2-7141-b12f-306dca90e8a3
Elevation Worship;01a02690-0cc2-7141-b12f-306e83235819
Elisa;01a02690-0cc2-7141-b12f-306f6e886969
Elizabeth Finch;01a02690-0cc2-7141-b12f-3070261d9b12
Ella Bright;01a02690-0cc2-7141-b12f-3071331c3b43
Ella Langley;01a02690-0cc2-7141-b12f-30727ab52555
Elle Limebear;01a02690-0cc2-7141-b12f-3073ebcb616b
Ellie Goulding;01a02690-0cc2-7141-b12f-30747dcf4c50
Elmiene;01a02690-0cc2-7141-b12f-3075e3ef9341
Elton John;01a02690-0cc2-7141-b12f-3076d64d51ef
Elvis Crespo;01a02690-0cc2-7141-b12f-307797320a9c
Elvis Presley;01a02690-0cc2-7141-b12f-30785e35fa80
Ely Oaks;01a02690-0cc2-7141-b12f-3079af11c14d
Embrace;01a02690-0cc2-7141-b12f-307a94e7309d
Emi Evans;01a02690-0cc2-7141-b12f-307b1e279091
Emi Thasorn;01a02690-0cc2-7141-b12f-307c63fc9ecc
Emil;01a02690-0cc2-7141-b12f-307dcdb7c812
Emily Ann Roberts;01a02690-0cc2-7141-b12f-307ee625e807
Eminem;01a02690-0cc2-7141-b12f-307f9f81eb70
Emis Killa;01a02690-0cc2-7141-b12f-3080e7c403c6
Emma;01a02690-0cc2-7141-b12f-3081757ed65f
Emma Delune;01a02690-0cc2-7141-b12f-3082ca229656
Emma Heesters;01a02690-0cc2-7141-b12f-3083fb63d413
Emma Pittman;01a02690-0cc2-7141-b12f-3084e332887e
Emmylou Harris;01a02690-0cc2-7141-b12f-30855ca96cc7
Engelbert Humperdinck;01a02690-0cc2-7141-b12f-30866532f3ad
Enigma;01a02690-0cc2-7141-b12f-3087ebb3c970
Enrico Nigiotti;01a02690-0cc2-7141-b12f-30882e2597f0
Enya;01a02690-0cc2-7141-b12f-30890c8ae0ef
Epiphaneia (CV: Hikari Senga);01a02690-0cc2-7141-b12f-308a67cd6d54
Erasure;01a02690-0cc2-7141-b12f-308bdec69864
Eric Church;01a02690-0cc2-7141-b12f-308cc6c1d9d4
Eric Gales;01a02690-0cc2-7141-b12f-308de056e283
Eric Philippi;01a02690-0cc2-7141-b12f-308ed7ef68cd
Ermal Meta;01a02690-0cc2-7141-b12f-308fc1af1f99
Eros Ramazzotti;01a02690-0cc2-7141-b12f-30908071457f
Esme Rose;01a02690-0cc2-7141-b12f-309164302d50
Espoir City (CV: Asaka);01a02690-0cc2-7141-b12f-3092f6e5105c
Esteriore Brothers;01a02690-0cc2-7141-b12f-3093ccf54feb
Eurogliders;01a02690-0cc2-7141-b12f-30940238ab9a
Europe;01a02690-0cc2-7141-b12f-3095b5be0e70
Eurythmics;01a02690-0cc2-7141-b12f-30962a030832
Eva Cassidy;01a02690-0cc2-7141-b12f-3097dc567ece
Eva Luginger;01a02690-0cc2-7141-b12f-30985a4b2e1c
Evanescence;01a02690-0cc2-7141-b12f-3099865d9a78
Everlast;01a02690-0cc2-7141-b12f-309a34075e2a
Exodus;01a02690-0cc2-7141-b12f-309bc197dd26
Extreme Hybrid Wrestling;01a02690-0cc2-7141-b12f-309c497ff487
Eypio;01a02690-0cc2-7141-b12f-309d1871013a
Ezra Collective;01a02690-0cc2-7141-b12f-309e32ebf67b
FANTASTICS from EXILE TRIBE;01a02690-0cc2-7141-b12f-309f401bba53
FAYAN;01a02690-0cc2-7141-b12f-30a0177a5138
FELICIA;01a02690-0cc2-7141-b12f-30a11a392301
FIELD OF VIEW;01a02690-0cc2-7141-b12f-30a210687af9
FIFA Sound;01a02690-0cc2-7141-b12f-30a305ad75a8
FISHER;01a02690-0cc2-7141-b12f-30a443f3f2ff
FLEMMING;01a02690-0cc2-7141-b12f-30a5f9e84791
FLO;01a02690-0cc2-7141-b12f-30a686a80e96
FOURTH;01a02690-0cc2-7141-b12f-30a77cc3c8b1
FRIDA GOLD;01a02690-0cc2-7141-b12f-30a8a0492f6f
FRUITS ZIPPER;01a02690-0cc2-7141-b12f-30a9618fc741
FUMINO;01a02690-0cc2-7141-b12f-30aab0bbc816
FUNKY MONKEY BΛBY'S × いきものがかり;01a02690-0cc2-7141-b12f-30abd569c485
Fabri Fibra;01a02690-0cc2-7141-b12f-30ac08f143ac
Failure;01a02690-0cc2-7141-b12f-30ad73ab0adc
Faith Grey;01a02690-0cc2-7141-b12f-30aef69c95b1
Faithless;01a02690-0cc2-7141-b12f-30af366e84e2
Fangoria;01a02690-0cc2-7141-b12f-30b04bf765dc
Fantasy;01a02690-0cc2-7141-b12f-30b1b3f1576f
Faouzia;01a02690-0cc2-7141-b12f-30b25922e9fb
Farin Urlaub;01a02690-0cc2-7141-b12f-30b3127a47cc
Farmaan SMG;01a02690-0cc2-7141-b12f-30b476d3925b
Farreras;01a02690-0cc2-7141-b12f-30b5d076f166
Farruko;01a02690-0cc2-7141-b12f-30b601d8d14f
Fat Les;01a02690-0cc2-7141-b12f-30b77e1314e6
Faust;01a02690-0cc2-7141-b12f-30b8bb409082
Favas Fazin;01a02690-0cc2-7141-b12f-30b90f24a1de
Faye Wong;01a02690-0cc2-7141-b12f-30babcc38cbd
Fedez;01a02690-0cc2-7141-b12f-30bb3ffdde93
Feid;01a02690-0cc2-7141-b12f-30bcfc81dfed
Feist;01a02690-0cc2-7141-b12f-30bdde978235
Felix Harrer;01a02690-0cc2-7141-b12f-30be94155ab0
Felix Jaehn;01a02690-0cc2-7141-b12f-30bfe388cf33
Fetty Wap;01a02690-0cc2-7141-b12f-30c01d08327a
Feu! Chatterton;01a02690-0cc2-7141-b12f-30c1ea1fc525
Filipe Ret;01a02690-0cc2-7141-b12f-30c2a8a731d5
Film Rachanun;01a02690-0cc2-7141-b12f-30c384e550a4
Filmore;01a02690-0cc2-7141-b12f-30c4a1161a94
Fine Motion (CV: Chinami Hashimoto);01a02690-0cc2-7141-b12f-30c5fc75544b
Fire;01a02690-0cc2-7141-b12f-30c65789da9c
Fireball Woman on Fire;01a02690-0cc2-7141-b12f-30c7fa12fc47
Fireboy DML;01a02690-0cc2-7141-b12f-30c8944c1494
FirstOne;01a02690-0cc2-7141-b12f-30c9964e9ae5
Five;01a02690-0cc2-7141-b12f-30ca5fc14592
Five Finger Death Punch;01a02690-0cc2-7141-b12f-30cb8d1686fe
Flea;01a02690-0cc2-7141-b12f-30ccebd19a8b
Fleet Snowfluff;01a02690-0cc2-7141-b12f-30cdae9e5d7c
Fleetwood Mac;01a02690-0cc2-7141-b12f-30ce3877a886
Flemming;01a02690-0cc2-7141-b12f-30cfa5d2562a
Flipperachi;01a02690-0cc2-7141-b12f-30d0ed194046
Florent Pagny;01a02690-0cc2-7141-b12f-30d182996d17
Florian Künstler;01a02690-0cc2-7141-b12f-30d266494e96
Florian Silbereisen;01a02690-0cc2-7141-b12f-30d30d35627c
Flow Kingz;01a02690-0cc2-7141-b12f-30d42eec0438
Flugpoet1;01a02690-0cc2-7141-b12f-30d5f1c22b06
Focicatto;01a02690-0cc2-7141-b12f-30d6a68a9918
Foggyatthebottom;01a02690-0cc2-7141-b12f-30d793960b5f
Fontaines D.C.;01a02690-0cc2-7141-b12f-30d86082de36
Foo Fighters;01a02690-0cc2-7141-b12f-30d9eddf11fc
Foreigner;01a02690-0cc2-7141-b12f-30da05b93a1a
Forest Blakk;01a02690-0cc2-7141-b12f-30dbca3ce305
Forever Young (CV: Shuri Miyumi);01a02690-0cc2-7141-b12f-30dc2080c055
Forrest Frank;01a02690-0cc2-7141-b12f-30dd309a7df1
Francesco Caggiano;01a02690-0cc2-7141-b12f-30de38e021d2
Francesco Guccini;01a02690-0cc2-7141-b12f-30df8ea8db19
Francis Cabrel;01a02690-0cc2-7141-b12f-30e06f160582
Frank Sinatra;01a02690-0cc2-7141-b12f-30e1268b82d6
Frank Skinner;01a02690-0cc2-7141-b12f-30e2424dde33
Frankie Lily;01a02690-0cc2-7141-b12f-30e39ef8930f
Frankie Pulitzer;01a02690-0cc2-7141-b12f-30e43461273f
Frans Bauer;01a02690-0cc2-7141-b12f-30e5bc7beb03
Frans Duijts;01a02690-0cc2-7141-b12f-30e6d5f6bde8
Fred De Palma;01a02690-0cc2-7141-b12f-30e747d23a97
Fred Durst;01a02690-0cc2-7141-b12f-30e8509641bc
Fred again..;01a02690-0cc2-7141-b12f-30e9cc5f6684
Free Nationals;01a02690-0cc2-7141-b12f-30eac8c9ee08
Freek;01a02690-0cc2-7141-b12f-30eb56f294b2
French Montana;01a02690-0cc2-7141-b12f-30ecee2d991c
Frenzy;01a02690-0cc2-7141-b12f-30ed57660d34
Freya Ridings;01a02690-0cc2-7141-b12f-30eec7dc5ba8
Frida Gold;01a02690-0cc2-7141-b12f-30ef44c6f9f6
Fritz Kalkbrenner;01a02690-0cc2-7141-b12f-30f001018a17
From Ashes to New;01a02690-0cc2-7141-b12f-30f11edf3695
Fujifabric;01a02690-0cc2-7141-b12f-30f269a7fccc
Fujii Kaze;01a02690-0cc2-7141-b12f-30f3c756249f
Fulminacci;01a02690-0cc2-7141-b12f-30f4d1317c10
Fumage;01a02690-0cc2-7141-b12f-30f51acb8cea
Fura Kanato;01a02690-0cc2-7141-b12f-30f66db94cc5
Fury In the Slaughterhouse;01a02690-0cc2-7141-b12f-30f7ef509399
Fäaschtbänkler;01a02690-0cc2-7141-b12f-30f84cdfeb50
G Flip;01a02690-0cc2-7141-b12f-30f9fc179076
G PLANTS;01a02690-0cc2-7141-b12f-30fa1eeb4b94
GEMINI;01a02690-0cc2-7141-b12f-30fb425d7a90
GENER8ION;01a02690-0cc2-7141-b12f-30fcb7820868
GENERATIONS from EXILE TRIBE;01a02690-0cc2-7141-b12f-30fd4f66a56f
GIMS;01a02690-0cc2-7141-b12f-30fe29acee34
GIRLSET;01a02690-0cc2-7141-b12f-30ff4f94d069
GIUSEPPE ROCCASALVO;01a02690-0cc2-7141-b12f-3100c0044844
GNJB;01a02690-0cc2-7141-b12f-3101cd0305eb
GOVARDO;01a02690-0cc2-7141-b12f-310259a1a1d6
GReeeeN;01a02690-0cc2-7141-b12f-31037ed4ff6c
Gabby Barrett;01a02690-0cc2-7141-b12f-3104ad2d5010
Gabry Ponte;01a02690-0cc2-7141-b12f-3105b689cd28
Gala;01a02690-0cc2-7141-b12f-3106272cbfb5
Gangsta;01a02690-0cc2-7141-b12f-310797673713
Garou;01a02690-0cc2-7141-b12f-3108022fd934
Gavin Adcock;01a02690-0cc2-7141-b12f-31090512cf5a
Gavin Greenaway;01a02690-0cc2-7141-b12f-310a17107ded
Gawin Caskey;01a02690-0cc2-7141-b12f-310b0e790d8a
Gayle;01a02690-0cc2-7141-b12f-310c599934a4
Gebroeders Ko;01a02690-0cc2-7141-b12f-310da53faa79
Geek Music;01a02690-0cc2-7141-b12f-310e7e862e9a
Gen Hoshino;01a02690-0cc2-7141-b12f-310f1bdfe99b
Gene Pitney;01a02690-0cc2-7141-b12f-31105a2ad913
Generation X;01a02690-0cc2-7141-b12f-311109623f5f
Gentildonna (CV: Yu Serizawa);01a02690-0cc2-7141-b12f-31127e591653
Gentleman;01a02690-0cc2-7141-b12f-311351702803
Geolier;01a02690-0cc2-7141-b12f-3114f4463a39
George;01a02690-0cc2-7141-b12f-311537568e86
George Michael;01a02690-0cc2-7141-b12f-3116e2423b3c
Ghost;01a02690-0cc2-7141-b12f-31170af37177
Gianna Nannini;01a02690-0cc2-7141-b12f-31187aac1b83
Gianni Morandi;01a02690-0cc2-7141-b12f-311984cfd39a
Giddymethat;01a02690-0cc2-7141-b12f-311ad0f20778
Gilbert O'Sullivan;01a02690-0cc2-7141-b12f-311be44c8124
Gino Paoli;01a02690-0cc2-7141-b12f-311c17768f4a
Giorgia;01a02690-0cc2-7141-b12f-311ddb28c6dd
Giovanni Zarrella;01a02690-0cc2-7141-b12f-311ee460c03e
Girl In The Year Above;01a02690-0cc2-7141-b12f-311f35325c79
Girl Named Tom;01a02690-0cc2-7141-b12f-31204eb2d3ba
Giuliano Taviani;01a02690-0cc2-7141-b12f-3121245869a6
Glass Animals;01a02690-0cc2-7141-b12f-3122107f371b
Glen Hansard;01a02690-0cc2-7141-b12f-312398d4f89a
Glockenbach;01a02690-0cc2-7141-b12f-3124e53e0115
Gloryhammer;01a02690-0cc2-7141-b12f-312518535cd0
Go Shiina;01a02690-0cc2-7141-b12f-3126512f394a
Goke Kanemitsu;01a02690-0cc2-7141-b12f-3127f5a5b8cd
Gold Ship (CV: Ueda Hitomi);01a02690-0cc2-7141-b12f-31280d60e375
Golden Earring;01a02690-0cc2-7141-b12f-31297adbb6ae
Goldjungs;01a02690-0cc2-7141-b12f-312a9d1b0ab8
Good Vibes Tribe 11:11;01a02690-0cc2-7141-b12f-312b05696d98
Gooseworx;01a02690-0cc2-7141-b12f-312c060e94ce
Gordo;01a02690-0cc2-7141-b12f-312d00c51d8d
Gordon Lightfoot;01a02690-0cc2-7141-b12f-312e4806a3a5
Gorillaz;01a02690-0cc2-7141-b12f-312fc6ad0c40
Gospelize;01a02690-0cc2-7141-b12f-31306df209fb
Gotye;01a02690-0cc2-7141-b12f-3131539aea85
Grace;01a02690-0cc2-7141-b12f-3132daaccc84
Gracie Abrams;01a02690-0cc2-7141-b12f-3133a7f76ec6
Grateful Dead;01a02690-0cc2-7141-b12f-3134cecc76fa
Gravel;01a02690-0cc2-7141-b12f-3135b02fb69c
Greatest TV Theme Songs;01a02690-0cc2-7141-b12f-31368701d773
Greeicy;01a02690-0cc2-7141-b12f-313780519322
Green Day;01a02690-0cc2-7141-b12f-313875530e7b
Greentea Peng;01a02690-0cc2-7141-b12f-3139a839c178
Greg Gonzalez;01a02690-0cc2-7141-b12f-313a73b6a320
Greta Van Fleet;01a02690-0cc2-7141-b12f-313bf309036a
Grian Chatten;01a02690-0cc2-7141-b12f-313c8fea91e4
GroßstadtEngel;01a02690-0cc2-7141-b12f-313ddcba71e2
Gryffin;01a02690-0cc2-7141-b12f-313e8d4aa74f
Grégoire;01a02690-0cc2-7141-b12f-313fb9b73d1e
Guesch Patti;01a02690-0cc2-7141-b12f-3140268814dc
Gunna;01a02690-0cc2-7141-b12f-31418d226974
Guns N' Roses;01a02690-0cc2-7141-b12f-31428f1b7382
Gustavo Dudamel;01a02690-0cc2-7141-b12f-3143e8fa8b35
Guy Lombardo;01a02690-0cc2-7141-b12f-3144e8b70015
Gérard Lenorman;01a02690-0cc2-7141-b12f-3145975b9e9b
H-Blockx;01a02690-0cc2-7141-b12f-3146e80b7d9e
HAECHAN;01a02690-0cc2-7141-b12f-31478fcb9337
HAN;01a02690-0cc2-7141-b12f-3148693f955f
HANA;01a02690-0cc2-7141-b12f-3149a18a4e2b
HARDY;01a02690-0cc2-7141-b12f-314aa5339b96
HARLAN;01a02690-0cc2-7141-b12f-314bb95dcd13
HAVEN.;01a02690-0cc2-7141-b12f-314ca51f0ab6
HBz;01a02690-0cc2-7141-b12f-314d98782b81
HE★VENS;01a02690-0cc2-7141-b12f-314e121eb3e6
HIPPY;01a02690-0cc2-7141-b12f-314f1c3a0a03
HIROMU (INI);01a02690-0cc2-7141-b12f-3150683d9bfb
HOSHI;01a02690-0cc2-7141-b12f-31519ba1b627
HOYO-MiX;01a02690-0cc2-7141-b12f-315224116948
HUGEL;01a02690-0cc2-7141-b12f-3153d59957be
HUNTR/X;01a02690-0cc2-7141-b12f-315461673f2f
HWASA;01a02690-0cc2-7141-b12f-315520b72e14
HYDE;01a02690-0cc2-7141-b12f-31563f3a8d5c
HYPNOSISMIC -A.R.B- (Division All Stars);01a02690-0cc2-7141-b12f-31573559a788
HYPNOSISMIC -D.R.B- (Bad Ass Temple);01a02690-0cc2-7141-b12f-3158ca2a6b25
HYPNOSISMIC -D.R.B- (Buster Bros!!!);01a02690-0cc2-7141-b12f-3159bcc4269d
HYPNOSISMIC -D.R.B- (DOTSUITARE-HOMPO);01a02690-0cc2-7141-b12f-315a931fd5a4
HYPNOSISMIC -D.R.B- (Fling Posse);01a02690-0cc2-7141-b12f-315be05b0fe6
HYPNOSISMIC -D.R.B- (MAD TRIGGER CREW);01a02690-0cc2-7141-b12f-315c5a4fe614
HYPNOSISMIC -D.R.B- (Matenro);01a02690-0cc2-7141-b12f-315d54504e41
Hachiware(CV:Tanaka Makoto);01a02690-0cc3-70e2-9a00-dc0fe3966d10
Hadise;01a02690-0cc3-70e2-9a00-dc1011828e3a
Hakui Koyori;01a02690-0cc3-70e2-9a00-dc1131079646
Hakuna Group Music;01a02690-0cc3-70e2-9a00-dc126ee4d156
Hallie Coggins;01a02690-0cc3-70e2-9a00-dc133fd11a25
Hannah Boleyn;01a02690-0cc3-70e2-9a00-dc14f02c831a
Hannah Montana;01a02690-0cc3-70e2-9a00-dc15b1cb4a27
Hannah Noelle;01a02690-0cc3-70e2-9a00-dc1605ec718e
Hans Zimmer;01a02690-0cc3-70e2-9a00-dc17f5d21827
Hanumankind;01a02690-0cc3-70e2-9a00-dc189dae4f1f
Hardwell;01a02690-0cc3-70e2-9a00-dc19f340d48a
Harmony;01a02690-0cc3-70e2-9a00-dc1ace3b257b
Harris & Ford;01a02690-0cc3-70e2-9a00-dc1b8911ffa5
Harris J;01a02690-0cc3-70e2-9a00-dc1ca2c3b5c1
Harrison;01a02690-0cc3-70e2-9a00-dc1d02d52634
Harry Nilsson;01a02690-0cc3-70e2-9a00-dc1e03a6d33a
Harry Styles;01a02690-0cc3-70e2-9a00-dc1f41958e37
Haruka Aoki;01a02690-0cc3-70e2-9a00-dc2001f9658a
Hata Motohiro;01a02690-0cc3-70e2-9a00-dc21ae750da5
Hatsuboshi Gakuen;01a02690-0cc3-70e2-9a00-dc22a20a964b
Hatsune Miku;01a02690-0cc3-70e2-9a00-dc23b18cd385
Hayley Williams;01a02690-0cc3-70e2-9a00-dc24b48baa68
Haywire 617;01a02690-0cc3-70e2-9a00-dc257cefdc78
Hearts2Hearts;01a02690-0cc3-70e2-9a00-dc2648dbda40
Hector Salamanca;01a02690-0cc3-70e2-9a00-dc27cec1ee9c
Hef;01a02690-0cc3-70e2-9a00-dc28dcb2d258
Heimweh;01a02690-0cc3-70e2-9a00-dc29a5a4bd73
Heinz Rudolf Kunze;01a02690-0cc3-70e2-9a00-dc2a76414074
Heisenberg;01a02690-0cc3-70e2-9a00-dc2bff326913
Helabusador;01a02690-0cc3-70e2-9a00-dc2cf7a54f22
Helena;01a02690-0cc3-70e2-9a00-dc2d827c75dc
Helene Fischer;01a02690-0cc3-70e2-9a00-dc2e3e826e26
Helmut Hussler;01a02690-0cc3-70e2-9a00-dc2f136f04cd
Herbert Grönemeyer;01a02690-0cc3-70e2-9a00-dc30d7dd9007
Herbert Léonard;01a02690-0cc3-70e2-9a00-dc31105a43c8
Hermanas Pobres;01a02690-0cc3-70e2-9a00-dc3214ca7fc2
Hermanos Gutiérrez;01a02690-0cc3-70e2-9a00-dc331200776f
Hey! Say! JUMP;01a02690-0cc3-70e2-9a00-dc342f7e2bec
Higanryu;01a02690-0cc3-70e2-9a00-dc354889171a
Hikaru GENJI;01a02690-0cc3-70e2-9a00-dc366949f40a
Hikaru Sora;01a02690-0cc3-70e2-9a00-dc37f3fe88f8
Hikaru Utada;01a02690-0cc3-70e2-9a00-dc38e989ba82
Hilary Duff;01a02690-0cc3-70e2-9a00-dc3945d970fb
Hinatazaka46;01a02690-0cc3-70e2-9a00-dc3a4bccaab1
Hinder;01a02690-0cc3-70e2-9a00-dc3bb4173c57
Hiro Shinosawa;01a02690-0cc3-70e2-9a00-dc3c62340e27
Hiroji Miyamoto;01a02690-0cc3-70e2-9a00-dc3ddca203f0
Hiromitsu Kitayama;01a02690-0cc3-70e2-9a00-dc3e80da3200
Hiroyuki Sawano;01a02690-0cc3-70e2-9a00-dc3f54b229c7
Hitsujibungaku;01a02690-0cc3-70e2-9a00-dc40de4b9cd7
Hiyori Tomoe(CV.Natsuki Hanae);01a02690-0cc3-70e2-9a00-dc4188fce080
Hodge;01a02690-0cc3-70e2-9a00-dc42dbe8aaa3
Holly Humberstone;01a02690-0cc3-70e2-9a00-dc4396fd1817
Holly Valance;01a02690-0cc3-70e2-9a00-dc4470c18dbf
Hollywood Undead;01a02690-0cc3-70e2-9a00-dc45288a73c1
Honey Dijon;01a02690-0cc3-70e2-9a00-dc4602c7a8a3
Hoodoo Gurus;01a02690-0cc3-70e2-9a00-dc4707a38f7d
Hoshimachi Suisei;01a02690-0cc3-70e2-9a00-dc48873fc719
Hoshimatic Project;01a02690-0cc3-70e2-9a00-dc498412c315
Hoshirube Sho;01a02690-0cc3-70e2-9a00-dc4a59262ab7
House Of Pain;01a02690-0cc3-70e2-9a00-dc4b65967466
Houshou Marine;01a02690-0cc3-70e2-9a00-dc4cb7f7443f
Houshou marine;01a02690-0cc3-70e2-9a00-dc4d8d1d4faf
Howard Carpendale;01a02690-0cc3-70e2-9a00-dc4e72d7be13
Hozier;01a02690-0cc3-70e2-9a00-dc4fdf5566f7
Huda Mustafa;01a02690-0cc3-70e2-9a00-dc503642edb3
Humbert Humbert;01a02690-0cc3-70e2-9a00-dc51789bf1c7
Hump Back;01a02690-0cc3-70e2-9a00-dc5281e6705c
Hundred Percent Free;01a02690-0cc3-70e2-9a00-dc5307cfb0c1
Hypaton;01a02690-0cc3-70e2-9a00-dc542e5c075b
Hyunjin;01a02690-0cc3-70e2-9a00-dc55af50cfc5
Höhner;01a02690-0cc3-70e2-9a00-dc568999bc56
I Virtuosi Italiani;01a02690-0cc3-70e2-9a00-dc574e258d03
I'm With Her;01a02690-0cc3-70e2-9a00-dc5897e3d7f1
I'm a Cutie Finder;01a02690-0cc3-70e2-9a00-dc59834483f5
I.O.I;01a02690-0cc3-70e2-9a00-dc5a232c3eec
ICE NINE KILLS;01a02690-0cc3-70e2-9a00-dc5b091f2096
IDOLiSH7;01a02690-0cc3-70e2-9a00-dc5cb8403224
IGNIS;01a02690-0cc3-70e2-9a00-dc5d4cdeaaca
ILLENIUM;01a02690-0cc3-70e2-9a00-dc5e66a1013c
ILLIT;01a02690-0cc3-70e2-9a00-dc5f81b4b823
IMLAY;01a02690-0cc3-70e2-9a00-dc60fe3827d0
IMP.;01a02690-0cc3-70e2-9a00-dc61a74650be
INI;01a02690-0cc3-70e2-9a00-dc622c29401d
IRENE;01a02690-0cc3-70e2-9a00-dc63d1e144fe
IVE;01a02690-0cc3-70e2-9a00-dc64485a4621
Iam Tongi;01a02690-0cc3-70e2-9a00-dc655250ebc9
Ian G;01a02690-0cc3-70e2-9a00-dc660c06cdb5
Ian Munsick;01a02690-0cc3-70e2-9a00-dc673bac07c0
Icehouse;01a02690-0cc3-70e2-9a00-dc683f7e656d
Ichinose Tokiya;01a02690-0cc3-70e2-9a00-dc69638c40f9
Ichiyo Izawa;01a02690-0cc3-70e2-9a00-dc6adc3a2c31
Idgitaf;01a02690-0cc3-70e2-9a00-dc6b487c8fd0
Ifan Seventeen;01a02690-0cc3-70e2-9a00-dc6c1566973d
Ikimonogakari;01a02690-0cc3-70e2-9a00-dc6d2974348e
Ikro.;01a02690-0cc3-70e2-9a00-dc6e2d8ebfa7
Imael Angel;01a02690-0cc3-70e2-9a00-dc6f4a6a80cb
Imagine Dragons;01a02690-0cc3-70e2-9a00-dc7087b09d70
Immer Hansi;01a02690-0cc3-70e2-9a00-dc71f2fba558
Imperial Orchestra;01a02690-0cc3-70e2-9a00-dc72c7226a72
Imran;01a02690-0cc3-70e2-9a00-dc732dbfed4d
In This Moment;01a02690-0cc3-70e2-9a00-dc748df16672
Indeevar;01a02690-0cc3-70e2-9a00-dc7551d3b5b7
Independentmusicart;01a02690-0cc3-70e2-9a00-dc763fd14b91
Indila;01a02690-0cc3-70e2-9a00-dc77cac2a39d
IngaRose;01a02690-0cc3-70e2-9a00-dc784e6eba02
Inori Minase;01a02690-0cc3-70e2-9a00-dc797fdfb5de
Inpatient;01a02690-0cc3-70e2-9a00-dc7a71851d28
Interpol;01a02690-0cc3-70e2-9a00-dc7babe53908
Irshad Kamil;01a02690-0cc3-70e2-9a00-dc7c02e381de
Isi Glück;01a02690-0cc3-70e2-9a00-dc7d1652dfdd
Island resident;01a02690-0cc3-70e2-9a00-dc7ec533ae50
Israel Kamakawiwo'ole;01a02690-0cc3-70e2-9a00-dc7f6c274143
Issac Ryan Brown;01a02690-0cc3-70e2-9a00-dc80a8112a9e
Issouf Manem yam;01a02690-0cc3-70e2-9a00-dc814b854530
It's Just Paz;01a02690-0cc3-70e2-9a00-dc82af9cd0c5
Izla P.;01a02690-0cc3-70e2-9a00-dc83dd32d0fb
J Balvin;01a02690-0cc3-70e2-9a00-dc84891b183a
J SOUL BROTHERS III from EXILE TRIBE;01a02690-0cc3-70e2-9a00-dc8535af0af1
J-Ax;01a02690-0cc3-70e2-9a00-dc868580d8db
J. Cole;01a02690-0cc3-70e2-9a00-dc8784cb8040
JAEHYUN;01a02690-0cc3-70e2-9a00-dc88100b6971
JAM Project;01a02690-0cc3-70e2-9a00-dc8918f00746
JAS;01a02690-0cc3-70e2-9a00-dc8aae497ad4
JASP.ER;01a02690-0cc3-70e2-9a00-dc8b17f90595
JAY B;01a02690-0cc3-70e2-9a00-dc8ca04621bc
JAŸ-Z;01a02690-0cc3-70e2-9a00-dc8d64da4632
JC-T;01a02690-0cc3-70e2-9a00-dc8e015cebd7
JD Steel;01a02690-0cc3-70e2-9a00-dc8f68951bcc
JENNIE;01a02690-0cc3-70e2-9a00-dc90dfae18c7
JERRY'S SOUND ROOM;01a02690-0cc3-70e2-9a00-dc916175b0ba
JERUB;01a02690-0cc3-70e2-9a00-dc92db8acdcd
JHAYCO;01a02690-0cc3-70e2-9a00-dc93bb165fbe
JHNWNDT;01a02690-0cc3-70e2-9a00-dc946127dd71
JI BLUE;01a02690-0cc3-70e2-9a00-dc95ed1e06c9
JINJIN;01a02690-0cc3-70e2-9a00-dc962b4a267a
JINU;01a02690-0cc3-70e2-9a00-dc9732f8705c
JISOKURY;01a02690-0cc3-70e2-9a00-dc98a33a505f
JJ Lin;01a02690-0cc3-70e2-9a00-dc994a44c01d
JMK;01a02690-0cc3-70e2-9a00-dc9a5b3dfd7c
JO1;01a02690-0cc3-70e2-9a00-dc9b63c33e96
JOLIN;01a02690-0cc3-70e2-9a00-dc9ca3016a99
JOLIN蔡依林;01a02690-0cc3-70e2-9a00-dc9dbcc5c6c3
JONAS LOVV;01a02690-0cc3-70e2-9a00-dc9e9209a14d
JP Cooper;01a02690-0cc3-70e2-9a00-dc9fc66124e7
JUGGLERZ;01a02690-0cc3-70e2-9a00-dca0d7de9828
JUN. K;01a02690-0cc3-70e2-9a00-dca197db1620
Jaap Reesema;01a02690-0cc3-70e2-9a00-dca249dc739a
Jacinta Guirguis;01a02690-0cc3-70e2-9a00-dca38c5c89e6
Jack Dylan;01a02690-0cc3-70e2-9a00-dca4f8ec8026
Jack Johnson;01a02690-0cc3-70e2-9a00-dca5654f6109
Jack O'Connell;01a02690-0cc3-70e2-9a00-dca6b21ea228
Jack Savoretti;01a02690-0cc3-70e2-9a00-dca7b1d9b01b
Jack Smalley;01a02690-0cc3-70e2-9a00-dca8f1fb64f3
Jack White;01a02690-0cc3-70e2-9a00-dca974426737
Jackson 5;01a02690-0cc3-70e2-9a00-dcaa634f34f9
Jackson Dean;01a02690-0cc3-70e2-9a00-dcabe503e5bd
Jackson Wang;01a02690-0cc3-70e2-9a00-dcac44933f6e
Jacob Alon;01a02690-0cc3-70e2-9a00-dcade71b6f9e
Jada Monroe;01a02690-0cc3-70e2-9a00-dcaef54657a8
Jaden Bojsen;01a02690-0cc3-70e2-9a00-dcaf62d4a9ae
Jadte;01a02690-0cc3-70e2-9a00-dcb01d268403
Jahin Music;01a02690-0cc3-70e2-9a00-dcb17aad1867
Jake Hoot;01a02690-0cc3-70e2-9a00-dcb232309a52
Jalen Ngonda;01a02690-0cc3-70e2-9a00-dcb33a81ec77
James Arthur;01a02690-0cc3-70e2-9a00-dcb4b7f32d43
James Blake;01a02690-0cc3-70e2-9a00-dcb5954c4d25
James Blunt;01a02690-0cc3-70e2-9a00-dcb6cb89169a
James Hype;01a02690-0cc3-70e2-9a00-dcb71287f2a9
James Johnston;01a02690-0cc3-70e2-9a00-dcb8e649591d
James Marriott;01a02690-0cc3-70e2-9a00-dcb9d52f7ac5
Jamie Bower;01a02690-0cc3-70e2-9a00-dcbac59cf167
Jamie Miller;01a02690-0cc3-70e2-9a00-dcbb6dbbfef4
Jamie T;01a02690-0cc3-70e2-9a00-dcbc11a354ce
Jamieson Shaw;01a02690-0cc3-70e2-9a00-dcbdadc580f3
Jan Biggel;01a02690-0cc3-70e2-9a00-dcbe1dba14f7
Jan Smit;01a02690-0cc3-70e2-9a00-dcbfa53c728c
Janet Jackson;01a02690-0cc3-70e2-9a00-dcc0ee2028b9
Jannes;01a02690-0cc3-70e2-9a00-dcc18df399c3
Jasmine Sandlas;01a02690-0cc3-70e2-9a00-dcc27cfe91d3
Jason Aldean;01a02690-0cc3-70e2-9a00-dcc388d520f2
Jason Derulo;01a02690-0cc3-70e2-9a00-dcc4db795fea
Jason Stills;01a02690-0cc3-70e2-9a00-dcc5d79c2b99
Jasper;01a02690-0cc3-70e2-9a00-dcc6ec2a3629
Jasser Labidi;01a02690-0cc3-70e2-9a00-dcc7bb143ff5
Javier Portela;01a02690-0cc3-70e2-9a00-dcc8eb730d6c
Jax Jones;01a02690-0cc3-70e2-9a00-dcc95e5e8216
Jax Wilder;01a02690-0cc3-70e2-9a00-dccac103283d
Jaxstyle;01a02690-0cc3-70e2-9a00-dccb540df5a3
Jay Chou;01a02690-0cc3-70e2-9a00-dccc3cabdee8
Jazzy;01a02690-0cc3-70e2-9a00-dccda13699f6
Jean-Jacques Goldman;01a02690-0cc3-70e2-9a00-dcce578d41ff
Jeanette Biedermann;01a02690-0cc3-70e2-9a00-dccf60a60dca
Jeanne;01a02690-0cc3-70e2-9a00-dcd01ed22e7b
Jeck;01a02690-0cc3-70e2-9a00-dcd1ce23df0e
Jeff Suits;01a02690-0cc3-70e2-9a00-dcd2cbe8c064
Jeffrey Heesen;01a02690-0cc3-70e2-9a00-dcd36e2d4e9b
Jeffrey Steele;01a02690-0cc3-70e2-9a00-dcd4ef79b89c
Jelly Roll;01a02690-0cc3-70e2-9a00-dcd564b12dd6
Jenifer;01a02690-0cc3-70e2-9a00-dcd64d747ff5
Jennifer Lopez;01a02690-0cc3-70e2-9a00-dcd7596fef42
Jennifer Rostock;01a02690-0cc3-70e2-9a00-dcd83e1d77c7
Jeremy Rosado;01a02690-0cc3-70e2-9a00-dcd9af3a975c
Jeremy Zucker;01a02690-0cc3-70e2-9a00-dcdac78bd4bf
Jernblod;01a02690-0cc3-70e2-9a00-dcdb166f4106
Jeroen Van Zelst;01a02690-0cc3-70e2-9a00-dcdcf84687b9
Jerome Timu;01a02690-0cc3-70e2-9a00-dcdd310f928c
Jerri;01a02690-0cc3-70e2-9a00-dcde0e0a2d6f
Jess Glynne;01a02690-0cc3-70e2-9a00-dcdf9a73eeee
Jessica Brouart;01a02690-0cc3-70e2-9a00-dce0fd28c0c9
Jessie J;01a02690-0cc3-70e2-9a00-dce14cf38e44
Jessie Ware;01a02690-0cc3-70e2-9a00-dce2550d19ae
Jill Scott;01a02690-0cc3-70e2-9a00-dce30dfdd32a
Jimmy Sax;01a02690-0cc3-70e2-9a00-dce43583b6c4
Jinguji Ren;01a02690-0cc3-70e2-9a00-dce5c8114474
JixWang;01a02690-0cc3-70e2-9a00-dce6f8e75e35
JoJo Siwa;01a02690-0cc3-70e2-9a00-dce7e923c8b3
JoJo165;01a02690-0cc3-70e2-9a00-dce8d5c279ab
Joe Hermes;01a02690-0cc3-70e2-9a00-dce965fd3552
Joe Jackson;01a02690-0cc3-70e2-9a00-dcea4b09ae27
Joe Nichols;01a02690-0cc3-70e2-9a00-dceb873d3256
Joe Rok;01a02690-0cc3-70e2-9a00-dcecaefc97e6
Joel Corry;01a02690-0cc3-70e2-9a00-dcedb8fccdc0
Joey Heindle;01a02690-0cc3-70e2-9a00-dcee354b77bf
Johannes Oerding;01a02690-0cc3-70e2-9a00-dcef216c7876
John Cougar Mellencamp;01a02690-0cc3-70e2-9a00-dcf07174a9bf
John Denver;01a02690-0cc3-70e2-9a00-dcf19e0e744c
John Farnham;01a02690-0cc3-70e2-9a00-dcf297ef8dc8
John Martin;01a02690-0cc3-70e2-9a00-dcf3ef97a0ad
John Mayer;01a02690-0cc3-70e2-9a00-dcf4d199ff0e
John de Bever;01a02690-0cc3-70e2-9a00-dcf5c5d50724
Johnny O.;01a02690-0cc3-70e2-9a00-dcf69ecdc2de
Joji;01a02690-0cc3-70e2-9a00-dcf7e9150479
Jon;01a02690-0cc3-70e2-9a00-dcf8b57c78d5
Jon Batiste;01a02690-0cc3-70e2-9a00-dcf994165a33
Jon Reddick;01a02690-0cc3-70e2-9a00-dcfad15dc7ec
Jonas Blue;01a02690-0cc3-70e2-9a00-dcfb4f1d7255
Jones;01a02690-0cc3-70e2-9a00-dcfc2a65b0a5
Joni Fuller;01a02690-0cc3-70e2-9a00-dcfdae79086d
Jordan Davis;01a02690-0cc3-70e2-9a00-dcfed237c37e
Jorin Hagen;01a02690-0cc3-70e2-9a00-dcffcf567ec5
Jorn;01a02690-0cc3-70e2-9a00-dd003cf907c9
Jose's House;01a02690-0cc3-70e2-9a00-dd0145efcb29
Josh Fawaz;01a02690-0cc3-70e2-9a00-dd02cbf5ae26
Josh Groban;01a02690-0cc3-70e2-9a00-dd03917035a6
Joshua Giles;01a02690-0cc3-70e2-9a00-dd04f2573f75
Josiah Queen;01a02690-0cc3-70e2-9a00-dd05ca5611b2
Josiah Siska;01a02690-0cc3-70e2-9a00-dd06193c34fd
José Molina;01a02690-0cc3-70e2-9a00-dd0775526b13
Journey;01a02690-0cc3-70e2-9a00-dd08ec48fde2
Jovanotti;01a02690-0cc3-70e2-9a00-dd0995f1babb
Jowell & Randy;01a02690-0cc3-70e2-9a00-dd0a585ac24c
Joy Williams;01a02690-0cc3-70e2-9a00-dd0b9ccf421b
Jr.;01a02690-0cc3-70e2-9a00-dd0c524e4463
Judah;01a02690-0cc3-70e2-9a00-dd0d0aecad9f
Judah Earl;01a02690-0cc3-70e2-9a00-dd0e2323372d
Jude York;01a02690-0cc3-70e2-9a00-dd0fb1c5f771
Judeline;01a02690-0cc3-70e2-9a00-dd1062b29b6f
Juju;01a02690-0cc3-70e2-9a00-dd113c5b370c
Julia Stone;01a02690-0cc3-70e2-9a00-dd12e57ded4c
Julian Sommer;01a02690-0cc3-70e2-9a00-dd133636c259
Juliette Armanet;01a02690-0cc3-70e2-9a00-dd1403fa7a1f
Julio Iglesias;01a02690-0cc3-70e2-9a00-dd15ba23cb4f
Julius Legend;01a02690-0cc3-70e2-9a00-dd16720d624c
Jun Maeda;01a02690-0cc3-70e2-9a00-dd178b107b2d
Jung Kook;01a02690-0cc3-70e2-9a00-dd18b01ec385
Jung Yong Hwa;01a02690-0cc3-70e2-9a00-dd1916acf0b9
Jungle;01a02690-0cc3-70e2-9a00-dd1aa895b657
Junkie Kid;01a02690-0cc3-70e2-9a00-dd1bdf15f6db
Justen de Wildt;01a02690-0cc3-70e2-9a00-dd1cc2cc1030
Justice;01a02690-0cc3-70e2-9a00-dd1db31f42f2
Justin Bieber;01a02690-0cc3-70e2-9a00-dd1ea2161701
Justė;01a02690-0cc3-70e2-9a00-dd1f657bc95f
Juvenile;01a02690-0cc3-70e2-9a00-dd202df13c3b
K-Fly;01a02690-0cc3-70e2-9a00-dd2188f1747b
K.Maro;01a02690-0cc3-70e2-9a00-dd22243d6a4a
K3;01a02690-0cc3-70e2-9a00-dd2356c3a7d9
KAMRAD;01a02690-0cc3-70e2-9a00-dd249f8bea10
KANA-BOON;01a02690-0cc3-70e2-9a00-dd25ff7e3c2a
KANGDANIEL;01a02690-0cc3-70e2-9a00-dd265fcb5d29
KANGIN;01a02690-0cc3-70e2-9a00-dd276a21b7cd
KAROL G;01a02690-0cc3-70e2-9a00-dd288680628d
KAT-TUN;01a02690-0cc3-70e2-9a00-dd299d3d8a7a
KATO;01a02690-0cc3-70e2-9a00-dd2a95e98e81
KATSEYE;01a02690-0cc3-70e2-9a00-dd2b7b0d0aa5
KAWANISHI TAKUMI;01a02690-0cc3-70e2-9a00-dd2cd8b42579
KAYΛ;01a02690-0cc3-70e2-9a00-dd2d6017c074
KC Rebell;01a02690-0cc3-70e2-9a00-dd2ea1a910ae
KIM JI WOONG;01a02690-0cc3-70e2-9a00-dd2f49afe045
KIM TAE RAE;01a02690-0cc3-70e2-9a00-dd306c63ab4f
KIRA SUMERAGI(CV.Daisuke Ono);01a02690-0cc3-70e2-9a00-dd31a85362b3
KISS OF LIFE;01a02690-0cc3-70e2-9a00-dd32b5e08500
KITSCHKRIEG;01a02690-0cc3-70e2-9a00-dd33b13cf11a
KNGDM REVIVAL;01a02690-0cc3-70e2-9a00-dd34e2eb580b
KO1KEYZ;01a02690-0cc3-70e2-9a00-dd35ca778b0c
KPop Demon Hunters Cast;01a02690-0cc3-70e2-9a00-dd36b117ff0c
KUN;01a02690-0cc3-70e2-9a00-dd37da96b156
KYOSUKE FUJIMAKI (INI);01a02690-0cc3-70e2-9a00-dd3861d67684
Kacey Musgraves;01a02690-0cc3-70e2-9a00-dd39e128b393
Kae Tempest;01a02690-0cc3-70e2-9a00-dd3a44675ee9
Kagami Hayato;01a02690-0cc3-70e2-9a00-dd3b0d7c2543
Kaguya(cv.Yuko Natsuyoshi);01a02690-0cc3-70e2-9a00-dd3c8aa5b4a2
Kaida Haru;01a02690-0cc3-70e2-9a00-dd3dcfb7e23f
Kaitlin Aragon;01a02690-0cc3-70e2-9a00-dd3ebfd1a015
Kali Uchis;01a02690-0cc3-70e2-9a00-dd3fb0aa9930
Kaltis;01a02690-0cc3-70e2-9a00-dd4030a8b58b
Kamelot;01a02690-0cc3-70e2-9a00-dd41e7ec086b
Kameron Marlowe;01a02690-0cc3-70e2-9a00-dd42ef87d696
Kan;01a02690-0cc3-70e2-9a00-dd43017c5a58
Kana Nishino;01a02690-0cc3-70e2-9a00-dd44aef1e5cb
Kane Brown;01a02690-0cc3-70e2-9a00-dd45aa76386a
Kany García;01a02690-0cc3-70e2-9a00-dd461c79165c
Kanye West;01a02690-0cc3-70e2-9a00-dd47e3edb245
Kapo;01a02690-0cc3-70e2-9a00-dd48d56fea51
Kara Holt;01a02690-0cc3-70e2-9a00-dd498c9cb887
Kareen Antonn;01a02690-0cc3-70e2-9a00-dd4a55e45579
Karl Herz;01a02690-0cc3-70e2-9a00-dd4bfa96e49d
Karnivool;01a02690-0cc3-70e2-9a00-dd4c7aceac82
Kasabian;01a02690-0cc3-70e2-9a00-dd4d7f3fae89
Kasalla;01a02690-0cc3-70e2-9a00-dd4e066ad858
Kate Bush;01a02690-0cc3-70e2-9a00-dd4f3e19ca94
Kate Ryan;01a02690-0cc3-70e2-9a00-dd506883b7ef
Katharina Eisenblut;01a02690-0cc3-70e2-9a00-dd512b0990b2
Kato;01a02690-0cc3-70e2-9a00-dd525c545d66
Katy Perry;01a02690-0cc3-70e2-9a00-dd5370b849cb
Kavinsky;01a02690-0cc3-70e2-9a00-dd5408a78497
Kazama Iroha;01a02690-0cc3-70e2-9a00-dd559ae143a9
Kazuya Kamenashi;01a02690-0cc3-70e2-9a00-dd5605c7e563
Kazuya Yoshii;01a02690-0cc3-70e2-9a00-dd57c67d8cb0
Ke personajes;01a02690-0cc3-70e2-9a00-dd58608a04b1
Keane;01a02690-0cc3-70e2-9a00-dd597fdf6654
Keb' Mo';01a02690-0cc3-70e2-9a00-dd5a0c75a8af
Kehlani;01a02690-0cc3-70e2-9a00-dd5b6ee2dc87
Keisuke Kuwata;01a02690-0cc3-70e2-9a00-dd5c1810d57e
Keith Urban;01a02690-0cc3-70e2-9a00-dd5d08bcf918
Keli Holiday;01a02690-0cc3-70e2-9a00-dd5e3b91a787
Kelly Boesch;01a02690-0cc3-70e2-9a00-dd5f53427130
Kelly Clarkson;01a02690-0cc3-70e2-9a00-dd60652bf357
Kelsea Ballerini;01a02690-0cc3-70e2-9a00-dd614878a356
Kendrick Lamar;01a02690-0cc3-70e2-9a00-dd624e759c3b
Kenia Os;01a02690-0cc3-70e2-9a00-dd632df9391d
Kenny Chesney;01a02690-0cc3-70e2-9a00-dd64949d9fe0
Kenny G;01a02690-0cc3-70e2-9a00-dd65b1229f48
Kenny Loggins;01a02690-0cc3-70e2-9a00-dd666f436959
Kenny Rogers;01a02690-0cc3-70e2-9a00-dd67c805f77c
Kenshi Yonezu;01a02690-0cc3-70e2-9a00-dd68da69d812
Kenshi Yonezu - Karasu;01a02690-0cc3-70e2-9a00-dd69475fdf43
Kensington;01a02690-0cc3-70e2-9a00-dd6a6a4abfbb
Kento Nakajima;01a02690-0cc3-70e2-9a00-dd6b1a7a4221
Kerry Katona;01a02690-0cc3-70e2-9a00-dd6c805723dd
Kerstin Ott;01a02690-0cc3-70e2-9a00-dd6daef506d0
Ketan Kumar;01a02690-0cc3-70e2-9a00-dd6e1910b8ca
Ketsumeishi;01a02690-0cc3-70e2-9a00-dd6f6d286571
Kevin Keegan;01a02690-0cc3-70e2-9a00-dd70260b87e4
Kevin Woo;01a02690-0cc3-70e2-9a00-dd71ff07a942
Kezia Gill;01a02690-0cc3-70e2-9a00-dd72921271ff
Khalid;01a02690-0cc3-70e2-9a00-dd734ed24e40
Khan Saab;01a02690-0cc3-70e2-9a00-dd74ac0803df
Kiara Romero;01a02690-0cc3-70e2-9a00-dd75476c66c7
Kid Rock;01a02690-0cc3-70e2-9a00-dd76053370be
Kidd Voodoo;01a02690-0cc3-70e2-9a00-dd77327276fa
Kiesza;01a02690-0cc3-70e2-9a00-dd78ffb21d52
Kihyun;01a02690-0cc3-70e2-9a00-dd7918af9110
KiiiKiii;01a02690-0cc3-70e2-9a00-dd7aba74734a
Kiko;01a02690-0cc3-70e2-9a00-dd7b5866a008
Killermichel;01a02690-0cc3-70e2-9a00-dd7cdb4d0302
Kim Jae Joong;01a02690-0cc3-70e2-9a00-dd7d00e5df25
Kim Min Seok;01a02690-0cc3-70e2-9a00-dd7e7cd20a08
Kim Petras;01a02690-0cc3-70e2-9a00-dd7f1d1dd782
Kimo Sounds;01a02690-0cc3-70e2-9a00-dd80334febdc
King;01a02690-0cc3-70e2-9a00-dd813fb31843
King Gnu;01a02690-0cc3-70e2-9a00-dd82b3981992
King Willonius;01a02690-0cc3-70e2-9a00-dd83c67ad1b3
Kingfishr;01a02690-0cc3-70e2-9a00-dd849404a116
Kings of Günter;01a02690-0cc3-70e2-9a00-dd85fc557c0f
Kip Moore;01a02690-0cc3-70e2-9a00-dd86b9622bc2
Kippei Tachibana(CV:Yoshihisa Kawahara);01a02690-0cc3-70e2-9a00-dd872c4560be
Király Viktor;01a02690-0cc3-70e2-9a00-dd880b189f90
Kis-My-Ft2;01a02690-0cc3-70e2-9a00-dd8949af7251
Kiseki (CV: Seena Hoshiki);01a02690-0cc3-70e2-9a00-dd8a972f1598
Kiss;01a02690-0cc3-70e2-9a00-dd8b9f1c8715
Kitami Yusei;01a02690-0cc3-70e2-9a00-dd8c3936f1ce
Klaus;01a02690-0cc3-70e2-9a00-dd8d8ed8d173
Klaus Badelt;01a02690-0cc3-70e2-9a00-dd8eec974eb2
Klaus Kosmonaut;01a02690-0cc3-70e2-9a00-dd8f9d05dcf2
Kneecap;01a02690-0cc3-70e2-9a00-dd90cee78251
Knights;01a02690-0cc3-70e2-9a00-dd91bf0eba77
Knocked Loose;01a02690-0cc3-70e2-9a00-dd928924fde7
Kobukuro;01a02690-0cc3-70e2-9a00-dd9337399fe8
Kodak Black;01a02690-0cc3-70e2-9a00-dd947025b738
Koe Wetzel;01a02690-0cc3-70e2-9a00-dd959fbf8c90
Koji Tamaki;01a02690-0cc3-70e2-9a00-dd964f3f2fd0
Kolter;01a02690-0cc3-70e2-9a00-dd9709edb022
Konomi Suzuki;01a02690-0cc3-70e2-9a00-dd98e5612d11
Kontra K;01a02690-0cc3-70e2-9a00-dd999b4659ea
Korn;01a02690-0cc3-70e2-9a00-dd9af629a89d
Kotti Affair;01a02690-0cc3-70e2-9a00-dd9b22b92f4e
Kouhei Matsushita;01a02690-0cc3-70e2-9a00-dd9ca296a175
Kremont;01a02690-0cc3-70e2-9a00-dd9da86fd57f
Kris Kross Amsterdam;01a02690-0cc3-70e2-9a00-dd9e7dc2d13e
Kurt D;01a02690-0cc3-70e2-9a00-dd9f0f607814
Kvi Baba;01a02690-0cc3-70e2-9a00-dda0c5a55629
Kygo;01a02690-0cc3-70e2-9a00-dda1a6bb73e6
Kyle Dixon;01a02690-0cc3-70e2-9a00-dda2ef2a0bbf
Kylie Cantrall;01a02690-0cc3-70e2-9a00-dda301ec3c45
Kylie Minogue;01a02690-0cc3-70e2-9a00-dda476b9062b
Kyndal Inskeep;01a02690-0cc3-70e2-9a00-dda591e9454e
Kyoko Igarashi (CV: Atsumi Tanezaki);01a02690-0cc3-70e2-9a00-dda670c8adda
Kénosis by RC - (Tú) El único rey;01a02690-0cc3-70e2-9a00-dda71974a7af
Kürşad Kahraman;01a02690-0cc3-70e2-9a00-dda84086e1c0
L.J. Benet;01a02690-0cc3-70e2-9a00-dda95cc70e1c
LANY;01a02690-0cc3-70e2-9a00-ddaa53f4e0e2
LAY;01a02690-0cc3-70e2-9a00-ddab73fbb40e
LBI;01a02690-0cc3-70e2-9a00-ddac8a07dd18
LDA;01a02690-0cc3-70e2-9a00-ddad4452cce2
LE SSERAFIM;01a02690-0cc3-70e2-9a00-ddaefbe36e0d
LEE JUNHO;01a02690-0cc3-70e2-9a00-ddaf6ddee347
LEO;01a02690-0cc3-70e2-9a00-ddb0ef0e2690
LIM;01a02690-0cc3-70e2-9a00-ddb12bda974e
LINKIN PARK;01a02690-0cc3-70e2-9a00-ddb2c4dd730d
LISA;01a02690-0cc3-70e2-9a00-ddb30cf54dae
LMFAO;01a02690-0cc3-70e2-9a00-ddb4343cf461
LNGSHOT;01a02690-0cc3-70e2-9a00-ddb55c4320e6
LOCASH;01a02690-0cc3-70e2-9a00-ddb62142afa1
LOOK MUM NO COMPUTER;01a02690-0cc3-70e2-9a00-ddb7c73cba40
LOST & FOUND;01a02690-0cc3-70e2-9a00-ddb80db36b7b
LOTTE;01a02690-0cc3-70e2-9a00-ddb91018fa15
LOUIS of LNGSHOT;01a02690-0cc3-70e2-9a00-ddbad2f86d8b
LOVIXX;01a02690-0cc3-70e2-9a00-ddbbef6c508b
LOVIXX STOSLIV;01a02690-0cc3-70e2-9a00-ddbced9884a1
LUIZA;01a02690-0cc3-70e2-9a00-ddbd81e40c8c
LYKN;01a02690-0cc3-70e2-9a00-ddbeee4685dd
LYRICFLOW81;01a02690-0cc3-70e2-9a00-ddbf5755642d
La La Love You;01a02690-0cc3-70e2-9a00-ddc06bb51f63
La Mano 1.9;01a02690-0cc3-70e2-9a00-ddc13297db29
La Oreja de Van Gogh;01a02690-0cc3-70e2-9a00-ddc23eb5f25e
La Voix;01a02690-0cc3-70e2-9a00-ddc31b956056
LaBritney;01a02690-0cc3-70e2-9a00-ddc48c8345a2
Ladd McIntosh;01a02690-0cc3-70e2-9a00-ddc53dfb231e
Lady Gaga;01a02690-0cc3-70e2-9a00-ddc63fda50ea
Ladytron;01a02690-0cc3-70e2-9a00-ddc782220f64
Laga;01a02690-0cc3-70e2-9a00-ddc8fe7825b3
Lainey Wilson;01a02690-0cc3-70e2-9a00-ddc9cbb01360
Lamb of God;01a02690-0cc3-70e2-9a00-ddca6c8d917e
Lamme Frans;01a02690-0cc3-70e2-9a00-ddcb8498fa44
Lana Del Rey;01a02690-0cc3-70e2-9a00-ddcce5e74e72
Lankum;01a02690-0cc3-70e2-9a00-ddcd0633a21c
Lara Fabian;01a02690-0cc3-70e2-9a00-ddceac0e0c15
Lara Hulo;01a02690-0cc3-70e2-9a00-ddcf40b494bd
Las Ardillitas de Lalo Guerrero;01a02690-0cc3-70e2-9a00-ddd01b39527b
Las Ketchup;01a02690-0cc3-70e2-9a00-ddd12ce7d8ab
Lasgo;01a02690-0cc3-70e2-9a00-ddd204dda3f9
LassTunesDeutsch;01a02690-0cc3-70e2-9a00-ddd315377fa0
Laufey;01a02690-0cc3-70e2-9a00-ddd4bef465dc
Laura;01a02690-0cc3-70e2-9a00-ddd5a9534cb4
Laura Pausini;01a02690-0cc3-70e2-9a00-ddd672e3204c
Lauren Alaina;01a02690-0cc3-70e2-9a00-ddd7839c0106
Lauren Daigle;01a02690-0cc3-70e2-9a00-ddd8a93d5004
Lauren Iroas;01a02690-0cc3-70e2-9a00-ddd9b9fb0f51
Lauren Spencer Smith;01a02690-0cc3-70e2-9a00-dddab048c4d9
Lauryn Hill;01a02690-0cc3-70e2-9a00-dddb282b43b3
Layah Noir;01a02690-0cc3-70e2-9a00-dddc1e265ba7
Layup;01a02690-0cc3-70e2-9a00-dddd5cf1d16d
Lea Marie;01a02690-0cc3-70e2-9a00-dddea0a9cf15
Lea Michele;01a02690-0cc3-70e2-9a00-dddf10c1428b
Lee Ann Womack;01a02690-0cc3-70e2-9a00-dde0b5553b5a
Lee Brennan;01a02690-0cc3-70e2-9a00-dde17467bd26
Lee Brice;01a02690-0cc3-70e2-9a00-dde2c274b60d
Lee Greenwood;01a02690-0cc3-70e2-9a00-dde3ace08774
Lee Kernaghan;01a02690-0cc3-70e2-9a00-dde4ace37393
Leigh-Anne;01a02690-0cc3-70e2-9a00-dde5e2bc381f
Lenin Ramírez;01a02690-0cc3-70e2-9a00-dde631fbe7ad
Lenny Kravitz;01a02690-0cc3-70e2-9a00-dde7ac1c103c
Leon Bridges;01a02690-0cc3-70e2-9a00-dde8c0ca838d
Leon Machère;01a02690-0cc3-70e2-9a00-dde94712cdaf
Leon Thomas;01a02690-0cc3-70e2-9a00-ddea127f9f43
Leonard Cohen;01a02690-0cc3-70e2-9a00-ddebee6985ac
Leony;01a02690-0cc3-70e2-9a00-ddec1b1d7fa2
Les Enfoirés;01a02690-0cc3-70e2-9a00-dded69acf084
Leslie Odom;01a02690-0cc3-70e2-9a00-ddee1e3aae6b
Lesser Grief;01a02690-0cc3-70e2-9a00-ddeffad3c66c
Levant;01a02690-0cc3-70e2-9a00-ddf0275437ec
Levante;01a02690-0cc3-70e2-9a00-ddf1482cf69c
Lewis Capaldi;01a02690-0cc3-70e2-9a00-ddf2d72fffe7
Lexi Walker;01a02690-0cc3-70e2-9a00-ddf31e9b0b10
LiSA;01a02690-0cc3-70e2-9a00-ddf45ece04e0
Liamani Segura;01a02690-0cc3-70e2-9a00-ddf56ff73dd6
Liana Ford;01a02690-0cc3-70e2-9a00-ddf6005b6773
Lidice;01a02690-0cc3-70e2-9a00-ddf7a1aed5da
Like Mike;01a02690-0cc3-70e2-9a00-ddf8b961946c
Lil Kleine;01a02690-0cc3-70e2-9a00-ddf934a67ad8
Lil Uzi Vert;01a02690-0cc3-70e2-9a00-ddfaf06c6991
Lil' Troy;01a02690-0cc3-70e2-9a00-ddfbeefa3fff
Lilas;01a02690-0cc3-70e2-9a00-ddfc3780faef
Lilja Katsuragi;01a02690-0cc3-70e2-9a00-ddfdf4396493
Lily Campa;01a02690-0cc3-70e2-9a00-ddfeb73dbe40
Limp Bizkit;01a02690-0cc3-70e2-9a00-ddff5ca92868
Linda Lampenius;01a02690-0cc3-70e2-9a00-de00991eb7b3
Linda Ronstadt;01a02690-0cc3-70e2-9a00-de018dfc37be
Lingling Kwong;01a02690-0cc3-70e2-9a00-de02c7e522ab
Linkin Park;01a02690-0cc3-70e2-9a00-de03760e8afd
Lionel Richie;01a02690-0cc3-70e2-9a00-de043379d620
Lisa Gerrard;01a02690-0cc3-70e2-9a00-de051db2239a
Lisa Perry Wildman;01a02690-0cc3-70e2-9a00-de06224697b4
Little Big Town;01a02690-0cc3-70e2-9a00-de07fe6c332a
Little Glee Monster;01a02690-0cc3-70e2-9a00-de085425e0d3
Lize Helesta;01a02690-0cc3-70e2-9a00-de09b40417ea
Lizzo;01a02690-0cc3-70e2-9a00-de0a78f695bf
Loathe;01a02690-0cc3-70e2-9a00-de0bf21f172f
Logandeep;01a02690-0cc3-70e2-9a00-de0c8cb2f678
Logotype (CV: Misora Takahashi);01a02690-0cc3-70e2-9a00-de0d7509a9a9
Lola Young;01a02690-0cc3-70e2-9a00-de0e881408cf
Lola Índigo;01a02690-0cc3-70e2-9a00-de0f7e8de9a4
London Grammar;01a02690-0cc3-70e2-9a00-de1018cc2d6e
London Music Works;01a02690-0cc3-70e2-9a00-de1102d6a0e7
London Voices;01a02690-0cc3-70e2-9a00-de12848e7470
Lord Huron;01a02690-0cc3-70e2-9a00-de137b8269dd
Lord of the Lost;01a02690-0cc3-70e2-9a00-de14bfa983b0
Loreen;01a02690-0cc3-70e2-9a00-de15fd10f57b
Lorenz Büffel;01a02690-0cc3-70e2-9a00-de16b260f901
Los Lobos;01a02690-0cc3-70e2-9a00-de17e7364321
Los Pleneros de la Cresta;01a02690-0cc3-70e2-9a00-de186d43b75d
Los Ángeles Azules;01a02690-0cc3-70e2-9a00-de19595e3dac
Lost Frequencies;01a02690-0cc3-70e2-9a00-de1a5ccfde8c
Lost Vinyl Revival;01a02690-0cc3-70e2-9a00-de1bb02c6d8e
Lou Gramm;01a02690-0cc3-70e2-9a00-de1cbf57b10e
Louane;01a02690-0cc3-70e2-9a00-de1dd695bbd0
Loud Luxury;01a02690-0cc3-70e2-9a00-de1e31b6e24c
Louis Armstrong;01a02690-0cc3-70e2-9a00-de1f64851ac8
Louis Dunford;01a02690-0cc3-70e2-9a00-de20b42483fc
Louis Tomlinson;01a02690-0cc3-70e2-9a00-de21ccf2348f
Love Pattranite;01a02690-0cc3-70e2-9a00-de22a4243823
Love and Deepspace;01a02690-0cc3-70e2-9a00-de23990bd314
Loves Only You (CV: Miyu Kubota);01a02690-0cc3-70e2-9a00-de241903925d
Loïc Nottet;01a02690-0cc3-70e2-9a00-de25715bf241
Lqier;01a02690-0cc3-70e2-9a00-de26ee59c1b2
Luca-Dante Spadafora;01a02690-0cc3-70e2-9a00-de27a9ea1336
Lucenzo;01a02690-0cc3-70e2-9a00-de287bacf089
Lucero;01a02690-0cc3-70e2-9a00-de291548061d
Luciano Pavarotti;01a02690-0cc3-70e2-9a00-de2ae50d6327
Lucky Lilac (CV: Yuki Nakashima);01a02690-0cc3-70e2-9a00-de2bcabddc03
LuckyStar;01a02690-0cc3-70e2-9a00-de2c2f99d329
Ludovico Einaudi;01a02690-0cc3-70e2-9a00-de2ddc7ddb35
Ludwig Göransson;01a02690-0cc3-70e2-9a00-de2eded7288a
Luis Fonsi;01a02690-0cc3-70e2-9a00-de2f88db3fe3
Luk3;01a02690-0cc3-70e2-9a00-de30befd6903
Luke Bryan;01a02690-0cc3-70e2-9a00-de31f15db566
Luke Combs;01a02690-0cc3-70e2-9a00-de3281479caf
Luke Grimes;01a02690-0cc3-70e2-9a00-de33947763af
Luna Azul;01a02690-0cc3-70e2-9a00-de34f1f5e9ff
Luther Vandross;01a02690-0cc3-70e2-9a00-de3500fbba3e
Luv Foundation (UK);01a02690-0cc3-70e2-9a00-de36bbefd422
Luz;01a02690-0cc3-70e2-9a00-de3707965d4a
Lykke Li;01a02690-0cc3-70e2-9a00-de38dc6872c2
Lynn Melodi;01a02690-0cc3-70e2-9a00-de39ac1ccd82
Lynyrd Skynyrd;01a02690-0cc3-70e2-9a00-de3aaa1b358b
Léman;01a02690-0cc3-70e2-9a00-de3b016c551c
Léo Santana;01a02690-0cc3-70e2-9a00-de3c977e7d99
Lø Spirit;01a02690-0cc3-70e2-9a00-de3dc90d452d
M!LK;01a02690-0cc3-70e2-9a00-de3e800dc565
M. Pokora;01a02690-0cc3-70e2-9a00-de3fc924c2e5
M.Sasuke;01a02690-0cc3-70e2-9a00-de40484af13d
M83;01a02690-0cc3-70e2-9a00-de41c2db7e9d
MAMAMOO;01a02690-0cc3-70e2-9a00-de422d9c1467
MASATO HIJIRIKAWA(CV.Kenichi Suzumura);01a02690-0cc3-70e2-9a00-de4311f47297
MASON HOME;01a02690-0cc3-70e2-9a00-de44f274cd6e
MAZZEL;01a02690-0cc3-70e2-9a00-de453b23d864
MDB;01a02690-0cc3-70e2-9a00-de4673943967
ME:I;01a02690-0cc3-70e2-9a00-de4769d728d1
MEDUZA;01a02690-0cc3-70e2-9a00-de48a3889b7a
MEEK;01a02690-0cc3-70e2-9a00-de4964b1714b
MELLOW DEAR US;01a02690-0cc3-70e2-9a00-de4abb49a505
MILLENNIUM PARADE;01a02690-0cc3-70e2-9a00-de4b5b6c6054
MILLI;01a02690-0cc3-70e2-9a00-de4c941fafd8
MINHO;01a02690-0cc3-70e2-9a00-de4d69c1e885
MISAMO;01a02690-0cc3-70e2-9a00-de4eb913f807
MISIA;01a02690-0cc3-70e2-9a00-de4fc4069ffd
MIZMO;01a02690-0cc3-70e2-9a00-de5045001a57
MJ;01a02690-0cc3-70e2-9a00-de51471b3d12
MOLIY;01a02690-0cc3-70e2-9a00-de5217d5be0e
MOLLY SUE;01a02690-0cc3-70e2-9a00-de537d3cc9da
MONAKI;01a02690-0cc3-70e2-9a00-de5404efb71c
MONKEY MAJIK;01a02690-0cc3-70e2-9a00-de5543ef5f74
MONSTA X;01a02690-0cc3-70e2-9a00-de56bf8f40b5
MT Jones;01a02690-0cc3-70e2-9a00-de573ecb5803
MUNA;01a02690-0cc3-70e2-9a00-de584c95d600
MYTH;01a02690-0cc3-70e2-9a00-de5936fb9cb3
MYTH & ROID;01a02690-0cc3-70e2-9a00-de5a59699f38
Maaya Sakamoto;01a02690-0cc3-70e2-9a00-de5b7a6d03f2
Mac Glocky;01a02690-0cc3-70e2-9a00-de5ce7403b74
Machine Head;01a02690-0cc3-70e2-9a00-de5d1d92fe08
Mack Geiger;01a02690-0cc3-70e2-9a00-de5ea0f35aa6
Madame;01a02690-0cc3-70e2-9a00-de5f2c85652a
Madison Beer;01a02690-0cc3-70e2-9a00-de60df6be1f0
Madonna;01a02690-0cc3-70e2-9a00-de61cfcd3029
Magnus Ferrell;01a02690-0cc3-70e2-9a00-de62429efe58
Maher Zain;01a02690-0cc3-70e2-9a00-de639dfe559b
Maisak;01a02690-0cc3-70e2-9a00-de64cd14a742
Maisie Peters;01a02690-0cc3-70e2-9a00-de65fa0d223c
Maite Kelly;01a02690-0cc3-70e2-9a00-de6653c8d96e
Malcolm Todd;01a02690-0cc4-742e-86ec-7dabb5d20b95
Malia Baker;01a02690-0cc4-742e-86ec-7dac0f4d4d97
Malika Ayane;01a02690-0cc4-742e-86ec-7dad71b25c8a
Malive;01a02690-0cc4-742e-86ec-7dae9d219496
Mall Grab;01a02690-0cc4-742e-86ec-7daf0f9a45f8
Maluma;01a02690-0cc4-742e-86ec-7db05b45219d
Mandi Fisher;01a02690-0cc4-742e-86ec-7db1d9775cf6
Manolo Escobar;01a02690-0cc4-742e-86ec-7db2dddfb682
Manon Lisa;01a02690-0cc4-742e-86ec-7db3871f070f
Mantle Music The Company of Prophets;01a02690-0cc4-742e-86ec-7db4f4368cf0
Manu Chao;01a02690-0cc4-742e-86ec-7db59609cd49
Manuel Turizo;01a02690-0cc4-742e-86ec-7db657457249
Mao Arimura;01a02690-0cc4-742e-86ec-7db76ade3add
Mapei;01a02690-0cc4-742e-86ec-7db8ea06b2f5
Maphra;01a02690-0cc4-742e-86ec-7db9b2eaf263
MarEmi2526;01a02690-0cc4-742e-86ec-7dba102dc2ce
Mara Justine;01a02690-0cc4-742e-86ec-7dbb804031fc
Marc Almond;01a02690-0cc4-742e-86ec-7dbc38aa6135
Marc Anthony;01a02690-0cc4-742e-86ec-7dbd91674ee9
Marc Eggers;01a02690-0cc4-742e-86ec-7dbe7ad00419
Marc Rebillet;01a02690-0cc4-742e-86ec-7dbf3c343d59
Marc Scibilia;01a02690-0cc4-742e-86ec-7dc056175a03
Marc Sommerfeld;01a02690-0cc4-742e-86ec-7dc13bc719cc
Marche Lorraine (CV: Tsukino Chikasada);01a02690-0cc4-742e-86ec-7dc27c2c5d9f
Marcia Hines;01a02690-0cc4-742e-86ec-7dc390829684
Marco Masini;01a02690-0cc4-742e-86ec-7dc4c58b46d3
Marco Schuitmaker;01a02690-0cc4-742e-86ec-7dc5456f1c40
Marconi Union;01a02690-0cc4-742e-86ec-7dc605483a95
Marcus Maison;01a02690-0cc4-742e-86ec-7dc7a1873452
Maria Paola Ortega;01a02690-0cc4-742e-86ec-7dc86379a4df
Maria Wirries;01a02690-0cc4-742e-86ec-7dc94037a9e4
Mariah Carey;01a02690-0cc4-742e-86ec-7dcabedbf26b
Mariah the Scientist;01a02690-0cc4-742e-86ec-7dcb5a8934bf
Marilyn Manson;01a02690-0cc4-742e-86ec-7dcc69945853
Marina Marx;01a02690-0cc4-742e-86ec-7dcdc8c41205
Marina Sway;01a02690-0cc4-742e-86ec-7dce8bee2b85
Mark;01a02690-0cc4-742e-86ec-7dcf0aff2708
Mark Forster;01a02690-0cc4-742e-86ec-7dd09a020e87
Mark Medlock;01a02690-0cc4-742e-86ec-7dd1d4d17f81
Mark Morrison;01a02690-0cc4-742e-86ec-7dd2d0dd6cbf
Mark Ronson;01a02690-0cc4-742e-86ec-7dd3c3c2e615
Mark Tuan;01a02690-0cc4-742e-86ec-7dd4dd7b1175
Markus Becker;01a02690-0cc4-742e-86ec-7dd5b88be174
Markus Rotano;01a02690-0cc4-742e-86ec-7dd606f87bf9
Markéta Irglová;01a02690-0cc4-742e-86ec-7dd7ff1183f6
Marlon Caro;01a02690-0cc4-742e-86ec-7dd850a1db77
Marlon Hoffstadt;01a02690-0cc4-742e-86ec-7dd9bd9c45bb
Maroon 5;01a02690-0cc4-742e-86ec-7ddaae1ddec6
Marracash;01a02690-0cc4-742e-86ec-7ddb86aab2ed
Marshall Hamburger;01a02690-0cc4-742e-86ec-7ddcccefe13e
Marshmello;01a02690-0cc4-742e-86ec-7ddd0f8ece0f
Mart Hoogkamer;01a02690-0cc4-742e-86ec-7dde51a4c62f
Marteria;01a02690-0cc4-742e-86ec-7ddf03a64265
Martin;01a02690-0cc4-742e-86ec-7de05e530e5a
Martin Garrix;01a02690-0cc4-742e-86ec-7de15d3d1723
Martina McBride;01a02690-0cc4-742e-86ec-7de2af376826
Masaharu Fukuyama;01a02690-0cc4-742e-86ec-7de3440a4464
Masaki Suda;01a02690-0cc4-742e-86ec-7de414737099
Masanori Otoda;01a02690-0cc4-742e-86ec-7de5d42ec1b0
Masayoshi Soken;01a02690-0cc4-742e-86ec-7de6dd183375
Mason Crow;01a02690-0cc4-742e-86ec-7de7053ea586
Massive Attack;01a02690-0cc4-742e-86ec-7de8d3123cd3
Mastodon;01a02690-0cc4-742e-86ec-7de91c45b8ae
Mat Kearney;01a02690-0cc4-742e-86ec-7dea6cc0fb78
Matterz;01a02690-0cc4-742e-86ec-7deb75a6de5c
Matthias Reim;01a02690-0cc4-742e-86ec-7decc0bae661
Mauvais Djo;01a02690-0cc4-742e-86ec-7dedd243a5f9
Max B;01a02690-0cc4-742e-86ec-7dee9eb5ee8d
Max Giesinger;01a02690-0cc4-742e-86ec-7def6cac2244
Max McNown;01a02690-0cc4-742e-86ec-7df0ed358747
Maxx Power;01a02690-0cc4-742e-86ec-7df1b451df2f
May the Lord Studio;01a02690-0cc4-742e-86ec-7df299febe41
May'n;01a02690-0cc4-742e-86ec-7df3147066f0
Mayday;01a02690-0cc4-742e-86ec-7df4bc76dbda
Mayu Sakuma (CV: Yui Makino);01a02690-0cc4-742e-86ec-7df5699fdb37
Mazzy Star;01a02690-0cc4-742e-86ec-7df6df065467
Mecano;01a02690-0cc4-742e-86ec-7df74fb14e7c
Meechie Alexander;01a02690-0cc4-742e-86ec-7df88aa80d17
Megadeth;01a02690-0cc4-742e-86ec-7df9d40d9d8e
Megan Moroney;01a02690-0cc4-742e-86ec-7dfab3d80e09
Megan Thee Stallion;01a02690-0cc4-742e-86ec-7dfb821ce327
Meghan Trainor;01a02690-0cc4-742e-86ec-7dfcf6f5d85a
Meisho Doto (CV: Misaki Watada);01a02690-0cc4-742e-86ec-7dfd2856adda
Melanie C;01a02690-0cc4-742e-86ec-7dfe6e3b2aba
Melanie Martinez;01a02690-0cc4-742e-86ec-7dff223a330b
Melissa Naschenweng;01a02690-0cc4-742e-86ec-7e00fae987fd
MelodiZenith;01a02690-0cc4-742e-86ec-7e01d46c1b3d
Melody;01a02690-0cc4-742e-86ec-7e027ad2f72b
Members of Mayday;01a02690-0cc4-742e-86ec-7e03032cf970
Men at Work;01a02690-0cc4-742e-86ec-7e04248c782e
Menallie;01a02690-0cc4-742e-86ec-7e053fed5915
Mentissa;01a02690-0cc4-742e-86ec-7e06f196240c
MercyMe;01a02690-0cc4-742e-86ec-7e075e4cc593
Merk;01a02690-0cc4-742e-86ec-7e08ccb93818
Mermaid(CV:Nanase Ayaka);01a02690-0cc4-742e-86ec-7e09b45dab88
Mermaid(CV:Oki Saeko);01a02690-0cc4-742e-86ec-7e0a21b2b1d2
Mesh;01a02690-0cc4-742e-86ec-7e0b4d9d092b
Metallica;01a02690-0cc4-742e-86ec-7e0c5ef2149f
Metejoor;01a02690-0cc4-742e-86ec-7e0d69e7605a
Metric;01a02690-0cc4-742e-86ec-7e0e463fa8bc
Mew Suppasit;01a02690-0cc4-742e-86ec-7e0fd3e76681
Mia Julia;01a02690-0cc4-742e-86ec-7e10c6f9c6ed
Micah Tyler;01a02690-0cc4-742e-86ec-7e11fde5ccaf
Michael Ball;01a02690-0cc4-742e-86ec-7e12ad31d3c8
Michael Bennett;01a02690-0cc4-742e-86ec-7e135de21471
Michael Jackson;01a02690-0cc4-742e-86ec-7e1433d43390
Michael McDonald;01a02690-0cc4-742e-86ec-7e1587f2f91d
Michael Patrick Kelly;01a02690-0cc4-742e-86ec-7e163cdb964e
Michael Paynter;01a02690-0cc4-742e-86ec-7e1778a3b05e
Michael Schulte;01a02690-0cc4-742e-86ec-7e18e213026d
Michael Stein;01a02690-0cc4-742e-86ec-7e19cd3dac66
Michael Stipe;01a02690-0cc4-742e-86ec-7e1a4a7c7581
Michelle;01a02690-0cc4-742e-86ec-7e1b0fa49b63
Michelle Branch;01a02690-0cc4-742e-86ec-7e1c012bbf9a
Mickie Krause;01a02690-0cc4-742e-86ec-7e1d3295f2a5
Midnight Oil;01a02690-0cc4-742e-86ec-7e1e5e980300
Mika Nakashima;01a02690-0cc4-742e-86ec-7e1f6705f0a5
Mike D;01a02690-0cc4-742e-86ec-7e2040932c47
Mike Mana;01a02690-0cc4-742e-86ec-7e21bd7e94e2
Mike Posner;01a02690-0cc4-742e-86ec-7e228ae98b96
Mikhail Bennett;01a02690-0cc4-742e-86ec-7e239b0bee2e
Miki Imai;01a02690-0cc4-742e-86ec-7e24c517ce3c
Milan Kestrel;01a02690-0cc4-742e-86ec-7e2582aba19c
Milano;01a02690-0cc4-742e-86ec-7e26279e2406
Miles Caton;01a02690-0cc4-742e-86ec-7e27a5812c48
Miles Phillips;01a02690-0cc4-742e-86ec-7e286a87b437
Miley Cyrus;01a02690-0cc4-742e-86ec-7e29ad3d8c81
Mili;01a02690-0cc4-742e-86ec-7e2aa9563db6
Milk Inc.;01a02690-0cc4-742e-86ec-7e2b44e0d308
Milk Pansa;01a02690-0cc4-742e-86ec-7e2c360af30e
Milky;01a02690-0cc4-742e-86ec-7e2d5c015cad
Milla Pink;01a02690-0cc4-742e-86ec-7e2ecd262373
Milolaathetlukken;01a02690-0cc4-742e-86ec-7e2f64eeedc5
Minelli;01a02690-0cc4-742e-86ec-7e30df44d984
Minit;01a02690-0cc4-742e-86ec-7e31efdb5321
Miranda Lambert;01a02690-0cc4-742e-86ec-7e32ef39db13
Misia;01a02690-0cc4-742e-86ec-7e33ff6e9a47
Misión Jatari;01a02690-0cc4-742e-86ec-7e3484266c31
Missy Higgins;01a02690-0cc4-742e-86ec-7e35a0ac37ae
Misuzu Hataya;01a02690-0cc4-742e-86ec-7e36551572aa
Moby;01a02690-0cc4-742e-86ec-7e370f588a92
Models;01a02690-0cc4-742e-86ec-7e38f02e0dd2
Modà;01a02690-0cc4-742e-86ec-7e399b549bf5
Molly Tuttle;01a02690-0cc4-742e-86ec-7e3aaba77b07
Momoiro Clover Z;01a02690-0cc4-742e-86ec-7e3b3e1f8d93
Momonga(CV:Iguchi Yuka);01a02690-0cc4-742e-86ec-7e3cf64e6e92
Mona Miari;01a02690-0cc4-742e-86ec-7e3d9bd9b651
Moncrieff;01a02690-0cc4-742e-86ec-7e3ebd103d10
Monique Smit;01a02690-0cc4-742e-86ec-7e3f1aaca10e
Monroe;01a02690-0cc4-742e-86ec-7e409fd5ae2b
Montez;01a02690-0cc4-742e-86ec-7e419f1e18f7
Moon Byul;01a02690-0cc4-742e-86ec-7e42391db918
Moonchild;01a02690-0cc4-742e-86ec-7e433959e0fc
Morgan Evans;01a02690-0cc4-742e-86ec-7e4466e54271
Morgan Luna;01a02690-0cc4-742e-86ec-7e45649851f7
Morgan Wallen;01a02690-0cc4-742e-86ec-7e468b2e703d
Morrissey;01a02690-0cc4-742e-86ec-7e4700e224f1
Mosimann;01a02690-0cc4-742e-86ec-7e489261b50b
Motionless In White;01a02690-0cc4-742e-86ec-7e498de08909
Motoki Ohmori;01a02690-0cc4-742e-86ec-7e4a676f6149
Mountain Crew;01a02690-0cc4-742e-86ec-7e4bc0deaf08
Mr.Children;01a02690-0cc4-742e-86ec-7e4cfadb0b6c
Mrs. GREEN APPLE;01a02690-0cc4-742e-86ec-7e4d808fbcc3
Mrs. Green Apple;01a02690-0cc4-742e-86ec-7e4e0a6fc39d
Muhammad Sadiq;01a02690-0cc4-742e-86ec-7e4f09436b4f
Mumford;01a02690-0cc4-742e-86ec-7e50ebd64d41
Mumford & Sons;01a02690-0cc4-742e-86ec-7e51d62f60e1
Muse;01a02690-0cc4-742e-86ec-7e521123e02b
My Chemical Romance;01a02690-0cc4-742e-86ec-7e5375297e55
MyGO!!!!!;01a02690-0cc4-742e-86ec-7e5408fc3c31
Myke Towers;01a02690-0cc4-742e-86ec-7e55d5f854dc
Myle;01a02690-0cc4-742e-86ec-7e56b1f63fc1
Myles Smith;01a02690-0cc4-742e-86ec-7e57ad9a46f1
Mylène Farmer;01a02690-0cc4-742e-86ec-7e58e7d04a31
Mätropolis;01a02690-0cc4-742e-86ec-7e5987af113b
N.Jay;01a02690-0cc4-742e-86ec-7e5af3539b81
NAGI MIKADO(CV.Tsubasa Yonaga);01a02690-0cc4-742e-86ec-7e5b1aaf95d1
NANAOAKARI;01a02690-0cc4-742e-86ec-7e5c1925a45f
NAOKI;01a02690-0cc4-742e-86ec-7e5da46730d4
NCT JNJM;01a02690-0cc4-742e-86ec-7e5e6cd27925
NCT WISH;01a02690-0cc4-742e-86ec-7e5fb082ed9f
NEEDTOBREATHE;01a02690-0cc4-742e-86ec-7e6098739fa6
NEUEN;01a02690-0cc4-742e-86ec-7e614bb7b29a
NEXZ;01a02690-0cc4-742e-86ec-7e629879a4ec
NF;01a02690-0cc4-742e-86ec-7e639c516692
NIKO;01a02690-0cc4-742e-86ec-7e64edbded6a
NIKSTER;01a02690-0cc4-742e-86ec-7e65e73b4297
NMIXX;01a02690-0cc4-742e-86ec-7e66ef373207
NOVELISTS;01a02690-0cc4-742e-86ec-7e6704ed4dde
Nagisa Trout;01a02690-0cc4-742e-86ec-7e6873cafcc5
Nakayama Festa (CV: Shino Shimoji);01a02690-0cc4-742e-86ec-7e69c8c0965c
Namtan Tipnaree;01a02690-0cc4-742e-86ec-7e6a0a0ca9ac
Nana Mizuki;01a02690-0cc4-742e-86ec-7e6b0f7ca254
Nana Mouskouri;01a02690-0cc4-742e-86ec-7e6cd1700764
Nancy Franck;01a02690-0cc4-742e-86ec-7e6d4ccd0c9d
Naniwa Danshi;01a02690-0cc4-742e-86ec-7e6ec061c4fc
Nanmaider the Buddha Cyborg;01a02690-0cc4-742e-86ec-7e6fe8f234be
Narita Top Road (CV: Kanna Nakamura);01a02690-0cc4-742e-86ec-7e7086a943c6
Nash Blackwood;01a02690-0cc4-742e-86ec-7e71b741ee66
Natalie Cole;01a02690-0cc4-742e-86ec-7e72585c5ec1
Natalie Imbruglia;01a02690-0cc4-742e-86ec-7e738e3d534c
Natasha Bedingfield;01a02690-0cc4-742e-86ec-7e74f1a9e806
Natasha Owens;01a02690-0cc4-742e-86ec-7e75de53c97f
Nathan Evans;01a02690-0cc4-742e-86ec-7e7686c83ba4
Nathan Nicholson;01a02690-0cc4-742e-86ec-7e77fb487ead
Nathassia;01a02690-0cc4-742e-86ec-7e782ba802f7
Nathy Peluso;01a02690-0cc4-742e-86ec-7e79a0e630eb
Natsuki Shinomiya;01a02690-0cc4-742e-86ec-7e7afc544808
Navtej Singh Rehal - Dhurandhar The Revenge;01a02690-0cc4-742e-86ec-7e7b13df79ed
Naykilla;01a02690-0cc4-742e-86ec-7e7c2d7e0fdb
Nazareth;01a02690-0cc4-742e-86ec-7e7d5d552f8b
Necko;01a02690-0cc4-742e-86ec-7e7e24b0702b
Neckwav;01a02690-0cc4-742e-86ec-7e7f224706ad
Neil Diamond;01a02690-0cc4-742e-86ec-7e80647260be
Neil Sedaka;01a02690-0cc4-742e-86ec-7e814ee95119
Neil Young;01a02690-0cc4-742e-86ec-7e82b85e1902
Nelly;01a02690-0cc4-742e-86ec-7e8340f9278e
Nena;01a02690-0cc4-742e-86ec-7e845ec3f240
New Found Glory;01a02690-0cc4-742e-86ec-7e85b777ac2f
New Order;01a02690-0cc4-742e-86ec-7e86f6570c2f
New Radicals;01a02690-0cc4-742e-86ec-7e879ac283bb
Niall Horan;01a02690-0cc4-742e-86ec-7e88899bcd4d
Nice Nature (CV: Kaori Maeda);01a02690-0cc4-742e-86ec-7e897b96b4ec
Nicholas Britell;01a02690-0cc4-742e-86ec-7e8a244c3ffa
Nicholas Carras;01a02690-0cc4-742e-86ec-7e8bf6acf080
Nick Carter;01a02690-0cc4-742e-86ec-7e8cd35c31d7
Nick Cave;01a02690-0cc4-742e-86ec-7e8d3d8c8895
Nick Hustles;01a02690-0cc4-742e-86ec-7e8e5c937583
Nick Jonas;01a02690-0cc4-742e-86ec-7e8f89dc19fe
Nick Morgan;01a02690-0cc4-742e-86ec-7e90d0a38d0e
Nickelback;01a02690-0cc4-742e-86ec-7e91c9c11a6a
Nicki Minaj;01a02690-0cc4-742e-86ec-7e92a00d6bfc
Nico Santos;01a02690-0cc4-742e-86ec-7e930ebf67d0
Nicola West;01a02690-0cc4-742e-86ec-7e94ea7dda44
Nik P.;01a02690-0cc4-742e-86ec-7e95173ab210
Nile Rodgers;01a02690-0cc4-742e-86ec-7e968c1cdcd0
Ninajirachi;01a02690-0cc4-742e-86ec-7e97a138b63a
Nino de Angelo;01a02690-0cc4-742e-86ec-7e98dcbadb79
Ninth Key;01a02690-0cc4-742e-86ec-7e99fbc29f39
Nipsey Hussle;01a02690-0cc4-742e-86ec-7e9a0f273262
Nirvana;01a02690-0cc4-742e-86ec-7e9bb4fb51e9
Nissy;01a02690-0cc4-742e-86ec-7e9c6b2428b0
NiziU;01a02690-0cc4-742e-86ec-7e9dbea8bd6d
Niña Pastori;01a02690-0cc4-742e-86ec-7e9ef062bd64
Noah Cyrus;01a02690-0cc4-742e-86ec-7e9fecb65bfd
Noah Graves;01a02690-0cc4-742e-86ec-7ea032f1f90d
Noah Kahan;01a02690-0cc4-742e-86ec-7ea132ea6442
Noah Nine;01a02690-0cc4-742e-86ec-7ea2ab26ec12
Noam Bettan;01a02690-0cc4-742e-86ec-7ea3541e7260
Noano;01a02690-0cc4-742e-86ec-7ea4ec0efb6e
Nockis;01a02690-0cc4-742e-86ec-7ea59e470b6c
Nockis - La felicità;01a02690-0cc4-742e-86ec-7ea681e3118a
Noel Fitzpatrick Band;01a02690-0cc4-742e-86ec-7ea721aec94c
Noemi;01a02690-0cc4-742e-86ec-7ea846f93bad
Nogizaka46;01a02690-0cc4-742e-86ec-7ea9938aa176
Nolan Graves;01a02690-0cc4-742e-86ec-7eaa621aea4e
Nona*;01a02690-0cc4-742e-86ec-7eabd9febd2e
Nothing But Thieves;01a02690-0cc4-742e-86ec-7eaca88f42d0
Novelbright;01a02690-0cc4-742e-86ec-7eada741e014
November Kid;01a02690-0cc4-742e-86ec-7eae15e64300
Nozomi Madoka;01a02690-0cc4-742e-86ec-7eaf40651123
NuNew;01a02690-0cc4-742e-86ec-7eb0185102b0
Nui Sociere;01a02690-0cc4-742e-86ec-7eb1e9cfad4a
Number_i;01a02690-0cc4-742e-86ec-7eb29a75b669
OFFICIAL HIGE DANDISM;01a02690-0cc4-742e-86ec-7eb3b4c285d4
OHYUL of LNGSHOT;01a02690-0cc4-742e-86ec-7eb4fe2fec36
ONE PACT;01a02690-0cc4-742e-86ec-7eb5124fba68
ORANGE RANGE;01a02690-0cc4-742e-86ec-7eb652b3c4da
OSUN;01a02690-0cc4-742e-86ec-7eb7e4776a40
OTOYA ITTOKI(CV.Takuma Terashima);01a02690-0cc4-742e-86ec-7eb8d646a38a
OUTLAW GOSPEL;01a02690-0cc4-742e-86ec-7eb96198fafc
OXYNOVA;01a02690-0cc4-742e-86ec-7eba2e585c5d
Oaks;01a02690-0cc4-742e-86ec-7ebba51d03ef
Oasis;01a02690-0cc4-742e-86ec-7ebcfcf93883
Ofenbach;01a02690-0cc4-742e-86ec-7ebd7511a68b
Official髭男dism;01a02690-0cc4-742e-86ec-7ebedb1e0eca
Oguri Cap (CV: Tomoyo Takayanagi);01a02690-0cc4-742e-86ec-7ebf2d277f4b
Oimara;01a02690-0cc4-742e-86ec-7ec0bcfeba34
Olaf Der Flipper;01a02690-0cc4-742e-86ec-7ec1924c1e23
Olandria;01a02690-0cc4-742e-86ec-7ec2d5dbcc20
Old Soul;01a02690-0cc4-742e-86ec-7ec370ee6659
Oliver Tree;01a02690-0cc4-742e-86ec-7ec4a0d96d23
Olivia Bay;01a02690-0cc4-742e-86ec-7ec5fc2a3d71
Olivia Dean;01a02690-0cc4-742e-86ec-7ec6233b4a4d
Olivia Rodrigo;01a02690-0cc4-742e-86ec-7ec7caadeb08
Olivier Giacomotto;01a02690-0cc4-742e-86ec-7ec8853d00b6
Omar Rudberg;01a02690-0cc4-742e-86ec-7ec95ec0d350
OneRepublic;01a02690-0cc4-742e-86ec-7eca3f9c059b
Onichan;01a02690-0cc4-742e-86ec-7ecb6c8ec301
Opick;01a02690-0cc4-742e-86ec-7ecc22d6b6d6
Orange Range;01a02690-0cc4-742e-86ec-7ecdb8c763aa
Orangestar;01a02690-0cc4-742e-86ec-7ecec98bc90f
Orchestra Sinfonica Italiana;01a02690-0cc4-742e-86ec-7ecf5332906e
Oria;01a02690-0cc4-742e-86ec-7ed089f7050f
Oriens;01a02690-0cc4-742e-86ec-7ed1ac120a92
Original Broadway Cast of The Lost Boys;01a02690-0cc4-742e-86ec-7ed223ae869b
Original Broadway Cast of The Outsiders - A New Musical;01a02690-0cc4-742e-86ec-7ed3464e870c
Orm Kornnaphat;01a02690-0cc4-742e-86ec-7ed468229446
Orquestra de la Comunitat Valenciana;01a02690-0cc4-742e-86ec-7ed50a0d3622
Orville Peck;01a02690-0cc4-742e-86ec-7ed62d4d9d3e
Oscar and the Wolf;01a02690-0cc4-742e-86ec-7ed7878deb87
Otonose Kanade;01a02690-0cc4-742e-86ec-7ed843616ea8
Outliers;01a02690-0cc4-742e-86ec-7ed954cba444
Outsiders;01a02690-0cc4-742e-86ec-7eda1b702573
Overgrown;01a02690-0cc4-742e-86ec-7edbc85304d9
Owen James;01a02690-0cc4-742e-86ec-7edc3d085b53
Owen Saward;01a02690-0cc4-742e-86ec-7edd10bf445e
Oyama Mahiro Cv Kono Marika;01a02690-0cc4-742e-86ec-7ede0e87b4ca
Oyama Mihari(CV.Ishihara Kaori);01a02690-0cc4-742e-86ec-7edfc2d083b7
OzoresP;01a02690-0cc4-742e-86ec-7ee08edf89fe
P!nk;01a02690-0cc4-742e-86ec-7ee15d561d99
P1Harmony;01a02690-0cc4-742e-86ec-7ee21a6943bd
PABLO;01a02690-0cc4-742e-86ec-7ee33e267e02
PALMITO;01a02690-0cc4-742e-86ec-7ee40be8c60c
PARK GUNWOOK;01a02690-0cc4-742e-86ec-7ee5db541130
PARK JI HOON;01a02690-0cc4-742e-86ec-7ee6190ba15f
PAW Patrol;01a02690-0cc4-742e-86ec-7ee75a30fd8c
PJ Harvey;01a02690-0cc4-742e-86ec-7ee8b78f8caa
PLAVE;01a02690-0cc4-742e-86ec-7ee9b15abcd4
POLCASAN;01a02690-0cc4-742e-86ec-7eea656c4a5f
PP KRIT;01a02690-0cc4-742e-86ec-7eeb68bb0c94
PRESIDENT;01a02690-0cc4-742e-86ec-7eec8138d890
Pabllo Vittar;01a02690-0cc4-742e-86ec-7eede30dd079
Pablo Alborán;01a02690-0cc4-742e-86ec-7eeee7279b89
Pamela Kurt;01a02690-0cc4-742e-86ec-7eef20e8737d
Paolo Conte;01a02690-0cc4-742e-86ec-7ef01101f64a
Paolo Nutini;01a02690-0cc4-742e-86ec-7ef1de8276f1
Papa Roach;01a02690-0cc4-742e-86ec-7ef2ba6047fa
Paramount+ AU;01a02690-0cc4-742e-86ec-7ef3412fcaf1
Paris Paloma;01a02690-0cc4-742e-86ec-7ef401cf5bb1
Parmalee;01a02690-0cc4-742e-86ec-7ef5e4c9abd5
Pascal Obispo;01a02690-0cc4-742e-86ec-7ef6a30bc647
Passenger;01a02690-0cc4-742e-86ec-7ef7747dc85d
Pastor Mike Jr.;01a02690-0cc4-742e-86ec-7ef8c7da882f
Pat B;01a02690-0cc4-742e-86ec-7ef996a9b8db
Paul Alexander Nolan;01a02690-0cc4-742e-86ec-7efac91b00a0
Paul Elstak;01a02690-0cc4-742e-86ec-7efb876b10a6
Paul Frege;01a02690-0cc4-742e-86ec-7efccc7eba3c
Paul Heaton;01a02690-0cc4-742e-86ec-7efd84f0d80b
Paul Kalkbrenner;01a02690-0cc4-742e-86ec-7efee9f8638a
Paul Keen;01a02690-0cc4-742e-86ec-7effdc6faf90
Paul McCartney;01a02690-0cc4-742e-86ec-7f003ad4bf5a
Paula Arias;01a02690-0cc4-742e-86ec-7f01dd165e0a
Paula Cole;01a02690-0cc4-742e-86ec-7f02609939e6
Pauline Pantsdown;01a02690-0cc4-742e-86ec-7f03f7169ae9
Paveier;01a02690-0cc4-742e-86ec-7f04f59e5358
Peabo Bryson;01a02690-0cc4-742e-86ec-7f05bcec2a0d
Pendulum;01a02690-0cc4-742e-86ec-7f06b6986094
Penthouse;01a02690-0cc4-742e-86ec-7f073a867d44
Peppino di Capri;01a02690-0cc4-742e-86ec-7f083e38c8d1
Perrie;01a02690-0cc4-742e-86ec-7f09759b745a
Perry Como;01a02690-0cc4-742e-86ec-7f0a8fd1db94
Peso Pluma;01a02690-0cc4-742e-86ec-7f0b789b6723
Pete Murray;01a02690-0cc4-742e-86ec-7f0cd1d7e633
Pete Parkkonen;01a02690-0cc4-742e-86ec-7f0df75fe700
Peter Allen;01a02690-0cc4-742e-86ec-7f0eaf326320
Peter Andre;01a02690-0cc4-742e-86ec-7f0fbb753613
Peter Brogan;01a02690-0cc4-742e-86ec-7f106df2992e
Peter Gabriel;01a02690-0cc4-742e-86ec-7f111b433370
Peter Gregson;01a02690-0cc4-742e-86ec-7f129cef3bb2
Peter Maffay;01a02690-0cc4-742e-86ec-7f137a64f4d1
Peter Peter;01a02690-0cc4-742e-86ec-7f1463481e30
Peter Schilling;01a02690-0cc4-742e-86ec-7f154ac376f5
Phantom Of The Synth;01a02690-0cc4-742e-86ec-7f16ffddb40e
Phantom Siita;01a02690-0cc4-742e-86ec-7f1797de053c
PhaseSyndicate;01a02690-0cc4-742e-86ec-7f185f483593
Phil Collins;01a02690-0cc4-742e-86ec-7f19860fc136
Phil Wickham;01a02690-0cc4-742e-86ec-7f1aaa218b19
Philharmonia Orchestra;01a02690-0cc4-742e-86ec-7f1b2811213e
Philipp Dittberner;01a02690-0cc4-742e-86ec-7f1cd5fe25c4
Philipp Poisel;01a02690-0cc4-742e-86ec-7f1d6da7d5d6
Phillip Phillips;01a02690-0cc4-742e-86ec-7f1e31f86163
Phoebe Bridgers;01a02690-0cc4-742e-86ec-7f1f41c404aa
Phoenix;01a02690-0cc4-742e-86ec-7f20f600be85
Phuwin;01a02690-0cc4-742e-86ec-7f21e12a1f7f
Pia-Sophie;01a02690-0cc4-742e-86ec-7f2212b72789
Picheolin;01a02690-0cc4-742e-86ec-7f239538fa15
Pierre de Maere;01a02690-0cc4-742e-86ec-7f2449a3fecd
Pietro Basile;01a02690-0cc4-742e-86ec-7f258511a16c
Pietro Lombardi;01a02690-0cc4-742e-86ec-7f265b28a3ee
Pinguini Tattici Nucleari;01a02690-0cc4-742e-86ec-7f271230ec1f
Pink Floyd;01a02690-0cc4-742e-86ec-7f2808350b9b
PinkPantheress;01a02690-0cc4-742e-86ec-7f296c77810b
Pitbull;01a02690-0cc4-742e-86ec-7f2add6a1b6f
Placebo;01a02690-0cc4-742e-86ec-7f2bf2e17675
Plastic Bertrand;01a02690-0cc4-742e-86ec-7f2c3638820a
Play-N-Skillz;01a02690-0cc4-742e-86ec-7f2d1e66eaae
Playful Devotion;01a02690-0cc4-742e-86ec-7f2ea0a2d8b2
Playlunch;01a02690-0cc4-742e-86ec-7f2f883d03b4
Polkadot Stingray;01a02690-0cc4-742e-86ec-7f3075f90a43
Pompompurin;01a02690-0cc4-742e-86ec-7f31d368993f
Pond Naravit;01a02690-0cc4-742e-86ec-7f3299d66f8c
Poppy Baskcomb;01a02690-0cc4-742e-86ec-7f3376d03cc3
Por Suppakarn;01a02690-0cc4-742e-86ec-7f348db43e90
Porno Graffitti;01a02690-0cc4-742e-86ec-7f352c6cf8fe
Porter Robinson;01a02690-0cc4-742e-86ec-7f3640a79651
Post Malone;01a02690-0cc4-742e-86ec-7f378bbc1c69
Poveri;01a02690-0cc4-742e-86ec-7f3814e150d9
Presencia Project;01a02690-0cc4-742e-86ec-7f39955f7e69
Prince;01a02690-0cc4-742e-86ec-7f3aaca48b83
Prince Royce;01a02690-0cc4-742e-86ec-7f3bba8dd2a3
Procol Harum;01a02690-0cc4-742e-86ec-7f3c90b60b77
Prof;01a02690-0cc4-742e-86ec-7f3d0b6ce14d
Prospa;01a02690-0cc4-742e-86ec-7f3e370bd6e0
Pulp;01a02690-0cc4-742e-86ec-7f3f24c4e75a
Punch;01a02690-0cc4-742e-86ec-7f409e5f28a1
Pupo;01a02690-0cc4-742e-86ec-7f41dac5f17c
Puretone;01a02690-0cc4-742e-86ec-7f42c6dd6be9
Puscifer;01a02690-0cc4-742e-86ec-7f43e21e3211
Pynk Beard;01a02690-0cc4-742e-86ec-7f44c9e2af19
QUARTET NIGHT;01a02690-0cc4-742e-86ec-7f45eac59ab6
Queen;01a02690-0cc4-742e-86ec-7f464907454c
Queen Butterfly;01a02690-0cc4-742e-86ec-7f47bab8a826
Queen Labyrinth of the Ocean Floor;01a02690-0cc4-742e-86ec-7f4868c0eb77
Queen Omega;01a02690-0cc4-742e-86ec-7f49d80a4e98
Queens of the Stone Age;01a02690-0cc4-742e-86ec-7f4ab52f1263
Quevedo;01a02690-0cc4-742e-86ec-7f4b9b0bc977
R.E.M.;01a02690-0cc4-742e-86ec-7f4c0aca7971
RADWIMPS;01a02690-0cc4-742e-86ec-7f4dff9c7f61
RAF Camora;01a02690-0cc4-742e-86ec-7f4ed5ec05d5
RAHEL;01a02690-0cc4-742e-86ec-7f4f9717659c
RAHH;01a02690-0cc4-742e-86ec-7f50ff670601
RANI;01a02690-0cc4-742e-86ec-7f51fdbfb4ee
RANMARU KUROSAKI(CV.Tatsuhisa Suzuki);01a02690-0cc4-742e-86ec-7f52ae3c62ee
RASELHITS;01a02690-0cc4-742e-86ec-7f53ed8f1896
RAYE;01a02690-0cc4-742e-86ec-7f54a6a688bb
REI AMI;01a02690-0cc4-742e-86ec-7f55d28e27f9
REIJI KOTOBUKI(CV.Showtaro Morikubo);01a02690-0cc4-742e-86ec-7f5638efb5b6
RENJUN;01a02690-0cc4-742e-86ec-7f579e9f1de6
RIAN;01a02690-0cc4-742e-86ec-7f58efc64504
RIIZE;01a02690-0cc4-742e-86ec-7f599fc14e34
RIKON;01a02690-0cc4-742e-86ec-7f5affddef19
RM;01a02690-0cc4-742e-86ec-7f5b92c220dc
ROCKY;01a02690-0cc4-742e-86ec-7f5cf05ceb79
ROID;01a02690-0cc4-742e-86ec-7f5da85851fe
ROIROM;01a02690-0cc4-742e-86ec-7f5eedb88bcf
ROLE MODEL;01a02690-0cc4-742e-86ec-7f5f05264225
ROSALÍA;01a02690-0cc4-742e-86ec-7f60b48b5b4e
ROSÉ;01a02690-0cc4-742e-86ec-7f618ec5ae06
RYEOWOOK;01a02690-0cc4-742e-86ec-7f62367b5476
Rachel Platten;01a02690-0cc4-742e-86ec-7f63df52be7c
Radiohead;01a02690-0cc4-742e-86ec-7f6491c74b27
Raf;01a02690-0cc4-742e-86ec-7f6507008959
Ragal Ironbull;01a02690-0cc4-742e-86ec-7f665fd7f7e6
Rage Against the Machine;01a02690-0cc4-742e-86ec-7f67bcc53055
Ragnar Bloodclaw;01a02690-0cc4-742e-86ec-7f68d343503f
Ralph McTell;01a02690-0cc4-742e-86ec-7f69bb57cef6
Ralphi Rosario;01a02690-0cc4-742e-86ec-7f6a8658f0e7
Ramazan;01a02690-0cc4-742e-86ec-7f6bddb18c7b
Ramin Djawadi;01a02690-0cc4-742e-86ec-7f6caae0f8d5
Randy Newman;01a02690-0cc4-742e-86ec-7f6d3261bd09
Ranjit Kaur;01a02690-0cc4-742e-86ec-7f6eba5aef94
Rascal Flatts;01a02690-0cc4-742e-86ec-7f6fa8267844
Raul;01a02690-0cc4-742e-86ec-7f70ac59870a
Rauw Alejandro;01a02690-0cc4-742e-86ec-7f719ddf346b
Raven Sage;01a02690-0cc4-742e-86ec-7f72f7c2f653
Ravyn Lenae;01a02690-0cc4-742e-86ec-7f734697f3b4
Ray Charles;01a02690-0cc4-742e-86ec-7f743ea143f1
Re:vale;01a02690-0cc4-742e-86ec-7f75d10cbd76
Rea Garvey;01a02690-0cc4-742e-86ec-7f76511e19c6
Real America's Music;01a02690-0cc4-742e-86ec-7f77371aac11
Rebecca Armstrong;01a02690-0cc4-742e-86ec-7f78a6df09cf
Reble;01a02690-0cc4-742e-86ec-7f7995301787
Red Grizz;01a02690-0cc4-742e-86ec-7f7a5aa681ea
Red Velvet;01a02690-0cc4-742e-86ec-7f7b923b114b
RedOne;01a02690-0cc4-742e-86ec-7f7cb85b4546
Redbone;01a02690-0cc4-742e-86ec-7f7d052345b5
Redgum;01a02690-0cc4-742e-86ec-7f7e7ccec09c
Reggie;01a02690-0cc4-742e-86ec-7f7fa65dd6a2
Regina Belle;01a02690-0cc4-742e-86ec-7f80cc483c25
Reinier Zonneveld;01a02690-0cc4-742e-86ec-7f81e7a0d616
Rema;01a02690-0cc4-742e-86ec-7f82b5d45b29
Remioromen;01a02690-0cc4-742e-86ec-7f83d9d902bf
Remy Ma;01a02690-0cc4-742e-86ec-7f8407efdbb2
Ren;01a02690-0cc4-742e-86ec-7f85e00fc81a
Ren Meguro;01a02690-0cc4-742e-86ec-7f8619756ac1
ReoNa;01a02690-0cc4-742e-86ec-7f878c18c622
Return to Peace;01a02690-0cc4-742e-86ec-7f880ad762a5
Rex;01a02690-0cc4-742e-86ec-7f89a55f3e1f
Rey Tony;01a02690-0cc4-742e-86ec-7f8a5cabc5ad
Rhein Kraft (CV: Nanae Kojima);01a02690-0cc4-742e-86ec-7f8b75dc308d
Rhy Elliot;01a02690-0cc4-742e-86ec-7f8c222c98ab
Ricchi;01a02690-0cc4-742e-86ec-7f8de94a41ce
Ricci G;01a02690-0cc4-742e-86ec-7f8e594f62c9
Richard Durand;01a02690-0cc4-742e-86ec-7f8fbf90a716
Richard X;01a02690-0cc4-742e-86ec-7f909a81d044
Rick Astley;01a02690-0cc4-742e-86ec-7f9161874e7a
Ricky Martin;01a02690-0cc4-742e-86ec-7f92cbd07e97
Rico Nasty;01a02690-0cc4-742e-86ec-7f930c1c4a44
Riley Green;01a02690-0cc4-742e-86ec-7f946b3b3049
Rinami Himesaki;01a02690-0cc4-742e-86ec-7f95b588cf11
Rindo Chihaya;01a02690-0cc4-742e-86ec-7f96696b206a
Ringlstetter;01a02690-0cc4-742e-86ec-7f978db57faa
Ringo Starr;01a02690-0cc4-742e-86ec-7f986e37a5fc
River;01a02690-0cc4-742e-86ec-7f99e42bb149
River Cain;01a02690-0cc4-742e-86ec-7f9a6170d063
Rkomi;01a02690-0cc4-742e-86ec-7f9bdd224b30
RnBoi;01a02690-0cc4-742e-86ec-7f9cb3ee8b43
Road Boyyz;01a02690-0cc4-742e-86ec-7f9dc8c3d0b7
Rob Simonsen;01a02690-0cc4-742e-86ec-7f9ec0f4d237
Rob Zombie;01a02690-0cc4-742e-86ec-7f9f9f440a18
Robbie Williams;01a02690-0cc4-742e-86ec-7fa0ca760f33
Robert Miles;01a02690-0cc4-742e-86ec-7fa1d0300183
Robert Smith;01a02690-0cc4-742e-86ec-7fa229860b87
Robert Ziegler;01a02690-0cc4-742e-86ec-7fa3993a9b37
Robert van Hemert;01a02690-0cc4-742e-86ec-7fa4b7e8bc15
Roberta Flack;01a02690-0cc4-742e-86ec-7fa5c9521e12
Robin Schulz;01a02690-0cc4-742e-86ec-7fa6befd786e
Robyn;01a02690-0cc4-742e-86ec-7fa747299893
Rockin' Jukebox;01a02690-0cc4-742e-86ec-7fa8103a2d69
Rodrigo Amarante;01a02690-0cc4-742e-86ec-7fa9af746793
Roger Taylor;01a02690-0cc4-742e-86ec-7faaa14902a5
Roger Waters;01a02690-0cc4-742e-86ec-7fab2a0addc6
Rogue Traders;01a02690-0cc4-742e-86ec-7fac176c1df7
Rohff;01a02690-0cc4-742e-86ec-7fad7db88c42
Rokston;01a02690-0cc4-742e-86ec-7faec0edd779
Roland Kaiser;01a02690-0cc4-742e-86ec-7faf8ffc4ccb
Rolf Sanchez;01a02690-0cc4-742e-86ec-7fb0474d3595
Rolf Zuckowski und seine Freunde;01a02690-0cc4-742e-86ec-7fb1bba4a1df
Roman Neyer;01a02690-0cc4-742e-86ec-7fb2d93670b7
Romeo Santos;01a02690-0cc4-742e-86ec-7fb33c4d40a7
Roméo Elvis;01a02690-0cc4-742e-86ec-7fb462d94275
Ron Goodwin;01a02690-0cc4-742e-86ec-7fb581e47e31
Ronan Keating;01a02690-0cc4-742e-86ec-7fb68159a83d
Ronnie Flex;01a02690-0cc4-742e-86ec-7fb76e3e1a61
Rook;01a02690-0cc4-742e-86ec-7fb8cd3328f2
Rosa Walton;01a02690-0cc4-742e-86ec-7fb9a71964b1
Rose Kingdom (CV: Yurina Kikuchi);01a02690-0cc4-742e-86ec-7fbaf66195c3
Rose May Alaba;01a02690-0cc4-742e-86ec-7fbbf0b9feef
Roshan;01a02690-0cc4-742e-86ec-7fbc17623f41
Roxy Dekker;01a02690-0cc4-742e-86ec-7fbdb6efb021
Roy Bianco;01a02690-0cc4-742e-86ec-7fbe8f29f6a9
Royal Blood;01a02690-0cc4-742e-86ec-7fbf6ed3f133
Royal Fox Society;01a02690-0cc4-742e-86ec-7fc028043d87
Royal Philharmonic Orchestra;01a02690-0cc4-742e-86ec-7fc19db239eb
Ruby Black;01a02690-0cc4-742e-86ec-7fc2ea3e2202
Rulership (CV: Mizutama Umino);01a02690-0cc4-742e-86ec-7fc3ec6ff5d0
Rumi;01a02690-0cc4-742e-86ec-7fc485eead41
Rush;01a02690-0cc4-742e-86ec-7fc5d4f63562
Russell Morris;01a02690-0cc4-742e-86ec-7fc6f6375383
Rutger Van Barneveld;01a02690-0cc4-742e-86ec-7fc7ab92087f
Ruth Slade;01a02690-0cc4-742e-86ec-7fc85379b3f7
Rvssian;01a02690-0cc4-742e-86ec-7fc95f2ca46b
Ryan Bingham;01a02690-0cc4-742e-86ec-7fca9990d5b0
Ryan Castro;01a02690-0cc4-742e-86ec-7fcb5b2c80f7
Ryohei Abe;01a02690-0cc4-742e-86ec-7fcc5b498039
Ryoki Miyama;01a02690-0cc4-742e-86ec-7fcd49b84534
Ryokuoushoku Shakai;01a02690-0cc4-742e-86ec-7fce5f449326
Ryosuke Yamada;01a02690-0cc4-742e-86ec-7fcfe6b79a62
Räuber;01a02690-0cc4-742e-86ec-7fd0e6beb23f
S10;01a02690-0cc4-742e-86ec-7fd1e4ea757e
SACHA;01a02690-0cc4-742e-86ec-7fd2813ca16d
SAINT PHNX;01a02690-0cc4-742e-86ec-7fd3d107d94c
SANTA;01a02690-0cc4-742e-86ec-7fd49c9fb12f
SANTOS BRAVOS;01a02690-0cc4-742e-86ec-7fd5e74e8f92
SAiiLOR;01a02690-0cc4-742e-86ec-7fd6cd875b7b
SB19;01a02690-0cc4-742e-86ec-7fd7ee5ac121
SCANDAL (JP);01a02690-0cc4-742e-86ec-7fd84471de3a
SCATTERBRAIN;01a02690-0cc4-742e-86ec-7fd9ba754afb
SEHUN;01a02690-0cc4-742e-86ec-7fda85303e01
SEKAI NO OWARI;01a02690-0cc4-742e-86ec-7fdb2fc84eb0
SEOK MATTHEW;01a02690-0cc4-742e-86ec-7fdc68eb1a80
SEVENTEEN;01a02690-0cc4-742e-86ec-7fdd65c6ff98
SG;01a02690-0cc4-742e-86ec-7fde7088f629
SHINee;01a02690-0cc4-742e-86ec-7fdf5be394f7
SHION AMAKUSA(CV.Daiki Yamashita);01a02690-0cc4-742e-86ec-7fe013d66a19
SHUNTO (BE:FIRST);01a02690-0cc4-742e-86ec-7fe1a60977ed
SIENNA SPIRO;01a02690-0cc4-742e-86ec-7fe28fc4180b
SK.music;01a02690-0cc4-742e-86ec-7fe3889a7ccd
SOFI TUKKER;01a02690-0cc4-742e-86ec-7fe44b36b32f
SOLTO (FR);01a02690-0cc4-742e-86ec-7fe5aa99e646
SOOBIN;01a02690-0cc4-742e-86ec-7fe6df3d1554
SOPHIA;01a02690-0cc4-742e-86ec-7fe790efbd43
SOUL ARCHIVE ROOM;01a02690-0cc4-742e-86ec-7fe8a664934c
SPEED;01a02690-0cc4-742e-86ec-7fe9c7ae6279
STARGLOW;01a02690-0cc4-742e-86ec-7fea8eeb3d9d
STARSET;01a02690-0cc4-742e-86ec-7feb6a5ad32f
STELLA LEFTY;01a02690-0cc4-742e-86ec-7fec36a400e0
STOSLIV;01a02690-0cc4-742e-86ec-7feda612711a
ST☆RISH;01a02690-0cc4-742e-86ec-7feea3f5dae8
SUNG HAN BIN;01a02690-0cc4-742e-86ec-7fefb1f05ada
SUNGHO;01a02690-0cc4-742e-86ec-7ff0d5131b5f
SUPER BEAVER;01a02690-0cc4-742e-86ec-7ff12d50e511
SUPER EIGHT;01a02690-0cc4-742e-86ec-7ff260c3e9f9
SUPER JUNIOR-83z;01a02690-0cc4-742e-86ec-7ff3d4e7325a
SZA;01a02690-0cc4-742e-86ec-7ff49d0921c9
Sabaton;01a02690-0cc4-742e-86ec-7ff5560a5f97
Sabrina Carpenter;01a02690-0cc4-742e-86ec-7ff608239fc7
Sade;01a02690-0cc4-742e-86ec-7ff78fa26cbe
Sadie Barlow;01a02690-0cc4-742e-86ec-7ff885ce793e
Sahir Ludhianvi - Ishq Jalakar;01a02690-0cc4-742e-86ec-7ff91a5ee45a
Saint Rene;01a02690-0cc4-742e-86ec-7ffabfd94e5a
Saja Boys;01a02690-0cc4-742e-86ec-7ffba987897f
Saki Hanami;01a02690-0cc4-742e-86ec-7ffc0e1c8aa2
Sakura Miko;01a02690-0cc4-742e-86ec-7ffd3504369f
Sakurazaka46;01a02690-0cc4-742e-86ec-7ffed084bfdf
Sal da Vinci;01a02690-0cc4-742e-86ec-7fff36fda951
Saliou;01a02690-0cc4-742e-86ec-8000095e2877
Salt-n-Pepa;01a02690-0cc4-742e-86ec-8001914524c0
Saltatio Mortis;01a02690-0cc4-742e-86ec-8002a5f44d2d
Salve;01a02690-0cc4-742e-86ec-80039d473bf8
Sam Fender;01a02690-0cc4-742e-86ec-8004cb9116f2
Sam Harper;01a02690-0cc4-742e-86ec-80059dfa92c6
Sam Smith;01a02690-0cc4-742e-86ec-8006e22c2c7a
Sammy Virji;01a02690-0cc4-742e-86ec-8007f4b9c975
Samra;01a02690-0cc4-742e-86ec-80080cf478c5
Samuel Welten;01a02690-0cc4-742e-86ec-800921f6894a
Samurai Jay;01a02690-0cc4-742e-86ec-800aa500a1f4
Sanna Nielsen;01a02690-0cc4-742e-86ec-800b5bf8d959
Santana;01a02690-0cc4-742e-86ec-800c063d0eb8
Sara Bareilles;01a02690-0cc4-742e-86ec-800dc237f7bf
Sarah Connor;01a02690-0cc4-742e-86ec-800e4456327f
Sarah Engels;01a02690-0cc4-742e-86ec-800ff59f0440
Sarah Hession;01a02690-0cc4-742e-86ec-80108ad8bbea
Sarah McLachlan;01a02690-0cc4-742e-86ec-8011599524f3
Sarah Toscano;01a02690-0cc4-742e-86ec-80126c7d6850
Sasanuki;01a02690-0cc4-742e-86ec-801363a4f1ad
Saskia Leppin;01a02690-0cc4-742e-86ec-80144121fbb5
Satinder Sartaaj;01a02690-0cc4-742e-86ec-8015be1b10fb
Savannah Jade;01a02690-0cc4-742e-86ec-8016ce7e0885
SawanoHiroyuki[nZk];01a02690-0cc4-742e-86ec-8017cad5527d
Saxboy Billy;01a02690-0cc4-742e-86ec-80186d3291cd
Saya Gray;01a02690-0cc4-742e-86ec-8019fa9d950d
Sayaka Yamamoto;01a02690-0cc4-742e-86ec-801a1b14d479
Sayf;01a02690-0cc4-742e-86ec-801bf8c7baff
Schürze;01a02690-0cc4-742e-86ec-801cc8e81268
Scooter;01a02690-0cc4-742e-86ec-801d371fb39c
Scorpions;01a02690-0cc4-742e-86ec-801e47975824
Scotty McCreery;01a02690-0cc4-742e-86ec-801f0efafd4f
Scouting for Girls;01a02690-0cc5-74ee-b745-0bcb91c1acdb
Seals;01a02690-0cc5-74ee-b745-0bcc910a4271
Sean Paul featuring Keyshia Cole;01a02690-0cc5-74ee-b745-0bcd41de2567
Seiji Yokoyama;01a02690-0cc5-74ee-b745-0bce0850d54b
Selena Gomez;01a02690-0cc5-74ee-b745-0bcf1dd66751
Selim Öztürk;01a02690-0cc5-74ee-b745-0bd066041ddc
Sena Juo;01a02690-0cc5-74ee-b745-0bd1d5bcc633
Senhit;01a02690-0cc5-74ee-b745-0bd28b1c9023
SennaRin;01a02690-0cc5-74ee-b745-0bd3c5ecfe6e
Sepultura;01a02690-0cc5-74ee-b745-0bd48beda7bf
Serena Brancale;01a02690-0cc5-74ee-b745-0bd5cd2ccb9e
Sergey Shnurov;01a02690-0cc5-74ee-b745-0bd6464046fd
Sergio Ramos;01a02690-0cc5-74ee-b745-0bd70dc95a1e
Sergio Tiempo;01a02690-0cc5-74ee-b745-0bd88bdebd4f
Servus Mariae;01a02690-0cc5-74ee-b745-0bd958653033
Sevendust;01a02690-0cc5-74ee-b745-0bda643ac6f5
Shaboozey;01a02690-0cc5-74ee-b745-0bdbacff8379
Shaggy;01a02690-0cc5-74ee-b745-0bdc9b3009f0
Shahzad Ali;01a02690-0cc5-74ee-b745-0bdd3c4131ed
Shakespears Sister;01a02690-0cc5-74ee-b745-0bde8fbed934
Shakira;01a02690-0cc5-74ee-b745-0bdf65c849c8
Sham Rock;01a02690-0cc5-74ee-b745-0be08097f061
Shania Twain;01a02690-0cc5-74ee-b745-0be105072480
Shashwat Sachdev;01a02690-0cc5-74ee-b745-0be22a693c1d
She is Legend;01a02690-0cc5-74ee-b745-0be317e4c961
She's All Music;01a02690-0cc5-74ee-b745-0be410b5fcc1
Sheena Ringo;01a02690-0cc5-74ee-b745-0be52a56f22f
Sheena Taylor;01a02690-0cc5-74ee-b745-0be6b10746cc
Sheikh Abdulkarim Al-Fatani;01a02690-0cc5-74ee-b745-0be763f5175f
Sheila;01a02690-0cc5-74ee-b745-0be85bb5aa23
Shenseea;01a02690-0cc5-74ee-b745-0be9699fcab6
Sheppard;01a02690-0cc5-74ee-b745-0bea13f8e2d9
SherellHodge;01a02690-0cc5-74ee-b745-0beb4a2c4e16
Shift to Abundance;01a02690-0cc5-74ee-b745-0bec2545fdb8
Shifty Brent;01a02690-0cc5-74ee-b745-0bede990fd85
Shigure Ui;01a02690-0cc5-74ee-b745-0bee5f65ad5c
Shikao Suga;01a02690-0cc5-74ee-b745-0befa1f2be47
Shimajiro(CV:Mogami Tsuguo);01a02690-0cc5-74ee-b745-0bf05a264435
Shindy;01a02690-0cc5-74ee-b745-0bf1c4da717d
Shinedown;01a02690-0cc5-74ee-b745-0bf25005131a
Shiranui Flare;01a02690-0cc5-74ee-b745-0bf38cdbf144
Shirin David;01a02690-0cc5-74ee-b745-0bf4f6983cec
Shisa(CV:Shimabukuro Miyuri);01a02690-0cc5-74ee-b745-0bf56d0abd7c
Shoshana Bean;01a02690-0cc5-74ee-b745-0bf6bed3f9e3
Shota Watanabe;01a02690-0cc5-74ee-b745-0bf74fe09e88
ShowMinorSavage;01a02690-0cc5-74ee-b745-0bf8bd549a99
Showtek;01a02690-0cc5-74ee-b745-0bf94b47504c
Shu Itsuki(CV.Hiroki Takahashi);01a02690-0cc5-74ee-b745-0bfa0fb02155
Shunned at a Funeral;01a02690-0cc5-74ee-b745-0bfbc0cbfacf
Shyra Sanchez;01a02690-0cc5-74ee-b745-0bfc38077ad9
Sia;01a02690-0cc5-74ee-b745-0bfd268d355e
Sidhu Moose Wala;01a02690-0cc5-74ee-b745-0bfe813aeb51
Sido;01a02690-0cc5-74ee-b745-0bff704f5bcd
Siks;01a02690-0cc5-74ee-b745-0c00877b3b9c
Silas Thorne Music;01a02690-0cc5-74ee-b745-0c01fdeb4502
Silent Addy;01a02690-0cc5-74ee-b745-0c021f492bc4
Silhouette;01a02690-0cc5-74ee-b745-0c03aa1a7ca7
Silva Bumpa;01a02690-0cc5-74ee-b745-0c04cd9c4354
Silver Panda;01a02690-0cc5-74ee-b745-0c055d8113a7
Simon Says;01a02690-0cc5-74ee-b745-0c0630281373
Simply Red;01a02690-0cc5-74ee-b745-0c070f4ba0e3
Sinéad O'Connor;01a02690-0cc5-74ee-b745-0c08c29ddac9
Sir Anthony Hopkins;01a02690-0cc5-74ee-b745-0c090924ffbc
Siren(CV:Suzuki Minori);01a02690-0cc5-74ee-b745-0c0a308dd5b8
Sistema Dance 2000;01a02690-0cc5-74ee-b745-0c0b3e2d8335
Sisters Doll;01a02690-0cc5-74ee-b745-0c0cc78f6548
SixTONES;01a02690-0cc5-74ee-b745-0c0d3acdfcd7
Sixpence None the Richer;01a02690-0cc5-74ee-b745-0c0e6fe58988
Sizelle;01a02690-0cc5-74ee-b745-0c0fe1566606
Skillet;01a02690-0cc5-74ee-b745-0c10da8a50f8
Skillibeng;01a02690-0cc5-74ee-b745-0c11e361b129
Skindred;01a02690-0cc5-74ee-b745-0c12d31d4f2e
Skream;01a02690-0cc5-74ee-b745-0c139429a0be
SkyDxddy;01a02690-0cc5-74ee-b745-0c14d3370892
Skye Newman;01a02690-0cc5-74ee-b745-0c1560daed61
Skylar Grey;01a02690-0cc5-74ee-b745-0c16b5066c3a
Slayyyter;01a02690-0cc5-74ee-b745-0c173dd4f6bf
Sleep Theory;01a02690-0cc5-74ee-b745-0c181d25d67b
Smash Into Pieces;01a02690-0cc5-74ee-b745-0c198932e6e6
Snelle;01a02690-0cc5-74ee-b745-0c1ada522221
Snollebollekes;01a02690-0cc5-74ee-b745-0c1ba3356ff6
Snoop Dogg;01a02690-0cc5-74ee-b745-0c1c7973f562
Snow Man;01a02690-0cc5-74ee-b745-0c1d2017d71e
Snow Patrol;01a02690-0cc5-74ee-b745-0c1e6168551c
Soala;01a02690-0cc5-74ee-b745-0c1fb3e653a9
Social Distortion;01a02690-0cc5-74ee-b745-0c205ee6be6b
Soen;01a02690-0cc5-74ee-b745-0c211c3a5d92
Solar;01a02690-0cc5-74ee-b745-0c2264eef6ea
Solarkreis;01a02690-0cc5-74ee-b745-0c239e74f339
Solomon Hayes;01a02690-0cc5-74ee-b745-0c246f2c1aeb
Solomon Ray;01a02690-0cc5-74ee-b745-0c2569af3adc
Somos Shemá;01a02690-0cc5-74ee-b745-0c2696f62732
Son of Son;01a02690-0cc5-74ee-b745-0c275dfbce30
Song House;01a02690-0cc5-74ee-b745-0c2852987d3b
Sonia Liebing;01a02690-0cc5-74ee-b745-0c2944dbda31
Sonic Heart (and Signal);01a02690-0cc5-74ee-b745-0c2afb74d649
Sonny Fodera;01a02690-0cc5-74ee-b745-0c2b694831b9
Sonny Green;01a02690-0cc5-74ee-b745-0c2c00cbd2d3
Sons;01a02690-0cc5-74ee-b745-0c2da6cad3ce
Sons of Legion;01a02690-0cc5-74ee-b745-0c2e1f61458b
Sophie Ellis-Bextor;01a02690-0cc5-74ee-b745-0c2fd41955bd
Sou Hayase;01a02690-0cc5-74ee-b745-0c30b0b504c9
Soul Brothers Syndicate;01a02690-0cc5-74ee-b745-0c31adde3a6a
Souled Out;01a02690-0cc5-74ee-b745-0c32a4f2c76b
Soulfly;01a02690-0cc5-74ee-b745-0c33113c8c05
Sound Of Legend;01a02690-0cc5-74ee-b745-0c34157a73d4
Southern All Stars;01a02690-0cc5-74ee-b745-0c35038e2ca5
Spalexma;01a02690-0cc5-74ee-b745-0c3681158d1b
Special Week (CV: Azumi Wake);01a02690-0cc5-74ee-b745-0c3701804841
Spencer Hatcher;01a02690-0cc5-74ee-b745-0c3843dceaf6
Spiral Starecase;01a02690-0cc5-74ee-b745-0c392df7b77e
Spitz;01a02690-0cc5-74ee-b745-0c3af4f18b66
Sportfreunde Stiller;01a02690-0cc5-74ee-b745-0c3b47c55b01
Squeeze;01a02690-0cc5-74ee-b745-0c3cd0aab4c4
Stan Walker;01a02690-0cc5-74ee-b745-0c3d0180c502
Star Academy;01a02690-0cc5-74ee-b745-0c3e3e908680
Starsailor;01a02690-0cc5-74ee-b745-0c3f61e124b2
Starship;01a02690-0cc5-74ee-b745-0c4062d13d7f
Status;01a02690-0cc5-74ee-b745-0c41ac3a3550
Stay Gold (CV: Satsumi Matsuda);01a02690-0cc5-74ee-b745-0c42f1f9186a
Staying Alive;01a02690-0cc5-74ee-b745-0c43743f0ce5
Steffen Sturm;01a02690-0cc5-74ee-b745-0c4478f968fa
Steph Fraser;01a02690-0cc5-74ee-b745-0c4592dd20e0
Stephen Sanchez;01a02690-0cc5-74ee-b745-0c46184300d0
Stephen Wilson Jr.;01a02690-0cc5-74ee-b745-0c474777218a
Stereoact;01a02690-0cc5-74ee-b745-0c483b3a89ed
Steve Aoki;01a02690-0cc5-74ee-b745-0c49e0ad9d7f
Steve Gruber and the Freedom Project;01a02690-0cc5-74ee-b745-0c4a2b2ece20
Steve Lacy;01a02690-0cc5-74ee-b745-0c4b79a32a13
Steve Perry;01a02690-0cc5-74ee-b745-0c4cc7921529
Stevie Nicks;01a02690-0cc5-74ee-b745-0c4d04a062cb
Stevie Wonder;01a02690-0cc5-74ee-b745-0c4e20b1c2df
Stick Figure;01a02690-0cc5-74ee-b745-0c4f1e13da0a
Still in Love (CV: Saki Miyashita);01a02690-0cc5-74ee-b745-0c5067917afa
Sting;01a02690-0cc5-74ee-b745-0c51cf4d8958
Story of the Year;01a02690-0cc5-74ee-b745-0c5225f0e6cd
Stray Kids;01a02690-0cc5-74ee-b745-0c53d984a2d5
Stromae;01a02690-0cc5-74ee-b745-0c5469fbe063
Styx;01a02690-0cc5-74ee-b745-0c55ca5d4de8
Subhadeep Das Chowdhury;01a02690-0cc5-74ee-b745-0c5619dfa327
Sudhir Yaduvanshi;01a02690-0cc5-74ee-b745-0c57845914de
Sukimaswitch;01a02690-0cc5-74ee-b745-0c5880435cfd
Sumika Shiun;01a02690-0cc5-74ee-b745-0c591427c939
Summer Cem;01a02690-0cc5-74ee-b745-0c5ac2a7f2cb
Superdays;01a02690-0cc5-74ee-b745-0c5b05e844c0
SurNervis;01a02690-0cc5-74ee-b745-0c5c7b907e92
Survive Said The Prophet;01a02690-0cc5-74ee-b745-0c5d0837c6f6
Survivor;01a02690-0cc5-74ee-b745-0c5ed929a823
Suzan;01a02690-0cc5-74ee-b745-0c5fd525dcba
Suzane;01a02690-0cc5-74ee-b745-0c60d9178e6f
Suzi Quatro;01a02690-0cc5-74ee-b745-0c610980cfec
Swae Lee;01a02690-0cc5-74ee-b745-0c6214b827c3
Sweat;01a02690-0cc5-74ee-b745-0c63830f9273
Swedish House Mafia;01a02690-0cc5-74ee-b745-0c64fa8518cd
Sydnie Christmas;01a02690-0cc5-74ee-b745-0c65bc31033e
Sylver;01a02690-0cc5-74ee-b745-0c66c2ee6391
Sylvie Kreusch;01a02690-0cc5-74ee-b745-0c67ba90cc1c
Symboli Kris S (CV: Meiku Harukawa);01a02690-0cc5-74ee-b745-0c6874f59e5c
Symon Hook;01a02690-0cc5-74ee-b745-0c69b5a37edb
Syo Kurusu;01a02690-0cc5-74ee-b745-0c6a06e916a8
Sébastien Tellier;01a02690-0cc5-74ee-b745-0c6bbe66bdfb
T.I.;01a02690-0cc5-74ee-b745-0c6c6aa3ee06
T.M.Revolution;01a02690-0cc5-74ee-b745-0c6d3656866c
T.M.Revolution - HOT LIMIT;01a02690-0cc5-74ee-b745-0c6e04a2829c
T.N.T;01a02690-0cc5-74ee-b745-0c6f30431e77
T.O.P;01a02690-0cc5-74ee-b745-0c70975b95a2
TAEHYUN;01a02690-0cc5-74ee-b745-0c71a1aa2292
TAEMIN;01a02690-0cc5-74ee-b745-0c72b1338913
TAEYEON;01a02690-0cc5-74ee-b745-0c73ccd80f83
TAEYONG;01a02690-0cc5-74ee-b745-0c74b338d640
TAGRIGHT;01a02690-0cc5-74ee-b745-0c75516486bc
TAKARA;01a02690-0cc5-74ee-b745-0c76ec75562f
TAKU INOUE;01a02690-0cc5-74ee-b745-0c77cfb9e72e
TAKUMI OZAKI;01a02690-0cc5-74ee-b745-0c78d5c9ea11
TELYKAST;01a02690-0cc5-74ee-b745-0c79386eff68
TEN;01a02690-0cc5-74ee-b745-0c7a4b25e89b
TENIPURI “D” ALL STARS;01a02690-0cc5-74ee-b745-0c7b7cef6bc5
TG5;01a02690-0cc5-74ee-b745-0c7c17d76e3c
THE 8;01a02690-0cc5-74ee-b745-0c7d2aae67ee
THE FUTARI TRAVELER;01a02690-0cc5-74ee-b745-0c7ec8321be7
TINI;01a02690-0cc5-74ee-b745-0c7fa74fe6a2
TJARK;01a02690-0cc5-74ee-b745-0c8084b00f38
TK from Ling tosite sigure;01a02690-0cc5-74ee-b745-0c810662ad62
TK from 凛として時雨;01a02690-0cc5-74ee-b745-0c82a70dba9e
TLE MATIMUN;01a02690-0cc5-74ee-b745-0c83f2424c2e
TOCHTER;01a02690-0cc5-74ee-b745-0c846db3a4bb
TOMOO;01a02690-0cc5-74ee-b745-0c85aef1f9a1
TOMORROW X TOGETHER;01a02690-0cc5-74ee-b745-0c86c4c82997
TRAP MAFIA HOUSE;01a02690-0cc5-74ee-b745-0c87127a3f9b
TREASURE;01a02690-0cc5-74ee-b745-0c88026ba4b8
TRIADXCNTRL;01a02690-0cc5-74ee-b745-0c89c85d9e80
TRIGGER;01a02690-0cc5-74ee-b745-0c8a2549fe43
TUKI.;01a02690-0cc5-74ee-b745-0c8b5e7811ee
TV On the Radio;01a02690-0cc5-74ee-b745-0c8c0bd2b866
TVXQ!;01a02690-0cc5-74ee-b745-0c8dcc803213
TWS;01a02690-0cc5-74ee-b745-0c8e84bd6354
Tailgunner;01a02690-0cc5-74ee-b745-0c8f95a25d1d
Tainy;01a02690-0cc5-74ee-b745-0c90a4b6c315
Takanori Nishikawa;01a02690-0cc5-74ee-b745-0c912b001bfb
Takashi Sorimachi - Poison;01a02690-0cc5-74ee-b745-0c92d9bdf57c
Take That;01a02690-0cc5-74ee-b745-0c93336af327
Takuya Kimura;01a02690-0cc5-74ee-b745-0c9400759940
Talia Mar;01a02690-0cc5-74ee-b745-0c95f811c967
Tame Impala;01a02690-0cc5-74ee-b745-0c9699c71939
Tammy Wynette;01a02690-0cc5-74ee-b745-0c9731e91160
Tani Yuuki;01a02690-0cc5-74ee-b745-0c987791e641
Tarja;01a02690-0cc5-74ee-b745-0c996a269010
Tarokiki;01a02690-0cc5-74ee-b745-0c9a61ff6573
Tate Butts;01a02690-0cc5-74ee-b745-0c9bea520b41
Tate McRae;01a02690-0cc5-74ee-b745-0c9cca5dd6a7
Tatsuya Fukazawa;01a02690-0cc5-74ee-b745-0c9d88a739c1
Tatsuya Kitani;01a02690-0cc5-74ee-b745-0c9e693eb62d
Taylor Swift;01a02690-0cc5-74ee-b745-0c9fe18ceb15
Tears;01a02690-0cc5-74ee-b745-0ca022bacda0
Tears for Fears;01a02690-0cc5-74ee-b745-0ca1bd1b11dc
Ted Nugent;01a02690-0cc5-74ee-b745-0ca2932e4b2a
Teddy Swims;01a02690-0cc5-74ee-b745-0ca363109b46
TeddyBear;01a02690-0cc5-74ee-b745-0ca45a6fc8f6
Tedeschi Trucks Band;01a02690-0cc5-74ee-b745-0ca593f980fa
Tele;01a02690-0cc5-74ee-b745-0ca6ae7bf2d2
Temari Tsukimura;01a02690-0cc5-74ee-b745-0ca782bcbf24
Temper City;01a02690-0cc5-74ee-b745-0ca8070a08ca
Tems;01a02690-0cc5-74ee-b745-0ca9230ad21c
Tender May;01a02690-0cc5-74ee-b745-0caab9d4782b
Tennessee Ernie Ford;01a02690-0cc5-74ee-b745-0cab5b902792
Terrian;01a02690-0cc5-74ee-b745-0cac595a3ba7
Terry Zhong;01a02690-0cc5-74ee-b745-0cad2617c0c9
Tesla;01a02690-0cc5-74ee-b745-0caed1a64cce
Thalia;01a02690-0cc5-74ee-b745-0cafd878bb2d
The 502s;01a02690-0cc5-74ee-b745-0cb03bd09706
The Alan Parsons Project;01a02690-0cc5-74ee-b745-0cb1488e44d3
The Amity Affliction;01a02690-0cc5-74ee-b745-0cb2527f45dc
The Babys;01a02690-0cc5-74ee-b745-0cb390c6ef54
The Bad Seeds;01a02690-0cc5-74ee-b745-0cb49eb1bd90
The Bausa;01a02690-0cc5-74ee-b745-0cb5eed1441d
The Beaches;01a02690-0cc5-74ee-b745-0cb6369ba643
The Beatles;01a02690-0cc5-74ee-b745-0cb7ae9131fd
The Beautiful South;01a02690-0cc5-74ee-b745-0cb852195486
The Black Crowes;01a02690-0cc5-74ee-b745-0cb9e06afb13
The Black Eyed Peas;01a02690-0cc5-74ee-b745-0cba1e814427
The Black Keys;01a02690-0cc5-74ee-b745-0cbb001ce056
The Blackout Crew;01a02690-0cc5-74ee-b745-0cbcfd0131f6
The Bugler;01a02690-0cc5-74ee-b745-0cbd1f524c2b
The Bunnymen;01a02690-0cc5-74ee-b745-0cbe161c4a1f
The Chainsmokers;01a02690-0cc5-74ee-b745-0cbf8ea1bc22
The Chemical Brothers;01a02690-0cc5-74ee-b745-0cc0afad6d9b
The Chicks;01a02690-0cc5-74ee-b745-0cc1f034318a
The Childish;01a02690-0cc5-74ee-b745-0cc2e50b375c
The Cinematic Orchestra;01a02690-0cc5-74ee-b745-0cc31e32a790
The Clash;01a02690-0cc5-74ee-b745-0cc49f7be166
The Claypool Lennon Delirium;01a02690-0cc5-74ee-b745-0cc514c16a17
The Cranberries;01a02690-0cc5-74ee-b745-0cc686b4143b
The Damned;01a02690-0cc5-74ee-b745-0cc76b0d00d8
The Doobie Brothers;01a02690-0cc5-74ee-b745-0cc84aef668f
The Fizz;01a02690-0cc5-74ee-b745-0cc938bf638c
The Format;01a02690-0cc5-74ee-b745-0cca44cdd1c5
The Frames;01a02690-0cc5-74ee-b745-0ccb13176f52
The Game Official;01a02690-0cc5-74ee-b745-0cccd420fa4f
The Georgia Satellites;01a02690-0cc5-74ee-b745-0ccd2c72d490
The Goo Goo Dolls;01a02690-0cc5-74ee-b745-0cce8ef8acc6
The Handsome Family;01a02690-0cc5-74ee-b745-0ccfdc3218c7
The Heartbreakers;01a02690-0cc5-74ee-b745-0cd0f732b6f4
The High Kings;01a02690-0cc5-74ee-b745-0cd16be9b7fe
The Housemartins;01a02690-0cc5-74ee-b745-0cd29c667664
The Hu;01a02690-0cc5-74ee-b745-0cd30f405169
The Irrepressibles;01a02690-0cc5-74ee-b745-0cd497a4659c
The Kid LAROI;01a02690-0cc5-74ee-b745-0cd50957a213
The Kidd;01a02690-0cc5-74ee-b745-0cd6eaa23834
The Killers;01a02690-0cc5-74ee-b745-0cd70e7c5172
The Kolors;01a02690-0cc5-74ee-b745-0cd8b8bbb331
The Kooks;01a02690-0cc5-74ee-b745-0cd9172c23d4
The Last Dinner Party;01a02690-0cc5-74ee-b745-0cda3d6c583f
The Lightning Seeds;01a02690-0cc5-74ee-b745-0cdb42330d26
The Lion;01a02690-0cc5-74ee-b745-0cdc58ea5426
The Lyndhurst Orchestra;01a02690-0cc5-74ee-b745-0cdde0266841
The Marías;01a02690-0cc5-74ee-b745-0cdee5532045
The Menzingers;01a02690-0cc5-74ee-b745-0cdf884ab9a9
The Milan;01a02690-0cc5-74ee-b745-0ce03c1d61c5
The Minions;01a02690-0cc5-74ee-b745-0ce135c57971
The Molotovs;01a02690-0cc5-74ee-b745-0ce2b8840531
The Naughty Jukebox;01a02690-0cc5-74ee-b745-0ce3a2d8ffa4
The Neal Morse Band;01a02690-0cc5-74ee-b745-0ce4083c1e3e
The New Basement Tapes;01a02690-0cc5-74ee-b745-0ce5796891b6
The Offspring;01a02690-0cc5-74ee-b745-0ce63cb7f903
The Original Cast of 'Paddington The Musical';01a02690-0cc5-74ee-b745-0ce76b3c4058
The Piano Guys;01a02690-0cc5-74ee-b745-0ce8c293a6f7
The Police;01a02690-0cc5-74ee-b745-0ce995abecb5
The Pretty Reckless;01a02690-0cc5-74ee-b745-0cead8a0be3c
The Proclaimers;01a02690-0cc5-74ee-b745-0ceb2e6c6ebf
The Pussycat Dolls;01a02690-0cc5-74ee-b745-0cecbba606f1
The Red Clay Strays;01a02690-0cc5-74ee-b745-0ced65bc19ed
The Revivalists;01a02690-0cc5-74ee-b745-0ceeccf4ba62
The Revolution;01a02690-0cc5-74ee-b745-0ceff8f0c03d
The Rolling Stones;01a02690-0cc5-74ee-b745-0cf0bf82a91b
The Ronettes;01a02690-0cc5-74ee-b745-0cf1f408996a
The Saints;01a02690-0cc5-74ee-b745-0cf277152c3e
The Saw Doctors;01a02690-0cc5-74ee-b745-0cf3a59eedeb
The Script;01a02690-0cc5-74ee-b745-0cf43231fede
The Second Voice;01a02690-0cc5-74ee-b745-0cf5f2e1fb38
The Seekers;01a02690-0cc5-74ee-b745-0cf63b286712
The Shires;01a02690-0cc5-74ee-b745-0cf76a704491
The Silent Partner;01a02690-0cc5-74ee-b745-0cf8b8bdb65c
The Ski Project;01a02690-0cc5-74ee-b745-0cf9689b91d5
The Smashing Pumpkins;01a02690-0cc5-74ee-b745-0cfaa57d655f
The Spinners;01a02690-0cc5-74ee-b745-0cfbe5a8f2a6
The Stranglers;01a02690-0cc5-74ee-b745-0cfce67ee1b5
The Strokes;01a02690-0cc5-74ee-b745-0cfd638fefce
The Swell Season;01a02690-0cc5-74ee-b745-0cfe5d1d51fa
The Temper Trap;01a02690-0cc5-74ee-b745-0cffa09b45ef
The Toonosaurs;01a02690-0cc5-74ee-b745-0d00578cf494
The Tragically Hip;01a02690-0cc5-74ee-b745-0d01d5d5d01a
The Twilight Sad - ATTEMPT A CRASH LANDING;01a02690-0cc5-74ee-b745-0d0248fa588a
The Vampire Lestat;01a02690-0cc5-74ee-b745-0d03808a6afd
The Verve;01a02690-0cc5-74ee-b745-0d043c2685e6
The Wailers;01a02690-0cc5-74ee-b745-0d05db48aa34
The Warning;01a02690-0cc5-74ee-b745-0d06a230852f
The Weeknd;01a02690-0cc5-74ee-b745-0d07a729fcc3
The Whiskey Brothers;01a02690-0cc5-74ee-b745-0d08102e0af1
The White Stripes;01a02690-0cc5-74ee-b745-0d09ce37be24
The Who;01a02690-0cc5-74ee-b745-0d0a17dce94a
The Womack Sisters;01a02690-0cc5-74ee-b745-0d0b9f46630b
The xx;01a02690-0cc5-74ee-b745-0d0cdfe1b431
Theodora;01a02690-0cc5-74ee-b745-0d0d2ac95b55
Thiago Navarro Music;01a02690-0cc5-74ee-b745-0d0e7ef5f4e6
Third ≡ Party;01a02690-0cc5-74ee-b745-0d0fdaf2afab
Thirty Seconds to Mars;01a02690-0cc5-74ee-b745-0d10dda868e0
Thomas Anders;01a02690-0cc5-74ee-b745-0d1136981b4b
Thomas Mac;01a02690-0cc5-74ee-b745-0d12d3217247
Thomas Rhett;01a02690-0cc5-74ee-b745-0d13777ee888
Thompsxn Therapy;01a02690-0cc5-74ee-b745-0d143882a355
Thundercat;01a02690-0cc5-74ee-b745-0d157ba9634a
Thunderpromot;01a02690-0cc5-74ee-b745-0d16872ce2f4
Thunderstorm Artis;01a02690-0cc5-74ee-b745-0d171aa2acb6
Tiago PZK;01a02690-0cc5-74ee-b745-0d1818ebb119
Tiffany;01a02690-0cc5-74ee-b745-0d19b4c32e9b
Till Lindemann;01a02690-0cc5-74ee-b745-0d1a114b04d8
Tim Bendzko;01a02690-0cc5-74ee-b745-0d1b0841d021
Tim McGraw;01a02690-0cc5-74ee-b745-0d1c05672605
Tim Peters;01a02690-0cc5-74ee-b745-0d1d46c2abdc
Timgioh;01a02690-0cc5-74ee-b745-0d1e6585846d
Timmy Trumpet;01a02690-0cc5-74ee-b745-0d1fd0e5ca26
Tina Arena;01a02690-0cc5-74ee-b745-0d2044aac0ea
Tinashe;01a02690-0cc5-74ee-b745-0d21ce4a1bc0
Tindo Lugz;01a02690-0cc5-74ee-b745-0d22d67b0038
Tinie Tempah;01a02690-0cc5-74ee-b745-0d23f58b4923
Tito Double P;01a02690-0cc5-74ee-b745-0d24e2efac49
Tiziano Ferro;01a02690-0cc5-74ee-b745-0d25d608c403
Tiësto;01a02690-0cc5-74ee-b745-0d266e85ffcb
Tobee;01a02690-0cc5-74ee-b745-0d278f137427
Toby Keith;01a02690-0cc5-74ee-b745-0d28c65283e8
Todd Terje;01a02690-0cc5-74ee-b745-0d29fd7ca544
Todoroki Hajime;01a02690-0cc5-74ee-b745-0d2a7083c99e
Tokai Teio (CV: Machico);01a02690-0cc5-74ee-b745-0d2bd6922e59
Token;01a02690-0cc5-74ee-b745-0d2cbeb91aff
Tokio Hotel;01a02690-0cc5-74ee-b745-0d2ddd5be8ba
Tokyo DisneySea;01a02690-0cc5-74ee-b745-0d2e8eb706ef
Tokyo Ska Paradise Orchestra;01a02690-0cc5-74ee-b745-0d2f2b379b94
Tom Ball;01a02690-0cc5-74ee-b745-0d30a32a5124
Tom MacDonald;01a02690-0cc5-74ee-b745-0d3143410de9
Tom Misch;01a02690-0cc5-74ee-b745-0d3230222a03
Tom Morello;01a02690-0cc5-74ee-b745-0d3340476ae8
Tom Odell;01a02690-0cc5-74ee-b745-0d3413da0b18
Tom Petty;01a02690-0cc5-74ee-b745-0d35a9989e86
Tom Right;01a02690-0cc5-74ee-b745-0d3602713db3
Tom Waits;01a02690-0cc5-74ee-b745-0d375c9f304b
Tom Walker;01a02690-0cc5-74ee-b745-0d38afaaf94b
Tomas Grey;01a02690-0cc5-74ee-b745-0d39bb6333a8
Tommaso Paradiso;01a02690-0cc5-74ee-b745-0d3a2563c7d7
Tommee Profitt;01a02690-0cc5-74ee-b745-0d3b39a469c0
Tomohiro Kamiyama;01a02690-0cc5-74ee-b745-0d3c509d49bc
Tones And I;01a02690-0cc5-74ee-b745-0d3d1a90e2fb
Tones and I;01a02690-0cc5-74ee-b745-0d3eb9c8be72
Tony Evans;01a02690-0cc5-74ee-b745-0d3f64485294
Tony Iommi;01a02690-0cc5-74ee-b745-0d40973dc74b
Tophouse;01a02690-0cc5-74ee-b745-0d4120453370
Topic;01a02690-0cc5-74ee-b745-0d42558ac292
Tori Amos;01a02690-0cc5-74ee-b745-0d435e644bba
Torsten Vibes;01a02690-0cc5-74ee-b745-0d44fe6a179c
Toshinobu Kubota;01a02690-0cc5-74ee-b745-0d45b9b67132
Toto;01a02690-0cc5-74ee-b745-0d46d313e967
Toujour;01a02690-0cc5-74ee-b745-0d477a1b35fe
Touken Danshi formation of Banryohito;01a02690-0cc5-74ee-b745-0d48b11ce8e9
Touken Danshi from Touken Ranbu:The Musical;01a02690-0cc5-74ee-b745-0d49fb66c2c3
Tove Lo;01a02690-0cc5-74ee-b745-0d4af75a6e57
Toxi$;01a02690-0cc5-74ee-b745-0d4be4a7e222
Tracy Chapman;01a02690-0cc5-74ee-b745-0d4ca28893e6
Transformers;01a02690-0cc5-74ee-b745-0d4d771922c4
Travis;01a02690-0cc5-74ee-b745-0d4e2b158cd6
Travis Japan;01a02690-0cc5-74ee-b745-0d4f773d9c48
Travis Scott;01a02690-0cc5-74ee-b745-0d502f86edef
Tream;01a02690-0cc5-74ee-b745-0d51da67c631
Triggerfinger;01a02690-0cc5-74ee-b745-0d5279aa72ae
Trigo 13;01a02690-0cc5-74ee-b745-0d5305205f00
Troye Sivan;01a02690-0cc5-74ee-b745-0d545aa68263
Tru-Skool;01a02690-0cc5-74ee-b745-0d5578b66ec6
True Steppers;01a02690-0cc5-74ee-b745-0d563caf6c3c
Tsubame Amaya;01a02690-0cc5-74ee-b745-0d57c99519be
Tsunomaki Watame;01a02690-0cc5-74ee-b745-0d58d540fcf4
Tucker Wetmore;01a02690-0cc5-74ee-b745-0d59fa7541e9
Tulus;01a02690-0cc5-74ee-b745-0d5ad4acc2ae
Tuyo;01a02690-0cc5-74ee-b745-0d5bd55b1467
Twinnie;01a02690-0cc5-74ee-b745-0d5c0b129bd5
Two Connors;01a02690-0cc5-74ee-b745-0d5ddf659439
Tyketto;01a02690-0cc5-74ee-b745-0d5e7971fb69
Tyla;01a02690-0cc5-74ee-b745-0d5f5a7c2755
Tyson Yoshi;01a02690-0cc5-74ee-b745-0d60876052f3
Tytanium;01a02690-0cc5-74ee-b745-0d61caf5d4fe
U-KNOW;01a02690-0cc5-74ee-b745-0d629e06b24e
U2;01a02690-0cc5-74ee-b745-0d6307fbc649
UBUGOE;01a02690-0cc5-74ee-b745-0d646522046b
UNISON SQUARE GARDEN;01a02690-0cc5-74ee-b745-0d65208855c0
USHIZAWA;01a02690-0cc5-74ee-b745-0d6676080f38
UVERworld;01a02690-0cc5-74ee-b745-0d67efa67869
UdieNnx;01a02690-0cc5-74ee-b745-0d68d0019c32
Udo Lindenberg;01a02690-0cc5-74ee-b745-0d696b647409
Ulaa(Ulaa);01a02690-0cc5-74ee-b745-0d6a91e0af36
Ulaa(尤拉);01a02690-0cc5-74ee-b745-0d6b6d63aa86
Ultimo;01a02690-0cc5-74ee-b745-0d6c02654db8
Ultra Naté;01a02690-0cc5-74ee-b745-0d6d18c9f1d0
Umamusume: Pretty Derby;01a02690-0cc5-74ee-b745-0d6ec29704d6
Ume Hanami;01a02690-0cc5-74ee-b745-0d6fab377e5b
Unbound Music;01a02690-0cc5-74ee-b745-0d70691378ad
Underworld;01a02690-0cc5-74ee-b745-0d7156ad5850
Unheilig;01a02690-0cc5-74ee-b745-0d72899be3e1
Universal Beijing Resort;01a02690-0cc5-74ee-b745-0d73dde812cd
Unjaps;01a02690-0cc5-74ee-b745-0d74bcf77b34
Uru;01a02690-0cc5-74ee-b745-0d75769ebb9d
Usagi(CV:Ozawa Ari);01a02690-0cc5-74ee-b745-0d76b8707666
V;01a02690-0cc5-74ee-b745-0d77eabb277c
VAN KIRYUIN(CV.Hidenori Takahashi);01a02690-0cc5-74ee-b745-0d7862f7ef68
VAUNDY;01a02690-0cc5-74ee-b745-0d79a247809f
VELCHEVA VIBE;01a02690-0cc5-74ee-b745-0d7a42021ff1
VERNON;01a02690-0cc5-74ee-b745-0d7b2d446b56
VOLTACTION;01a02690-0cc5-74ee-b745-0d7c6cf41901
VYRA~Nova;01a02690-0cc5-74ee-b745-0d7dce8bb627
VYRMA;01a02690-0cc5-74ee-b745-0d7eb67db86c
Vaelis;01a02690-0cc5-74ee-b745-0d7f0ebefc2f
Valerie Luh;01a02690-0cc5-74ee-b745-0d802f487eeb
Valkyrie;01a02690-0cc5-74ee-b745-0d81af952bfb
Van Halen;01a02690-0cc5-74ee-b745-0d822d9b382c
Van Morrison;01a02690-0cc5-74ee-b745-0d836ca08f68
Vance Joy;01a02690-0cc5-74ee-b745-0d84793ee8e7
Vanessa Amorosi;01a02690-0cc5-74ee-b745-0d85dd6c8e92
Vanessa Carlton;01a02690-0cc5-74ee-b745-0d8675448536
Vanessa Mai;01a02690-0cc5-74ee-b745-0d87df5f63f8
VanilLa;01a02690-0cc5-74ee-b745-0d8873e192ec
Vastenavend In 't Krabbegat;01a02690-0cc5-74ee-b745-0d8989a88dea
Vaundy;01a02690-0cc5-74ee-b745-0d8a1c26bf21
Vicky Leandros;01a02690-0cc5-74ee-b745-0d8b9d1e4762
Victoire Pisa (CV: Hana Shimano);01a02690-0cc5-74ee-b745-0d8c6873bd22
Victor Aupecle;01a02690-0cc5-74ee-b745-0d8d9224e6a6
Victor Ivyic;01a02690-0cc5-74ee-b745-0d8ef34ccf4d
Victoria Beckham;01a02690-0cc5-74ee-b745-0d8f0412df77
Vikki Waters;01a02690-0cc5-74ee-b745-0d90a4296f3b
Village People;01a02690-0cc5-74ee-b745-0d91ff6ccead
Vince Staples;01a02690-0cc5-74ee-b745-0d92fff6e216
Vincent Gross;01a02690-0cc5-74ee-b745-0d93baf7cb8d
Vito Salamanca;01a02690-0cc5-74ee-b745-0d94514fa3a1
Vivek;01a02690-0cc5-74ee-b745-0d95f3df9f0d
Vivid BAD SQUAD;01a02690-0cc5-74ee-b745-0d96be3bc1f5
Volver a Siquem;01a02690-0cc5-74ee-b745-0d9701225c88
Vybz Kartel;01a02690-0cc5-74ee-b745-0d98f96f38e6
VΔLZ;01a02690-0cc5-74ee-b745-0d99710c77b5
W&W;01a02690-0cc5-74ee-b745-0d9a7e548d58
WALK THE MOON;01a02690-0cc5-74ee-b745-0d9b65f9c452
WENDY;01a02690-0cc5-74ee-b745-0d9ce9fe5b93
WEST.;01a02690-0cc5-74ee-b745-0d9d22b6e7e7
WILLIAM JAKRAPATR;01a02690-0cc5-74ee-b745-0d9e1bf841c1
WILLOW;01a02690-0cc5-74ee-b745-0d9fa5793407
WIN METAWIN;01a02690-0cc5-74ee-b745-0da098b071be
WJSN;01a02690-0cc5-74ee-b745-0da17cc177ee
WONWOO;01a02690-0cc5-74ee-b745-0da2f2973cf8
WOODZ;01a02690-0cc5-74ee-b745-0da3ac6de47f
Wage War;01a02690-0cc5-74ee-b745-0da45e12673e
Waking Up Christopher;01a02690-0cc5-74ee-b745-0da5df2c8944
Walt Fowler;01a02690-0cc5-74ee-b745-0da6af5ccae8
War Child Records;01a02690-0cc5-74ee-b745-0da7721a4b10
Wasureranneyo;01a02690-0cc5-74ee-b745-0da8fa9f977d
Watermät;01a02690-0cc5-74ee-b745-0da9f9109b31
WayV;01a02690-0cc5-74ee-b745-0daace6a64cb
Weezer;01a02690-0cc5-74ee-b745-0dabbd1bff3d
Wendy Kokkelkoren;01a02690-0cc5-74ee-b745-0dacd211d93a
Wendy Matthews;01a02690-0cc5-74ee-b745-0dadddc4fb37
Westlife;01a02690-0cc5-74ee-b745-0dae18b1e003
Weston Hunter;01a02690-0cc5-74ee-b745-0daf4ccb9161
Westside Cowboy;01a02690-0cc5-74ee-b745-0db074ca0190
Wham!;01a02690-0cc5-74ee-b745-0db153e74395
Whee In;01a02690-0cc5-74ee-b745-0db2b3473703
Whiskey Circuit;01a02690-0cc5-74ee-b745-0db3175591a8
White Plains;01a02690-0cc5-74ee-b745-0db413d12dca
Will Not Fear;01a02690-0cc5-74ee-b745-0db5b6919d49
William Orbit;01a02690-0cc5-74ee-b745-0db64a0d46f0
Willie Colón;01a02690-0cc5-74ee-b745-0db7638a87c9
Wilson Phillips;01a02690-0cc5-74ee-b745-0db898a35106
Wincent Weiss;01a02690-0cc5-74ee-b745-0db9c94fdcd2
Wind;01a02690-0cc5-74ee-b745-0dba795a0cf4
Within Temptation;01a02690-0cc5-74ee-b745-0dbb53657135
WizTheMc & bees;01a02690-0cc5-74ee-b745-0dbc74eda904
Wolf Alice;01a02690-0cc5-74ee-b745-0dbd3986a790
Wolf Parade;01a02690-0cc5-74ee-b745-0dbee2151696
Wolfgang Petry;01a02690-0cc5-74ee-b745-0dbfe8badf4b
Wonstein;01a02690-0cc5-74ee-b745-0dc0e36ed424
Worship.cat;01a02690-0cc5-74ee-b745-0dc1725e50ce
Wuthering Waves;01a02690-0cc5-74ee-b745-0dc2522f5434
Wynonna;01a02690-0cc5-74ee-b745-0dc3d4af4cc3
XG;01a02690-0cc5-74ee-b745-0dc44753822c
XXXTENTACION;01a02690-0cc5-74ee-b745-0dc5afe23601
XanTz;01a02690-0cc5-74ee-b745-0dc6bd5d3bcf
Xavier Naidoo;01a02690-0cc5-74ee-b745-0dc705ebeb86
Xcho;01a02690-0cc5-74ee-b745-0dc873e886ae
XngHan&Xoul;01a02690-0cc5-74ee-b745-0dc9501dc0f9
YAMATO HYUGA(CV.Ryohei Kimura);01a02690-0cc5-74ee-b745-0dca09b81f7e
YAO;01a02690-0cc5-74ee-b745-0dcb520f2c49
YEONJUN;01a02690-0cc5-74ee-b745-0dcc865ad37f
YESUNG;01a02690-0cc5-74ee-b745-0dcdc4035f64
YKeophirun;01a02690-0cc5-74ee-b745-0dcecbba5a4a
YOASOBI;01a02690-0cc5-74ee-b745-0dcf752768da
YONAKA;01a02690-0cc5-74ee-b745-0dd004d2adb4
YUNA;01a02690-0cc5-74ee-b745-0dd16ba11e61
YUNGBLUD;01a02690-0cc5-74ee-b745-0dd26e389ce3
YUTA;01a02690-0cc5-74ee-b745-0dd3cb830a66
YUZU;01a02690-0cc5-74ee-b745-0dd404f4e25d
Ya Ice Dilan;01a02690-0cc5-74ee-b745-0dd5607c606b
Yachiyo Runami(cv.Saori Hayami);01a02690-0cc5-74ee-b745-0dd62a3301bc
Yahritza Y Su Esencia;01a02690-0cc5-74ee-b745-0dd79203f6c5
Yamanbagiri Kunihiro;01a02690-0cc5-74ee-b745-0dd8b809bd72
Yami Safdie;01a02690-0cc5-74ee-b745-0dd92528afaf
Yann Muller;01a02690-0cc5-74ee-b745-0ddaadf97b8c
Yanzi Sun;01a02690-0cc5-74ee-b745-0ddb10d62f02
Ycare;01a02690-0cc5-74ee-b745-0ddc49c0c1d5
Yeison Jimenez;01a02690-0cc5-74ee-b745-0ddd0f52b97b
Yes;01a02690-0cc5-74ee-b745-0dde9d049fe4
Yiruma;01a02690-0cc5-74ee-b745-0ddfd10adc56
Yisa Yu;01a02690-0cc5-74ee-b745-0de0f10d3ac3
Yo Oizumi;01a02690-0cc5-74ee-b745-0de17d54789c
Yoohei Kawakami;01a02690-0cc5-74ee-b745-0de2b6da881b
Yorushika;01a02690-0cc5-74ee-b745-0de340219063
Yoshiko Hanzaki;01a02690-0cc5-74ee-b745-0de43014486c
You Yokoyama;01a02690-0cc5-74ee-b745-0de5e7a91599
Young the Giant;01a02690-0cc5-74ee-b745-0de6c17c442a
Yseult;01a02690-0cc5-74ee-b745-0de74b86f4a5
Yu Serizawa;01a02690-0cc5-74ee-b745-0de8ed6ddae3
Yu Takahashi;01a02690-0cc5-74ee-b745-0de95a8bdc98
Yuiko Ohara;01a02690-0cc5-74ee-b745-0deae0c0c137
Yukno;01a02690-0cc5-74ee-b745-0debfec5d68d
Yumeoi Kakeru;01a02690-0cc5-74ee-b745-0deca323b83e
Yumi Aiba (CV: Juri Kimura);01a02690-0cc5-74ee-b745-0ded42323c9a
Yung Lean;01a02690-0cc5-74ee-b745-0deeb63529a1
Yung Miami;01a02690-0cc5-74ee-b745-0defa43e0749
Yuridia;01a02690-0cc5-74ee-b745-0df0aa919819
Yurina Hirate;01a02690-0cc5-74ee-b745-0df1f44fdb74
Yusei Yagi;01a02690-0cc5-74ee-b745-0df2f1c2015d
YuukiSakuna;01a02690-0cc5-74ee-b745-0df3685e1275
Yuuri;01a02690-0cc5-74ee-b745-0df43a5126ae
Yuzo Koshiro;01a02690-0cc5-74ee-b745-0df5ed6400ca
Yves Berendse;01a02690-0cc5-74ee-b745-0df656734a75
Yves Tumor;01a02690-0cc5-74ee-b745-0df76471a8b5
Yvonne S. Moriarty;01a02690-0cc5-74ee-b745-0df87a0638e8
ZANU;01a02690-0cc5-74ee-b745-0df9d8a11ce2
ZAYN;01a02690-0cc5-74ee-b745-0dfa06c1f6bb
ZAZ;01a02690-0cc5-74ee-b745-0dfbf214519b
ZEROBASEONE;01a02690-0cc5-74ee-b745-0dfc73885953
ZHANG HAO;01a02690-0cc5-74ee-b745-0dfd281dcc8c
ZORN;01a02690-0cc5-74ee-b745-0dfe3e985eb8
ZUTOMAYO;01a02690-0cc5-74ee-b745-0dff591fd34b
ZVC;01a02690-0cc5-74ee-b745-0e00ca4b199e
ZWIRN;01a02690-0cc5-74ee-b745-0e01dbe291ef
ZXKAI;01a02690-0cc5-74ee-b745-0e028cca4147
ZZ Top;01a02690-0cc5-74ee-b745-0e03822b8bf8
Zac;01a02690-0cc5-74ee-b745-0e046b7e6e6d
Zac Brown Band;01a02690-0cc5-74ee-b745-0e0525a1340b
Zach Bryan;01a02690-0cc5-74ee-b745-0e065705d12f
Zach Top;01a02690-0cc5-74ee-b745-0e07e1f9e267
Zaho;01a02690-0cc5-74ee-b745-0e08164ea096
Zaho de Sagazan;01a02690-0cc5-74ee-b745-0e09fa8ce895
Zara Larsson;01a02690-0cc5-74ee-b745-0e0a732366fd
Zaungast;01a02690-0cc5-74ee-b745-0e0bd5e80bc4
Zenar;01a02690-0cc5-74ee-b745-0e0cd13af513
Zenaya;01a02690-0cc5-74ee-b745-0e0d0d282c82
Zeroworry Music;01a02690-0cc5-74ee-b745-0e0e538b903f
Zhang Zi Ning;01a02690-0cc5-74ee-b745-0e0fd85f2f8b
Zhou Shen;01a02690-0cc5-74ee-b745-0e105d7576e3
Ziggy in tha House;01a02690-0cc5-74ee-b745-0e1181cefdca
Zoe(佐伊);01a02690-0cc5-74ee-b745-0e127bbbb18e
Zora Winslet;01a02690-0cc5-74ee-b745-0e13b4dce865
Zubin Mehta;01a02690-0cc5-74ee-b745-0e141394ec75
Zélie;01a02690-0cc5-74ee-b745-0e1544079cf5
[Alexandros];01a02690-0cc5-74ee-b745-0e1606d66818
a-ha;01a02690-0cc5-74ee-b745-0e17cb209558
aespa;01a02690-0cc5-74ee-b745-0e187cb3153d
all things break;01a02690-0cc5-74ee-b745-0e19c1be0476
amazarashi - I'll Buy You a Brand New Crown;01a02690-0cc5-74ee-b745-0e1af5911051
back number;01a02690-0cc5-74ee-b745-0e1bb99f2340
badmómzjay;01a02690-0cc5-74ee-b745-0e1cef42f0f5
benny blanco;01a02690-0cc5-74ee-b745-0e1d76d29d33
blink-182;01a02690-0cc5-74ee-b745-0e1ecaad354a
chotokkyu;01a02690-0cc5-74ee-b745-0e1fcaa45b30
crane and turtle;01a02690-0cc5-74ee-b745-0e206d8c9d14
deadmau5;01a02690-0cc5-74ee-b745-0e21249ba3ab
def rebel;01a02690-0cc5-74ee-b745-0e224153da35
disiz;01a02690-0cc5-74ee-b745-0e23dd44eafc
ditonellapiaga;01a02690-0cc5-74ee-b745-0e24dac0d353
dolly babe;01a02690-0cc5-74ee-b745-0e25cb249fff
eaJ;01a02690-0cc5-74ee-b745-0e261bf22e75
elude;01a02690-0cc5-74ee-b745-0e27002c53c4
ext3nsion;01a02690-0cc5-74ee-b745-0e283c2ed8cc
fakeheader;01a02690-0cc5-74ee-b745-0e29b735bbf4
felix jaehn;01a02690-0cc5-74ee-b745-0e2af6776581
fluffysnaff;01a02690-0cc5-74ee-b745-0e2b26b2f88b
for KING;01a02690-0cc5-74ee-b745-0e2c5791d78b
hololive IDOL PROJECT;01a02690-0cc5-74ee-b745-0e2df7652416
honestav;01a02690-0cc5-74ee-b745-0e2e9bf70c19
honey;01a02690-0cc5-74ee-b745-0e2fde56bff3
i-dle;01a02690-0cc5-74ee-b745-0e3085bd5985
iyah may;01a02690-0cc5-74ee-b745-0e315297cc70
j-hope;01a02690-0cc5-74ee-b745-0e3272fff9fd
jixwang;01a02690-0cc5-74ee-b745-0e33effc5631
jo0ji;01a02690-0cc5-74ee-b745-0e343c6c5d8f
jo0ji - I-BULL;01a02690-0cc5-74ee-b745-0e351e6eb03c
jo0ji - よあけのうた;01a02690-0cc5-74ee-b745-0e36be533eb7
justin;01a02690-0cc5-74ee-b745-0e376ef6e4e9
kz;01a02690-0cc5-74ee-b745-0e38c37c1052
m-flo loves 櫻井翔;01a02690-0cc5-74ee-b745-0e39d45b10d9
manifestica_studio;01a02690-0cc5-74ee-b745-0e3a4ed6715c
mgk;01a02690-0cc5-74ee-b745-0e3b79a24544
mikeeysmind;01a02690-0cc5-74ee-b745-0e3cc0777e37
milet;01a02690-0cc5-74ee-b745-0e3d213963b3
n.SSign;01a02690-0cc5-74ee-b745-0e3edadb1d27
n.SSign - Funky Like Me;01a02690-0cc5-74ee-b745-0e3fabb0ed9e
natori;01a02690-0cc5-74ee-b745-0e40b1b0775c
nevermade;01a02690-0cc5-74ee-b745-0e41ff87db9e
no na;01a02690-0cc5-74ee-b745-0e42b128f233
noa;01a02690-0cc5-74ee-b745-0e43bbb2c89b
nqrse;01a02690-0cc5-74ee-b745-0e44be3adfd1
oskar med k;01a02690-0cc5-74ee-b745-0e45120738d3
prodbyTAA;01a02690-0cc5-74ee-b745-0e46d7cdb8ac
rusowsky;01a02690-0cc5-74ee-b745-0e47760a9134
ryo (supercell);01a02690-0cc5-74ee-b745-0e48c43864c4
sakanaction;01a02690-0cc5-74ee-b745-0e49f04e497b
samUIL Lee;01a02690-0cc5-74ee-b745-0e4aa43a6634
senses;01a02690-0cc5-74ee-b745-0e4b08d14772
shirts0001 - Erika;01a02690-0cc5-74ee-b745-0e4c941fdd2c
slxughter;01a02690-0cc5-74ee-b745-0e4d2e1db72e
sombr;01a02690-0cc5-74ee-b745-0e4ecdba460c
starly;01a02690-0cc5-74ee-b745-0e4f839b30f6
suis from Yorushika;01a02690-0cc5-74ee-b745-0e50743c1a53
sumika;01a02690-0cc5-74ee-b745-0e5189dcf31e
syudou × 八木勇征;01a02690-0cc5-74ee-b745-0e52bde366ec
t.A.T.u.;01a02690-0cc5-74ee-b745-0e53851f3e8a
timelesz;01a02690-0cc5-74ee-b745-0e54f48edcb0
treamiboii;01a02690-0cc5-74ee-b745-0e557ace104e
tuki.;01a02690-0cc5-74ee-b745-0e56d566e6e1
tuki. - コトノハ;01a02690-0cc5-74ee-b745-0e57899a5d2a
twenty one pilots;01a02690-0cc5-74ee-b745-0e584a1fc319
w-inds.;01a02690-0cc5-74ee-b745-0e59916dd10a
wavvyboi;01a02690-0cc6-761d-b6e8-f51d2581d87c
wiatra;01a02690-0cc6-761d-b6e8-f51e6c6f79ac
wnxx;01a02690-0cc6-761d-b6e8-f51fe80cb68a
xaviorthemachine;01a02690-0cc6-761d-b6e8-f5208ae494ce
yama;01a02690-0cc6-761d-b6e8-f521dcc80971
yanaginagi;01a02690-0cc6-761d-b6e8-f522053d64a1
yuigot;01a02690-0cc6-761d-b6e8-f523792611f9
Ásgeir;01a02690-0cc6-761d-b6e8-f524f5f29ceb
Élise Noiret;01a02690-0cc6-761d-b6e8-f525b4b7b39f
Ñengo Flow;01a02690-0cc6-761d-b6e8-f526cdae32b7
Āelle;01a02690-0cc6-761d-b6e8-f5273f42f011
ŹOOĻ;01a02690-0cc6-761d-b6e8-f528c9e0b641
Σ Desire;01a02690-0cc6-761d-b6e8-f5298b320dba
Кэнни;01a02690-0cc6-761d-b6e8-f52a7bc0462d
МОТ;01a02690-0cc6-761d-b6e8-f52b3a41c236
כאן - תאגיד השידור הישראלי;01a02690-0cc6-761d-b6e8-f52c14079876
โลโล่ (Lo Lo);01a02690-0cc6-761d-b6e8-f52d4cc1baf2
かぐや(cv.夏吉ゆうこ);01a02690-0cc6-761d-b6e8-f52ef8edc3f6
ずっと真夜中でいいのに。;01a02690-0cc6-761d-b6e8-f52f813167f3
ちゃんみな;01a02690-0cc6-761d-b6e8-f530c2e14e13
なとり;01a02690-0cc6-761d-b6e8-f5319ae3830d
アイナ・ジ・エンド - ルミナス;01a02690-0cc6-761d-b6e8-f532cf39da9c
アイナ・ジ・エンド - 革命道中;01a02690-0cc6-761d-b6e8-f533f7ad4b5f
ガッチマン;01a02690-0cc6-761d-b6e8-f5343e9bfeca
キタニタツヤ;01a02690-0cc6-761d-b6e8-f5355e44f242
キタニタツヤ - かすかなはな;01a02690-0cc6-761d-b6e8-f536642798af
キュアアイドル(CV:松岡美里)&キュアウインク(CV:髙橋ミナミ)&キュアキュンキュン(CV:高森奈津美)&キュアズキューン(CV:南條愛乃)&キュアキッス(CV:花井美春)、キミとアイドルプリキュア♪;01a02690-0cc6-761d-b6e8-f5371f70659a
キュアエクレール(CV:長谷川育美)、名探偵プリキュア!;01a02690-0cc6-761d-b6e8-f5389f8a4f5d
キヨ;01a02690-0cc6-761d-b6e8-f5398fd0ef39
サカナクション;01a02690-0cc6-761d-b6e8-f53ad4f5742b
シャキーラ;01a02690-0cc6-761d-b6e8-f53bde411a2a
ジャネット・ジャクソン;01a02690-0cc6-761d-b6e8-f53c6cd2b8d0
スピッツ;01a02690-0cc6-761d-b6e8-f53dd9fa8452
パジャマパーティーズ みどり(CV. 諸星すみれ)、ぴんく(CV. 長縄まりあ)、しろ(CV. 篠原侑)、むらさき(CV. 内山茉莉);01a02690-0cc6-761d-b6e8-f53eded99167
マイク・タワーズ;01a02690-0cc6-761d-b6e8-f53f732bc3fe
モーニング娘。'26;01a02690-0cc6-761d-b6e8-f5408072c33a
ヨルシカ;01a02690-0cc6-761d-b6e8-f541a2d6991e
ラウール;01a02690-0cc6-761d-b6e8-f542c8f7d93e
レトルト;01a02690-0cc6-761d-b6e8-f543888b0fcc
レミオロメン;01a02690-0cc6-761d-b6e8-f54490b86f4c
一十木音也(CV.寺島拓篤) 、聖川真斗(CV.鈴村健一)、四ノ宮那月(CV.谷山紀章)、一ノ瀬トキヤ(CV.宮野真守)、神宮寺レン(CV.諏訪部順一)、来栖 翔(CV.下野 紘)、愛島セシル(CV.鳥海浩輔);01a02690-0cc6-761d-b6e8-f54525c284a2
三代目 J SOUL BROTHERS from EXILE TRIBE;01a02690-0cc6-761d-b6e8-f5460f11a130
不知火フレア;01a02690-0cc6-761d-b6e8-f547a54f568f
中島健人;01a02690-0cc6-761d-b6e8-f54816371b9b
乃木坂46;01a02690-0cc6-761d-b6e8-f5491d653ffd
倉木麻衣;01a02690-0cc6-761d-b6e8-f54ade1dda4f
倖田來未×Do As Infinity;01a02690-0cc6-761d-b6e8-f54b117aa6c0
原因は自分にある。;01a02690-0cc6-761d-b6e8-f54c5b42a0d5
反町隆史;01a02690-0cc6-761d-b6e8-f54dbc7bff2f
向井康二;01a02690-0cc6-761d-b6e8-f54e3ef2f05f
坂本真綾;01a02690-0cc6-761d-b6e8-f54fcce60594
宇多田ヒカル;01a02690-0cc6-761d-b6e8-f550a13c3e9a
宇多田光;01a02690-0cc6-761d-b6e8-f551e68406f3
宝塚歌劇団・彩みちる、ほか;01a02690-0cc6-761d-b6e8-f5520e57e1d1
宝鐘マリン;01a02690-0cc6-761d-b6e8-f553ce922687
寿 嶺二(CV.森久保祥太郎)、黒崎蘭丸(CV.鈴木達央)、美風 藍(CV.蒼井翔太)、カミュ(CV.前野智昭);01a02690-0cc6-761d-b6e8-f5544172fd5f
岡村靖幸;01a02690-0cc6-761d-b6e8-f555c6935355
岩本照;01a02690-0cc6-761d-b6e8-f55666c72772
嵐;01a02690-0cc6-761d-b6e8-f5579b082597
川上洋平;01a02690-0cc6-761d-b6e8-f5584c4d9476
張碧晨;01a02690-0cc6-761d-b6e8-f55949753fd1
忘れらんねえよ;01a02690-0cc6-761d-b6e8-f55a92a1a6a7
明智あんな(CV:千賀光莉)&小林みくる(CV:本渡楓)&帆羽くれあ(CV:長谷川育美)&森亜るるか(CV:東山奈央)、名探偵プリキュア!;01a02690-0cc6-761d-b6e8-f55b4c3350c6
星街すいせい;01a02690-0cc6-761d-b6e8-f55c8317f87a
星野源;01a02690-0cc6-761d-b6e8-f55dd0c20fe4
月見ヤチヨ(cv.早見沙織);01a02690-0cc6-761d-b6e8-f55e86e70d5d
林俊傑;01a02690-0cc6-761d-b6e8-f55f7d9d6a4b
桑田佳祐;01a02690-0cc6-761d-b6e8-f5602364b02d
椎名 豪;01a02690-0cc6-761d-b6e8-f56109151084
櫻坂46;01a02690-0cc6-761d-b6e8-f5623043ccde
深澤辰哉;01a02690-0cc6-761d-b6e8-f563f3437bbe
渡辺翔太;01a02690-0cc6-761d-b6e8-f5640498267e
澤野弘之;01a02690-0cc6-761d-b6e8-f565c2f6fe21
熊田茜音&増井優花、名探偵プリキュア!;01a02690-0cc6-761d-b6e8-f5662e9d8ad1
目黒蓮;01a02690-0cc6-761d-b6e8-f567a2b7e82d
石井あみ、名探偵プリキュア!;01a02690-0cc6-761d-b6e8-f56822ec08b6
祖堅 正慶;01a02690-0cc6-761d-b6e8-f569999ffd77
福山 雅治;01a02690-0cc6-761d-b6e8-f56a8d756b82
稲葉浩志;01a02690-0cc6-761d-b6e8-f56bcb8b529f
米津玄師;01a02690-0cc6-761d-b6e8-f56c8f1f9f69
米津玄師 - 夜鷹;01a02690-0cc6-761d-b6e8-f56d77e186a8
米津玄師 - 烏;01a02690-0cc6-761d-b6e8-f56e6f9f8a04
緑黄色社会;01a02690-0cc6-761d-b6e8-f56f352c26ff
芹澤 優;01a02690-0cc6-761d-b6e8-f57095a920a8
葫芦童声;01a02690-0cc6-761d-b6e8-f571da1fc316
藍井エイル;01a02690-0cc6-761d-b6e8-f572107b8a47
藤井 風;01a02690-0cc6-761d-b6e8-f573b9e48297
超特急;01a02690-0cc6-761d-b6e8-f574027d71a7
邱鼎杰;01a02690-0cc6-761d-b6e8-f57532be5c8f
金在中;01a02690-0cc6-761d-b6e8-f576673e9aac
金色火种GoldenFire;01a02690-0cc6-761d-b6e8-f577ef756127
鈴木このみ;01a02690-0cc6-761d-b6e8-f5788b858ea5
鳳 瑛一(CV.緑川 光)、皇 綺羅(CV.小野大輔)、帝 ナギ(CV.代永 翼)、鳳 瑛二(CV.内田雄馬)、桐生院ヴァン(CV.高橋英則)、日向大和(CV.木村良平)、天草シオン(CV.山下大輝);01a02690-0cc6-761d-b6e8-f57935da153e
鳴潮先約電台;01a02690-0cc6-761d-b6e8-f57a39c7670c
黄星;01a02690-0cc6-761d-b6e8-f57b6ad19134
