id_musica;musica;id_artista;artista
01a02690-22e2-7774-a1a3-e49dc356ad30;For us;01a02690-0cc1-721d-98dd-5c2c9360681b;&TEAM
01a02690-22e2-7774-a1a3-e49e64720f6d;Sakura-iro Yell;01a02690-0cc1-721d-98dd-5c2c9360681b;&TEAM
01a02690-22e2-7774-a1a3-e49fed1e71d9;We on Fire;01a02690-0cc1-721d-98dd-5c2c9360681b;&TEAM
01a02690-22e2-7774-a1a3-e4a0adedf4de;桜色Yell;01a02690-0cc1-721d-98dd-5c2c9360681b;&TEAM
01a02690-22e2-7774-a1a3-e4a10554dc5f;SonoAide;01a02690-0cc1-721d-98dd-5c2ddf3f31cf;-真天地開闢集団-ジグザグ
01a02690-22e2-7774-a1a3-e4a2f966107b;Heart of Rainbow;01a02690-0cc1-721d-98dd-5c2ee709d51c;.ENDRECHERI.
01a02690-22e2-7774-a1a3-e4a3669df974;Thinking Time;01a02690-0cc1-721d-98dd-5c2ee709d51c;.ENDRECHERI.
01a02690-22e2-7774-a1a3-e4a4357e5a95;Burn Out to Nothing;01a02690-0cc1-721d-98dd-5c2f27bae49f;10-FEET
01a02690-22e2-7774-a1a3-e4a516200979;福气马上来;01a02690-0cc1-721d-98dd-5c30c419f6b1;1119
01a02690-22e2-7774-a1a3-e4a69fc31e26;Nur dir gehör'n;01a02690-0cc1-721d-98dd-5c3113574d39;1986zig
01a02690-22e2-7774-a1a3-e4a77c957beb;Bokuraga uwagakisurusekai;01a02690-0cc1-721d-98dd-5c326631fa81;20th Century
01a02690-22e2-7774-a1a3-e4a844aa5ccc;Levitate ft Spice 1;01a02690-0cc1-721d-98dd-5c331392bb99;2facecapone
01a02690-22e2-7774-a1a3-e4a9c8318064;36Grad;01a02690-0cc1-721d-98dd-5c345a08093a;2raumwohnung
01a02690-22e2-7774-a1a3-e4aad74dedec;Away from the Sun;01a02690-0cc1-721d-98dd-5c35efa10484;3 Doors Down
01a02690-22e2-7774-a1a3-e4ab21089a6f;Be Like That;01a02690-0cc1-721d-98dd-5c35efa10484;3 Doors Down
01a02690-22e2-7774-a1a3-e4ac95816ef3;Here Without You;01a02690-0cc1-721d-98dd-5c35efa10484;3 Doors Down
01a02690-22e2-7774-a1a3-e4ad444d0b3c;It's Not My Time;01a02690-0cc1-721d-98dd-5c35efa10484;3 Doors Down
01a02690-22e2-7774-a1a3-e4aeb14b1d7b;Kryptonite;01a02690-0cc1-721d-98dd-5c35efa10484;3 Doors Down
01a02690-22e2-7774-a1a3-e4af63cb0bad;Let Me Go;01a02690-0cc1-721d-98dd-5c35efa10484;3 Doors Down
01a02690-22e2-7774-a1a3-e4b056d8c0d1;Loser;01a02690-0cc1-721d-98dd-5c35efa10484;3 Doors Down
01a02690-22e2-7774-a1a3-e4b1864febc7;When I'm Gone;01a02690-0cc1-721d-98dd-5c35efa10484;3 Doors Down
01a02690-22e2-7774-a1a3-e4b25e349414;Crashing Winners;01a02690-0cc1-721d-98dd-5c3630da4c32;3SKM
01a02690-22e2-7774-a1a3-e4b3a68f5dc0;What's Up;01a02690-0cc1-721d-98dd-5c37e9c727da;4 Non Blondes
01a02690-22e2-7774-a1a3-e4b43b18fe8e;Bonita Bonita;01a02690-0cc1-721d-98dd-5c3871dabaf9;4AMTapes
01a02690-22e2-7774-a1a3-e4b5b36bd0d1;Dress code : Ultimate;01a02690-0cc1-721d-98dd-5c3905b38dab;765 MILLION ALLSTARS
01a02690-22e2-7774-a1a3-e4b6fdaa879a;RASEN;01a02690-0cc1-721d-98dd-5c3a0b266865;9Lana
01a02690-22e2-7774-a1a3-e4b6fdaa879a;RASEN;01a02690-0cc1-721d-98dd-5c3bf7de9bed;9Lana - 螺旋
01a02690-22e2-7774-a1a3-e4b760ce9f53;GekiyakuChudoku;01a02690-0cc1-721d-98dd-5c3cd785af01;=LOVE
01a02690-22e2-7774-a1a3-e4b80c10b1b2;Koi, Hajimemashita.;01a02690-0cc1-721d-98dd-5c3cd785af01;=LOVE
01a02690-22e2-7774-a1a3-e4b97e438cae;モラトリアム;01a02690-0cc1-721d-98dd-5c3cd785af01;=LOVE
01a02690-22e2-7774-a1a3-e4baa30eafa8;劇薬中毒;01a02690-0cc1-721d-98dd-5c3cd785af01;=LOVE
01a02690-22e2-7774-a1a3-e4bb25e00140;11 Jecke;01a02690-0cc1-721d-98dd-5c3dcaa9b0ab;@47_kö11sch
01a02690-22e2-7774-a1a3-e4bc9c0058ad;ALWAYS LET YOU DOWN;01a02690-0cc1-721d-98dd-5c3e912f61f8;A Day to Remember
01a02690-22e2-7774-a1a3-e4bd27f295c1;HELICOPTER;01a02690-0cc1-721d-98dd-5c3f80a18f03;A$AP Rocky
01a02690-22e2-7774-a1a3-e4be8353c31f;Helicopter$;01a02690-0cc1-721d-98dd-5c3f80a18f03;A$AP Rocky
01a02690-22e2-7774-a1a3-e4bfa196d53f;Punk Rocky;01a02690-0cc1-721d-98dd-5c3f80a18f03;A$AP Rocky
01a02690-22e2-7774-a1a3-e4c0b8bdeb69;Iconic;01a02690-0cc1-721d-98dd-5c4059b23cfd;A*Teens
01a02690-22e2-7774-a1a3-e4c155ca472f;You Got The Look;01a02690-0cc1-721d-98dd-5c4059b23cfd;A*Teens
01a02690-22e2-7774-a1a3-e4c214140770;Maji Magic;01a02690-0cc1-721d-98dd-5c41351a7cab;A.B.C-Z
01a02690-22e2-7774-a1a3-e4c368a858a8;Last Call for Love;01a02690-0cc1-721d-98dd-5c42bf1f2931;ABARZA RECABAL ERICK YORDAN
01a02690-22e2-7774-a1a3-e4c47b3f92b6;Dancing Queen;01a02690-0cc1-721d-98dd-5c436e2cc306;ABBA
01a02690-22e2-7774-a1a3-e4c5e2d0574c;Fernando;01a02690-0cc1-721d-98dd-5c436e2cc306;ABBA
01a02690-22e2-7774-a1a3-e4c641dbaa60;Gimme Gimme Gimme;01a02690-0cc1-721d-98dd-5c436e2cc306;ABBA
01a02690-22e2-7774-a1a3-e4c78d16b2c3;Happy New Year;01a02690-0cc1-721d-98dd-5c436e2cc306;ABBA
01a02690-22e2-7774-a1a3-e4c8e5e33c1a;The Winner Takes It All;01a02690-0cc1-721d-98dd-5c436e2cc306;ABBA
01a02690-22e2-7774-a1a3-e4c9c9ef2e04;Back In Black;01a02690-0cc1-721d-98dd-5c44e196fb4f;AC/DC
01a02690-22e2-7774-a1a3-e4cab01d1723;Highway to Hell;01a02690-0cc1-721d-98dd-5c44e196fb4f;AC/DC
01a02690-22e2-7774-a1a3-e4cb5b1d8380;Skyfall;01a02690-0cc1-721d-98dd-5c455ad26397;ADELE
01a02690-22e2-7774-a1a3-e4cc8ac73abc;Awake Tonight;01a02690-0cc1-721d-98dd-5c4659e6b1f1;AFROJACK
01a02690-22e2-7774-a1a3-e4cd17c2fcde;RUN TO YOU;01a02690-0cc1-721d-98dd-5c4771ed09f2;AHOF
01a02690-22e2-7774-a1a3-e4ceddbd0880;Sugar High;01a02690-0cc1-721d-98dd-5c4771ed09f2;AHOF
01a02690-22e2-7774-a1a3-e4cfd667a843;No Stress, Just Vibes;01a02690-0cc1-721d-98dd-5c4895a7b000;AI IRIE FM
01a02690-22e2-7774-a1a3-e4d0a6691477;「紡ぐ日常」;01a02690-0cc1-721d-98dd-5c49a6d3673b;AI MIKAZE(CV.Shouta Aoi)
01a02690-22e2-7774-a1a3-e4d1b55e276f;アンビバレント;01a02690-0cc1-721d-98dd-5c49a6d3673b;AI MIKAZE(CV.Shouta Aoi)
01a02690-22e2-7774-a1a3-e4d2e7cdd23d;夢ノ聖火;01a02690-0cc1-721d-98dd-5c49a6d3673b;AI MIKAZE(CV.Shouta Aoi)
01a02690-22e2-7774-a1a3-e4d36a2f4ffc;Trying Hard Is Hard, So I Try Hard to Try Hard.;01a02690-0cc1-721d-98dd-5c4a16cad224;AISHA
01a02690-22e2-7774-a1a3-e4d49c9b6ca3;Ausgesorgt;01a02690-0cc1-721d-98dd-5c4b1ce189e9;AK AUSSERKONTROLLE
01a02690-22e2-7774-a1a3-e4d5ee934892;Nagorizakura;01a02690-0cc1-721d-98dd-5c4c86586426;AKB48
01a02690-22e2-7774-a1a3-e4d6658eb009;Sukish;01a02690-0cc1-721d-98dd-5c4c86586426;AKB48
01a02690-22e2-7774-a1a3-e4d70e2ddff6;FUNKIN' BEAUTIFUL;01a02690-0cc1-721d-98dd-5c4df4e88970;ALI
01a02690-22e2-7774-a1a3-e4d8e0566b50;Cinnamon Shake;01a02690-0cc1-721d-98dd-5c4e20a60093;ALPHA DRIVE ONE
01a02690-22e2-7774-a1a3-e4d96b3d9b8c;FREAK ALARM;01a02690-0cc1-721d-98dd-5c4e20a60093;ALPHA DRIVE ONE
01a02690-22e2-7774-a1a3-e4daa5fd64c1;Raw Flame;01a02690-0cc1-721d-98dd-5c4e20a60093;ALPHA DRIVE ONE
01a02690-22e2-7774-a1a3-e4db7970b802;BOH;01a02690-0cc1-721d-98dd-5c4f177edf0d;ANDITA
01a02690-22e2-7774-a1a3-e4dceb5ddb5d;Talk To You;01a02690-0cc1-721d-98dd-5c507d15603a;ANOTR
01a02690-22e2-7774-a1a3-e4ddaf1c2fcc;A・RA・SHI;01a02690-0cc1-721d-98dd-5c511d5d126b;ARASHI
01a02690-22e2-7774-a1a3-e4de2cb68e51;Five;01a02690-0cc1-721d-98dd-5c511d5d126b;ARASHI
01a02690-22e2-7774-a1a3-e4dfda2d843d;Guts;01a02690-0cc1-721d-98dd-5c511d5d126b;ARASHI
01a02690-22e2-7774-a1a3-e4e081549972;Happiness;01a02690-0cc1-721d-98dd-5c511d5d126b;ARASHI
01a02690-22e2-7774-a1a3-e4e109d1d1a5;Love so Sweet;01a02690-0cc1-721d-98dd-5c511d5d126b;ARASHI
01a02690-22e2-7774-a1a3-e4e2304ab75e;Lucky Man;01a02690-0cc1-721d-98dd-5c511d5d126b;ARASHI
01a02690-22e2-7774-a1a3-e4e39e4720e8;Løve Rainbow;01a02690-0cc1-721d-98dd-5c511d5d126b;ARASHI
01a02690-22e2-7774-a1a3-e4e4f6a419f9;Monster;01a02690-0cc1-721d-98dd-5c511d5d126b;ARASHI
01a02690-22e2-7774-a1a3-e4e57f724c69;One Love;01a02690-0cc1-721d-98dd-5c511d5d126b;ARASHI
01a02690-22e2-7774-a1a3-e4e6b6c725c0;truth;01a02690-0cc1-721d-98dd-5c511d5d126b;ARASHI
01a02690-22e2-7774-a1a3-e4e7483b8381;エナジーソング～絶好調超～;01a02690-0cc1-721d-98dd-5c511d5d126b;ARASHI
01a02690-22e2-7774-a1a3-e4e873a69d37;カイト;01a02690-0cc1-721d-98dd-5c511d5d126b;ARASHI
01a02690-22e2-7774-a1a3-e4e97126edf0;マイガール;01a02690-0cc1-721d-98dd-5c511d5d126b;ARASHI
01a02690-22e2-7774-a1a3-e4ea795f519f;感謝カンゲキ雨嵐;01a02690-0cc1-721d-98dd-5c511d5d126b;ARASHI
01a02690-22e2-7774-a1a3-e4eb44b33423;果てない空;01a02690-0cc1-721d-98dd-5c511d5d126b;ARASHI
01a02690-22e2-7774-a1a3-e4ec3f88d4b3;迷宮ラブソング;01a02690-0cc1-721d-98dd-5c511d5d126b;ARASHI
01a02690-22e2-7774-a1a3-e4eda13800ee;LINK HEARTS;01a02690-0cc1-721d-98dd-5c526513cfb3;ASTRO DONUTS
01a02690-22e3-7064-9388-0fa7a95884d7;Adrenaline;01a02690-0cc1-721d-98dd-5c53a036a128;ATEEZ
01a02690-22e3-7064-9388-0fa8483ad62a;BAD;01a02690-0cc1-721d-98dd-5c53a036a128;ATEEZ
01a02690-22e3-7064-9388-0fa9fb432696;Ghost;01a02690-0cc1-721d-98dd-5c53a036a128;ATEEZ
01a02690-22e3-7064-9388-0faa489ffb66;MAMACITA;01a02690-0cc1-721d-98dd-5c53a036a128;ATEEZ
01a02690-22e3-7064-9388-0fab7c1e2b25;NASA;01a02690-0cc1-721d-98dd-5c53a036a128;ATEEZ
01a02690-22e3-7064-9388-0fac1c013912;On The Road;01a02690-0cc1-721d-98dd-5c53a036a128;ATEEZ
01a02690-22e3-7064-9388-0fad7f898e5e;Round & Round;01a02690-0cc1-721d-98dd-5c54f0e717ac;ATP MUSIC
01a02690-22e3-7064-9388-0fae31a8f398;Golden;01a02690-0cc1-721d-98dd-5c552642cd84;AUDREY NUNA
01a02690-22e3-7064-9388-0faf96ca2d6c;How It’s Done;01a02690-0cc1-721d-98dd-5c552642cd84;AUDREY NUNA
01a02690-22e3-7064-9388-0fb066baf4b5;Takedown;01a02690-0cc1-721d-98dd-5c552642cd84;AUDREY NUNA
01a02690-22e3-7064-9388-0fb17a8aaad3;What It Sounds Like;01a02690-0cc1-721d-98dd-5c552642cd84;AUDREY NUNA
01a02690-22e3-7064-9388-0fb24511f28a;An deiner Seite;01a02690-0cc1-721d-98dd-5c5648720f36;AURA
01a02690-22e3-7064-9388-0fb3d25f51a3;In My Arms;01a02690-0cc1-721d-98dd-5c574cc86f09;AVALAN ROKSTON
01a02690-22e3-7064-9388-0fb4954a72af;Vertigo;01a02690-0cc1-721d-98dd-5c574cc86f09;AVALAN ROKSTON
01a02690-22e3-7064-9388-0fb5fe9dbfb4;Waiting For;01a02690-0cc1-721d-98dd-5c5891bf4541;AVEC
01a02690-22e3-7064-9388-0fb65c39297e;Renn;01a02690-0cc1-721d-98dd-5c59d07fe023;AYLIVA
01a02690-22e3-7064-9388-0fb77f2d582d;Saikyo Mirai Shodo;01a02690-0cc1-721d-98dd-5c5abe694a80;AZKi
01a02690-22e3-7064-9388-0fb8918bda04;NOBODY;01a02690-0cc1-721d-98dd-5c5b9618d017;Aarne
01a02690-22e3-7064-9388-0fb9d9b7fb24;The Door;01a02690-0cc1-721d-98dd-5c5c60ec1cb5;Aaron Lewis
01a02690-22e3-7064-9388-0fba5453cf26;Pity the Child;01a02690-0cc1-721d-98dd-5c5daecf2621;Aaron Tveit
01a02690-22e3-7064-9388-0fbbf43d0467;Same Here;01a02690-0cc1-721d-98dd-5c5e7edb1339;Aaron Watson
01a02690-22e3-7064-9388-0fbc75ed9a98;Alhamdullilah;01a02690-0cc1-721d-98dd-5c5ffb52558e;Abdull vocals
01a02690-22e3-7064-9388-0fbda77815d9;Kâbe'de Hacılar;01a02690-0cc1-721d-98dd-5c60a4179588;Abdurrahman Önül
01a02690-22e3-7064-9388-0fbe24834d3e;Betty's in the Band;01a02690-0cc1-721d-98dd-5c61e5646acc;Abigail Rose
01a02690-22e3-7064-9388-0fbfd14c71c0;If You Can't Find Hope;01a02690-0cc1-721d-98dd-5c62b58bd9f1;Able Heart
01a02690-22e3-7064-9388-0fc0a0b26ed4;Thunderstruck;01a02690-0cc1-721d-98dd-5c6316787491;Ac/Dc
01a02690-22e3-7064-9388-0fc1a4a4e4e5;Balls to the Wall;01a02690-0cc1-721d-98dd-5c6438bcfc77;Accept
01a02690-22e3-7064-9388-0fc2b18c8a2c;Save Us;01a02690-0cc1-721d-98dd-5c6438bcfc77;Accept
01a02690-22e3-7064-9388-0fc3f03b21fd;總有一顆屬於你的星球;01a02690-0cc1-721d-98dd-5c654af8b116;Accusefive
01a02690-22e3-7064-9388-0fc49cb1e89a;AMOR;01a02690-0cc1-721d-98dd-5c667e948453;Achille Lauro
01a02690-22e3-7064-9388-0fc5d591f441;Che tesoro che sei;01a02690-0cc1-721d-98dd-5c667e948453;Achille Lauro
01a02690-22e3-7064-9388-0fc659c13523;In Viaggio Verso Il Paradiso;01a02690-0cc1-721d-98dd-5c667e948453;Achille Lauro
01a02690-22e3-7064-9388-0fc77d04228e;Incoscienti Giovani;01a02690-0cc1-721d-98dd-5c667e948453;Achille Lauro
01a02690-22e3-7064-9388-0fc8dc450ca1;Perdutamente;01a02690-0cc1-721d-98dd-5c667e948453;Achille Lauro
01a02690-22e3-7064-9388-0fc9f018d898;AM I OK;01a02690-0cc1-721d-98dd-5c67d4ef111e;Adam Lambert
01a02690-22e3-7064-9388-0fcae56dec6d;UNDER THE RHYTHM;01a02690-0cc1-721d-98dd-5c67d4ef111e;Adam Lambert
01a02690-22e3-7064-9388-0fcbc28a5079;His to Mine;01a02690-0cc1-721d-98dd-5c681dbf88d5;Adam Sanders
01a02690-22e3-7064-9388-0fcc22b0c106;Easy On Me;01a02690-0cc1-721d-98dd-5c691ca1d608;Adele
01a02690-22e3-7064-9388-0fcdc26cac01;Rolling In the Deep;01a02690-0cc1-721d-98dd-5c691ca1d608;Adele
01a02690-22e3-7064-9388-0fce06d1c978;Send My Love;01a02690-0cc1-721d-98dd-5c691ca1d608;Adele
01a02690-22e3-7064-9388-0fcffe27dae7;Classique;01a02690-0cc1-721d-98dd-5c6a00808dce;Adieu Aru
01a02690-22e3-7064-9388-0fd05b9d3bf6;Mon Amour;01a02690-0cc1-721d-98dd-5c6b0b5cc271;Aditotoro
01a02690-22e3-7064-9388-0fd184517043;Alakh Niranjan;01a02690-0cc1-721d-98dd-5c6c6bd755bb;Aditya
01a02690-22e3-7064-9388-0fd2f69f1606;AiAiA;01a02690-0cc1-721d-98dd-5c6d3d84adee;Ado
01a02690-22e3-7064-9388-0fd3e32701d7;Angelseek;01a02690-0cc1-721d-98dd-5c6d3d84adee;Ado
01a02690-22e3-7064-9388-0fd4c99a2178;KIRA;01a02690-0cc1-721d-98dd-5c6d3d84adee;Ado
01a02690-22e3-7064-9388-0fd556c52222;Love me forever;01a02690-0cc1-721d-98dd-5c6d3d84adee;Ado
01a02690-22e3-7064-9388-0fd644cae712;Monstruo;01a02690-0cc1-721d-98dd-5c6d3d84adee;Ado
01a02690-22e3-7064-9388-0fd72e49bd5f;Odoru Ponpokorin;01a02690-0cc1-721d-98dd-5c6d3d84adee;Ado
01a02690-22e3-7064-9388-0fd8ed2d5b21;Vivarium;01a02690-0cc1-721d-98dd-5c6d3d84adee;Ado
01a02690-22e3-7064-9388-0fd9eb0d53ff;DEKOBOKO LIFE;01a02690-0cc1-721d-98dd-5c6efe11bbc0;Ae! Group
01a02690-22e3-7064-9388-0fdae8dafe10;PRIDE;01a02690-0cc1-721d-98dd-5c6efe11bbc0;Ae! Group
01a02690-22e3-7064-9388-0fdb45859c47;Dream On;01a02690-0cc1-721d-98dd-5c6f2c3a1bf1;Aerosmith
01a02690-22e3-7064-9388-0fdc25a2d5ec;My Only Angel;01a02690-0cc1-721d-98dd-5c6f2c3a1bf1;Aerosmith
01a02690-22e3-7064-9388-0fdd8c469117;I don’t chase I attract;01a02690-0cc1-721d-98dd-5c706c571045;Affirmation Club
01a02690-22e3-7064-9388-0fde1bf3606c;Meisje;01a02690-0cc1-721d-98dd-5c712e87e49e;Afro Bros
01a02690-22e3-7064-9388-0fdfbde7ebef;Carry me home;01a02690-0cc1-721d-98dd-5c72dc004b08;Afro House Galaxy
01a02690-22e3-7064-9388-0fe0f6aabf71;Papaoutai;01a02690-0cc1-721d-98dd-5c73f90d6191;Afro-D
01a02690-22e3-7064-9388-0fe1af6a8c18;Lemon Pound Cake;01a02690-0cc1-721d-98dd-5c748f78edda;Afroman
01a02690-22e3-7064-9388-0fe2c5fa6e38;Melissa I'M Drunk And Outside;01a02690-0cc1-721d-98dd-5c75bbc1e26b;Afroplugs
01a02690-22e3-7064-9388-0fe33f82d3c6;People;01a02690-0cc1-721d-98dd-5c760e2fb2aa;Agust D
01a02690-22e3-7064-9388-0fe433bc2b22;Shine;01a02690-0cc1-721d-98dd-5c77fce01202;Aidan Martin
01a02690-22e2-7774-a1a3-e4d2e7cdd23d;夢ノ聖火;01a02690-0cc1-721d-98dd-5c783c51947a;Aijima Cecil
01a02690-22e3-7064-9388-0fe515ccf4d0;Live to Survive;01a02690-0cc1-721d-98dd-5c790092579d;Aimer
01a02690-22e3-7064-9388-0fe67e185297;ai no hana;01a02690-0cc1-721d-98dd-5c7a3012c4af;Aimyon
01a02690-22e3-7064-9388-0fe706f1ff5f;Blue Shining Star;01a02690-0cc1-721d-98dd-5c7b34ed94c1;Aina The End
01a02690-22e3-7064-9388-0fe825664e3f;Luminous;01a02690-0cc1-721d-98dd-5c7b34ed94c1;Aina The End
01a02690-22e3-7064-9388-0fe93707c70f;On The Way;01a02690-0cc1-721d-98dd-5c7b34ed94c1;Aina The End
01a02690-22e3-7064-9388-0fea61f46da5;Ruby on the edge;01a02690-0cc1-721d-98dd-5c7b34ed94c1;Aina The End
01a02690-22e3-7064-9388-0fe93707c70f;On The Way;01a02690-0cc1-721d-98dd-5c7c13fc80bc;Aina The End - 革命道中
01a02690-22e3-7064-9388-0feb65b711a5;Alive After Death;01a02690-0cc1-721d-98dd-5c7d9de9ad63;Airbourne
01a02690-22e3-7064-9388-0fec8003d9a0;Here She Comes;01a02690-0cc1-721d-98dd-5c7d9de9ad63;Airbourne
01a02690-22e3-7064-9388-0fedbb2afa6c;Kid In A Candy Store;01a02690-0cc1-721d-98dd-5c7d9de9ad63;Airbourne
01a02690-22e3-7064-9388-0feeb0b91fdf;una voz;01a02690-0cc1-721d-98dd-5c7e447a583d;Aisha Ruah
01a02690-22e3-7064-9388-0fef3ab1bc46;6 DE FEBRERO;01a02690-0cc1-721d-98dd-5c7fee646c9f;Aitana
01a02690-22e3-7064-9388-0ff08deb496a;SUPERESTRELLA;01a02690-0cc1-721d-98dd-5c7fee646c9f;Aitana
01a02690-22e3-7064-9388-0ff190da373d;RMB;01a02690-0cc1-721d-98dd-5c80a8065d5e;Aitch
01a02690-22e3-7064-9388-0ff219c7c8ef;Unsteady;01a02690-0cc1-721d-98dd-5c80a8065d5e;Aitch
01a02690-22e3-7064-9388-0ff38eebd6fd;Housebroken;01a02690-0cc1-721d-98dd-5c81537edd9b;Aiyana-Lee
01a02690-22e3-7064-9388-0ff4c0bafb2f;Poesie Clandestine;01a02690-0cc1-721d-98dd-5c824355a6e7;Aka 7even
01a02690-22e3-7064-9388-0ff50bb4bf1c;〜↑↑ -KARAAGE-;01a02690-0cc1-721d-98dd-5c83cdfc5839;Akagi Wen
01a02690-22e3-7064-9388-0ff6a8e26fe7;Years have passed;01a02690-0cc1-721d-98dd-5c84c4dba876;Akin kaplan
01a02690-22e3-7064-9388-0ff75799dd1c;Designated Drinker;01a02690-0cc1-721d-98dd-5c85e841e70c;Alan Jackson
01a02690-22e3-7064-9388-0ff80ce8132a;Remember When;01a02690-0cc1-721d-98dd-5c85e841e70c;Alan Jackson
01a02690-22e3-7064-9388-0ff9ea9fd485;Still The One;01a02690-0cc1-721d-98dd-5c85e841e70c;Alan Jackson
01a02690-22e3-7064-9388-0ffa661302ef;FATE;01a02690-0cc1-721d-98dd-5c8694facade;Alan Walker
01a02690-22e3-7064-9388-0ffbd4b8603a;Headlights;01a02690-0cc1-721d-98dd-5c8694facade;Alan Walker
01a02690-22e3-7064-9388-0ffc8d85bc09;Uninvited;01a02690-0cc1-721d-98dd-5c87dd3c5b44;Alanis Morissette
01a02690-22e3-7064-9388-0ffddce04db6;Sé esa mujer valiente;01a02690-0cc1-721d-98dd-5c88204ecc84;Alba Letycia
01a02690-22e3-7064-9388-0ffea0304e77;Sitting Down Here;01a02690-0cc1-721d-98dd-5c89360bf5e3;Albi
01a02690-22e3-7064-9388-0fffa32fb404;Sin Despedida;01a02690-0cc1-721d-98dd-5c8a78115c07;Alejandro Fernández
01a02690-22e3-7064-9388-1000c7ec7aab;Cuéntame;01a02690-0cc1-721d-98dd-5c8b48d33771;Alejandro Sanz
01a02690-22e3-7064-9388-100156534b59;Yo Era Poesía;01a02690-0cc1-721d-98dd-5c8b48d33771;Alejandro Sanz
01a02690-22e3-7064-9388-1002a50742dc;HIT PARADE;01a02690-0cc1-721d-98dd-5c8c84baa727;Alessandra Amoroso
01a02690-22e3-7064-9388-100342a3906c;Scars to Your Beautiful;01a02690-0cc1-721d-98dd-5c8d38055fa7;Alessia Cara
01a02690-22e3-7064-9388-1004c291f4c8;FADE;01a02690-0cc1-721d-98dd-5c8e58009190;Alesso
01a02690-22e3-7064-9388-10059d422d30;In Your Eyes;01a02690-0cc1-721d-98dd-5c8e58009190;Alesso
01a02690-22e3-7064-9388-10068bafc6f3;Club Bizarre;01a02690-0cc1-721d-98dd-5c8fe7445860;Alex Christensen
01a02690-22e3-7064-9388-1007f6f94105;Energy;01a02690-0cc1-721d-98dd-5c902e76859a;Alex Mills
01a02690-22e3-7064-9388-10084abaa255;Bloodline;01a02690-0cc1-721d-98dd-5c9125e4a9d1;Alex Warren
01a02690-22e3-7064-9388-100928ed073f;Carry You Home;01a02690-0cc1-721d-98dd-5c9125e4a9d1;Alex Warren
01a02690-22e3-7064-9388-100a0f859188;Eternity;01a02690-0cc1-721d-98dd-5c9125e4a9d1;Alex Warren
01a02690-22e3-7064-9388-100b5e38175e;FEVER DREAM;01a02690-0cc1-721d-98dd-5c9125e4a9d1;Alex Warren
01a02690-22e3-7064-9388-100ce71eedeb;FINE PLACE TO DIE;01a02690-0cc1-721d-98dd-5c9125e4a9d1;Alex Warren
01a02690-22e3-7064-9388-100da019e76f;Ordinary;01a02690-0cc1-721d-98dd-5c9125e4a9d1;Alex Warren
01a02690-22e3-7064-9388-100e12a6d7ea;PASSENGER;01a02690-0cc1-721d-98dd-5c9125e4a9d1;Alex Warren
01a02690-22e3-7064-9388-100fcb6295a2;RESCUER;01a02690-0cc1-721d-98dd-5c9125e4a9d1;Alex Warren
01a02690-22e3-7064-9388-1010b6cc6f70;Medizin;01a02690-0cc1-721d-98dd-5c926cdcf6dc;Alexander Eder
01a02690-22e3-7064-9388-1011e1b3fb91;Nimm das Leben nicht zu ernst;01a02690-0cc1-721d-98dd-5c926cdcf6dc;Alexander Eder
01a02690-22e3-7064-9388-1012df0b82ac;Von Mann zu Mann;01a02690-0cc1-721d-98dd-5c93f4652b9d;Alexander Rier
01a02690-22e3-7064-9388-10134c375ec3;Rent Free;01a02690-0cc1-721d-98dd-5c940fc8c2ab;Alexia Jayy
01a02690-22e3-7064-9388-10144c75f7a5;Buon Vento;01a02690-0cc1-721d-98dd-5c9530e818e9;Alfa
01a02690-22e3-7064-9388-1015151075b4;Märchen;01a02690-0cc1-721d-98dd-5c96f4c56833;Alice Stark
01a02690-22e3-7064-9388-1016c5d2b2e6;Empire State of Mind, Pt. 2;01a02690-0cc1-721d-98dd-5c977afa16d4;Alicia Keys
01a02690-22e3-7064-9388-1017d3e504cd;Checkmate;01a02690-0cc1-721d-98dd-5c98521f3733;Alissa White-Gluz
01a02690-22e3-7064-9388-10185f3bca8e;Freund & Feind;01a02690-0cc1-721d-98dd-5c99b87b51e8;Alix Oder Nix
01a02690-22e3-7064-9388-10192f7010d5;Baby Goodbye;01a02690-0cc1-721d-98dd-5c9adbc58965;Alle Farben
01a02690-22e3-7064-9388-101a9295c3f8;Lost in Time;01a02690-0cc1-721d-98dd-5c9adbc58965;Alle Farben
01a02690-22e3-7064-9388-101b924a09f0;Ein Herz kann man nicht reparieren;01a02690-0cc1-721d-98dd-5c9b01fe8eea;Alli Neumann
01a02690-22e3-7064-9388-101c00369893;Prologue;01a02690-0cc1-721d-98dd-5c9cfd112eb9;Allison Russell
01a02690-22e3-7064-9388-101d46a77f1e;Vida Mía;01a02690-0cc1-721d-98dd-5c9d71add236;Alma Flamenca Sessions
01a02690-22e3-7064-9388-101e02287ea7;Bokura wa Ima no Naka de;01a02690-0cc1-721d-98dd-5c9ea65d4396;Almond Eye (CV: Kaori Ishihara)
01a02690-22e3-7064-9388-101f2afd6f0d;VOLTAGE;01a02690-0cc1-721d-98dd-5c9ea65d4396;Almond Eye (CV: Kaori Ishihara)
01a02690-22e3-7064-9388-1020f0f08e72;You Aim A;01a02690-0cc1-721d-98dd-5c9ea65d4396;Almond Eye (CV: Kaori Ishihara)
01a02690-22e3-7064-9388-10068bafc6f3;Club Bizarre;01a02690-0cc1-721d-98dd-5c9fb069f0c3;Alok
01a02690-22e3-7064-9388-1021e5d4a96e;Everything's Fine;01a02690-0cc1-721d-98dd-5c9fb069f0c3;Alok
01a02690-22e3-7064-9388-0ffbd4b8603a;Headlights;01a02690-0cc1-721d-98dd-5c9fb069f0c3;Alok
01a02690-22e3-7064-9388-1022bd995fb5;Run Run River;01a02690-0cc1-721d-98dd-5c9fb069f0c3;Alok
01a02690-22e3-7064-9388-10233a0363e6;Forever Young;01a02690-0cc1-721d-98dd-5ca03bc26e69;Alphaville
01a02690-22e3-7064-9388-10246d791e10;Scales Are Falling;01a02690-0cc1-721d-98dd-5ca13a463fdd;Alter Bridge
01a02690-22e3-7064-9388-102572b67851;Dissonance Eden;01a02690-0cc1-721d-98dd-5ca2f3288014;Altessimo
01a02690-22e3-7064-9388-1026ed609ddf;California Dreamin';01a02690-0cc1-721d-98dd-5ca32869d350;Amason
01a02690-22e3-7064-9388-102770e245e3;j'me demande;01a02690-0cc1-721d-98dd-5ca490df6e31;Ambre
01a02690-22e3-7064-9388-10285250d6c4;Pourquoi tu restes;01a02690-0cc1-721d-98dd-5ca56d7b1e05;Amel Bent
01a02690-22e3-7064-9388-1029f86eff70;Gjallarhorn;01a02690-0cc1-721d-98dd-5ca6cb4b006c;Amon Amarth
01a02690-22e3-7064-9388-102a4697cc4a;Upphaf;01a02690-0cc1-721d-98dd-5ca6cb4b006c;Amon Amarth
01a02690-22e3-7064-9388-102b7f5c09c6;How Do We Get There From Here;01a02690-0cc1-721d-98dd-5ca7ef1f4815;Amy Grant
01a02690-22e3-7064-9388-102c9a97c61d;The 6th Of January;01a02690-0cc1-721d-98dd-5ca7ef1f4815;Amy Grant
01a02690-22e3-7064-9388-102d1f1d09f5;It's Kinda Hot;01a02690-0cc1-721d-98dd-5ca8a3467bec;Amy Shark
01a02690-22e3-7064-9388-102ed4225282;Our Last Fight;01a02690-0cc1-721d-98dd-5ca8a3467bec;Amy Shark
01a02690-22e3-7064-9388-102f38ab8d97;The Biggest Dick;01a02690-0cc1-721d-98dd-5ca8a3467bec;Amy Shark
01a02690-22e3-7064-9388-1030175a3cf0;Back to Black;01a02690-0cc1-721d-98dd-5ca930d53ac7;Amy Winehouse
01a02690-22e3-7064-9388-1031e1445aac;King of Hearts;01a02690-0cc1-721d-98dd-5caa68a05058;Ana Sky
01a02690-22e3-7064-9388-1032439acf40;I'm Outta Love;01a02690-0cc1-721d-98dd-5cab53efb7a5;Anastacia
01a02690-22e3-7064-9388-10336607aeae;Keychain;01a02690-0cc1-721d-98dd-5cac4aadb466;Anderson .Paak
01a02690-22e3-7064-9388-10347bbe84d2;WIR SIND DIE DEUTSCHEN;01a02690-0cc1-721d-98dd-5cade54021c7;Andre Schnura
01a02690-22e3-7064-9388-10354d0b0598;ALL THE LOVE;01a02690-0cc1-721d-98dd-5caeb271c9eb;Andre Troutman
01a02690-22e3-7064-9388-103672a27618;Das kann uns keiner nehmen;01a02690-0cc1-721d-98dd-5cafc51cf435;Andrea Berg
01a02690-22e3-7064-9388-1037335cc923;Con te partiro;01a02690-0cc1-721d-98dd-5cb03da666a1;Andrea Bocelli
01a02690-22e3-7064-9388-1038fa2bd0d3;DNA;01a02690-0cc1-721d-98dd-5cb03da666a1;Andrea Bocelli
01a02690-22e3-7064-9388-103981b5c033;Nelle tue mani;01a02690-0cc1-721d-98dd-5cb03da666a1;Andrea Bocelli
01a02690-22e3-7064-9388-103a24eb5042;"Turandot: ""Nessun dorma""";01a02690-0cc1-721d-98dd-5cb03da666a1;Andrea Bocelli
01a02690-22e3-7064-9388-103b0cf1ae2c;Turandot: Nessun dorma;01a02690-0cc1-721d-98dd-5cb03da666a1;Andrea Bocelli
01a02690-22e3-7064-9388-103c9c2113cd;Auf uns;01a02690-0cc1-721d-98dd-5cb19cff1dea;Andreas Bourani
01a02690-22e3-7064-9388-103d8b6c741e;UNA CANZONE PER TE;01a02690-0cc1-721d-98dd-5cb200812790;Andreas Gabalier
01a02690-22e3-7064-9388-103e56412260;VERGISS MEIN NICHT;01a02690-0cc1-721d-98dd-5cb200812790;Andreas Gabalier
01a02690-22e3-7064-9388-103f098d9f2c;Free;01a02690-0cc1-721d-98dd-5cb368c3129a;Andrew Choi
01a02690-22e3-7064-9388-10407539abd7;Soda Pop;01a02690-0cc1-721d-98dd-5cb368c3129a;Andrew Choi
01a02690-22e3-7064-9388-10412236357f;I Played the Fool;01a02690-0cc1-721d-98dd-5cb4dd6ddc45;Andrew Watt
01a02690-22e3-7064-9388-1042555778e6;Samen Uit Samen Thuis;01a02690-0cc1-721d-98dd-5cb55c65e5d4;André Hazes Jr.
01a02690-22e3-7064-9388-1043575e2f16;Don’t Give Up on Me;01a02690-0cc1-721d-98dd-5cb6a813bac6;Andy Grammer
01a02690-22e3-7064-9388-1044927fe5b9;Big In Japan;01a02690-0cc1-721d-98dd-5cb73825de46;Ane Brun
01a02690-22e3-7064-9388-1045938da8d9;Canto d’amore;01a02690-0cc1-721d-98dd-5cb8cc7dd172;Angelina Mango
01a02690-22e3-7064-9388-1046a704f36b;Celestial Bodies;01a02690-0cc1-721d-98dd-5cb98f45a2ea;Angus
01a02690-22e3-7064-9388-10476d9f0e84;Dis-le;01a02690-0cc1-721d-98dd-5cba02f2cd9c;Angèle
01a02690-22e3-7064-9388-104828cbff47;Nightcall;01a02690-0cc1-721d-98dd-5cba02f2cd9c;Angèle
01a02690-22e3-7064-9388-10498c1798c8;What You Want;01a02690-0cc1-721d-98dd-5cba02f2cd9c;Angèle
01a02690-22e3-7064-9388-104ad28c798a;Malaïka;01a02690-0cc1-721d-98dd-5cbb523add9b;Angélique Kidjo
01a02690-22e3-7064-9388-104b79d82fef;23 Theme;01a02690-0cc1-721d-98dd-5cbc3048a3d3;Anirudh Ravichander
01a02690-22e3-7064-9388-104ca4d99290;Aaja Raja;01a02690-0cc1-721d-98dd-5cbc3048a3d3;Anirudh Ravichander
01a02690-22e3-7064-9388-104da8a9f11d;Hangova;01a02690-0cc1-721d-98dd-5cbc3048a3d3;Anirudh Ravichander
01a02690-22e3-7064-9388-104ef269fb4c;One Name;01a02690-0cc1-721d-98dd-5cbc3048a3d3;Anirudh Ravichander
01a02690-22e3-7064-9388-104f338cf42b;Raavana Mavandaa;01a02690-0cc1-721d-98dd-5cbc3048a3d3;Anirudh Ravichander
01a02690-22e3-7064-9388-105015883810;Raga of Revenge;01a02690-0cc1-721d-98dd-5cbc3048a3d3;Anirudh Ravichander
01a02690-22e3-7064-9388-1051dda49c41;Thalapathy Vetri Kondan;01a02690-0cc1-721d-98dd-5cbc3048a3d3;Anirudh Ravichander
01a02690-22e3-7064-9388-1052cbfd445e;Ring My Bell;01a02690-0cc1-721d-98dd-5cbdb8bcddbf;Anita Ward
01a02690-22e3-7064-9388-1053ea517d95;Choka Choka;01a02690-0cc1-721d-98dd-5cbe36ece9ba;Anitta
01a02690-22e3-7064-9388-1054f8237de4;Goals;01a02690-0cc1-721d-98dd-5cbe36ece9ba;Anitta
01a02690-22e3-7064-9388-10554cc4a9ee;LA TESTA GIRA;01a02690-0cc1-721d-98dd-5cbe36ece9ba;Anitta
01a02690-22e3-7064-9388-10560e9565e8;Beni Al;01a02690-0cc1-721d-98dd-5cbf5665b875;Ankara Echoes
01a02690-22e3-7064-9388-105717aec3b3;Schiess dich zum Mond;01a02690-0cc1-721d-98dd-5cc01396ebbc;Anna-Maria Zimmermann
01a02690-22e3-7064-9388-1058877df030;Canzone Estiva;01a02690-0cc1-721d-98dd-5cc17985fc6b;Annalisa
01a02690-22e3-7064-9388-10597e476c9d;Esibizionista;01a02690-0cc1-721d-98dd-5cc17985fc6b;Annalisa
01a02690-22e3-7064-9388-105a56e6771a;Letting Go;01a02690-0cc1-721d-98dd-5cc2da20e35b;Anne Mosters
01a02690-22e3-7064-9388-105b8d6975d9;One Last Time;01a02690-0cc1-721d-98dd-5cc2da20e35b;Anne Mosters
01a02690-22e3-7064-9388-105c8b7ee718;Oft gefragt;01a02690-0cc1-721d-98dd-5cc3e4362f91;AnnenMayKantereit
01a02690-22e3-7064-9388-105d78799dfd;Brauch Dich;01a02690-0cc1-721d-98dd-5cc493cf6208;Anstandslos
01a02690-22e3-7064-9388-105eb2ce709a;The Prayer;01a02690-0cc1-721d-98dd-5cc565dafee1;Anthony Callea
01a02690-22e3-7064-9388-105f534d86a5;Tara;01a02690-0cc1-721d-98dd-5cc6a4b6bd16;Anthony Hopkins
01a02690-22e3-7064-9388-1060d87fee89;Wrecking Ball;01a02690-0cc1-721d-98dd-5cc71f0de5dc;Anthony Vincent
01a02690-22e3-7064-9388-106128986ae3;Everybody's Got A Plan;01a02690-0cc1-721d-98dd-5cc8509ffa76;Anthrax
01a02690-22e3-7064-9388-106270641a9d;The Edge of Perfection;01a02690-0cc1-721d-98dd-5cc8509ffa76;Anthrax
01a02690-22e3-7064-9388-106358c16072;JALLA;01a02690-0cc1-721d-98dd-5cc9b05c58e8;Antigoni
01a02690-22e3-7064-9388-0fc5d591f441;Che tesoro che sei;01a02690-0cc1-721d-98dd-5ccaca8c806d;Antonello Venditti
01a02690-22e3-7064-9388-1064a9a8399a;Canción del Mariachi;01a02690-0cc1-721d-98dd-5ccb4daf9103;Antonio Banderas
01a02690-22e3-7064-9388-1065df51a3a6;Tamma Tamma;01a02690-0cc1-721d-98dd-5ccc017d538f;Anuradha Paudwal
01a02690-22e3-7064-9388-10665d1d067a;Bad Angel;01a02690-0cc1-721d-98dd-5ccd7f4e5099;Anyma
01a02690-22e3-7064-9388-1067b8e2a0cb;Beautiful;01a02690-0cc1-721d-98dd-5ccd7f4e5099;Anyma
01a02690-22e3-7064-9388-1068ee5010a0;Voices In My Head;01a02690-0cc1-721d-98dd-5ccd7f4e5099;Anyma
01a02690-22e3-7064-9388-1069329a2076;DAYS;01a02690-0cc1-721d-98dd-5cce85ec5a10;Aooo
01a02690-22e3-7064-9388-106af16808b6;Komet;01a02690-0cc1-721d-98dd-5ccffb5da326;Apache 207
01a02690-22e3-7064-9388-106b5551027a;Love Me More;01a02690-0cc1-721d-98dd-5cd08b154a6e;Apink
01a02690-22e3-7064-9388-106cad1801e5;JE NE M’EXCUSE PLUS D’EXISTER;01a02690-0cc1-721d-98dd-5cd11698a90f;Apotika Bali
01a02690-22e3-7064-9388-106d8bed5cf8;Falling Into You;01a02690-0cc1-721d-98dd-5cd21bea13fb;Appleton
01a02690-22e3-7064-9388-106ec8bbf451;Starry Sea;01a02690-0cc1-721d-98dd-5cd3b33c0b47;Aqu3ra
01a02690-22e3-7064-9388-106fd6dbc6b0;Barbie Girl;01a02690-0cc1-721d-98dd-5cd4a713dbde;Aqua
01a02690-22e3-7064-9388-107004a554a7;Ketsui No Asa Ni;01a02690-0cc1-721d-98dd-5cd5148a2113;Aqua Timez
01a02690-22e3-7064-9388-100a0f859188;Eternity;01a02690-0cc1-721d-98dd-5cd6e928b146;Aquagen
01a02690-22e3-7064-9388-1071ba90c3a6;I Adore You;01a02690-0cc1-721d-98dd-5cd78e832754;Arash
01a02690-22e3-7064-9388-10729fb91cf4;Breath;01a02690-0cc1-721d-98dd-5cd8c1b7d0ed;Arc System Works
01a02690-22e2-7774-a1a3-e4d36a2f4ffc;Trying Hard Is Hard, So I Try Hard to Try Hard.;01a02690-0cc1-721d-98dd-5cd8c1b7d0ed;Arc System Works
01a02690-22e3-7064-9388-1073225a4521;Election Day;01a02690-0cc1-721d-98dd-5cd92155cd52;Arcadia
01a02690-22e3-7064-9388-1074d2d31d64;To The Last Breath;01a02690-0cc1-721d-98dd-5cda8faaa946;Arch Enemy
01a02690-22e3-7064-9388-1075d63adbe0;Give Me Everything;01a02690-0cc1-721d-98dd-5cdb95680177;Archer Marsh
01a02690-22e3-7064-9388-107696103351;City Walls;01a02690-0cc1-721d-98dd-5cdcc0ae5a44;Archive
01a02690-22e3-7064-9388-10774384135d;Patterns;01a02690-0cc1-721d-98dd-5cdcc0ae5a44;Archive
01a02690-22e3-7064-9388-1078ddb69ec3;Do I Wanna Know;01a02690-0cc1-721d-98dd-5cddd4d0a5cb;Arctic Monkeys
01a02690-22e3-7064-9388-10796d188615;Opening Night;01a02690-0cc1-721d-98dd-5cddd4d0a5cb;Arctic Monkeys
01a02690-22e3-7064-9388-1068ee5010a0;Voices In My Head;01a02690-0cc1-721d-98dd-5cdef488a184;Argy
01a02690-22e3-7064-9388-107a80a501dc;God Don’t Play About Me;01a02690-0cc1-721d-98dd-5cdf39d227b1;Aria Blu
01a02690-22e3-7064-9388-107bd338e3da;bad thing;01a02690-0cc1-721d-98dd-5ce07bc0e373;Ariana Grande
01a02690-22e4-7376-a60c-b91ea1c57e29;big feelings;01a02690-0cc1-721d-98dd-5ce07bc0e373;Ariana Grande
01a02690-22e4-7376-a60c-b91fc14570be;freak;01a02690-0cc1-721d-98dd-5ce07bc0e373;Ariana Grande
01a02690-22e4-7376-a60c-b9204959d323;hate that i made you love me;01a02690-0cc1-721d-98dd-5ce07bc0e373;Ariana Grande
01a02690-22e4-7376-a60c-b9210a4d6228;kiss me;01a02690-0cc1-721d-98dd-5ce07bc0e373;Ariana Grande
01a02690-22e4-7376-a60c-b922f1d6c24e;like i do;01a02690-0cc1-721d-98dd-5ce07bc0e373;Ariana Grande
01a02690-22e4-7376-a60c-b923f94d371f;never get over me;01a02690-0cc1-721d-98dd-5ce07bc0e373;Ariana Grande
01a02690-22e4-7376-a60c-b924abf43b2b;nowhere, nobody;01a02690-0cc1-721d-98dd-5ce07bc0e373;Ariana Grande
01a02690-22e4-7376-a60c-b925ff17b855;oh well;01a02690-0cc1-721d-98dd-5ce07bc0e373;Ariana Grande
01a02690-22e4-7376-a60c-b92670ecf4ca;petal;01a02690-0cc1-721d-98dd-5ce07bc0e373;Ariana Grande
01a02690-22e4-7376-a60c-b9272cc93534;stay;01a02690-0cc1-721d-98dd-5ce07bc0e373;Ariana Grande
01a02690-22e4-7376-a60c-b928256e0ddb;warning signs;01a02690-0cc1-721d-98dd-5ce07bc0e373;Ariana Grande
01a02690-22e4-7376-a60c-b929ebd0aef5;Gehra Hua;01a02690-0cc1-721d-98dd-5ce1117222e5;Arijit Singh
01a02690-22e4-7376-a60c-b92a7d57c328;Magica Favola;01a02690-0cc1-721d-98dd-5ce216f96481;Arisa
01a02690-22e4-7376-a60c-b929ebd0aef5;Gehra Hua;01a02690-0cc1-721d-98dd-5ce37d1cbebc;Armaan Khan
01a02690-22e4-7376-a60c-b92be389c4d2;Karvaan;01a02690-0cc1-721d-98dd-5ce37d1cbebc;Armaan Khan
01a02690-22e4-7376-a60c-b92cb1c8290f;Always You;01a02690-0cc1-721d-98dd-5ce459d815a8;Armin van Buuren
01a02690-22e4-7376-a60c-b92d27fc6673;Everlasting;01a02690-0cc1-721d-98dd-5ce459d815a8;Armin van Buuren
01a02690-22e4-7376-a60c-b92e881750ee;Here in My Arms;01a02690-0cc1-721d-98dd-5ce459d815a8;Armin van Buuren
01a02690-22e3-7064-9388-101a9295c3f8;Lost in Time;01a02690-0cc1-721d-98dd-5ce459d815a8;Armin van Buuren
01a02690-22e4-7376-a60c-b92f2c73b3d4;Fire on the Water;01a02690-0cc1-721d-98dd-5ce5fac8cff0;Arooj Aftab
01a02690-22e4-7376-a60c-b9309030b8c5;johnny ‘n june;01a02690-0cc1-721d-98dd-5ce6ed2d549a;Ashley Cooke
01a02690-22e4-7376-a60c-b931f39a3bad;What If We Don't;01a02690-0cc1-721d-98dd-5ce743bd3878;Ashley McBryde
01a02690-22e4-7376-a60c-b932458f7956;Hands On You;01a02690-0cc1-721d-98dd-5ce89de34893;Ashley Monroe
01a02690-22e4-7376-a60c-b933951d367b;Recollect;01a02690-0cc1-721d-98dd-5ce96a866078;Ashnikko
01a02690-22e4-7376-a60c-b9340a43939b;Echo Of You;01a02690-0cc1-721d-98dd-5cea6d859529;Asia
01a02690-22e4-7376-a60c-b9350c343c91;Heat of the Moment;01a02690-0cc1-721d-98dd-5cea6d859529;Asia
01a02690-22e4-7376-a60c-b93663b4e4b9;Skins;01a02690-0cc1-721d-98dd-5ceb3b7ca8e1;Asian Kung-Fu Generation
01a02690-22e4-7376-a60c-b93707622b80;After I Pass Away;01a02690-0cc1-721d-98dd-5cecd9a68b29;Astra Gold
01a02690-22e4-7376-a60c-b938c8fe8a10;Waiting Is the Hardest Part;01a02690-0cc1-721d-98dd-5cecd9a68b29;Astra Gold
01a02690-22e4-7376-a60c-b939e4abe37b;The Dissonant Void;01a02690-0cc1-721d-98dd-5ced8ecbbee5;At The Gates
01a02690-22e4-7376-a60c-b93af99076f5;Her Nerdeysen;01a02690-0cc1-721d-98dd-5cee1a308299;Ati242
01a02690-22e4-7376-a60c-b93bd3408410;Maraton;01a02690-0cc1-721d-98dd-5cee1a308299;Ati242
01a02690-22e4-7376-a60c-b93c1d1f8103;Children of Light;01a02690-0cc1-721d-98dd-5cef409a727a;Atreyu
01a02690-22e4-7376-a60c-b93d29470d9c;Sonic Salvation;01a02690-0cc1-721d-98dd-5cf0728ad835;August Burns Red
01a02690-22e4-7376-a60c-b93e43da4c94;On m'invite pas;01a02690-0cc1-721d-98dd-5cf1477a316b;Aurélie Simon
01a02690-22e4-7376-a60c-b93fd5f4a08f;All Night Long;01a02690-0cc1-721d-98dd-5cf2fa185c05;Australian Idol
01a02690-22e3-7064-9388-0ffa661302ef;FATE;01a02690-0cc1-721d-98dd-5cf3c9ff7a0c;Ava Max
01a02690-22e4-7376-a60c-b94045b49a26;KiLL iT QUEEN;01a02690-0cc1-721d-98dd-5cf3c9ff7a0c;Ava Max
01a02690-22e4-7376-a60c-b941c15500f4;Out Of Your Mind;01a02690-0cc1-721d-98dd-5cf3c9ff7a0c;Ava Max
01a02690-22e3-7064-9388-0fb3d25f51a3;In My Arms;01a02690-0cc1-721d-98dd-5cf440dc5d5c;Avalan
01a02690-22e3-7064-9388-0fb4954a72af;Vertigo;01a02690-0cc1-721d-98dd-5cf440dc5d5c;Avalan
01a02690-22e4-7376-a60c-b9425b29cf8e;The Nights;01a02690-0cc1-721d-98dd-5cf50131c86d;Avicii
01a02690-22e4-7376-a60c-b9436a82c1af;I'm With You;01a02690-0cc1-721d-98dd-5cf64f7f4b84;Avril Lavigne
01a02690-22e4-7376-a60c-b944b92786ca;Guillotine Walk;01a02690-0cc1-721d-98dd-5cf7da48e710;Axel Rudi Pell
01a02690-22e4-7376-a60c-b9459e6fc0e3;What You Think of Me;01a02690-0cc1-721d-98dd-5cf83e4e66c9;Axel Wilder
01a02690-22e4-7376-a60c-b946c2bff578;Whatever Turns You On;01a02690-0cc1-721d-98dd-5cf9bb1ced73;Axwell
01a02690-22e4-7376-a60c-b9471300e26a;Back to You;01a02690-0cc1-721d-98dd-5cfafebd7411;Axxima
01a02690-22e4-7376-a60c-b9487f4ebda2;30 STREET;01a02690-0cc1-721d-98dd-5cfb0bab4ad5;Ayaka Sasaki
01a02690-22e4-7376-a60c-b949a34c0eed;Heaven Baby;01a02690-0cc1-721d-98dd-5cfcbec025c4;Ayra Starr
01a02690-22e4-7376-a60c-b94a6ab498dd;Everything's Alright;01a02690-0cc1-721d-98dd-5cfdfc8d08fd;Azteck
01a02690-22e3-7064-9388-0fdae8dafe10;PRIDE;01a02690-0cc1-721d-98dd-5cfe5dd3218c;Aぇ! group
01a02690-22e4-7376-a60c-b94b6d2bc1bf;Heaven Knows;01a02690-0cc1-721d-98dd-5cffd1ac97e6;B'z
01a02690-22e4-7376-a60c-b94c4e8a19a6;完全無欠;01a02690-0cc1-721d-98dd-5cffd1ac97e6;B'z
01a02690-22e4-7376-a60c-b94de1a9f6d1;Mileage;01a02690-0cc1-721d-98dd-5d008169a046;B2K
01a02690-22e4-7376-a60c-b94e42e045a6;CHOOM;01a02690-0cc1-721d-98dd-5d013b14ba1f;BABYMONSTER
01a02690-22e4-7376-a60c-b94f5b7ae28c;MOON;01a02690-0cc1-721d-98dd-5d013b14ba1f;BABYMONSTER
01a02690-22e4-7376-a60c-b9501ae80020;PSYCHO;01a02690-0cc1-721d-98dd-5d013b14ba1f;BABYMONSTER
01a02690-22e4-7376-a60c-b951078e43f0;SUGAR HONEY ICE TEA;01a02690-0cc1-721d-98dd-5d013b14ba1f;BABYMONSTER
01a02690-22e4-7376-a60c-b952572e7126;ENERGETIC;01a02690-0cc1-721d-98dd-5d022a494e5d;BAND-MAID
01a02690-22e4-7376-a60c-b953e0121e65;BE:FIRST ALL DAY;01a02690-0cc1-721d-98dd-5d03bf8d5145;BE:FIRST
01a02690-22e4-7376-a60c-b954bbed8c4c;BRUCE WAYNE;01a02690-0cc1-721d-98dd-5d03bf8d5145;BE:FIRST
01a02690-22e4-7376-a60c-b955a5c3e1c9;Doesn't Really Matter;01a02690-0cc1-721d-98dd-5d03bf8d5145;BE:FIRST
01a02690-22e4-7376-a60c-b95689b2627c;Missing;01a02690-0cc1-721d-98dd-5d03bf8d5145;BE:FIRST
01a02690-22e4-7376-a60c-b957c6a2641c;Muchu;01a02690-0cc1-721d-98dd-5d03bf8d5145;BE:FIRST
01a02690-22e4-7376-a60c-b958e747f396;Toyfriend;01a02690-0cc1-721d-98dd-5d03bf8d5145;BE:FIRST
01a02690-22e4-7376-a60c-b95939310301;Why, Why;01a02690-0cc1-721d-98dd-5d03bf8d5145;BE:FIRST
01a02690-22e4-7376-a60c-b95a9f3a2768;Феникс;01a02690-0cc1-721d-98dd-5d04194bd3fe;BEARWOLF
01a02690-22e4-7376-a60c-b95bb15fb45e;Herz;01a02690-0cc1-721d-98dd-5d05249636bd;BELA
01a02690-22e4-7376-a60c-b95ce71ee6b8;Vois sur ton chemin;01a02690-0cc1-721d-98dd-5d06280968ef;BENNETT
01a02690-22e4-7376-a60c-b95dda7e7a89;PENSIERO STUPENDO;01a02690-0cc1-721d-98dd-5d07984686ff;BENZATO
01a02690-22e4-7376-a60c-b95e54872fd9;ハイテンション;01a02690-0cc1-721d-98dd-5d087cec0e4a;BEYOOOOONDS
01a02690-22e4-7376-a60c-b95f449c1758;Everyday;01a02690-0cc1-721d-98dd-5d095a545da4;BIALYSTOCKS
01a02690-22e4-7376-a60c-b960c49c807e;My Pace;01a02690-0cc1-721d-98dd-5d0a4639ea9e;BIBI
01a02690-22e4-7376-a60c-b96128619ed2;Blau;01a02690-0cc1-721d-98dd-5d0b87a23cae;BIBIZA
01a02690-22e4-7376-a60c-b962b7664b98;NYPD;01a02690-0cc1-721d-98dd-5d0c8a8ca0c0;BIG KAY SMG
01a02690-22e4-7376-a60c-b963d5e4643e;Rescue Me;01a02690-0cc1-721d-98dd-5d0d32ddd2cf;BIG TIM & Bell Book
01a02690-22e4-7376-a60c-b9640ddcc83f;BiiiG;01a02690-0cc1-721d-98dd-5d0e20ad0b94;BIGBANG
01a02690-22e4-7376-a60c-b965babeb0f9;KILLY MANJARO;01a02690-0cc1-721d-98dd-5d0fa2445ba6;BILLA JOE
01a02690-22e4-7376-a60c-b966d0229a39;Unang Kilig;01a02690-0cc1-721d-98dd-5d1019ac837c;BINI
01a02690-22e4-7376-a60c-b96771a95da5;Champion;01a02690-0cc1-721d-98dd-5d1160b67343;BLACKPINK
01a02690-22e4-7376-a60c-b968ab5be0a3;Fxxxboy;01a02690-0cc1-721d-98dd-5d1160b67343;BLACKPINK
01a02690-22e4-7376-a60c-b9698b56a49c;GO;01a02690-0cc1-721d-98dd-5d1160b67343;BLACKPINK
01a02690-22e4-7376-a60c-b96a816ea4bc;JUMP;01a02690-0cc1-721d-98dd-5d1160b67343;BLACKPINK
01a02690-22e4-7376-a60c-b96b69e757cc;Me and my;01a02690-0cc1-721d-98dd-5d1160b67343;BLACKPINK
01a02690-22e4-7376-a60c-b96cbd6ecd22;Anche a vent’anni si muore;01a02690-0cc1-721d-98dd-5d1291c6af30;BLANCO
01a02690-22e4-7376-a60c-b96de623c163;Ricordi;01a02690-0cc1-721d-98dd-5d1291c6af30;BLANCO
01a02690-22e4-7376-a60c-b96e5c47e0c3;KUSURA BAKMA;01a02690-0cc1-721d-98dd-5d13caf8f3de;BLOK3
01a02690-22e4-7376-a60c-b96f1f461e06;You Give Me Butterflies;01a02690-0cc1-721d-98dd-5d142adb879d;BLUE PONGTIWAT
01a02690-22e4-7376-a60c-b97083804345;BUBBLE;01a02690-0cc1-721d-98dd-5d15d6b228fd;BMSG ALLSTARS
01a02690-22e4-7376-a60c-b97119e96621;Standing Here;01a02690-0cc1-721d-98dd-5d16679b3ff3;BMSG STRIKERS
01a02690-22e4-7376-a60c-b9726ac10570;สัมผัสรัก;01a02690-0cc1-721d-98dd-5d1792ba73b7;BOWKYLION
01a02690-22e4-7376-a60c-b973b20f2af0;Boom Boom Boom;01a02690-0cc1-721d-98dd-5d18d7ecf93b;BOYNEXTDOOR
01a02690-22e4-7376-a60c-b974774111f2;VIRAL;01a02690-0cc1-721d-98dd-5d18d7ecf93b;BOYNEXTDOOR
01a02690-22e4-7376-a60c-b975faadaddd;ddok ddok ddok;01a02690-0cc1-721d-98dd-5d18d7ecf93b;BOYNEXTDOOR
01a02690-22e4-7376-a60c-b976f19e02a0;We Together;01a02690-0cc1-721d-98dd-5d19bdfe6f2e;BTOB
01a02690-22e4-7376-a60c-b977495997d6;2 3;01a02690-0cc1-721d-98dd-5d1a7adf4a21;BTS
01a02690-22e4-7376-a60c-b97839e89d49;2.0;01a02690-0cc1-721d-98dd-5d1a7adf4a21;BTS
01a02690-22e4-7376-a60c-b9794b3a9bee;Aliens;01a02690-0cc1-721d-98dd-5d1a7adf4a21;BTS
01a02690-22e4-7376-a60c-b97a71cc2cff;Body to Body;01a02690-0cc1-721d-98dd-5d1a7adf4a21;BTS
01a02690-22e4-7376-a60c-b97ba5f150e8;Butter;01a02690-0cc1-721d-98dd-5d1a7adf4a21;BTS
01a02690-22e4-7376-a60c-b97cb1ce7f5b;Come Over;01a02690-0cc1-721d-98dd-5d1a7adf4a21;BTS
01a02690-22e4-7376-a60c-b97ddcc06568;Crystal Snow;01a02690-0cc1-721d-98dd-5d1a7adf4a21;BTS
01a02690-22e4-7376-a60c-b97e225ce13c;Dreamers;01a02690-0cc1-721d-98dd-5d1a7adf4a21;BTS
01a02690-22e4-7376-a60c-b97feaff68a5;Dynamite;01a02690-0cc1-721d-98dd-5d1a7adf4a21;BTS
01a02690-22e4-7376-a60c-b98035235018;FYA;01a02690-0cc1-721d-98dd-5d1a7adf4a21;BTS
01a02690-22e4-7376-a60c-b9814d566fb4;First Love;01a02690-0cc1-721d-98dd-5d1a7adf4a21;BTS
01a02690-22e4-7376-a60c-b982bc7caf66;For You;01a02690-0cc1-721d-98dd-5d1a7adf4a21;BTS
01a02690-22e4-7376-a60c-b983f998c5c0;Hooligan;01a02690-0cc1-721d-98dd-5d1a7adf4a21;BTS
01a02690-22e4-7376-a60c-b9843d785d3a;Into the Sun;01a02690-0cc1-721d-98dd-5d1a7adf4a21;BTS
01a02690-22e4-7376-a60c-b9851aac143e;Like Animals;01a02690-0cc1-721d-98dd-5d1a7adf4a21;BTS
01a02690-22e4-7376-a60c-b986917b6f90;Louder than bombs;01a02690-0cc1-721d-98dd-5d1a7adf4a21;BTS
01a02690-22e4-7376-a60c-b9876a39a390;Love Maze;01a02690-0cc1-721d-98dd-5d1a7adf4a21;BTS
01a02690-22e4-7376-a60c-b9882ca5ff53;MIC Drop;01a02690-0cc1-721d-98dd-5d1a7adf4a21;BTS
01a02690-22e4-7376-a60c-b9899d7d5cc8;Magic Shop;01a02690-0cc1-721d-98dd-5d1a7adf4a21;BTS
01a02690-22e4-7376-a60c-b98aa8818a3f;Merry Go Round;01a02690-0cc1-721d-98dd-5d1a7adf4a21;BTS
01a02690-22e4-7376-a60c-b98bae935f04;Mikrokosmos;01a02690-0cc1-721d-98dd-5d1a7adf4a21;BTS
01a02690-22e4-7376-a60c-b98cd542d92b;NORMAL;01a02690-0cc1-721d-98dd-5d1a7adf4a21;BTS
01a02690-22e4-7376-a60c-b98d5d643b76;No. 29;01a02690-0cc1-721d-98dd-5d1a7adf4a21;BTS
01a02690-22e4-7376-a60c-b98ec6d30f5d;One More Night;01a02690-0cc1-721d-98dd-5d1a7adf4a21;BTS
01a02690-22e4-7376-a60c-b98f767959ce;Pied Piper;01a02690-0cc1-721d-98dd-5d1a7adf4a21;BTS
01a02690-22e4-7376-a60c-b990614c6a3a;Please;01a02690-0cc1-721d-98dd-5d1a7adf4a21;BTS
01a02690-22e4-7376-a60c-b99154537df6;Run;01a02690-0cc1-721d-98dd-5d1a7adf4a21;BTS
01a02690-22e4-7376-a60c-b9924a3e555f;Run BTS;01a02690-0cc1-721d-98dd-5d1a7adf4a21;BTS
01a02690-22e4-7376-a60c-b9931714567f;SWIM;01a02690-0cc1-721d-98dd-5d1a7adf4a21;BTS
01a02690-22e4-7376-a60c-b994f92c59a8;SWIM with Jimin;01a02690-0cc1-721d-98dd-5d1a7adf4a21;BTS
01a02690-22e4-7376-a60c-b995f20d42b5;SWIM with Jin;01a02690-0cc1-721d-98dd-5d1a7adf4a21;BTS
01a02690-22e4-7376-a60c-b996512741c6;SWIM with Jung Kook;01a02690-0cc1-721d-98dd-5d1a7adf4a21;BTS
01a02690-22e4-7376-a60c-b9975307b169;SWIM with RM;01a02690-0cc1-721d-98dd-5d1a7adf4a21;BTS
01a02690-22e4-7376-a60c-b998fe4a2e68;SWIM with SUGA;01a02690-0cc1-721d-98dd-5d1a7adf4a21;BTS
01a02690-22e4-7376-a60c-b9995c1b0093;SWIM with V;01a02690-0cc1-721d-98dd-5d1a7adf4a21;BTS
01a02690-22e4-7376-a60c-b99aa6a7d3c4;SWIM with j-hope;01a02690-0cc1-721d-98dd-5d1a7adf4a21;BTS
01a02690-22e4-7376-a60c-b99bcd889fa3;they don’t know ’bout us;01a02690-0cc1-721d-98dd-5d1a7adf4a21;BTS
01a02690-22e4-7376-a60c-b99ca0c73ca8;Opalite;01a02690-0cc1-721d-98dd-5d1b50e7e8a6;BUNT.
01a02690-22e4-7376-a60c-b99d956a11e0;TRIPPIN;01a02690-0cc1-721d-98dd-5d1b50e7e8a6;BUNT.
01a02690-22e4-7376-a60c-b99e6f704875;BLACK WATER DAMNED;01a02690-0cc1-721d-98dd-5d1c5ef1f0b5;BURNIN' BRIDGES Ai Music
01a02690-22e4-7376-a60c-b99f764666c5;ROCKET;01a02690-0cc1-721d-98dd-5d1d4042b47e;BURNOUT SYNDROMES
01a02690-22e4-7376-a60c-b9a0e7a71cce;คับเฮีย;01a02690-0cc1-721d-98dd-5d1efb539c4d;BUS
01a02690-22e4-7376-a60c-b9a1c625b954;Title Track;01a02690-0cc1-721d-98dd-5d1f9dc00ebf;Babu Singh Maan - Dhurandhar
01a02690-22e4-7376-a60c-b9a29e633266;Tucamacarena;01a02690-0cc1-721d-98dd-5d203ca142fd;Baby K
01a02690-22e4-7376-a60c-b9a3ef9fb958;Yes Sir, I Can Boogie;01a02690-0cc1-721d-98dd-5d21feddcd94;Baccara
01a02690-22e4-7376-a60c-b9a4c7ef974e;Buses And Trains;01a02690-0cc1-721d-98dd-5d22bb1f14aa;Bachelor Girl
01a02690-22e4-7376-a60c-b9a5235609ed;Bottle Up;01a02690-0cc1-721d-98dd-5d23e588ba4e;Backstreet Boys
01a02690-22e4-7376-a60c-b9a67c754ff0;I Want It That Way;01a02690-0cc1-721d-98dd-5d23e588ba4e;Backstreet Boys
01a02690-22e4-7376-a60c-b9a73f1b0787;Shape of My Heart;01a02690-0cc1-721d-98dd-5d23e588ba4e;Backstreet Boys
01a02690-22e4-7376-a60c-b9a8f0be319b;BAILE INoLVIDABLE;01a02690-0cc1-721d-98dd-5d2411a2f846;Bad Bunny
01a02690-22e4-7376-a60c-b9a93c0e31f9;CAFé CON RON;01a02690-0cc1-721d-98dd-5d2411a2f846;Bad Bunny
01a02690-22e4-7376-a60c-b9aa0fe8d9ce;DtMF;01a02690-0cc1-721d-98dd-5d2411a2f846;Bad Bunny
01a02690-22e4-7376-a60c-b9ab99590d69;DÁKITI;01a02690-0cc1-721d-98dd-5d2411a2f846;Bad Bunny
01a02690-22e4-7376-a60c-b9ac414d724f;El Apagón;01a02690-0cc1-721d-98dd-5d2411a2f846;Bad Bunny
01a02690-22e4-7376-a60c-b9ada7835857;EoO;01a02690-0cc1-721d-98dd-5d2411a2f846;Bad Bunny
01a02690-22e4-7376-a60c-b9aed199bc22;I Like It;01a02690-0cc1-721d-98dd-5d2411a2f846;Bad Bunny
01a02690-22e4-7376-a60c-b9af26888e71;LA CANCIÓN;01a02690-0cc1-721d-98dd-5d2411a2f846;Bad Bunny
01a02690-22e4-7376-a60c-b9b0c12fe103;LA MuDANZA;01a02690-0cc1-721d-98dd-5d2411a2f846;Bad Bunny
01a02690-22e4-7376-a60c-b9b11e59fc81;LO QUE LE PASÓ A HAWAii;01a02690-0cc1-721d-98dd-5d2411a2f846;Bad Bunny
01a02690-22e4-7376-a60c-b9b23e20593c;MIA;01a02690-0cc1-721d-98dd-5d2411a2f846;Bad Bunny
01a02690-22e4-7376-a60c-b9b35732075a;MONACO;01a02690-0cc1-721d-98dd-5d2411a2f846;Bad Bunny
01a02690-22e4-7376-a60c-b9b401049889;Me Porto Bonito;01a02690-0cc1-721d-98dd-5d2411a2f846;Bad Bunny
01a02690-22e4-7376-a60c-b9b5b380913d;NUEVAYoL;01a02690-0cc1-721d-98dd-5d2411a2f846;Bad Bunny
01a02690-22e4-7376-a60c-b9b61764a9c1;Safaera;01a02690-0cc1-721d-98dd-5d2411a2f846;Bad Bunny
01a02690-22e4-7376-a60c-b9b7ccad266a;Tití Me Preguntó;01a02690-0cc1-721d-98dd-5d2411a2f846;Bad Bunny
01a02690-22e4-7376-a60c-b9b88ab3bf69;VOY A LLeVARTE PA PR;01a02690-0cc1-721d-98dd-5d2411a2f846;Bad Bunny
01a02690-22e4-7376-a60c-b9b9df46677e;Yo Perreo Sola;01a02690-0cc1-721d-98dd-5d2411a2f846;Bad Bunny
01a02690-22e4-7376-a60c-b9ba402ce7c3;Silver Night;01a02690-0cc1-721d-98dd-5d256625a634;Bad Style
01a02690-22e4-7376-a60c-b962b7664b98;NYPD;01a02690-0cc1-721d-98dd-5d26b982f133;Baggh-E SMG
01a02690-22e4-7376-a60c-b9bb636debfa;Just Believe;01a02690-0cc1-721d-98dd-5d27a5a41120;Bailey Zimmerman
01a02690-22e4-7376-a60c-b9bceffc77c1;Please Don't Move To Melbourne;01a02690-0cc1-721d-98dd-5d2884b2c3ba;Ball Park Music
01a02690-22e4-7376-a60c-b9bde905cddd;Stranger Things;01a02690-0cc1-721d-98dd-5d29a9887764;Baltic House Orchestra
01a02690-22e4-7376-a60c-b9bef1a44b9e;Resta Con Me;01a02690-0cc1-721d-98dd-5d2ac36535a1;Bambole Di Pezza
01a02690-22e4-7376-a60c-b9bf5f87d22d;Venus;01a02690-0cc1-721d-98dd-5d2baea21ffc;Bananarama
01a02690-22e4-7376-a60c-b9c0a58b0a5a;Uitslover;01a02690-0cc1-721d-98dd-5d2c031bfcf8;Bankzitters
01a02690-22e3-7064-9388-1065df51a3a6;Tamma Tamma;01a02690-0cc1-721d-98dd-5d2d8872b1f1;Bappi Lahiri
01a02690-22e4-7376-a60c-b9c1e2daf333;Voilà;01a02690-0cc1-721d-98dd-5d2eecc708a5;Barbara Pravi
01a02690-22e4-7376-a60c-b9c2a4c7e07a;Get Your Sparkle On;01a02690-0cc1-721d-98dd-5d2fe763742d;Barbie
01a02690-22e4-7376-a60c-b9c36ff09590;The Way We Were;01a02690-0cc1-721d-98dd-5d30b78fe201;Barbra Streisand
01a02690-22e4-7376-a60c-b9c43432de93;Feel Alive;01a02690-0cc1-721d-98dd-5d31b86a4b99;Bastille
01a02690-22e4-7376-a60c-b9c5d78b91a7;Magnetic;01a02690-0cc1-721d-98dd-5d3212d8ebef;Bausa
01a02690-22e4-7376-a60c-b9c636079304;Wolke 4;01a02690-0cc1-721d-98dd-5d3212d8ebef;Bausa
01a02690-22e4-7376-a60c-b9c71cc273bb;Bullshit;01a02690-0cc1-721d-98dd-5d33c8fbeb0e;Beartooth
01a02690-22e4-7376-a60c-b9c819ebba1e;Eyes Closed;01a02690-0cc1-721d-98dd-5d33c8fbeb0e;Beartooth
01a02690-22e4-7376-a60c-b9c968913809;Alles hat seine Zeit;01a02690-0cc1-721d-98dd-5d34024b3506;BearyTunes
01a02690-22e4-7376-a60c-b9ca35ca7f49;Dankbar;01a02690-0cc1-721d-98dd-5d34024b3506;BearyTunes
01a02690-22e4-7376-a60c-b9cb58e96fa8;Die Liebe bleibt;01a02690-0cc1-721d-98dd-5d34024b3506;BearyTunes
01a02690-22e4-7376-a60c-b9cc722fe2cc;Glaub an dich;01a02690-0cc1-721d-98dd-5d34024b3506;BearyTunes
01a02690-22e4-7376-a60c-b9cda14aaac6;Gute Reise, mein Freund;01a02690-0cc1-721d-98dd-5d34024b3506;BearyTunes
01a02690-22e4-7376-a60c-b9ce51a59c4b;Ich bin genug;01a02690-0cc1-721d-98dd-5d34024b3506;BearyTunes
01a02690-22e4-7376-a60c-b9cfe78a80a0;Liebe ist das Mutigste auf dieser Welt;01a02690-0cc1-721d-98dd-5d34024b3506;BearyTunes
01a02690-22e4-7376-a60c-b9d0ef4bbf75;Mut;01a02690-0cc1-721d-98dd-5d34024b3506;BearyTunes
01a02690-22e4-7376-a60c-b9d1aad36572;Nicht im Wunderland;01a02690-0cc1-721d-98dd-5d34024b3506;BearyTunes
01a02690-22e4-7376-a60c-b9d25170d8c5;Unser sicherer Hafen;01a02690-0cc1-721d-98dd-5d34024b3506;BearyTunes
01a02690-22e4-7376-a60c-b9d39821b9f9;Was kommt, das kommt;01a02690-0cc1-721d-98dd-5d34024b3506;BearyTunes
01a02690-22e4-7376-a60c-b9d439c3721f;Alibi;01a02690-0cc1-721d-98dd-5d3501b8d9f3;Beatrice Egli
01a02690-22e4-7376-a60c-b9d5fcd9f7ba;So schön cha s'Läbe si;01a02690-0cc1-721d-98dd-5d3501b8d9f3;Beatrice Egli
01a02690-22e4-7376-a60c-b9d6521588b6;Hysteria;01a02690-0cc1-721d-98dd-5d36aed24b7c;Bebe Rexha
01a02690-22e4-7376-a60c-b9d725831e6e;New Religion;01a02690-0cc1-721d-98dd-5d36aed24b7c;Bebe Rexha
01a02690-22e4-7376-a60c-b9d86e7a3826;Sad Girls;01a02690-0cc1-721d-98dd-5d36aed24b7c;Bebe Rexha
01a02690-22e4-7376-a60c-b9d958a0a0b0;Disappearing Act;01a02690-0cc1-721d-98dd-5d37545e61c1;Beck
01a02690-22e4-7376-a60c-b9da2ef07480;Ride Lonesome;01a02690-0cc1-721d-98dd-5d37545e61c1;Beck
01a02690-22e4-7376-a60c-b9db54cf073a;Make It Count;01a02690-0cc1-721d-98dd-5d3812db9ff8;Becky G
01a02690-22e4-7376-a60c-b9dc9eaec7af;Shower;01a02690-0cc1-721d-98dd-5d3812db9ff8;Becky G
01a02690-22e4-7376-a60c-b9dd5e3d7502;Sorry Papi;01a02690-0cc1-721d-98dd-5d3812db9ff8;Becky G
01a02690-22e4-7376-a60c-b9deb0e6c7ba;Te Olvido;01a02690-0cc1-721d-98dd-5d3812db9ff8;Becky G
01a02690-22e4-7376-a60c-b9df48e0deaf;More More More;01a02690-0cc1-721d-98dd-5d393fb8ff7e;Becky Hill
01a02690-22e4-7376-a60c-b9e0693452f2;รักฉันบ้างหรือเปล่า;01a02690-0cc1-721d-98dd-5d3a5b58a6cd;Becky Rebecca
01a02690-22e4-7376-a60c-b9e101cb7a7d;แค่มีเธอก็พอแล้ว;01a02690-0cc1-721d-98dd-5d3a5b58a6cd;Becky Rebecca
01a02690-22e4-7376-a60c-b9e262e79eac;Meteo-Right;01a02690-0cc1-721d-98dd-5d3b30136d76;Believe (CV: Misaki Akiyama)
01a02690-22e4-7376-a60c-b9e30c0e7f5d;iloveitiloveitiloveit;01a02690-0cc1-721d-98dd-5d3cc8099317;Bella Kay
01a02690-22e4-7376-a60c-b9e4ae40bbdb;Son of Jolene;01a02690-0cc1-721d-98dd-5d3d0669e3ef;Belles
01a02690-22e4-7376-a60c-b9e5317df28e;Herz zu und durch;01a02690-0cc1-721d-98dd-5d3ea05522b8;Ben Zucker
01a02690-22e4-7376-a60c-b9e61fa43ae0;À la Vie, Petite Fleur;01a02690-0cc1-721d-98dd-5d3f8e4ea66e;Benetti House Bar
01a02690-22e4-7376-a60c-b9e731f97834;Superpower;01a02690-0cc1-721d-98dd-5d40cf914b4b;Benjamin Pajak
01a02690-22e4-7376-a60c-b9e870f93371;I Won’t Fall Again;01a02690-0cc1-721d-98dd-5d418adf8b85;Benny Rivers
01a02690-22e4-7376-a60c-b9e964198c74;Step by Step in Time;01a02690-0cc1-721d-98dd-5d418adf8b85;Benny Rivers
01a02690-22e4-7376-a60c-b9ea01659ebb;One Step at a Time;01a02690-0cc1-721d-98dd-5d4248550be0;Benny Rivers Sounds
01a02690-22e4-7376-a60c-b9ebabba2860;Beautiful Things;01a02690-0cc1-721d-98dd-5d43731b3b9c;Benson Boone
01a02690-22e4-7376-a60c-b9ec59decd17;In The Stars;01a02690-0cc1-721d-98dd-5d43731b3b9c;Benson Boone
01a02690-22e4-7376-a60c-b9ed27f8b6be;Mr Electric Blue;01a02690-0cc1-721d-98dd-5d43731b3b9c;Benson Boone
01a02690-22e4-7376-a60c-b9eee6a2a62e;Mystical Magical;01a02690-0cc1-721d-98dd-5d43731b3b9c;Benson Boone
01a02690-22e4-7376-a60c-b9ef3f3f810b;The Time Of My Life;01a02690-0cc1-721d-98dd-5d43731b3b9c;Benson Boone
01a02690-22e4-7376-a60c-b9f0f9ecb186;Blondes Wunder;01a02690-0cc1-721d-98dd-5d44ac5bcbbe;Bernhard Brink
01a02690-22e4-7376-a60c-b9f1186abfb1;Caipirinha;01a02690-0cc1-721d-98dd-5d44ac5bcbbe;Bernhard Brink
01a02690-22e4-7376-a60c-b9f212c8f838;Leben mit dir;01a02690-0cc1-721d-98dd-5d451aa32286;Bernhard Schäfer
01a02690-22e4-7376-a60c-b9f36afa973a;Die With You;01a02690-0cc1-721d-98dd-5d46bb28bbbc;Beyoncé
01a02690-22e4-7376-a60c-b9f42543c096;MORNING DEW;01a02690-0cc1-721d-98dd-5d46bb28bbbc;Beyoncé
01a02690-22e4-7376-a60c-b9f584ac3e9d;ALGO TÚ;01a02690-0cc1-721d-98dd-5d47aa55e487;Beéle
01a02690-22e4-7376-a60c-b9f6019c392d;YOU & ME;01a02690-0cc1-721d-98dd-5d48c953da86;Biagio Antonacci
01a02690-22e3-7064-9388-0fb8918bda04;NOBODY;01a02690-0cc1-721d-98dd-5d49f4771560;Big Baby Tape
01a02690-22e4-7376-a60c-b9f78279ca62;SpongeBob Squarepants Closing Theme;01a02690-0cc1-721d-98dd-5d4a309b743a;Bikini Bottom Band
01a02690-22e4-7376-a60c-b9f8ba77ed3c;Lovely Day;01a02690-0cc1-721d-98dd-5d4b5e070e37;Bill Withers
01a02690-22e4-7376-a60c-b9f9ddb48548;BIRDS OF A FEATHER;01a02690-0cc1-721d-98dd-5d4c8e9ef2a3;Billie Eilish
01a02690-22e4-7376-a60c-b9fa43bb05a5;WILDFLOWER;01a02690-0cc1-721d-98dd-5d4c8e9ef2a3;Billie Eilish
01a02690-22e4-7376-a60c-b9fbabd4a798;City Of Heroes;01a02690-0cc1-721d-98dd-5d4d31501bf7;Billy Bragg
01a02690-22e4-7376-a60c-b9fc20fef342;Gappie Sappie;01a02690-0cc1-721d-98dd-5d4ecd475b79;Billy Dans
01a02690-22e3-7064-9388-0fde1bf3606c;Meisje;01a02690-0cc1-721d-98dd-5d4ecd475b79;Billy Dans
01a02690-22e4-7376-a60c-b9fde1e71d55;Dancing With Myself;01a02690-0cc1-721d-98dd-5d4ff251ea23;Billy Idol
01a02690-22e4-7376-a60c-b9fe85cf3f1d;Out Of The Blue;01a02690-0cc1-721d-98dd-5d509ae80383;Billy Lockett
01a02690-22e4-7376-a60c-b9ff856bba0c;On Our Way Along;01a02690-0cc1-721d-98dd-5d5180302095;Billy Ray Cyrus
01a02690-22e4-7376-a60c-ba004719d1b3;You're Not Here;01a02690-0cc1-721d-98dd-5d5180302095;Billy Ray Cyrus
01a02690-22e4-7376-a60c-ba015bd68273;Mill Town Flood;01a02690-0cc1-721d-98dd-5d52a6321603;Billy Strings
01a02690-22e2-7774-a1a3-e4bc9c0058ad;ALWAYS LET YOU DOWN;01a02690-0cc1-721d-98dd-5d536103ed66;Bilmuri
01a02690-22e4-7376-a60c-ba025c4be098;WHERE TO FIND ME;01a02690-0cc1-721d-98dd-5d536103ed66;Bilmuri
01a02690-22e4-7376-a60c-ba03d4a94f86;All Summer;01a02690-0cc1-721d-98dd-5d549185a61e;Bino Rideaux
01a02690-22e4-7376-a60c-ba04eb12f9a5;River;01a02690-0cc1-721d-98dd-5d55e487e9fe;Bishop Briggs
01a02690-22e4-7376-a60c-ba055789a65b;Daddy Yankee: Bzrp Music Sessions, Vol. 0/66;01a02690-0cc1-721d-98dd-5d560f543f40;Bizarrap
01a02690-22e4-7376-a60c-ba064d0d8fd0;J Balvin: Bzrp Music Sessions, Vol. 62/66;01a02690-0cc1-721d-98dd-5d560f543f40;Bizarrap
01a02690-22e5-74eb-8ac8-9e9321fb36b3;Berghain;01a02690-0cc1-721d-98dd-5d576b673c5b;Björk
01a02690-22e5-74eb-8ac8-9e942bf8cfb1;Hooked on a Feeling;01a02690-0cc1-721d-98dd-5d585e0e354b;Björn Skifs
01a02690-22e5-74eb-8ac8-9e95c03a2332;Broken and Blind;01a02690-0cc1-721d-98dd-5d59647ae7a8;Black Label Society
01a02690-22e5-74eb-8ac8-9e960f0fb619;Lord Humungus;01a02690-0cc1-721d-98dd-5d59647ae7a8;Black Label Society
01a02690-22e5-74eb-8ac8-9e97d80456e9;Name In Blood;01a02690-0cc1-721d-98dd-5d59647ae7a8;Black Label Society
01a02690-22e5-74eb-8ac8-9e985a5c202d;The Gallows;01a02690-0cc1-721d-98dd-5d59647ae7a8;Black Label Society
01a02690-22e5-74eb-8ac8-9e9968561530;War Pigs;01a02690-0cc1-721d-98dd-5d5aec203be8;Black Sabbath
01a02690-22e5-74eb-8ac8-9e9a6b7e9262;Revenger;01a02690-0cc1-721d-98dd-5d5bb65fc16d;Black Veil Brides
01a02690-22e5-74eb-8ac8-9e9b8e25d31e;No Diggity;01a02690-0cc1-721d-98dd-5d5ca4338fe6;Blackstreet
01a02690-22e5-74eb-8ac8-9e9c7f628220;Let Him In Anyway;01a02690-0cc1-721d-98dd-5d5d3c1cb651;Blake Shelton
01a02690-22e5-74eb-8ac8-9e9d3386f8e4;Barely Gettin' By;01a02690-0cc1-721d-98dd-5d5e596d6b4f;Blake Whiten
01a02690-22e5-74eb-8ac8-9e9ee9026d43;Island Morning;01a02690-0cc1-721d-98dd-5d5fef3ec067;Blank
01a02690-22e5-74eb-8ac8-9e9fbb56d4fc;Rosé;01a02690-0cc1-721d-98dd-5d5fef3ec067;Blank
01a02690-22e5-74eb-8ac8-9ea072da9f39;Strada Statale Amalfitana;01a02690-0cc1-721d-98dd-5d5fef3ec067;Blank
01a02690-22e3-7064-9388-101f2afd6f0d;VOLTAGE;01a02690-0cc1-721d-98dd-5d6055066f8c;Blast Onepiece (CV: Azusa Shizuki)
01a02690-22e5-74eb-8ac8-9ea19cd45cf6;Désenchantée 3000;01a02690-0cc1-721d-98dd-5d6174b32be8;Blasterjaxx
01a02690-22e5-74eb-8ac8-9ea2d0a22f14;Narco;01a02690-0cc1-721d-98dd-5d6174b32be8;Blasterjaxx
01a02690-22e5-74eb-8ac8-9ea36c136b81;i'm not joking;01a02690-0cc1-721d-98dd-5d62a1238b98;Bleachers
01a02690-22e5-74eb-8ac8-9ea4b6c52681;Soleil Bleu;01a02690-0cc1-721d-98dd-5d63316567cb;Bleu Soleil
01a02690-22e5-74eb-8ac8-9ea56745ed63;All the Small Things;01a02690-0cc1-721d-98dd-5d64d88ea2d1;Blink-182
01a02690-22e5-74eb-8ac8-9ea6c4bd9185;Now We Can't Be Friends;01a02690-0cc1-721d-98dd-5d65e98861a4;Bloc Party
01a02690-22e5-74eb-8ac8-9ea7b10fff07;Pigwig;01a02690-0cc1-721d-98dd-5d65e98861a4;Bloc Party
01a02690-22e5-74eb-8ac8-9ea837a01f5b;Ocean Drive;01a02690-0cc1-721d-98dd-5d665660b3f7;Blondee
01a02690-22e5-74eb-8ac8-9ea94930d313;You've Made Me So Very Happy;01a02690-0cc1-721d-98dd-5d67d46e4f00;Blood
01a02690-22e5-74eb-8ac8-9eaa949d9712;MAMA;01a02690-0cc1-721d-98dd-5d6854d9a847;Blooz Room
01a02690-22e5-74eb-8ac8-9eab25dda9d5;That's What The Pain Taught Me;01a02690-0cc1-721d-98dd-5d69baf00312;Blu Monroe
01a02690-22e3-7064-9388-1017d3e504cd;Checkmate;01a02690-0cc1-721d-98dd-5d6a13ae7b8d;Blue Medusa
01a02690-22e5-74eb-8ac8-9e942bf8cfb1;Hooked on a Feeling;01a02690-0cc1-721d-98dd-5d6b49335246;Blue Swede
01a02690-22e5-74eb-8ac8-9eac8b08fa9a;Sleepytime;01a02690-0cc1-721d-98dd-5d6c6c4a2c6f;Bluey
01a02690-22e5-74eb-8ac8-9ead0c3b3439;Gut Genug;01a02690-0cc1-721d-98dd-5d6d03760a97;Blumengarten
01a02690-22e5-74eb-8ac8-9eaeacae2b38;K2;01a02690-0cc1-721d-98dd-5d6e5c8fbbdb;Blümchen
01a02690-22e5-74eb-8ac8-9eaf67626650;Blood Runs Wild;01a02690-0cc1-721d-98dd-5d6fc558e017;Bob Dominator
01a02690-22e5-74eb-8ac8-9eb0251ea77a;Conquer Yourself;01a02690-0cc1-721d-98dd-5d6fc558e017;Bob Dominator
01a02690-22e5-74eb-8ac8-9eb114627fb5;Dark Night;01a02690-0cc1-721d-98dd-5d6fc558e017;Bob Dominator
01a02690-22e5-74eb-8ac8-9eb273d05559;Dragon Style;01a02690-0cc1-721d-98dd-5d6fc558e017;Bob Dominator
01a02690-22e5-74eb-8ac8-9eb3b8db0f28;Dragons Lair;01a02690-0cc1-721d-98dd-5d6fc558e017;Bob Dominator
01a02690-22e5-74eb-8ac8-9eb4e06d1317;Knockin' On Heaven's Door;01a02690-0cc1-721d-98dd-5d704699134a;Bob Dylan
01a02690-22e5-74eb-8ac8-9eb55074ccd7;Three Little Birds;01a02690-0cc1-721d-98dd-5d716b7e78e1;Bob Marley
01a02690-22e5-74eb-8ac8-9eb6ab21e105;The Answer's In The Question;01a02690-0cc1-721d-98dd-5d728e222b5c;Bob Seger
01a02690-22e5-74eb-8ac8-9eb7983a2478;I Can't Wait;01a02690-0cc1-721d-98dd-5d73cdbdd328;Bob Sinclar
01a02690-22e5-74eb-8ac8-9eb89fe27cd6;FAAFO;01a02690-0cc1-721d-98dd-5d74f69b38ef;Bodhi
01a02690-22e5-74eb-8ac8-9eb987bcb4ea;Gefährlich;01a02690-0cc1-721d-98dd-5d75c62bb3ff;Boki
01a02690-22e5-74eb-8ac8-9eba69d98c67;Aari Aari;01a02690-0cc1-721d-98dd-5d767911565a;Bombay Rockers
01a02690-22e5-74eb-8ac8-9ebb7704718d;Mourir sur scène;01a02690-0cc1-721d-98dd-5d7753e9796b;Bon Entendeur
01a02690-22e5-74eb-8ac8-9ebc8b76e822;8;01a02690-0cc1-721d-98dd-5d781a04c5c0;Bon Iver
01a02690-22e5-74eb-8ac8-9ebdbaae8012;It's My Life;01a02690-0cc1-721d-98dd-5d79540171bb;Bon Jovi
01a02690-22e5-74eb-8ac8-9ebe69e4a3ae;Livin' On a Prayer;01a02690-0cc1-721d-98dd-5d79540171bb;Bon Jovi
01a02690-22e5-74eb-8ac8-9ebf4b53cc46;Kotsukisama;01a02690-0cc1-721d-98dd-5d7a870677c5;Bonbon
01a02690-22e5-74eb-8ac8-9ec0e9a85753;Rasputin;01a02690-0cc1-721d-98dd-5d7bec4fbbdd;Boney M.
01a02690-22e5-74eb-8ac8-9ec18842e755;Vollmond;01a02690-0cc1-721d-98dd-5d7cf8ae86f2;Bonez MC
01a02690-22e4-7376-a60c-b946c2bff578;Whatever Turns You On;01a02690-0cc1-721d-98dd-5d7d650dffcf;Bonn
01a02690-22e5-74eb-8ac8-9ec281dd8d6f;Red Kiss;01a02690-0cc1-721d-98dd-5d7e1933a55f;Bonnie Pattraphus
01a02690-22e5-74eb-8ac8-9ec3ee8729f6;ยิ่งชิดยิ่งคิด;01a02690-0cc1-721d-98dd-5d7e1933a55f;Bonnie Pattraphus
01a02690-22e5-74eb-8ac8-9ec4edd1e142;Bitterblue;01a02690-0cc1-721d-98dd-5d7f9ce8497b;Bonnie Tyler
01a02690-22e5-74eb-8ac8-9ec5e24d8910;Have You Ever Seen the Rain;01a02690-0cc1-721d-98dd-5d7f9ce8497b;Bonnie Tyler
01a02690-22e5-74eb-8ac8-9ec61ff5b92c;Holding Out for a Hero;01a02690-0cc1-721d-98dd-5d7f9ce8497b;Bonnie Tyler
01a02690-22e5-74eb-8ac8-9ec721fbadcb;If You Were a Woman;01a02690-0cc1-721d-98dd-5d7f9ce8497b;Bonnie Tyler
01a02690-22e5-74eb-8ac8-9ec821605269;It's a Heartache;01a02690-0cc1-721d-98dd-5d7f9ce8497b;Bonnie Tyler
01a02690-22e5-74eb-8ac8-9ec94753a7be;Lost in France;01a02690-0cc1-721d-98dd-5d7f9ce8497b;Bonnie Tyler
01a02690-22e5-74eb-8ac8-9eca7f947e06;Making Love;01a02690-0cc1-721d-98dd-5d7f9ce8497b;Bonnie Tyler
01a02690-22e5-74eb-8ac8-9ecb7de1c14b;Si demain...;01a02690-0cc1-721d-98dd-5d7f9ce8497b;Bonnie Tyler
01a02690-22e5-74eb-8ac8-9ecc542f41dc;Straight from the Heart;01a02690-0cc1-721d-98dd-5d7f9ce8497b;Bonnie Tyler
01a02690-22e5-74eb-8ac8-9ecd10f3a4ef;Together;01a02690-0cc1-721d-98dd-5d7f9ce8497b;Bonnie Tyler
01a02690-22e5-74eb-8ac8-9ece9eeaefc0;Total Eclipse of the Heart;01a02690-0cc1-721d-98dd-5d7f9ce8497b;Bonnie Tyler
01a02690-22e5-74eb-8ac8-9ecf3159a753;Drift;01a02690-0cc1-721d-98dd-5d80194e731c;Bonobo
01a02690-22e4-7376-a60c-b92f2c73b3d4;Fire on the Water;01a02690-0cc1-721d-98dd-5d80194e731c;Bonobo
01a02690-22e5-74eb-8ac8-9ed0c396e600;Seychelles;01a02690-0cc1-721d-98dd-5d812a9c3635;Booba
01a02690-22e5-74eb-8ac8-9ed1c6fc701f;Sex and the City Theme;01a02690-0cc1-721d-98dd-5d8284bebd0e;Boogie Heights
01a02690-22e5-74eb-8ac8-9ed273ee9d72;Super Mario Bros. Theme;01a02690-0cc1-721d-98dd-5d8284bebd0e;Boogie Heights
01a02690-22e5-74eb-8ac8-9ed30ffff52a;Dancing Penguins;01a02690-0cc1-721d-98dd-5d838a16356a;Boris Brejcha
01a02690-22e5-74eb-8ac8-9ed4b5fd4956;Flying Bird;01a02690-0cc1-721d-98dd-5d838a16356a;Boris Brejcha
01a02690-22e5-74eb-8ac8-9ed510c7823b;Flackern;01a02690-0cc1-721d-98dd-5d847eacad71;Bosse
01a02690-22e5-74eb-8ac8-9ed6a6270b70;More Than a Feeling;01a02690-0cc1-721d-98dd-5d85a442ab81;Boston
01a02690-22e5-74eb-8ac8-9ed73371d1d6;Woops;01a02690-0cc1-721d-98dd-5d86cfcde9ac;Bountyhunter
01a02690-22e5-74eb-8ac8-9ed8bbf5f5ba;Waiting for a Star to Fall;01a02690-0cc1-721d-98dd-5d870f58b8b8;Boy Meets Girl
01a02690-22e5-74eb-8ac8-9ed9fe7eb01b;I'll Make Love to You;01a02690-0cc1-721d-98dd-5d88ebe1894b;Boyz II Men
01a02690-22e5-74eb-8ac8-9edaf75689eb;Chills;01a02690-0cc1-721d-98dd-5d896fa60d09;Boyzlife
01a02690-22e5-74eb-8ac8-9edb3e3eba06;No Matter What;01a02690-0cc1-721d-98dd-5d8a7d44e2a7;Boyzone
01a02690-22e3-7064-9388-0fde1bf3606c;Meisje;01a02690-0cc1-721d-98dd-5d8b8b28ca31;Brace
01a02690-22e5-74eb-8ac8-9edc97b7e905;Shallow;01a02690-0cc1-721d-98dd-5d8cf70647e6;Bradley Cooper
01a02690-22e5-74eb-8ac8-9eddb60f3a20;Paradise;01a02690-0cc1-721d-98dd-5d8d498803d1;Brandon Flowers
01a02690-22e5-74eb-8ac8-9ede2c781673;Plans;01a02690-0cc1-721d-98dd-5d8d498803d1;Brandon Flowers
01a02690-22e5-74eb-8ac8-9edf40bccbec;Tiger's Blood;01a02690-0cc1-721d-98dd-5d8d498803d1;Brandon Flowers
01a02690-22e5-74eb-8ac8-9ee0d8f35826;Hard Fought Hallelujah;01a02690-0cc1-721d-98dd-5d8e7c57097a;Brandon Lake
01a02690-22e4-7376-a60c-b9bb636debfa;Just Believe;01a02690-0cc1-721d-98dd-5d8e7c57097a;Brandon Lake
01a02690-22e5-74eb-8ac8-9ee16341ed1b;The Jesus I Know Now;01a02690-0cc1-721d-98dd-5d8e7c57097a;Brandon Lake
01a02690-22e5-74eb-8ac8-9ee2f8f5754c;When A Cowboy Prays;01a02690-0cc1-721d-98dd-5d8e7c57097a;Brandon Lake
01a02690-22e5-74eb-8ac8-9ee3c7f7d3d2;GOOD DAMN;01a02690-0cc1-721d-98dd-5d8f01387fc3;Brantley Gilbert
01a02690-22e5-74eb-8ac8-9ee4040f5681;GOOD OL’ BOYS;01a02690-0cc1-721d-98dd-5d8f01387fc3;Brantley Gilbert
01a02690-22e5-74eb-8ac8-9ee52e04638b;Real American;01a02690-0cc1-721d-98dd-5d8f01387fc3;Brantley Gilbert
01a02690-22e5-74eb-8ac8-9ee67285d202;SINS OF THE FATHER;01a02690-0cc1-721d-98dd-5d8f01387fc3;Brantley Gilbert
01a02690-22e5-74eb-8ac8-9ee7f1f99de8;Hypercharged;01a02690-0cc1-721d-98dd-5d9059889d7c;Brawl Stars
01a02690-22e5-74eb-8ac8-9ee8fe92d0f7;Everything I Own;01a02690-0cc1-721d-98dd-5d91707fc4c0;Bread
01a02690-22e5-74eb-8ac8-9ee9d60aff36;Livin’ on Borrowed Time;01a02690-0cc1-721d-98dd-5d92434eb0cf;Breaking Rust
01a02690-22e5-74eb-8ac8-9eea370994e6;Baby Bell;01a02690-0cc1-721d-98dd-5d93955b7230;Breitner
01a02690-22e5-74eb-8ac8-9eeb207647cd;Rocky Road to Dublin;01a02690-0cc2-7141-b12f-2edd1305d116;Brian Dunphy
01a02690-22e5-74eb-8ac8-9eecf0ac61b2;Eternia;01a02690-0cc2-7141-b12f-2ede32b880d7;Brian May
01a02690-22e5-74eb-8ac8-9eed018694e9;Back At One;01a02690-0cc2-7141-b12f-2edfc90a3c51;Brian McKnight
01a02690-22e5-74eb-8ac8-9eee33ac6152;Formula 1 Theme;01a02690-0cc2-7141-b12f-2ee0063522bb;Brian Tyler
01a02690-22e5-74eb-8ac8-9eefe41e9d4b;Beautiful Places;01a02690-0cc2-7141-b12f-2ee1866a59e7;Brieanna Grace
01a02690-22e5-74eb-8ac8-9ef01bdf5054;Black & Blue;01a02690-0cc2-7141-b12f-2ee258e595ed;Bring Me The Horizon
01a02690-22e5-74eb-8ac8-9ef1714698cb;Dehumanized;01a02690-0cc2-7141-b12f-2ee258e595ed;Bring Me The Horizon
01a02690-22e5-74eb-8ac8-9ef2b4de2bb2;Work Bitch;01a02690-0cc2-7141-b12f-2ee3bbd4f3d0;Britney Spears
01a02690-22e5-74eb-8ac8-9ef3daec4321;Easier Gone;01a02690-0cc2-7141-b12f-2ee400843a46;Brittany Aldean
01a02690-22e5-74eb-8ac8-9ef412f0c399;The Transformers;01a02690-0cc2-7141-b12f-2ee5172beb6c;Brittney Slayes
01a02690-22e5-74eb-8ac8-9ef5df21ee3f;Hopeless War;01a02690-0cc2-7141-b12f-2ee6036581c2;Brody Grant
01a02690-22e5-74eb-8ac8-9ef64ce8174f;Angels Above Me;01a02690-0cc2-7141-b12f-2ee7172f4a06;Broers
01a02690-22e5-74eb-8ac8-9ef7bdf7236b;The Call;01a02690-0cc2-7141-b12f-2ee8114ca715;Broken Social Scene
01a02690-22e5-74eb-8ac8-9ef85e716848;Hate Me All You Want;01a02690-0cc2-7141-b12f-2ee948289a10;Broken Trails
01a02690-22e5-74eb-8ac8-9ef92aa9e967;Smalltown Boy;01a02690-0cc2-7141-b12f-2eea07aa8354;Bronski Beat
01a02690-22e5-74eb-8ac8-9efa3403add9;How Can I Tell You;01a02690-0cc2-7141-b12f-2eeb3860680d;Brooke Combe
01a02690-22e5-74eb-8ac8-9efb31c0ef7f;Love Was Made of Stone;01a02690-0cc2-7141-b12f-2eeb3860680d;Brooke Combe
01a02690-22e5-74eb-8ac8-9efc9c6c25f1;Only in America;01a02690-0cc2-7141-b12f-2eec5f39ca3f;Brooks
01a02690-22e5-74eb-8ac8-9efd57420af2;Remember the Dance;01a02690-0cc2-7141-b12f-2eed978fa3cc;Brother Joe
01a02690-22e5-74eb-8ac8-9efe311fd00d;Now We Are Free;01a02690-0cc2-7141-b12f-2eee651b10cf;Bruce Fowler
01a02690-22e5-74eb-8ac8-9eff7b058a65;A Rainy Night in Soho;01a02690-0cc2-7141-b12f-2eef58ce80bc;Bruce Springsteen
01a02690-22e5-74eb-8ac8-9f00d3eaae31;Born In the U.S.A.;01a02690-0cc2-7141-b12f-2eef58ce80bc;Bruce Springsteen
01a02690-22e5-74eb-8ac8-9f0168b23913;Jersey Girl;01a02690-0cc2-7141-b12f-2eef58ce80bc;Bruce Springsteen
01a02690-22e5-74eb-8ac8-9f0209f75c6b;Streets of Minneapolis;01a02690-0cc2-7141-b12f-2eef58ce80bc;Bruce Springsteen
01a02690-22e5-74eb-8ac8-9f03f7f7a2e2;Streets of Philadelphia;01a02690-0cc2-7141-b12f-2eef58ce80bc;Bruce Springsteen
01a02690-22e5-74eb-8ac8-9f045f69ded8;APT.;01a02690-0cc2-7141-b12f-2ef02528de63;Bruno Mars
01a02690-22e5-74eb-8ac8-9f0554c31d37;Cha Cha Cha;01a02690-0cc2-7141-b12f-2ef02528de63;Bruno Mars
01a02690-22e5-74eb-8ac8-9f062c63c45a;Count On Me;01a02690-0cc2-7141-b12f-2ef02528de63;Bruno Mars
01a02690-22e5-74eb-8ac8-9f07fd2430de;Dance With Me;01a02690-0cc2-7141-b12f-2ef02528de63;Bruno Mars
01a02690-22e5-74eb-8ac8-9f085772af1a;Die With A Smile;01a02690-0cc2-7141-b12f-2ef02528de63;Bruno Mars
01a02690-22e5-74eb-8ac8-9f09f22636d4;God Was Showing Off;01a02690-0cc2-7141-b12f-2ef02528de63;Bruno Mars
01a02690-22e5-74eb-8ac8-9f0a7263ab3a;I Just Might;01a02690-0cc2-7141-b12f-2ef02528de63;Bruno Mars
01a02690-22e5-74eb-8ac8-9f0bcf3f0f59;Just the Way You Are;01a02690-0cc2-7141-b12f-2ef02528de63;Bruno Mars
01a02690-22e5-74eb-8ac8-9f0c6827fc7d;Locked Out of Heaven;01a02690-0cc2-7141-b12f-2ef02528de63;Bruno Mars
01a02690-22e5-74eb-8ac8-9f0d4d99dace;On My Soul;01a02690-0cc2-7141-b12f-2ef02528de63;Bruno Mars
01a02690-22e5-74eb-8ac8-9f0edc6989c7;Risk It All;01a02690-0cc2-7141-b12f-2ef02528de63;Bruno Mars
01a02690-22e5-74eb-8ac8-9f0fa61cc480;Something Serious;01a02690-0cc2-7141-b12f-2ef02528de63;Bruno Mars
01a02690-22e5-74eb-8ac8-9f10664bfb0c;Still;01a02690-0cc2-7141-b12f-2ef02528de63;Bruno Mars
01a02690-22e5-74eb-8ac8-9f11dacdcaf0;Why You Wanna Fight;01a02690-0cc2-7141-b12f-2ef02528de63;Bruno Mars
01a02690-22e5-74eb-8ac8-9f12df187a6a;51st State;01a02690-0cc2-7141-b12f-2ef147251402;Bryan Adams
01a02690-22e5-74eb-8ac8-9f13776d55a8;Heaven;01a02690-0cc2-7141-b12f-2ef147251402;Bryan Adams
01a02690-22e5-74eb-8ac8-9f146f04df15;Summer of '69;01a02690-0cc2-7141-b12f-2ef147251402;Bryan Adams
01a02690-22e5-74eb-8ac8-9f15a134293b;Mortality's Tenderness;01a02690-0cc2-7141-b12f-2ef2d8b36426;Bu Cai
01a02690-22e5-74eb-8ac8-9f162d6d0d75;Falling Leaf;01a02690-0cc2-7141-b12f-2ef30329fc1d;Bud Ross and The Asylum
01a02690-22e5-74eb-8ac8-9f17119ecb0d;Gentleman;01a02690-0cc2-7141-b12f-2ef40d022700;Budjerah
01a02690-22e3-7064-9388-101f2afd6f0d;VOLTAGE;01a02690-0cc2-7141-b12f-2ef59d6477bd;Buena Vista (CV: Fuka Izumi)
01a02690-22e5-74eb-8ac8-9f18e62f5856;For What It's Worth;01a02690-0cc2-7141-b12f-2ef6d858eda1;Buffalo Springfield
01a02690-22e5-74eb-8ac8-9f199c1cfb71;Luckiest Man Alive;01a02690-0cc2-7141-b12f-2ef7f672af86;Buffalo Traffic Jam
01a02690-22e5-74eb-8ac8-9f1a013b5bd3;Butterflies;01a02690-0cc2-7141-b12f-2ef846bc7267;Buju Banton
01a02690-22e5-74eb-8ac8-9f1ba565fb8e;Dai Dai;01a02690-0cc2-7141-b12f-2ef9482717e9;Burna Boy
01a02690-22e5-74eb-8ac8-9f1c2707578a;Für immer jung;01a02690-0cc2-7141-b12f-2efa01347715;Bushido
01a02690-22e5-74eb-8ac8-9f1dd924c26c;Play If You Want;01a02690-0cc2-7141-b12f-2efbecfd39c6;Busta Rhymes
01a02690-22e5-74eb-8ac8-9f1eb56a7631;Double Vision;01a02690-0cc2-7141-b12f-2efc0ab13a06;By the Beat
01a02690-22e5-74eb-8ac8-9f1f569eb7df;Шадэ;01a02690-0cc2-7141-b12f-2efd784042b6;By Индия
01a02690-22e5-74eb-8ac8-9f20e55adbb1;Wolfsherz;01a02690-0cc2-7141-b12f-2efeb26044b0;Bülent Ceylan
01a02690-22e5-74eb-8ac8-9f21d839c583;Bのリベンジ;01a02690-0cc2-7141-b12f-2eff329bbedf;B小町 ルビー(CV:伊駒ゆりえ)、有馬かな(CV:潘めぐみ)、MEMちょ(CV:大久保瑠美)
01a02690-22e5-74eb-8ac8-9f22b30803d8;So Strung Out;01a02690-0cc2-7141-b12f-2f00379ef2d4;C-Block
01a02690-22e5-74eb-8ac8-9f234ec0eb89;Awakened;01a02690-0cc2-7141-b12f-2f01a9b42506;C.FIRST
01a02690-22e5-74eb-8ac8-9f2427c9ebaf;Frost Dream;01a02690-0cc2-7141-b12f-2f02a840c216;CAMUS(CV.Tomoaki Maeno)
01a02690-22e5-74eb-8ac8-9f255447b2a8;「Romantic days」;01a02690-0cc2-7141-b12f-2f02a840c216;CAMUS(CV.Tomoaki Maeno)
01a02690-22e5-74eb-8ac8-9f2657fe1a9c;メガLOVEハッピーワールド;01a02690-0cc2-7141-b12f-2f02a840c216;CAMUS(CV.Tomoaki Maeno)
01a02690-22e5-74eb-8ac8-9f2708c74f49;BAIBAIFIGHT;01a02690-0cc2-7141-b12f-2f03b7e3b62a;CANDY TUNE
01a02690-22e5-74eb-8ac8-9f28f889de39;Focus on me;01a02690-0cc2-7141-b12f-2f04c91f75f8;CHA Eun-woo
01a02690-22e5-74eb-8ac8-9f2948bfcd9e;Love so Fine;01a02690-0cc2-7141-b12f-2f04c91f75f8;CHA Eun-woo
01a02690-22e5-74eb-8ac8-9f2a2f88bea2;โชคดีที่สุดเลย;01a02690-0cc2-7141-b12f-2f05c551549b;CHARLOTTE AUSTIN
01a02690-22e5-74eb-8ac8-9f2bf80ca39f;Nobody's Side;01a02690-0cc2-7141-b12f-2f0656beda49;CHESS 2025 Broadway Company
01a02690-22e3-7064-9388-0fba5453cf26;Pity the Child;01a02690-0cc2-7141-b12f-2f0656beda49;CHESS 2025 Broadway Company
01a02690-22e3-7064-9388-0fe0f6aabf71;Papaoutai;01a02690-0cc2-7141-b12f-2f0714018696;CHOIR VERSION
01a02690-22e5-74eb-8ac8-9f2ccd53be85;SO IT GOES;01a02690-0cc2-7141-b12f-2f08021eebfa;CHONDE STUDIOS
01a02690-22e5-74eb-8ac8-9f2d33a44693;Love Nwantiti;01a02690-0cc2-7141-b12f-2f0962b7b73a;CKay
01a02690-22e5-74eb-8ac8-9f2e76421d73;Still, a Flower;01a02690-0cc2-7141-b12f-2f0a05375421;CNBLUE
01a02690-22e5-74eb-8ac8-9f2f3d152ab9;Esto Es México;01a02690-0cc2-7141-b12f-2f0b6d8221bd;CORAY
01a02690-22e4-7376-a60c-b9698b56a49c;GO;01a02690-0cc2-7141-b12f-2f0cf720b3d9;CORTIS
01a02690-22e5-74eb-8ac8-9f30b160332b;JoyRide;01a02690-0cc2-7141-b12f-2f0cf720b3d9;CORTIS
01a02690-22e5-74eb-8ac8-9f3147df5181;MOTION;01a02690-0cc2-7141-b12f-2f0cf720b3d9;CORTIS
01a02690-22e5-74eb-8ac8-9f32db418fe8;Mention Me;01a02690-0cc2-7141-b12f-2f0cf720b3d9;CORTIS
01a02690-22e5-74eb-8ac8-9f33a6fa1315;REDRED;01a02690-0cc2-7141-b12f-2f0cf720b3d9;CORTIS
01a02690-22e5-74eb-8ac8-9f3490e2328e;TANZSCHEIN;01a02690-0cc2-7141-b12f-2f0d837d7785;COSMÓ
01a02690-22e5-74eb-8ac8-9f359476b76b;Ever and Ever Before;01a02690-0cc2-7141-b12f-2f0e60a465fd;COUNTRY
01a02690-22e5-74eb-8ac8-9f3664da25ac;alle;01a02690-0cc2-7141-b12f-2f0e60a465fd;COUNTRY
01a02690-22e5-74eb-8ac8-9f37eb56c1d3;what if i told you;01a02690-0cc2-7141-b12f-2f0e60a465fd;COUNTRY
01a02690-22e5-74eb-8ac8-9f38485e26a4;Haaland;01a02690-0cc2-7141-b12f-2f0f5b1e1cd2;CTID
01a02690-22e5-74eb-8ac8-9f3912c65868;ナイスだね;01a02690-0cc2-7141-b12f-2f108374873d;CUTIE STREET
01a02690-22e5-74eb-8ac8-9f3a870b4064;All it Takes is One Bad Day;01a02690-0cc2-7141-b12f-2f116c71e4a1;CZARFACE
01a02690-22e5-74eb-8ac8-9f3ba72be3db;Una mattina;01a02690-0cc2-7141-b12f-2f120b16571c;Café del mundo
01a02690-22e5-74eb-8ac8-9f3c81127766;Bad Things;01a02690-0cc2-7141-b12f-2f133049ece4;Cailin Russo
01a02690-22e5-74eb-8ac8-9f3d0e21acac;Don't Tread On Me;01a02690-0cc2-7141-b12f-2f1482fc68cd;Cain Walker
01a02690-22e5-74eb-8ac8-9f3e58024661;I Don't Care;01a02690-0cc2-7141-b12f-2f1482fc68cd;Cain Walker
01a02690-22e4-7376-a60c-b9ba402ce7c3;Silver Night;01a02690-0cc2-7141-b12f-2f15679c1a84;Calem OG
01a02690-22e5-74eb-8ac8-9f3fdc06afde;Nothing Can Break Me Anymore;01a02690-0cc2-7141-b12f-2f16e5024c43;Calen Ward
01a02690-22e4-7376-a60c-b9e262e79eac;Meteo-Right;01a02690-0cc2-7141-b12f-2f172666acaf;Calstone Light O (CV: Yumiko Mochizuki)
01a02690-22e5-74eb-8ac8-9f40803483fe;O Light O;01a02690-0cc2-7141-b12f-2f172666acaf;Calstone Light O (CV: Yumiko Mochizuki)
01a02690-22e5-74eb-8ac8-9f414871ab1c;TRACEN RAMEN;01a02690-0cc2-7141-b12f-2f172666acaf;Calstone Light O (CV: Yumiko Mochizuki)
01a02690-22e5-74eb-8ac8-9f4204685293;Dancing on My Own;01a02690-0cc2-7141-b12f-2f1883573743;Calum Scott
01a02690-22e5-74eb-8ac8-9f439f1468b1;Stay;01a02690-0cc2-7141-b12f-2f1883573743;Calum Scott
01a02690-22e3-7064-9388-0ff219c7c8ef;Unsteady;01a02690-0cc2-7141-b12f-2f1883573743;Calum Scott
01a02690-22e5-74eb-8ac8-9f4448e8ce45;You Are the Reason;01a02690-0cc2-7141-b12f-2f1883573743;Calum Scott
01a02690-22e5-74eb-8ac8-9f4547c96588;Blessings;01a02690-0cc2-7141-b12f-2f199d1de787;Calvin Harris
01a02690-22e5-74eb-8ac8-9f46ad51d533;Release The Pressure;01a02690-0cc2-7141-b12f-2f199d1de787;Calvin Harris
01a02690-22e5-74eb-8ac8-9f477e2ec218;Satisfy;01a02690-0cc2-7141-b12f-2f199d1de787;Calvin Harris
01a02690-22e5-74eb-8ac8-9f4843c64556;3 x KO;01a02690-0cc2-7141-b12f-2f1a763e1031;Calvin Kleinen
01a02690-22e5-74eb-8ac8-9f493910da32;Kingdom of Fear;01a02690-0cc2-7141-b12f-2f1b2082039e;Cameron Whitcomb
01a02690-22e5-74eb-8ac8-9f4a0a90841a;The Hard Way;01a02690-0cc2-7141-b12f-2f1b2082039e;Cameron Whitcomb
01a02690-22e5-74eb-8ac8-9f4bc81562be;Want For Nothing;01a02690-0cc2-7141-b12f-2f1b2082039e;Cameron Whitcomb
01a02690-22e5-74eb-8ac8-9f4cd1ce08ca;N'insiste pas;01a02690-0cc2-7141-b12f-2f1c62a7d09a;Camille Lellouche
01a02690-22e5-74eb-8ac8-9f4d1691bcba;J'me manque à moi aussi;01a02690-0cc2-7141-b12f-2f1d9dc558d7;Camille Marceau
01a02690-22e5-74eb-8ac8-9f4e6c5adcc9;Highland Runaway;01a02690-0cc2-7141-b12f-2f1e51c44487;Cammy Barnes
01a02690-22e5-74eb-8ac8-9f4f829ddd3e;Young Hearts Run Free;01a02690-0cc2-7141-b12f-2f1f224a792d;Candi Staton
01a02690-22e5-74eb-8ac8-9f5096c834ae;Impolie;01a02690-0cc2-7141-b12f-2f20ac2d93a4;Candice
01a02690-22e4-7376-a60c-b963d5e4643e;Rescue Me;01a02690-0cc2-7141-b12f-2f2125b3653b;Candle
01a02690-22e5-74eb-8ac8-9f51e0c50fa8;Light as a Feather;01a02690-0cc2-7141-b12f-2f228a730b9d;Cannons
01a02690-22e5-74eb-8ac8-9f52c1c08d63;These Nights;01a02690-0cc2-7141-b12f-2f228a730b9d;Cannons
01a02690-22e5-74eb-8ac8-9f53f4042307;Ghetto Superstars;01a02690-0cc2-7141-b12f-2f234f66b339;Capital Bra
01a02690-22e5-74eb-8ac8-9f54c62cdd95;Sonne über Berlin;01a02690-0cc2-7141-b12f-2f234f66b339;Capital Bra
01a02690-22e5-74eb-8ac8-9f558ce6c9ae;AH HA;01a02690-0cc2-7141-b12f-2f2463dfb9b6;Cardi B
01a02690-22e4-7376-a60c-b9aed199bc22;I Like It;01a02690-0cc2-7141-b12f-2f2463dfb9b6;Cardi B
01a02690-22e5-74eb-8ac8-9f560272ece6;La recette;01a02690-0cc2-7141-b12f-2f2539fa9053;Carla
01a02690-22e5-74eb-8ac8-9f57d187fd39;M'envoler;01a02690-0cc2-7141-b12f-2f2539fa9053;Carla
01a02690-22e3-7064-9388-0fffa32fb404;Sin Despedida;01a02690-0cc2-7141-b12f-2f26e7d9d6dd;Carlos Rivera
01a02690-22e5-74eb-8ac8-9f5831c873a8;Happy For Myself;01a02690-0cc2-7141-b12f-2f2796fb7418;Carly Pearce
01a02690-22e5-74eb-8ac8-9f593808a173;If I Don't Leave I'm Gonna Stay;01a02690-0cc2-7141-b12f-2f2796fb7418;Carly Pearce
01a02690-22e5-74eb-8ac8-9f5a7fe8c388;What If You Loved Me;01a02690-0cc2-7141-b12f-2f2796fb7418;Carly Pearce
01a02690-22e5-74eb-8ac8-9f5b1d67c378;After All;01a02690-0cc2-7141-b12f-2f2889ee0c13;Carly Rae Jepsen
01a02690-22e5-74eb-8ac8-9f5cab13d61f;Don’t Leave Me on the Dance Floor;01a02690-0cc2-7141-b12f-2f2889ee0c13;Carly Rae Jepsen
01a02690-22e5-74eb-8ac8-9f5d3ce53ab1;Motivation;01a02690-0cc2-7141-b12f-2f2889ee0c13;Carly Rae Jepsen
01a02690-22e5-74eb-8ac8-9f5e9f9a758d;On Wires;01a02690-0cc2-7141-b12f-2f2889ee0c13;Carly Rae Jepsen
01a02690-22e5-74eb-8ac8-9f5f6e03d615;Coming Around Again;01a02690-0cc2-7141-b12f-2f298cf97d68;Carly Simon
01a02690-22e5-74eb-8ac8-9f6025ae802a;Nobody Does It Better;01a02690-0cc2-7141-b12f-2f298cf97d68;Carly Simon
01a02690-22e5-74eb-8ac8-9f61d944bf57;Peaches;01a02690-0cc2-7141-b12f-2f298cf97d68;Carly Simon
01a02690-22e5-74eb-8ac8-9f62ceb3c0eb;You're So Vain;01a02690-0cc2-7141-b12f-2f298cf97d68;Carly Simon
01a02690-22e5-74eb-8ac8-9f63e5dc3d1a;Diamanti;01a02690-0cc2-7141-b12f-2f2a039cc57b;Carmelo Travia
01a02690-22e5-74eb-8ac8-9f6408d17df9;Hund und Bam;01a02690-0cc2-7141-b12f-2f2b6cd87301;Caro Fux
01a02690-22e5-74eb-8ac8-9f65f1430d29;33 Max Verstappen;01a02690-0cc2-7141-b12f-2f2c747bc85c;Carte Blanq
01a02690-22e6-772f-ba89-ec213ab4681c;That's When You Know;01a02690-0cc2-7141-b12f-2f2df26f77ea;Carter Faith
01a02690-22e6-772f-ba89-ec22a90422fc;Desde Que Te Tengo;01a02690-0cc2-7141-b12f-2f2e8dc71acf;Carín León
01a02690-22e6-772f-ba89-ec23eb9e57fb;Love To Be Loved;01a02690-0cc2-7141-b12f-2f2e8dc71acf;Carín León
01a02690-22e6-772f-ba89-ec2413f8f676;Qué Andas Haciendo;01a02690-0cc2-7141-b12f-2f2e8dc71acf;Carín León
01a02690-22e6-772f-ba89-ec25f02099d4;YOUtopia;01a02690-0cc2-7141-b12f-2f2fcb0fc68d;Cascada
01a02690-22e6-772f-ba89-ec26757776b9;boy you turn me;01a02690-0cc2-7141-b12f-2f2fcb0fc68d;Cascada
01a02690-22e6-772f-ba89-ec274e98a734;deep;01a02690-0cc2-7141-b12f-2f304e44acd3;Casey Lowery
01a02690-22e6-772f-ba89-ec289ee142cb;Father and Son;01a02690-0cc2-7141-b12f-2f31c859dfdf;Cat Stevens
01a02690-22e6-772f-ba89-ec29d8af77e9;Goodness of God;01a02690-0cc2-7141-b12f-2f32ab80a3f1;CeCe Winans
01a02690-22e3-7064-9388-0fbda77815d9;Kâbe'de Hacılar;01a02690-0cc2-7141-b12f-2f337c2bcac9;Celal Karatüre
01a02690-22e6-772f-ba89-ec2a5b114133;Paradies;01a02690-0cc2-7141-b12f-2f346377f17c;Cellar Kid
01a02690-22e6-772f-ba89-ec2bf8252753;El día verde;01a02690-0cc2-7141-b12f-2f35c208b3ab;Cepeda
01a02690-22e6-772f-ba89-ec2c59ca8f69;Please Remember;01a02690-0cc2-7141-b12f-2f36f9ce2e2b;Cha Eun-Woo
01a02690-22e6-772f-ba89-ec2da7720f60;Boogie's in My Soul;01a02690-0cc2-7141-b12f-2f37236eba02;Chaka Khan
01a02690-22e6-772f-ba89-ec2eceac70f2;Alleluia;01a02690-0cc2-7141-b12f-2f38ea40f851;Chandler Moore
01a02690-22e6-772f-ba89-ec2fcd00a1bc;God I'm Just Grateful;01a02690-0cc2-7141-b12f-2f38ea40f851;Chandler Moore
01a02690-22e6-772f-ba89-ec306d4d3daf;Morni;01a02690-0cc2-7141-b12f-2f39244ed79b;Chani Nattan
01a02690-22e6-772f-ba89-ec316277255e;Let you go;01a02690-0cc2-7141-b12f-2f3aaa25cc0d;Chanmina
01a02690-22e6-772f-ba89-ec320fc5dd55;Sad Song;01a02690-0cc2-7141-b12f-2f3aaa25cc0d;Chanmina
01a02690-22e6-772f-ba89-ec333f3f2d16;TEST ME;01a02690-0cc2-7141-b12f-2f3aaa25cc0d;Chanmina
01a02690-22e6-772f-ba89-ec34fb21b554;Stay With Me;01a02690-0cc2-7141-b12f-2f3ba9a3c925;Chanyeol
01a02690-22e6-772f-ba89-ec3558c7c090;Good Luck, Babe;01a02690-0cc2-7141-b12f-2f3c59d45df3;Chappell Roan
01a02690-22e6-772f-ba89-ec36be658577;Pink Pony Club;01a02690-0cc2-7141-b12f-2f3c59d45df3;Chappell Roan
01a02690-22e6-772f-ba89-ec37d6633686;The Subway;01a02690-0cc2-7141-b12f-2f3c59d45df3;Chappell Roan
01a02690-22e6-772f-ba89-ec38d913dac0;Salz;01a02690-0cc2-7141-b12f-2f3d3336d2c1;Chapter 7
01a02690-22e4-7376-a60c-b9a1c625b954;Title Track;01a02690-0cc2-7141-b12f-2f3ee7aa41dd;Charanjit Ahuja
01a02690-22e6-772f-ba89-ec39d9f11aa7;Emmenez-moi;01a02690-0cc2-7141-b12f-2f3faab2f05f;Charles Aznavour
01a02690-22e6-772f-ba89-ec3a3bfeb591;Au revoir au départ;01a02690-0cc2-7141-b12f-2f400291ec9e;Charles Doré
01a02690-22e6-772f-ba89-ec3baa5ceee3;Always Everywhere;01a02690-0cc2-7141-b12f-2f41ee3a4d24;Charli xcx
01a02690-22e6-772f-ba89-ec3c20deca63;Camera;01a02690-0cc2-7141-b12f-2f41ee3a4d24;Charli xcx
01a02690-22e6-772f-ba89-ec3dc0c98969;Chains of Love;01a02690-0cc2-7141-b12f-2f41ee3a4d24;Charli xcx
01a02690-22e6-772f-ba89-ec3e458c1866;Wall of Sound;01a02690-0cc2-7141-b12f-2f41ee3a4d24;Charli xcx
01a02690-22e6-772f-ba89-ec3f3eed4d5f;Wink Wink;01a02690-0cc2-7141-b12f-2f41ee3a4d24;Charli xcx
01a02690-22e6-772f-ba89-ec4003ce06ff;Attention;01a02690-0cc2-7141-b12f-2f42916a4d67;Charlie Puth
01a02690-22e6-772f-ba89-ec4101401d45;Beat Yourself Up;01a02690-0cc2-7141-b12f-2f42916a4d67;Charlie Puth
01a02690-22e6-772f-ba89-ec42a4841831;Cry;01a02690-0cc2-7141-b12f-2f42916a4d67;Charlie Puth
01a02690-22e6-772f-ba89-ec4344e1d294;Home;01a02690-0cc2-7141-b12f-2f42916a4d67;Charlie Puth
01a02690-22e6-772f-ba89-ec4407595092;Love In Exile;01a02690-0cc2-7141-b12f-2f42916a4d67;Charlie Puth
01a02690-22e6-772f-ba89-ec457d66f63f;We Don’t Talk Anymore;01a02690-0cc2-7141-b12f-2f42916a4d67;Charlie Puth
01a02690-22e6-772f-ba89-ec4625d9070d;Beer Don't Lie;01a02690-0cc2-7141-b12f-2f432b3d0a80;Charlie Reece
01a02690-22e6-772f-ba89-ec47e604b112;Anyone Who Loves Me;01a02690-0cc2-7141-b12f-2f44d88ee04d;Charlotte Cardin
01a02690-22e6-772f-ba89-ec480a566c8d;Feel Good;01a02690-0cc2-7141-b12f-2f44d88ee04d;Charlotte Cardin
01a02690-22e6-772f-ba89-ec499f3fc58e;Take Me Back;01a02690-0cc2-7141-b12f-2f44d88ee04d;Charlotte Cardin
01a02690-22e6-772f-ba89-ec4a48b70571;Tant pis pour elle;01a02690-0cc2-7141-b12f-2f44d88ee04d;Charlotte Cardin
01a02690-22e6-772f-ba89-ec4b433dcf78;The Way We Touch;01a02690-0cc2-7141-b12f-2f44d88ee04d;Charlotte Cardin
01a02690-22e6-772f-ba89-ec4c02a8513c;Disgruntled;01a02690-0cc2-7141-b12f-2f45e0e31338;Chase
01a02690-22e6-772f-ba89-ec4dfffce82f;Autopilot;01a02690-0cc2-7141-b12f-2f46abe41739;Chase Matthew
01a02690-22e6-772f-ba89-ec4e0eaf2343;Bailando Bachata;01a02690-0cc2-7141-b12f-2f47fe5c36c2;Chayanne
01a02690-22e6-772f-ba89-ec4fd5efc7b4;Seethe;01a02690-0cc2-7141-b12f-2f4862021162;Chelsea Wolfe
01a02690-22e4-7376-a60c-b9b401049889;Me Porto Bonito;01a02690-0cc2-7141-b12f-2f49a417b3cd;Chencho Corleone
01a02690-22e6-772f-ba89-ec508fbafca9;Lamipus;01a02690-0cc2-7141-b12f-2f4aa1f98ff1;Chevon
01a02690-22e6-772f-ba89-ec51ad57e83c;Personal Rock N' Roll;01a02690-0cc2-7141-b12f-2f4b109bb7ad;Chez Kane
01a02690-22e6-772f-ba89-ec52e48717e1;margaritas;01a02690-0cc2-7141-b12f-2f4cd048b917;Chiara Oliver
01a02690-22e6-772f-ba89-ec539db64859;no fue real;01a02690-0cc2-7141-b12f-2f4cd048b917;Chiara Oliver
01a02690-22e6-772f-ba89-ec54919b49fc;Saturday In the Park;01a02690-0cc2-7141-b12f-2f4d5bcf637e;Chicago
01a02690-22e6-772f-ba89-ec557b2e1065;Saltwater;01a02690-0cc2-7141-b12f-2f4ed1a94455;Chicane
01a02690-22e3-7064-9388-0fe0f6aabf71;Papaoutai;01a02690-0cc2-7141-b12f-2f4fac63c430;Chill77
01a02690-22e6-772f-ba89-ec56753efc89;Unknown Unbound;01a02690-0cc2-7141-b12f-2f5005a42574;China Kuramoto
01a02690-22e6-772f-ba89-ec5780eb591a;I Love Me, Loud;01a02690-0cc2-7141-b12f-2f51282614ed;China Styles
01a02690-22e3-7064-9388-104ca4d99290;Aaja Raja;01a02690-0cc2-7141-b12f-2f52a0ee7906;Chintu
01a02690-22e6-772f-ba89-ec5826e0cce8;ハッピーサマーバレンタイン(アニメ「新テニスの王子様」);01a02690-0cc2-7141-b12f-2f53a05ae64b;Chitose Senri(CV:Jun Osuka)
01a02690-22e6-772f-ba89-ec2eceac70f2;Alleluia;01a02690-0cc2-7141-b12f-2f54c06c8c91;Chris Brown
01a02690-22e6-772f-ba89-ec59b788f1cb;Holy Blindfold;01a02690-0cc2-7141-b12f-2f54c06c8c91;Chris Brown
01a02690-22e6-772f-ba89-ec5ac2790343;It Depends;01a02690-0cc2-7141-b12f-2f54c06c8c91;Chris Brown
01a02690-22e6-772f-ba89-ec5b048a3efb;Just the Bro;01a02690-0cc2-7141-b12f-2f54c06c8c91;Chris Brown
01a02690-22e6-772f-ba89-ec5c1d050d52;Man On A Mission;01a02690-0cc2-7141-b12f-2f54c06c8c91;Chris Brown
01a02690-22e6-772f-ba89-ec5d7ed81f2f;Nthn2tlkbout;01a02690-0cc2-7141-b12f-2f54c06c8c91;Chris Brown
01a02690-22e6-772f-ba89-ec5ee664dbe1;Obvious;01a02690-0cc2-7141-b12f-2f54c06c8c91;Chris Brown
01a02690-22e6-772f-ba89-ec5f7e7aefa7;wgft;01a02690-0cc2-7141-b12f-2f54c06c8c91;Chris Brown
01a02690-22e6-772f-ba89-ec60cab4d465;Wicked Game;01a02690-0cc2-7141-b12f-2f55c15e2d17;Chris Isaak
01a02690-22e4-7376-a60c-b99ca0c73ca8;Opalite;01a02690-0cc2-7141-b12f-2f56793081d4;Chris Lake
01a02690-22e6-772f-ba89-ec61f4460c82;Lifelines;01a02690-0cc2-7141-b12f-2f57159f2525;Chris Norman
01a02690-22e6-772f-ba89-ec624891a17b;Stumblin' In;01a02690-0cc2-7141-b12f-2f57159f2525;Chris Norman
01a02690-22e6-772f-ba89-ec631357e49f;A Song To Sing;01a02690-0cc2-7141-b12f-2f58f2ef3f3d;Chris Stapleton
01a02690-22e6-772f-ba89-ec64d02c9adb;Here;01a02690-0cc2-7141-b12f-2f58f2ef3f3d;Chris Stapleton
01a02690-22e6-772f-ba89-ec65f60307bf;Tennessee Whiskey;01a02690-0cc2-7141-b12f-2f58f2ef3f3d;Chris Stapleton
01a02690-22e6-772f-ba89-ec669b9ee7ba;Bad Company;01a02690-0cc2-7141-b12f-2f59bdb9d4e3;Chris Webby
01a02690-22e6-772f-ba89-ec671e55eb2f;Down The Road;01a02690-0cc2-7141-b12f-2f59bdb9d4e3;Chris Webby
01a02690-22e6-772f-ba89-ec6810a841f6;Instigator;01a02690-0cc2-7141-b12f-2f59bdb9d4e3;Chris Webby
01a02690-22e6-772f-ba89-ec699b266ed2;Still By The Roadside;01a02690-0cc2-7141-b12f-2f5aec8b2c9b;Chris mercy
01a02690-22e6-772f-ba89-ec6a5920e5af;Echoes of You;01a02690-0cc2-7141-b12f-2f5b8f9b2fbb;Chrissy Meechan
01a02690-22e6-772f-ba89-ec6b79fcb9d8;Erkläre mir die Liebe;01a02690-0cc2-7141-b12f-2f5cf5de3b13;Chrissyjeey
01a02690-22e6-772f-ba89-ec6cd941812e;Das neue Jahr;01a02690-0cc2-7141-b12f-2f5df5882e57;Christian Steiffen
01a02690-22e6-772f-ba89-ec6d761b5409;Call Me, Beep Me;01a02690-0cc2-7141-b12f-2f5ef426b98d;Christina Milian
01a02690-22e6-772f-ba89-ec6ef4369461;A Thousand Years;01a02690-0cc2-7141-b12f-2f5f9933a382;Christina Perri
01a02690-22e6-772f-ba89-ec6f7cca1d29;50 ans déjà;01a02690-0cc2-7141-b12f-2f60095363b7;Christophe Maé
01a02690-22e6-772f-ba89-ec70f19bee98;La boutique des rêves;01a02690-0cc2-7141-b12f-2f60095363b7;Christophe Maé
01a02690-22e6-772f-ba89-ec712489feeb;La lune;01a02690-0cc2-7141-b12f-2f60095363b7;Christophe Maé
01a02690-22e6-772f-ba89-ec722301f9e3;Sailing;01a02690-0cc2-7141-b12f-2f61b6af18d8;Christopher Cross
01a02690-22e6-772f-ba89-ec738dd6369a;Endless Showtime;01a02690-0cc2-7141-b12f-2f62516b521b;ChroNoiR
01a02690-22e6-772f-ba89-ec74c71151b5;Gasoline;01a02690-0cc2-7141-b12f-2f63c819ad6e;Cigarettes @ Sunset
01a02690-22e6-772f-ba89-ec75f470c2cf;The Wise Man's Song;01a02690-0cc2-7141-b12f-2f6424960b4c;Cinder Well
01a02690-22e6-772f-ba89-ec76779f6ccd;In a Lifetime;01a02690-0cc2-7141-b12f-2f658b0620f6;Clannad
01a02690-22e6-772f-ba89-ec7747e47160;Theme from Harry's Game;01a02690-0cc2-7141-b12f-2f658b0620f6;Clannad
01a02690-22e3-7064-9388-0feeb0b91fdf;una voz;01a02690-0cc2-7141-b12f-2f661a02901b;Clara.H.
01a02690-22e6-772f-ba89-ec787749fae0;Die Liebe meines Lebens;01a02690-0cc2-7141-b12f-2f6701c96e70;Claudia Jung
01a02690-22e5-74eb-8ac8-9f4547c96588;Blessings;01a02690-0cc2-7141-b12f-2f68318d39c3;Clementine Douglas
01a02690-22e6-772f-ba89-ec79441ee527;Free Your Mind;01a02690-0cc2-7141-b12f-2f69892ecc51;Cloonee
01a02690-22e6-772f-ba89-ec7adaab9c76;Ballon;01a02690-0cc2-7141-b12f-2f6a53443c64;Clueso
01a02690-22e6-772f-ba89-ec7b7ae6ebc3;Immer wenn du nicht da bist;01a02690-0cc2-7141-b12f-2f6a53443c64;Clueso
01a02690-22e6-772f-ba89-ec7c9f88a14a;Minimum;01a02690-0cc2-7141-b12f-2f6a53443c64;Clueso
01a02690-22e6-772f-ba89-ec7db5d546b6;'Til You Can't;01a02690-0cc2-7141-b12f-2f6b7f95aa3e;Cody Johnson
01a02690-22e6-772f-ba89-ec7e60be7cd7;Blame Texas;01a02690-0cc2-7141-b12f-2f6b7f95aa3e;Cody Johnson
01a02690-22e6-772f-ba89-ec7f86d0d5da;Horseback;01a02690-0cc2-7141-b12f-2f6b7f95aa3e;Cody Johnson
01a02690-22e6-772f-ba89-ec80a65b9fad;I Want You;01a02690-0cc2-7141-b12f-2f6b7f95aa3e;Cody Johnson
01a02690-22e6-772f-ba89-ec818dd5b42c;The Fall;01a02690-0cc2-7141-b12f-2f6b7f95aa3e;Cody Johnson
01a02690-22e5-74eb-8ac8-9ee2f8f5754c;When A Cowboy Prays;01a02690-0cc2-7141-b12f-2f6b7f95aa3e;Cody Johnson
01a02690-22e6-772f-ba89-ec82185d1b88;Thunder Cash '69;01a02690-0cc2-7141-b12f-2f6c18373f54;Cody Parks and The Dirty South
01a02690-22e6-772f-ba89-ec83f5d939a1;Baby Blue;01a02690-0cc2-7141-b12f-2f6d3427ff63;Cody Simpson
01a02690-22e6-772f-ba89-ec84c02f0943;CRECIENDO DIARIAMENTE;01a02690-0cc2-7141-b12f-2f6e82f49de4;Cokito Deep
01a02690-22e6-772f-ba89-ec8526c3383b;A Sky Full of Stars;01a02690-0cc2-7141-b12f-2f6f1729aae9;Coldplay
01a02690-22e6-772f-ba89-ec86bd7a8fbe;Fix You;01a02690-0cc2-7141-b12f-2f6f1729aae9;Coldplay
01a02690-22e6-772f-ba89-ec87dbff4571;Viva la Vida;01a02690-0cc2-7141-b12f-2f6f1729aae9;Coldplay
01a02690-22e6-772f-ba89-ec88048e49f4;Yellow;01a02690-0cc2-7141-b12f-2f6f1729aae9;Coldplay
01a02690-22e6-772f-ba89-ec8997daad5a;Girl Dad;01a02690-0cc2-7141-b12f-2f706f9ac91b;Cole Swindell
01a02690-22e6-772f-ba89-ec8aa977e3db;The Best;01a02690-0cc2-7141-b12f-2f71c800795f;Conan Gray
01a02690-22e6-772f-ba89-ec8bb10b3e04;Joey;01a02690-0cc2-7141-b12f-2f72bc47ae1e;Concrete Blonde
01a02690-22e6-772f-ba89-ec8cb9bf87a2;My Pain;01a02690-0cc2-7141-b12f-2f7347eafdb6;Connor Skinner
01a02690-22e5-74eb-8ac8-9e9321fb36b3;Berghain;01a02690-0cc2-7141-b12f-2f74c834d5e1;Conrad Taylor
01a02690-22e6-772f-ba89-ec8d9e489a63;We Were Never the Same;01a02690-0cc2-7141-b12f-2f75a9c05d9c;Converge
01a02690-22e6-772f-ba89-ec8e933576f1;Gangsta's Paradise;01a02690-0cc2-7141-b12f-2f764ffa7b0b;Coolio
01a02690-22e6-772f-ba89-ec8f73c555da;IDEAR;01a02690-0cc2-7141-b12f-2f7749d051ba;Cooper Alan
01a02690-22e6-772f-ba89-ec90856c1ad8;Work;01a02690-0cc2-7141-b12f-2f7749d051ba;Cooper Alan
01a02690-22e6-772f-ba89-ec91cc14c042;Empty Words;01a02690-0cc2-7141-b12f-2f7891db88ee;Corey Kent
01a02690-22e6-772f-ba89-ec92113c8e3a;Put Your Records On;01a02690-0cc2-7141-b12f-2f79b58df2b4;Corinne Bailey Rae
01a02690-22e3-7064-9388-103a24eb5042;"Turandot: ""Nessun dorma""";01a02690-0cc2-7141-b12f-2f7ad741d301;Coro de la Comunitat Valenciana
01a02690-22e3-7064-9388-103b0cf1ae2c;Turandot: Nessun dorma;01a02690-0cc2-7141-b12f-2f7ad741d301;Coro de la Comunitat Valenciana
01a02690-22e6-772f-ba89-ec93ffbba0f0;You Or Me;01a02690-0cc2-7141-b12f-2f7bf8862d13;Corrosion of Conformity
01a02690-22e6-772f-ba89-ec94ce371c15;Not Broken;01a02690-0cc2-7141-b12f-2f7c71138abb;CortexUS
01a02690-22e6-772f-ba89-ec953eefb7f0;My Closest Friend;01a02690-0cc2-7141-b12f-2f7da4a4a1ac;Cory Asbury
01a02690-22e6-772f-ba89-ec962a088c5a;Only Ever;01a02690-0cc2-7141-b12f-2f7da4a4a1ac;Cory Asbury
01a02690-22e6-772f-ba89-ec97402eaf42;Shit show ringmaster;01a02690-0cc2-7141-b12f-2f7e6c7d2e98;Cory Larson
01a02690-22e6-772f-ba89-ec981f526c66;One More;01a02690-0cc2-7141-b12f-2f7f60362958;County Line Glow
01a02690-22e6-772f-ba89-ec99cbb734d6;Mantis;01a02690-0cc2-7141-b12f-2f807d5c6611;Courtney Barnett
01a02690-22e6-772f-ba89-ec9a53a5c97e;One Thing At A Time;01a02690-0cc2-7141-b12f-2f807d5c6611;Courtney Barnett
01a02690-22e6-772f-ba89-ec9b17ce0840;Sugar Plum;01a02690-0cc2-7141-b12f-2f807d5c6611;Courtney Barnett
01a02690-22e6-772f-ba89-ec9c98ca325a;A Bar Song;01a02690-0cc2-7141-b12f-2f81966b741d;CoverSideMusic
01a02690-22e6-772f-ba89-ec9d997c2feb;Coconut Dreams;01a02690-0cc2-7141-b12f-2f822ddb66ed;Cowboys and Indie
01a02690-22e6-772f-ba89-ec9e791a8d5e;New Heart;01a02690-0cc2-7141-b12f-2f83a1824a1f;Crash Adams
01a02690-22e6-772f-ba89-ec9f87f95494;Friday Magic;01a02690-0cc2-7141-b12f-2f84405e646f;Crazy Raccoon
01a02690-22e6-772f-ba89-eca0159de5f0;Fortunate Son;01a02690-0cc2-7141-b12f-2f8591ad4c90;Creedence Clearwater Revival
01a02690-22e5-74eb-8ac8-9ec5e24d8910;Have You Ever Seen the Rain;01a02690-0cc2-7141-b12f-2f8591ad4c90;Creedence Clearwater Revival
01a02690-22e6-772f-ba89-eca1871ebb52;Fright;01a02690-0cc2-7141-b12f-2f86832c9d46;Creepy Nuts
01a02690-22e6-772f-ba89-eca256e944d5;Running Wheel;01a02690-0cc2-7141-b12f-2f86832c9d46;Creepy Nuts
01a02690-22e6-772f-ba89-eca3f3b44516;2 PUÑALAITAS;01a02690-0cc2-7141-b12f-2f8703761099;Cristina Lora
01a02690-22e6-772f-ba89-eca4f4fdf6d6;MELODRAMMATICA;01a02690-0cc2-7141-b12f-2f8703761099;Cristina Lora
01a02690-22e6-772f-ba89-eca505cadf60;Diamond Girl;01a02690-0cc2-7141-b12f-2f8851c7c520;Crofts
01a02690-22e6-772f-ba89-eca67b8412e2;Summer Breeze;01a02690-0cc2-7141-b12f-2f8851c7c520;Crofts
01a02690-22e6-772f-ba89-eca7e377535e;We May Never Pass This Way;01a02690-0cc2-7141-b12f-2f8851c7c520;Crofts
01a02690-22e6-772f-ba89-eca85c2fad4d;Don't Dream It's Over;01a02690-0cc2-7141-b12f-2f89d9128ceb;Crowded House
01a02690-22e6-772f-ba89-eca9f14a2cdb;It Really Is Amazing Grace;01a02690-0cc2-7141-b12f-2f8a32d0d252;Crowder
01a02690-22e6-772f-ba89-ecaa6a2d11ef;There Is Power;01a02690-0cc2-7141-b12f-2f8a32d0d252;Crowder
01a02690-22e3-7064-9388-1067b8e2a0cb;Beautiful;01a02690-0cc2-7141-b12f-2f8b58154d3e;Crush
01a02690-22e6-772f-ba89-ecab5ab66070;Party an der Playa;01a02690-0cc2-7141-b12f-2f8ce88719f4;CubaAusLibre
01a02690-22e6-772f-ba89-ecac54b6f803;Karma Chameleon;01a02690-0cc2-7141-b12f-2f8d63f2139d;Culture Club
01a02690-22e6-772f-ba89-ecada4203d56;Girls Just Wanna Have Fun;01a02690-0cc2-7141-b12f-2f8e9386813a;Cyndi Lauper
01a02690-22e6-772f-ba89-ecaed8803c31;Girls Just Want to Have Fun;01a02690-0cc2-7141-b12f-2f8e9386813a;Cyndi Lauper
01a02690-22e6-772f-ba89-ecaf56389645;Time After Time;01a02690-0cc2-7141-b12f-2f8e9386813a;Cyndi Lauper
01a02690-22e6-772f-ba89-ec624891a17b;Stumblin' In;01a02690-0cc2-7141-b12f-2f8f05924fa7;Cyril
01a02690-22e6-772f-ba89-ecb00aa469fb;Beauty and the Beast;01a02690-0cc2-7141-b12f-2f90963ad722;Céline Dion
01a02690-22e6-772f-ba89-ecb1ee06cbe1;Bonjour, Pardon, Merci;01a02690-0cc2-7141-b12f-2f90963ad722;Céline Dion
01a02690-22e6-772f-ba89-ecb2155382f7;Dansons;01a02690-0cc2-7141-b12f-2f90963ad722;Céline Dion
01a02690-22e6-772f-ba89-ecb381ebf935;Hymne à l'amour;01a02690-0cc2-7141-b12f-2f90963ad722;Céline Dion
01a02690-22e6-772f-ba89-ecb4dafe19bc;I Surrender;01a02690-0cc2-7141-b12f-2f90963ad722;Céline Dion
01a02690-22e6-772f-ba89-ecb5cb73c3dc;I'm Alive;01a02690-0cc2-7141-b12f-2f90963ad722;Céline Dion
01a02690-22e6-772f-ba89-ecb6c9923446;Pour que tu m'aimes encore;01a02690-0cc2-7141-b12f-2f90963ad722;Céline Dion
01a02690-22e6-772f-ba89-ecb7d99afa5a;The Power of Love;01a02690-0cc2-7141-b12f-2f90963ad722;Céline Dion
01a02690-22e6-772f-ba89-ecb872eb6ac9;Think About Us;01a02690-0cc2-7141-b12f-2f91aa36c16f;D.O.D
01a02690-22e6-772f-ba89-ecb904bb2caa;Tenderism;01a02690-0cc2-7141-b12f-2f9250ab1b08;D12
01a02690-22e6-772f-ba89-ecba52722911;SI SE ACABA EL MUNDO;01a02690-0cc2-7141-b12f-2f93cad5d9fd;DANNA
01a02690-22e6-772f-ba89-ecbb93958588;Akogare No Zankyo;01a02690-0cc2-7141-b12f-2f94ccf1a137;DAZBEE
01a02690-22e6-772f-ba89-ecbc0f2cdafd;Guten Morgen Sportsfreunde;01a02690-0cc2-7141-b12f-2f955980a7d4;DDRMondbasis
01a02690-22e6-772f-ba89-ecbd8afe49b3;AL MIO PAESE;01a02690-0cc2-7141-b12f-2f96d991fd1d;DELIA
01a02690-22e4-7376-a60c-b93fd5f4a08f;All Night Long;01a02690-0cc2-7141-b12f-2f977b0fb3c0;DHENYS R J
01a02690-22e6-772f-ba89-ecbe9f3a9e8a;Dancing on the Ceiling Tonight;01a02690-0cc2-7141-b12f-2f98e3ff9f06;DJ BoBo
01a02690-22e6-772f-ba89-ecbf8ceac479;Pretty Belinda;01a02690-0cc2-7141-b12f-2f9922937b03;DJ BoerBeats
01a02690-22e6-772f-ba89-ecc0b5b0f7e6;The Starmer Song;01a02690-0cc2-7141-b12f-2f9a3054d622;DJ Brit Bangers
01a02690-22e6-772f-ba89-ecc10b6768e0;Die Engel Singen;01a02690-0cc2-7141-b12f-2f9b34a686af;DJ Chris Bernard
01a02690-22e6-772f-ba89-ecc2df828b4d;Laaa-la-laaa… la-la-laaa…;01a02690-0cc2-7141-b12f-2f9c8a2210af;DJ EVERIC
01a02690-22e6-772f-ba89-ecc34eda1018;Viva la México;01a02690-0cc2-7141-b12f-2f9d7182fe03;DJ Fabi Fiesta
01a02690-22e6-772f-ba89-ecc405d7872b;Mi Chico;01a02690-0cc2-7141-b12f-2f9e35021712;DJ Goja
01a02690-22e6-772f-ba89-ecc59d52e948;Dichavate;01a02690-0cc2-7141-b12f-2f9f31ecef6a;DJ Honda
01a02690-22e4-7376-a60c-b94a6ab498dd;Everything's Alright;01a02690-0cc2-7141-b12f-2fa0389a8a4b;DJ Koko
01a02690-22e6-772f-ba89-ecc6ce771fb6;Makina Time;01a02690-0cc2-7141-b12f-2fa1dfca62a8;DJ Konik
01a02690-22e3-7064-9388-1022bd995fb5;Run Run River;01a02690-0cc2-7141-b12f-2fa29fd2962d;DJ Kryos
01a02690-22e6-772f-ba89-ecc7abb00dc0;Schutzengel;01a02690-0cc2-7141-b12f-2fa39e2028ab;DJ Ramazotti
01a02690-22e6-772f-ba89-ecc8b2384575;I Am a Raver;01a02690-0cc2-7141-b12f-2fa40081edab;DJ Rankin
01a02690-22e6-772f-ba89-ecc975e4c467;Six Days;01a02690-0cc2-7141-b12f-2fa57a74086a;DJ Shadow
01a02690-22e6-772f-ba89-ecca38440731;Please Don't Change;01a02690-0cc2-7141-b12f-2fa6a2ef2c93;DJ Snake
01a02690-22e6-772f-ba89-eccb040a13a9;Tonto;01a02690-0cc2-7141-b12f-2fa6a2ef2c93;DJ Snake
01a02690-22e6-772f-ba89-eccc8398235c;Country Roads;01a02690-0cc2-7141-b12f-2fa7c0efc1a8;DJ Ötzi
01a02690-22e6-772f-ba89-eccdadd1e0f2;TIROL 2026;01a02690-0cc2-7141-b12f-2fa7c0efc1a8;DJ Ötzi
01a02690-22e6-772f-ba89-ecce1624efad;Tirol;01a02690-0cc2-7141-b12f-2fa7c0efc1a8;DJ Ötzi
01a02690-22e6-772f-ba89-eccfd045af31;Verdammt;01a02690-0cc2-7141-b12f-2fa7c0efc1a8;DJ Ötzi
01a02690-22e5-74eb-8ac8-9ef64ce8174f;Angels Above Me;01a02690-0cc2-7141-b12f-2fa8d82d8042;DJ-PTG
01a02690-22e6-772f-ba89-ecd0eb5cb9dd;Big Boom;01a02690-0cc2-7141-b12f-2fa972b9020b;DJ.ILHAM
01a02690-22e6-772f-ba89-ecd1ac5934a9;DIGIDI DIGIDI;01a02690-0cc2-7141-b12f-2fa972b9020b;DJ.ILHAM
01a02690-22e6-772f-ba89-ecd2082cbe20;Wild West & Wicked;01a02690-0cc2-7141-b12f-2faaf5da7852;DJTEXX
01a02690-22e6-772f-ba89-ecd361351ba7;Hurracane;01a02690-0cc2-7141-b12f-2fab5d4face4;DMA'S
01a02690-22e6-772f-ba89-ecd4f4b0eaa0;Killing Time;01a02690-0cc2-7141-b12f-2fab5d4face4;DMA'S
01a02690-22e6-772f-ba89-ecd58b28230f;Windows;01a02690-0cc2-7141-b12f-2fab5d4face4;DMA'S
01a02690-22e6-772f-ba89-ecd63ccc320c;Dirrpi Yuin Patjulinya;01a02690-0cc2-7141-b12f-2fac8cb0fd4d;DOBBY
01a02690-22e6-772f-ba89-ecd789ba2c55;Good Day;01a02690-0cc2-7141-b12f-2fad35eebdc7;DONGHAE
01a02690-22e6-772f-ba89-ecd8265416e8;HAErise;01a02690-0cc2-7141-b12f-2fad35eebdc7;DONGHAE
01a02690-22e6-772f-ba89-ecd9aac2de1a;Blood Oath;01a02690-0cc2-7141-b12f-2fae6a78b314;DOWN
01a02690-22e6-772f-ba89-ecdab5797a9e;Together We Rise;01a02690-0cc2-7141-b12f-2fafec295ef4;DPAK
01a02690-22e6-772f-ba89-ecdb3a7b51ac;Burn;01a02690-0cc2-7141-b12f-2fb06d569c55;DPR IAN
01a02690-22e6-772f-ba89-ecdcfa8dd052;Gamengoshinokimihe;01a02690-0cc2-7141-b12f-2fb12c0fbcb9;DRAW♡ME
01a02690-22e6-772f-ba89-ecdd047d17ab;Sunaodegomenne;01a02690-0cc2-7141-b12f-2fb12c0fbcb9;DRAW♡ME
01a02690-22e6-772f-ba89-ecde9e2b5524;God Didn't Let Me Break;01a02690-0cc2-7141-b12f-2fb2d24d57c3;DTX Melodies
01a02690-22e6-772f-ba89-ecdfc3761cfa;舍不得又没资格;01a02690-0cc2-7141-b12f-2fb35c353faa;Da Yin
01a02690-22e6-772f-ba89-ece0b7eacc09;Unlimited;01a02690-0cc2-7141-b12f-2fb406562786;Da-iCE
01a02690-22e4-7376-a60c-b9c43432de93;Feel Alive;01a02690-0cc2-7141-b12f-2fb5ca0c88d7;Dabin
01a02690-22e6-772f-ba89-ece112700e6a;Azukita;01a02690-0cc2-7141-b12f-2fb6d2198d61;Daddy Yankee
01a02690-22e4-7376-a60c-ba055789a65b;Daddy Yankee: Bzrp Music Sessions, Vol. 0/66;01a02690-0cc2-7141-b12f-2fb6d2198d61;Daddy Yankee
01a02690-22e6-772f-ba89-ece269098880;Gasolina;01a02690-0cc2-7141-b12f-2fb6d2198d61;Daddy Yankee
01a02690-22e6-772f-ba89-ece30d4bee6a;Crave;01a02690-0cc2-7141-b12f-2fb749df7fa4;Daichi Miura
01a02690-22e6-772f-ba89-ece429b41179;Blue;01a02690-0cc2-7141-b12f-2fb864d2dd70;Daiki Tsuneta
01a02690-22e5-74eb-8ac8-9ebb7704718d;Mourir sur scène;01a02690-0cc2-7141-b12f-2fb9e53b8420;Dalida
01a02690-22e6-772f-ba89-ece552aed662;VERLIEBT IN MICH;01a02690-0cc2-7141-b12f-2fbaae950f84;Dalton
01a02690-22e6-772f-ba89-ece6cdaa2aed;Talk to Me;01a02690-0cc2-7141-b12f-2fbb0494d726;Damiano David
01a02690-22e6-772f-ba89-ece75bc80702;The First Time;01a02690-0cc2-7141-b12f-2fbb0494d726;Damiano David
01a02690-22e6-772f-ba89-ece89aaaabd6;Let The Church Say Amen;01a02690-0cc2-7141-b12f-2fbc7cc720b7;Damita Jo
01a02690-22e6-772f-ba89-ece916341585;Flags;01a02690-0cc2-7141-b12f-2fbdb02de10c;Damon Albarn
01a02690-22e6-772f-ba89-ecea71dc5097;I Was a Kid;01a02690-0cc2-7141-b12f-2fbeaa3ece9e;Damon Price
01a02690-22e6-772f-ba89-eceb03ec7ede;Her, The Kids, and Jesus;01a02690-0cc2-7141-b12f-2fbf8e14949f;Dan + Shay
01a02690-22e6-772f-ba89-ececf8bc72dc;Marry You Again;01a02690-0cc2-7141-b12f-2fbf8e14949f;Dan + Shay
01a02690-22e6-772f-ba89-eced75a73ad2;Say So;01a02690-0cc2-7141-b12f-2fbf8e14949f;Dan + Shay
01a02690-22e6-772f-ba89-eceed77c741d;Same Old Lang Syne;01a02690-0cc2-7141-b12f-2fc062b37cf7;Dan Fogelberg
01a02690-22e5-74eb-8ac8-9f5a7fe8c388;What If You Loved Me;01a02690-0cc2-7141-b12f-2fc1b007a7a2;Dan Tyminski
01a02690-22e6-772f-ba89-ecef5231ebbb;Amazing Grace;01a02690-0cc2-7141-b12f-2fc280b91bd2;Dan Vasc
01a02690-22e6-772f-ba89-ecf0597fa26e;Out of Your Mind;01a02690-0cc2-7141-b12f-2fc3a89764ee;Dane Bowers
01a02690-22e6-772f-ba89-ecf1095c314c;Dass es hier so schön ist;01a02690-0cc2-7141-b12f-2fc446976141;Danger Dan
01a02690-22e6-772f-ba89-ecf255ac6db8;Die meisten meiner Freunde;01a02690-0cc2-7141-b12f-2fc446976141;Danger Dan
01a02690-22e6-772f-ba89-ecf3126dc674;Keine Angst;01a02690-0cc2-7141-b12f-2fc446976141;Danger Dan
01a02690-22e6-772f-ba89-ecf45e309296;Aimer est plus fort que d'être aimé;01a02690-0cc2-7141-b12f-2fc5bf9ec6ff;Daniel Balavoine
01a02690-22e6-772f-ba89-ecf52f545ead;Le chanteur;01a02690-0cc2-7141-b12f-2fc5bf9ec6ff;Daniel Balavoine
01a02690-22e6-772f-ba89-ece429b41179;Blue;01a02690-0cc2-7141-b12f-2fc6ead59da3;Daniel Caesar
01a02690-22e6-772f-ba89-ecf6ffecff16;Let Me Be;01a02690-0cc2-7141-b12f-2fc76f5c4516;Daniel Hanson
01a02690-22e6-772f-ba89-ecf7aaa795d3;Experience;01a02690-0cc2-7141-b12f-2fc8073fca87;Daniel Hope
01a02690-22e6-772f-ba89-ecf84dbcc95d;Es geht dir gut;01a02690-0cc2-7141-b12f-2fc9baec9977;Daniel Lopes
01a02690-22e6-772f-ba89-ecf9358e75e8;Sag mir;01a02690-0cc2-7141-b12f-2fc9baec9977;Daniel Lopes
01a02690-22e5-74eb-8ac8-9eecf0ac61b2;Eternia;01a02690-0cc2-7141-b12f-2fcadfa78e96;Daniel Pemberton
01a02690-22e6-772f-ba89-ecfaf143d82d;Immer wieder will ich wieder dich;01a02690-0cc2-7141-b12f-2fcb891277ff;Daniel Sommer
01a02690-22e3-7064-9388-10407539abd7;Soda Pop;01a02690-0cc2-7141-b12f-2fcca4af1cdb;Danny Chung
01a02690-22e6-772f-ba89-ecfbf928a98b;Two Hearts;01a02690-0cc2-7141-b12f-2fcda215eb16;Danny L Harle
01a02690-22e6-772f-ba89-ecfc81f0c8b8;Roller Coaster;01a02690-0cc2-7141-b12f-2fcefa19072a;Danny Vera
01a02690-22e6-772f-ba89-ecfdbea0aac7;Heerlijk;01a02690-0cc2-7141-b12f-2fcfc83fca1f;Danny de Munk
01a02690-22e4-7376-a60c-b9e262e79eac;Meteo-Right;01a02690-0cc2-7141-b12f-2fd0cd5382d6;Dantsu Flame (CV: Haruna Fukushima)
01a02690-22e6-772f-ba89-ecfe464238f0;TACTIC;01a02690-0cc2-7141-b12f-2fd181a68583;Daoko
01a02690-22e6-772f-ba89-ecff804c0552;ช้าช้า;01a02690-0cc2-7141-b12f-2fd2c468c418;Daou Pittaya
01a02690-22e6-772f-ba89-ed00832999c4;Bangaranga;01a02690-0cc2-7141-b12f-2fd37a21f082;Dara
01a02690-22e6-772f-ba89-ed0196d6b77d;Laughter In the Rain;01a02690-0cc2-7141-b12f-2fd4b623819f;Dara Sedaka
01a02690-22e6-772f-ba89-ed020293cd05;MACH PAPIER;01a02690-0cc2-7141-b12f-2fd57b1eb592;Dardan
01a02690-22e6-772f-ba89-ed0398ec3cd4;Te conocí;01a02690-0cc2-7141-b12f-2fd63378435e;Dario Coiro
01a02690-22e6-772f-ba89-ed0430c0c094;Wagon Wheel;01a02690-0cc2-7141-b12f-2fd71a27bde4;Darius Rucker
01a02690-22e6-772f-ba89-ed058dfcd866;The Night;01a02690-0cc2-7141-b12f-2fd8167bcbc8;Darrell Smith
01a02690-22e5-74eb-8ac8-9eeb207647cd;Rocky Road to Dublin;01a02690-0cc2-7141-b12f-2fd9fce7b222;Darren Holden
01a02690-22e6-772f-ba89-ed0613734d7b;Sandstorm;01a02690-0cc2-7141-b12f-2fda91e05e8f;Darude
01a02690-22e6-772f-ba89-ed07e44dcd01;As the Days Go By;01a02690-0cc2-7141-b12f-2fdb8e9ad1ee;Daryl Braithwaite
01a02690-22e6-772f-ba89-ed088c9b80b1;One Summer;01a02690-0cc2-7141-b12f-2fdb8e9ad1ee;Daryl Braithwaite
01a02690-22e6-772f-ba89-ed092e0fd125;The Horses;01a02690-0cc2-7141-b12f-2fdb8e9ad1ee;Daryl Braithwaite
01a02690-22e6-772f-ba89-ed0af519c0fe;Raindance;01a02690-0cc2-7141-b12f-2fdc1e5b32a9;Dave
01a02690-22e6-772f-ba89-ed0bf894162a;We Just Disagree;01a02690-0cc2-7141-b12f-2fdd38ea56b4;Dave Mason
01a02690-22e6-772f-ba89-ed0cb9b59ae3;The Ride;01a02690-0cc2-7141-b12f-2fde2df15a48;David Allan Coe
01a02690-22e6-772f-ba89-ed0d1fc58839;You Never Even Called Me by My Name;01a02690-0cc2-7141-b12f-2fde2df15a48;David Allan Coe
01a02690-22e6-772f-ba89-ed0ea4470d0c;Three Lions;01a02690-0cc2-7141-b12f-2fdf3b405a1a;David Baddiel
01a02690-22e6-772f-ba89-ed0f15cfb550;Vivir Así Es Morir De Amor;01a02690-0cc2-7141-b12f-2fe08b5e7d1e;David Bisbal
01a02690-22e6-772f-ba89-ed10699b0819;"""Heroes""";01a02690-0cc2-7141-b12f-2fe1c33252fa;David Bowie
01a02690-22e6-772f-ba89-ed11895bf258;Space Oddity;01a02690-0cc2-7141-b12f-2fe1c33252fa;David Bowie
01a02690-22e2-7774-a1a3-e4cc8ac73abc;Awake Tonight;01a02690-0cc2-7141-b12f-2fe2a27dbd1d;David Guetta
01a02690-22e6-772f-ba89-ed12b39d9eb4;Beautiful People;01a02690-0cc2-7141-b12f-2fe2a27dbd1d;David Guetta
01a02690-22e3-7064-9388-1038fa2bd0d3;DNA;01a02690-0cc2-7141-b12f-2fe2a27dbd1d;David Guetta
01a02690-22e3-7064-9388-0fae31a8f398;Golden;01a02690-0cc2-7141-b12f-2fe2a27dbd1d;David Guetta
01a02690-22e6-772f-ba89-ed13de22fa4e;Gone Gone Gone;01a02690-0cc2-7141-b12f-2fe2a27dbd1d;David Guetta
01a02690-22e6-772f-ba89-ed14623d9cbd;Human;01a02690-0cc2-7141-b12f-2fe2a27dbd1d;David Guetta
01a02690-22e6-772f-ba89-ed15455e5f91;Prayer;01a02690-0cc2-7141-b12f-2fe2a27dbd1d;David Guetta
01a02690-22e6-772f-ba89-ed16f144a888;Ranjha;01a02690-0cc2-7141-b12f-2fe2a27dbd1d;David Guetta
01a02690-22e3-7064-9388-1022bd995fb5;Run Run River;01a02690-0cc2-7141-b12f-2fe2a27dbd1d;David Guetta
01a02690-22e4-7376-a60c-b9d86e7a3826;Sad Girls;01a02690-0cc2-7141-b12f-2fe2a27dbd1d;David Guetta
01a02690-22e6-772f-ba89-ed174b3cbf55;Save Me Tonight;01a02690-0cc2-7141-b12f-2fe2a27dbd1d;David Guetta
01a02690-22e3-7064-9388-0fe433bc2b22;Shine;01a02690-0cc2-7141-b12f-2fe2a27dbd1d;David Guetta
01a02690-22e6-772f-ba89-ed1848867b7a;Titanium;01a02690-0cc2-7141-b12f-2fe2a27dbd1d;David Guetta
01a02690-22e5-74eb-8ac8-9ecd10f3a4ef;Together;01a02690-0cc2-7141-b12f-2fe2a27dbd1d;David Guetta
01a02690-22e6-772f-ba89-ed19e27429be;Upside Down;01a02690-0cc2-7141-b12f-2fe2a27dbd1d;David Guetta
01a02690-22e6-772f-ba89-ed1a1528cf89;Walked Away;01a02690-0cc2-7141-b12f-2fe2a27dbd1d;David Guetta
01a02690-22e6-772f-ba89-ed1b0ca51edf;Daylight;01a02690-0cc2-7141-b12f-2fe3852d25d1;David Kushner
01a02690-22e6-772f-ba89-ed1c8b793778;Dust on the Bottle;01a02690-0cc2-7141-b12f-2fe489c12ed5;David Lee Murphy
01a02690-22e6-772f-ba89-ed1d30cc2132;Est-ce que tu viens pour les vacances;01a02690-0cc2-7141-b12f-2fe589750100;David et Jonathan
01a02690-22e6-772f-ba89-ed1ef8a1ef5c;Save Me;01a02690-0cc2-7141-b12f-2fe63510cd07;Davvi
01a02690-22e6-772f-ba89-ed1f6c44d798;God, Can You Hear Me;01a02690-0cc2-7141-b12f-2fe79e6377ff;Dax
01a02690-22e6-772f-ba89-ed20edf6d0be;Maak Me Nou Niet Gek;01a02690-0cc2-7141-b12f-2fe8c539a5ac;De Amsterdamse Zomer
01a02690-22e6-772f-ba89-ed213d415fa6;Feel Good Inc.;01a02690-0cc2-7141-b12f-2fe9d1a21027;De La Soul
01a02690-22e6-772f-ba89-ed2278c297d9;Oh Mama;01a02690-0cc2-7141-b12f-2fea8dd123e7;Deadlight County
01a02690-22e6-772f-ba89-ed23c25fe28b;Loved One;01a02690-0cc2-7141-b12f-2febe2edef00;Dean Fujioka
01a02690-22e6-772f-ba89-ed24968cae5a;Enjoy It While It Lasts;01a02690-0cc2-7141-b12f-2fec42a9a364;Dean Lewis
01a02690-22e6-772f-ba89-ed25fe950b1f;How Do I Say Goodbye;01a02690-0cc2-7141-b12f-2fec42a9a364;Dean Lewis
01a02690-22e6-772f-ba89-ed268849a858;I Am Getting Well;01a02690-0cc2-7141-b12f-2fec42a9a364;Dean Lewis
01a02690-22e6-772f-ba89-ed273cf673ea;Actin' Tough;01a02690-0cc2-7141-b12f-2fed0a16df7e;Dean Turnley
01a02690-22e6-772f-ba89-ed285a11cb05;Riptides;01a02690-0cc2-7141-b12f-2feeae84f32d;Death Cab for Cutie
01a02690-22e6-772f-ba89-ed29189bb600;Stone Over Water;01a02690-0cc2-7141-b12f-2feeae84f32d;Death Cab for Cutie
01a02690-22e6-772f-ba89-ed2a1cfc7b65;You Are the Light Inside My Soul;01a02690-0cc2-7141-b12f-2fef0c60f536;Deathpath
01a02690-22e6-772f-ba89-ed2b6df8875f;Book Boyfriends;01a02690-0cc2-7141-b12f-2ff085da8aa1;Decayed Souls
01a02690-22e6-772f-ba89-ed2cb5723e8d;Angel;01a02690-0cc2-7141-b12f-2ff10a2fb3eb;December 10
01a02690-22e6-772f-ba89-ed2da8b8e3f7;Run My Way;01a02690-0cc2-7141-b12f-2ff10a2fb3eb;December 10
01a02690-22e7-71eb-b833-3015c0adb5ad;Diablo;01a02690-0cc2-7141-b12f-2ff2335e8b74;Deep Purple
01a02690-22e7-71eb-b833-3016d29e5720;Guilt Trippin';01a02690-0cc2-7141-b12f-2ff2335e8b74;Deep Purple
01a02690-22e7-71eb-b833-3017717d8da0;Rejoice;01a02690-0cc2-7141-b12f-2ff3198a91dc;Def Leppard
01a02690-22e7-71eb-b833-3018682fa939;Chöre;01a02690-0cc2-7141-b12f-2ff4792780b4;Deine Cousine
01a02690-22e7-71eb-b833-30198f282c98;Große Freiheit;01a02690-0cc2-7141-b12f-2ff4792780b4;Deine Cousine
01a02690-22e7-71eb-b833-301a6c664672;Scheiß auf Ironie;01a02690-0cc2-7141-b12f-2ff4792780b4;Deine Cousine
01a02690-22e7-71eb-b833-301b2aef9dad;Zu wissen, dass wir zählen;01a02690-0cc2-7141-b12f-2ff4792780b4;Deine Cousine
01a02690-22e7-71eb-b833-301c2295d4b7;Prophesy;01a02690-0cc2-7141-b12f-2ff5710c49ea;Deitrick Haddon
01a02690-22e7-71eb-b833-301dd645d24b;I Speak Blessings;01a02690-0cc2-7141-b12f-2ff679b2b18d;Delana Hope
01a02690-22e7-71eb-b833-301e092b5bd5;Something Big;01a02690-0cc2-7141-b12f-2ff679b2b18d;Delana Hope
01a02690-22e7-71eb-b833-301f426c01ec;Eclipse;01a02690-0cc2-7141-b12f-2ff7d9f25be3;Delta Goodrem
01a02690-22e7-71eb-b833-302041dd2def;Hologram;01a02690-0cc2-7141-b12f-2ff7d9f25be3;Delta Goodrem
01a02690-22e7-71eb-b833-30219d5d5ce3;Here All Night;01a02690-0cc2-7141-b12f-2ff87e0d5468;Demi Lovato
01a02690-22e7-71eb-b833-3022d94e475f;Love Controller;01a02690-0cc2-7141-b12f-2ff87e0d5468;Demi Lovato
01a02690-22e7-71eb-b833-30238a5139d7;Low Rise Jeans;01a02690-0cc2-7141-b12f-2ff87e0d5468;Demi Lovato
01a02690-22e7-71eb-b833-3024ede91b07;Universal Soldier;01a02690-0cc2-7141-b12f-2ff96f254b4e;Depeche Mode
01a02690-22e7-71eb-b833-3025c28fef99;Schaukelpferd;01a02690-0cc2-7141-b12f-2ffae6be2d26;Der Partycrasher
01a02690-22e7-71eb-b833-3026567bb6fd;Fall For You;01a02690-0cc2-7141-b12f-2ffbef653f9d;Derek Mercer Lyrics
01a02690-22e7-71eb-b833-30275e10ffba;Days Like This;01a02690-0cc2-7141-b12f-2ffc7dda1838;Dermot Kennedy
01a02690-22e7-71eb-b833-3028c4fdbaa3;Funeral;01a02690-0cc2-7141-b12f-2ffc7dda1838;Dermot Kennedy
01a02690-22e7-71eb-b833-3029a8a3875f;Honest;01a02690-0cc2-7141-b12f-2ffc7dda1838;Dermot Kennedy
01a02690-22e7-71eb-b833-302a9e77e6ee;Refuge;01a02690-0cc2-7141-b12f-2ffc7dda1838;Dermot Kennedy
01a02690-22e7-71eb-b833-302b4c91c66c;Dancing with the Enemy;01a02690-0cc2-7141-b12f-2ffdeae1caac;Descendants – Cast
01a02690-22e7-71eb-b833-302c3daf842e;Voyage voyage;01a02690-0cc2-7141-b12f-2ffe195a3365;Desireless
01a02690-22e4-7376-a60c-b93af99076f5;Her Nerdeysen;01a02690-0cc2-7141-b12f-2fff584bf29c;Dev1lHawk
01a02690-22e7-71eb-b833-302dd5964476;Dead in the Water;01a02690-0cc2-7141-b12f-30000c55494c;DevilDriver
01a02690-22e7-71eb-b833-302e91720135;Strike and Kill;01a02690-0cc2-7141-b12f-30000c55494c;DevilDriver
01a02690-22e7-71eb-b833-302f8d5699f7;Home at Night;01a02690-0cc2-7141-b12f-300110f2ff79;Devin Townsend
01a02690-22e7-71eb-b833-3030e735f92e;Freakin’ Out;01a02690-0cc2-7141-b12f-30025cb5d7d0;Dexter and The Moonrocks
01a02690-22e7-71eb-b833-30310fb3df38;众里寻他千百度(电视剧《逐玉》爱情主题曲);01a02690-0cc2-7141-b12f-3003877f96ee;Diamond Zhang
01a02690-22e6-772f-ba89-ed19e27429be;Upside Down;01a02690-0cc2-7141-b12f-300418c43b6d;Diana Ross
01a02690-22e7-71eb-b833-30327b7531ab;I Miss You More;01a02690-0cc2-7141-b12f-300504615241;Diane Butler
01a02690-22e7-71eb-b833-3033f08e60e8;Stay When I'm Hard To Love;01a02690-0cc2-7141-b12f-300504615241;Diane Butler
01a02690-22e7-71eb-b833-3034a38c7656;Back for Good;01a02690-0cc2-7141-b12f-30063860e0ef;Dick Brave
01a02690-22e4-7376-a60c-b92cb1c8290f;Always You;01a02690-0cc2-7141-b12f-3007d3339ac3;Dicosis
01a02690-22e7-71eb-b833-3035adafef4a;Here With Me;01a02690-0cc2-7141-b12f-30088be185b6;Dido
01a02690-22e7-71eb-b833-303631054306;Bella Napoli;01a02690-0cc2-7141-b12f-3009e9551f9d;Die Abbrunzati Boys
01a02690-22e7-71eb-b833-3037d3caf2ea;Hier komm ich her, hier will ich sein;01a02690-0cc2-7141-b12f-300a5fbef8ee;Die Grubertaler
01a02690-22e7-71eb-b833-303815c94504;Ciao Ciao Amore;01a02690-0cc2-7141-b12f-300b6a9b80ca;Die Rodensteiner
01a02690-22e7-71eb-b833-303944a1d7ef;Schuld war nur der Limoncello;01a02690-0cc2-7141-b12f-300ca74fec3d;Die Schlagerpiloten
01a02690-22e7-71eb-b833-303a3853c107;Die Show muss weitergehen;01a02690-0cc2-7141-b12f-300dcea8a272;Die Toten Hosen
01a02690-22e7-71eb-b833-303bdc81a311;Ich liebe das Leben;01a02690-0cc2-7141-b12f-300dcea8a272;Die Toten Hosen
01a02690-22e7-71eb-b833-303cd20c21b1;Nur nach vorn;01a02690-0cc2-7141-b12f-300dcea8a272;Die Toten Hosen
01a02690-22e7-71eb-b833-303d7560ff21;Tage wie diese;01a02690-0cc2-7141-b12f-300dcea8a272;Die Toten Hosen
01a02690-22e7-71eb-b833-303e237bcafc;ANGEL ABOVE ME;01a02690-0cc2-7141-b12f-300ec80e908c;Die WBL
01a02690-22e7-71eb-b833-303f00700fab;Angel Above Me;01a02690-0cc2-7141-b12f-300ec80e908c;Die WBL
01a02690-22e7-71eb-b833-304029fc4718;Inhaltsangabe: Falsche Schuld;01a02690-0cc2-7141-b12f-300f4e8a5c76;Die drei ???
01a02690-22e7-71eb-b833-30415dea2a7f;PAYG;01a02690-0cc2-7141-b12f-3010a2d32d34;Digga
01a02690-22e6-772f-ba89-ec306d4d3daf;Morni;01a02690-0cc2-7141-b12f-301161114faf;Diljit Dosanjh
01a02690-22e6-772f-ba89-ed16f144a888;Ranjha;01a02690-0cc2-7141-b12f-301161114faf;Diljit Dosanjh
01a02690-22e7-71eb-b833-30420b415c33;Aqerke;01a02690-0cc2-7141-b12f-301268afd630;Dimash Qudaibergen
01a02690-22e6-772f-ba89-ecc6ce771fb6;Makina Time;01a02690-0cc2-7141-b12f-30134a7f9e8d;Dimitri Vegas
01a02690-22e7-71eb-b833-3043a54f7513;Turn The Tide;01a02690-0cc2-7141-b12f-30134a7f9e8d;Dimitri Vegas
01a02690-22e5-74eb-8ac8-9ed73371d1d6;Woops;01a02690-0cc2-7141-b12f-30134a7f9e8d;Dimitri Vegas
01a02690-22e7-71eb-b833-3044bf1bbbbd;Ascent;01a02690-0cc2-7141-b12f-30147efec047;Dimmu Borgir
01a02690-22e7-71eb-b833-3045bc6dcf86;TỰ HÀO ĐƯỢC LÀM CON;01a02690-0cc2-7141-b12f-301593aa1e47;Dinh Tien Dat
01a02690-22e7-71eb-b833-30464083adae;Money for Nothing;01a02690-0cc2-7141-b12f-30168e30624f;Dire Straits
01a02690-22e7-71eb-b833-3047d7c86e3d;Sultans of Swing;01a02690-0cc2-7141-b12f-30168e30624f;Dire Straits
01a02690-22e7-71eb-b833-3048556b4fd2;Festivalwecker;01a02690-0cc2-7141-b12f-30175adc6cfb;Dirty Thirty
01a02690-22e7-71eb-b833-3049f28bab9a;Dancing Without You;01a02690-0cc2-7141-b12f-30183842019f;Disco Bambino
01a02690-22e7-71eb-b833-304aa5f2e6eb;No Broke Boys;01a02690-0cc2-7141-b12f-30198b460e4e;Disco Lines
01a02690-22e7-71eb-b833-302b4c91c66c;Dancing with the Enemy;01a02690-0cc2-7141-b12f-301a0dd4d671;Disney
01a02690-22e7-71eb-b833-304b5f88f8cf;Zoo;01a02690-0cc2-7141-b12f-301a0dd4d671;Disney
01a02690-22e7-71eb-b833-304c840a63f7;The Sound of Silence;01a02690-0cc2-7141-b12f-301b7e7e39b8;Disturbed
01a02690-22e7-71eb-b833-304d1d2663ef;Gute Laune;01a02690-0cc2-7141-b12f-301c93e2a28b;Dj Aaron
01a02690-22e7-71eb-b833-304e3a939849;Rakete;01a02690-0cc2-7141-b12f-301c93e2a28b;Dj Aaron
01a02690-22e7-71eb-b833-304f2bff9751;I'm Moving To The Sun;01a02690-0cc2-7141-b12f-301dafd01648;Dj Crocodile
01a02690-22e7-71eb-b833-3050c5f783cb;Bachata Bailando;01a02690-0cc2-7141-b12f-301ebad4ade6;Django Wagner
01a02690-22e7-71eb-b833-305123659f96;End of Beginning;01a02690-0cc2-7141-b12f-301fbbeb2c80;Djo
01a02690-22e7-71eb-b833-3052b47f98d9;Don’t Turn the Page;01a02690-0cc2-7141-b12f-302030f05a56;DoGoodDad
01a02690-22e7-71eb-b833-305315bfd549;Anxiety;01a02690-0cc2-7141-b12f-3021bf5a7e44;Doechii
01a02690-22e7-71eb-b833-3054461fcbc0;Runway;01a02690-0cc2-7141-b12f-3021bf5a7e44;Doechii
01a02690-22e7-71eb-b833-3055ab7ebba3;Joy;01a02690-0cc2-7141-b12f-3022747a71ce;Dogstar
01a02690-22e7-71eb-b833-305698290c35;9 to 5;01a02690-0cc2-7141-b12f-30238b45f357;Dolly Parton
01a02690-22e7-71eb-b833-3057385bd053;I Will Always Love You;01a02690-0cc2-7141-b12f-30238b45f357;Dolly Parton
01a02690-22e7-71eb-b833-30589fb14f1b;Islands In the Stream;01a02690-0cc2-7141-b12f-30238b45f357;Dolly Parton
01a02690-22e7-71eb-b833-3059e96b7b40;Jolene;01a02690-0cc2-7141-b12f-30238b45f357;Dolly Parton
01a02690-22e7-71eb-b833-305a1fd153e7;Light of a Clear Blue Morning;01a02690-0cc2-7141-b12f-30238b45f357;Dolly Parton
01a02690-22e4-7376-a60c-b9e4ae40bbdb;Son of Jolene;01a02690-0cc2-7141-b12f-30238b45f357;Dolly Parton
01a02690-22e7-71eb-b833-305b14c11b62;Addicted to Bass;01a02690-0cc2-7141-b12f-3024bd7ca073;Dom Dolla
01a02690-22e7-71eb-b833-305c16eebf24;White Keys;01a02690-0cc2-7141-b12f-3025542ea49f;Dominic Fike
01a02690-22e7-71eb-b833-305da526f3e2;Nightmare Tripping;01a02690-0cc2-7141-b12f-3026480af4c0;Don Broco
01a02690-22e7-71eb-b833-305e29c018df;Leather and Lace;01a02690-0cc2-7141-b12f-30277b5f8426;Don Henley
01a02690-22e7-71eb-b833-305fd552e173;American Pie;01a02690-0cc2-7141-b12f-30280619a171;Don McLean
01a02690-22e7-71eb-b833-3060b244f89c;Vincent;01a02690-0cc2-7141-b12f-30280619a171;Don McLean
01a02690-22e7-71eb-b833-30615e07e924;Y Qué Fue;01a02690-0cc2-7141-b12f-302980ceebed;Don Miguelo
01a02690-22e7-71eb-b833-3062910ab0fd;Lose My Mind;01a02690-0cc2-7141-b12f-302aeb73977b;Don Toliver
01a02690-22e7-71eb-b833-30633568e1cf;I Feel Love;01a02690-0cc2-7141-b12f-302b9a37cc86;Donna Summer
01a02690-22e7-71eb-b833-3064a1c5bc3a;Last Dance;01a02690-0cc2-7141-b12f-302b9a37cc86;Donna Summer
01a02690-22e7-71eb-b833-30655b067c67;MacArthur Park;01a02690-0cc2-7141-b12f-302b9a37cc86;Donna Summer
01a02690-22e7-71eb-b833-3066fac30e7d;Moët Dat Nou;01a02690-0cc2-7141-b12f-302c877a4869;Donnie
01a02690-22e5-74eb-8ac8-9f20e55adbb1;Wolfsherz;01a02690-0cc2-7141-b12f-302dccb9482b;Doro
01a02690-22e7-71eb-b833-3067258dbd3e;Too Much;01a02690-0cc2-7141-b12f-302ecc198271;Dove Cameron
01a02690-22e7-71eb-b833-3068176600bf;Still D.R.E.;01a02690-0cc2-7141-b12f-302f72f13cd5;Dr. Dre
01a02690-22e7-71eb-b833-3069900b9407;The Next Episode;01a02690-0cc2-7141-b12f-302f72f13cd5;Dr. Dre
01a02690-22e7-71eb-b833-306a9c6ccc65;JUST A BOY;01a02690-0cc2-7141-b12f-30308d998717;DrINsaNE
01a02690-22e7-71eb-b833-306bf83e20f5;Ahí;01a02690-0cc2-7141-b12f-3031dbfa46cf;Drake
01a02690-22e7-71eb-b833-306c573e5c01;Janice STFU;01a02690-0cc2-7141-b12f-3031dbfa46cf;Drake
01a02690-22e7-71eb-b833-306dc5944d9d;NOKIA;01a02690-0cc2-7141-b12f-3031dbfa46cf;Drake
01a02690-22e7-71eb-b833-306ed57b01b1;Shabang;01a02690-0cc2-7141-b12f-3031dbfa46cf;Drake
01a02690-22e7-71eb-b833-306fc428ede5;North wind calls;01a02690-0cc2-7141-b12f-30320cb3dc5a;Draugr Balled
01a02690-22e7-71eb-b833-30702a446ea7;The call of Druagr;01a02690-0cc2-7141-b12f-30320cb3dc5a;Draugr Balled
01a02690-22e7-71eb-b833-3071853e29e2;Fijord Moonlight;01a02690-0cc2-7141-b12f-303342f2c220;Draugr Beatz
01a02690-22e7-71eb-b833-30726d3715af;Prologue No Sono Ato E;01a02690-0cc2-7141-b12f-3034a3c21ef2;Dream Diary
01a02690-22e7-71eb-b833-3073727bc565;God Bless The U.S.A.;01a02690-0cc2-7141-b12f-30358393c6bc;Drew Jacobs
01a02690-22e7-71eb-b833-30745f896b37;I'm Shipping Up to Boston;01a02690-0cc2-7141-b12f-30366578bcfa;Dropkick Murphys
01a02690-22e7-71eb-b833-3075ab58a479;NEW ENGLAND FOREVER;01a02690-0cc2-7141-b12f-30366578bcfa;Dropkick Murphys
01a02690-22e7-71eb-b833-3076879c5976;Karnevalsmaus;01a02690-0cc2-7141-b12f-30371d98f5f9;Druckluft
01a02690-22e7-71eb-b833-30779f9a3003;Cold Heart;01a02690-0cc2-7141-b12f-3038d668bfa9;Dua Lipa
01a02690-22e7-71eb-b833-3078a430cf38;Training Season;01a02690-0cc2-7141-b12f-3038d668bfa9;Dua Lipa
01a02690-22e6-772f-ba89-ecfbf928a98b;Two Hearts;01a02690-0cc2-7141-b12f-3038d668bfa9;Dua Lipa
01a02690-22e7-71eb-b833-307928711e09;Casi Algo;01a02690-0cc2-7141-b12f-30398678fbdd;Dulce María
01a02690-22e5-74eb-8ac8-9efc9c6c25f1;Only in America;01a02690-0cc2-7141-b12f-303ac8e0a9bd;Dunn
01a02690-22e7-71eb-b833-307adfdd5ceb;Free to Love;01a02690-0cc2-7141-b12f-303b3141310b;Duran Duran
01a02690-22e4-7376-a60c-b9e262e79eac;Meteo-Right;01a02690-0cc2-7141-b12f-303cec1e9920;Durandal (CV: Kana Nogi)
01a02690-22e3-7064-9388-105d78799dfd;Brauch Dich;01a02690-0cc2-7141-b12f-303dd497806f;Durchgeknallt
01a02690-22e7-71eb-b833-307b99a49830;You Problem;01a02690-0cc2-7141-b12f-303eaf6589ae;Dust
01a02690-22e7-71eb-b833-307cb971315d;My Mother Was An Angel;01a02690-0cc2-7141-b12f-303f094338e8;Dusty Rivers
01a02690-22e7-71eb-b833-307d0d146286;Take My Time;01a02690-0cc2-7141-b12f-303f094338e8;Dusty Rivers
01a02690-22e7-71eb-b833-307e9b9b12ae;Thank You;01a02690-0cc2-7141-b12f-303f094338e8;Dusty Rivers
01a02690-22e6-772f-ba89-ece429b41179;Blue;01a02690-0cc2-7141-b12f-304067296ef2;DxS
01a02690-22e7-71eb-b833-307f9cb32a3c;Dream Serenade;01a02690-0cc2-7141-b12f-304067296ef2;DxS
01a02690-22e7-71eb-b833-308043d6b41c;Feel Me;01a02690-0cc2-7141-b12f-304067296ef2;DxS
01a02690-22e7-71eb-b833-3081163c5d60;Guilty Pleasure;01a02690-0cc2-7141-b12f-304067296ef2;DxS
01a02690-22e7-71eb-b833-3082a59a0712;Prelude of love;01a02690-0cc2-7141-b12f-304067296ef2;DxS
01a02690-22e7-71eb-b833-3083481688a4;Rockstar;01a02690-0cc2-7141-b12f-304067296ef2;DxS
01a02690-22e7-71eb-b833-308407ad2bc4;Silence;01a02690-0cc2-7141-b12f-304067296ef2;DxS
01a02690-22e7-71eb-b833-3085bf43f421;THOSE NIGHTS;01a02690-0cc2-7141-b12f-3041ef9708b4;Dylan Wright
01a02690-22e7-71eb-b833-308665ccec81;Gekkabijin;01a02690-0cc2-7141-b12f-3042f683ed43;Dytica
01a02690-22e5-74eb-8ac8-9f1dd924c26c;Play If You Want;01a02690-0cc2-7141-b12f-30437b5ba0cf;E-40
01a02690-22e7-71eb-b833-30871d2bae5d;Yes 東京;01a02690-0cc2-7141-b12f-30443540cafe;EBiDAN (恵比寿学園男子部)
01a02690-22e7-71eb-b833-3088d6e7e067;Yes Tokyo;01a02690-0cc2-7141-b12f-3045d4a619a1;EBiDAN Ebisu Gakuen Boys Club
01a02690-22e7-71eb-b833-3089e4e7fc08;Real Love;01a02690-0cc2-7141-b12f-30469e483460;ECHOVIBE
01a02690-22e7-71eb-b833-308ae0bb37f3;MUSIC ENERGY;01a02690-0cc2-7141-b12f-3047d91f2473;EIICHI OTORI(CV.Hikaru Midorikawa)
01a02690-22e5-74eb-8ac8-9f2657fe1a9c;メガLOVEハッピーワールド;01a02690-0cc2-7141-b12f-30483043715a;EIJI OTORI(CV.Yuma Uchida)
01a02690-22e3-7064-9388-1038fa2bd0d3;DNA;01a02690-0cc2-7141-b12f-30491f3b7337;EJAE
01a02690-22e3-7064-9388-103f098d9f2c;Free;01a02690-0cc2-7141-b12f-30491f3b7337;EJAE
01a02690-22e3-7064-9388-0fae31a8f398;Golden;01a02690-0cc2-7141-b12f-30491f3b7337;EJAE
01a02690-22e3-7064-9388-0faf96ca2d6c;How It’s Done;01a02690-0cc2-7141-b12f-30491f3b7337;EJAE
01a02690-22e3-7064-9388-0fb066baf4b5;Takedown;01a02690-0cc2-7141-b12f-30491f3b7337;EJAE
01a02690-22e6-772f-ba89-ecaf56389645;Time After Time;01a02690-0cc2-7141-b12f-30491f3b7337;EJAE
01a02690-22e3-7064-9388-0fb17a8aaad3;What It Sounds Like;01a02690-0cc2-7141-b12f-30491f3b7337;EJAE
01a02690-22e7-71eb-b833-308b4ab187fd;Breaking Through;01a02690-0cc2-7141-b12f-304a6cfeee49;EL CAPITXN
01a02690-22e7-71eb-b833-308c872dd9f5;Jinsei;01a02690-0cc2-7141-b12f-304b63f48cda;EL NAOYA
01a02690-22e7-71eb-b833-308d9100a13d;Stay Alive ～Regain～;01a02690-0cc2-7141-b12f-304c6b086265;EMILIA(CV:RIE TAKAHASHI)
01a02690-22e7-71eb-b833-308e9b3055e4;Big Girls Don't Cry;01a02690-0cc2-7141-b12f-304d5ad290c1;ENHYPEN
01a02690-22e7-71eb-b833-308fcc5f9cb6;Highway 1009;01a02690-0cc2-7141-b12f-304d5ad290c1;ENHYPEN
01a02690-22e7-71eb-b833-30905f43648a;Knife;01a02690-0cc2-7141-b12f-304d5ad290c1;ENHYPEN
01a02690-22e7-71eb-b833-3091f1e42bd2;Lost Island;01a02690-0cc2-7141-b12f-304d5ad290c1;ENHYPEN
01a02690-22e7-71eb-b833-30922b327c8f;No Way Back;01a02690-0cc2-7141-b12f-304d5ad290c1;ENHYPEN
01a02690-22e7-71eb-b833-3093775881c4;Sleep Tight;01a02690-0cc2-7141-b12f-304d5ad290c1;ENHYPEN
01a02690-22e7-71eb-b833-3094c0c2a261;Stealer;01a02690-0cc2-7141-b12f-304d5ad290c1;ENHYPEN
01a02690-22e7-71eb-b833-3095468ea3ae;Voice Note;01a02690-0cc2-7141-b12f-304d5ad290c1;ENHYPEN
01a02690-22e7-71eb-b833-309668064cca;We'll Be Fine;01a02690-0cc2-7141-b12f-304d5ad290c1;ENHYPEN
01a02690-22e7-71eb-b833-30972e665367;Du bist toll;01a02690-0cc2-7141-b12f-304ef21f7b59;ENKAY
01a02690-22e7-71eb-b833-3098fbb4852f;Noble Breath;01a02690-0cc2-7141-b12f-304f198c4c28;ENSEMBLE STARS!!
01a02690-22e7-71eb-b833-3099c51cc00c;Persona Abyss;01a02690-0cc2-7141-b12f-304f198c4c28;ENSEMBLE STARS!!
01a02690-22e7-71eb-b833-30726d3715af;Prologue No Sono Ato E;01a02690-0cc2-7141-b12f-304f198c4c28;ENSEMBLE STARS!!
01a02690-22e7-71eb-b833-309a1e901ba5;Sanctuaire du Lys Noir;01a02690-0cc2-7141-b12f-304f198c4c28;ENSEMBLE STARS!!
01a02690-22e7-71eb-b833-309bf3ecb413;Secret Masquerade;01a02690-0cc2-7141-b12f-304f198c4c28;ENSEMBLE STARS!!
01a02690-22e7-71eb-b833-309c83690e6c;Stranger's Sun;01a02690-0cc2-7141-b12f-304f198c4c28;ENSEMBLE STARS!!
01a02690-22e7-71eb-b833-309de76bb66e;I. the many names of god;01a02690-0cc2-7141-b12f-3050ee88f6c0;ERRA
01a02690-22e7-71eb-b833-309eb932b1f8;Overflow;01a02690-0cc2-7141-b12f-3051eca3bd96;EVAN
01a02690-22e7-71eb-b833-309fe578939f;Ride or Die;01a02690-0cc2-7141-b12f-3051eca3bd96;EVAN
01a02690-22e7-71eb-b833-30a0b5a1464e;Wind's Anthem;01a02690-0cc2-7141-b12f-3052b3c0f292;EVE
01a02690-22e7-71eb-b833-30a166061635;abyss in the world;01a02690-0cc2-7141-b12f-3052b3c0f292;EVE
01a02690-22e7-71eb-b833-30a224bd73c3;24karats GOLD LEGACY;01a02690-0cc2-7141-b12f-30532ba7507d;EXILE
01a02690-22e7-71eb-b833-30a3968f4f59;Michi;01a02690-0cc2-7141-b12f-30532ba7507d;EXILE
01a02690-22e7-71eb-b833-30a4a3ccc7b6;Back It Up;01a02690-0cc2-7141-b12f-3054bfa5b853;EXO
01a02690-22e7-71eb-b833-30a525e43524;Back Pocket;01a02690-0cc2-7141-b12f-3054bfa5b853;EXO
01a02690-22e7-71eb-b833-30a67962d7de;Crazy;01a02690-0cc2-7141-b12f-3054bfa5b853;EXO
01a02690-22e7-71eb-b833-30a7046b0261;Crown;01a02690-0cc2-7141-b12f-3054bfa5b853;EXO
01a02690-22e7-71eb-b833-30a8718b26b9;Flatline;01a02690-0cc2-7141-b12f-3054bfa5b853;EXO
01a02690-22e7-71eb-b833-30a9512b14ec;I’m Home;01a02690-0cc2-7141-b12f-3054bfa5b853;EXO
01a02690-22e7-71eb-b833-30aa25a72b43;Moonlight Shadows;01a02690-0cc2-7141-b12f-3054bfa5b853;EXO
01a02690-22e7-71eb-b833-30ab1269580d;Suffocate;01a02690-0cc2-7141-b12f-3054bfa5b853;EXO
01a02690-22e7-71eb-b833-30ac2b39db72;Touch & Go;01a02690-0cc2-7141-b12f-3054bfa5b853;EXO
01a02690-22e5-74eb-8ac8-9ef64ce8174f;Angels Above Me;01a02690-0cc2-7141-b12f-3055a57ab16f;EXXCLUSlVE
01a02690-22e7-71eb-b833-30adfc372068;Hotel California;01a02690-0cc2-7141-b12f-305672a32089;Eagles
01a02690-22e7-71eb-b833-30ae3b51d9e5;September;01a02690-0cc2-7141-b12f-305727b005a4;Earth
01a02690-22e7-71eb-b833-30af7e37793e;Chubina;01a02690-0cc2-7141-b12f-3058efd3829b;East Duo
01a02690-22e7-71eb-b833-30b05a276d69;Mon paradis;01a02690-0cc2-7141-b12f-305957fbca75;Ebony
01a02690-22e7-71eb-b833-30b1ec40d88b;The Light That Surrounds You;01a02690-0cc2-7141-b12f-305ac8d2952e;Echo
01a02690-22e7-71eb-b833-30b272e88470;Sudden Shower;01a02690-0cc2-7141-b12f-305b1ab90317;Eclipse
01a02690-22e3-7064-9388-0feeb0b91fdf;una voz;01a02690-0cc2-7141-b12f-305cf67bf6c8;Ecos Música
01a02690-22e7-71eb-b833-30b3727d057c;Azizam;01a02690-0cc2-7141-b12f-305d9e4dd29b;Ed Sheeran
01a02690-22e6-772f-ba89-ec3c20deca63;Camera;01a02690-0cc2-7141-b12f-305d9e4dd29b;Ed Sheeran
01a02690-22e7-71eb-b833-30b4cd998223;Perfect;01a02690-0cc2-7141-b12f-305d9e4dd29b;Ed Sheeran
01a02690-22e7-71eb-b833-30b5de384cbe;Photograph;01a02690-0cc2-7141-b12f-305d9e4dd29b;Ed Sheeran
01a02690-22e7-71eb-b833-30b672590737;Repeat It;01a02690-0cc2-7141-b12f-305d9e4dd29b;Ed Sheeran
01a02690-22e7-71eb-b833-30b7678f25bb;Sapphire;01a02690-0cc2-7141-b12f-305d9e4dd29b;Ed Sheeran
01a02690-22e7-71eb-b833-30b89c5f5155;Shape of You;01a02690-0cc2-7141-b12f-305d9e4dd29b;Ed Sheeran
01a02690-22e7-71eb-b833-30b96413ad50;Another Day Old;01a02690-0cc2-7141-b12f-305ec2d48548;Eddie Dalton
01a02690-22e7-71eb-b833-30ba02841b43;Cheap Red Wine;01a02690-0cc2-7141-b12f-305ec2d48548;Eddie Dalton
01a02690-22e7-71eb-b833-30bbebedeea5;Dreaming Of You;01a02690-0cc2-7141-b12f-305ec2d48548;Eddie Dalton
01a02690-22e7-71eb-b833-30bcd4c4c626;Leave The Light On;01a02690-0cc2-7141-b12f-305ec2d48548;Eddie Dalton
01a02690-22e7-71eb-b833-30bdd6e17594;Light In The Dark;01a02690-0cc2-7141-b12f-305ec2d48548;Eddie Dalton
01a02690-22e7-71eb-b833-30bead53ad9c;Quite Alright;01a02690-0cc2-7141-b12f-305ec2d48548;Eddie Dalton
01a02690-22e7-71eb-b833-30bf10e77eb7;Running To You;01a02690-0cc2-7141-b12f-305ec2d48548;Eddie Dalton
01a02690-22e7-71eb-b833-30c03f366c1c;She Don't Stay Long;01a02690-0cc2-7141-b12f-305ec2d48548;Eddie Dalton
01a02690-22e7-71eb-b833-30c138046eb0;Somewhere Along The Way;01a02690-0cc2-7141-b12f-305ec2d48548;Eddie Dalton
01a02690-22e7-71eb-b833-30c23bcf7815;Stay a Little Longer;01a02690-0cc2-7141-b12f-305ec2d48548;Eddie Dalton
01a02690-22e7-71eb-b833-30c3b57a7b31;Drivin' My Life Away;01a02690-0cc2-7141-b12f-305f3fe37ea2;Eddie Rabbitt
01a02690-22e7-71eb-b833-30c4179480c9;Meine Welt;01a02690-0cc2-7141-b12f-306045dbf83e;Eddin
01a02690-22e3-7064-9388-100156534b59;Yo Era Poesía;01a02690-0cc2-7141-b12f-3061382dfee6;Eden Muñoz
01a02690-22e7-71eb-b833-30c5d56dcd3c;Call It In;01a02690-0cc2-7141-b12f-3062c7d768bf;Editors
01a02690-22e7-71eb-b833-30c68c8400a8;The Rush;01a02690-0cc2-7141-b12f-3062c7d768bf;Editors
01a02690-22e7-71eb-b833-30c763484692;Baila de Gasolina;01a02690-0cc2-7141-b12f-3063676853dd;Effe Serieus
01a02690-22e7-71eb-b833-30c8d26a45bf;BORDER;01a02690-0cc2-7141-b12f-3064efd03988;Eikichi Yazawa
01a02690-22e7-71eb-b833-30c92175fc5e;MONSTER;01a02690-0cc2-7141-b12f-3065ceb6409e;Eir Aoi
01a02690-22e7-71eb-b833-30caa7f0b122;Walk on your way;01a02690-0cc2-7141-b12f-3065ceb6409e;Eir Aoi
01a02690-22e7-71eb-b833-30cb49873094;unrealistic;01a02690-0cc2-7141-b12f-3065ceb6409e;Eir Aoi
01a02690-22e7-71eb-b833-30ccddf15f5f;HAPPY FEELS LIKE;01a02690-0cc2-7141-b12f-306655edc2de;Ekoh
01a02690-22e7-71eb-b833-30cd4c18afee;Beretta;01a02690-0cc2-7141-b12f-3067d241dc01;El De Las R's
01a02690-22e6-772f-ba89-ecba52722911;SI SE ACABA EL MUNDO;01a02690-0cc2-7141-b12f-30688005885b;El Malilla
01a02690-22e7-71eb-b833-30ce9e30fc8b;Buenos Días;01a02690-0cc2-7141-b12f-306942080754;Eladio Carrión
01a02690-22e7-71eb-b833-30cf9d8bad2a;One Day Like This;01a02690-0cc2-7141-b12f-306aa27b846b;Elbow
01a02690-22e5-74eb-8ac8-9ee7f1f99de8;Hypercharged;01a02690-0cc2-7141-b12f-306bbfc0c0f8;Electric Callboy
01a02690-22e7-71eb-b833-30d0c4d1e6d8;Let The Good Times Roll;01a02690-0cc2-7141-b12f-306bbfc0c0f8;Electric Callboy
01a02690-22e7-71eb-b833-30d14addb9d8;The Way You Are;01a02690-0cc2-7141-b12f-306bbfc0c0f8;Electric Callboy
01a02690-22e7-71eb-b833-30d230c9fdd3;Sakurano Hana, Maiagaru Michio;01a02690-0cc2-7141-b12f-306c043ef700;Elephant Kashimashi
01a02690-22e4-7376-a60c-b9c1e2daf333;Voilà;01a02690-0cc2-7141-b12f-306dca90e8a3;Elettra Lamborghini
01a02690-22e6-772f-ba89-ec2eceac70f2;Alleluia;01a02690-0cc2-7141-b12f-306e83235819;Elevation Worship
01a02690-22e6-772f-ba89-ec2fcd00a1bc;God I'm Just Grateful;01a02690-0cc2-7141-b12f-306e83235819;Elevation Worship
01a02690-22e7-71eb-b833-30d3db02d01e;SO BE IT;01a02690-0cc2-7141-b12f-306e83235819;Elevation Worship
01a02690-22e4-7376-a60c-b96de623c163;Ricordi;01a02690-0cc2-7141-b12f-306f6e886969;Elisa
01a02690-22e5-74eb-8ac8-9efe311fd00d;Now We Are Free;01a02690-0cc2-7141-b12f-3070261d9b12;Elizabeth Finch
01a02690-22e7-71eb-b833-30d4f529de85;Baby Now That I Found You;01a02690-0cc2-7141-b12f-3071331c3b43;Ella Bright
01a02690-22e7-71eb-b833-30d51fc32b1b;Cherry Pie;01a02690-0cc2-7141-b12f-3071331c3b43;Ella Bright
01a02690-22e7-71eb-b833-30d6956cd480;Girl That I Am;01a02690-0cc2-7141-b12f-3071331c3b43;Ella Bright
01a02690-22e7-71eb-b833-30d779bb8b2c;The Bitch Is Back;01a02690-0cc2-7141-b12f-3071331c3b43;Ella Bright
01a02690-22e7-71eb-b833-30d86f5159ad;Be Her;01a02690-0cc2-7141-b12f-30727ab52555;Ella Langley
01a02690-22e7-71eb-b833-30d9102053c3;Bottom Of Your Boots;01a02690-0cc2-7141-b12f-30727ab52555;Ella Langley
01a02690-22e7-71eb-b833-30dab917dd00;Broken;01a02690-0cc2-7141-b12f-30727ab52555;Ella Langley
01a02690-22e7-71eb-b833-30db59dbf253;Choosin' Texas;01a02690-0cc2-7141-b12f-30727ab52555;Ella Langley
01a02690-22e7-71eb-b833-30dc52b7f58e;Dandelion;01a02690-0cc2-7141-b12f-30727ab52555;Ella Langley
01a02690-22e7-71eb-b833-30ddde5662c8;I Can't Love You Anymore;01a02690-0cc2-7141-b12f-30727ab52555;Ella Langley
01a02690-22e7-71eb-b833-30ded7e7676d;Jaded;01a02690-0cc2-7141-b12f-30727ab52555;Ella Langley
01a02690-22e7-71eb-b833-30dfa9263eea;Loving Life Again;01a02690-0cc2-7141-b12f-30727ab52555;Ella Langley
01a02690-22e7-71eb-b833-30e0cb09b27e;weren't for the wind;01a02690-0cc2-7141-b12f-30727ab52555;Ella Langley
01a02690-22e7-71eb-b833-30e1d45ce04f;you look like you love me;01a02690-0cc2-7141-b12f-30727ab52555;Ella Langley
01a02690-22e7-71eb-b833-30e2aa7b18ec;Give Me Joy;01a02690-0cc2-7141-b12f-3073ebcb616b;Elle Limebear
01a02690-22e7-71eb-b833-30e3911e33fa;4 Seasons;01a02690-0cc2-7141-b12f-30747dcf4c50;Ellie Goulding
01a02690-22e7-71eb-b833-30e4973a4b89;Black Prada Dress;01a02690-0cc2-7141-b12f-30747dcf4c50;Ellie Goulding
01a02690-22e7-71eb-b833-30e5468dcdd9;Love Me Like You Do;01a02690-0cc2-7141-b12f-30747dcf4c50;Ellie Goulding
01a02690-22e7-71eb-b833-30e6e3b94d06;Ravers;01a02690-0cc2-7141-b12f-30747dcf4c50;Ellie Goulding
01a02690-22e7-71eb-b833-30e7204c74f6;Comets + Gold;01a02690-0cc2-7141-b12f-3075e3ef9341;Elmiene
01a02690-22e7-71eb-b833-30779f9a3003;Cold Heart;01a02690-0cc2-7141-b12f-3076d64d51ef;Elton John
01a02690-22e7-71eb-b833-30d779bb8b2c;The Bitch Is Back;01a02690-0cc2-7141-b12f-3076d64d51ef;Elton John
01a02690-22e6-772f-ba89-ece112700e6a;Azukita;01a02690-0cc2-7141-b12f-307797320a9c;Elvis Crespo
01a02690-22e7-71eb-b833-30e8892df000;LA GRACIOSA;01a02690-0cc2-7141-b12f-307797320a9c;Elvis Crespo
01a02690-22e7-71eb-b833-30e96b72ee5b;Oh Happy Day;01a02690-0cc2-7141-b12f-30785e35fa80;Elvis Presley
01a02690-22e7-71eb-b833-30eaeec496e5;Wearin' That Night Life Look;01a02690-0cc2-7141-b12f-30785e35fa80;Elvis Presley
01a02690-22e4-7376-a60c-b99ca0c73ca8;Opalite;01a02690-0cc2-7141-b12f-3079af11c14d;Ely Oaks
01a02690-22e7-71eb-b833-30eb471f99b0;Stop;01a02690-0cc2-7141-b12f-307a94e7309d;Embrace
01a02690-22e7-71eb-b833-30ec8bac93eb;Voyaging Star's Farewell;01a02690-0cc2-7141-b12f-307b1e279091;Emi Evans
01a02690-22e5-74eb-8ac8-9ec281dd8d6f;Red Kiss;01a02690-0cc2-7141-b12f-307c63fc9ecc;Emi Thasorn
01a02690-22e5-74eb-8ac8-9ec3ee8729f6;ยิ่งชิดยิ่งคิด;01a02690-0cc2-7141-b12f-307c63fc9ecc;Emi Thasorn
01a02690-22e7-71eb-b833-30edce5cb040;Kribbeln im Bauch;01a02690-0cc2-7141-b12f-307dcdb7c812;Emil
01a02690-22e7-71eb-b833-30ee83b7eafa;Laundry;01a02690-0cc2-7141-b12f-307ee625e807;Emily Ann Roberts
01a02690-22e7-71eb-b833-30ef64e3da1d;Lose Yourself;01a02690-0cc2-7141-b12f-307f9f81eb70;Eminem
01a02690-22e7-71eb-b833-30f06d82dc42;Without Me;01a02690-0cc2-7141-b12f-307f9f81eb70;Eminem
01a02690-22e3-7064-9388-10554cc4a9ee;LA TESTA GIRA;01a02690-0cc2-7141-b12f-3080e7c403c6;Emis Killa
01a02690-22e7-71eb-b833-30f1a87cf0b9;ANTIDROGA;01a02690-0cc2-7141-b12f-3081757ed65f;Emma
01a02690-22e7-71eb-b833-30f298e33390;VACCI PIANO;01a02690-0cc2-7141-b12f-3081757ed65f;Emma
01a02690-22e7-71eb-b833-30f3dedd344d;À force d’aimer comme ça;01a02690-0cc2-7141-b12f-3082ca229656;Emma Delune
01a02690-22e7-71eb-b833-30f4ee04ed91;Hartenbreker;01a02690-0cc2-7141-b12f-3083fb63d413;Emma Heesters
01a02690-22e5-74eb-8ac8-9ef5df21ee3f;Hopeless War;01a02690-0cc2-7141-b12f-3084e332887e;Emma Pittman
01a02690-22e3-7064-9388-101c00369893;Prologue;01a02690-0cc2-7141-b12f-30855ca96cc7;Emmylou Harris
01a02690-22e7-71eb-b833-30f505dd94f9;A Man Without Love;01a02690-0cc2-7141-b12f-30866532f3ad;Engelbert Humperdinck
01a02690-22e7-71eb-b833-30f6b2824648;The Child In Us;01a02690-0cc2-7141-b12f-3087ebb3c970;Enigma
01a02690-22e7-71eb-b833-30f724889863;Maledetti innamorati;01a02690-0cc2-7141-b12f-30882e2597f0;Enrico Nigiotti
01a02690-22e7-71eb-b833-30f833a40ded;Caribbean Blue;01a02690-0cc2-7141-b12f-30890c8ae0ef;Enya
01a02690-22e7-71eb-b833-30f9fb24f6a2;Only Time;01a02690-0cc2-7141-b12f-30890c8ae0ef;Enya
01a02690-22e3-7064-9388-101f2afd6f0d;VOLTAGE;01a02690-0cc2-7141-b12f-308a67cd6d54;Epiphaneia (CV: Hikari Senga)
01a02690-22e7-71eb-b833-30fa55e73432;A Little Respect;01a02690-0cc2-7141-b12f-308bdec69864;Erasure
01a02690-22e7-71eb-b833-30fb1f2a769f;Give Me Back My Hometown;01a02690-0cc2-7141-b12f-308cc6c1d9d4;Eric Church
01a02690-22e7-71eb-b833-30fcff2c4028;Johnny;01a02690-0cc2-7141-b12f-308cc6c1d9d4;Eric Church
01a02690-22e7-71eb-b833-30fd381a7027;McArthur;01a02690-0cc2-7141-b12f-308cc6c1d9d4;Eric Church
01a02690-22e3-7064-9388-10134c375ec3;Rent Free;01a02690-0cc2-7141-b12f-308de056e283;Eric Gales
01a02690-22e7-71eb-b833-30feb5050b28;Ich denk an dich;01a02690-0cc2-7141-b12f-308ed7ef68cd;Eric Philippi
01a02690-22e7-71eb-b833-30ff03f3aa45;Stella stellina;01a02690-0cc2-7141-b12f-308fc1af1f99;Ermal Meta
01a02690-22e7-71eb-b833-3100a77b9bba;Come nei film;01a02690-0cc2-7141-b12f-30908071457f;Eros Ramazzotti
01a02690-22e7-71eb-b833-3101ee7aea41;Fuck Being a Princess;01a02690-0cc2-7141-b12f-309164302d50;Esme Rose
01a02690-22e3-7064-9388-1020f0f08e72;You Aim A;01a02690-0cc2-7141-b12f-3092f6e5105c;Espoir City (CV: Asaka)
01a02690-22e7-71eb-b833-310206ef9d01;Amore mit Mio;01a02690-0cc2-7141-b12f-3093ccf54feb;Esteriore Brothers
01a02690-22e5-74eb-8ac8-9f13776d55a8;Heaven;01a02690-0cc2-7141-b12f-30940238ab9a;Eurogliders
01a02690-22e7-71eb-b833-3103b50d2aae;One on One;01a02690-0cc2-7141-b12f-3095b5be0e70;Europe
01a02690-22e7-71eb-b833-3104a139c43d;The Cult of Ignorance;01a02690-0cc2-7141-b12f-3095b5be0e70;Europe
01a02690-22e7-71eb-b833-310524256cab;The Final Countdown;01a02690-0cc2-7141-b12f-3095b5be0e70;Europe
01a02690-22e7-71eb-b833-310617fd9099;Sweet Dreams;01a02690-0cc2-7141-b12f-30962a030832;Eurythmics
01a02690-22e7-71eb-b833-310753557d1e;Wayfaring Stranger;01a02690-0cc2-7141-b12f-3097dc567ece;Eva Cassidy
01a02690-22e7-71eb-b833-3108fc0c5e7b;Heimliche Tränen;01a02690-0cc2-7141-b12f-30985a4b2e1c;Eva Luginger
01a02690-22e7-71eb-b833-3109a7c3b2e8;Afterlife;01a02690-0cc2-7141-b12f-3099865d9a78;Evanescence
01a02690-22e7-71eb-b833-310aa75e2039;Bring Me to Life;01a02690-0cc2-7141-b12f-3099865d9a78;Evanescence
01a02690-22e7-71eb-b833-310b9da04512;How Do I Heal;01a02690-0cc2-7141-b12f-3099865d9a78;Evanescence
01a02690-22e7-71eb-b833-310ca0b20117;My Immortal;01a02690-0cc2-7141-b12f-3099865d9a78;Evanescence
01a02690-22e7-71eb-b833-310db14bf514;Who Will You Follow;01a02690-0cc2-7141-b12f-3099865d9a78;Evanescence
01a02690-22e7-71eb-b833-310e440b07f7;Peace of Mind;01a02690-0cc2-7141-b12f-309a34075e2a;Everlast
01a02690-22e7-71eb-b833-310fd9567661;3111;01a02690-0cc2-7141-b12f-309bc197dd26;Exodus
01a02690-22e7-71eb-b833-3110a9b80d1b;Goliath;01a02690-0cc2-7141-b12f-309bc197dd26;Exodus
01a02690-22e7-71eb-b833-311122942847;Promise You This;01a02690-0cc2-7141-b12f-309bc197dd26;Exodus
01a02690-22e7-71eb-b833-3112b8d95335;INDUSTRIAL STRENGTH;01a02690-0cc2-7141-b12f-309c497ff487;Extreme Hybrid Wrestling
01a02690-22e7-71eb-b833-3113f72cfd68;Yeraltı;01a02690-0cc2-7141-b12f-309d1871013a;Eypio
01a02690-22e7-71eb-b833-31148e5bc3c7;Helicopters;01a02690-0cc2-7141-b12f-309e32ebf67b;Ezra Collective
01a02690-22e7-71eb-b833-3115fbe3547e;SUNFLOWER;01a02690-0cc2-7141-b12f-309f401bba53;FANTASTICS from EXILE TRIBE
01a02690-22e6-772f-ba89-ece552aed662;VERLIEBT IN MICH;01a02690-0cc2-7141-b12f-30a0177a5138;FAYAN
01a02690-22e7-71eb-b833-31167e985c78;My System;01a02690-0cc2-7141-b12f-30a11a392301;FELICIA
01a02690-22e7-71eb-b833-3117a44e0443;Dan Dan Kokoro Hikareteku ~30thver~;01a02690-0cc2-7141-b12f-30a210687af9;FIELD OF VIEW
01a02690-22e3-7064-9388-1054f8237de4;Goals;01a02690-0cc2-7141-b12f-30a305ad75a8;FIFA Sound
01a02690-22e7-71eb-b833-31185f013f30;The Official FIFA World Cup 26™ Theme;01a02690-0cc2-7141-b12f-30a305ad75a8;FIFA Sound
01a02690-22e7-71eb-b833-3119b351c556;Rain;01a02690-0cc2-7141-b12f-30a443f3f2ff;FISHER
01a02690-22e7-71eb-b833-311a200849f9;Zonder Jou;01a02690-0cc2-7141-b12f-30a5f9e84791;FLEMMING
01a02690-22e7-71eb-b833-311b5c7107c2;Don’t Break Her Heart;01a02690-0cc2-7141-b12f-30a686a80e96;FLO
01a02690-22e7-71eb-b833-311c3d5c71fb;Leak It;01a02690-0cc2-7141-b12f-30a686a80e96;FLO
01a02690-22e7-71eb-b833-311d6e1bd410;Remedied;01a02690-0cc2-7141-b12f-30a686a80e96;FLO
01a02690-22e7-71eb-b833-311efbfff565;อยู่ด้วยกันนะ;01a02690-0cc2-7141-b12f-30a77cc3c8b1;FOURTH
01a02690-22e7-71eb-b833-311ff8a2c61f;Einfach weil ich's liebe;01a02690-0cc2-7141-b12f-30a8a0492f6f;FRIDA GOLD
01a02690-22e7-71eb-b833-31207c9d5459;Geboren um zu Leben;01a02690-0cc2-7141-b12f-30a8a0492f6f;FRIDA GOLD
01a02690-22e7-71eb-b833-312196ffed0d;Mein Leben;01a02690-0cc2-7141-b12f-30a8a0492f6f;FRIDA GOLD
01a02690-22e7-71eb-b833-31221fc31cca;Neuer Tag;01a02690-0cc2-7141-b12f-30a8a0492f6f;FRIDA GOLD
01a02690-22e7-71eb-b833-31237268ea7a;Raus an Dich;01a02690-0cc2-7141-b12f-30a8a0492f6f;FRIDA GOLD
01a02690-22e8-7496-8881-bf0b63ffd147;1,2,3,FOOOOUR;01a02690-0cc2-7141-b12f-30a9618fc741;FRUITS ZIPPER
01a02690-22e8-7496-8881-bf0c7b5feb0f;ふるっぱれーど;01a02690-0cc2-7141-b12f-30a9618fc741;FRUITS ZIPPER
01a02690-22e8-7496-8881-bf0de920d36e;君と目があったとき;01a02690-0cc2-7141-b12f-30a9618fc741;FRUITS ZIPPER
01a02690-22e8-7496-8881-bf0e421fe751;HOTLINE;01a02690-0cc2-7141-b12f-30aab0bbc816;FUMINO
01a02690-22e8-7496-8881-bf0f9d745e7c;favorite song;01a02690-0cc2-7141-b12f-30aab0bbc816;FUMINO
01a02690-22e8-7496-8881-bf10bbba43f0;Kisekijanai;01a02690-0cc2-7141-b12f-30abd569c485;FUNKY MONKEY BΛBY'S × いきものがかり
01a02690-22e7-71eb-b833-30f1a87cf0b9;ANTIDROGA;01a02690-0cc2-7141-b12f-30ac08f143ac;Fabri Fibra
01a02690-22e8-7496-8881-bf11ca65e0c4;The Rising Skyline;01a02690-0cc2-7141-b12f-30ad73ab0adc;Failure
01a02690-22e8-7496-8881-bf12ec664406;Waiting At The Gate;01a02690-0cc2-7141-b12f-30aef69c95b1;Faith Grey
01a02690-22e3-7064-9388-10068bafc6f3;Club Bizarre;01a02690-0cc2-7141-b12f-30af366e84e2;Faithless
01a02690-22e8-7496-8881-bf13d6184cdc;Insomnia;01a02690-0cc2-7141-b12f-30af366e84e2;Faithless
01a02690-22e4-7376-a60c-b9d725831e6e;New Religion;01a02690-0cc2-7141-b12f-30af366e84e2;Faithless
01a02690-22e8-7496-8881-bf14ef2066c6;Me voy;01a02690-0cc2-7141-b12f-30b04bf765dc;Fangoria
01a02690-22e8-7496-8881-bf15faa72140;Das Tabu;01a02690-0cc2-7141-b12f-30b1b3f1576f;Fantasy
01a02690-22e8-7496-8881-bf1613d00332;Ein anderer Duft;01a02690-0cc2-7141-b12f-30b1b3f1576f;Fantasy
01a02690-22e8-7496-8881-bf1704528e93;Sag niemals nie;01a02690-0cc2-7141-b12f-30b1b3f1576f;Fantasy
01a02690-22e8-7496-8881-bf1873f6b6f1;Samstagnacht;01a02690-0cc2-7141-b12f-30b1b3f1576f;Fantasy
01a02690-22e8-7496-8881-bf19f18a699e;Was hast du mit mir vor;01a02690-0cc2-7141-b12f-30b1b3f1576f;Fantasy
01a02690-22e8-7496-8881-bf1a4ff5ae85;Wo schläfst du heut Nacht;01a02690-0cc2-7141-b12f-30b1b3f1576f;Fantasy
01a02690-22e8-7496-8881-bf1b4b18718d;UNETHICAL;01a02690-0cc2-7141-b12f-30b25922e9fb;Faouzia
01a02690-22e8-7496-8881-bf1c779069cb;Happy 2bD;01a02690-0cc2-7141-b12f-30b3127a47cc;Farin Urlaub
01a02690-22e8-7496-8881-bf1d234c297d;Kein Pardon;01a02690-0cc2-7141-b12f-30b3127a47cc;Farin Urlaub
01a02690-22e8-7496-8881-bf1eb8683215;Sie;01a02690-0cc2-7141-b12f-30b3127a47cc;Farin Urlaub
01a02690-22e4-7376-a60c-b962b7664b98;NYPD;01a02690-0cc2-7141-b12f-30b476d3925b;Farmaan SMG
01a02690-22e8-7496-8881-bf1f0c7a7b9e;Momentos;01a02690-0cc2-7141-b12f-30b5d076f166;Farreras
01a02690-22e8-7496-8881-bf20e36ebd16;YAPAQUE;01a02690-0cc2-7141-b12f-30b601d8d14f;Farruko
01a02690-22e8-7496-8881-bf21c39baaf0;Vindaloo;01a02690-0cc2-7141-b12f-30b77e1314e6;Fat Les
01a02690-22e8-7496-8881-bf2240a28e34;Bereit für's Leben;01a02690-0cc2-7141-b12f-30b8bb409082;Faust
01a02690-22e8-7496-8881-bf234e7833f4;Kadhalar dhinam;01a02690-0cc2-7141-b12f-30b90f24a1de;Favas Fazin
01a02690-22e8-7496-8881-bf248248777f;你我經歷的一刻;01a02690-0cc2-7141-b12f-30babcc38cbd;Faye Wong
01a02690-22e8-7496-8881-bf255473dd50;MALE NECESSARIO;01a02690-0cc2-7141-b12f-30bb3ffdde93;Fedez
01a02690-22e8-7496-8881-bf26e71e2370;CAMBIARÉ;01a02690-0cc2-7141-b12f-30bcfc81dfed;Feid
01a02690-22e8-7496-8881-bf27ec0b770c;Read My Lips;01a02690-0cc2-7141-b12f-30bcfc81dfed;Feid
01a02690-22e8-7496-8881-bf28f0af784a;Te Entiendo;01a02690-0cc2-7141-b12f-30bcfc81dfed;Feid
01a02690-22e8-7496-8881-bf2938c82c72;My Moon My Man;01a02690-0cc2-7141-b12f-30bdde978235;Feist
01a02690-22e8-7496-8881-bf2a04da339a;Total Eclipse Of The Heart;01a02690-0cc2-7141-b12f-30be94155ab0;Felix Harrer
01a02690-22e8-7496-8881-bf2baca09a2f;NOW'S A GOOD TIME TO BE;01a02690-0cc2-7141-b12f-30bfe388cf33;Felix Jaehn
01a02690-22e6-772f-ba89-ec26757776b9;boy you turn me;01a02690-0cc2-7141-b12f-30bfe388cf33;Felix Jaehn
01a02690-22e8-7496-8881-bf2c0a85b15c;Trap Queen;01a02690-0cc2-7141-b12f-30c01d08327a;Fetty Wap
01a02690-22e8-7496-8881-bf2d77fce419;Allons Voir;01a02690-0cc2-7141-b12f-30c1ea1fc525;Feu! Chatterton
01a02690-22e5-74eb-8ac8-9f1ba565fb8e;Dai Dai;01a02690-0cc2-7141-b12f-30c2a8a731d5;Filipe Ret
01a02690-22e8-7496-8881-bf2eb20c31fe;Favorite Toxic;01a02690-0cc2-7141-b12f-30c384e550a4;Film Rachanun
01a02690-22e8-7496-8881-bf2f683b2e83;Yeehaw;01a02690-0cc2-7141-b12f-30c4a1161a94;Filmore
01a02690-22e4-7376-a60c-b9e262e79eac;Meteo-Right;01a02690-0cc2-7141-b12f-30c5fc75544b;Fine Motion (CV: Chinami Hashimoto)
01a02690-22e5-74eb-8ac8-9f414871ab1c;TRACEN RAMEN;01a02690-0cc2-7141-b12f-30c5fc75544b;Fine Motion (CV: Chinami Hashimoto)
01a02690-22e7-71eb-b833-30ae3b51d9e5;September;01a02690-0cc2-7141-b12f-30c65789da9c;Fire
01a02690-22e8-7496-8881-bf305a0ff182;Burning down the past;01a02690-0cc2-7141-b12f-30c7fa12fc47;Fireball Woman on Fire
01a02690-22e8-7496-8881-bf316a3236f7;Body;01a02690-0cc2-7141-b12f-30c8944c1494;Fireboy DML
01a02690-22e8-7496-8881-bf32203408a0;กลิ่นฝน;01a02690-0cc2-7141-b12f-30c9964e9ae5;FirstOne
01a02690-22e8-7496-8881-bf3310d6b5a2;Keep On Movin';01a02690-0cc2-7141-b12f-30ca5fc14592;Five
01a02690-22e8-7496-8881-bf34310ca482;De Oppresso Liber;01a02690-0cc2-7141-b12f-30cb8d1686fe;Five Finger Death Punch
01a02690-22e8-7496-8881-bf359f7c889a;Eye of the Storm;01a02690-0cc2-7141-b12f-30cb8d1686fe;Five Finger Death Punch
01a02690-22e8-7496-8881-bf362b8db0ab;In Time;01a02690-0cc2-7141-b12f-30cb8d1686fe;Five Finger Death Punch
01a02690-22e8-7496-8881-bf37e7b1773e;Thinkin Bout You;01a02690-0cc2-7141-b12f-30ccebd19a8b;Flea
01a02690-22e8-7496-8881-bf38ef7be37c;Traffic Lights;01a02690-0cc2-7141-b12f-30ccebd19a8b;Flea
01a02690-22e8-7496-8881-bf397a9d069b;A Small Miracle;01a02690-0cc2-7141-b12f-30cdae9e5d7c;Fleet Snowfluff
01a02690-22e8-7496-8881-bf3afa71a077;Dreams;01a02690-0cc2-7141-b12f-30ce3877a886;Fleetwood Mac
01a02690-22e8-7496-8881-bf3ba9f860ea;Landslide;01a02690-0cc2-7141-b12f-30ce3877a886;Fleetwood Mac
01a02690-22e8-7496-8881-bf3ced67846e;Silver Springs;01a02690-0cc2-7141-b12f-30ce3877a886;Fleetwood Mac
01a02690-22e8-7496-8881-bf3ddf14dbcf;The Chain;01a02690-0cc2-7141-b12f-30ce3877a886;Fleetwood Mac
01a02690-22e8-7496-8881-bf3e0616b116;Niet Nodig;01a02690-0cc2-7141-b12f-30cfa5d2562a;Flemming
01a02690-22e8-7496-8881-bf3f90da947a;FA9LA;01a02690-0cc2-7141-b12f-30d0ed194046;Flipperachi
01a02690-22e3-7064-9388-104ad28c798a;Malaïka;01a02690-0cc2-7141-b12f-30d182996d17;Florent Pagny
01a02690-22e8-7496-8881-bf4084c17750;Fremd auf der Party;01a02690-0cc2-7141-b12f-30d266494e96;Florian Künstler
01a02690-22e8-7496-8881-bf414e53fe15;Ich wie du;01a02690-0cc2-7141-b12f-30d266494e96;Florian Künstler
01a02690-22e8-7496-8881-bf42f49eb175;Wehe du gibst auf;01a02690-0cc2-7141-b12f-30d266494e96;Florian Künstler
01a02690-22e8-7496-8881-bf43b6304ab3;Schau mal herein;01a02690-0cc2-7141-b12f-30d30d35627c;Florian Silbereisen
01a02690-22e6-772f-ba89-ecc7abb00dc0;Schutzengel;01a02690-0cc2-7141-b12f-30d30d35627c;Florian Silbereisen
01a02690-22e8-7496-8881-bf44c6783dfd;Kygo Jo;01a02690-0cc2-7141-b12f-30d42eec0438;Flow Kingz
01a02690-22e8-7496-8881-bf459dad3123;Das ist mein Weg;01a02690-0cc2-7141-b12f-30d5f1c22b06;Flugpoet1
01a02690-22e8-7496-8881-bf46b54f32af;Meowmeow Alarm Clock;01a02690-0cc2-7141-b12f-30d6a68a9918;Focicatto
01a02690-22e8-7496-8881-bf479f2730d3;SSAK;01a02690-0cc2-7141-b12f-30d793960b5f;Foggyatthebottom
01a02690-22e8-7496-8881-bf4865df5f74;Marianne;01a02690-0cc2-7141-b12f-30d86082de36;Fontaines D.C.
01a02690-22e8-7496-8881-bf492f3d0270;Asking For A Friend;01a02690-0cc2-7141-b12f-30d9eddf11fc;Foo Fighters
01a02690-22e8-7496-8881-bf4a692f7fd9;Caught In The Echo;01a02690-0cc2-7141-b12f-30d9eddf11fc;Foo Fighters
01a02690-22e8-7496-8881-bf4b34a7a733;Of All People;01a02690-0cc2-7141-b12f-30d9eddf11fc;Foo Fighters
01a02690-22e8-7496-8881-bf4cb082c11b;Unconditional;01a02690-0cc2-7141-b12f-30d9eddf11fc;Foo Fighters
01a02690-22e8-7496-8881-bf4d6012226a;Your Favorite Toy;01a02690-0cc2-7141-b12f-30d9eddf11fc;Foo Fighters
01a02690-22e8-7496-8881-bf4e300f6c8c;I Want to Know What Love Is;01a02690-0cc2-7141-b12f-30da05b93a1a;Foreigner
01a02690-22e8-7496-8881-bf4fc48fd1da;You’ll Be The Proof;01a02690-0cc2-7141-b12f-30dbca3ce305;Forest Blakk
01a02690-22e3-7064-9388-101f2afd6f0d;VOLTAGE;01a02690-0cc2-7141-b12f-30dc2080c055;Forever Young (CV: Shuri Miyumi)
01a02690-22e3-7064-9388-1020f0f08e72;You Aim A;01a02690-0cc2-7141-b12f-30dc2080c055;Forever Young (CV: Shuri Miyumi)
01a02690-22e8-7496-8881-bf50fbee7d56;2 STEP THE ENEMY;01a02690-0cc2-7141-b12f-30dd309a7df1;Forrest Frank
01a02690-22e6-772f-ba89-ecd789ba2c55;Good Day;01a02690-0cc2-7141-b12f-30dd309a7df1;Forrest Frank
01a02690-22e8-7496-8881-bf51b0ae2583;OKAY;01a02690-0cc2-7141-b12f-30dd309a7df1;Forrest Frank
01a02690-22e8-7496-8881-bf525b1c896a;SOMEBODY PRAYED;01a02690-0cc2-7141-b12f-30dd309a7df1;Forrest Frank
01a02690-22e8-7496-8881-bf5364249bba;THANKFUL;01a02690-0cc2-7141-b12f-30dd309a7df1;Forrest Frank
01a02690-22e8-7496-8881-bf546dbe1468;Un'Alba Senza Luce;01a02690-0cc2-7141-b12f-30de38e021d2;Francesco Caggiano
01a02690-22e8-7496-8881-bf559227dc82;Cirano;01a02690-0cc2-7141-b12f-30df8ea8db19;Francesco Guccini
01a02690-22e8-7496-8881-bf56a953b1de;L'avvelenata;01a02690-0cc2-7141-b12f-30df8ea8db19;Francesco Guccini
01a02690-22e8-7496-8881-bf573bd4a9f4;Il faudrait que pleuve l’amour;01a02690-0cc2-7141-b12f-30e06f160582;Francis Cabrel
01a02690-22e8-7496-8881-bf58489ac3d6;My Way;01a02690-0cc2-7141-b12f-30e1268b82d6;Frank Sinatra
01a02690-22e8-7496-8881-bf590d99c6b8;Theme from New York, New York;01a02690-0cc2-7141-b12f-30e1268b82d6;Frank Sinatra
01a02690-22e6-772f-ba89-ed0ea4470d0c;Three Lions;01a02690-0cc2-7141-b12f-30e2424dde33;Frank Skinner
01a02690-22e6-772f-ba89-ec6a5920e5af;Echoes of You;01a02690-0cc2-7141-b12f-30e39ef8930f;Frankie Lily
01a02690-22e5-74eb-8ac8-9f3a870b4064;All it Takes is One Bad Day;01a02690-0cc2-7141-b12f-30e43461273f;Frankie Pulitzer
01a02690-22e8-7496-8881-bf5a711b8156;Zij Hoort Bij Mij;01a02690-0cc2-7141-b12f-30e5bc7beb03;Frans Bauer
01a02690-22e8-7496-8881-bf5bc45140bd;De Kater Duurt Maar Even;01a02690-0cc2-7141-b12f-30e6d5f6bde8;Frans Duijts
01a02690-22e3-7064-9388-10554cc4a9ee;LA TESTA GIRA;01a02690-0cc2-7141-b12f-30e747d23a97;Fred De Palma
01a02690-22e8-7496-8881-bf5c56f22488;FIX UR FACE;01a02690-0cc2-7141-b12f-30e8509641bc;Fred Durst
01a02690-22e8-7496-8881-bf5dbd937d22;Lights Burn Dimmer;01a02690-0cc2-7141-b12f-30e9cc5f6684;Fred again..
01a02690-22e8-7496-8881-bf5efbc4ee22;Talk of the Town;01a02690-0cc2-7141-b12f-30e9cc5f6684;Fred again..
01a02690-22e8-7496-8881-bf5f616ff309;Don't Call;01a02690-0cc2-7141-b12f-30eac8c9ee08;Free Nationals
01a02690-22e8-7496-8881-bf60342e7463;Halverwege;01a02690-0cc2-7141-b12f-30eb56f294b2;Freek
01a02690-22e8-7496-8881-bf61563363d6;Ever Since U Left Me;01a02690-0cc2-7141-b12f-30ecee2d991c;French Montana
01a02690-22e3-7064-9388-0fe433bc2b22;Shine;01a02690-0cc2-7141-b12f-30ecee2d991c;French Montana
01a02690-22e5-74eb-8ac8-9f4843c64556;3 x KO;01a02690-0cc2-7141-b12f-30ed57660d34;Frenzy
01a02690-22e6-772f-ba89-ecab5ab66070;Party an der Playa;01a02690-0cc2-7141-b12f-30ed57660d34;Frenzy
01a02690-22e8-7496-8881-bf629d62b336;Scheißegal;01a02690-0cc2-7141-b12f-30ed57660d34;Frenzy
01a02690-22e8-7496-8881-bf631abe8678;Wild Horse;01a02690-0cc2-7141-b12f-30eec7dc5ba8;Freya Ridings
01a02690-22e8-7496-8881-bf6492d5e110;Wovon sollen wir träumen;01a02690-0cc2-7141-b12f-30ef44c6f9f6;Frida Gold
01a02690-22e8-7496-8881-bf656c29c2ae;Sky and Sand;01a02690-0cc2-7141-b12f-30f001018a17;Fritz Kalkbrenner
01a02690-22e8-7496-8881-bf662da3b6cd;Die for You;01a02690-0cc2-7141-b12f-30f11edf3695;From Ashes to New
01a02690-22e8-7496-8881-bf67123a46e1;Wakamono No Subete;01a02690-0cc2-7141-b12f-30f269a7fccc;Fujifabric
01a02690-22e7-71eb-b833-30e7204c74f6;Comets + Gold;01a02690-0cc2-7141-b12f-30f3c756249f;Fujii Kaze
01a02690-22e8-7496-8881-bf683e04c86c;It's Alright;01a02690-0cc2-7141-b12f-30f3c756249f;Fujii Kaze
01a02690-22e8-7496-8881-bf69ca58df21;Michi Teyu Ku;01a02690-0cc2-7141-b12f-30f3c756249f;Fujii Kaze
01a02690-22e8-7496-8881-bf6abcdc69b4;My Place;01a02690-0cc2-7141-b12f-30f3c756249f;Fujii Kaze
01a02690-22e8-7496-8881-bf6b79d8ca3d;Stupida sfortuna;01a02690-0cc2-7141-b12f-30f4d1317c10;Fulminacci
01a02690-22e8-7496-8881-bf6cabd229f6;Naraku;01a02690-0cc2-7141-b12f-30f51acb8cea;Fumage
01a02690-22e8-7496-8881-bf6d3c0cb063;Up and Turn;01a02690-0cc2-7141-b12f-30f66db94cc5;Fura Kanato
01a02690-22e8-7496-8881-bf6ecba1fc33;Sorrowland;01a02690-0cc2-7141-b12f-30f7ef509399;Fury In the Slaughterhouse
01a02690-22e8-7496-8881-bf6f016d28a0;Viva La Revolution;01a02690-0cc2-7141-b12f-30f7ef509399;Fury In the Slaughterhouse
01a02690-22e8-7496-8881-bf707fd02d73;When We Were Young;01a02690-0cc2-7141-b12f-30f7ef509399;Fury In the Slaughterhouse
01a02690-22e8-7496-8881-bf715796e3c5;ALL IN;01a02690-0cc2-7141-b12f-30f84cdfeb50;Fäaschtbänkler
01a02690-22e3-7064-9388-1011e1b3fb91;Nimm das Leben nicht zu ernst;01a02690-0cc2-7141-b12f-30f84cdfeb50;Fäaschtbänkler
01a02690-22e8-7496-8881-bf728acfe6f9;Bed on Fire;01a02690-0cc2-7141-b12f-30f9fc179076;G Flip
01a02690-22e8-7496-8881-bf7370e9627b;Ryuchijo;01a02690-0cc2-7141-b12f-30fa1eeb4b94;G PLANTS
01a02690-22e8-7496-8881-bf74201f817a;Dangerous;01a02690-0cc2-7141-b12f-30fb425d7a90;GEMINI
01a02690-22e8-7496-8881-bf751bd68d34;STORM I;01a02690-0cc2-7141-b12f-30fcb7820868;GENER8ION
01a02690-22e8-7496-8881-bf767ee6e922;STORM II;01a02690-0cc2-7141-b12f-30fcb7820868;GENER8ION
01a02690-22e8-7496-8881-bf77426824cb;Honshin;01a02690-0cc2-7141-b12f-30fd4f66a56f;GENERATIONS from EXILE TRIBE
01a02690-22e8-7496-8881-bf78e856d316;CIEL;01a02690-0cc2-7141-b12f-30fe29acee34;GIMS
01a02690-22e8-7496-8881-bf7984b2ae0d;FANTAISIE;01a02690-0cc2-7141-b12f-30fe29acee34;GIMS
01a02690-22e8-7496-8881-bf7a43a3625b;Monica;01a02690-0cc2-7141-b12f-30fe29acee34;GIMS
01a02690-22e8-7496-8881-bf7b22e8415c;PARISIENNE;01a02690-0cc2-7141-b12f-30fe29acee34;GIMS
01a02690-22e8-7496-8881-bf7c3a4c4f90;SPA;01a02690-0cc2-7141-b12f-30fe29acee34;GIMS
01a02690-22e8-7496-8881-bf7d458c7b2b;Soleil;01a02690-0cc2-7141-b12f-30fe29acee34;GIMS
01a02690-22e8-7496-8881-bf7e7c524040;Tweak;01a02690-0cc2-7141-b12f-30ff4f94d069;GIRLSET
01a02690-22e4-7376-a60c-b95dda7e7a89;PENSIERO STUPENDO;01a02690-0cc2-7141-b12f-3100c0044844;GIUSEPPE ROCCASALVO
01a02690-22e8-7496-8881-bf7fb9838585;Kaen;01a02690-0cc2-7141-b12f-3101cd0305eb;GNJB
01a02690-22e7-71eb-b833-3088d6e7e067;Yes Tokyo;01a02690-0cc2-7141-b12f-3101cd0305eb;GNJB
01a02690-22e7-71eb-b833-3060b244f89c;Vincent;01a02690-0cc2-7141-b12f-310259a1a1d6;GOVARDO
01a02690-22e8-7496-8881-bf808787da98;Aiuta;01a02690-0cc2-7141-b12f-31037ed4ff6c;GReeeeN
01a02690-22e8-7496-8881-bf8175fb4e64;I Hope;01a02690-0cc2-7141-b12f-3104ad2d5010;Gabby Barrett
01a02690-22e8-7496-8881-bf821d86e9d3;The Good Ones;01a02690-0cc2-7141-b12f-3104ad2d5010;Gabby Barrett
01a02690-22e3-7064-9388-1038fa2bd0d3;DNA;01a02690-0cc2-7141-b12f-3105b689cd28;Gabry Ponte
01a02690-22e8-7496-8881-bf837d17708f;Freed from Desire;01a02690-0cc2-7141-b12f-3106272cbfb5;Gala
01a02690-22e8-7496-8881-bf84d42f4ec4;LA VILLA;01a02690-0cc2-7141-b12f-310797673713;Gangsta
01a02690-22e8-7496-8881-bf8587457638;L'adieu;01a02690-0cc2-7141-b12f-3108022fd934;Garou
01a02690-22e8-7496-8881-bf863cd4cc6a;Last One To Know;01a02690-0cc2-7141-b12f-31090512cf5a;Gavin Adcock
01a02690-22e8-7496-8881-bf8797495982;Shoes;01a02690-0cc2-7141-b12f-31090512cf5a;Gavin Adcock
01a02690-22e8-7496-8881-bf8874d7dcc7;The Day I Hang It Up;01a02690-0cc2-7141-b12f-31090512cf5a;Gavin Adcock
01a02690-22e8-7496-8881-bf89ca890bf7;Workin' Man;01a02690-0cc2-7141-b12f-31090512cf5a;Gavin Adcock
01a02690-22e5-74eb-8ac8-9efe311fd00d;Now We Are Free;01a02690-0cc2-7141-b12f-310a17107ded;Gavin Greenaway
01a02690-22e8-7496-8881-bf8a6afe14b1;ห้ามแตะ;01a02690-0cc2-7141-b12f-310b0e790d8a;Gawin Caskey
01a02690-22e8-7496-8881-bf8b0ce58d45;abcdefu;01a02690-0cc2-7141-b12f-310c599934a4;Gayle
01a02690-22e8-7496-8881-bf8ced128650;Proud To Be Fout;01a02690-0cc2-7141-b12f-310da53faa79;Gebroeders Ko
01a02690-22e8-7496-8881-bf8da66d324b;One Piece;01a02690-0cc2-7141-b12f-310e7e862e9a;Geek Music
01a02690-22e8-7496-8881-bf8e5f9ff548;Running Up That Hill;01a02690-0cc2-7141-b12f-310e7e862e9a;Geek Music
01a02690-22e8-7496-8881-bf8f3165b188;Sex And The City Main Theme;01a02690-0cc2-7141-b12f-310e7e862e9a;Geek Music
01a02690-22e8-7496-8881-bf907011656d;Stranger Things Main Theme;01a02690-0cc2-7141-b12f-310e7e862e9a;Geek Music
01a02690-22e8-7496-8881-bf91cfe81ca0;Suki;01a02690-0cc2-7141-b12f-310f1bdfe99b;Gen Hoshino
01a02690-22e8-7496-8881-bf9209022348;Something's Gotten Hold of My Heart;01a02690-0cc2-7141-b12f-31105a2ad913;Gene Pitney
01a02690-22e4-7376-a60c-b9fde1e71d55;Dancing With Myself;01a02690-0cc2-7141-b12f-311109623f5f;Generation X
01a02690-22e3-7064-9388-1020f0f08e72;You Aim A;01a02690-0cc2-7141-b12f-31127e591653;Gentildonna (CV: Yu Serizawa)
01a02690-22e8-7496-8881-bf93561444ca;Nah Worry;01a02690-0cc2-7141-b12f-311351702803;Gentleman
01a02690-22e8-7496-8881-bf94feef4dad;What If;01a02690-0cc2-7141-b12f-311351702803;Gentleman
01a02690-22e8-7496-8881-bf956e2ae81f;Wildfire;01a02690-0cc2-7141-b12f-311351702803;Gentleman
01a02690-22e8-7496-8881-bf9695902aa6;PHANTOM;01a02690-0cc2-7141-b12f-3114f4463a39;Geolier
01a02690-22e8-7496-8881-bf97698b9512;Longneck Weekend;01a02690-0cc2-7141-b12f-311537568e86;George
01a02690-22e8-7496-8881-bf98e0fc70ec;Careless Whisper;01a02690-0cc2-7141-b12f-3116e2423b3c;George Michael
01a02690-22e8-7496-8881-bf990b5f4c65;It's A Sin;01a02690-0cc2-7141-b12f-31170af37177;Ghost
01a02690-22e8-7496-8881-bf9a912c3ed8;AMERICA INC.;01a02690-0cc2-7141-b12f-31187aac1b83;Gianna Nannini
01a02690-22e8-7496-8881-bf9b293350c3;Bello E Impossibile;01a02690-0cc2-7141-b12f-31187aac1b83;Gianna Nannini
01a02690-22e3-7064-9388-1002a50742dc;HIT PARADE;01a02690-0cc2-7141-b12f-311984cfd39a;Gianni Morandi
01a02690-22e8-7496-8881-bf9c5e4dfd76;The Soul of Europe;01a02690-0cc2-7141-b12f-311ad0f20778;Giddymethat
01a02690-22e8-7496-8881-bf9ddb0487e9;Vote of No Confidence Ireland;01a02690-0cc2-7141-b12f-311ad0f20778;Giddymethat
01a02690-22e8-7496-8881-bf9e8ea95c88;Alone Again;01a02690-0cc2-7141-b12f-311be44c8124;Gilbert O'Sullivan
01a02690-22e8-7496-8881-bf9f1aec5fca;Il cielo in una stanza;01a02690-0cc2-7141-b12f-311c17768f4a;Gino Paoli
01a02690-22e8-7496-8881-bfa019c61478;Sapore di sale;01a02690-0cc2-7141-b12f-311c17768f4a;Gino Paoli
01a02690-22e8-7496-8881-bfa171138334;Senza fine;01a02690-0cc2-7141-b12f-311c17768f4a;Gino Paoli
01a02690-22e8-7496-8881-bfa24c0a354a;Una lunga storia d'amore;01a02690-0cc2-7141-b12f-311c17768f4a;Gino Paoli
01a02690-22e5-74eb-8ac8-9f63e5dc3d1a;Diamanti;01a02690-0cc2-7141-b12f-311ddb28c6dd;Giorgia
01a02690-22e8-7496-8881-bfa36d0dff85;SUPERSTAR;01a02690-0cc2-7141-b12f-311ddb28c6dd;Giorgia
01a02690-22e8-7496-8881-bfa4451b6d60;Du bist meine Heimat;01a02690-0cc2-7141-b12f-311ee460c03e;Giovanni Zarrella
01a02690-22e8-7496-8881-bfa50c1c0e20;Sehnsucht;01a02690-0cc2-7141-b12f-311ee460c03e;Giovanni Zarrella
01a02690-22e8-7496-8881-bf6492d5e110;Wovon sollen wir träumen;01a02690-0cc2-7141-b12f-311ee460c03e;Giovanni Zarrella
01a02690-22e8-7496-8881-bfa639f5ad95;Teardrop;01a02690-0cc2-7141-b12f-311f35325c79;Girl In The Year Above
01a02690-22e8-7496-8881-bfa7973cd48d;Dust In The Wind;01a02690-0cc2-7141-b12f-31204eb2d3ba;Girl Named Tom
01a02690-22e5-74eb-8ac8-9f63e5dc3d1a;Diamanti;01a02690-0cc2-7141-b12f-3121245869a6;Giuliano Taviani
01a02690-22e8-7496-8881-bfa832f1ecee;Heat Waves;01a02690-0cc2-7141-b12f-3122107f371b;Glass Animals
01a02690-22e8-7496-8881-bfa9980fdc06;Drive All Night;01a02690-0cc2-7141-b12f-312398d4f89a;Glen Hansard
01a02690-22e8-7496-8881-bfaa254af85d;Falling Slowly;01a02690-0cc2-7141-b12f-312398d4f89a;Glen Hansard
01a02690-22e8-7496-8881-bfab5465992b;Song of Good Hope;01a02690-0cc2-7141-b12f-312398d4f89a;Glen Hansard
01a02690-22e8-7496-8881-bfacc64e51fa;Winning Streak;01a02690-0cc2-7141-b12f-312398d4f89a;Glen Hansard
01a02690-22e6-772f-ba89-ec4344e1d294;Home;01a02690-0cc2-7141-b12f-3124e53e0115;Glockenbach
01a02690-22e8-7496-8881-bfad5501ee7f;Die with a Sword in My Hand;01a02690-0cc2-7141-b12f-312518535cd0;Gloryhammer
01a02690-22e8-7496-8881-bfae4df66b15;hashira kessyuu ~ mugenjou heno sasoi;01a02690-0cc2-7141-b12f-3126512f394a;Go Shiina
01a02690-22e8-7496-8881-bfaf70278722;Dress Up;01a02690-0cc2-7141-b12f-3127f5a5b8cd;Goke Kanemitsu
01a02690-22e3-7064-9388-101e02287ea7;Bokura wa Ima no Naka de;01a02690-0cc2-7141-b12f-31280d60e375;Gold Ship (CV: Ueda Hitomi)
01a02690-22e8-7496-8881-bfb0d1cea791;Radar Love;01a02690-0cc2-7141-b12f-31297adbb6ae;Golden Earring
01a02690-22e6-772f-ba89-ecc34eda1018;Viva la México;01a02690-0cc2-7141-b12f-312a9d1b0ab8;Goldjungs
01a02690-22e8-7496-8881-bfb1a658f55e;I'm Not What Happened To Me;01a02690-0cc2-7141-b12f-312b05696d98;Good Vibes Tribe 11:11
01a02690-22e8-7496-8881-bfb20e2562d4;The One Who's Running the Show;01a02690-0cc2-7141-b12f-312c060e94ce;Gooseworx
01a02690-22e8-7496-8881-bfb334ea881e;Loco Loco;01a02690-0cc2-7141-b12f-312d00c51d8d;Gordo
01a02690-22e8-7496-8881-bfb4ac8f5d17;If You Could Read My Mind;01a02690-0cc2-7141-b12f-312e4806a3a5;Gordon Lightfoot
01a02690-22e8-7496-8881-bfb549f7ee4c;Clint Eastwood;01a02690-0cc2-7141-b12f-312fc6ad0c40;Gorillaz
01a02690-22e8-7496-8881-bfb651dcb5f8;Damascus;01a02690-0cc2-7141-b12f-312fc6ad0c40;Gorillaz
01a02690-22e6-772f-ba89-ed213d415fa6;Feel Good Inc.;01a02690-0cc2-7141-b12f-312fc6ad0c40;Gorillaz
01a02690-22e8-7496-8881-bfb7f6ae20a3;Orange County;01a02690-0cc2-7141-b12f-312fc6ad0c40;Gorillaz
01a02690-22e8-7496-8881-bfb8c07974ef;The God of Lying;01a02690-0cc2-7141-b12f-312fc6ad0c40;Gorillaz
01a02690-22e8-7496-8881-bfb9263575b6;The Happy Dictator;01a02690-0cc2-7141-b12f-312fc6ad0c40;Gorillaz
01a02690-22e8-7496-8881-bfba2d91e71f;The Hardest Thing;01a02690-0cc2-7141-b12f-312fc6ad0c40;Gorillaz
01a02690-22e8-7496-8881-bfbba45be136;The Manifesto;01a02690-0cc2-7141-b12f-312fc6ad0c40;Gorillaz
01a02690-22e8-7496-8881-bfbc58440c8c;Maladie;01a02690-0cc2-7141-b12f-31306df209fb;Gospelize
01a02690-22e8-7496-8881-bfbd7c6b49e3;Somebody That I Used to Know;01a02690-0cc2-7141-b12f-3131539aea85;Gotye
01a02690-22e8-7496-8881-bfbece85a2d2;All To Jesus;01a02690-0cc2-7141-b12f-3132daaccc84;Grace
01a02690-22e8-7496-8881-bfbf0e261ec3;Do You Hear Me Lord;01a02690-0cc2-7141-b12f-3132daaccc84;Grace
01a02690-22e8-7496-8881-bfc080dab045;Leave the lamp on Lord;01a02690-0cc2-7141-b12f-3132daaccc84;Grace
01a02690-22e8-7496-8881-bfc17ea7b2b8;Lord, Are The Gates Still Open;01a02690-0cc2-7141-b12f-3132daaccc84;Grace
01a02690-22e8-7496-8881-bfc2705468d1;Sit With Me Lord;01a02690-0cc2-7141-b12f-3132daaccc84;Grace
01a02690-22e8-7496-8881-bfc36c0b6ee0;Hit the Wall;01a02690-0cc2-7141-b12f-3133a7f76ec6;Gracie Abrams
01a02690-22e8-7496-8881-bfc42dc9bc51;Look at My Life;01a02690-0cc2-7141-b12f-3133a7f76ec6;Gracie Abrams
01a02690-22e8-7496-8881-bfc5f09a1e95;That’s So True;01a02690-0cc2-7141-b12f-3133a7f76ec6;Gracie Abrams
01a02690-22e8-7496-8881-bfc6f889fc8c;Touch of Grey;01a02690-0cc2-7141-b12f-3134cecc76fa;Grateful Dead
01a02690-22e8-7496-8881-bfbece85a2d2;All To Jesus;01a02690-0cc2-7141-b12f-3135b02fb69c;Gravel
01a02690-22e8-7496-8881-bfbf0e261ec3;Do You Hear Me Lord;01a02690-0cc2-7141-b12f-3135b02fb69c;Gravel
01a02690-22e8-7496-8881-bfc080dab045;Leave the lamp on Lord;01a02690-0cc2-7141-b12f-3135b02fb69c;Gravel
01a02690-22e8-7496-8881-bfc17ea7b2b8;Lord, Are The Gates Still Open;01a02690-0cc2-7141-b12f-3135b02fb69c;Gravel
01a02690-22e8-7496-8881-bfc2705468d1;Sit With Me Lord;01a02690-0cc2-7141-b12f-3135b02fb69c;Gravel
01a02690-22e8-7496-8881-bfc7ecf5e973;Never Ending Story;01a02690-0cc2-7141-b12f-31368701d773;Greatest TV Theme Songs
01a02690-22e8-7496-8881-bf20e36ebd16;YAPAQUE;01a02690-0cc2-7141-b12f-313780519322;Greeicy
01a02690-22e8-7496-8881-bfc81cfb7594;American Idiot;01a02690-0cc2-7141-b12f-313875530e7b;Green Day
01a02690-22e8-7496-8881-bfc9668f4052;Basket Case;01a02690-0cc2-7141-b12f-313875530e7b;Green Day
01a02690-22e8-7496-8881-bfcab891c6e0;Boulevard of Broken Dreams;01a02690-0cc2-7141-b12f-313875530e7b;Green Day
01a02690-22e8-7496-8881-bfcb0f13c8f4;Good Riddance;01a02690-0cc2-7141-b12f-313875530e7b;Green Day
01a02690-22e8-7496-8881-bfcc8abd265a;Holiday;01a02690-0cc2-7141-b12f-313875530e7b;Green Day
01a02690-22e8-7496-8881-bfcd745e77e8;I'm Never Gonna R.I.P.;01a02690-0cc2-7141-b12f-313875530e7b;Green Day
01a02690-22e7-71eb-b833-31148e5bc3c7;Helicopters;01a02690-0cc2-7141-b12f-3139a839c178;Greentea Peng
01a02690-22e8-7496-8881-bfce2722962c;Después de ti;01a02690-0cc2-7141-b12f-313a73b6a320;Greg Gonzalez
01a02690-22e8-7496-8881-bfcfe5301cb5;Saw You Stand;01a02690-0cc2-7141-b12f-313bf309036a;Greta Van Fleet
01a02690-22e6-772f-ba89-ece916341585;Flags;01a02690-0cc2-7141-b12f-313c8fea91e4;Grian Chatten
01a02690-22e8-7496-8881-bfd0cbcefdfd;Hunting The Wren;01a02690-0cc2-7141-b12f-313c8fea91e4;Grian Chatten
01a02690-22e7-71eb-b833-304d1d2663ef;Gute Laune;01a02690-0cc2-7141-b12f-313ddcba71e2;GroßstadtEngel
01a02690-22e8-7496-8881-bfd179a44e5b;Save My Love;01a02690-0cc2-7141-b12f-313e8d4aa74f;Gryffin
01a02690-22e8-7496-8881-bfd2c0687297;Je te souhaite une bonne année;01a02690-0cc2-7141-b12f-313fb9b73d1e;Grégoire
01a02690-22e8-7496-8881-bfd30e98b79b;Etienne;01a02690-0cc2-7141-b12f-3140268814dc;Guesch Patti
01a02690-22e6-772f-ba89-ec5f7e7aefa7;wgft;01a02690-0cc2-7141-b12f-31418d226974;Gunna
01a02690-22e8-7496-8881-bfd41ff46b45;Sweet Child o' Mine;01a02690-0cc2-7141-b12f-31428f1b7382;Guns N' Roses
01a02690-22e8-7496-8881-bfd581da705d;1947: Suite for Solo Piano & Orchestra: II. Bracken Road;01a02690-0cc2-7141-b12f-3143e8fa8b35;Gustavo Dudamel
01a02690-22e3-7064-9388-105f534d86a5;Tara;01a02690-0cc2-7141-b12f-3143e8fa8b35;Gustavo Dudamel
01a02690-22e8-7496-8881-bfd664ef58d3;Auld Lang Syne;01a02690-0cc2-7141-b12f-3144e8b70015;Guy Lombardo
01a02690-22e8-7496-8881-bfd78f2b50ad;Voici les clés;01a02690-0cc2-7141-b12f-3145975b9e9b;Gérard Lenorman
01a02690-22e8-7496-8881-bfd82fb3ef70;DESPERADO;01a02690-0cc2-7141-b12f-3146e80b7d9e;H-Blockx
01a02690-22e8-7496-8881-bfd9064e27ce;TRACK_9;01a02690-0cc2-7141-b12f-3146e80b7d9e;H-Blockx
01a02690-22e8-7496-8881-bfda804fe56f;Bitter Sweet;01a02690-0cc2-7141-b12f-31478fcb9337;HAECHAN
01a02690-22e8-7496-8881-bfdb2b3c52bc;Let It Show;01a02690-0cc2-7141-b12f-3148693f955f;HAN
01a02690-22e8-7496-8881-bfdcc669c1da;back to life;01a02690-0cc2-7141-b12f-3148693f955f;HAN
01a02690-22e8-7496-8881-bf715796e3c5;ALL IN;01a02690-0cc2-7141-b12f-3149a18a4e2b;HANA
01a02690-22e8-7496-8881-bfdd5b4e817f;Bad Girl;01a02690-0cc2-7141-b12f-3149a18a4e2b;HANA
01a02690-22e8-7496-8881-bfde7aac85ba;Bloom;01a02690-0cc2-7141-b12f-3149a18a4e2b;HANA
01a02690-22e8-7496-8881-bfdfb702cdbc;Blue Jeans;01a02690-0cc2-7141-b12f-3149a18a4e2b;HANA
01a02690-22e8-7496-8881-bfe00aa531e8;Cold Night;01a02690-0cc2-7141-b12f-3149a18a4e2b;HANA
01a02690-22e8-7496-8881-bfe153408dd1;I Got Your Back;01a02690-0cc2-7141-b12f-3149a18a4e2b;HANA
01a02690-22e8-7496-8881-bfe2045f2a07;NON STOP;01a02690-0cc2-7141-b12f-3149a18a4e2b;HANA
01a02690-22e8-7496-8881-bfe3d44fe14b;ROSE;01a02690-0cc2-7141-b12f-3149a18a4e2b;HANA
01a02690-22e8-7496-8881-bfe48440e842;Tiger HANA with HONEYs Version;01a02690-0cc2-7141-b12f-3149a18a4e2b;HANA
01a02690-22e7-71eb-b833-30fd381a7027;McArthur;01a02690-0cc2-7141-b12f-314aa5339b96;HARDY
01a02690-22e8-7496-8881-bfe55a25814b;A Touch Of Paradise;01a02690-0cc2-7141-b12f-314bb95dcd13;HARLAN
01a02690-22e8-7496-8881-bfe6fb815b12;Somebody To Love;01a02690-0cc2-7141-b12f-314bb95dcd13;HARLAN
01a02690-22e8-7496-8881-bfe7ff68bc60;I Run;01a02690-0cc2-7141-b12f-314ca51f0ab6;HAVEN.
01a02690-22e6-772f-ba89-eccdadd1e0f2;TIROL 2026;01a02690-0cc2-7141-b12f-314d98782b81;HBz
01a02690-22e8-7496-8881-bfe8b65968c3;FLAG;01a02690-0cc2-7141-b12f-314e121eb3e6;HE★VENS
01a02690-22e8-7496-8881-bfe916a0b1e0;君に捧げる応援歌;01a02690-0cc2-7141-b12f-314f1c3a0a03;HIPPY
01a02690-22e8-7496-8881-bfea2d8dcbd4;See you again;01a02690-0cc2-7141-b12f-3150683d9bfb;HIROMU (INI)
01a02690-22e8-7496-8881-bfeb91f7f897;またどこかで;01a02690-0cc2-7141-b12f-3150683d9bfb;HIROMU (INI)
01a02690-22e8-7496-8881-bfec48486d56;Baby, Honey;01a02690-0cc2-7141-b12f-31519ba1b627;HOSHI
01a02690-22e8-7496-8881-bfed1063b742;SNAPBACK;01a02690-0cc2-7141-b12f-31519ba1b627;HOSHI
01a02690-22e8-7496-8881-bfee1cfdd485;Beyond This Station;01a02690-0cc2-7141-b12f-315224116948;HOYO-MiX
01a02690-22e3-7064-9388-1071ba90c3a6;I Adore You;01a02690-0cc2-7141-b12f-3153d59957be;HUGEL
01a02690-22e8-7496-8881-bfef361b23c2;Jamaican;01a02690-0cc2-7141-b12f-3153d59957be;HUGEL
01a02690-22e8-7496-8881-bff02aac5245;Movin' To The Sun;01a02690-0cc2-7141-b12f-3153d59957be;HUGEL
01a02690-22e3-7064-9388-0fe433bc2b22;Shine;01a02690-0cc2-7141-b12f-3153d59957be;HUGEL
01a02690-22e8-7496-8881-bff1e33c8ec8;Stay Sexy;01a02690-0cc2-7141-b12f-3153d59957be;HUGEL
01a02690-22e3-7064-9388-0fae31a8f398;Golden;01a02690-0cc2-7141-b12f-315461673f2f;HUNTR/X
01a02690-22e3-7064-9388-0faf96ca2d6c;How It’s Done;01a02690-0cc2-7141-b12f-315461673f2f;HUNTR/X
01a02690-22e3-7064-9388-0fb066baf4b5;Takedown;01a02690-0cc2-7141-b12f-315461673f2f;HUNTR/X
01a02690-22e3-7064-9388-0fb17a8aaad3;What It Sounds Like;01a02690-0cc2-7141-b12f-315461673f2f;HUNTR/X
01a02690-22e8-7496-8881-bff24637d150;Good Goodbye;01a02690-0cc2-7141-b12f-315520b72e14;HWASA
01a02690-22e8-7496-8881-bff30959b14c;So Cute;01a02690-0cc2-7141-b12f-315520b72e14;HWASA
01a02690-22e8-7496-8881-bff43972c807;THE ABYSS;01a02690-0cc2-7141-b12f-31563f3a8d5c;HYDE
01a02690-22e8-7496-8881-bff596054506;Diggin';01a02690-0cc2-7141-b12f-31573559a788;HYPNOSISMIC -A.R.B- (Division All Stars)
01a02690-22e8-7496-8881-bfe8b65968c3;FLAG;01a02690-0cc2-7141-b12f-3158ca2a6b25;HYPNOSISMIC -D.R.B- (Bad Ass Temple)
01a02690-22e8-7496-8881-bfe8b65968c3;FLAG;01a02690-0cc2-7141-b12f-3159bcc4269d;HYPNOSISMIC -D.R.B- (Buster Bros!!!)
01a02690-22e9-71a4-af72-5bded4c66358;Go the Route;01a02690-0cc2-7141-b12f-315a931fd5a4;HYPNOSISMIC -D.R.B- (DOTSUITARE-HOMPO)
01a02690-22e9-71a4-af72-5bdf9ec4899a;Rainbow Signs;01a02690-0cc2-7141-b12f-315be05b0fe6;HYPNOSISMIC -D.R.B- (Fling Posse)
01a02690-22e9-71a4-af72-5bded4c66358;Go the Route;01a02690-0cc2-7141-b12f-315c5a4fe614;HYPNOSISMIC -D.R.B- (MAD TRIGGER CREW)
01a02690-22e9-71a4-af72-5bdf9ec4899a;Rainbow Signs;01a02690-0cc2-7141-b12f-315d54504e41;HYPNOSISMIC -D.R.B- (Matenro)
01a02690-22e9-71a4-af72-5be0adabcccc;Kutsuzure;01a02690-0cc3-70e2-9a00-dc0fe3966d10;Hachiware(CV:Tanaka Makoto)
01a02690-22e9-71a4-af72-5be15b7c559a;Kyou No Hi Wa Sayounara;01a02690-0cc3-70e2-9a00-dc0fe3966d10;Hachiware(CV:Tanaka Makoto)
01a02690-22e9-71a4-af72-5be2fe09194e;Ara Beni;01a02690-0cc3-70e2-9a00-dc1011828e3a;Hadise
01a02690-22e9-71a4-af72-5be3e2bd73ae;KANSEITOUYORI;01a02690-0cc3-70e2-9a00-dc1131079646;Hakui Koyori
01a02690-22e3-7064-9388-0feeb0b91fdf;una voz;01a02690-0cc3-70e2-9a00-dc126ee4d156;Hakuna Group Music
01a02690-22e9-71a4-af72-5be43c9f555c;I Really Want to Stay At Your House;01a02690-0cc3-70e2-9a00-dc133fd11a25;Hallie Coggins
01a02690-22e8-7496-8881-bfa639f5ad95;Teardrop;01a02690-0cc3-70e2-9a00-dc14f02c831a;Hannah Boleyn
01a02690-22e9-71a4-af72-5be5092b35b8;You'll Always Find Your Way Back Home;01a02690-0cc3-70e2-9a00-dc15b1cb4a27;Hannah Montana
01a02690-22e9-71a4-af72-5be6379ea705;String Cheese;01a02690-0cc3-70e2-9a00-dc1605ec718e;Hannah Noelle
01a02690-22e9-71a4-af72-5be7ad4d0e62;Cornfield Chase;01a02690-0cc3-70e2-9a00-dc17f5d21827;Hans Zimmer
01a02690-22e9-71a4-af72-5be819b79890;F1;01a02690-0cc3-70e2-9a00-dc17f5d21827;Hans Zimmer
01a02690-22e5-74eb-8ac8-9efe311fd00d;Now We Are Free;01a02690-0cc3-70e2-9a00-dc17f5d21827;Hans Zimmer
01a02690-22e9-71a4-af72-5be983dbbcf0;Time;01a02690-0cc3-70e2-9a00-dc17f5d21827;Hans Zimmer
01a02690-22e4-7376-a60c-b9a1c625b954;Title Track;01a02690-0cc3-70e2-9a00-dc189dae4f1f;Hanumankind
01a02690-22e7-71eb-b833-311a200849f9;Zonder Jou;01a02690-0cc3-70e2-9a00-dc19f340d48a;Hardwell
01a02690-22e7-71eb-b833-307b99a49830;You Problem;01a02690-0cc3-70e2-9a00-dc1ace3b257b;Harmony
01a02690-22e3-7064-9388-1010b6cc6f70;Medizin;01a02690-0cc3-70e2-9a00-dc1b8911ffa5;Harris & Ford
01a02690-22e9-71a4-af72-5beadaf7b1c0;Qalbi Fil Madinah;01a02690-0cc3-70e2-9a00-dc1ca2c3b5c1;Harris J
01a02690-22e9-71a4-af72-5beb652f11ed;All the Things She Said;01a02690-0cc3-70e2-9a00-dc1d02d52634;Harrison
01a02690-22e9-71a4-af72-5becc89e54fa;Without You;01a02690-0cc3-70e2-9a00-dc1e03a6d33a;Harry Nilsson
01a02690-22e9-71a4-af72-5bed931f8293;American Girls;01a02690-0cc3-70e2-9a00-dc1f41958e37;Harry Styles
01a02690-22e9-71a4-af72-5beed1d39e7b;Aperture;01a02690-0cc3-70e2-9a00-dc1f41958e37;Harry Styles
01a02690-22e9-71a4-af72-5befc32e435d;As It Was;01a02690-0cc3-70e2-9a00-dc1f41958e37;Harry Styles
01a02690-22e9-71a4-af72-5bf0195ce73d;Carla's Song;01a02690-0cc3-70e2-9a00-dc1f41958e37;Harry Styles
01a02690-22e9-71a4-af72-5bf1b87a3430;Coming Up Roses;01a02690-0cc3-70e2-9a00-dc1f41958e37;Harry Styles
01a02690-22e9-71a4-af72-5bf26f8fde43;Dance No More;01a02690-0cc3-70e2-9a00-dc1f41958e37;Harry Styles
01a02690-22e9-71a4-af72-5bf32e7f2ed3;Pop;01a02690-0cc3-70e2-9a00-dc1f41958e37;Harry Styles
01a02690-22e9-71a4-af72-5bf4dc7bf070;Ready, Steady, Go;01a02690-0cc3-70e2-9a00-dc1f41958e37;Harry Styles
01a02690-22e9-71a4-af72-5bf552c4a89a;Sign of the Times;01a02690-0cc3-70e2-9a00-dc1f41958e37;Harry Styles
01a02690-22e9-71a4-af72-5bf650eef5db;Watermelon Sugar;01a02690-0cc3-70e2-9a00-dc1f41958e37;Harry Styles
01a02690-22e9-71a4-af72-5bf70579584f;Tsukue Sasuru;01a02690-0cc3-70e2-9a00-dc2001f9658a;Haruka Aoki
01a02690-22e9-71a4-af72-5bf8539b21f3;Hitohira;01a02690-0cc3-70e2-9a00-dc21ae750da5;Hata Motohiro
01a02690-22e9-71a4-af72-5bf9f372d929;Pocket ni Mahou wo irete;01a02690-0cc3-70e2-9a00-dc21ae750da5;Hata Motohiro
01a02690-22e9-71a4-af72-5bfa89078825;"""listen... I Have to Say It.""";01a02690-0cc3-70e2-9a00-dc22a20a964b;Hatsuboshi Gakuen
01a02690-22e9-71a4-af72-5bfb2f3a4d50;A Blank White Page and a Watercolor Hero;01a02690-0cc3-70e2-9a00-dc22a20a964b;Hatsuboshi Gakuen
01a02690-22e9-71a4-af72-5bfc54edd906;Choo Choo Choo;01a02690-0cc3-70e2-9a00-dc22a20a964b;Hatsuboshi Gakuen
01a02690-22e9-71a4-af72-5bfd369573f9;Ittai Itsukara;01a02690-0cc3-70e2-9a00-dc22a20a964b;Hatsuboshi Gakuen
01a02690-22e9-71a4-af72-5bfe47b6c8d1;Kuraiai;01a02690-0cc3-70e2-9a00-dc22a20a964b;Hatsuboshi Gakuen
01a02690-22e9-71a4-af72-5bffb10b4e58;Search Right;01a02690-0cc3-70e2-9a00-dc22a20a964b;Hatsuboshi Gakuen
01a02690-22e9-71a4-af72-5c00cedec017;Sekirara;01a02690-0cc3-70e2-9a00-dc22a20a964b;Hatsuboshi Gakuen
01a02690-22e9-71a4-af72-5c01942f51e3;Sugar Flavor;01a02690-0cc3-70e2-9a00-dc22a20a964b;Hatsuboshi Gakuen
01a02690-22e9-71a4-af72-5c0267351e28;Superlative;01a02690-0cc3-70e2-9a00-dc22a20a964b;Hatsuboshi Gakuen
01a02690-22e9-71a4-af72-5c035d72869c;Tokimeki Emotion;01a02690-0cc3-70e2-9a00-dc22a20a964b;Hatsuboshi Gakuen
01a02690-22e6-772f-ba89-ec56753efc89;Unknown Unbound;01a02690-0cc3-70e2-9a00-dc22a20a964b;Hatsuboshi Gakuen
01a02690-22e9-71a4-af72-5c04b2ba46fb;Veil;01a02690-0cc3-70e2-9a00-dc22a20a964b;Hatsuboshi Gakuen
01a02690-22e9-71a4-af72-5c054d98d3dc;Wakashi, Sawagashi, Ska Punk;01a02690-0cc3-70e2-9a00-dc22a20a964b;Hatsuboshi Gakuen
01a02690-22e9-71a4-af72-5c06149385cd;Wildest Flower;01a02690-0cc3-70e2-9a00-dc22a20a964b;Hatsuboshi Gakuen
01a02690-22e9-71a4-af72-5c0719c0464a;Yorunite;01a02690-0cc3-70e2-9a00-dc22a20a964b;Hatsuboshi Gakuen
01a02690-22e9-71a4-af72-5c0835c8a4e8;Crossroad;01a02690-0cc3-70e2-9a00-dc23b18cd385;Hatsune Miku
01a02690-22e8-7496-8881-bf11ca65e0c4;The Rising Skyline;01a02690-0cc3-70e2-9a00-dc24b48baa68;Hayley Williams
01a02690-22e7-71eb-b833-3075ab58a479;NEW ENGLAND FOREVER;01a02690-0cc3-70e2-9a00-dc257cefdc78;Haywire 617
01a02690-22e9-71a4-af72-5c092f93e508;ICONIC HEART;01a02690-0cc3-70e2-9a00-dc2648dbda40;Hearts2Hearts
01a02690-22e9-71a4-af72-5c0a610531d0;Lemon Tang;01a02690-0cc3-70e2-9a00-dc2648dbda40;Hearts2Hearts
01a02690-22e9-71a4-af72-5c0b43cb59ee;RUDE;01a02690-0cc3-70e2-9a00-dc2648dbda40;Hearts2Hearts
01a02690-22e3-7064-9388-104b79d82fef;23 Theme;01a02690-0cc3-70e2-9a00-dc27cec1ee9c;Hector Salamanca
01a02690-22e9-71a4-af72-5c0ccffcd5f2;Soldaten;01a02690-0cc3-70e2-9a00-dc28dcb2d258;Hef
01a02690-22e4-7376-a60c-b9d5fcd9f7ba;So schön cha s'Läbe si;01a02690-0cc3-70e2-9a00-dc29a5a4bd73;Heimweh
01a02690-22e9-71a4-af72-5c0d6d36c892;Dein ist mein ganzes Herz;01a02690-0cc3-70e2-9a00-dc2a76414074;Heinz Rudolf Kunze
01a02690-22e3-7064-9388-104b79d82fef;23 Theme;01a02690-0cc3-70e2-9a00-dc2bff326913;Heisenberg
01a02690-22e3-7064-9388-104da8a9f11d;Hangova;01a02690-0cc3-70e2-9a00-dc2bff326913;Heisenberg
01a02690-22e3-7064-9388-104ef269fb4c;One Name;01a02690-0cc3-70e2-9a00-dc2bff326913;Heisenberg
01a02690-22e6-772f-ba89-ecc59d52e948;Dichavate;01a02690-0cc3-70e2-9a00-dc2cf7a54f22;Helabusador
01a02690-22e9-71a4-af72-5c0e48af67f4;Capuche;01a02690-0cc3-70e2-9a00-dc2d827c75dc;Helena
01a02690-22e9-71a4-af72-5c0f5059abae;Mauvais garçon;01a02690-0cc3-70e2-9a00-dc2d827c75dc;Helena
01a02690-22e9-71a4-af72-5c103f685e29;Tout a changé;01a02690-0cc3-70e2-9a00-dc2d827c75dc;Helena
01a02690-22e9-71a4-af72-5c1180dd4419;Heute Nacht;01a02690-0cc3-70e2-9a00-dc2e3e826e26;Helene Fischer
01a02690-22e8-7496-8881-bf43b6304ab3;Schau mal herein;01a02690-0cc3-70e2-9a00-dc2e3e826e26;Helene Fischer
01a02690-22e9-71a4-af72-5c129f16d42c;Abheben;01a02690-0cc3-70e2-9a00-dc2f136f04cd;Helmut Hussler
01a02690-22e9-71a4-af72-5c13bfa80dcf;Bochum;01a02690-0cc3-70e2-9a00-dc30d7dd9007;Herbert Grönemeyer
01a02690-22e9-71a4-af72-5c146a8a5860;Der Weg;01a02690-0cc3-70e2-9a00-dc30d7dd9007;Herbert Grönemeyer
01a02690-22e9-71a4-af72-5c15a8d15c1a;Flugzeuge im Bauch;01a02690-0cc3-70e2-9a00-dc30d7dd9007;Herbert Grönemeyer
01a02690-22e9-71a4-af72-5c167e731a4f;Halt mich;01a02690-0cc3-70e2-9a00-dc30d7dd9007;Herbert Grönemeyer
01a02690-22e9-71a4-af72-5c17a5bb4cbd;Mein Lebensstrahlen;01a02690-0cc3-70e2-9a00-dc30d7dd9007;Herbert Grönemeyer
01a02690-22e9-71a4-af72-5c18d722dd43;Mensch;01a02690-0cc3-70e2-9a00-dc30d7dd9007;Herbert Grönemeyer
01a02690-22e9-71a4-af72-5c1982ef16d4;Musik nur, wenn sie laut ist;01a02690-0cc3-70e2-9a00-dc30d7dd9007;Herbert Grönemeyer
01a02690-22e9-71a4-af72-5c1a1996345b;Männer;01a02690-0cc3-70e2-9a00-dc30d7dd9007;Herbert Grönemeyer
01a02690-22e9-71a4-af72-5c1b79302b84;Sekundenglück;01a02690-0cc3-70e2-9a00-dc30d7dd9007;Herbert Grönemeyer
01a02690-22e9-71a4-af72-5c1c41b8ab08;Stück vom Himmel;01a02690-0cc3-70e2-9a00-dc30d7dd9007;Herbert Grönemeyer
01a02690-22e9-71a4-af72-5c1d13279405;Pour le plaisir;01a02690-0cc3-70e2-9a00-dc31105a43c8;Herbert Léonard
01a02690-22e3-7064-9388-0feeb0b91fdf;una voz;01a02690-0cc3-70e2-9a00-dc3214ca7fc2;Hermanas Pobres
01a02690-22e9-71a4-af72-5c1ecc4994a4;Los Andes;01a02690-0cc3-70e2-9a00-dc331200776f;Hermanos Gutiérrez
01a02690-22e9-71a4-af72-5c1f0212b3e7;Los Ojos Del Cóndor;01a02690-0cc3-70e2-9a00-dc331200776f;Hermanos Gutiérrez
01a02690-22e9-71a4-af72-5c203bfae11b;CUE CUE CUTE;01a02690-0cc3-70e2-9a00-dc342f7e2bec;Hey! Say! JUMP
01a02690-22e9-71a4-af72-5c21318be1f8;Hanikami;01a02690-0cc3-70e2-9a00-dc342f7e2bec;Hey! Say! JUMP
01a02690-22e9-71a4-af72-5c22cfb5515a;sanka;01a02690-0cc3-70e2-9a00-dc354889171a;Higanryu
01a02690-22e9-71a4-af72-5c2357250519;Glass no Jyudai;01a02690-0cc3-70e2-9a00-dc366949f40a;Hikaru GENJI
01a02690-22e9-71a4-af72-5c247098a06b;Paradise Ginga;01a02690-0cc3-70e2-9a00-dc366949f40a;Hikaru GENJI
01a02690-22e9-71a4-af72-5c255fbf8ecd;STAR LIGHT;01a02690-0cc3-70e2-9a00-dc366949f40a;Hikaru GENJI
01a02690-22e9-71a4-af72-5c26200d8e56;Montagem Slow;01a02690-0cc3-70e2-9a00-dc37f3fe88f8;Hikaru Sora
01a02690-22e6-772f-ba89-ec4344e1d294;Home;01a02690-0cc3-70e2-9a00-dc38e989ba82;Hikaru Utada
01a02690-22e9-71a4-af72-5c27fdd08a29;JANE DOE;01a02690-0cc3-70e2-9a00-dc38e989ba82;Hikaru Utada
01a02690-22e9-71a4-af72-5c28ff3e25bd;PAPPAPARADISE;01a02690-0cc3-70e2-9a00-dc38e989ba82;Hikaru Utada
01a02690-22e9-71a4-af72-5c29ba845e36;Come Clean;01a02690-0cc3-70e2-9a00-dc3945d970fb;Hilary Duff
01a02690-22e9-71a4-af72-5c2ad3c1cc1b;Mature;01a02690-0cc3-70e2-9a00-dc3945d970fb;Hilary Duff
01a02690-22e9-71a4-af72-5c2b052ce581;Roommates;01a02690-0cc3-70e2-9a00-dc3945d970fb;Hilary Duff
01a02690-22e9-71a4-af72-5c2c6687de39;What Dreams Are Made Of;01a02690-0cc3-70e2-9a00-dc3945d970fb;Hilary Duff
01a02690-22e9-71a4-af72-5c2dc1350d37;Cliffhanger;01a02690-0cc3-70e2-9a00-dc3a4bccaab1;Hinatazaka46
01a02690-22e9-71a4-af72-5c2edbffdaa7;Kind of love;01a02690-0cc3-70e2-9a00-dc3a4bccaab1;Hinatazaka46
01a02690-22e9-71a4-af72-5c2f369a9c6d;Lips of an Angel;01a02690-0cc3-70e2-9a00-dc3bb4173c57;Hinder
01a02690-22e6-772f-ba89-ec56753efc89;Unknown Unbound;01a02690-0cc3-70e2-9a00-dc3c62340e27;Hiro Shinosawa
01a02690-22e9-71a4-af72-5c30f3546d4b;I love jinsei;01a02690-0cc3-70e2-9a00-dc3ddca203f0;Hiroji Miyamoto
01a02690-22e9-71a4-af72-5c3121d0db41;ULTRA;01a02690-0cc3-70e2-9a00-dc3e80da3200;Hiromitsu Kitayama
01a02690-22e9-71a4-af72-5c322ea7e0ab;CIRCE;01a02690-0cc3-70e2-9a00-dc3f54b229c7;Hiroyuki Sawano
01a02690-22e9-71a4-af72-5c33307a7121;ENDROLL;01a02690-0cc3-70e2-9a00-dc3f54b229c7;Hiroyuki Sawano
01a02690-22e9-71a4-af72-5c3432827fe5;Hikaru toki;01a02690-0cc3-70e2-9a00-dc40de4b9cd7;Hitsujibungaku
01a02690-22e7-71eb-b833-3098fbb4852f;Noble Breath;01a02690-0cc3-70e2-9a00-dc4188fce080;Hiyori Tomoe(CV.Natsuki Hanae)
01a02690-22e9-71a4-af72-5c356cf3392c;Waltz for Moon;01a02690-0cc3-70e2-9a00-dc42dbe8aaa3;Hodge
01a02690-22e9-71a4-af72-5c36b7704546;Cruel World;01a02690-0cc3-70e2-9a00-dc4396fd1817;Holly Humberstone
01a02690-22e9-71a4-af72-5c37b36ca524;To Love Somebody;01a02690-0cc3-70e2-9a00-dc4396fd1817;Holly Humberstone
01a02690-22e9-71a4-af72-5c38571f617b;Kiss Kiss;01a02690-0cc3-70e2-9a00-dc4470c18dbf;Holly Valance
01a02690-22e9-71a4-af72-5c390154a809;1x1;01a02690-0cc3-70e2-9a00-dc45288a73c1;Hollywood Undead
01a02690-22e9-71a4-af72-5c3a55cfd84b;Bring Your Love;01a02690-0cc3-70e2-9a00-dc4602c7a8a3;Honey Dijon
01a02690-22e9-71a4-af72-5c3bbba2662e;What's My Scene;01a02690-0cc3-70e2-9a00-dc4707a38f7d;Hoodoo Gurus
01a02690-22e9-71a4-af72-5c3c75ba592e;Chatter Chatter;01a02690-0cc3-70e2-9a00-dc48873fc719;Hoshimachi Suisei
01a02690-22e9-71a4-af72-5c3d639ed6ec;Moonshot;01a02690-0cc3-70e2-9a00-dc48873fc719;Hoshimachi Suisei
01a02690-22e9-71a4-af72-5c3ef463a73c;Prima Donna;01a02690-0cc3-70e2-9a00-dc48873fc719;Hoshimachi Suisei
01a02690-22e9-71a4-af72-5c3f54bacd4e;The Stargazing Girl;01a02690-0cc3-70e2-9a00-dc48873fc719;Hoshimachi Suisei
01a02690-22e9-71a4-af72-5c408dc23850;BEEP BEEP;01a02690-0cc3-70e2-9a00-dc498412c315;Hoshimatic Project
01a02690-22e9-71a4-af72-5c41841b91db;Sushidetamaranai;01a02690-0cc3-70e2-9a00-dc4a59262ab7;Hoshirube Sho
01a02690-22e9-71a4-af72-5c42a9a1abaa;Jump Around;01a02690-0cc3-70e2-9a00-dc4b65967466;House Of Pain
01a02690-22e9-71a4-af72-5c43951df2f6;Kyapi;01a02690-0cc3-70e2-9a00-dc4cb7f7443f;Houshou Marine
01a02690-22e9-71a4-af72-5c3c75ba592e;Chatter Chatter;01a02690-0cc3-70e2-9a00-dc4d8d1d4faf;Houshou marine
01a02690-22e9-71a4-af72-5c44ef5128d6;Nachts, wenn alles schläft;01a02690-0cc3-70e2-9a00-dc4e72d7be13;Howard Carpendale
01a02690-22e9-71a4-af72-5c458bd6ced0;Tür an Tür mit Alice;01a02690-0cc3-70e2-9a00-dc4e72d7be13;Howard Carpendale
01a02690-22e9-71a4-af72-5c4659d32f05;Rubber Band Man;01a02690-0cc3-70e2-9a00-dc4fdf5566f7;Hozier
01a02690-22e9-71a4-af72-5c47abaed3c8;Too Sweet;01a02690-0cc3-70e2-9a00-dc4fdf5566f7;Hozier
01a02690-22e9-71a4-af72-5c48a7b890bd;Work Song;01a02690-0cc3-70e2-9a00-dc4fdf5566f7;Hozier
01a02690-22e9-71a4-af72-5c49d9fdba9c;Rotation;01a02690-0cc3-70e2-9a00-dc503642edb3;Huda Mustafa
01a02690-22e9-71a4-af72-5c4ab1d6dd08;Smiles and Stumbles;01a02690-0cc3-70e2-9a00-dc51789bf1c7;Humbert Humbert
01a02690-22e9-71a4-af72-5c4b991c2be3;Haikei Shounenyo;01a02690-0cc3-70e2-9a00-dc5281e6705c;Hump Back
01a02690-22e9-71a4-af72-5c4c91c6f09b;Hello Mr. my yesterday;01a02690-0cc3-70e2-9a00-dc5307cfb0c1;Hundred Percent Free
01a02690-22e5-74eb-8ac8-9ecd10f3a4ef;Together;01a02690-0cc3-70e2-9a00-dc542e5c075b;Hypaton
01a02690-22e6-772f-ba89-ed1a1528cf89;Walked Away;01a02690-0cc3-70e2-9a00-dc542e5c075b;Hypaton
01a02690-22e9-71a4-af72-5c4d7e5e74e4;LOVER;01a02690-0cc3-70e2-9a00-dc55af50cfc5;Hyunjin
01a02690-22e9-71a4-af72-5c4ef5b0cea4;Gisela;01a02690-0cc3-70e2-9a00-dc568999bc56;Höhner
01a02690-22e9-71a4-af72-5c4f4badbee1;Prinzessin;01a02690-0cc3-70e2-9a00-dc568999bc56;Höhner
01a02690-22e6-772f-ba89-ecf7aaa795d3;Experience;01a02690-0cc3-70e2-9a00-dc574e258d03;I Virtuosi Italiani
01a02690-22e9-71a4-af72-5c503023df70;Ain't That Fine;01a02690-0cc3-70e2-9a00-dc5897e3d7f1;I'm With Her
01a02690-22e9-71a4-af72-5c5128ff7a5d;KAWAII METAMOR SYMPHONY;01a02690-0cc3-70e2-9a00-dc59834483f5;I'm a Cutie Finder
01a02690-22e9-71a4-af72-5c52ed1bcf0d;Suddenly;01a02690-0cc3-70e2-9a00-dc5a232c3eec;I.O.I
01a02690-22e9-71a4-af72-5c53be7d5d0e;Play Dead;01a02690-0cc3-70e2-9a00-dc5b091f2096;ICE NINE KILLS
01a02690-22e9-71a4-af72-5c54827edb29;Twisting The Knife;01a02690-0cc3-70e2-9a00-dc5b091f2096;ICE NINE KILLS
01a02690-22e9-71a4-af72-5c552fdd3879;Resonant Pulses;01a02690-0cc3-70e2-9a00-dc5cb8403224;IDOLiSH7
01a02690-22e3-7064-9388-0feeb0b91fdf;una voz;01a02690-0cc3-70e2-9a00-dc5d4cdeaaca;IGNIS
01a02690-22e4-7376-a60c-b9c43432de93;Feel Alive;01a02690-0cc3-70e2-9a00-dc5e66a1013c;ILLENIUM
01a02690-22e9-71a4-af72-5c563ac22aa0;Almond Chocolate;01a02690-0cc3-70e2-9a00-dc5f81b4b823;ILLIT
01a02690-22e8-7496-8881-bfe153408dd1;I Got Your Back;01a02690-0cc3-70e2-9a00-dc5f81b4b823;ILLIT
01a02690-22e9-71a4-af72-5c571ac22d3a;ICONIC BY MISTAKE;01a02690-0cc3-70e2-9a00-dc5f81b4b823;ILLIT
01a02690-22e9-71a4-af72-5c588b79db33;It's Me;01a02690-0cc3-70e2-9a00-dc5f81b4b823;ILLIT
01a02690-22e9-71a4-af72-5c59cf1c7fd6;NOT CUTE ANYMORE;01a02690-0cc3-70e2-9a00-dc5f81b4b823;ILLIT
01a02690-22e9-71a4-af72-5c5a9dc70e8a;Sunday Morning;01a02690-0cc3-70e2-9a00-dc5f81b4b823;ILLIT
01a02690-22e9-71a4-af72-5c5bbff8bbf9;This & That;01a02690-0cc3-70e2-9a00-dc60fe3827d0;IMLAY
01a02690-22e9-71a4-af72-5c5c6a52f15b;PINKY. ni narouyo 2026;01a02690-0cc3-70e2-9a00-dc61a74650be;IMP.
01a02690-22e9-71a4-af72-5c5de9e96204;STRANGER;01a02690-0cc3-70e2-9a00-dc61a74650be;IMP.
01a02690-22e9-71a4-af72-5c5ef824cbca;All 4 U;01a02690-0cc3-70e2-9a00-dc622c29401d;INI
01a02690-22e9-71a4-af72-5c5f69b67729;KESHIKI;01a02690-0cc3-70e2-9a00-dc622c29401d;INI
01a02690-22e9-71a4-af72-5c602453cfcf;Rendezvous;01a02690-0cc3-70e2-9a00-dc622c29401d;INI
01a02690-22e9-71a4-af72-5c6162eb4797;Sand Castle;01a02690-0cc3-70e2-9a00-dc622c29401d;INI
01a02690-22e9-71a4-af72-5c62739deebe;Biggest Fan;01a02690-0cc3-70e2-9a00-dc63d1e144fe;IRENE
01a02690-22e5-74eb-8ac8-9ebc8b76e822;8;01a02690-0cc3-70e2-9a00-dc64485a4621;IVE
01a02690-22e9-71a4-af72-5c63b6e7913b;BANG BANG;01a02690-0cc3-70e2-9a00-dc64485a4621;IVE
01a02690-22e9-71a4-af72-5c649948276b;BLACKHOLE;01a02690-0cc3-70e2-9a00-dc64485a4621;IVE
01a02690-22e9-71a4-af72-5c65ee6059fb;Force;01a02690-0cc3-70e2-9a00-dc64485a4621;IVE
01a02690-22e9-71a4-af72-5c66841c2311;Good For My Soul;01a02690-0cc3-70e2-9a00-dc655250ebc9;Iam Tongi
01a02690-22e6-772f-ba89-ec499f3fc58e;Take Me Back;01a02690-0cc3-70e2-9a00-dc660c06cdb5;Ian G
01a02690-22e9-71a4-af72-5c6707cc67da;Medicine Man;01a02690-0cc3-70e2-9a00-dc673bac07c0;Ian Munsick
01a02690-22e9-71a4-af72-5c68886c76eb;Palomino Eyes;01a02690-0cc3-70e2-9a00-dc673bac07c0;Ian Munsick
01a02690-22e9-71a4-af72-5c6974daad2a;Great Southern Land;01a02690-0cc3-70e2-9a00-dc683f7e656d;Icehouse
01a02690-22e2-7774-a1a3-e4d2e7cdd23d;夢ノ聖火;01a02690-0cc3-70e2-9a00-dc69638c40f9;Ichinose Tokiya
01a02690-22e9-71a4-af72-5c6a9c7c38d2;Overcome the Storm -Gyakko Instrumental version-;01a02690-0cc3-70e2-9a00-dc6adc3a2c31;Ichiyo Izawa
01a02690-22e9-71a4-af72-5c6ba45f50b2;Sedia Aku Sebelum Hujan;01a02690-0cc3-70e2-9a00-dc6b487c8fd0;Idgitaf
01a02690-22e9-71a4-af72-5c6c78dd6df7;Jangan Paksa Rindu;01a02690-0cc3-70e2-9a00-dc6c1566973d;Ifan Seventeen
01a02690-22e9-71a4-af72-5c6d16ffff3f;Goodbye Lara;01a02690-0cc3-70e2-9a00-dc6d2974348e;Ikimonogakari
01a02690-22e9-71a4-af72-5c6e80fbe8ba;LET ME BE;01a02690-0cc3-70e2-9a00-dc6e2d8ebfa7;Ikro.
01a02690-22e9-71a4-af72-5c6f021865fd;I'M MOVING TO THE SUN;01a02690-0cc3-70e2-9a00-dc6f4a6a80cb;Imael Angel
01a02690-22e6-772f-ba89-ecb5cb73c3dc;I'm Alive;01a02690-0cc3-70e2-9a00-dc6f4a6a80cb;Imael Angel
01a02690-22e8-7496-8881-bff02aac5245;Movin' To The Sun;01a02690-0cc3-70e2-9a00-dc6f4a6a80cb;Imael Angel
01a02690-22e9-71a4-af72-5c70d055a651;Believer;01a02690-0cc3-70e2-9a00-dc7087b09d70;Imagine Dragons
01a02690-22e9-71a4-af72-5c715b5d4bb5;Demons;01a02690-0cc3-70e2-9a00-dc7087b09d70;Imagine Dragons
01a02690-22e9-71a4-af72-5c721d0fc72f;On Top of the World;01a02690-0cc3-70e2-9a00-dc7087b09d70;Imagine Dragons
01a02690-22e9-71a4-af72-5c7368b2129f;Baila Baila;01a02690-0cc3-70e2-9a00-dc71f2fba558;Immer Hansi
01a02690-22e9-71a4-af72-5c741c674a9b;Interstellar;01a02690-0cc3-70e2-9a00-dc72c7226a72;Imperial Orchestra
01a02690-22e9-71a4-af72-5c75746c2a9b;Rivers;01a02690-0cc3-70e2-9a00-dc732dbfed4d;Imran
01a02690-22e9-71a4-af72-5c76c35d8760;Crawl;01a02690-0cc3-70e2-9a00-dc748df16672;In This Moment
01a02690-22e9-71a4-af72-5c77ed99092c;Sleeping with the Enemy;01a02690-0cc3-70e2-9a00-dc748df16672;In This Moment
01a02690-22e3-7064-9388-1065df51a3a6;Tamma Tamma;01a02690-0cc3-70e2-9a00-dc7551d3b5b7;Indeevar
01a02690-22e9-71a4-af72-5c7821e082a1;Black Sheep;01a02690-0cc3-70e2-9a00-dc763fd14b91;Independentmusicart
01a02690-22e9-71a4-af72-5c79c67d1c17;Dernière danse;01a02690-0cc3-70e2-9a00-dc77cac2a39d;Indila
01a02690-22e9-71a4-af72-5c7aeb19c25d;Celebrate Me;01a02690-0cc3-70e2-9a00-dc784e6eba02;IngaRose
01a02690-22e9-71a4-af72-5c7bb460dad5;Feeling Good Today;01a02690-0cc3-70e2-9a00-dc784e6eba02;IngaRose
01a02690-22e9-71a4-af72-5c7c2a2d5346;Love Me When It’s Hard;01a02690-0cc3-70e2-9a00-dc784e6eba02;IngaRose
01a02690-22e9-71a4-af72-5c7d1a5a5e1b;Not for me;01a02690-0cc3-70e2-9a00-dc784e6eba02;IngaRose
01a02690-22e9-71a4-af72-5c7e85e0ad06;PIECE BY PIECE;01a02690-0cc3-70e2-9a00-dc784e6eba02;IngaRose
01a02690-22e9-71a4-af72-5c7fdf85ab93;Treat me Gently;01a02690-0cc3-70e2-9a00-dc784e6eba02;IngaRose
01a02690-22e9-71a4-af72-5c80089a016b;Summer Challenger;01a02690-0cc3-70e2-9a00-dc797fdfb5de;Inori Minase
01a02690-22e6-772f-ba89-ec669b9ee7ba;Bad Company;01a02690-0cc3-70e2-9a00-dc7a71851d28;Inpatient
01a02690-22e6-772f-ba89-ec671e55eb2f;Down The Road;01a02690-0cc3-70e2-9a00-dc7a71851d28;Inpatient
01a02690-22e6-772f-ba89-ec6810a841f6;Instigator;01a02690-0cc3-70e2-9a00-dc7a71851d28;Inpatient
01a02690-22e9-71a4-af72-5c81f29bef97;Iron City;01a02690-0cc3-70e2-9a00-dc7babe53908;Interpol
01a02690-22e9-71a4-af72-5c82d1bbef86;See Out Loud;01a02690-0cc3-70e2-9a00-dc7babe53908;Interpol
01a02690-22e9-71a4-af72-5c83efd8001a;This Mirror Weighs a Ton;01a02690-0cc3-70e2-9a00-dc7babe53908;Interpol
01a02690-22e5-74eb-8ac8-9eba69d98c67;Aari Aari;01a02690-0cc3-70e2-9a00-dc7c02e381de;Irshad Kamil
01a02690-22e4-7376-a60c-b929ebd0aef5;Gehra Hua;01a02690-0cc3-70e2-9a00-dc7c02e381de;Irshad Kamil
01a02690-22e4-7376-a60c-b92be389c4d2;Karvaan;01a02690-0cc3-70e2-9a00-dc7c02e381de;Irshad Kamil
01a02690-22e8-7496-8881-bf629d62b336;Scheißegal;01a02690-0cc3-70e2-9a00-dc7d1652dfdd;Isi Glück
01a02690-22e9-71a4-af72-5be15b7c559a;Kyou No Hi Wa Sayounara;01a02690-0cc3-70e2-9a00-dc7ec533ae50;Island resident
01a02690-22e9-71a4-af72-5c84aa3f4c2d;Shima No Uta;01a02690-0cc3-70e2-9a00-dc7ec533ae50;Island resident
01a02690-22e9-71a4-af72-5c8568cef41b;Over the Rainbow;01a02690-0cc3-70e2-9a00-dc7f6c274143;Israel Kamakawiwo'ole
01a02690-22e9-71a4-af72-5c866f717898;End Of The Season;01a02690-0cc3-70e2-9a00-dc80a8112a9e;Issac Ryan Brown
01a02690-22e9-71a4-af72-5c87ab0e10ce;Valhalla Calling;01a02690-0cc3-70e2-9a00-dc814b854530;Issouf Manem yam
01a02690-22e9-71a4-af72-5c886dfedfb1;Closer;01a02690-0cc3-70e2-9a00-dc82af9cd0c5;It's Just Paz
01a02690-22e9-71a4-af72-5c897b0f83a3;Nicht geglaubt;01a02690-0cc3-70e2-9a00-dc83dd32d0fb;Izla P.
01a02690-22e9-71a4-af72-5c8a4b3d03e7;COOK;01a02690-0cc3-70e2-9a00-dc84891b183a;J Balvin
01a02690-22e4-7376-a60c-b9aed199bc22;I Like It;01a02690-0cc3-70e2-9a00-dc84891b183a;J Balvin
01a02690-22e4-7376-a60c-ba064d0d8fd0;J Balvin: Bzrp Music Sessions, Vol. 62/66;01a02690-0cc3-70e2-9a00-dc84891b183a;J Balvin
01a02690-22e4-7376-a60c-b9af26888e71;LA CANCIÓN;01a02690-0cc3-70e2-9a00-dc84891b183a;J Balvin
01a02690-22e6-772f-ba89-eccb040a13a9;Tonto;01a02690-0cc3-70e2-9a00-dc84891b183a;J Balvin
01a02690-22e9-71a4-af72-5c8b0f1cedf4;KATANA;01a02690-0cc3-70e2-9a00-dc8535af0af1;J SOUL BROTHERS III from EXILE TRIBE
01a02690-22e9-71a4-af72-5c8c9cd548f2;Through The RAIN;01a02690-0cc3-70e2-9a00-dc8535af0af1;J SOUL BROTHERS III from EXILE TRIBE
01a02690-22e9-71a4-af72-5c8d62ac6850;ITALIA STARTER PACK;01a02690-0cc3-70e2-9a00-dc868580d8db;J-Ax
01a02690-22e9-71a4-af72-5c8e1e30a844;Two Six;01a02690-0cc3-70e2-9a00-dc8784cb8040;J. Cole
01a02690-22e9-71a4-af72-5c8ff06dfa67;99 Degrees;01a02690-0cc3-70e2-9a00-dc88100b6971;JAEHYUN
01a02690-22e9-71a4-af72-5c908cc84fba;GOALEX～希望誕生～;01a02690-0cc3-70e2-9a00-dc8918f00746;JAM Project
01a02690-22e9-71a4-af72-5c918476341d;Die Jugend hat Angst;01a02690-0cc3-70e2-9a00-dc8aae497ad4;JAS
01a02690-22e9-71a4-af72-5c927656b14e;Wish;01a02690-0cc3-70e2-9a00-dc8b17f90595;JASP.ER
01a02690-22e9-71a4-af72-5c9315a2a9da;Layback;01a02690-0cc3-70e2-9a00-dc8ca04621bc;JAY B
01a02690-22e9-71a4-af72-5c944baea620;Empire State Of Mind;01a02690-0cc3-70e2-9a00-dc8d64da4632;JAŸ-Z
01a02690-22e9-71a4-af72-5c9508c368b3;DEAD REFLEX;01a02690-0cc3-70e2-9a00-dc8e015cebd7;JC-T
01a02690-22e9-71a4-af72-5c9637791502;PROOF;01a02690-0cc3-70e2-9a00-dc8e015cebd7;JC-T
01a02690-22e9-71a4-af72-5c97895f2116;Tell The Devil I'm Busy;01a02690-0cc3-70e2-9a00-dc8f68951bcc;JD Steel
01a02690-22e9-71a4-af72-5c98801727d6;Damn Right;01a02690-0cc3-70e2-9a00-dc90dfae18c7;JENNIE
01a02690-22e9-71a4-af72-5c99263e8885;Dracula;01a02690-0cc3-70e2-9a00-dc90dfae18c7;JENNIE
01a02690-22e9-71a4-af72-5c9aa96ab65f;ExtraL;01a02690-0cc3-70e2-9a00-dc90dfae18c7;JENNIE
01a02690-22e9-71a4-af72-5c9b4351f353;Handlebars;01a02690-0cc3-70e2-9a00-dc90dfae18c7;JENNIE
01a02690-22e9-71a4-af72-5c9c32015575;Less than a Lover;01a02690-0cc3-70e2-9a00-dc90dfae18c7;JENNIE
01a02690-22e9-71a4-af72-5c9d25487657;Love Hangover;01a02690-0cc3-70e2-9a00-dc90dfae18c7;JENNIE
01a02690-22e9-71a4-af72-5c9ebfd6c6a2;like JENNIE;01a02690-0cc3-70e2-9a00-dc90dfae18c7;JENNIE
01a02690-22e9-71a4-af72-5c9fa6291226;start a war;01a02690-0cc3-70e2-9a00-dc90dfae18c7;JENNIE
01a02690-22e9-71a4-af72-5ca06771c742;Beneath My Skin;01a02690-0cc3-70e2-9a00-dc916175b0ba;JERRY'S SOUND ROOM
01a02690-22e9-71a4-af72-5ca1eb627535;No Juegues Con Mi Corazón;01a02690-0cc3-70e2-9a00-dc916175b0ba;JERRY'S SOUND ROOM
01a02690-22e9-71a4-af72-5ca28d3a0146;No Me Debes Nada;01a02690-0cc3-70e2-9a00-dc916175b0ba;JERRY'S SOUND ROOM
01a02690-22e9-71a4-af72-5ca3da40c4dd;Qué Bonito Llegar Así;01a02690-0cc3-70e2-9a00-dc916175b0ba;JERRY'S SOUND ROOM
01a02690-22e9-71a4-af72-5ca4cd16b1a0;Under My Skin;01a02690-0cc3-70e2-9a00-dc916175b0ba;JERRY'S SOUND ROOM
01a02690-22e9-71a4-af72-5ca5f55eb5f6;Forever Right Now;01a02690-0cc3-70e2-9a00-dc92db8acdcd;JERUB
01a02690-22e5-74eb-8ac8-9f439f1468b1;Stay;01a02690-0cc3-70e2-9a00-dc92db8acdcd;JERUB
01a02690-22e4-7376-a60c-b9ab99590d69;DÁKITI;01a02690-0cc3-70e2-9a00-dc93bb165fbe;JHAYCO
01a02690-22e9-71a4-af72-5ca68bbabee2;ROSITA;01a02690-0cc3-70e2-9a00-dc93bb165fbe;JHAYCO
01a02690-22e7-71eb-b833-30edce5cb040;Kribbeln im Bauch;01a02690-0cc3-70e2-9a00-dc946127dd71;JHNWNDT
01a02690-22e9-71a4-af72-5c5f69b67729;KESHIKI;01a02690-0cc3-70e2-9a00-dc95ed1e06c9;JI BLUE
01a02690-22e9-71a4-af72-5ca779629ab6;Dark Dawn;01a02690-0cc3-70e2-9a00-dc962b4a267a;JINJIN
01a02690-22e3-7064-9388-103f098d9f2c;Free;01a02690-0cc3-70e2-9a00-dc9732f8705c;JINU
01a02690-22e9-71a4-af72-5ca8dc44918a;Round and Round;01a02690-0cc3-70e2-9a00-dc98a33a505f;JISOKURY
01a02690-22e9-71a4-af72-5ca9284d45aa;Careful with Fate;01a02690-0cc3-70e2-9a00-dc994a44c01d;JJ Lin
01a02690-22e8-7496-8881-bf44c6783dfd;Kygo Jo;01a02690-0cc3-70e2-9a00-dc9a5b3dfd7c;JMK
01a02690-22e9-71a4-af72-5caad76b6631;Breezy Love;01a02690-0cc3-70e2-9a00-dc9b63c33e96;JO1
01a02690-22e9-71a4-af72-5cab057da9e9;EIEN;01a02690-0cc3-70e2-9a00-dc9b63c33e96;JO1
01a02690-22e9-71a4-af72-5c5f69b67729;KESHIKI;01a02690-0cc3-70e2-9a00-dc9b63c33e96;JO1
01a02690-22e9-71a4-af72-5cacaf82a032;SAKURA;01a02690-0cc3-70e2-9a00-dc9b63c33e96;JO1
01a02690-22e9-71a4-af72-5cad5f290ded;WHATCHA DOIN;01a02690-0cc3-70e2-9a00-dc9b63c33e96;JO1
01a02690-22e9-71a4-af72-5caeed23bb40;Emoji;01a02690-0cc3-70e2-9a00-dc9ca3016a99;JOLIN
01a02690-22e9-71a4-af72-5caf0f9d3453;Prague Square;01a02690-0cc3-70e2-9a00-dc9ca3016a99;JOLIN
01a02690-22e9-71a4-af72-5caeed23bb40;Emoji;01a02690-0cc3-70e2-9a00-dc9dbcc5c6c3;JOLIN蔡依林
01a02690-22e9-71a4-af72-5cb017f9b868;Ya Ya Ya;01a02690-0cc3-70e2-9a00-dc9e9209a14d;JONAS LOVV
01a02690-22e6-772f-ba89-ec320fc5dd55;Sad Song;01a02690-0cc3-70e2-9a00-dc9fc66124e7;JP Cooper
01a02690-22e5-74eb-8ac8-9ec18842e755;Vollmond;01a02690-0cc3-70e2-9a00-dca0d7de9828;JUGGLERZ
01a02690-22e9-71a4-af72-5cb11ba6522d;Midnight Ticket;01a02690-0cc3-70e2-9a00-dca197db1620;JUN. K
01a02690-22e9-71a4-af72-5cb239692329;Your Lips;01a02690-0cc3-70e2-9a00-dca197db1620;JUN. K
01a02690-22e9-71a4-af72-5cb3ac492ea4;Zij is voor mij;01a02690-0cc3-70e2-9a00-dca249dc739a;Jaap Reesema
01a02690-22e9-71a4-af72-5cb4ebe4ac1e;The Power Of Love;01a02690-0cc3-70e2-9a00-dca38c5c89e6;Jacinta Guirguis
01a02690-22e5-74eb-8ac8-9ead0c3b3439;Gut Genug;01a02690-0cc3-70e2-9a00-dca4f8ec8026;Jack Dylan
01a02690-22e6-772f-ba89-ed19e27429be;Upside Down;01a02690-0cc3-70e2-9a00-dca5654f6109;Jack Johnson
01a02690-22e5-74eb-8ac8-9eeb207647cd;Rocky Road to Dublin;01a02690-0cc3-70e2-9a00-dca6b21ea228;Jack O'Connell
01a02690-22e9-71a4-af72-5cb54cccc6f3;Do It For Love;01a02690-0cc3-70e2-9a00-dca7b1d9b01b;Jack Savoretti
01a02690-22e9-71a4-af72-5cb698f59b7a;I Hear You Calling;01a02690-0cc3-70e2-9a00-dca7b1d9b01b;Jack Savoretti
01a02690-22e9-71a4-af72-5cb76e629321;Only Gonna Cry For You;01a02690-0cc3-70e2-9a00-dca7b1d9b01b;Jack Savoretti
01a02690-22e9-71a4-af72-5cb8dd88dc02;We Will Always Be The Way We Were;01a02690-0cc3-70e2-9a00-dca7b1d9b01b;Jack Savoretti
01a02690-22e5-74eb-8ac8-9efe311fd00d;Now We Are Free;01a02690-0cc3-70e2-9a00-dca8f1fb64f3;Jack Smalley
01a02690-22e9-71a4-af72-5cb978234908;G.O.D. And The Broken Ribs;01a02690-0cc3-70e2-9a00-dca974426737;Jack White
01a02690-22e9-71a4-af72-5cba8ae7173a;I Want You Back;01a02690-0cc3-70e2-9a00-dcaa634f34f9;Jackson 5
01a02690-22e9-71a4-af72-5cbbc96fba96;Hey Mississippi;01a02690-0cc3-70e2-9a00-dcabe503e5bd;Jackson Dean
01a02690-22e9-71a4-af72-5cbc8b0d4aba;Deadend;01a02690-0cc3-70e2-9a00-dcac44933f6e;Jackson Wang
01a02690-22e9-71a4-af72-5cbdec661c52;Don't Fall Asleep;01a02690-0cc3-70e2-9a00-dcade71b6f9e;Jacob Alon
01a02690-22e9-71a4-af72-5cbe56707c98;Done;01a02690-0cc3-70e2-9a00-dcaef54657a8;Jada Monroe
01a02690-22e9-71a4-af72-5cbf51dfa550;Habit;01a02690-0cc3-70e2-9a00-dcaef54657a8;Jada Monroe
01a02690-22e9-71a4-af72-5cc09ee0ffa8;Keep Going;01a02690-0cc3-70e2-9a00-dcaef54657a8;Jada Monroe
01a02690-22e9-71a4-af72-5cc1667fb68b;Slow Ruin;01a02690-0cc3-70e2-9a00-dcaef54657a8;Jada Monroe
01a02690-22e9-71a4-af72-5cc2e77f5707;That's The Lesson;01a02690-0cc3-70e2-9a00-dcaef54657a8;Jada Monroe
01a02690-22e9-71a4-af72-5cc38e6ce5c9;Too Late To Leave;01a02690-0cc3-70e2-9a00-dcaef54657a8;Jada Monroe
01a02690-22e6-772f-ba89-ed19e27429be;Upside Down;01a02690-0cc3-70e2-9a00-dcaf62d4a9ae;Jaden Bojsen
01a02690-22e9-71a4-af72-5cc4089cd57e;Zeig wer du bist;01a02690-0cc3-70e2-9a00-dcb01d268403;Jadte
01a02690-22e9-71a4-af72-5cc5ae733dd9;Your Phone Linging;01a02690-0cc3-70e2-9a00-dcb17aad1867;Jahin Music
01a02690-22e9-71a4-af72-5cc6862367cd;Desperado;01a02690-0cc3-70e2-9a00-dcb232309a52;Jake Hoot
01a02690-22e9-71a4-af72-5cc76120a8d8;Burning Temptation;01a02690-0cc3-70e2-9a00-dcb33a81ec77;Jalen Ngonda
01a02690-22e9-71a4-af72-5cc8615c5704;At Last;01a02690-0cc3-70e2-9a00-dcb4b7f32d43;James Arthur
01a02690-22e9-71a4-af72-5cc9d4ee67e0;Death of Love;01a02690-0cc3-70e2-9a00-dcb5954c4d25;James Blake
01a02690-22e9-71a4-af72-5ccae1709a98;I Had a Dream She Took My Hand;01a02690-0cc3-70e2-9a00-dcb5954c4d25;James Blake
01a02690-22e9-71a4-af72-5ccb6cb316df;Tastes Like Summer;01a02690-0cc3-70e2-9a00-dcb6cb89169a;James Blunt
01a02690-22e9-71a4-af72-5cccc5518dda;Be Mine;01a02690-0cc3-70e2-9a00-dcb71287f2a9;James Hype
01a02690-22e9-71a4-af72-5ccd053373cf;Waterfalls;01a02690-0cc3-70e2-9a00-dcb71287f2a9;James Hype
01a02690-22e9-71a4-af72-5cced6cba77e;COUNTRY SONG;01a02690-0cc3-70e2-9a00-dcb8e649591d;James Johnston
01a02690-22e9-71a4-af72-5ccfa5fca9dc;DO YOU PLAY ANY COUNTRY;01a02690-0cc3-70e2-9a00-dcb8e649591d;James Johnston
01a02690-22e9-71a4-af72-5cd0e5e2c08c;TAKES ME BACK;01a02690-0cc3-70e2-9a00-dcb8e649591d;James Johnston
01a02690-22e9-71a4-af72-5cd1f79952ce;California Rain;01a02690-0cc3-70e2-9a00-dcb9d52f7ac5;James Marriott
01a02690-22e9-71a4-af72-5cd267f57625;Waiting for Your Love;01a02690-0cc3-70e2-9a00-dcbac59cf167;Jamie Bower
01a02690-22e9-71a4-af72-5cd31453b778;Babydoll;01a02690-0cc3-70e2-9a00-dcbb6dbbfef4;Jamie Miller
01a02690-22e8-7496-8881-bf5dbd937d22;Lights Burn Dimmer;01a02690-0cc3-70e2-9a00-dcbc11a354ce;Jamie T
01a02690-22e7-71eb-b833-30e96b72ee5b;Oh Happy Day;01a02690-0cc3-70e2-9a00-dcbdadc580f3;Jamieson Shaw
01a02690-22e7-71eb-b833-30eaeec496e5;Wearin' That Night Life Look;01a02690-0cc3-70e2-9a00-dcbdadc580f3;Jamieson Shaw
01a02690-22e9-71a4-af72-5cd4b32ff868;Verkeerde Gat;01a02690-0cc3-70e2-9a00-dcbe1dba14f7;Jan Biggel
01a02690-22e8-7496-8881-bf5a711b8156;Zij Hoort Bij Mij;01a02690-0cc3-70e2-9a00-dcbfa53c728c;Jan Smit
01a02690-22e4-7376-a60c-b955a5c3e1c9;Doesn't Really Matter;01a02690-0cc3-70e2-9a00-dcc0ee2028b9;Janet Jackson
01a02690-22e9-71a4-af72-5cd53520e9b7;Dans tot de morgen met mij;01a02690-0cc3-70e2-9a00-dcc18df399c3;Jannes
01a02690-22e5-74eb-8ac8-9eba69d98c67;Aari Aari;01a02690-0cc3-70e2-9a00-dcc27cfe91d3;Jasmine Sandlas
01a02690-22e9-71a4-af72-5cd6bac3f30c;Jaiye Sajana;01a02690-0cc3-70e2-9a00-dcc27cfe91d3;Jasmine Sandlas
01a02690-22e4-7376-a60c-b9a1c625b954;Title Track;01a02690-0cc3-70e2-9a00-dcc27cfe91d3;Jasmine Sandlas
01a02690-22e9-71a4-af72-5cd7f689a83a;Don’t Tell On Me;01a02690-0cc3-70e2-9a00-dcc388d520f2;Jason Aldean
01a02690-22e9-71a4-af72-5cd88e6a0eef;Drinking About You;01a02690-0cc3-70e2-9a00-dcc388d520f2;Jason Aldean
01a02690-22e6-772f-ba89-ed1c8b793778;Dust on the Bottle;01a02690-0cc3-70e2-9a00-dcc388d520f2;Jason Aldean
01a02690-22e5-74eb-8ac8-9ef3daec4321;Easier Gone;01a02690-0cc3-70e2-9a00-dcc388d520f2;Jason Aldean
01a02690-22e9-71a4-af72-5cd9fc88b736;Her Favorite Color;01a02690-0cc3-70e2-9a00-dcc388d520f2;Jason Aldean
01a02690-22e9-71a4-af72-5cdaae2c0a6a;How Far Does A Goodbye Go;01a02690-0cc3-70e2-9a00-dcc388d520f2;Jason Aldean
01a02690-22e9-71a4-af72-5cdb82ee1cb5;What’s A Little Heartache;01a02690-0cc3-70e2-9a00-dcc388d520f2;Jason Aldean
01a02690-22e6-772f-ba89-ecc405d7872b;Mi Chico;01a02690-0cc3-70e2-9a00-dcc4db795fea;Jason Derulo
01a02690-22e9-71a4-af72-5cdc4c84dd7c;Welcome To The Land Of The Free;01a02690-0cc3-70e2-9a00-dcc5d79c2b99;Jason Stills
01a02690-22e6-772f-ba89-ec9f87f95494;Friday Magic;01a02690-0cc3-70e2-9a00-dcc6ec2a3629;Jasper
01a02690-22e9-71a4-af72-5cdd51ea264e;Iphone Ringtone Trap;01a02690-0cc3-70e2-9a00-dcc7bb143ff5;Jasser Labidi
01a02690-22e3-7064-9388-0feeb0b91fdf;una voz;01a02690-0cc3-70e2-9a00-dcc8eb730d6c;Javier Portela
01a02690-22e9-71a4-af72-5cdececf5cd2;Said It All;01a02690-0cc3-70e2-9a00-dcc95e5e8216;Jax Jones
01a02690-22e9-71a4-af72-5cdffe9e936c;Dont Wait Til She's Done;01a02690-0cc3-70e2-9a00-dccac103283d;Jax Wilder
01a02690-22e9-71a4-af72-5ce0f79c6adc;Dont Wait Til She's Gone;01a02690-0cc3-70e2-9a00-dccac103283d;Jax Wilder
01a02690-22e9-71a4-af72-5ce1ac4d21d4;Turn The Lights Off;01a02690-0cc3-70e2-9a00-dccb540df5a3;Jaxstyle
01a02690-22e9-71a4-af72-5ce29bc119d3;The Day It Rained;01a02690-0cc3-70e2-9a00-dccc3cabdee8;Jay Chou
01a02690-22e5-74eb-8ac8-9f477e2ec218;Satisfy;01a02690-0cc3-70e2-9a00-dccda13699f6;Jazzy
01a02690-22e9-71a4-af72-5ce36b770fa1;Puisque tu pars;01a02690-0cc3-70e2-9a00-dcce578d41ff;Jean-Jacques Goldman
01a02690-22e9-71a4-af72-5ce4b7d79737;Rock My Life;01a02690-0cc3-70e2-9a00-dccf60a60dca;Jeanette Biedermann
01a02690-22e9-71a4-af72-5ce59d417576;Respire fort;01a02690-0cc3-70e2-9a00-dcd01ed22e7b;Jeanne
01a02690-22e5-74eb-8ac8-9f560272ece6;La recette;01a02690-0cc3-70e2-9a00-dcd1ce23df0e;Jeck
01a02690-22e5-74eb-8ac8-9f57d187fd39;M'envoler;01a02690-0cc3-70e2-9a00-dcd1ce23df0e;Jeck
01a02690-22e9-71a4-af72-5ce6eba82f80;Hillbilly Wobble Rap;01a02690-0cc3-70e2-9a00-dcd2cbe8c064;Jeff Suits
01a02690-22e9-71a4-af72-5ce70cdf69e0;Loco;01a02690-0cc3-70e2-9a00-dcd36e2d4e9b;Jeffrey Heesen
01a02690-22e3-7064-9388-0fde1bf3606c;Meisje;01a02690-0cc3-70e2-9a00-dcd36e2d4e9b;Jeffrey Heesen
01a02690-22e9-71a4-af72-5ce81c0dab0f;A Voice;01a02690-0cc3-70e2-9a00-dcd4ef79b89c;Jeffrey Steele
01a02690-22e9-71a4-af72-5ce942681731;Amen;01a02690-0cc3-70e2-9a00-dcd564b12dd6;Jelly Roll
01a02690-22e3-7064-9388-10084abaa255;Bloodline;01a02690-0cc3-70e2-9a00-dcd564b12dd6;Jelly Roll
01a02690-22e9-71a4-af72-5cead1eed04d;Hands Up;01a02690-0cc3-70e2-9a00-dcd564b12dd6;Jelly Roll
01a02690-22e5-74eb-8ac8-9ee0d8f35826;Hard Fought Hallelujah;01a02690-0cc3-70e2-9a00-dcd564b12dd6;Jelly Roll
01a02690-22e9-71a4-af72-5ceb8cd73d03;I Am Not Okay;01a02690-0cc3-70e2-9a00-dcd564b12dd6;Jelly Roll
01a02690-22e9-71a4-af72-5cec1729950b;Liar;01a02690-0cc3-70e2-9a00-dcd564b12dd6;Jelly Roll
01a02690-22e9-71a4-af72-5ced6b327c52;Thorns;01a02690-0cc3-70e2-9a00-dcd564b12dd6;Jelly Roll
01a02690-22e5-74eb-8ac8-9ebb7704718d;Mourir sur scène;01a02690-0cc3-70e2-9a00-dcd64d747ff5;Jenifer
01a02690-22e3-7064-9388-1021e5d4a96e;Everything's Fine;01a02690-0cc3-70e2-9a00-dcd7596fef42;Jennifer Lopez
01a02690-22e9-71a4-af72-5cee9b58b1a8;On the Floor;01a02690-0cc3-70e2-9a00-dcd7596fef42;Jennifer Lopez
01a02690-22e6-772f-ba89-ed174b3cbf55;Save Me Tonight;01a02690-0cc3-70e2-9a00-dcd7596fef42;Jennifer Lopez
01a02690-22ea-7193-8a3e-1b98bf5f5a24;Alles muss man selber hassen;01a02690-0cc3-70e2-9a00-dcd83e1d77c7;Jennifer Rostock
01a02690-22ea-7193-8a3e-1b9970aedbac;Bist du noch da;01a02690-0cc3-70e2-9a00-dcd83e1d77c7;Jennifer Rostock
01a02690-22ea-7193-8a3e-1b9ae6da8b30;Wir schon wieder;01a02690-0cc3-70e2-9a00-dcd83e1d77c7;Jennifer Rostock
01a02690-22ea-7193-8a3e-1b9b406884b0;Nothing But The Blood;01a02690-0cc3-70e2-9a00-dcd9af3a975c;Jeremy Rosado
01a02690-22e7-71eb-b833-308b4ab187fd;Breaking Through;01a02690-0cc3-70e2-9a00-dcdac78bd4bf;Jeremy Zucker
01a02690-22ea-7193-8a3e-1b9c9b7a6b59;Father, Beyond Valhalla;01a02690-0cc3-70e2-9a00-dcdb166f4106;Jernblod
01a02690-22ea-7193-8a3e-1b9d8c76c718;Greenland;01a02690-0cc3-70e2-9a00-dcdb166f4106;Jernblod
01a02690-22ea-7193-8a3e-1b9eeb665572;Run With The Wolves;01a02690-0cc3-70e2-9a00-dcdb166f4106;Jernblod
01a02690-22ea-7193-8a3e-1b9f9b35b623;Shieldmaiden;01a02690-0cc3-70e2-9a00-dcdb166f4106;Jernblod
01a02690-22ea-7193-8a3e-1ba079747253;Valkyria Calling;01a02690-0cc3-70e2-9a00-dcdb166f4106;Jernblod
01a02690-22ea-7193-8a3e-1ba1f1c133c8;Achtermekaar, Achtermekaar, Achtermekaar;01a02690-0cc3-70e2-9a00-dcdcf84687b9;Jeroen Van Zelst
01a02690-22ea-7193-8a3e-1ba2e9a34671;Always will;01a02690-0cc3-70e2-9a00-dcdd310f928c;Jerome Timu
01a02690-22ea-7193-8a3e-1ba322e6f011;Loop;01a02690-0cc3-70e2-9a00-dcde0e0a2d6f;Jerri
01a02690-22ea-7193-8a3e-1ba4015c62e1;The JAWN;01a02690-0cc3-70e2-9a00-dcde0e0a2d6f;Jerri
01a02690-22ea-7193-8a3e-1ba5291f95c1;Hold My Hand;01a02690-0cc3-70e2-9a00-dcdf9a73eeee;Jess Glynne
01a02690-22ea-7193-8a3e-1ba659af15c3;Regarde ce que tu as réveillé;01a02690-0cc3-70e2-9a00-dce0fd28c0c9;Jessica Brouart
01a02690-22ea-7193-8a3e-1ba7d7e9334d;I'LL NEVER KNOW WHY;01a02690-0cc3-70e2-9a00-dce14cf38e44;Jessie J
01a02690-22ea-7193-8a3e-1ba81ed3ad1d;Living My Best Life;01a02690-0cc3-70e2-9a00-dce14cf38e44;Jessie J
01a02690-22ea-7193-8a3e-1ba97f15d4c3;Automatic;01a02690-0cc3-70e2-9a00-dce2550d19ae;Jessie Ware
01a02690-22ea-7193-8a3e-1baa07882231;I Could Get Used To This;01a02690-0cc3-70e2-9a00-dce2550d19ae;Jessie Ware
01a02690-22ea-7193-8a3e-1babcb3fbbb0;Ride;01a02690-0cc3-70e2-9a00-dce2550d19ae;Jessie Ware
01a02690-22ea-7193-8a3e-1bac900973a9;Say You Love Me;01a02690-0cc3-70e2-9a00-dce2550d19ae;Jessie Ware
01a02690-22ea-7193-8a3e-1bad52445168;Pressha;01a02690-0cc3-70e2-9a00-dce30dfdd32a;Jill Scott
01a02690-22ea-7193-8a3e-1bae6d03b78a;No Man No Cry;01a02690-0cc3-70e2-9a00-dce43583b6c4;Jimmy Sax
01a02690-22e5-74eb-8ac8-9f2657fe1a9c;メガLOVEハッピーワールド;01a02690-0cc3-70e2-9a00-dce5c8114474;Jinguji Ren
01a02690-22e7-71eb-b833-30ec8bac93eb;Voyaging Star's Farewell;01a02690-0cc3-70e2-9a00-dce6f8e75e35;JixWang
01a02690-22ea-7193-8a3e-1bafa7a08134;I'm Still Dancin';01a02690-0cc3-70e2-9a00-dce7e923c8b3;JoJo Siwa
01a02690-22ea-7193-8a3e-1bb0c3947f71;Serendipity;01a02690-0cc3-70e2-9a00-dce7e923c8b3;JoJo Siwa
01a02690-22ea-7193-8a3e-1bb11dd37b9e;Momente für immer;01a02690-0cc3-70e2-9a00-dce8d5c279ab;JoJo165
01a02690-22ea-7193-8a3e-1bb22eb702b7;That Country High;01a02690-0cc3-70e2-9a00-dce965fd3552;Joe Hermes
01a02690-22ea-7193-8a3e-1bb3aca35ec7;After All This Time;01a02690-0cc3-70e2-9a00-dcea4b09ae27;Joe Jackson
01a02690-22ea-7193-8a3e-1bb4fc5cbbb3;Say La V;01a02690-0cc3-70e2-9a00-dceb873d3256;Joe Nichols
01a02690-22e4-7376-a60c-b95dda7e7a89;PENSIERO STUPENDO;01a02690-0cc3-70e2-9a00-dcecaefc97e6;Joe Rok
01a02690-22ea-7193-8a3e-1bb5684155a8;Devotion;01a02690-0cc3-70e2-9a00-dcedb8fccdc0;Joel Corry
01a02690-22ea-7193-8a3e-1bb6bb2abd10;Schwer zu erklären;01a02690-0cc3-70e2-9a00-dcee354b77bf;Joey Heindle
01a02690-22ea-7193-8a3e-1bb709463316;Ein Leben lang ist nicht lang;01a02690-0cc3-70e2-9a00-dcef216c7876;Johannes Oerding
01a02690-22ea-7193-8a3e-1bb8a7cb4920;Ein guter Weg;01a02690-0cc3-70e2-9a00-dcef216c7876;Johannes Oerding
01a02690-22ea-7193-8a3e-1bb9ee2971b8;Langsam;01a02690-0cc3-70e2-9a00-dcef216c7876;Johannes Oerding
01a02690-22ea-7193-8a3e-1bba25ef3c12;Mehr Glück als Verstand;01a02690-0cc3-70e2-9a00-dcef216c7876;Johannes Oerding
01a02690-22ea-7193-8a3e-1bbb679b115b;Märchen aus Hollywood;01a02690-0cc3-70e2-9a00-dcef216c7876;Johannes Oerding
01a02690-22ea-7193-8a3e-1bbc144c0a56;Sonntag;01a02690-0cc3-70e2-9a00-dcef216c7876;Johannes Oerding
01a02690-22ea-7193-8a3e-1bbd78ad5b5c;Wolken;01a02690-0cc3-70e2-9a00-dcef216c7876;Johannes Oerding
01a02690-22ea-7193-8a3e-1bbe6d6f9499;R.O.C.K. In the U.S.A.;01a02690-0cc3-70e2-9a00-dcf07174a9bf;John Cougar Mellencamp
01a02690-22ea-7193-8a3e-1bbfd9e4aba9;Take Me Home, Country Roads;01a02690-0cc3-70e2-9a00-dcf19e0e744c;John Denver
01a02690-22ea-7193-8a3e-1bc098a9a04d;A Touch of Paradise;01a02690-0cc3-70e2-9a00-dcf297ef8dc8;John Farnham
01a02690-22ea-7193-8a3e-1bc1cb1d4d04;Burn for You;01a02690-0cc3-70e2-9a00-dcf297ef8dc8;John Farnham
01a02690-22ea-7193-8a3e-1bc2e05fd4de;The Reason Why;01a02690-0cc3-70e2-9a00-dcf297ef8dc8;John Farnham
01a02690-22ea-7193-8a3e-1bc38b761d97;You're the Voice;01a02690-0cc3-70e2-9a00-dcf297ef8dc8;John Farnham
01a02690-22e6-772f-ba89-ed14623d9cbd;Human;01a02690-0cc3-70e2-9a00-dcf3ef97a0ad;John Martin
01a02690-22ea-7193-8a3e-1bc45ec3bfed;Phone, Keys, Wallet;01a02690-0cc3-70e2-9a00-dcf4d199ff0e;John Mayer
01a02690-22ea-7193-8a3e-1bc56f91f1a5;Als jij nu nog niet weet;01a02690-0cc3-70e2-9a00-dcf5c5d50724;John de Bever
01a02690-22ea-7193-8a3e-1bc653ae4bb2;Fantasy Girl;01a02690-0cc3-70e2-9a00-dcf69ecdc2de;Johnny O.
01a02690-22e3-7064-9388-1067b8e2a0cb;Beautiful;01a02690-0cc3-70e2-9a00-dcf7e9150479;Joji
01a02690-22ea-7193-8a3e-1bc77b85c6af;LOVE YOU LESS;01a02690-0cc3-70e2-9a00-dcf7e9150479;Joji
01a02690-22ea-7193-8a3e-1bc8e4b746d6;Last of a Dying Breed;01a02690-0cc3-70e2-9a00-dcf7e9150479;Joji
01a02690-22e9-71a4-af72-5ce1ac4d21d4;Turn The Lights Off;01a02690-0cc3-70e2-9a00-dcf8b57c78d5;Jon
01a02690-22ea-7193-8a3e-1bc91e966c39;Turn the Lights Off;01a02690-0cc3-70e2-9a00-dcf8b57c78d5;Jon
01a02690-22ea-7193-8a3e-1bca7d0537d4;Gospel Andante;01a02690-0cc3-70e2-9a00-dcf994165a33;Jon Batiste
01a02690-22ea-7193-8a3e-1bcba0fb1372;Just As I Am;01a02690-0cc3-70e2-9a00-dcfad15dc7ec;Jon Reddick
01a02690-22ea-7193-8a3e-1bccf14744ee;Edge of Desire;01a02690-0cc3-70e2-9a00-dcfb4f1d7255;Jonas Blue
01a02690-22e5-74eb-8ac8-9e9ee9026d43;Island Morning;01a02690-0cc3-70e2-9a00-dcfc2a65b0a5;Jones
01a02690-22e5-74eb-8ac8-9e9fbb56d4fc;Rosé;01a02690-0cc3-70e2-9a00-dcfc2a65b0a5;Jones
01a02690-22e5-74eb-8ac8-9ea072da9f39;Strada Statale Amalfitana;01a02690-0cc3-70e2-9a00-dcfc2a65b0a5;Jones
01a02690-22ea-7193-8a3e-1bcda7ff9e8d;The Night We Met;01a02690-0cc3-70e2-9a00-dcfdae79086d;Joni Fuller
01a02690-22ea-7193-8a3e-1bce56215a73;Bar None;01a02690-0cc3-70e2-9a00-dcfed237c37e;Jordan Davis
01a02690-22e7-71eb-b833-30edce5cb040;Kribbeln im Bauch;01a02690-0cc3-70e2-9a00-dcffcf567ec5;Jorin Hagen
01a02690-22ea-7193-8a3e-1bcf460f7320;World Alone;01a02690-0cc3-70e2-9a00-dd003cf907c9;Jorn
01a02690-22ea-7193-8a3e-1bd051ff4cf5;One Flag, One Roar;01a02690-0cc3-70e2-9a00-dd0145efcb29;Jose's House
01a02690-22ea-7193-8a3e-1bd16d91f1d2;Like a Prayer;01a02690-0cc3-70e2-9a00-dd02cbf5ae26;Josh Fawaz
01a02690-22ea-7193-8a3e-1bd299225083;Wonderwall;01a02690-0cc3-70e2-9a00-dd02cbf5ae26;Josh Fawaz
01a02690-22ea-7193-8a3e-1bd35dc3dd52;As Time Goes By;01a02690-0cc3-70e2-9a00-dd03917035a6;Josh Groban
01a02690-22ea-7193-8a3e-1bd4a464f0c3;Can You Feel the Love Tonight;01a02690-0cc3-70e2-9a00-dd03917035a6;Josh Groban
01a02690-22e2-7774-a1a3-e4cb5b1d8380;Skyfall;01a02690-0cc3-70e2-9a00-dd03917035a6;Josh Groban
01a02690-22ea-7193-8a3e-1bd577724172;You Raise Me Up;01a02690-0cc3-70e2-9a00-dd03917035a6;Josh Groban
01a02690-22e7-71eb-b833-301c2295d4b7;Prophesy;01a02690-0cc3-70e2-9a00-dd04f2573f75;Joshua Giles
01a02690-22ea-7193-8a3e-1bd6d9a2f7ea;demons;01a02690-0cc3-70e2-9a00-dd05ca5611b2;Josiah Queen
01a02690-22ea-7193-8a3e-1bd75a60ab84;Do Si Dough;01a02690-0cc3-70e2-9a00-dd06193c34fd;Josiah Siska
01a02690-22ea-7193-8a3e-1bd85312566b;Baby, Can I Hold You Tonight;01a02690-0cc3-70e2-9a00-dd0775526b13;José Molina
01a02690-22ea-7193-8a3e-1bd908cb3eaf;Don't Stop Believin';01a02690-0cc3-70e2-9a00-dd08ec48fde2;Journey
01a02690-22ea-7193-8a3e-1bda48393d50;Separate Ways;01a02690-0cc3-70e2-9a00-dd08ec48fde2;Journey
01a02690-22e3-7064-9388-10144c75f7a5;Buon Vento;01a02690-0cc3-70e2-9a00-dd0995f1babb;Jovanotti
01a02690-22e3-7064-9388-1038fa2bd0d3;DNA;01a02690-0cc3-70e2-9a00-dd0995f1babb;Jovanotti
01a02690-22e4-7376-a60c-b9b61764a9c1;Safaera;01a02690-0cc3-70e2-9a00-dd0a585ac24c;Jowell & Randy
01a02690-22e8-7496-8881-bf4fc48fd1da;You’ll Be The Proof;01a02690-0cc3-70e2-9a00-dd0b9ccf421b;Joy Williams
01a02690-22e9-71a4-af72-5becc89e54fa;Without You;01a02690-0cc3-70e2-9a00-dd0c524e4463;Jr.
01a02690-22ea-7193-8a3e-1bdb628ecf1a;As the Crow;01a02690-0cc3-70e2-9a00-dd0d0aecad9f;Judah
01a02690-22ea-7193-8a3e-1bdc6e45b90a;Gravel Roads;01a02690-0cc3-70e2-9a00-dd0d0aecad9f;Judah
01a02690-22ea-7193-8a3e-1bddb3a69a39;Sand Drawing;01a02690-0cc3-70e2-9a00-dd0e2323372d;Judah Earl
01a02690-22ea-7193-8a3e-1bde67f006d1;Camilla;01a02690-0cc3-70e2-9a00-dd0fb1c5f771;Jude York
01a02690-22ea-7193-8a3e-1bdfee5f914c;BbY WOW;01a02690-0cc3-70e2-9a00-dd1062b29b6f;Judeline
01a02690-22ea-7193-8a3e-1be0407b965c;KOMM NÄHER;01a02690-0cc3-70e2-9a00-dd113c5b370c;Juju
01a02690-22e3-7064-9388-1046a704f36b;Celestial Bodies;01a02690-0cc3-70e2-9a00-dd12e57ded4c;Julia Stone
01a02690-22e5-74eb-8ac8-9f4843c64556;3 x KO;01a02690-0cc3-70e2-9a00-dd133636c259;Julian Sommer
01a02690-22ea-7193-8a3e-1be1796aafe2;Dachdecker;01a02690-0cc3-70e2-9a00-dd133636c259;Julian Sommer
01a02690-22ea-7193-8a3e-1be2c17f833a;Roofer;01a02690-0cc3-70e2-9a00-dd133636c259;Julian Sommer
01a02690-22ea-7193-8a3e-1be3ee96be7b;WENN ICH NÜCHTERN WÄR;01a02690-0cc3-70e2-9a00-dd133636c259;Julian Sommer
01a02690-22e3-7064-9388-10347bbe84d2;WIR SIND DIE DEUTSCHEN;01a02690-0cc3-70e2-9a00-dd133636c259;Julian Sommer
01a02690-22ea-7193-8a3e-1be4b744be4d;Attraction;01a02690-0cc3-70e2-9a00-dd1403fa7a1f;Juliette Armanet
01a02690-22ea-7193-8a3e-1be59d5c7512;Con la Misma Piedra;01a02690-0cc3-70e2-9a00-dd15ba23cb4f;Julio Iglesias
01a02690-22ea-7193-8a3e-1be6bdd2a344;To The Sun;01a02690-0cc3-70e2-9a00-dd16720d624c;Julius Legend
01a02690-22ea-7193-8a3e-1be7289af5f3;Ghost in the Snow;01a02690-0cc3-70e2-9a00-dd178b107b2d;Jun Maeda
01a02690-22ea-7193-8a3e-1be881590217;Moekasu No Sanka;01a02690-0cc3-70e2-9a00-dd178b107b2d;Jun Maeda
01a02690-22e4-7376-a60c-b97e225ce13c;Dreamers;01a02690-0cc3-70e2-9a00-dd18b01ec385;Jung Kook
01a02690-22e6-772f-ba89-ecca38440731;Please Don't Change;01a02690-0cc3-70e2-9a00-dd18b01ec385;Jung Kook
01a02690-22ea-7193-8a3e-1be96d1882c6;Standing Next to You;01a02690-0cc3-70e2-9a00-dd18b01ec385;Jung Kook
01a02690-22ea-7193-8a3e-1beabd2f2151;Still With You;01a02690-0cc3-70e2-9a00-dd18b01ec385;Jung Kook
01a02690-22ea-7193-8a3e-1bebcca8ba12;Night Runner;01a02690-0cc3-70e2-9a00-dd1916acf0b9;Jung Yong Hwa
01a02690-22ea-7193-8a3e-1bec3f6cfcb8;Carry On;01a02690-0cc3-70e2-9a00-dd1aa895b657;Jungle
01a02690-22ea-7193-8a3e-1bed86d9816a;Someday, Somewhere;01a02690-0cc3-70e2-9a00-dd1aa895b657;Jungle
01a02690-22ea-7193-8a3e-1beee8ce98bb;Sunshine;01a02690-0cc3-70e2-9a00-dd1aa895b657;Jungle
01a02690-22e5-74eb-8ac8-9ed73371d1d6;Woops;01a02690-0cc3-70e2-9a00-dd1bdf15f6db;Junkie Kid
01a02690-22ea-7193-8a3e-1bef7f2aa1d0;Cheerio;01a02690-0cc3-70e2-9a00-dd1cc2cc1030;Justen de Wildt
01a02690-22e3-7064-9388-10498c1798c8;What You Want;01a02690-0cc3-70e2-9a00-dd1db31f42f2;Justice
01a02690-22ea-7193-8a3e-1bf07a4edc2e;Baby;01a02690-0cc3-70e2-9a00-dd1ea2161701;Justin Bieber
01a02690-22ea-7193-8a3e-1bf124219acd;Beauty and a Beat;01a02690-0cc3-70e2-9a00-dd1ea2161701;Justin Bieber
01a02690-22ea-7193-8a3e-1bf2a1b7b14d;DAISIES;01a02690-0cc3-70e2-9a00-dd1ea2161701;Justin Bieber
01a02690-22ea-7193-8a3e-1bf317ffb78e;EVERYTHING HALLELUJAH;01a02690-0cc3-70e2-9a00-dd1ea2161701;Justin Bieber
01a02690-22ea-7193-8a3e-1bf401700761;Favorite Girl;01a02690-0cc3-70e2-9a00-dd1ea2161701;Justin Bieber
01a02690-22ea-7193-8a3e-1bf55a45d4f0;Never Say Never;01a02690-0cc3-70e2-9a00-dd1ea2161701;Justin Bieber
01a02690-22ea-7193-8a3e-1bf6d457d253;One Less Lonely Girl;01a02690-0cc3-70e2-9a00-dd1ea2161701;Justin Bieber
01a02690-22ea-7193-8a3e-1bf746aa2349;One Time;01a02690-0cc3-70e2-9a00-dd1ea2161701;Justin Bieber
01a02690-22ea-7193-8a3e-1bf8cb4d1a14;SPEED DEMON;01a02690-0cc3-70e2-9a00-dd1ea2161701;Justin Bieber
01a02690-22ea-7193-8a3e-1bf9765c806f;Sorry;01a02690-0cc3-70e2-9a00-dd1ea2161701;Justin Bieber
01a02690-22e5-74eb-8ac8-9f439f1468b1;Stay;01a02690-0cc3-70e2-9a00-dd1ea2161701;Justin Bieber
01a02690-22ea-7193-8a3e-1bfa658e0638;That Should Be Me;01a02690-0cc3-70e2-9a00-dd1ea2161701;Justin Bieber
01a02690-22ea-7193-8a3e-1bfbfb6e5bcf;YUKON;01a02690-0cc3-70e2-9a00-dd1ea2161701;Justin Bieber
01a02690-22e9-71a4-af72-5ce1ac4d21d4;Turn The Lights Off;01a02690-0cc3-70e2-9a00-dd1f657bc95f;Justė
01a02690-22ea-7193-8a3e-1bfcf65929cb;B.B.B.;01a02690-0cc3-70e2-9a00-dd202df13c3b;Juvenile
01a02690-22ea-7193-8a3e-1bfd9799042b;Hypnotisiert;01a02690-0cc3-70e2-9a00-dd2188f1747b;K-Fly
01a02690-22ea-7193-8a3e-1bfe0fd86394;Femme Like U;01a02690-0cc3-70e2-9a00-dd22243d6a4a;K.Maro
01a02690-22ea-7193-8a3e-1bff0ac2c1a8;De zomer van Oya Lélé;01a02690-0cc3-70e2-9a00-dd2356c3a7d9;K3
01a02690-22ea-7193-8a3e-1c00171d6c35;Liefde love amour;01a02690-0cc3-70e2-9a00-dd2356c3a7d9;K3
01a02690-22e9-71a4-af72-5cccc5518dda;Be Mine;01a02690-0cc3-70e2-9a00-dd249f8bea10;KAMRAD
01a02690-22ea-7193-8a3e-1c010a762489;Hug Yourself;01a02690-0cc3-70e2-9a00-dd249f8bea10;KAMRAD
01a02690-22ea-7193-8a3e-1c02a93ea9c0;Silhouette;01a02690-0cc3-70e2-9a00-dd25ff7e3c2a;KANA-BOON
01a02690-22ea-7193-8a3e-1c03708b70f1;シルエット;01a02690-0cc3-70e2-9a00-dd25ff7e3c2a;KANA-BOON
01a02690-22ea-7193-8a3e-1c04fdec1b14;Obsession;01a02690-0cc3-70e2-9a00-dd265fcb5d29;KANGDANIEL
01a02690-22e5-74eb-8ac8-9f439f1468b1;Stay;01a02690-0cc3-70e2-9a00-dd265fcb5d29;KANGDANIEL
01a02690-22ea-7193-8a3e-1c057117e22e;LOVE IS PAIN;01a02690-0cc3-70e2-9a00-dd276a21b7cd;KANGIN
01a02690-22e7-71eb-b833-306bf83e20f5;Ahí;01a02690-0cc3-70e2-9a00-dd288680628d;KAROL G
01a02690-22ea-7193-8a3e-1c06773325a6;Alguien que te amaba;01a02690-0cc3-70e2-9a00-dd288680628d;KAROL G
01a02690-22ea-7193-8a3e-1bdfee5f914c;BbY WOW;01a02690-0cc3-70e2-9a00-dd288680628d;KAROL G
01a02690-22e8-7496-8881-bfce2722962c;Después de ti;01a02690-0cc3-70e2-9a00-dd288680628d;KAROL G
01a02690-22ea-7193-8a3e-1c07dabaf6ec;Ivonny Bonita;01a02690-0cc3-70e2-9a00-dd288680628d;KAROL G
01a02690-22ea-7193-8a3e-1c081fb16764;MATADORA;01a02690-0cc3-70e2-9a00-dd288680628d;KAROL G
01a02690-22ea-7193-8a3e-1c09aed10ba0;Si Antes Te Hubiera Conocido;01a02690-0cc3-70e2-9a00-dd288680628d;KAROL G
01a02690-22e5-74eb-8ac8-9f10664bfb0c;Still;01a02690-0cc3-70e2-9a00-dd288680628d;KAROL G
01a02690-22ea-7193-8a3e-1c0a11e27cdd;Viajando Por El Mundo;01a02690-0cc3-70e2-9a00-dd288680628d;KAROL G
01a02690-22ea-7193-8a3e-1c0b931c6f43;Haruka na yakusoku;01a02690-0cc3-70e2-9a00-dd299d3d8a7a;KAT-TUN
01a02690-22ea-7193-8a3e-1c0c22ceeeb2;Keep the faith;01a02690-0cc3-70e2-9a00-dd299d3d8a7a;KAT-TUN
01a02690-22ea-7193-8a3e-1c0d5e61be9a;LIPS;01a02690-0cc3-70e2-9a00-dd299d3d8a7a;KAT-TUN
01a02690-22ea-7193-8a3e-1c0ed09d3b56;Love yourself ~Kimi ga kirai na kimi ga suki~;01a02690-0cc3-70e2-9a00-dd299d3d8a7a;KAT-TUN
01a02690-22ea-7193-8a3e-1c0f5c306449;Love yourself ～君が嫌いな君が好き～;01a02690-0cc3-70e2-9a00-dd299d3d8a7a;KAT-TUN
01a02690-22ea-7193-8a3e-1c102c5622e9;RESCUE;01a02690-0cc3-70e2-9a00-dd299d3d8a7a;KAT-TUN
01a02690-22ea-7193-8a3e-1c11c2d73404;Real Face;01a02690-0cc3-70e2-9a00-dd299d3d8a7a;KAT-TUN
01a02690-22ea-7193-8a3e-1c12e000e35c;YOU;01a02690-0cc3-70e2-9a00-dd299d3d8a7a;KAT-TUN
01a02690-22ea-7193-8a3e-1c1361e3517b;Yorokobi no uta;01a02690-0cc3-70e2-9a00-dd299d3d8a7a;KAT-TUN
01a02690-22ea-7193-8a3e-1c1432f191a8;ハルカナ約束;01a02690-0cc3-70e2-9a00-dd299d3d8a7a;KAT-TUN
01a02690-22ea-7193-8a3e-1bc91e966c39;Turn the Lights Off;01a02690-0cc3-70e2-9a00-dd2a95e98e81;KATO
01a02690-22ea-7193-8a3e-1c157b937f3a;Animal;01a02690-0cc3-70e2-9a00-dd2b7b0d0aa5;KATSEYE
01a02690-22ea-7193-8a3e-1c163cf024ff;Gabriela;01a02690-0cc3-70e2-9a00-dd2b7b0d0aa5;KATSEYE
01a02690-22ea-7193-8a3e-1c17676e5e5e;Hootie Frutti;01a02690-0cc3-70e2-9a00-dd2b7b0d0aa5;KATSEYE
01a02690-22e9-71a4-af72-5c571ac22d3a;ICONIC BY MISTAKE;01a02690-0cc3-70e2-9a00-dd2b7b0d0aa5;KATSEYE
01a02690-22ea-7193-8a3e-1c181955f3e5;Internet Girl;01a02690-0cc3-70e2-9a00-dd2b7b0d0aa5;KATSEYE
01a02690-22ea-7193-8a3e-1c1904525e4f;PINKY UP;01a02690-0cc3-70e2-9a00-dd2b7b0d0aa5;KATSEYE
01a02690-22ea-7193-8a3e-1c1a023b4262;Unstoppable;01a02690-0cc3-70e2-9a00-dd2cd8b42579;KAWANISHI TAKUMI
01a02690-22ea-7193-8a3e-1c1bcf2565e9;Afia Oil Song BASS BOOSTED;01a02690-0cc3-70e2-9a00-dd2d6017c074;KAYΛ
01a02690-22e2-7774-a1a3-e4d49c9b6ca3;Ausgesorgt;01a02690-0cc3-70e2-9a00-dd2ea1a910ae;KC Rebell
01a02690-22ea-7193-8a3e-1c1c9bc5bdbd;CLOSER;01a02690-0cc3-70e2-9a00-dd2f49afe045;KIM JI WOONG
01a02690-22ea-7193-8a3e-1c1d45a36bd6;SIGN;01a02690-0cc3-70e2-9a00-dd2f49afe045;KIM JI WOONG
01a02690-22ea-7193-8a3e-1c1ef2e65ef1;Bomb Bomb;01a02690-0cc3-70e2-9a00-dd306c63ab4f;KIM TAE RAE
01a02690-22ea-7193-8a3e-1c1f453f65aa;Let’s Just Go;01a02690-0cc3-70e2-9a00-dd306c63ab4f;KIM TAE RAE
01a02690-22e2-7774-a1a3-e4d2e7cdd23d;夢ノ聖火;01a02690-0cc3-70e2-9a00-dd31a85362b3;KIRA SUMERAGI(CV.Daisuke Ono)
01a02690-22ea-7193-8a3e-1c20fc1bcf57;SWEAT;01a02690-0cc3-70e2-9a00-dd32b5e08500;KISS OF LIFE
01a02690-22ea-7193-8a3e-1c21871e13bd;Who is she;01a02690-0cc3-70e2-9a00-dd32b5e08500;KISS OF LIFE
01a02690-22e5-74eb-8ac8-9ead0c3b3439;Gut Genug;01a02690-0cc3-70e2-9a00-dd33b13cf11a;KITSCHKRIEG
01a02690-22ea-7193-8a3e-1c22864715d0;This Roman Road;01a02690-0cc3-70e2-9a00-dd34e2eb580b;KNGDM REVIVAL
01a02690-22ea-7193-8a3e-1c23ef47eff7;KO1KEYZ;01a02690-0cc3-70e2-9a00-dd35ca778b0c;KO1KEYZ
01a02690-22e3-7064-9388-103f098d9f2c;Free;01a02690-0cc3-70e2-9a00-dd36b117ff0c;KPop Demon Hunters Cast
01a02690-22e3-7064-9388-0fae31a8f398;Golden;01a02690-0cc3-70e2-9a00-dd36b117ff0c;KPop Demon Hunters Cast
01a02690-22e3-7064-9388-0faf96ca2d6c;How It’s Done;01a02690-0cc3-70e2-9a00-dd36b117ff0c;KPop Demon Hunters Cast
01a02690-22e3-7064-9388-10407539abd7;Soda Pop;01a02690-0cc3-70e2-9a00-dd36b117ff0c;KPop Demon Hunters Cast
01a02690-22e3-7064-9388-0fb066baf4b5;Takedown;01a02690-0cc3-70e2-9a00-dd36b117ff0c;KPop Demon Hunters Cast
01a02690-22e3-7064-9388-0fb17a8aaad3;What It Sounds Like;01a02690-0cc3-70e2-9a00-dd36b117ff0c;KPop Demon Hunters Cast
01a02690-22e8-7496-8881-bf5f616ff309;Don't Call;01a02690-0cc3-70e2-9a00-dd37da96b156;KUN
01a02690-22ea-7193-8a3e-1c24da5005e4;The Moment;01a02690-0cc3-70e2-9a00-dd37da96b156;KUN
01a02690-22ea-7193-8a3e-1c25d96fe823;FLY HIGH;01a02690-0cc3-70e2-9a00-dd3861d67684;KYOSUKE FUJIMAKI (INI)
01a02690-22ea-7193-8a3e-1c26662b9c0d;Dry Spell;01a02690-0cc3-70e2-9a00-dd39e128b393;Kacey Musgraves
01a02690-22ea-7193-8a3e-1c272da7ba16;Middle of Nowhere;01a02690-0cc3-70e2-9a00-dd39e128b393;Kacey Musgraves
01a02690-22e6-772f-ba89-ece916341585;Flags;01a02690-0cc3-70e2-9a00-dd3a44675ee9;Kae Tempest
01a02690-22ea-7193-8a3e-1c282759bd93;Endless Dreamer;01a02690-0cc3-70e2-9a00-dd3b0d7c2543;Kagami Hayato
01a02690-22ea-7193-8a3e-1c29624bf5f4;Kangeki No Zahyou;01a02690-0cc3-70e2-9a00-dd3b0d7c2543;Kagami Hayato
01a02690-22ea-7193-8a3e-1c2aacf46116;Melodic Endlessness;01a02690-0cc3-70e2-9a00-dd3b0d7c2543;Kagami Hayato
01a02690-22ea-7193-8a3e-1c2bdc351e40;Ray;01a02690-0cc3-70e2-9a00-dd3c8aa5b4a2;Kaguya(cv.Yuko Natsuyoshi)
01a02690-22ea-7193-8a3e-1c2c29203d87;World Is Mine;01a02690-0cc3-70e2-9a00-dd3c8aa5b4a2;Kaguya(cv.Yuko Natsuyoshi)
01a02690-22ea-7193-8a3e-1c2dfbc7a214;Akaneiro No Uta;01a02690-0cc3-70e2-9a00-dd3dcfb7e23f;Kaida Haru
01a02690-22ea-7193-8a3e-1c2e3dae7e00;Hare to Ke;01a02690-0cc3-70e2-9a00-dd3dcfb7e23f;Kaida Haru
01a02690-22ea-7193-8a3e-1c2fa3bd927a;Kure Kure Crazy;01a02690-0cc3-70e2-9a00-dd3dcfb7e23f;Kaida Haru
01a02690-22e8-7496-8881-bfe7ff68bc60;I Run;01a02690-0cc3-70e2-9a00-dd3ebfd1a015;Kaitlin Aragon
01a02690-22ea-7193-8a3e-1c3073523d9e;Is It a Crime;01a02690-0cc3-70e2-9a00-dd3fb0aa9930;Kali Uchis
01a02690-22ea-7193-8a3e-1c315736443a;Ya Te Olvidé;01a02690-0cc3-70e2-9a00-dd4030a8b58b;Kaltis
01a02690-22ea-7193-8a3e-1c323966383a;Godlike Alchemy;01a02690-0cc3-70e2-9a00-dd41e7ec086b;Kamelot
01a02690-22ea-7193-8a3e-1c33294c6b55;Makin' Me A Liar;01a02690-0cc3-70e2-9a00-dd42ef87d696;Kameron Marlowe
01a02690-22ea-7193-8a3e-1c3450e2535e;Aiwa Katsu;01a02690-0cc3-70e2-9a00-dd43017c5a58;Kan
01a02690-22ea-7193-8a3e-1c351db4c492;Kiminosei;01a02690-0cc3-70e2-9a00-dd44aef1e5cb;Kana Nishino
01a02690-22ea-7193-8a3e-1c363a804dcd;Power of Love;01a02690-0cc3-70e2-9a00-dd44aef1e5cb;Kana Nishino
01a02690-22ea-7193-8a3e-1c37c7d83227;Never Been In Love;01a02690-0cc3-70e2-9a00-dd45aa76386a;Kane Brown
01a02690-22ea-7193-8a3e-1c38ac46ce73;Woman;01a02690-0cc3-70e2-9a00-dd45aa76386a;Kane Brown
01a02690-22ea-7193-8a3e-1c39f244c0e4;1+1;01a02690-0cc3-70e2-9a00-dd461c79165c;Kany García
01a02690-22ea-7193-8a3e-1c3aeda4bc50;A La Niña Que Fui;01a02690-0cc3-70e2-9a00-dd461c79165c;Kany García
01a02690-22ea-7193-8a3e-1c3b73c480b5;La Mala Era Yo;01a02690-0cc3-70e2-9a00-dd461c79165c;Kany García
01a02690-22e3-7064-9388-10354d0b0598;ALL THE LOVE;01a02690-0cc3-70e2-9a00-dd47e3edb245;Kanye West
01a02690-22ea-7193-8a3e-1c3c9a464b8a;FATHER;01a02690-0cc3-70e2-9a00-dd47e3edb245;Kanye West
01a02690-22ea-7193-8a3e-1c3deeaccac6;Good Morning;01a02690-0cc3-70e2-9a00-dd47e3edb245;Kanye West
01a02690-22ea-7193-8a3e-1c3e1f8a164d;Runaway;01a02690-0cc3-70e2-9a00-dd47e3edb245;Kanye West
01a02690-22e8-7496-8881-bf84d42f4ec4;LA VILLA;01a02690-0cc3-70e2-9a00-dd48d56fea51;Kapo
01a02690-22ea-7193-8a3e-1c3f5a9e45b6;I Did It Tired;01a02690-0cc3-70e2-9a00-dd498c9cb887;Kara Holt
01a02690-22ea-7193-8a3e-1c4001984034;Still Standing;01a02690-0cc3-70e2-9a00-dd498c9cb887;Kara Holt
01a02690-22e5-74eb-8ac8-9ecb7de1c14b;Si demain...;01a02690-0cc3-70e2-9a00-dd4a55e45579;Kareen Antonn
01a02690-22ea-7193-8a3e-1c41990d18df;Mir egal;01a02690-0cc3-70e2-9a00-dd4bfa96e49d;Karl Herz
01a02690-22ea-7193-8a3e-1c423117e2a2;Animation;01a02690-0cc3-70e2-9a00-dd4c7aceac82;Karnivool
01a02690-22ea-7193-8a3e-1c4323db63d0;NOTHING BETTER THAN THIS;01a02690-0cc3-70e2-9a00-dd4d7f3fae89;Kasabian
01a02690-22e5-74eb-8ac8-9f46ad51d533;Release The Pressure;01a02690-0cc3-70e2-9a00-dd4d7f3fae89;Kasabian
01a02690-22ea-7193-8a3e-1c44b5ed22c8;¡Adios Amigos;01a02690-0cc3-70e2-9a00-dd4e066ad858;Kasalla
01a02690-22e8-7496-8881-bf8e5f9ff548;Running Up That Hill;01a02690-0cc3-70e2-9a00-dd4f3e19ca94;Kate Bush
01a02690-22ea-7193-8a3e-1c455db88704;This Woman's Work;01a02690-0cc3-70e2-9a00-dd4f3e19ca94;Kate Bush
01a02690-22ea-7193-8a3e-1c46cb25ab0b;Wuthering Heights;01a02690-0cc3-70e2-9a00-dd4f3e19ca94;Kate Bush
01a02690-22ea-7193-8a3e-1c475ea817b2;Désenchantée;01a02690-0cc3-70e2-9a00-dd506883b7ef;Kate Ryan
01a02690-22e5-74eb-8ac8-9ea19cd45cf6;Désenchantée 3000;01a02690-0cc3-70e2-9a00-dd506883b7ef;Kate Ryan
01a02690-22ea-7193-8a3e-1c48dd5cbc14;Ella Elle L'a;01a02690-0cc3-70e2-9a00-dd506883b7ef;Kate Ryan
01a02690-22ea-7193-8a3e-1c49a433f972;Malle I Love You;01a02690-0cc3-70e2-9a00-dd512b0990b2;Katharina Eisenblut
01a02690-22ea-7193-8a3e-1bc91e966c39;Turn the Lights Off;01a02690-0cc3-70e2-9a00-dd525c545d66;Kato
01a02690-22ea-7193-8a3e-1c4afc57f3b8;Firework;01a02690-0cc3-70e2-9a00-dd5370b849cb;Katy Perry
01a02690-22ea-7193-8a3e-1c4b201fa785;Legendary Lovers;01a02690-0cc3-70e2-9a00-dd5370b849cb;Katy Perry
01a02690-22ea-7193-8a3e-1c4cc3edefbe;The One That Got Away;01a02690-0cc3-70e2-9a00-dd5370b849cb;Katy Perry
01a02690-22ea-7193-8a3e-1c4d5bbf6444;WONDER;01a02690-0cc3-70e2-9a00-dd5370b849cb;Katy Perry
01a02690-22ea-7193-8a3e-1c4ecd3c81be;Watch It Burn;01a02690-0cc3-70e2-9a00-dd5370b849cb;Katy Perry
01a02690-22ea-7193-8a3e-1c4f1768fd61;bandaids;01a02690-0cc3-70e2-9a00-dd5370b849cb;Katy Perry
01a02690-22e3-7064-9388-104828cbff47;Nightcall;01a02690-0cc3-70e2-9a00-dd5408a78497;Kavinsky
01a02690-22ea-7193-8a3e-1c507ec48771;Roadgame;01a02690-0cc3-70e2-9a00-dd5408a78497;Kavinsky
01a02690-22ea-7193-8a3e-1c512cb63732;Dream Catch Pure Iroha;01a02690-0cc3-70e2-9a00-dd559ae143a9;Kazama Iroha
01a02690-22ea-7193-8a3e-1c52c86760df;Entropy of wind direction;01a02690-0cc3-70e2-9a00-dd559ae143a9;Kazama Iroha
01a02690-22ea-7193-8a3e-1c5350258ba0;'O sole mio;01a02690-0cc3-70e2-9a00-dd5605c7e563;Kazuya Kamenashi
01a02690-22ea-7193-8a3e-1c546ac0b99b;Diamond;01a02690-0cc3-70e2-9a00-dd5605c7e563;Kazuya Kamenashi
01a02690-22ea-7193-8a3e-1c55f5747834;WAVE;01a02690-0cc3-70e2-9a00-dd5605c7e563;Kazuya Kamenashi
01a02690-22ea-7193-8a3e-1c5656b0cbed;MY LIFE;01a02690-0cc3-70e2-9a00-dd57c67d8cb0;Kazuya Yoshii
01a02690-22e6-772f-ba89-ec2413f8f676;Qué Andas Haciendo;01a02690-0cc3-70e2-9a00-dd58608a04b1;Ke personajes
01a02690-22ea-7193-8a3e-1c5713e703bf;Somewhere Only We Know;01a02690-0cc3-70e2-9a00-dd597fdf6654;Keane
01a02690-22ea-7193-8a3e-1c58f91ae2ba;One Day Away;01a02690-0cc3-70e2-9a00-dd5a0c75a8af;Keb' Mo'
01a02690-22ea-7193-8a3e-1c59fbedaca0;Back and Forth;01a02690-0cc3-70e2-9a00-dd5b6ee2dc87;Kehlani
01a02690-22ea-7193-8a3e-1c5a109e3005;Folded;01a02690-0cc3-70e2-9a00-dd5b6ee2dc87;Kehlani
01a02690-22ea-7193-8a3e-1c5b7b8e51e9;Pocket;01a02690-0cc3-70e2-9a00-dd5b6ee2dc87;Kehlani
01a02690-22ea-7193-8a3e-1c5c9268d8c2;AKANE On My Mind~Scared of Manju;01a02690-0cc3-70e2-9a00-dd5c1810d57e;Keisuke Kuwata
01a02690-22ea-7193-8a3e-1c5d276933d1;HITOTARASHI;01a02690-0cc3-70e2-9a00-dd5c1810d57e;Keisuke Kuwata
01a02690-22ea-7193-8a3e-1c5e18747710;Magnet And Steel;01a02690-0cc3-70e2-9a00-dd5d08bcf918;Keith Urban
01a02690-22ea-7193-8a3e-1c5f002d82a9;Steal Away;01a02690-0cc3-70e2-9a00-dd5d08bcf918;Keith Urban
01a02690-22e6-772f-ba89-eca67b8412e2;Summer Breeze;01a02690-0cc3-70e2-9a00-dd5d08bcf918;Keith Urban
01a02690-22ea-7193-8a3e-1c60813d64ea;We Go Back;01a02690-0cc3-70e2-9a00-dd5d08bcf918;Keith Urban
01a02690-22ea-7193-8a3e-1c61f09f3a87;Dancing2;01a02690-0cc3-70e2-9a00-dd5e3b91a787;Keli Holiday
01a02690-22ea-7193-8a3e-1c628a036e7f;I'm On Fire;01a02690-0cc3-70e2-9a00-dd5e3b91a787;Keli Holiday
01a02690-22ea-7193-8a3e-1c6326491b2e;Get Inside My Mind;01a02690-0cc3-70e2-9a00-dd5f53427130;Kelly Boesch
01a02690-22ea-7193-8a3e-1c640bfb2abe;Beautiful Disaster;01a02690-0cc3-70e2-9a00-dd60652bf357;Kelly Clarkson
01a02690-22ea-7193-8a3e-1c650bc105da;I'd Be Lyin';01a02690-0cc3-70e2-9a00-dd60652bf357;Kelly Clarkson
01a02690-22ea-7193-8a3e-1c66eab34030;lighthouse;01a02690-0cc3-70e2-9a00-dd60652bf357;Kelly Clarkson
01a02690-22ea-7193-8a3e-1c6776d8c394;Another Drink;01a02690-0cc3-70e2-9a00-dd614878a356;Kelsea Ballerini
01a02690-22ea-7193-8a3e-1c68de929061;Closing Time;01a02690-0cc3-70e2-9a00-dd614878a356;Kelsea Ballerini
01a02690-22ea-7193-8a3e-1c69f9bdc12b;All The Stars;01a02690-0cc3-70e2-9a00-dd624e759c3b;Kendrick Lamar
01a02690-22ea-7193-8a3e-1c6af62fcf57;Not Like Us;01a02690-0cc3-70e2-9a00-dd624e759c3b;Kendrick Lamar
01a02690-22ea-7193-8a3e-1c6bfd109a98;luther;01a02690-0cc3-70e2-9a00-dd624e759c3b;Kendrick Lamar
01a02690-22ea-7193-8a3e-1c6ca216d90a;tv off;01a02690-0cc3-70e2-9a00-dd624e759c3b;Kendrick Lamar
01a02690-22ea-7193-8a3e-1c6df8ab9eb3;Belladona;01a02690-0cc3-70e2-9a00-dd632df9391d;Kenia Os
01a02690-22ea-7193-8a3e-1c6e4f7de6f5;Fifty Fifty;01a02690-0cc3-70e2-9a00-dd632df9391d;Kenia Os
01a02690-22ea-7193-8a3e-1c6fff8ec5ad;Ruleta Rusa;01a02690-0cc3-70e2-9a00-dd632df9391d;Kenia Os
01a02690-22ea-7193-8a3e-1c7047c0a398;Una y Otra Vez;01a02690-0cc3-70e2-9a00-dd632df9391d;Kenia Os
01a02690-22ea-7193-8a3e-1c71e09d9810;Burn My Boat;01a02690-0cc3-70e2-9a00-dd64949d9fe0;Kenny Chesney
01a02690-22ea-7193-8a3e-1bec3f6cfcb8;Carry On;01a02690-0cc3-70e2-9a00-dd64949d9fe0;Kenny Chesney
01a02690-22ea-7193-8a3e-1c72286c77b4;Silver Sands Marina;01a02690-0cc3-70e2-9a00-dd64949d9fe0;Kenny Chesney
01a02690-22e6-772f-ba89-ec42a4841831;Cry;01a02690-0cc3-70e2-9a00-dd65b1229f48;Kenny G
01a02690-22ea-7193-8a3e-1c7306356dc0;Footloose;01a02690-0cc3-70e2-9a00-dd666f436959;Kenny Loggins
01a02690-22e6-772f-ba89-ec4407595092;Love In Exile;01a02690-0cc3-70e2-9a00-dd666f436959;Kenny Loggins
01a02690-22e7-71eb-b833-30589fb14f1b;Islands In the Stream;01a02690-0cc3-70e2-9a00-dd67c805f77c;Kenny Rogers
01a02690-22ea-7193-8a3e-1c7491645dca;IRIS OUT;01a02690-0cc3-70e2-9a00-dd68da69d812;Kenshi Yonezu
01a02690-22e9-71a4-af72-5c27fdd08a29;JANE DOE;01a02690-0cc3-70e2-9a00-dd68da69d812;Kenshi Yonezu
01a02690-22ea-7193-8a3e-1c75d8704604;Yodaka;01a02690-0cc3-70e2-9a00-dd68da69d812;Kenshi Yonezu
01a02690-22ea-7193-8a3e-1c76fd7688f2;Raven;01a02690-0cc3-70e2-9a00-dd69475fdf43;Kenshi Yonezu - Karasu
01a02690-22ea-7193-8a3e-1c772950d9e6;Livin' For;01a02690-0cc3-70e2-9a00-dd6a6a4abfbb;Kensington
01a02690-22ea-7193-8a3e-1c780b04617a;Fiction Love;01a02690-0cc3-70e2-9a00-dd6b1a7a4221;Kento Nakajima
01a02690-22ea-7193-8a3e-1c7976ebd0e2;ONIGOTO;01a02690-0cc3-70e2-9a00-dd6b1a7a4221;Kento Nakajima
01a02690-22ea-7193-8a3e-1c7a9335f7a0;XTC;01a02690-0cc3-70e2-9a00-dd6b1a7a4221;Kento Nakajima
01a02690-22ea-7193-8a3e-1c7bc87cbba2;Home Again;01a02690-0cc3-70e2-9a00-dd6c805723dd;Kerry Katona
01a02690-22ea-7193-8a3e-1c7cbf1559ce;1000 x Nein;01a02690-0cc3-70e2-9a00-dd6daef506d0;Kerstin Ott
01a02690-22ea-7193-8a3e-1c7d83a244b6;शम्भु स्तुति;01a02690-0cc3-70e2-9a00-dd6e1910b8ca;Ketan Kumar
01a02690-22ea-7193-8a3e-1c7e366b8bb8;仲間;01a02690-0cc3-70e2-9a00-dd6f6d286571;Ketsumeishi
01a02690-22ea-7193-8a3e-1c7f006d134b;Head Over Heels In Love;01a02690-0cc3-70e2-9a00-dd70260b87e4;Kevin Keegan
01a02690-22e3-7064-9388-10407539abd7;Soda Pop;01a02690-0cc3-70e2-9a00-dd71ff07a942;Kevin Woo
01a02690-22ea-7193-8a3e-1c80c4c1c77f;Gut Feeling;01a02690-0cc3-70e2-9a00-dd72921271ff;Kezia Gill
01a02690-22e8-7496-8881-bfd179a44e5b;Save My Love;01a02690-0cc3-70e2-9a00-dd734ed24e40;Khalid
01a02690-22ea-7193-8a3e-1c8143d26bb8;Weekend;01a02690-0cc3-70e2-9a00-dd734ed24e40;Khalid
01a02690-22e5-74eb-8ac8-9eba69d98c67;Aari Aari;01a02690-0cc3-70e2-9a00-dd74ac0803df;Khan Saab
01a02690-22e7-71eb-b833-302b4c91c66c;Dancing with the Enemy;01a02690-0cc3-70e2-9a00-dd75476c66c7;Kiara Romero
01a02690-22e6-772f-ba89-ec7db5d546b6;'Til You Can't;01a02690-0cc3-70e2-9a00-dd76053370be;Kid Rock
01a02690-22ea-7193-8a3e-1c823f69baf0;All Summer Long;01a02690-0cc3-70e2-9a00-dd76053370be;Kid Rock
01a02690-22ea-7193-8a3e-1c83b545ed62;Bawitdaba;01a02690-0cc3-70e2-9a00-dd76053370be;Kid Rock
01a02690-22ea-7193-8a3e-1c846d562d82;Dando Vueltas;01a02690-0cc3-70e2-9a00-dd77327276fa;Kidd Voodoo
01a02690-22e5-74eb-8ac8-9eb7983a2478;I Can't Wait;01a02690-0cc3-70e2-9a00-dd78ffb21d52;Kiesza
01a02690-22ea-7193-8a3e-1c85201ebdef;What Is Love;01a02690-0cc3-70e2-9a00-dd78ffb21d52;Kiesza
01a02690-22ea-7193-8a3e-1c868cc738e3;So Good;01a02690-0cc3-70e2-9a00-dd7918af9110;Kihyun
01a02690-22ea-7193-8a3e-1c87c670f726;Pop Off Pop Off;01a02690-0cc3-70e2-9a00-dd7aba74734a;KiiiKiii
01a02690-22e6-772f-ba89-ed15455e5f91;Prayer;01a02690-0cc3-70e2-9a00-dd7b5866a008;Kiko
01a02690-22e7-71eb-b833-304d1d2663ef;Gute Laune;01a02690-0cc3-70e2-9a00-dd7cdb4d0302;Killermichel
01a02690-22e6-772f-ba89-ecdb3a7b51ac;Burn;01a02690-0cc3-70e2-9a00-dd7d00e5df25;Kim Jae Joong
01a02690-22ea-7193-8a3e-1c8884f88870;Michishirube;01a02690-0cc3-70e2-9a00-dd7d00e5df25;Kim Jae Joong
01a02690-22ea-7193-8a3e-1c89257c0e48;Oasis;01a02690-0cc3-70e2-9a00-dd7d00e5df25;Kim Jae Joong
01a02690-22ea-7193-8a3e-1c8a63425f07;Tonight;01a02690-0cc3-70e2-9a00-dd7d00e5df25;Kim Jae Joong
01a02690-22ea-7193-8a3e-1c8bb8bdd6c6;Love Language;01a02690-0cc3-70e2-9a00-dd7e7cd20a08;Kim Min Seok
01a02690-22ea-7193-8a3e-1c8cb2a1a54b;Need For Speed;01a02690-0cc3-70e2-9a00-dd7f1d1dd782;Kim Petras
01a02690-22ea-7193-8a3e-1c8dc51db198;After the fall;01a02690-0cc3-70e2-9a00-dd80334febdc;Kimo Sounds
01a02690-22ea-7193-8a3e-1c8e70d2a53b;Make It Spectacular;01a02690-0cc3-70e2-9a00-dd80334febdc;Kimo Sounds
01a02690-22ea-7193-8a3e-1c8f62306131;Not for Everyone;01a02690-0cc3-70e2-9a00-dd80334febdc;Kimo Sounds
01a02690-22ea-7193-8a3e-1c90b482afb5;Part of Fate;01a02690-0cc3-70e2-9a00-dd80334febdc;Kimo Sounds
01a02690-22ea-7193-8a3e-1c91b1a65bd0;Pieces Of Me;01a02690-0cc3-70e2-9a00-dd80334febdc;Kimo Sounds
01a02690-22ea-7193-8a3e-1c9257a564f5;Rise Slow;01a02690-0cc3-70e2-9a00-dd80334febdc;Kimo Sounds
01a02690-22ea-7193-8a3e-1c93a5f1e4ad;Shadow and light;01a02690-0cc3-70e2-9a00-dd80334febdc;Kimo Sounds
01a02690-22ea-7193-8a3e-1c949f42ff76;Zero Gravity;01a02690-0cc3-70e2-9a00-dd80334febdc;Kimo Sounds
01a02690-22ea-7193-8a3e-1c95741f5fff;Theater;01a02690-0cc3-70e2-9a00-dd813fb31843;King
01a02690-22ea-7193-8a3e-1c964e16d527;Waltz for Lily;01a02690-0cc3-70e2-9a00-dd813fb31843;King
01a02690-22ea-7193-8a3e-1c975d5291ae;AIZO;01a02690-0cc3-70e2-9a00-dd82b3981992;King Gnu
01a02690-22eb-71cc-a5a4-2fb491e31518;GO GHOST;01a02690-0cc3-70e2-9a00-dd82b3981992;King Gnu
01a02690-22eb-71cc-a5a4-2fb5aafe64d8;Do You Ever Get Tired;01a02690-0cc3-70e2-9a00-dd83c67ad1b3;King Willonius
01a02690-22eb-71cc-a5a4-2fb6199073f5;The Blade;01a02690-0cc3-70e2-9a00-dd849404a116;Kingfishr
01a02690-22eb-71cc-a5a4-2fb7782c9299;The Sun Will Never Settle;01a02690-0cc3-70e2-9a00-dd849404a116;Kingfishr
01a02690-22eb-71cc-a5a4-2fb8533e432f;The Sunnyside of the Street;01a02690-0cc3-70e2-9a00-dd849404a116;Kingfishr
01a02690-22e9-71a4-af72-5c7368b2129f;Baila Baila;01a02690-0cc3-70e2-9a00-dd85fc557c0f;Kings of Günter
01a02690-22eb-71cc-a5a4-2fb9b9279620;Faith In The Wind;01a02690-0cc3-70e2-9a00-dd86b9622bc2;Kip Moore
01a02690-22eb-71cc-a5a4-2fba2e08a16f;Levee;01a02690-0cc3-70e2-9a00-dd86b9622bc2;Kip Moore
01a02690-22e6-772f-ba89-ec5826e0cce8;ハッピーサマーバレンタイン(アニメ「新テニスの王子様」);01a02690-0cc3-70e2-9a00-dd872c4560be;Kippei Tachibana(CV:Yoshihisa Kawahara)
01a02690-22eb-71cc-a5a4-2fbb0b6e4871;Sorry not Sorry;01a02690-0cc3-70e2-9a00-dd880b189f90;Király Viktor
01a02690-22eb-71cc-a5a4-2fbcfa97e73f;FIRE BEAT;01a02690-0cc3-70e2-9a00-dd8949af7251;Kis-My-Ft2
01a02690-22eb-71cc-a5a4-2fbdc44e7953;HB2U;01a02690-0cc3-70e2-9a00-dd8949af7251;Kis-My-Ft2
01a02690-22eb-71cc-a5a4-2fbedd5a8a4f;HEARTLOUD;01a02690-0cc3-70e2-9a00-dd8949af7251;Kis-My-Ft2
01a02690-22eb-71cc-a5a4-2fbfe564be7b;Inori;01a02690-0cc3-70e2-9a00-dd8949af7251;Kis-My-Ft2
01a02690-22eb-71cc-a5a4-2fc082371525;King King;01a02690-0cc3-70e2-9a00-dd8949af7251;Kis-My-Ft2
01a02690-22eb-71cc-a5a4-2fc187854305;My Affection;01a02690-0cc3-70e2-9a00-dd8949af7251;Kis-My-Ft2
01a02690-22eb-71cc-a5a4-2fc25948e536;UNISON;01a02690-0cc3-70e2-9a00-dd8949af7251;Kis-My-Ft2
01a02690-22eb-71cc-a5a4-2fc3547855eb;Yoruno mukoue;01a02690-0cc3-70e2-9a00-dd8949af7251;Kis-My-Ft2
01a02690-22eb-71cc-a5a4-2fc4aa77d115;祈り;01a02690-0cc3-70e2-9a00-dd8949af7251;Kis-My-Ft2
01a02690-22e3-7064-9388-101f2afd6f0d;VOLTAGE;01a02690-0cc3-70e2-9a00-dd8a972f1598;Kiseki (CV: Seena Hoshiki)
01a02690-22e3-7064-9388-1020f0f08e72;You Aim A;01a02690-0cc3-70e2-9a00-dd8a972f1598;Kiseki (CV: Seena Hoshiki)
01a02690-22eb-71cc-a5a4-2fc5f4297b54;Do You Love Me;01a02690-0cc3-70e2-9a00-dd8b9f1c8715;Kiss
01a02690-22eb-71cc-a5a4-2fc6775ee95d;Alakazam;01a02690-0cc3-70e2-9a00-dd8c3936f1ce;Kitami Yusei
01a02690-22e6-772f-ba89-ecc34eda1018;Viva la México;01a02690-0cc3-70e2-9a00-dd8d8ed8d173;Klaus
01a02690-22eb-71cc-a5a4-2fc7e60b5515;He's a Pirate;01a02690-0cc3-70e2-9a00-dd8eec974eb2;Klaus Badelt
01a02690-22e6-772f-ba89-ecbc0f2cdafd;Guten Morgen Sportsfreunde;01a02690-0cc3-70e2-9a00-dd8f9d05dcf2;Klaus Kosmonaut
01a02690-22eb-71cc-a5a4-2fc8320aeb8a;FENIAN;01a02690-0cc3-70e2-9a00-dd90cee78251;Kneecap
01a02690-22eb-71cc-a5a4-2fc95b4fec78;Irish Goodbye;01a02690-0cc3-70e2-9a00-dd90cee78251;Kneecap
01a02690-22eb-71cc-a5a4-2fca1a323042;Smugglers & Scholars;01a02690-0cc3-70e2-9a00-dd90cee78251;Kneecap
01a02690-22e7-71eb-b833-309bf3ecb413;Secret Masquerade;01a02690-0cc3-70e2-9a00-dd91bf0eba77;Knights
01a02690-22eb-71cc-a5a4-2fcba2e9cc4e;Hive Mind;01a02690-0cc3-70e2-9a00-dd928924fde7;Knocked Loose
01a02690-22eb-71cc-a5a4-2fcc865a3e4b;Kasumibiyori;01a02690-0cc3-70e2-9a00-dd9337399fe8;Kobukuro
01a02690-22eb-71cc-a5a4-2fcdba8f5ba5;Starry Smile Story;01a02690-0cc3-70e2-9a00-dd9337399fe8;Kobukuro
01a02690-22eb-71cc-a5a4-2fceb895c4ee;ZEZE;01a02690-0cc3-70e2-9a00-dd947025b738;Kodak Black
01a02690-22e7-71eb-b833-30ded7e7676d;Jaded;01a02690-0cc3-70e2-9a00-dd959fbf8c90;Koe Wetzel
01a02690-22eb-71cc-a5a4-2fcf72a9a895;Time Goes On;01a02690-0cc3-70e2-9a00-dd959fbf8c90;Koe Wetzel
01a02690-22eb-71cc-a5a4-2fd0e096a602;Fanfare;01a02690-0cc3-70e2-9a00-dd964f3f2fd0;Koji Tamaki
01a02690-22eb-71cc-a5a4-2fd134d5c15a;Trapped;01a02690-0cc3-70e2-9a00-dd9709edb022;Kolter
01a02690-22e4-7376-a60c-b933951d367b;Recollect;01a02690-0cc3-70e2-9a00-dd98e5612d11;Konomi Suzuki
01a02690-22e3-7064-9388-0fb77f2d582d;Saikyo Mirai Shodo;01a02690-0cc3-70e2-9a00-dd98e5612d11;Konomi Suzuki
01a02690-22eb-71cc-a5a4-2fd23e0b2e73;ZEITPUNKT;01a02690-0cc3-70e2-9a00-dd999b4659ea;Kontra K
01a02690-22eb-71cc-a5a4-2fd390d7e06b;Blind;01a02690-0cc3-70e2-9a00-dd9af629a89d;Korn
01a02690-22eb-71cc-a5a4-2fd420b7f964;Reward the Scars;01a02690-0cc3-70e2-9a00-dd9af629a89d;Korn
01a02690-22eb-71cc-a5a4-2fd58d2a2df4;Why Don't You Love Me;01a02690-0cc3-70e2-9a00-dd9b22b92f4e;Kotti Affair
01a02690-22eb-71cc-a5a4-2fd6a080d00f;Journey;01a02690-0cc3-70e2-9a00-dd9ca296a175;Kouhei Matsushita
01a02690-22eb-71cc-a5a4-2fd7ea250d1c;PARTENOPE;01a02690-0cc3-70e2-9a00-dd9da86fd57f;Kremont
01a02690-22e8-7496-8881-bf5a711b8156;Zij Hoort Bij Mij;01a02690-0cc3-70e2-9a00-dd9e7dc2d13e;Kris Kross Amsterdam
01a02690-22e4-7376-a60c-b94a6ab498dd;Everything's Alright;01a02690-0cc3-70e2-9a00-dd9f0f607814;Kurt D
01a02690-22eb-71cc-a5a4-2fd83ec16e76;Bpm;01a02690-0cc3-70e2-9a00-dda0c5a55629;Kvi Baba
01a02690-22e8-7496-8881-bf44c6783dfd;Kygo Jo;01a02690-0cc3-70e2-9a00-dda1a6bb73e6;Kygo
01a02690-22e8-7496-8881-bfd179a44e5b;Save My Love;01a02690-0cc3-70e2-9a00-dda1a6bb73e6;Kygo
01a02690-22e6-772f-ba89-ec499f3fc58e;Take Me Back;01a02690-0cc3-70e2-9a00-dda1a6bb73e6;Kygo
01a02690-22e6-772f-ba89-ec213ab4681c;That's When You Know;01a02690-0cc3-70e2-9a00-dda1a6bb73e6;Kygo
01a02690-22eb-71cc-a5a4-2fd97d3c3b8b;Kids;01a02690-0cc3-70e2-9a00-dda2ef2a0bbf;Kyle Dixon
01a02690-22e4-7376-a60c-b9bde905cddd;Stranger Things;01a02690-0cc3-70e2-9a00-dda2ef2a0bbf;Kyle Dixon
01a02690-22e7-71eb-b833-302b4c91c66c;Dancing with the Enemy;01a02690-0cc3-70e2-9a00-dda301ec3c45;Kylie Cantrall
01a02690-22eb-71cc-a5a4-2fda978b23e6;Love Sensation;01a02690-0cc3-70e2-9a00-dda476b9062b;Kylie Minogue
01a02690-22eb-71cc-a5a4-2fdb1f588cd4;These Alarms;01a02690-0cc3-70e2-9a00-dda476b9062b;Kylie Minogue
01a02690-22e7-71eb-b833-3029a8a3875f;Honest;01a02690-0cc3-70e2-9a00-dda591e9454e;Kyndal Inskeep
01a02690-22eb-71cc-a5a4-2fdceacd8658;Prayer of a Trying Daughter;01a02690-0cc3-70e2-9a00-dda591e9454e;Kyndal Inskeep
01a02690-22eb-71cc-a5a4-2fdddd1a4c09;Daisuki No Bouquet;01a02690-0cc3-70e2-9a00-dda670c8adda;Kyoko Igarashi (CV: Atsumi Tanezaki)
01a02690-22e3-7064-9388-0feeb0b91fdf;una voz;01a02690-0cc3-70e2-9a00-dda71974a7af;Kénosis by RC - (Tú) El único rey
01a02690-22e3-7064-9388-10560e9565e8;Beni Al;01a02690-0cc3-70e2-9a00-dda84086e1c0;Kürşad Kahraman
01a02690-22eb-71cc-a5a4-2fde205ccfa7;Now, Forever;01a02690-0cc3-70e2-9a00-dda95cc70e1c;L.J. Benet
01a02690-22eb-71cc-a5a4-2fdf0031e7d0;Prettiest Thing I’ve Ever Seen;01a02690-0cc3-70e2-9a00-ddaa53f4e0e2;LANY
01a02690-22eb-71cc-a5a4-2fe0d4df77da;Call My Name;01a02690-0cc3-70e2-9a00-ddab73fbb40e;LAY
01a02690-22eb-71cc-a5a4-2fe13cd41ac2;Crossfire;01a02690-0cc3-70e2-9a00-ddab73fbb40e;LAY
01a02690-22eb-71cc-a5a4-2fe296ab4fb9;大花轿;01a02690-0cc3-70e2-9a00-ddab73fbb40e;LAY
01a02690-22eb-71cc-a5a4-2fe31b4dc17c;Jumping Machine;01a02690-0cc3-70e2-9a00-ddac8a07dd18;LBI
01a02690-22e3-7064-9388-0ff4c0bafb2f;Poesie Clandestine;01a02690-0cc3-70e2-9a00-ddad4452cce2;LDA
01a02690-22eb-71cc-a5a4-2fe481c614cc;BOOMPALA;01a02690-0cc3-70e2-9a00-ddaefbe36e0d;LE SSERAFIM
01a02690-22eb-71cc-a5a4-2fe558a4a566;CELEBRATION;01a02690-0cc3-70e2-9a00-ddaefbe36e0d;LE SSERAFIM
01a02690-22e9-71a4-af72-5c571ac22d3a;ICONIC BY MISTAKE;01a02690-0cc3-70e2-9a00-ddaefbe36e0d;LE SSERAFIM
01a02690-22eb-71cc-a5a4-2fe68a6b57cd;사계(Always);01a02690-0cc3-70e2-9a00-ddaf6ddee347;LEE JUNHO
01a02690-22eb-71cc-a5a4-2fe79b890eb4;Tenderly;01a02690-0cc3-70e2-9a00-ddb0ef0e2690;LEO
01a02690-22eb-71cc-a5a4-2fe8031006c2;Boy Scientist;01a02690-0cc3-70e2-9a00-ddb12bda974e;LIM
01a02690-22eb-71cc-a5a4-2fe9d59c8813;The Emptiness Machine;01a02690-0cc3-70e2-9a00-ddb2c4dd730d;LINKIN PARK
01a02690-22e3-7064-9388-10665d1d067a;Bad Angel;01a02690-0cc3-70e2-9a00-ddb30cf54dae;LISA
01a02690-22e3-7064-9388-1054f8237de4;Goals;01a02690-0cc3-70e2-9a00-ddb30cf54dae;LISA
01a02690-22eb-71cc-a5a4-2fea70914a24;Party Rock Anthem;01a02690-0cc3-70e2-9a00-ddb4343cf461;LMFAO
01a02690-22eb-71cc-a5a4-2febdb22105b;Moonwalkin';01a02690-0cc3-70e2-9a00-ddb55c4320e6;LNGSHOT
01a02690-22eb-71cc-a5a4-2fec7d149e7c;Never Let Go;01a02690-0cc3-70e2-9a00-ddb55c4320e6;LNGSHOT
01a02690-22eb-71cc-a5a4-2fede8aac479;Let The Country Music Play;01a02690-0cc3-70e2-9a00-ddb62142afa1;LOCASH
01a02690-22eb-71cc-a5a4-2fee682d4c09;Eins, Zwei, Drei;01a02690-0cc3-70e2-9a00-ddb7c73cba40;LOOK MUM NO COMPUTER
01a02690-22e8-7496-8881-bf50fbee7d56;2 STEP THE ENEMY;01a02690-0cc3-70e2-9a00-ddb80db36b7b;LOST & FOUND
01a02690-22eb-71cc-a5a4-2fef8488a7d6;wenn du tanzen willst;01a02690-0cc3-70e2-9a00-ddb91018fa15;LOTTE
01a02690-22eb-71cc-a5a4-2ff0eb7bc71f;All I Can Say Is;01a02690-0cc3-70e2-9a00-ddbad2f86d8b;LOUIS of LNGSHOT
01a02690-22eb-71cc-a5a4-2ff14194e4e9;Good Girls;01a02690-0cc3-70e2-9a00-ddbad2f86d8b;LOUIS of LNGSHOT
01a02690-22eb-71cc-a5a4-2ff2396f2c5e;Don't tell your dreams;01a02690-0cc3-70e2-9a00-ddbbef6c508b;LOVIXX
01a02690-22eb-71cc-a5a4-2ff2396f2c5e;Don't tell your dreams;01a02690-0cc3-70e2-9a00-ddbced9884a1;LOVIXX STOSLIV
01a02690-22eb-71cc-a5a4-2ff3f3a379bb;dont tell your dreams to everybody;01a02690-0cc3-70e2-9a00-ddbced9884a1;LOVIXX STOSLIV
01a02690-22e5-74eb-8ac8-9ea4b6c52681;Soleil Bleu;01a02690-0cc3-70e2-9a00-ddbd81e40c8c;LUIZA
01a02690-22eb-71cc-a5a4-2ff432393c6c;โลเล โยเย โมเม;01a02690-0cc3-70e2-9a00-ddbeee4685dd;LYKN
01a02690-22eb-71cc-a5a4-2ff57e44a102;Destino o follia;01a02690-0cc3-70e2-9a00-ddbf5755642d;LYRICFLOW81
01a02690-22eb-71cc-a5a4-2ff6a440c2c7;El Fin del Mundo;01a02690-0cc3-70e2-9a00-ddc06bb51f63;La La Love You
01a02690-22e8-7496-8881-bf7b22e8415c;PARISIENNE;01a02690-0cc3-70e2-9a00-ddc13297db29;La Mano 1.9
01a02690-22eb-71cc-a5a4-2ff7e243fe70;Todos Estamos Bailando La Misma Canción;01a02690-0cc3-70e2-9a00-ddc23eb5f25e;La Oreja de Van Gogh
01a02690-22eb-71cc-a5a4-2ff807c7ebce;Tomorrow;01a02690-0cc3-70e2-9a00-ddc31b956056;La Voix
01a02690-22e8-7496-8881-bff1e33c8ec8;Stay Sexy;01a02690-0cc3-70e2-9a00-ddc48c8345a2;LaBritney
01a02690-22e5-74eb-8ac8-9efe311fd00d;Now We Are Free;01a02690-0cc3-70e2-9a00-ddc53dfb231e;Ladd McIntosh
01a02690-22eb-71cc-a5a4-2ff9a63b3462;Abracadabra;01a02690-0cc3-70e2-9a00-ddc63fda50ea;Lady Gaga
01a02690-22eb-71cc-a5a4-2ffacd5f10cb;Always Remember Us This Way;01a02690-0cc3-70e2-9a00-ddc63fda50ea;Lady Gaga
01a02690-22e5-74eb-8ac8-9f085772af1a;Die With A Smile;01a02690-0cc3-70e2-9a00-ddc63fda50ea;Lady Gaga
01a02690-22ea-7193-8a3e-1ba5291f95c1;Hold My Hand;01a02690-0cc3-70e2-9a00-ddc63fda50ea;Lady Gaga
01a02690-22e7-71eb-b833-3054461fcbc0;Runway;01a02690-0cc3-70e2-9a00-ddc63fda50ea;Lady Gaga
01a02690-22e5-74eb-8ac8-9edc97b7e905;Shallow;01a02690-0cc3-70e2-9a00-ddc63fda50ea;Lady Gaga
01a02690-22eb-71cc-a5a4-2ffbe078cae0;The Dead Dance;01a02690-0cc3-70e2-9a00-ddc63fda50ea;Lady Gaga
01a02690-22eb-71cc-a5a4-2ffc4e2b8a25;A Death in London;01a02690-0cc3-70e2-9a00-ddc782220f64;Ladytron
01a02690-22eb-71cc-a5a4-2ffd7d15f530;RAISE THE BANNER;01a02690-0cc3-70e2-9a00-ddc8fe7825b3;Laga
01a02690-22eb-71cc-a5a4-2ffe5c00a00b;Can't Sit Still;01a02690-0cc3-70e2-9a00-ddc9cbb01360;Lainey Wilson
01a02690-22eb-71cc-a5a4-2fff79c0063b;Heart Like A Truck;01a02690-0cc3-70e2-9a00-ddc9cbb01360;Lainey Wilson
01a02690-22ea-7193-8a3e-1bc45ec3bfed;Phone, Keys, Wallet;01a02690-0cc3-70e2-9a00-ddc9cbb01360;Lainey Wilson
01a02690-22e5-74eb-8ac8-9ee16341ed1b;The Jesus I Know Now;01a02690-0cc3-70e2-9a00-ddc9cbb01360;Lainey Wilson
01a02690-22eb-71cc-a5a4-30004c3d0df0;Younger You;01a02690-0cc3-70e2-9a00-ddc9cbb01360;Lainey Wilson
01a02690-22eb-71cc-a5a4-30015e09c29f;Blunt Force Blues;01a02690-0cc3-70e2-9a00-ddca6c8d917e;Lamb of God
01a02690-22eb-71cc-a5a4-300210af3eed;Into Oblivion;01a02690-0cc3-70e2-9a00-ddca6c8d917e;Lamb of God
01a02690-22eb-71cc-a5a4-3003ff44934a;Parasocial Christ;01a02690-0cc3-70e2-9a00-ddca6c8d917e;Lamb of God
01a02690-22eb-71cc-a5a4-3004eff18f6e;Sepsis;01a02690-0cc3-70e2-9a00-ddca6c8d917e;Lamb of God
01a02690-22eb-71cc-a5a4-3005ee8acf55;Vierentwintigdelig Noodpakket;01a02690-0cc3-70e2-9a00-ddcb8498fa44;Lamme Frans
01a02690-22eb-71cc-a5a4-3006992b663a;First Light;01a02690-0cc3-70e2-9a00-ddcce5e74e72;Lana Del Rey
01a02690-22eb-71cc-a5a4-30079c9806a5;Honeymoon;01a02690-0cc3-70e2-9a00-ddcce5e74e72;Lana Del Rey
01a02690-22eb-71cc-a5a4-3008c3ec1260;White Feather Hawk Tail Deer Hunter;01a02690-0cc3-70e2-9a00-ddcce5e74e72;Lana Del Rey
01a02690-22eb-71cc-a5a4-300963f189e3;Young and Beautiful;01a02690-0cc3-70e2-9a00-ddcce5e74e72;Lana Del Rey
01a02690-22e8-7496-8881-bfd0cbcefdfd;Hunting The Wren;01a02690-0cc3-70e2-9a00-ddcd0633a21c;Lankum
01a02690-22eb-71cc-a5a4-300a96e61567;Je veux danser;01a02690-0cc3-70e2-9a00-ddceac0e0c15;Lara Fabian
01a02690-22eb-71cc-a5a4-300b160e73b0;Kopf gegen die Wand;01a02690-0cc3-70e2-9a00-ddcf40b494bd;Lara Hulo
01a02690-22eb-71cc-a5a4-300ce23ab7ec;El Teléfono Carpintero;01a02690-0cc3-70e2-9a00-ddd01b39527b;Las Ardillitas de Lalo Guerrero
01a02690-22eb-71cc-a5a4-300d8c658aa2;The Ketchup Song;01a02690-0cc3-70e2-9a00-ddd12ce7d8ab;Las Ketchup
01a02690-22eb-71cc-a5a4-300e5b9adaf3;Something;01a02690-0cc3-70e2-9a00-ddd204dda3f9;Lasgo
01a02690-22eb-71cc-a5a4-300fefa8c58d;Guten Morgen, alles gut. Kein Stress, kein Problem.;01a02690-0cc3-70e2-9a00-ddd315377fa0;LassTunesDeutsch
01a02690-22eb-71cc-a5a4-301037701b6c;How I Get;01a02690-0cc3-70e2-9a00-ddd4bef465dc;Laufey
01a02690-22eb-71cc-a5a4-30116238a87a;Lover Girl;01a02690-0cc3-70e2-9a00-ddd4bef465dc;Laufey
01a02690-22eb-71cc-a5a4-301261698ce8;Promise;01a02690-0cc3-70e2-9a00-ddd4bef465dc;Laufey
01a02690-22eb-71cc-a5a4-301309c42a7d;Ach was, ich wag das;01a02690-0cc3-70e2-9a00-ddd5a9534cb4;Laura
01a02690-22eb-71cc-a5a4-3014ac29dfec;16 MARZO;01a02690-0cc3-70e2-9a00-ddd672e3204c;Laura Pausini
01a02690-22eb-71cc-a5a4-3015fc3a8b70;ESO Y MÁS;01a02690-0cc3-70e2-9a00-ddd672e3204c;Laura Pausini
01a02690-22eb-71cc-a5a4-301684ce6e7a;LA DERNIÈRE CHANSON;01a02690-0cc3-70e2-9a00-ddd672e3204c;Laura Pausini
01a02690-22eb-71cc-a5a4-3017f610ac50;LA MIA STORIA TRA LE DITA;01a02690-0cc3-70e2-9a00-ddd672e3204c;Laura Pausini
01a02690-22eb-71cc-a5a4-301859f60e71;MARIPOSA TECKNICOLOR;01a02690-0cc3-70e2-9a00-ddd672e3204c;Laura Pausini
01a02690-22eb-71cc-a5a4-30198f8cc8b2;RITORNO AD AMARE;01a02690-0cc3-70e2-9a00-ddd672e3204c;Laura Pausini
01a02690-22eb-71cc-a5a4-301aaf52d1b9;¿PORQUÉ TE VAS;01a02690-0cc3-70e2-9a00-ddd672e3204c;Laura Pausini
01a02690-22ea-7193-8a3e-1c37c7d83227;Never Been In Love;01a02690-0cc3-70e2-9a00-ddd7839c0106;Lauren Alaina
01a02690-22eb-71cc-a5a4-301b365d90ba;Rescue;01a02690-0cc3-70e2-9a00-ddd8a93d5004;Lauren Daigle
01a02690-22eb-71cc-a5a4-301c330674ef;Darling Melancholy;01a02690-0cc3-70e2-9a00-ddd9b9fb0f51;Lauren Iroas
01a02690-22eb-71cc-a5a4-301d5ff674d5;somebody you're supposed to love;01a02690-0cc3-70e2-9a00-dddab048c4d9;Lauren Spencer Smith
01a02690-22eb-71cc-a5a4-301e7cd9cc9e;Ex-Factor;01a02690-0cc3-70e2-9a00-dddb282b43b3;Lauryn Hill
01a02690-22eb-71cc-a5a4-301f9e85a70d;Ese Hombre;01a02690-0cc3-70e2-9a00-dddc1e265ba7;Layah Noir
01a02690-22eb-71cc-a5a4-30204f50a79c;Que Hablen de Mí;01a02690-0cc3-70e2-9a00-dddc1e265ba7;Layah Noir
01a02690-22eb-71cc-a5a4-3021cc7179ac;Who You Share It With;01a02690-0cc3-70e2-9a00-dddd5cf1d16d;Layup
01a02690-22e6-772f-ba89-ec6b79fcb9d8;Erkläre mir die Liebe;01a02690-0cc3-70e2-9a00-dddea0a9cf15;Lea Marie
01a02690-22e5-74eb-8ac8-9f2bf80ca39f;Nobody's Side;01a02690-0cc3-70e2-9a00-dddf10c1428b;Lea Michele
01a02690-22eb-71cc-a5a4-3022c15102d7;A Little Past Little Rock;01a02690-0cc3-70e2-9a00-dde0b5553b5a;Lee Ann Womack
01a02690-22eb-71cc-a5a4-302378a93db9;Never Again, Again;01a02690-0cc3-70e2-9a00-dde0b5553b5a;Lee Ann Womack
01a02690-22eb-71cc-a5a4-3024ce77f0ee;England in America;01a02690-0cc3-70e2-9a00-dde17467bd26;Lee Brennan
01a02690-22eb-71cc-a5a4-302555bd6473;Country Nowadays;01a02690-0cc3-70e2-9a00-dde2c274b60d;Lee Brice
01a02690-22eb-71cc-a5a4-30265d96408f;Drinking Class;01a02690-0cc3-70e2-9a00-dde2c274b60d;Lee Brice
01a02690-22eb-71cc-a5a4-3027e1fb311c;Hard to Love;01a02690-0cc3-70e2-9a00-dde2c274b60d;Lee Brice
01a02690-22eb-71cc-a5a4-302883657bc1;Me and Whiskey;01a02690-0cc3-70e2-9a00-dde2c274b60d;Lee Brice
01a02690-22eb-71cc-a5a4-30292dfe402f;What You Know About That;01a02690-0cc3-70e2-9a00-dde2c274b60d;Lee Brice
01a02690-22eb-71cc-a5a4-302a92c03c0c;When the Kingdom Comes;01a02690-0cc3-70e2-9a00-dde2c274b60d;Lee Brice
01a02690-22e7-71eb-b833-3073727bc565;God Bless The U.S.A.;01a02690-0cc3-70e2-9a00-dde3ace08774;Lee Greenwood
01a02690-22eb-71cc-a5a4-302b96166b6f;Spirit of the Anzacs;01a02690-0cc3-70e2-9a00-dde4ace37393;Lee Kernaghan
01a02690-22eb-71cc-a5a4-302cf752af62;Most Wanted;01a02690-0cc3-70e2-9a00-dde5e2bc381f;Leigh-Anne
01a02690-22eb-71cc-a5a4-302d4f5dcf10;Todo Lo Fue;01a02690-0cc3-70e2-9a00-dde631fbe7ad;Lenin Ramírez
01a02690-22eb-71cc-a5a4-302e935b5821;It Ain't Over 'Til It's Over;01a02690-0cc3-70e2-9a00-dde7ac1c103c;Lenny Kravitz
01a02690-22eb-71cc-a5a4-302fa5076f70;Burn it Down;01a02690-0cc3-70e2-9a00-dde8c0ca838d;Leon Bridges
01a02690-22ea-7193-8a3e-1c49a433f972;Malle I Love You;01a02690-0cc3-70e2-9a00-dde94712cdaf;Leon Machère
01a02690-22eb-71cc-a5a4-303086150bba;MUTT;01a02690-0cc3-70e2-9a00-ddea127f9f43;Leon Thomas
01a02690-22eb-71cc-a5a4-30319aca7002;Hallelujah;01a02690-0cc3-70e2-9a00-ddebee6985ac;Leonard Cohen
01a02690-22eb-71cc-a5a4-3032ec17b3db;Don't Worry;01a02690-0cc3-70e2-9a00-ddec1b1d7fa2;Leony
01a02690-22e5-74eb-8ac8-9f439f1468b1;Stay;01a02690-0cc3-70e2-9a00-ddec1b1d7fa2;Leony
01a02690-22eb-71cc-a5a4-30339ca9daa3;Diégo, libre dans sa tête;01a02690-0cc3-70e2-9a00-dded69acf084;Les Enfoirés
01a02690-22eb-71cc-a5a4-303428b6d43e;L'île au trésor;01a02690-0cc3-70e2-9a00-dded69acf084;Les Enfoirés
01a02690-22eb-71cc-a5a4-30354f9d9186;Tout se casse;01a02690-0cc3-70e2-9a00-dded69acf084;Les Enfoirés
01a02690-22eb-71cc-a5a4-3036f0f4cd84;Vole;01a02690-0cc3-70e2-9a00-dded69acf084;Les Enfoirés
01a02690-22e9-71a4-af72-5becc89e54fa;Without You;01a02690-0cc3-70e2-9a00-ddee1e3aae6b;Leslie Odom
01a02690-22eb-71cc-a5a4-303728387d9b;I Thought We Had More Time;01a02690-0cc3-70e2-9a00-ddeffad3c66c;Lesser Grief
01a02690-22eb-71cc-a5a4-303893affee9;Ruf mich nicht mehr an;01a02690-0cc3-70e2-9a00-ddf0275437ec;Levant
01a02690-22e6-772f-ba89-ecbd8afe49b3;AL MIO PAESE;01a02690-0cc3-70e2-9a00-ddf1482cf69c;Levante
01a02690-22eb-71cc-a5a4-30399394dd37;SEI TU;01a02690-0cc3-70e2-9a00-ddf1482cf69c;Levante
01a02690-22eb-71cc-a5a4-303aee43bbcc;Almost;01a02690-0cc3-70e2-9a00-ddf2d72fffe7;Lewis Capaldi
01a02690-22eb-71cc-a5a4-303b1d18441d;Someone You Loved;01a02690-0cc3-70e2-9a00-ddf2d72fffe7;Lewis Capaldi
01a02690-22eb-71cc-a5a4-303c6e45db85;Stay Love;01a02690-0cc3-70e2-9a00-ddf2d72fffe7;Lewis Capaldi
01a02690-22eb-71cc-a5a4-303d0ddfb973;Survive;01a02690-0cc3-70e2-9a00-ddf2d72fffe7;Lewis Capaldi
01a02690-22eb-71cc-a5a4-303e169430c3;What a Wonderful World;01a02690-0cc3-70e2-9a00-ddf31e9b0b10;Lexi Walker
01a02690-22eb-71cc-a5a4-303f9c8358f3;DECOTORA15;01a02690-0cc3-70e2-9a00-ddf45ece04e0;LiSA
01a02690-22eb-71cc-a5a4-304090774b1c;SWEET MAGIC;01a02690-0cc3-70e2-9a00-ddf45ece04e0;LiSA
01a02690-22e7-71eb-b833-302b4c91c66c;Dancing with the Enemy;01a02690-0cc3-70e2-9a00-ddf56ff73dd6;Liamani Segura
01a02690-22eb-71cc-a5a4-30416082a2a0;Midnight Love;01a02690-0cc3-70e2-9a00-ddf6005b6773;Liana Ford
01a02690-22e5-74eb-8ac8-9f085772af1a;Die With A Smile;01a02690-0cc3-70e2-9a00-ddf7a1aed5da;Lidice
01a02690-22e6-772f-ba89-ecc6ce771fb6;Makina Time;01a02690-0cc3-70e2-9a00-ddf8b961946c;Like Mike
01a02690-22eb-71cc-a5a4-304295dc059e;Ewa Safi;01a02690-0cc3-70e2-9a00-ddf934a67ad8;Lil Kleine
01a02690-22eb-71cc-a5a4-30438fad0ba1;Lekker voor je;01a02690-0cc3-70e2-9a00-ddf934a67ad8;Lil Kleine
01a02690-22eb-71cc-a5a4-3044f0e2065f;Lijntje;01a02690-0cc3-70e2-9a00-ddf934a67ad8;Lil Kleine
01a02690-22e6-772f-ba89-ed20edf6d0be;Maak Me Nou Niet Gek;01a02690-0cc3-70e2-9a00-ddf934a67ad8;Lil Kleine
01a02690-22eb-71cc-a5a4-30455d32671b;What You Saying;01a02690-0cc3-70e2-9a00-ddfaf06c6991;Lil Uzi Vert
01a02690-22eb-71cc-a5a4-304647c0200b;Wanna Be a Baller;01a02690-0cc3-70e2-9a00-ddfbeefa3fff;Lil' Troy
01a02690-22eb-71cc-a5a4-304796a0bb4e;Koikaze;01a02690-0cc3-70e2-9a00-ddfc3780faef;Lilas
01a02690-22eb-71cc-a5a4-30483162f859;Puzzle;01a02690-0cc3-70e2-9a00-ddfc3780faef;Lilas
01a02690-22eb-71cc-a5a4-3049f4296adc;stay with me;01a02690-0cc3-70e2-9a00-ddfc3780faef;Lilas
01a02690-22e9-71a4-af72-5c035d72869c;Tokimeki Emotion;01a02690-0cc3-70e2-9a00-ddfdf4396493;Lilja Katsuragi
01a02690-22eb-71cc-a5a4-304a91eeb1e8;et si je pars;01a02690-0cc3-70e2-9a00-ddfeb73dbe40;Lily Campa
01a02690-22e8-7496-8881-bf58489ac3d6;My Way;01a02690-0cc3-70e2-9a00-ddff5ca92868;Limp Bizkit
01a02690-22eb-71cc-a5a4-304b7efc4185;Liekinheitin;01a02690-0cc3-70e2-9a00-de00991eb7b3;Linda Lampenius
01a02690-22eb-71cc-a5a4-304c8f6591af;Don't Know Much;01a02690-0cc3-70e2-9a00-de018dfc37be;Linda Ronstadt
01a02690-22eb-71cc-a5a4-304d426d0729;Hurt and Love;01a02690-0cc3-70e2-9a00-de02c7e522ab;Lingling Kwong
01a02690-22eb-71cc-a5a4-304e9b4ad958;In the End;01a02690-0cc3-70e2-9a00-de03760e8afd;Linkin Park
01a02690-22eb-71cc-a5a4-304fd4e9526b;Numb;01a02690-0cc3-70e2-9a00-de03760e8afd;Linkin Park
01a02690-22eb-71cc-a5a4-305046ddc113;Stuck On You;01a02690-0cc3-70e2-9a00-de043379d620;Lionel Richie
01a02690-22e5-74eb-8ac8-9efe311fd00d;Now We Are Free;01a02690-0cc3-70e2-9a00-de051db2239a;Lisa Gerrard
01a02690-22eb-71cc-a5a4-30513a701d9c;Australia;01a02690-0cc3-70e2-9a00-de06224697b4;Lisa Perry Wildman
01a02690-22ea-7193-8a3e-1c68de929061;Closing Time;01a02690-0cc3-70e2-9a00-de07fe6c332a;Little Big Town
01a02690-22eb-71cc-a5a4-30522d8686e3;We Could Have It All;01a02690-0cc3-70e2-9a00-de07fe6c332a;Little Big Town
01a02690-22eb-71cc-a5a4-3053717d4ccd;Ichirin;01a02690-0cc3-70e2-9a00-de085425e0d3;Little Glee Monster
01a02690-22eb-71cc-a5a4-30545fb1f345;Pages;01a02690-0cc3-70e2-9a00-de085425e0d3;Little Glee Monster
01a02690-22eb-71cc-a5a4-30553ad6c27a;一輪;01a02690-0cc3-70e2-9a00-de085425e0d3;Little Glee Monster
01a02690-22ea-7193-8a3e-1c282759bd93;Endless Dreamer;01a02690-0cc3-70e2-9a00-de09b40417ea;Lize Helesta
01a02690-22eb-71cc-a5a4-305641b8c743;Don’t Make Me Love U;01a02690-0cc3-70e2-9a00-de0a78f695bf;Lizzo
01a02690-22eb-71cc-a5a4-3057ca387250;Fangs;01a02690-0cc3-70e2-9a00-de0bf21f172f;Loathe
01a02690-22e3-7064-9388-0fe0f6aabf71;Papaoutai;01a02690-0cc3-70e2-9a00-de0c8cb2f678;Logandeep
01a02690-22e3-7064-9388-101f2afd6f0d;VOLTAGE;01a02690-0cc3-70e2-9a00-de0d7509a9a9;Logotype (CV: Misora Takahashi)
01a02690-22eb-71cc-a5a4-30584387b255;Messy;01a02690-0cc3-70e2-9a00-de0e881408cf;Lola Young
01a02690-22ea-7193-8a3e-1c6e4f7de6f5;Fifty Fifty;01a02690-0cc3-70e2-9a00-de0f7e8de9a4;Lola Índigo
01a02690-22eb-71cc-a5a4-3059e324b72c;Strong;01a02690-0cc3-70e2-9a00-de1018cc2d6e;London Grammar
01a02690-22eb-71cc-a5a4-305ae3daad64;Sex and the City;01a02690-0cc3-70e2-9a00-de1102d6a0e7;London Music Works
01a02690-22eb-71cc-a5a4-2fe8031006c2;Boy Scientist;01a02690-0cc3-70e2-9a00-de12848e7470;London Voices
01a02690-22ea-7193-8a3e-1bcda7ff9e8d;The Night We Met;01a02690-0cc3-70e2-9a00-de137b8269dd;Lord Huron
01a02690-22eb-71cc-a5a4-305bd7b13932;The Days Of Our Lives;01a02690-0cc3-70e2-9a00-de14bfa983b0;Lord of the Lost
01a02690-22eb-71cc-a5a4-305ce38706e4;Coming Close;01a02690-0cc3-70e2-9a00-de15fd10f57b;Loreen
01a02690-22eb-71cc-a5a4-305da12f1bfb;Feels Like Heaven;01a02690-0cc3-70e2-9a00-de15fd10f57b;Loreen
01a02690-22eb-71cc-a5a4-305ee3ffc67b;Nur ein Hund;01a02690-0cc3-70e2-9a00-de15fd10f57b;Loreen
01a02690-22eb-71cc-a5a4-305fdf289669;Tattoo;01a02690-0cc3-70e2-9a00-de15fd10f57b;Loreen
01a02690-22e8-7496-8881-bf956e2ae81f;Wildfire;01a02690-0cc3-70e2-9a00-de15fd10f57b;Loreen
01a02690-22e9-71a4-af72-5c7368b2129f;Baila Baila;01a02690-0cc3-70e2-9a00-de16b260f901;Lorenz Büffel
01a02690-22e3-7064-9388-1064a9a8399a;Canción del Mariachi;01a02690-0cc3-70e2-9a00-de17e7364321;Los Lobos
01a02690-22e4-7376-a60c-b9a93c0e31f9;CAFé CON RON;01a02690-0cc3-70e2-9a00-de186d43b75d;Los Pleneros de la Cresta
01a02690-22eb-71cc-a5a4-3060b232cb90;Vuelve;01a02690-0cc3-70e2-9a00-de19595e3dac;Los Ángeles Azules
01a02690-22eb-71cc-a5a4-306194710a62;So Much Beauty;01a02690-0cc3-70e2-9a00-de1a5ccfde8c;Lost Frequencies
01a02690-22eb-71cc-a5a4-3062358973ba;Fuck Right Off;01a02690-0cc3-70e2-9a00-de1bb02c6d8e;Lost Vinyl Revival
01a02690-22eb-71cc-a5a4-30636860c566;Long Hard Look;01a02690-0cc3-70e2-9a00-de1cbf57b10e;Lou Gramm
01a02690-22eb-71cc-a5a4-3064ae20543f;Time Heals the Pain;01a02690-0cc3-70e2-9a00-de1cbf57b10e;Lou Gramm
01a02690-22eb-71cc-a5a4-3065e50216a1;Conduire;01a02690-0cc3-70e2-9a00-de1dd695bbd0;Louane
01a02690-22eb-71cc-a5a4-306659c03a55;The Fate Of Ophelia;01a02690-0cc3-70e2-9a00-de1e31b6e24c;Loud Luxury
01a02690-22eb-71cc-a5a4-303e169430c3;What a Wonderful World;01a02690-0cc3-70e2-9a00-de1f64851ac8;Louis Armstrong
01a02690-22eb-71cc-a5a4-30671b8cae6a;The Angel;01a02690-0cc3-70e2-9a00-de20b42483fc;Louis Dunford
01a02690-22eb-71cc-a5a4-30687e21b51a;Dark To Light;01a02690-0cc3-70e2-9a00-de21ccf2348f;Louis Tomlinson
01a02690-22eb-71cc-a5a4-3069cf5707ae;Imposter;01a02690-0cc3-70e2-9a00-de21ccf2348f;Louis Tomlinson
01a02690-22eb-71cc-a5a4-306aff05a832;Cross the Line;01a02690-0cc3-70e2-9a00-de22a4243823;Love Pattranite
01a02690-22e5-74eb-8ac8-9f15a134293b;Mortality's Tenderness;01a02690-0cc3-70e2-9a00-de23990bd314;Love and Deepspace
01a02690-22eb-71cc-a5a4-306bdf2db52c;Tameless Territory;01a02690-0cc3-70e2-9a00-de23990bd314;Love and Deepspace
01a02690-22e3-7064-9388-101f2afd6f0d;VOLTAGE;01a02690-0cc3-70e2-9a00-de241903925d;Loves Only You (CV: Miyu Kubota)
01a02690-22eb-71cc-a5a4-306cd4617242;Mr/Mme;01a02690-0cc3-70e2-9a00-de25715bf241;Loïc Nottet
01a02690-22e4-7376-a60c-b93af99076f5;Her Nerdeysen;01a02690-0cc3-70e2-9a00-de26ee59c1b2;Lqier
01a02690-22ea-7193-8a3e-1be3ee96be7b;WENN ICH NÜCHTERN WÄR;01a02690-0cc3-70e2-9a00-de27a9ea1336;Luca-Dante Spadafora
01a02690-22e3-7064-9388-10347bbe84d2;WIR SIND DIE DEUTSCHEN;01a02690-0cc3-70e2-9a00-de27a9ea1336;Luca-Dante Spadafora
01a02690-22eb-71cc-a5a4-306d046bbb6f;Danza Kuduro;01a02690-0cc3-70e2-9a00-de287bacf089;Lucenzo
01a02690-22eb-71cc-a5a4-306ee0bf54f7;Fuertes Declaraciones;01a02690-0cc3-70e2-9a00-de291548061d;Lucero
01a02690-22ea-7193-8a3e-1bd85312566b;Baby, Can I Hold You Tonight;01a02690-0cc3-70e2-9a00-de2ae50d6327;Luciano Pavarotti
01a02690-22e3-7064-9388-101f2afd6f0d;VOLTAGE;01a02690-0cc3-70e2-9a00-de2bcabddc03;Lucky Lilac (CV: Yuki Nakashima)
01a02690-22eb-71cc-a5a4-306fca7827ba;My Life;01a02690-0cc3-70e2-9a00-de2c2f99d329;LuckyStar
01a02690-22e6-772f-ba89-ecf7aaa795d3;Experience;01a02690-0cc3-70e2-9a00-de2ddc7ddb35;Ludovico Einaudi
01a02690-22e5-74eb-8ac8-9f3ba72be3db;Una mattina;01a02690-0cc3-70e2-9a00-de2ddc7ddb35;Ludovico Einaudi
01a02690-22eb-71cc-a5a4-3070ecc85b29;Odysseus;01a02690-0cc3-70e2-9a00-de2eded7288a;Ludwig Göransson
01a02690-22eb-71cc-a5a4-30710b8d3378;Sirens;01a02690-0cc3-70e2-9a00-de2eded7288a;Ludwig Göransson
01a02690-22e8-7496-8881-bf26e71e2370;CAMBIARÉ;01a02690-0cc3-70e2-9a00-de2f88db3fe3;Luis Fonsi
01a02690-22eb-71cc-a5a4-3072b71f8ca7;Me Despido;01a02690-0cc3-70e2-9a00-de2f88db3fe3;Luis Fonsi
01a02690-22e6-772f-ba89-eca4f4fdf6d6;MELODRAMMATICA;01a02690-0cc3-70e2-9a00-de30befd6903;Luk3
01a02690-22eb-71cc-a5a4-307396659876;Country And She Knows It;01a02690-0cc3-70e2-9a00-de31f15db566;Luke Bryan
01a02690-22eb-71cc-a5a4-3074e7c4b4ed;Made It A Memory;01a02690-0cc3-70e2-9a00-de31f15db566;Luke Bryan
01a02690-22eb-71cc-a5a4-30751d3a7501;Signs;01a02690-0cc3-70e2-9a00-de31f15db566;Luke Bryan
01a02690-22eb-71cc-a5a4-3076654836a0;15 Minutes;01a02690-0cc3-70e2-9a00-de3281479caf;Luke Combs
01a02690-22eb-71cc-a5a4-3077db48aa32;Back in the Saddle;01a02690-0cc3-70e2-9a00-de3281479caf;Luke Combs
01a02690-22eb-71cc-a5a4-3078bcb17516;Be By You;01a02690-0cc3-70e2-9a00-de3281479caf;Luke Combs
01a02690-22eb-71cc-a5a4-307933a62b2c;Days Like These;01a02690-0cc3-70e2-9a00-de3281479caf;Luke Combs
01a02690-22eb-71cc-a5a4-307a4de985f7;Giving Her Away;01a02690-0cc3-70e2-9a00-de3281479caf;Luke Combs
01a02690-22eb-71cc-a5a4-307b1a79d3bf;I Ain't No Cowboy;01a02690-0cc3-70e2-9a00-de3281479caf;Luke Combs
01a02690-22eb-71cc-a5a4-307c2000e638;My Kinda Saturday Night;01a02690-0cc3-70e2-9a00-de3281479caf;Luke Combs
01a02690-22eb-71cc-a5a4-307d5ab15101;Rethink Some Things;01a02690-0cc3-70e2-9a00-de3281479caf;Luke Combs
01a02690-22eb-71cc-a5a4-307e448c6331;Sleepless in a Hotel Room;01a02690-0cc3-70e2-9a00-de3281479caf;Luke Combs
01a02690-22eb-71cc-a5a4-307fe0057081;The Way I Am;01a02690-0cc3-70e2-9a00-de3281479caf;Luke Combs
01a02690-22eb-71cc-a5a4-3080524eb862;Where the Wild Things Are;01a02690-0cc3-70e2-9a00-de3281479caf;Luke Combs
01a02690-22eb-71cc-a5a4-30818a395059;Wish Upon a Whiskey;01a02690-0cc3-70e2-9a00-de3281479caf;Luke Combs
01a02690-22eb-71cc-a5a4-308206baa1e6;Drink Drink Drink;01a02690-0cc3-70e2-9a00-de33947763af;Luke Grimes
01a02690-22eb-71cc-a5a4-3083dc753195;Haunted;01a02690-0cc3-70e2-9a00-de33947763af;Luke Grimes
01a02690-22e5-74eb-8ac8-9f1a013b5bd3;Butterflies;01a02690-0cc3-70e2-9a00-de34f1f5e9ff;Luna Azul
01a02690-22eb-71cc-a5a4-308448691ae8;Dance With My Father;01a02690-0cc3-70e2-9a00-de3500fbba3e;Luther Vandross
01a02690-22e6-772f-ba89-ec499f3fc58e;Take Me Back;01a02690-0cc3-70e2-9a00-de36bbefd422;Luv Foundation (UK)
01a02690-22eb-71cc-a5a4-3085e72051b0;Love Me Where It Hurts;01a02690-0cc3-70e2-9a00-de3707965d4a;Luz
01a02690-22eb-71cc-a5a4-3086f93786bc;Happiness Is So Sad;01a02690-0cc3-70e2-9a00-de38dc6872c2;Lykke Li
01a02690-22eb-71cc-a5a4-30874c7f570e;Knife In The Heart;01a02690-0cc3-70e2-9a00-de38dc6872c2;Lykke Li
01a02690-22eb-71cc-a5a4-30887951035a;Lucky Again;01a02690-0cc3-70e2-9a00-de38dc6872c2;Lykke Li
01a02690-22eb-71cc-a5a4-308909cc89ed;Sick Of Love;01a02690-0cc3-70e2-9a00-de38dc6872c2;Lykke Li
01a02690-22eb-71cc-a5a4-308a25e4e893;North Wind Calls;01a02690-0cc3-70e2-9a00-de39ac1ccd82;Lynn Melodi
01a02690-22eb-71cc-a5a4-308b7647c47e;Free Bird;01a02690-0cc3-70e2-9a00-de3aaa1b358b;Lynyrd Skynyrd
01a02690-22eb-71cc-a5a4-308c41ab6ef3;Les étoiles;01a02690-0cc3-70e2-9a00-de3b016c551c;Léman
01a02690-22e5-74eb-8ac8-9f1ba565fb8e;Dai Dai;01a02690-0cc3-70e2-9a00-de3c977e7d99;Léo Santana
01a02690-22e7-71eb-b833-30ccddf15f5f;HAPPY FEELS LIKE;01a02690-0cc3-70e2-9a00-de3dc90d452d;Lø Spirit
01a02690-22eb-71cc-a5a4-308de86ec36f;Bakuretsu Aishiteru;01a02690-0cc3-70e2-9a00-de3e800dc565;M!LK
01a02690-22eb-71cc-a5a4-308e787612e4;E Jan;01a02690-0cc3-70e2-9a00-de3e800dc565;M!LK
01a02690-22eb-71cc-a5a4-308fba706b54;IDOLPOWER;01a02690-0cc3-70e2-9a00-de3e800dc565;M!LK
01a02690-22eb-71cc-a5a4-30908becd784;Maji Destiny;01a02690-0cc3-70e2-9a00-de3e800dc565;M!LK
01a02690-22eb-71cc-a5a4-3091c4e1e2bf;Shiozaki Wonderland;01a02690-0cc3-70e2-9a00-de3e800dc565;M!LK
01a02690-22eb-71cc-a5a4-3092dcaafaa7;Sukisugite METSU;01a02690-0cc3-70e2-9a00-de3e800dc565;M!LK
01a02690-22eb-71cc-a5a4-3093bb9ef342;Tsumi to Batsu to Ame to Kiss;01a02690-0cc3-70e2-9a00-de3e800dc565;M!LK
01a02690-22e7-71eb-b833-3088d6e7e067;Yes Tokyo;01a02690-0cc3-70e2-9a00-de3e800dc565;M!LK
01a02690-22e7-71eb-b833-30871d2bae5d;Yes 東京;01a02690-0cc3-70e2-9a00-de3e800dc565;M!LK
01a02690-22eb-71cc-a5a4-3094b68ecd55;YouJoyParade;01a02690-0cc3-70e2-9a00-de3e800dc565;M!LK
01a02690-22eb-71cc-a5a4-30956d83586b;好きすぎて滅;01a02690-0cc3-70e2-9a00-de3e800dc565;M!LK
01a02690-22eb-71cc-a5a4-3096b525dc58;爆裂愛してる;01a02690-0cc3-70e2-9a00-de3e800dc565;M!LK
01a02690-22eb-71cc-a5a4-3097f3d44c22;Quand même;01a02690-0cc3-70e2-9a00-de3fc924c2e5;M. Pokora
01a02690-22eb-71cc-a5a4-309856959f13;Gg Ez;01a02690-0cc3-70e2-9a00-de40484af13d;M.Sasuke
01a02690-22eb-71cc-a5a4-3099029b6bb1;Outro;01a02690-0cc3-70e2-9a00-de41c2db7e9d;M83
01a02690-22eb-71cc-a5a4-309afaff3846;4 Flowers;01a02690-0cc3-70e2-9a00-de422d9c1467;MAMAMOO
01a02690-22eb-71cc-a5a4-309bad23b483;Blooming;01a02690-0cc3-70e2-9a00-de422d9c1467;MAMAMOO
01a02690-22e2-7774-a1a3-e4d2e7cdd23d;夢ノ聖火;01a02690-0cc3-70e2-9a00-de4311f47297;MASATO HIJIRIKAWA(CV.Kenichi Suzumura)
01a02690-22e8-7496-8881-bf479f2730d3;SSAK;01a02690-0cc3-70e2-9a00-de44f274cd6e;MASON HOME
01a02690-22eb-71cc-a5a4-309c7401644e;BANQUET BANG;01a02690-0cc3-70e2-9a00-de453b23d864;MAZZEL
01a02690-22eb-71cc-a5a4-309df2222672;Get Up And Dance;01a02690-0cc3-70e2-9a00-de453b23d864;MAZZEL
01a02690-22eb-71cc-a5a4-309eda516135;So Strawberry;01a02690-0cc3-70e2-9a00-de453b23d864;MAZZEL
01a02690-22e5-74eb-8ac8-9ef64ce8174f;Angels Above Me;01a02690-0cc3-70e2-9a00-de4673943967;MDB
01a02690-22eb-71cc-a5a4-309fa142435b;Best Match;01a02690-0cc3-70e2-9a00-de4769d728d1;ME:I
01a02690-22eb-71cc-a5a4-30a05baded9e;Flower Road;01a02690-0cc3-70e2-9a00-de4769d728d1;ME:I
01a02690-22eb-71cc-a5a4-30a1789ec3ad;L&R;01a02690-0cc3-70e2-9a00-de4769d728d1;ME:I
01a02690-22eb-71cc-a5a4-30a2854b8fa7;Update ME;01a02690-0cc3-70e2-9a00-de4769d728d1;ME:I
01a02690-22eb-71cc-a5a4-30a3587195c1;Don’t Wanna Go Home;01a02690-0cc3-70e2-9a00-de48a3889b7a;MEDUZA
01a02690-22e7-71eb-b833-308407ad2bc4;Silence;01a02690-0cc3-70e2-9a00-de48a3889b7a;MEDUZA
01a02690-22ea-7193-8a3e-1c8143d26bb8;Weekend;01a02690-0cc3-70e2-9a00-de48a3889b7a;MEDUZA
01a02690-22eb-71cc-a5a4-30a4ce6a200c;Fabulous;01a02690-0cc3-70e2-9a00-de4964b1714b;MEEK
01a02690-22eb-71cc-a5a4-30a5f0e7a773;Aquarium;01a02690-0cc3-70e2-9a00-de4abb49a505;MELLOW DEAR US
01a02690-22eb-71cc-a5a4-30a6a5b72036;BUBBLE GUM DANCE;01a02690-0cc3-70e2-9a00-de4abb49a505;MELLOW DEAR US
01a02690-22eb-71cc-a5a4-30a7bed4e64b;Dear World;01a02690-0cc3-70e2-9a00-de4abb49a505;MELLOW DEAR US
01a02690-22eb-71cc-a5a4-30a8c966b27a;Femme fatale;01a02690-0cc3-70e2-9a00-de4abb49a505;MELLOW DEAR US
01a02690-22eb-71cc-a5a4-30a939343a7a;Mellow Addiction;01a02690-0cc3-70e2-9a00-de4abb49a505;MELLOW DEAR US
01a02690-22e7-71eb-b833-309c83690e6c;Stranger's Sun;01a02690-0cc3-70e2-9a00-de4abb49a505;MELLOW DEAR US
01a02690-22e6-772f-ba89-ece429b41179;Blue;01a02690-0cc3-70e2-9a00-de4b5b6c6054;MILLENNIUM PARADE
01a02690-22e8-7496-8881-bf479f2730d3;SSAK;01a02690-0cc3-70e2-9a00-de4c941fafd8;MILLI
01a02690-22eb-71cc-a5a4-30aadc546226;Flawless;01a02690-0cc3-70e2-9a00-de4d69c1e885;MINHO
01a02690-22eb-71cc-a5a4-30abbfa332ca;Sunkissed;01a02690-0cc3-70e2-9a00-de4d69c1e885;MINHO
01a02690-22eb-71cc-a5a4-30ac797beb9e;Confetti;01a02690-0cc3-70e2-9a00-de4eb913f807;MISAMO
01a02690-22eb-71cc-a5a4-30ade4a9f31f;Ma Cherry;01a02690-0cc3-70e2-9a00-de4eb913f807;MISAMO
01a02690-22eb-71cc-a5a4-30ae0a1f57f4;Turning Tables;01a02690-0cc3-70e2-9a00-de4eb913f807;MISAMO
01a02690-22eb-71cc-a5a4-30af53634867;Last dance anatato;01a02690-0cc3-70e2-9a00-de4fc4069ffd;MISIA
01a02690-22eb-71cc-a5a4-30b0029f0126;THE LAST DANCE WITH YOU;01a02690-0cc3-70e2-9a00-de4fc4069ffd;MISIA
01a02690-22eb-71cc-a5a4-30b160a0d256;Yoru wo Wataru Tori;01a02690-0cc3-70e2-9a00-de4fc4069ffd;MISIA
01a02690-22eb-71cc-a5a4-30b221f44d20;ラストダンスあなたと;01a02690-0cc3-70e2-9a00-de4fc4069ffd;MISIA
01a02690-22eb-71cc-a5a4-30b33969e913;夜を渡る鳥;01a02690-0cc3-70e2-9a00-de4fc4069ffd;MISIA
01a02690-22eb-71cc-a5a4-30b4a94d556a;Hello;01a02690-0cc3-70e2-9a00-de5045001a57;MIZMO
01a02690-22eb-71cc-a5a4-30b52ee1712f;Ghosting;01a02690-0cc3-70e2-9a00-de51471b3d12;MJ
01a02690-22eb-71cc-a5a4-30b6cf040ea4;Shake It To The Max;01a02690-0cc3-70e2-9a00-de5217d5be0e;MOLIY
01a02690-22eb-71cc-a5a4-30b7d46c4bd6;Optimist;01a02690-0cc3-70e2-9a00-de537d3cc9da;MOLLY SUE
01a02690-22eb-71cc-a5a4-30b8fa2e1393;Honmayade Nandeyanen Shirankedo;01a02690-0cc3-70e2-9a00-de5404efb71c;MONAKI
01a02690-22ea-7193-8a3e-1c1a023b4262;Unstoppable;01a02690-0cc3-70e2-9a00-de5543ef5f74;MONKEY MAJIK
01a02690-22eb-71cc-a5a4-30b91a9cdaaf;heal;01a02690-0cc3-70e2-9a00-de56bf8f40b5;MONSTA X
01a02690-22eb-71cc-a5a4-30ba5c865471;I Don't Understand;01a02690-0cc3-70e2-9a00-de573ecb5803;MT Jones
01a02690-22eb-71cc-a5a4-30bb7ed66fe1;So What;01a02690-0cc3-70e2-9a00-de584c95d600;MUNA
01a02690-22eb-71cc-a5a4-30bcd53d57ed;Why Red Induction;01a02690-0cc3-70e2-9a00-de5936fb9cb3;MYTH
01a02690-22eb-71cc-a5a4-30bd720de647;Ender Ember;01a02690-0cc3-70e2-9a00-de5a59699f38;MYTH & ROID
01a02690-22eb-71cc-a5a4-30be2f9d2992;Tokei;01a02690-0cc3-70e2-9a00-de5b7a6d03f2;Maaya Sakamoto
01a02690-22e3-7064-9388-1060d87fee89;Wrecking Ball;01a02690-0cc3-70e2-9a00-de5ce7403b74;Mac Glocky
01a02690-22e5-74eb-8ac8-9e9a6b7e9262;Revenger;01a02690-0cc3-70e2-9a00-de5d1d92fe08;Machine Head
01a02690-22eb-71cc-a5a4-30bf657ad041;Pouring;01a02690-0cc3-70e2-9a00-de5ea0f35aa6;Mack Geiger
01a02690-22eb-71cc-a5a4-30c09d73b7f0;DISINCANTO;01a02690-0cc3-70e2-9a00-de5f2c85652a;Madame
01a02690-22eb-71cc-a5a4-30c13425df51;bittersweet;01a02690-0cc3-70e2-9a00-de60df6be1f0;Madison Beer
01a02690-22eb-71cc-a5a4-30c2fe4b0466;Betrayal;01a02690-0cc3-70e2-9a00-de61cfcd3029;Madonna
01a02690-22eb-71cc-a5a4-30c3b0bfef60;Bizarre;01a02690-0cc3-70e2-9a00-de61cfcd3029;Madonna
01a02690-22e9-71a4-af72-5c3a55cfd84b;Bring Your Love;01a02690-0cc3-70e2-9a00-de61cfcd3029;Madonna
01a02690-22eb-71cc-a5a4-30c42387dd23;Danceteria;01a02690-0cc3-70e2-9a00-de61cfcd3029;Madonna
01a02690-22eb-71cc-a5a4-30c5bb28b45e;Fragile;01a02690-0cc3-70e2-9a00-de61cfcd3029;Madonna
01a02690-22eb-71cc-a5a4-30c693a4e097;Good For The Soul;01a02690-0cc3-70e2-9a00-de61cfcd3029;Madonna
01a02690-22eb-71cc-a5a4-30c7bc023b19;Hung Up;01a02690-0cc3-70e2-9a00-de61cfcd3029;Madonna
01a02690-22eb-71cc-a5a4-30c88201cd4e;I Feel So Free;01a02690-0cc3-70e2-9a00-de61cfcd3029;Madonna
01a02690-22eb-71cc-a5a4-30c9abc47761;Into the Groove;01a02690-0cc3-70e2-9a00-de61cfcd3029;Madonna
01a02690-22eb-71cc-a5a4-30ca3f078eb1;L.E.S. Girl;01a02690-0cc3-70e2-9a00-de61cfcd3029;Madonna
01a02690-22eb-71cc-a5a4-30cb6573b84d;LA BAMBOLA;01a02690-0cc3-70e2-9a00-de61cfcd3029;Madonna
01a02690-22ea-7193-8a3e-1bd16d91f1d2;Like a Prayer;01a02690-0cc3-70e2-9a00-de61cfcd3029;Madonna
01a02690-22eb-71cc-a5a4-30cce3a02761;Live to Tell;01a02690-0cc3-70e2-9a00-de61cfcd3029;Madonna
01a02690-22eb-71cc-a5a4-2fda978b23e6;Love Sensation;01a02690-0cc3-70e2-9a00-de61cfcd3029;Madonna
01a02690-22eb-71cc-a5a4-30cd0c04145b;Love Without Words;01a02690-0cc3-70e2-9a00-de61cfcd3029;Madonna
01a02690-22eb-71cc-a5a4-30cec50305af;My Sins Are My Savior;01a02690-0cc3-70e2-9a00-de61cfcd3029;Madonna
01a02690-22eb-71cc-a5a4-30cf202a2c36;One Step Away;01a02690-0cc3-70e2-9a00-de61cfcd3029;Madonna
01a02690-22e8-7496-8881-bf27ec0b770c;Read My Lips;01a02690-0cc3-70e2-9a00-de61cfcd3029;Madonna
01a02690-22eb-71cc-a5a4-30d0d07e15f9;Vogue;01a02690-0cc3-70e2-9a00-de61cfcd3029;Madonna
01a02690-22eb-71cc-a5a4-30d1780d5d79;Asleep Talking;01a02690-0cc3-70e2-9a00-de62429efe58;Magnus Ferrell
01a02690-22e9-71a4-af72-5beadaf7b1c0;Qalbi Fil Madinah;01a02690-0cc3-70e2-9a00-de639dfe559b;Maher Zain
01a02690-22eb-71cc-a5a4-30d2e5e95d6c;Rahmatun Lil'Alameen;01a02690-0cc3-70e2-9a00-de639dfe559b;Maher Zain
01a02690-22eb-71cc-a5a4-30d334e48df5;Ramadan;01a02690-0cc3-70e2-9a00-de639dfe559b;Maher Zain
01a02690-22e8-7496-8881-bf28f0af784a;Te Entiendo;01a02690-0cc3-70e2-9a00-de64cd14a742;Maisak
01a02690-22eb-71cc-a5a4-30d43a9da99f;Kingmaker;01a02690-0cc3-70e2-9a00-de65fa0d223c;Maisie Peters
01a02690-22eb-71cc-a5a4-30d5ffe53a48;My Regards;01a02690-0cc3-70e2-9a00-de65fa0d223c;Maisie Peters
01a02690-22eb-71cc-a5a4-30d691f7cc21;Der Morgen danach;01a02690-0cc3-70e2-9a00-de6653c8d96e;Maite Kelly
01a02690-22eb-71cc-a5a4-30d7179ad188;Ein Kuss in Paris;01a02690-0cc3-70e2-9a00-de6653c8d96e;Maite Kelly
01a02690-22eb-71cc-a5a4-30d86cdb4de3;Frei;01a02690-0cc3-70e2-9a00-de6653c8d96e;Maite Kelly
01a02690-22eb-71cc-a5a4-30d910e71034;Warum hast du nicht nein gesagt;01a02690-0cc3-70e2-9a00-de6653c8d96e;Maite Kelly
01a02690-22eb-71cc-a5a4-30daf4e26a57;Earrings;01a02690-0cc4-742e-86ec-7dabb5d20b95;Malcolm Todd
01a02690-22e7-71eb-b833-302b4c91c66c;Dancing with the Enemy;01a02690-0cc4-742e-86ec-7dac0f4d4d97;Malia Baker
01a02690-22eb-71cc-a5a4-30dbb584cf7e;animali notturni;01a02690-0cc4-742e-86ec-7dad71b25c8a;Malika Ayane
01a02690-22ea-7193-8a3e-1bccf14744ee;Edge of Desire;01a02690-0cc4-742e-86ec-7dae9d219496;Malive
01a02690-22eb-71cc-a5a4-30dc95cae6e3;Just The Way You Are;01a02690-0cc4-742e-86ec-7daf0f9a45f8;Mall Grab
01a02690-22ea-7193-8a3e-1c39f244c0e4;1+1;01a02690-0cc4-742e-86ec-7db05b45219d;Maluma
01a02690-22eb-71cc-a5a4-30dd4536cf7b;Apambichao;01a02690-0cc4-742e-86ec-7db05b45219d;Maluma
01a02690-22eb-71cc-a5a4-30de270e37de;Con el Corazón;01a02690-0cc4-742e-86ec-7db05b45219d;Maluma
01a02690-22e8-7496-8881-bf28f0af784a;Te Entiendo;01a02690-0cc4-742e-86ec-7db05b45219d;Maluma
01a02690-22eb-71cc-a5a4-30dfee103a6f;Define Myself;01a02690-0cc4-742e-86ec-7db1d9775cf6;Mandi Fisher
01a02690-22eb-71cc-a5a4-30e0eaba9f44;Y Viva España;01a02690-0cc4-742e-86ec-7db2dddfb682;Manolo Escobar
01a02690-22eb-71cc-a5a4-30e19f9a36a5;Le Petit Pêcheur;01a02690-0cc4-742e-86ec-7db3871f070f;Manon Lisa
01a02690-22e7-71eb-b833-301c2295d4b7;Prophesy;01a02690-0cc4-742e-86ec-7db4f4368cf0;Mantle Music The Company of Prophets
01a02690-22ea-7193-8a3e-1c0a11e27cdd;Viajando Por El Mundo;01a02690-0cc4-742e-86ec-7db59609cd49;Manu Chao
01a02690-22eb-71cc-a5a4-30dd4536cf7b;Apambichao;01a02690-0cc4-742e-86ec-7db657457249;Manuel Turizo
01a02690-22eb-71cc-a5a4-30e2f9124592;Por un Pendejo no se llora;01a02690-0cc4-742e-86ec-7db657457249;Manuel Turizo
01a02690-22e9-71a4-af72-5c01942f51e3;Sugar Flavor;01a02690-0cc4-742e-86ec-7db76ade3add;Mao Arimura
01a02690-22e4-7376-a60c-b99d956a11e0;TRIPPIN;01a02690-0cc4-742e-86ec-7db8ea06b2f5;Mapei
01a02690-22eb-71cc-a5a4-30e318d004b9;Circle With Me;01a02690-0cc4-742e-86ec-7db9b2eaf263;Maphra
01a02690-22eb-71cc-a5a4-30e419e0dc04;Doomed;01a02690-0cc4-742e-86ec-7db9b2eaf263;Maphra
01a02690-22eb-71cc-a5a4-30e56daad36e;Zwischen den Scherben;01a02690-0cc4-742e-86ec-7dba102dc2ce;MarEmi2526
01a02690-22eb-71cc-a5a4-30e6ff2661fc;Blessed Assurance;01a02690-0cc4-742e-86ec-7dbb804031fc;Mara Justine
01a02690-22e8-7496-8881-bf9209022348;Something's Gotten Hold of My Heart;01a02690-0cc4-742e-86ec-7dbc38aa6135;Marc Almond
01a02690-22eb-71cc-a5a4-30e70df0110c;Como en el Idilio;01a02690-0cc4-742e-86ec-7dbd91674ee9;Marc Anthony
01a02690-22e3-7064-9388-0fd05b9d3bf6;Mon Amour;01a02690-0cc4-742e-86ec-7dbe7ad00419;Marc Eggers
01a02690-22eb-71cc-a5a4-30e8a9b825cf;Your New Morning Alarm;01a02690-0cc4-742e-86ec-7dbf3c343d59;Marc Rebillet
01a02690-22eb-71cc-a5a4-30e9a09e2643;No One Knows My Name;01a02690-0cc4-742e-86ec-7dc056175a03;Marc Scibilia
01a02690-22eb-71cc-a5a4-30ea30489416;One More Chance;01a02690-0cc4-742e-86ec-7dc13bc719cc;Marc Sommerfeld
01a02690-22e3-7064-9388-101f2afd6f0d;VOLTAGE;01a02690-0cc4-742e-86ec-7dc27c2c5d9f;Marche Lorraine (CV: Tsukino Chikasada)
01a02690-22eb-71cc-a5a4-30eb75282778;You;01a02690-0cc4-742e-86ec-7dc390829684;Marcia Hines
01a02690-22e8-7496-8881-bf255473dd50;MALE NECESSARIO;01a02690-0cc4-742e-86ec-7dc4c58b46d3;Marco Masini
01a02690-22eb-71cc-a5a4-30ecef3d328a;Deze Nacht;01a02690-0cc4-742e-86ec-7dc5456f1c40;Marco Schuitmaker
01a02690-22eb-71cc-a5a4-30ed9dea025d;Engelbewaarder;01a02690-0cc4-742e-86ec-7dc5456f1c40;Marco Schuitmaker
01a02690-22eb-71cc-a5a4-30ee7cec2421;Loesoe;01a02690-0cc4-742e-86ec-7dc5456f1c40;Marco Schuitmaker
01a02690-22e6-772f-ba89-ecc7abb00dc0;Schutzengel;01a02690-0cc4-742e-86ec-7dc5456f1c40;Marco Schuitmaker
01a02690-22eb-71cc-a5a4-30ef6a276c85;Weightless;01a02690-0cc4-742e-86ec-7dc605483a95;Marconi Union
01a02690-22eb-71cc-a5a4-30dfee103a6f;Define Myself;01a02690-0cc4-742e-86ec-7dc7a1873452;Marcus Maison
01a02690-22e3-7064-9388-0feeb0b91fdf;una voz;01a02690-0cc4-742e-86ec-7dc86379a4df;Maria Paola Ortega
01a02690-22eb-71cc-a5a4-2fde205ccfa7;Now, Forever;01a02690-0cc4-742e-86ec-7dc94037a9e4;Maria Wirries
01a02690-22eb-71cc-a5a4-30f0f8a34f45;All I Want for Christmas Is You;01a02690-0cc4-742e-86ec-7dcabedbf26b;Mariah Carey
01a02690-22eb-71cc-a5a4-30f1c3e1d3fe;Didn't Mean To Turn You On;01a02690-0cc4-742e-86ec-7dcabedbf26b;Mariah Carey
01a02690-22eb-71cc-a5a4-30f2c7c52b26;Volare / Nothing Is Impossible;01a02690-0cc4-742e-86ec-7dcabedbf26b;Mariah Carey
01a02690-22ea-7193-8a3e-1c3073523d9e;Is It a Crime;01a02690-0cc4-742e-86ec-7dcb5a8934bf;Mariah the Scientist
01a02690-22eb-71cc-a5a4-30f387ae2780;Exit Wound;01a02690-0cc4-742e-86ec-7dcc69945853;Marilyn Manson
01a02690-22eb-71cc-a5a4-30f4773ab4ed;Front Toward Enemy;01a02690-0cc4-742e-86ec-7dcc69945853;Marilyn Manson
01a02690-22eb-71cc-a5a4-30f5ed500d40;Liebe fühlt sich anders an;01a02690-0cc4-742e-86ec-7dcdc8c41205;Marina Marx
01a02690-22eb-71cc-a5a4-30f6df7a0d1f;If heaven has a park;01a02690-0cc4-742e-86ec-7dce8bee2b85;Marina Sway
01a02690-22eb-71cc-a5a4-301309c42a7d;Ach was, ich wag das;01a02690-0cc4-742e-86ec-7dcf0aff2708;Mark
01a02690-22eb-71cc-a5a4-30f7942d9490;Ein Lied;01a02690-0cc4-742e-86ec-7dd09a020e87;Mark Forster
01a02690-22e7-71eb-b833-31221fc31cca;Neuer Tag;01a02690-0cc4-742e-86ec-7dd09a020e87;Mark Forster
01a02690-22eb-71cc-a5a4-30f851160f7f;So wie du warst;01a02690-0cc4-742e-86ec-7dd09a020e87;Mark Forster
01a02690-22ec-7440-b13d-637a5ba91fcb;Unter einen Hut;01a02690-0cc4-742e-86ec-7dd09a020e87;Mark Forster
01a02690-22ec-7440-b13d-637b701af121;Back into the Sun;01a02690-0cc4-742e-86ec-7dd1d4d17f81;Mark Medlock
01a02690-22ec-7440-b13d-637c37ead0b8;You Can Get It;01a02690-0cc4-742e-86ec-7dd1d4d17f81;Mark Medlock
01a02690-22ec-7440-b13d-637d16ea3610;Return of the Mack;01a02690-0cc4-742e-86ec-7dd2d0dd6cbf;Mark Morrison
01a02690-22ec-7440-b13d-637ebb4b7076;Uptown Funk;01a02690-0cc4-742e-86ec-7dd3c3c2e615;Mark Ronson
01a02690-22ec-7440-b13d-637f265604a5;Alone;01a02690-0cc4-742e-86ec-7dd4dd7b1175;Mark Tuan
01a02690-22e6-772f-ba89-ecc7abb00dc0;Schutzengel;01a02690-0cc4-742e-86ec-7dd5b88be174;Markus Becker
01a02690-22ec-7440-b13d-63803ded08b6;Fantastico;01a02690-0cc4-742e-86ec-7dd606f87bf9;Markus Rotano
01a02690-22e8-7496-8881-bfaa254af85d;Falling Slowly;01a02690-0cc4-742e-86ec-7dd7ff1183f6;Markéta Irglová
01a02690-22e5-74eb-8ac8-9f085772af1a;Die With A Smile;01a02690-0cc4-742e-86ec-7dd850a1db77;Marlon Caro
01a02690-22e6-772f-ba89-ecc6ce771fb6;Makina Time;01a02690-0cc4-742e-86ec-7dd9bd9c45bb;Marlon Hoffstadt
01a02690-22e9-71a4-af72-5c5a9dc70e8a;Sunday Morning;01a02690-0cc4-742e-86ec-7ddaae1ddec6;Maroon 5
01a02690-22e8-7496-8881-bf9a912c3ed8;AMERICA INC.;01a02690-0cc4-742e-86ec-7ddb86aab2ed;Marracash
01a02690-22ec-7440-b13d-63813144b0fa;Thought of You;01a02690-0cc4-742e-86ec-7ddcccefe13e;Marshall Hamburger
01a02690-22ea-7193-8a3e-1c6776d8c394;Another Drink;01a02690-0cc4-742e-86ec-7ddd0f8ece0f;Marshmello
01a02690-22ec-7440-b13d-6382ade89ab9;Where We Go;01a02690-0cc4-742e-86ec-7ddd0f8ece0f;Marshmello
01a02690-22e4-7376-a60c-b9fc20fef342;Gappie Sappie;01a02690-0cc4-742e-86ec-7dde51a4c62f;Mart Hoogkamer
01a02690-22ec-7440-b13d-63834de901f9;Kroegen in de Hemel;01a02690-0cc4-742e-86ec-7dde51a4c62f;Mart Hoogkamer
01a02690-22ec-7440-b13d-6384f2c03eae;9 Leben;01a02690-0cc4-742e-86ec-7ddf03a64265;Marteria
01a02690-22ec-7440-b13d-6385a33bfb6d;Sad Holiday;01a02690-0cc4-742e-86ec-7ddf03a64265;Marteria
01a02690-22ec-7440-b13d-6386c6a9eaf9;Otro Verano;01a02690-0cc4-742e-86ec-7de05e530e5a;Martin
01a02690-22eb-71cc-a5a4-30c3b0bfef60;Bizarre;01a02690-0cc4-742e-86ec-7de15d3d1723;Martin Garrix
01a02690-22ec-7440-b13d-6387b2f58a1c;Catharina;01a02690-0cc4-742e-86ec-7de15d3d1723;Martin Garrix
01a02690-22ec-7440-b13d-6388a61913f4;Fireflies;01a02690-0cc4-742e-86ec-7de15d3d1723;Martin Garrix
01a02690-22ec-7440-b13d-6389faec2c8b;High On Life;01a02690-0cc4-742e-86ec-7de15d3d1723;Martin Garrix
01a02690-22e7-71eb-b833-30b672590737;Repeat It;01a02690-0cc4-742e-86ec-7de15d3d1723;Martin Garrix
01a02690-22ec-7440-b13d-638a3dabe9f3;Independence Day;01a02690-0cc4-742e-86ec-7de2af376826;Martina McBride
01a02690-22ec-7440-b13d-638bc44aec8d;Jupiter;01a02690-0cc4-742e-86ec-7de3440a4464;Masaharu Fukuyama
01a02690-22ec-7440-b13d-638c546969f4;Kaikou;01a02690-0cc4-742e-86ec-7de3440a4464;Masaharu Fukuyama
01a02690-22ec-7440-b13d-638deca0a3cb;Niji;01a02690-0cc4-742e-86ec-7de414737099;Masaki Suda
01a02690-22ec-7440-b13d-638ea5fe3da6;back shot;01a02690-0cc4-742e-86ec-7de5d42ec1b0;Masanori Otoda
01a02690-22ec-7440-b13d-638f8963d6c2;Absolute Tyranny;01a02690-0cc4-742e-86ec-7de6dd183375;Masayoshi Soken
01a02690-22ec-7440-b13d-6390c50115a4;The Mirror;01a02690-0cc4-742e-86ec-7de6dd183375;Masayoshi Soken
01a02690-22ec-7440-b13d-639168083e5d;Barely Breathe;01a02690-0cc4-742e-86ec-7de7053ea586;Mason Crow
01a02690-22ec-7440-b13d-63923f0eaac2;I Got You;01a02690-0cc4-742e-86ec-7de7053ea586;Mason Crow
01a02690-22ec-7440-b13d-63933125501e;Boots on the Ground;01a02690-0cc4-742e-86ec-7de8d3123cd3;Massive Attack
01a02690-22ec-7440-b13d-6394ff9c7c0c;In the Ruins;01a02690-0cc4-742e-86ec-7de91c45b8ae;Mastodon
01a02690-22ec-7440-b13d-6395ada6bd80;Snakes for Dinner;01a02690-0cc4-742e-86ec-7de91c45b8ae;Mastodon
01a02690-22ec-7440-b13d-639669e684aa;Your Ghost Again;01a02690-0cc4-742e-86ec-7de91c45b8ae;Mastodon
01a02690-22ec-7440-b13d-6397b738dc4d;Weakness;01a02690-0cc4-742e-86ec-7dea6cc0fb78;Mat Kearney
01a02690-22ec-7440-b13d-6398bdec6351;Ich versuch's ja;01a02690-0cc4-742e-86ec-7deb75a6de5c;Matterz
01a02690-22ec-7440-b13d-6399cea1bb6f;Die Sterne lügen;01a02690-0cc4-742e-86ec-7decc0bae661;Matthias Reim
01a02690-22ec-7440-b13d-639a4c9aa5b5;Keine Freunde bleiben;01a02690-0cc4-742e-86ec-7decc0bae661;Matthias Reim
01a02690-22ec-7440-b13d-639b897b5d5b;Willkommen in meiner Zukunft;01a02690-0cc4-742e-86ec-7decc0bae661;Matthias Reim
01a02690-22e8-7496-8881-bfbc58440c8c;Maladie;01a02690-0cc4-742e-86ec-7dedd243a5f9;Mauvais Djo
01a02690-22ec-7440-b13d-639cb445405c;Pilé;01a02690-0cc4-742e-86ec-7dedd243a5f9;Mauvais Djo
01a02690-22e8-7496-8881-bf61563363d6;Ever Since U Left Me;01a02690-0cc4-742e-86ec-7dee9eb5ee8d;Max B
01a02690-22ec-7440-b13d-639d6f217387;GROSSSTADT;01a02690-0cc4-742e-86ec-7def6cac2244;Max Giesinger
01a02690-22ec-7440-b13d-639e22eaa589;Ich lieb' dich überhaupt nicht mehr;01a02690-0cc4-742e-86ec-7def6cac2244;Max Giesinger
01a02690-22ec-7440-b13d-639f176c8f3d;Better Me For You;01a02690-0cc4-742e-86ec-7df0ed358747;Max McNown
01a02690-22ec-7440-b13d-63a0f0889ab8;Done For;01a02690-0cc4-742e-86ec-7df0ed358747;Max McNown
01a02690-22ec-7440-b13d-63a1ddb016f8;Standstill;01a02690-0cc4-742e-86ec-7df0ed358747;Max McNown
01a02690-22e6-772f-ba89-ec499f3fc58e;Take Me Back;01a02690-0cc4-742e-86ec-7df0ed358747;Max McNown
01a02690-22ec-7440-b13d-63a2cb651b58;World Change Me;01a02690-0cc4-742e-86ec-7df0ed358747;Max McNown
01a02690-22e5-74eb-8ac8-9f65f1430d29;33 Max Verstappen;01a02690-0cc4-742e-86ec-7df1b451df2f;Maxx Power
01a02690-22ec-7440-b13d-63a31ebfe43c;God, can You hear me;01a02690-0cc4-742e-86ec-7df299febe41;May the Lord Studio
01a02690-22ec-7440-b13d-63a4af243937;Seven days;01a02690-0cc4-742e-86ec-7df299febe41;May the Lord Studio
01a02690-22ec-7440-b13d-63a511e1eda2;Tell me, how is Heaven;01a02690-0cc4-742e-86ec-7df299febe41;May the Lord Studio
01a02690-22ec-7440-b13d-63a6424d8188;Love Is the Strongest;01a02690-0cc4-742e-86ec-7df3147066f0;May'n
01a02690-22ec-7440-b13d-63a732619a77;如煙;01a02690-0cc4-742e-86ec-7df4bc76dbda;Mayday
01a02690-22eb-71cc-a5a4-2fdddd1a4c09;Daisuki No Bouquet;01a02690-0cc4-742e-86ec-7df5699fdb37;Mayu Sakuma (CV: Yui Makino)
01a02690-22ec-7440-b13d-63a8035b578a;Fade Into You;01a02690-0cc4-742e-86ec-7df6df065467;Mazzy Star
01a02690-22ec-7440-b13d-63a965ecb41e;Un Año Más;01a02690-0cc4-742e-86ec-7df74fb14e7c;Mecano
01a02690-22ec-7440-b13d-63aa6dae2d96;STRICT;01a02690-0cc4-742e-86ec-7df88aa80d17;Meechie Alexander
01a02690-22e5-74eb-8ac8-9f3e58024661;I Don't Care;01a02690-0cc4-742e-86ec-7df9d40d9d8e;Megadeth
01a02690-22ec-7440-b13d-63ab774183fa;Let There Be Shred;01a02690-0cc4-742e-86ec-7df9d40d9d8e;Megadeth
01a02690-22ec-7440-b13d-63ac04ba38c4;Puppet Parade;01a02690-0cc4-742e-86ec-7df9d40d9d8e;Megadeth
01a02690-22ec-7440-b13d-63ad964b4f40;Ride The Lightning;01a02690-0cc4-742e-86ec-7df9d40d9d8e;Megadeth
01a02690-22ec-7440-b13d-63ae3456f019;Tipping Point;01a02690-0cc4-742e-86ec-7df9d40d9d8e;Megadeth
01a02690-22ec-7440-b13d-63afd418bf2f;Cloud 9;01a02690-0cc4-742e-86ec-7dfab3d80e09;Megan Moroney
01a02690-22ec-7440-b13d-63b0d254fd34;Wish I Didn't;01a02690-0cc4-742e-86ec-7dfab3d80e09;Megan Moroney
01a02690-22ea-7193-8a3e-1bfcf65929cb;B.B.B.;01a02690-0cc4-742e-86ec-7dfb821ce327;Megan Thee Stallion
01a02690-22e3-7064-9388-1038fa2bd0d3;DNA;01a02690-0cc4-742e-86ec-7dfb821ce327;Megan Thee Stallion
01a02690-22ec-7440-b13d-63b1e1d9777f;Get In Girl;01a02690-0cc4-742e-86ec-7dfcf6f5d85a;Meghan Trainor
01a02690-22e5-74eb-8ac8-9f414871ab1c;TRACEN RAMEN;01a02690-0cc4-742e-86ec-7dfd2856adda;Meisho Doto (CV: Misaki Watada)
01a02690-22ec-7440-b13d-63b2958f8926;Attitude;01a02690-0cc4-742e-86ec-7dfe6e3b2aba;Melanie C
01a02690-22ec-7440-b13d-63b394d00389;Sweat;01a02690-0cc4-742e-86ec-7dfe6e3b2aba;Melanie C
01a02690-22ec-7440-b13d-63b492b07675;Undefeated Champion;01a02690-0cc4-742e-86ec-7dfe6e3b2aba;Melanie C
01a02690-22ec-7440-b13d-63b562de57b8;What Could Possibly Go Wrong;01a02690-0cc4-742e-86ec-7dfe6e3b2aba;Melanie C
01a02690-22ec-7440-b13d-63b6ebf2e118;DISNEY PRINCESS;01a02690-0cc4-742e-86ec-7dff223a330b;Melanie Martinez
01a02690-22ec-7440-b13d-63b7f703dee4;POSSESSION;01a02690-0cc4-742e-86ec-7dff223a330b;Melanie Martinez
01a02690-22ec-7440-b13d-63b8eddf48d8;Hoamat in mir;01a02690-0cc4-742e-86ec-7e00fae987fd;Melissa Naschenweng
01a02690-22ec-7440-b13d-63b92537735c;THE BLACK MARK;01a02690-0cc4-742e-86ec-7e01d46c1b3d;MelodiZenith
01a02690-22e6-772f-ba89-ecc405d7872b;Mi Chico;01a02690-0cc4-742e-86ec-7e027ad2f72b;Melody
01a02690-22ec-7440-b13d-63baaaf2c960;Sonic Empire;01a02690-0cc4-742e-86ec-7e03032cf970;Members of Mayday
01a02690-22ec-7440-b13d-63bb4b3d3fc9;Down Under;01a02690-0cc4-742e-86ec-7e04248c782e;Men at Work
01a02690-22ec-7440-b13d-63bce3188959;It's Raining;01a02690-0cc4-742e-86ec-7e053fed5915;Menallie
01a02690-22ec-7440-b13d-63bddfa8ac33;La chanson d'amour;01a02690-0cc4-742e-86ec-7e06f196240c;Mentissa
01a02690-22ec-7440-b13d-63bec389f15e;Even If;01a02690-0cc4-742e-86ec-7e075e4cc593;MercyMe
01a02690-22eb-71cc-a5a4-2fd7ea250d1c;PARTENOPE;01a02690-0cc4-742e-86ec-7e08ccb93818;Merk
01a02690-22e9-71a4-af72-5c84aa3f4c2d;Shima No Uta;01a02690-0cc4-742e-86ec-7e09b45dab88;Mermaid(CV:Nanase Ayaka)
01a02690-22ec-7440-b13d-63bf8b78bf65;Usagi Rap;01a02690-0cc4-742e-86ec-7e09b45dab88;Mermaid(CV:Nanase Ayaka)
01a02690-22e9-71a4-af72-5c84aa3f4c2d;Shima No Uta;01a02690-0cc4-742e-86ec-7e0a21b2b1d2;Mermaid(CV:Oki Saeko)
01a02690-22ec-7440-b13d-63bf8b78bf65;Usagi Rap;01a02690-0cc4-742e-86ec-7e0a21b2b1d2;Mermaid(CV:Oki Saeko)
01a02690-22ec-7440-b13d-63c0c304d6b7;Exile;01a02690-0cc4-742e-86ec-7e0b4d9d092b;Mesh
01a02690-22ec-7440-b13d-63c168ee8ba5;Hey Stranger;01a02690-0cc4-742e-86ec-7e0b4d9d092b;Mesh
01a02690-22ec-7440-b13d-63c2d5ed6e8f;This World;01a02690-0cc4-742e-86ec-7e0b4d9d092b;Mesh
01a02690-22ec-7440-b13d-63c3d805b615;Enter Sandman;01a02690-0cc4-742e-86ec-7e0c5ef2149f;Metallica
01a02690-22ec-7440-b13d-63c47f2c95c8;Fixxxer;01a02690-0cc4-742e-86ec-7e0c5ef2149f;Metallica
01a02690-22ec-7440-b13d-63c546dfe415;Nothing Else Matters;01a02690-0cc4-742e-86ec-7e0c5ef2149f;Metallica
01a02690-22e8-7496-8881-bf3e0616b116;Niet Nodig;01a02690-0cc4-742e-86ec-7e0d69e7605a;Metejoor
01a02690-22ec-7440-b13d-63c6003559cb;Crush Forever;01a02690-0cc4-742e-86ec-7e0e463fa8bc;Metric
01a02690-22ec-7440-b13d-63c7b66809c5;Time Is A Bomb;01a02690-0cc4-742e-86ec-7e0e463fa8bc;Metric
01a02690-22ec-7440-b13d-63c884462148;Entropy;01a02690-0cc4-742e-86ec-7e0fd3e76681;Mew Suppasit
01a02690-22ec-7440-b13d-63c99150e224;IMPERFECT;01a02690-0cc4-742e-86ec-7e0fd3e76681;Mew Suppasit
01a02690-22ec-7440-b13d-63ca7f7113d4;Bonnie und Clyde;01a02690-0cc4-742e-86ec-7e10c6f9c6ed;Mia Julia
01a02690-22ec-7440-b13d-63cb41539f68;Perfectly;01a02690-0cc4-742e-86ec-7e11fde5ccaf;Micah Tyler
01a02690-22ec-7440-b13d-63ccc45f33b0;Glow;01a02690-0cc4-742e-86ec-7e12ad31d3c8;Michael Ball
01a02690-22e4-7376-a60c-b93707622b80;After I Pass Away;01a02690-0cc4-742e-86ec-7e135de21471;Michael Bennett
01a02690-22ec-7440-b13d-63cda29a3c1f;After I'm Gone;01a02690-0cc4-742e-86ec-7e135de21471;Michael Bennett
01a02690-22ec-7440-b13d-63ce74b72b79;Bad;01a02690-0cc4-742e-86ec-7e1433d43390;Michael Jackson
01a02690-22ec-7440-b13d-63cf06b34926;Beat It;01a02690-0cc4-742e-86ec-7e1433d43390;Michael Jackson
01a02690-22ec-7440-b13d-63d0fdedc858;Billie Jean;01a02690-0cc4-742e-86ec-7e1433d43390;Michael Jackson
01a02690-22ec-7440-b13d-63d11e7ab6f2;Black or White;01a02690-0cc4-742e-86ec-7e1433d43390;Michael Jackson
01a02690-22e8-7496-8881-bf74201f817a;Dangerous;01a02690-0cc4-742e-86ec-7e1433d43390;Michael Jackson
01a02690-22ec-7440-b13d-63d20d3e59cf;Dirty Diana;01a02690-0cc4-742e-86ec-7e1433d43390;Michael Jackson
01a02690-22ec-7440-b13d-63d329bbc932;Don't Stop 'Til You Get Enough;01a02690-0cc4-742e-86ec-7e1433d43390;Michael Jackson
01a02690-22ec-7440-b13d-63d4324bf7ba;Heal the World;01a02690-0cc4-742e-86ec-7e1433d43390;Michael Jackson
01a02690-22ec-7440-b13d-63d5d745ff0c;Human Nature;01a02690-0cc4-742e-86ec-7e1433d43390;Michael Jackson
01a02690-22ec-7440-b13d-63d6f13f08b8;Man In the Mirror;01a02690-0cc4-742e-86ec-7e1433d43390;Michael Jackson
01a02690-22ec-7440-b13d-63d7254177d3;P.Y.T.;01a02690-0cc4-742e-86ec-7e1433d43390;Michael Jackson
01a02690-22ec-7440-b13d-63d8eac93dbd;Remember the Time;01a02690-0cc4-742e-86ec-7e1433d43390;Michael Jackson
01a02690-22ec-7440-b13d-63d91e9881d5;Rock With You;01a02690-0cc4-742e-86ec-7e1433d43390;Michael Jackson
01a02690-22ec-7440-b13d-63dad3400a0c;Smooth Criminal;01a02690-0cc4-742e-86ec-7e1433d43390;Michael Jackson
01a02690-22ec-7440-b13d-63db66bdd6ba;The Way You Make Me Feel;01a02690-0cc4-742e-86ec-7e1433d43390;Michael Jackson
01a02690-22ec-7440-b13d-63dc9754473f;They Don't Care About Us;01a02690-0cc4-742e-86ec-7e1433d43390;Michael Jackson
01a02690-22ec-7440-b13d-63dda0599c63;Thriller;01a02690-0cc4-742e-86ec-7e1433d43390;Michael Jackson
01a02690-22ec-7440-b13d-63de668e3429;Wanna Be Startin' Somethin';01a02690-0cc4-742e-86ec-7e1433d43390;Michael Jackson
01a02690-22ec-7440-b13d-63df26dbd174;You Rock My World;01a02690-0cc4-742e-86ec-7e1433d43390;Michael Jackson
01a02690-22e6-772f-ba89-ec4407595092;Love In Exile;01a02690-0cc4-742e-86ec-7e1587f2f91d;Michael McDonald
01a02690-22ec-7440-b13d-63e01fe2528c;Run Free;01a02690-0cc4-742e-86ec-7e163cdb964e;Michael Patrick Kelly
01a02690-22ec-7440-b13d-63e101c037d9;The One;01a02690-0cc4-742e-86ec-7e163cdb964e;Michael Patrick Kelly
01a02690-22e8-7496-8881-bf956e2ae81f;Wildfire;01a02690-0cc4-742e-86ec-7e163cdb964e;Michael Patrick Kelly
01a02690-22ea-7193-8a3e-1bbd78ad5b5c;Wolken;01a02690-0cc4-742e-86ec-7e163cdb964e;Michael Patrick Kelly
01a02690-22ec-7440-b13d-63e28231580b;Gethsemane;01a02690-0cc4-742e-86ec-7e1778a3b05e;Michael Paynter
01a02690-22ec-7440-b13d-63e3a3a4ec5b;5am;01a02690-0cc4-742e-86ec-7e18e213026d;Michael Schulte
01a02690-22ec-7440-b13d-63e4d98cbecb;Floating;01a02690-0cc4-742e-86ec-7e18e213026d;Michael Schulte
01a02690-22eb-71cc-a5a4-2fd97d3c3b8b;Kids;01a02690-0cc4-742e-86ec-7e19cd3dac66;Michael Stein
01a02690-22e4-7376-a60c-b9bde905cddd;Stranger Things;01a02690-0cc4-742e-86ec-7e19cd3dac66;Michael Stein
01a02690-22e3-7064-9388-10412236357f;I Played the Fool;01a02690-0cc4-742e-86ec-7e1a4a7c7581;Michael Stipe
01a02690-22ec-7440-b13d-63e559454db4;Das war's für mich;01a02690-0cc4-742e-86ec-7e1b0fa49b63;Michelle
01a02690-22ec-7440-b13d-63e633d54b58;Richtig oder falsch;01a02690-0cc4-742e-86ec-7e1b0fa49b63;Michelle
01a02690-22ec-7440-b13d-63e746048fb2;The Game Of Love;01a02690-0cc4-742e-86ec-7e1c012bbf9a;Michelle Branch
01a02690-22e9-71a4-af72-5c7368b2129f;Baila Baila;01a02690-0cc4-742e-86ec-7e1d3295f2a5;Mickie Krause
01a02690-22ec-7440-b13d-63e81313f4dc;Beds Are Burning;01a02690-0cc4-742e-86ec-7e1e5e980300;Midnight Oil
01a02690-22ec-7440-b13d-63e9ed5fddcf;Power and the Passion;01a02690-0cc4-742e-86ec-7e1e5e980300;Midnight Oil
01a02690-22ec-7440-b13d-63eae9556684;Inori Owareba;01a02690-0cc4-742e-86ec-7e1f6705f0a5;Mika Nakashima
01a02690-22ec-7440-b13d-63eb690b33b7;Crypto;01a02690-0cc4-742e-86ec-7e2040932c47;Mike D
01a02690-22ec-7440-b13d-63ecba6cf052;Never The Same;01a02690-0cc4-742e-86ec-7e21bd7e94e2;Mike Mana
01a02690-22ec-7440-b13d-63ed8a5f2df1;No Fear Of Tomorrow;01a02690-0cc4-742e-86ec-7e21bd7e94e2;Mike Mana
01a02690-22ec-7440-b13d-63ee44709ffe;I Went Back To Ibiza;01a02690-0cc4-742e-86ec-7e228ae98b96;Mike Posner
01a02690-22e4-7376-a60c-b93707622b80;After I Pass Away;01a02690-0cc4-742e-86ec-7e239b0bee2e;Mikhail Bennett
01a02690-22ec-7440-b13d-63ef016d32d0;I Am Still Waiting My Son;01a02690-0cc4-742e-86ec-7e239b0bee2e;Mikhail Bennett
01a02690-22ec-7440-b13d-63f0887ff21b;I am waiting my son;01a02690-0cc4-742e-86ec-7e239b0bee2e;Mikhail Bennett
01a02690-22ec-7440-b13d-63f1c8e3a144;Piece of My Wish;01a02690-0cc4-742e-86ec-7e24c517ce3c;Miki Imai
01a02690-22e9-71a4-af72-5c41841b91db;Sushidetamaranai;01a02690-0cc4-742e-86ec-7e2582aba19c;Milan Kestrel
01a02690-22ec-7440-b13d-63f2ac3b96bd;Je t'aime;01a02690-0cc4-742e-86ec-7e26279e2406;Milano
01a02690-22ec-7440-b13d-63f3c06c65af;I Lied to You;01a02690-0cc4-742e-86ec-7e27a5812c48;Miles Caton
01a02690-22ec-7440-b13d-63f4a2e79354;Eastern Rosellas;01a02690-0cc4-742e-86ec-7e286a87b437;Miles Phillips
01a02690-22ec-7440-b13d-63f51493458e;Dream As One;01a02690-0cc4-742e-86ec-7e29ad3d8c81;Miley Cyrus
01a02690-22ec-7440-b13d-63f648e80f09;End of the World;01a02690-0cc4-742e-86ec-7e29ad3d8c81;Miley Cyrus
01a02690-22ec-7440-b13d-63f7505b9853;Flowers;01a02690-0cc4-742e-86ec-7e29ad3d8c81;Miley Cyrus
01a02690-22ec-7440-b13d-63f88903c3f5;Party In the U.S.A.;01a02690-0cc4-742e-86ec-7e29ad3d8c81;Miley Cyrus
01a02690-22ec-7440-b13d-63f9147949f7;The Climb;01a02690-0cc4-742e-86ec-7e29ad3d8c81;Miley Cyrus
01a02690-22eb-71cc-a5a4-30004c3d0df0;Younger You;01a02690-0cc4-742e-86ec-7e29ad3d8c81;Miley Cyrus
01a02690-22e8-7496-8881-bff1e33c8ec8;Stay Sexy;01a02690-0cc4-742e-86ec-7e2aa9563db6;Mili
01a02690-22ec-7440-b13d-63fa343ec64e;Medicine;01a02690-0cc4-742e-86ec-7e2b44e0d308;Milk Inc.
01a02690-22eb-71cc-a5a4-306aff05a832;Cross the Line;01a02690-0cc4-742e-86ec-7e2c360af30e;Milk Pansa
01a02690-22eb-71cc-a5a4-30dc95cae6e3;Just The Way You Are;01a02690-0cc4-742e-86ec-7e2d5c015cad;Milky
01a02690-22e5-74eb-8ac8-9f0bcf3f0f59;Just the Way You Are;01a02690-0cc4-742e-86ec-7e2d5c015cad;Milky
01a02690-22e7-71eb-b833-304d1d2663ef;Gute Laune;01a02690-0cc4-742e-86ec-7e2ecd262373;Milla Pink
01a02690-22eb-71cc-a5a4-3044f0e2065f;Lijntje;01a02690-0cc4-742e-86ec-7e2f64eeedc5;Milolaathetlukken
01a02690-22ec-7440-b13d-63fbee3be543;Rampampam;01a02690-0cc4-742e-86ec-7e30df44d984;Minelli
01a02690-22e9-71a4-af72-5c5bbff8bbf9;This & That;01a02690-0cc4-742e-86ec-7e31efdb5321;Minit
01a02690-22e6-772f-ba89-ec631357e49f;A Song To Sing;01a02690-0cc4-742e-86ec-7e32ef39db13;Miranda Lambert
01a02690-22ec-7440-b13d-63fc311c605f;Sunset Marquis;01a02690-0cc4-742e-86ec-7e32ef39db13;Miranda Lambert
01a02690-22ec-7440-b13d-63fd1988e314;Ainokatachi;01a02690-0cc4-742e-86ec-7e33ff6e9a47;Misia
01a02690-22e3-7064-9388-0feeb0b91fdf;una voz;01a02690-0cc4-742e-86ec-7e3484266c31;Misión Jatari
01a02690-22ec-7440-b13d-63fe9039e062;Craters;01a02690-0cc4-742e-86ec-7e35a0ac37ae;Missy Higgins
01a02690-22e9-71a4-af72-5c0267351e28;Superlative;01a02690-0cc4-742e-86ec-7e36551572aa;Misuzu Hataya
01a02690-22e9-71a4-af72-5c04b2ba46fb;Veil;01a02690-0cc4-742e-86ec-7e36551572aa;Misuzu Hataya
01a02690-22e9-71a4-af72-5c0719c0464a;Yorunite;01a02690-0cc4-742e-86ec-7e36551572aa;Misuzu Hataya
01a02690-22ec-7440-b13d-63ff68a8922b;Extreme Ways;01a02690-0cc4-742e-86ec-7e370f588a92;Moby
01a02690-22ec-7440-b13d-6400e5e6dffa;Heroes;01a02690-0cc4-742e-86ec-7e370f588a92;Moby
01a02690-22ec-7440-b13d-6401df695f91;Porcelain;01a02690-0cc4-742e-86ec-7e370f588a92;Moby
01a02690-22ec-7440-b13d-640247c0dd6d;When It's Cold I'd Like to Die;01a02690-0cc4-742e-86ec-7e370f588a92;Moby
01a02690-22ec-7440-b13d-64033e8ed945;Out of Mind Out of Sight;01a02690-0cc4-742e-86ec-7e38f02e0dd2;Models
01a02690-22ec-7440-b13d-6404021e4c89;Ti amo ma non posso dirlo;01a02690-0cc4-742e-86ec-7e399b549bf5;Modà
01a02690-22e5-74eb-8ac8-9f5a7fe8c388;What If You Loved Me;01a02690-0cc4-742e-86ec-7e3aaba77b07;Molly Tuttle
01a02690-22ec-7440-b13d-640555d68900;Kaishin No Ichigeki;01a02690-0cc4-742e-86ec-7e3b3e1f8d93;Momoiro Clover Z
01a02690-22ec-7440-b13d-640685d7248a;SECOND ROUTE;01a02690-0cc4-742e-86ec-7e3b3e1f8d93;Momoiro Clover Z
01a02690-22ec-7440-b13d-63bf8b78bf65;Usagi Rap;01a02690-0cc4-742e-86ec-7e3cf64e6e92;Momonga(CV:Iguchi Yuka)
01a02690-22ec-7440-b13d-6407ca720e75;Comfortably Numb Re-Imagined;01a02690-0cc4-742e-86ec-7e3d9bd9b651;Mona Miari
01a02690-22ec-7440-b13d-6408143e2acf;Anyone's Guess;01a02690-0cc4-742e-86ec-7e3ebd103d10;Moncrieff
01a02690-22ec-7440-b13d-64090c1a0ae6;Niet Naar Huis;01a02690-0cc4-742e-86ec-7e3f1aaca10e;Monique Smit
01a02690-22ec-7440-b13d-640af63ad71b;REGARDE;01a02690-0cc4-742e-86ec-7e409fd5ae2b;Monroe
01a02690-22ec-7440-b13d-640b2499b0d6;Glück;01a02690-0cc4-742e-86ec-7e419f1e18f7;Montez
01a02690-22ec-7440-b13d-640c5f86fbc1;Niemand ist wie du;01a02690-0cc4-742e-86ec-7e419f1e18f7;Montez
01a02690-22ec-7440-b13d-640d1c4338a0;Panzer;01a02690-0cc4-742e-86ec-7e419f1e18f7;Montez
01a02690-22ec-7440-b13d-640e30980d2a;Wenn du mich fragst;01a02690-0cc4-742e-86ec-7e419f1e18f7;Montez
01a02690-22ec-7440-b13d-640f9d11ffac;Hertz;01a02690-0cc4-742e-86ec-7e42391db918;Moon Byul
01a02690-22ec-7440-b13d-64105002c517;Fear;01a02690-0cc4-742e-86ec-7e433959e0fc;Moonchild
01a02690-22ec-7440-b13d-6411e495a3ae;Steel Town;01a02690-0cc4-742e-86ec-7e4466e54271;Morgan Evans
01a02690-22ec-7440-b13d-64126a73d4f5;You Lost Me Forever;01a02690-0cc4-742e-86ec-7e45649851f7;Morgan Luna
01a02690-22ec-7440-b13d-6413acfe0c0e;Been By Now;01a02690-0cc4-742e-86ec-7e468b2e703d;Morgan Wallen
01a02690-22e7-71eb-b833-30ddde5662c8;I Can't Love You Anymore;01a02690-0cc4-742e-86ec-7e468b2e703d;Morgan Wallen
01a02690-22ec-7440-b13d-64142e0d41cc;I'm A Little Crazy;01a02690-0cc4-742e-86ec-7e468b2e703d;Morgan Wallen
01a02690-22ec-7440-b13d-6415d0fdea06;I'm The Problem;01a02690-0cc4-742e-86ec-7e468b2e703d;Morgan Wallen
01a02690-22e7-71eb-b833-30fd381a7027;McArthur;01a02690-0cc4-742e-86ec-7e468b2e703d;Morgan Wallen
01a02690-22ec-7440-b13d-64167003984b;Amazona;01a02690-0cc4-742e-86ec-7e4700e224f1;Morrissey
01a02690-22ec-7440-b13d-64170a7849e0;Make-up is a Lie;01a02690-0cc4-742e-86ec-7e4700e224f1;Morrissey
01a02690-22ec-7440-b13d-641862f7109d;Notre-Dame;01a02690-0cc4-742e-86ec-7e4700e224f1;Morrissey
01a02690-22ec-7440-b13d-64196bfd4087;Soon;01a02690-0cc4-742e-86ec-7e489261b50b;Mosimann
01a02690-22ec-7440-b13d-641a1606cff1;Afraid Of The Dark;01a02690-0cc4-742e-86ec-7e498de08909;Motionless In White
01a02690-22ec-7440-b13d-641bd0c2b7cb;R.I.P.;01a02690-0cc4-742e-86ec-7e498de08909;Motionless In White
01a02690-22ec-7440-b13d-641cae9e8363;0.2mm;01a02690-0cc4-742e-86ec-7e4a676f6149;Motoki Ohmori
01a02690-22ec-7440-b13d-641d3dd6f695;MOYOOSHI;01a02690-0cc4-742e-86ec-7e4a676f6149;Motoki Ohmori
01a02690-22ec-7440-b13d-641e014070f9;Octopus;01a02690-0cc4-742e-86ec-7e4bc0deaf08;Mountain Crew
01a02690-22ec-7440-b13d-641f91a35412;Again;01a02690-0cc4-742e-86ec-7e4cfadb0b6c;Mr.Children
01a02690-22ec-7440-b13d-64204d3568ec;Owarinakitabi;01a02690-0cc4-742e-86ec-7e4cfadb0b6c;Mr.Children
01a02690-22ec-7440-b13d-6421db6f9ef7;Saturday;01a02690-0cc4-742e-86ec-7e4cfadb0b6c;Mr.Children
01a02690-22ec-7440-b13d-64228f164cb6;Ubugoe;01a02690-0cc4-742e-86ec-7e4cfadb0b6c;Mr.Children
01a02690-22ec-7440-b13d-6423ced5b19d;Brand New;01a02690-0cc4-742e-86ec-7e4d808fbcc3;Mrs. GREEN APPLE
01a02690-22ec-7440-b13d-6424144c5d55;Carrying Happiness;01a02690-0cc4-742e-86ec-7e4d808fbcc3;Mrs. GREEN APPLE
01a02690-22ec-7440-b13d-6425bbb8b3cc;Darling;01a02690-0cc4-742e-86ec-7e4d808fbcc3;Mrs. GREEN APPLE
01a02690-22ec-7440-b13d-64269e543d77;GOOD DAY;01a02690-0cc4-742e-86ec-7e4d808fbcc3;Mrs. GREEN APPLE
01a02690-22ec-7440-b13d-6427ea966c1b;Kaze to machi;01a02690-0cc4-742e-86ec-7e4d808fbcc3;Mrs. GREEN APPLE
01a02690-22ec-7440-b13d-642847aa36b5;Summer Shadow;01a02690-0cc4-742e-86ec-7e4d808fbcc3;Mrs. GREEN APPLE
01a02690-22ec-7440-b13d-642909ce4303;Wind and Town;01a02690-0cc4-742e-86ec-7e4d808fbcc3;Mrs. GREEN APPLE
01a02690-22ec-7440-b13d-642a871029f5;lulu.;01a02690-0cc4-742e-86ec-7e4d808fbcc3;Mrs. GREEN APPLE
01a02690-22ec-7440-b13d-642b6b4dfd92;ダーリン;01a02690-0cc4-742e-86ec-7e4d808fbcc3;Mrs. GREEN APPLE
01a02690-22ec-7440-b13d-642c79b660b2;Ao To Natsu;01a02690-0cc4-742e-86ec-7e4e0a6fc39d;Mrs. Green Apple
01a02690-22ec-7440-b13d-642d97dcb8de;Bokuno Koto;01a02690-0cc4-742e-86ec-7e4e0a6fc39d;Mrs. Green Apple
01a02690-22ec-7440-b13d-642ec1e7a8df;Lilac;01a02690-0cc4-742e-86ec-7e4e0a6fc39d;Mrs. Green Apple
01a02690-22ec-7440-b13d-642f8935f6a9;Que Sera Sera;01a02690-0cc4-742e-86ec-7e4e0a6fc39d;Mrs. Green Apple
01a02690-22ec-7440-b13d-643026926e7f;Shunshu;01a02690-0cc4-742e-86ec-7e4e0a6fc39d;Mrs. Green Apple
01a02690-22ec-7440-b13d-6431c4770056;Soranji;01a02690-0cc4-742e-86ec-7e4e0a6fc39d;Mrs. Green Apple
01a02690-22ec-7440-b13d-6432727232bd;Tenbyouno Uta;01a02690-0cc4-742e-86ec-7e4e0a6fc39d;Mrs. Green Apple
01a02690-22e4-7376-a60c-b9a1c625b954;Title Track;01a02690-0cc4-742e-86ec-7e4f09436b4f;Muhammad Sadiq
01a02690-22ec-7440-b13d-64333ca4b931;The Banjo Song;01a02690-0cc4-742e-86ec-7e50ebd64d41;Mumford
01a02690-22ec-7440-b13d-6434774787f5;White Blank Page;01a02690-0cc4-742e-86ec-7e50ebd64d41;Mumford
01a02690-22e6-772f-ba89-ec64d02c9adb;Here;01a02690-0cc4-742e-86ec-7e51d62f60e1;Mumford & Sons
01a02690-22e9-71a4-af72-5c4659d32f05;Rubber Band Man;01a02690-0cc4-742e-86ec-7e51d62f60e1;Mumford & Sons
01a02690-22ec-7440-b13d-64350822e04c;Be With You;01a02690-0cc4-742e-86ec-7e521123e02b;Muse
01a02690-22ec-7440-b13d-64366b5acf60;Cryogen;01a02690-0cc4-742e-86ec-7e521123e02b;Muse
01a02690-22ec-7440-b13d-6437c7b09d8f;Hexagons;01a02690-0cc4-742e-86ec-7e521123e02b;Muse
01a02690-22ec-7440-b13d-6438db2ad4c9;Nightshift Superstar;01a02690-0cc4-742e-86ec-7e521123e02b;Muse
01a02690-22ec-7440-b13d-64393c600196;Unravelling;01a02690-0cc4-742e-86ec-7e521123e02b;Muse
01a02690-22ec-7440-b13d-643a5f743de6;Common People;01a02690-0cc4-742e-86ec-7e5375297e55;My Chemical Romance
01a02690-22ec-7440-b13d-643b07494c8e;Shoumeisanka;01a02690-0cc4-742e-86ec-7e5408fc3c31;MyGO!!!!!
01a02690-22e4-7376-a60c-b9db54cf073a;Make It Count;01a02690-0cc4-742e-86ec-7e55d5f854dc;Myke Towers
01a02690-22ec-7440-b13d-643c30eb50d2;A OK;01a02690-0cc4-742e-86ec-7e56b1f63fc1;Myle
01a02690-22ec-7440-b13d-643d96033e53;Drive Safe;01a02690-0cc4-742e-86ec-7e57ad9a46f1;Myles Smith
01a02690-22ec-7440-b13d-643e2ab49917;Hold Me In The Dark;01a02690-0cc4-742e-86ec-7e57ad9a46f1;Myles Smith
01a02690-22ec-7440-b13d-643f0bd1396b;My Mess;01a02690-0cc4-742e-86ec-7e57ad9a46f1;Myles Smith
01a02690-22ec-7440-b13d-64404e93bc74;Nice To Meet You;01a02690-0cc4-742e-86ec-7e57ad9a46f1;Myles Smith
01a02690-22ec-7440-b13d-6441618e8663;Stargazing;01a02690-0cc4-742e-86ec-7e57ad9a46f1;Myles Smith
01a02690-22e5-74eb-8ac8-9f439f1468b1;Stay;01a02690-0cc4-742e-86ec-7e57ad9a46f1;Myles Smith
01a02690-22ec-7440-b13d-6442fc2ea974;C'est à qui le tour;01a02690-0cc4-742e-86ec-7e58e7d04a31;Mylène Farmer
01a02690-22ec-7440-b13d-644397e9ce83;Maman a tort;01a02690-0cc4-742e-86ec-7e58e7d04a31;Mylène Farmer
01a02690-22ec-7440-b13d-6444d49d67cd;My Mum Is Wrong;01a02690-0cc4-742e-86ec-7e58e7d04a31;Mylène Farmer
01a02690-22e7-71eb-b833-304e3a939849;Rakete;01a02690-0cc4-742e-86ec-7e5987af113b;Mätropolis
01a02690-22ec-7440-b13d-6445fe7590c0;Walk Away;01a02690-0cc4-742e-86ec-7e5af3539b81;N.Jay
01a02690-22e7-71eb-b833-308ae0bb37f3;MUSIC ENERGY;01a02690-0cc4-742e-86ec-7e5b1aaf95d1;NAGI MIKADO(CV.Tsubasa Yonaga)
01a02690-22ec-7440-b13d-6446f2a7138f;Good luck to me tomorrow;01a02690-0cc4-742e-86ec-7e5c1925a45f;NANAOAKARI
01a02690-22e3-7064-9388-10729fb91cf4;Breath;01a02690-0cc4-742e-86ec-7e5da46730d4;NAOKI
01a02690-22ec-7440-b13d-6447b2c82aee;BOTH SIDES;01a02690-0cc4-742e-86ec-7e5e6cd27925;NCT JNJM
01a02690-22ec-7440-b13d-644842f40bd6;HASHTAG;01a02690-0cc4-742e-86ec-7e5e6cd27925;NCT JNJM
01a02690-22ec-7440-b13d-6449dfc79335;I.D.O.L.;01a02690-0cc4-742e-86ec-7e5e6cd27925;NCT JNJM
01a02690-22ec-7440-b13d-644a416fcf1f;WIND UP;01a02690-0cc4-742e-86ec-7e5e6cd27925;NCT JNJM
01a02690-22ec-7440-b13d-644ba4ca57fc;What It Is;01a02690-0cc4-742e-86ec-7e5e6cd27925;NCT JNJM
01a02690-22ec-7440-b13d-644c3ec7c15b;sexier;01a02690-0cc4-742e-86ec-7e5e6cd27925;NCT JNJM
01a02690-22ec-7440-b13d-644d488f53a4;BOY MEETS GIRL;01a02690-0cc4-742e-86ec-7e5fb082ed9f;NCT WISH
01a02690-22ec-7440-b13d-644ebc960217;Ode to Love;01a02690-0cc4-742e-86ec-7e5fb082ed9f;NCT WISH
01a02690-22ec-7440-b13d-644fe398abd4;YO-I-DON;01a02690-0cc4-742e-86ec-7e5fb082ed9f;NCT WISH
01a02690-22ec-7440-b13d-6450e84418cf;Highlands;01a02690-0cc4-742e-86ec-7e6098739fa6;NEEDTOBREATHE
01a02690-22ec-7440-b13d-645123ad928e;Extortion 17;01a02690-0cc4-742e-86ec-7e614bb7b29a;NEUEN
01a02690-22ec-7440-b13d-645246a40d04;Mmchk;01a02690-0cc4-742e-86ec-7e629879a4ec;NEXZ
01a02690-22ec-7440-b13d-64531ce7b441;FEAR;01a02690-0cc4-742e-86ec-7e639c516692;NF
01a02690-22ec-7440-b13d-64541b699f5e;vácuo;01a02690-0cc4-742e-86ec-7e64edbded6a;NIKO
01a02690-22e7-71eb-b833-304d1d2663ef;Gute Laune;01a02690-0cc4-742e-86ec-7e65e73b4297;NIKSTER
01a02690-22ec-7440-b13d-64554206b15c;TIC TIC;01a02690-0cc4-742e-86ec-7e66ef373207;NMIXX
01a02690-22e4-7376-a60c-ba025c4be098;WHERE TO FIND ME;01a02690-0cc4-742e-86ec-7e6704ed4dde;NOVELISTS
01a02690-22e9-71a4-af72-5c41841b91db;Sushidetamaranai;01a02690-0cc4-742e-86ec-7e6873cafcc5;Nagisa Trout
01a02690-22e3-7064-9388-1020f0f08e72;You Aim A;01a02690-0cc4-742e-86ec-7e69c8c0965c;Nakayama Festa (CV: Shino Shimoji)
01a02690-22e8-7496-8881-bf2eb20c31fe;Favorite Toxic;01a02690-0cc4-742e-86ec-7e6a0a0ca9ac;Namtan Tipnaree
01a02690-22ec-7440-b13d-6456850a8225;CRIMSON BULLET;01a02690-0cc4-742e-86ec-7e6b0f7ca254;Nana Mizuki
01a02690-22ec-7440-b13d-64575a4d25bb;Guten Morgen Sonnenschein;01a02690-0cc4-742e-86ec-7e6cd1700764;Nana Mouskouri
01a02690-22e7-71eb-b833-3076879c5976;Karnevalsmaus;01a02690-0cc4-742e-86ec-7e6d4ccd0c9d;Nancy Franck
01a02690-22ec-7440-b13d-6458f6505d04;HARD WORK;01a02690-0cc4-742e-86ec-7e6ec061c4fc;Naniwa Danshi
01a02690-22ec-7440-b13d-64593c320445;Chosen and Guided By Buddha;01a02690-0cc4-742e-86ec-7e6fe8f234be;Nanmaider the Buddha Cyborg
01a02690-22e5-74eb-8ac8-9f414871ab1c;TRACEN RAMEN;01a02690-0cc4-742e-86ec-7e7086a943c6;Narita Top Road (CV: Kanna Nakamura)
01a02690-22ec-7440-b13d-645a6fa8ed72;Dear Mom;01a02690-0cc4-742e-86ec-7e71b741ee66;Nash Blackwood
01a02690-22ec-7440-b13d-645b60c594e2;I Would Say Yes To You;01a02690-0cc4-742e-86ec-7e71b741ee66;Nash Blackwood
01a02690-22ec-7440-b13d-645ca8766228;I'm Not Perfect;01a02690-0cc4-742e-86ec-7e71b741ee66;Nash Blackwood
01a02690-22ec-7440-b13d-645d91a86821;Love Me At My Lowest;01a02690-0cc4-742e-86ec-7e71b741ee66;Nash Blackwood
01a02690-22ec-7440-b13d-645e897afa18;We Don't Need To Be Perfect;01a02690-0cc4-742e-86ec-7e71b741ee66;Nash Blackwood
01a02690-22ec-7440-b13d-645f7302e481;This Will Be;01a02690-0cc4-742e-86ec-7e72585c5ec1;Natalie Cole
01a02690-22ec-7440-b13d-646078c811cd;Algorithm;01a02690-0cc4-742e-86ec-7e738e3d534c;Natalie Imbruglia
01a02690-22ec-7440-b13d-6461dfb2d81d;Just Drive;01a02690-0cc4-742e-86ec-7e738e3d534c;Natalie Imbruglia
01a02690-22e6-772f-ba89-ed19e27429be;Upside Down;01a02690-0cc4-742e-86ec-7e738e3d534c;Natalie Imbruglia
01a02690-22ec-7440-b13d-6462473a0703;Unwritten;01a02690-0cc4-742e-86ec-7e74f1a9e806;Natasha Bedingfield
01a02690-22ec-7440-b13d-6463f3c1cb24;The Boss;01a02690-0cc4-742e-86ec-7e75de53c97f;Natasha Owens
01a02690-22ec-7440-b13d-646473574f96;The Somali Waltz;01a02690-0cc4-742e-86ec-7e75de53c97f;Natasha Owens
01a02690-22ec-7440-b13d-64651393bdb8;Happy Place;01a02690-0cc4-742e-86ec-7e7686c83ba4;Nathan Evans
01a02690-22e6-772f-ba89-ec4344e1d294;Home;01a02690-0cc4-742e-86ec-7e7686c83ba4;Nathan Evans
01a02690-22ec-7440-b13d-64665cb35a87;Wellerman;01a02690-0cc4-742e-86ec-7e7686c83ba4;Nathan Evans
01a02690-22eb-71cc-a5a4-306194710a62;So Much Beauty;01a02690-0cc4-742e-86ec-7e77fb487ead;Nathan Nicholson
01a02690-22ec-7440-b13d-64674fe1bc0e;Perfect Harmony;01a02690-0cc4-742e-86ec-7e782ba802f7;Nathassia
01a02690-22eb-71cc-a5a4-30e70df0110c;Como en el Idilio;01a02690-0cc4-742e-86ec-7e79a0e630eb;Nathy Peluso
01a02690-22e5-74eb-8ac8-9f2657fe1a9c;メガLOVEハッピーワールド;01a02690-0cc4-742e-86ec-7e7afc544808;Natsuki Shinomiya
01a02690-22e5-74eb-8ac8-9eba69d98c67;Aari Aari;01a02690-0cc4-742e-86ec-7e7b13df79ed;Navtej Singh Rehal - Dhurandhar The Revenge
01a02690-22ec-7440-b13d-646845a75340;MMG;01a02690-0cc4-742e-86ec-7e7c2d7e0fdb;Naykilla
01a02690-22ec-7440-b13d-6469f05f2a0f;Love Hurts;01a02690-0cc4-742e-86ec-7e7d5d552f8b;Nazareth
01a02690-22ec-7440-b13d-646a74f0132f;You've Got What I Want;01a02690-0cc4-742e-86ec-7e7e24b0702b;Necko
01a02690-22e3-7064-9388-10407539abd7;Soda Pop;01a02690-0cc4-742e-86ec-7e7f224706ad;Neckwav
01a02690-22ec-7440-b13d-646be5d92fc7;America;01a02690-0cc4-742e-86ec-7e80647260be;Neil Diamond
01a02690-22ec-7440-b13d-646ca99ec4c8;Cracklin' Rosie;01a02690-0cc4-742e-86ec-7e80647260be;Neil Diamond
01a02690-22ec-7440-b13d-646d3b5e7784;Forever In Blue Jeans;01a02690-0cc4-742e-86ec-7e80647260be;Neil Diamond
01a02690-22ec-7440-b13d-646e7072cd09;Holly Holy;01a02690-0cc4-742e-86ec-7e80647260be;Neil Diamond
01a02690-22ec-7440-b13d-646f69490cfa;I Am...I Said;01a02690-0cc4-742e-86ec-7e80647260be;Neil Diamond
01a02690-22ec-7440-b13d-647057c74be4;Play Me;01a02690-0cc4-742e-86ec-7e80647260be;Neil Diamond
01a02690-22ec-7440-b13d-6471cd570ab7;Song Sung Blue;01a02690-0cc4-742e-86ec-7e80647260be;Neil Diamond
01a02690-22ec-7440-b13d-64728c011f34;Sweet Caroline;01a02690-0cc4-742e-86ec-7e80647260be;Neil Diamond
01a02690-22ec-7440-b13d-64737dcaadfb;Bad Blood;01a02690-0cc4-742e-86ec-7e814ee95119;Neil Sedaka
01a02690-22ec-7440-b13d-6474477fbe98;Breaking Up Is Hard to Do;01a02690-0cc4-742e-86ec-7e814ee95119;Neil Sedaka
01a02690-22ec-7440-b13d-647531f51e20;Calendar Girl;01a02690-0cc4-742e-86ec-7e814ee95119;Neil Sedaka
01a02690-22ec-7440-b13d-647654a4b0ce;Happy Birthday, Sweet Sixteen;01a02690-0cc4-742e-86ec-7e814ee95119;Neil Sedaka
01a02690-22e6-772f-ba89-ed0196d6b77d;Laughter In the Rain;01a02690-0cc4-742e-86ec-7e814ee95119;Neil Sedaka
01a02690-22ec-7440-b13d-6477025946dd;Love Will Keep Us Together;01a02690-0cc4-742e-86ec-7e814ee95119;Neil Sedaka
01a02690-22ec-7440-b13d-647826f3bffe;Oh Carol;01a02690-0cc4-742e-86ec-7e814ee95119;Neil Sedaka
01a02690-22ec-7440-b13d-64790536068c;Heart of Gold;01a02690-0cc4-742e-86ec-7e82b85e1902;Neil Young
01a02690-22ec-7440-b13d-647a3469acb7;Dilemma;01a02690-0cc4-742e-86ec-7e8340f9278e;Nelly
01a02690-22ec-7440-b13d-647b2c9cf259;Alles ist gut;01a02690-0cc4-742e-86ec-7e845ec3f240;Nena
01a02690-22ec-7440-b13d-647c57dcc2a2;Beer and Blood Stains;01a02690-0cc4-742e-86ec-7e85b777ac2f;New Found Glory
01a02690-22ec-7440-b13d-647d1341ee85;World In Motion;01a02690-0cc4-742e-86ec-7e86f6570c2f;New Order
01a02690-22ec-7440-b13d-63e746048fb2;The Game Of Love;01a02690-0cc4-742e-86ec-7e879ac283bb;New Radicals
01a02690-22ec-7440-b13d-647ef83c7fa2;You Get What You Give;01a02690-0cc4-742e-86ec-7e879ac283bb;New Radicals
01a02690-22e7-71eb-b833-30d4f529de85;Baby Now That I Found You;01a02690-0cc4-742e-86ec-7e88899bcd4d;Niall Horan
01a02690-22ec-7440-b13d-647f6f7c5004;Dinner Party;01a02690-0cc4-742e-86ec-7e88899bcd4d;Niall Horan
01a02690-22ec-7440-b13d-643d96033e53;Drive Safe;01a02690-0cc4-742e-86ec-7e88899bcd4d;Niall Horan
01a02690-22ec-7440-b13d-6480e0d8728b;Little More Time;01a02690-0cc4-742e-86ec-7e88899bcd4d;Niall Horan
01a02690-22e5-74eb-8ac8-9f414871ab1c;TRACEN RAMEN;01a02690-0cc4-742e-86ec-7e897b96b4ec;Nice Nature (CV: Kaori Maeda)
01a02690-22ec-7440-b13d-6481f9896b0e;Succession;01a02690-0cc4-742e-86ec-7e8a244c3ffa;Nicholas Britell
01a02690-22ec-7440-b13d-64824003094b;Final Escape;01a02690-0cc4-742e-86ec-7e8bf6acf080;Nicholas Carras
01a02690-22ec-7440-b13d-64839a5fd2d7;Magic;01a02690-0cc4-742e-86ec-7e8cd35c31d7;Nick Carter
01a02690-22ec-7440-b13d-6484106c2df2;Nothing's Gonna Change My Love For You;01a02690-0cc4-742e-86ec-7e8cd35c31d7;Nick Carter
01a02690-22ec-7440-b13d-6485705b2016;Red Right Hand;01a02690-0cc4-742e-86ec-7e8d3d8c8895;Nick Cave
01a02690-22ec-7440-b13d-64865b12de54;I’m Letting Go Of The Bullshit;01a02690-0cc4-742e-86ec-7e8e5c937583;Nick Hustles
01a02690-22ec-7440-b13d-64870f29e54e;Gut Punch;01a02690-0cc4-742e-86ec-7e8f89dc19fe;Nick Jonas
01a02690-22ec-7440-b13d-6488670b475d;No Scotland No Party;01a02690-0cc4-742e-86ec-7e90d0a38d0e;Nick Morgan
01a02690-22ec-7440-b13d-6489a0f6153c;Bones for the Crows;01a02690-0cc4-742e-86ec-7e91c9c11a6a;Nickelback
01a02690-22ec-7440-b13d-648a308ee0c6;Leave Me Behind;01a02690-0cc4-742e-86ec-7e91c9c11a6a;Nickelback
01a02690-22e7-71eb-b833-305da526f3e2;Nightmare Tripping;01a02690-0cc4-742e-86ec-7e91c9c11a6a;Nickelback
01a02690-22ec-7440-b13d-648b80ed87f6;Rattle The Cage;01a02690-0cc4-742e-86ec-7e91c9c11a6a;Nickelback
01a02690-22ec-7440-b13d-648c66a231c5;Hard White;01a02690-0cc4-742e-86ec-7e92a00d6bfc;Nicki Minaj
01a02690-22eb-71cc-a5a4-306fca7827ba;My Life;01a02690-0cc4-742e-86ec-7e92a00d6bfc;Nicki Minaj
01a02690-22ec-7440-b13d-648df293f744;All Time High;01a02690-0cc4-742e-86ec-7e930ebf67d0;Nico Santos
01a02690-22e8-7496-8881-bf316a3236f7;Body;01a02690-0cc4-742e-86ec-7e930ebf67d0;Nico Santos
01a02690-22e3-7064-9388-105a56e6771a;Letting Go;01a02690-0cc4-742e-86ec-7e930ebf67d0;Nico Santos
01a02690-22ec-7440-b13d-648e98169bc0;The One And Only Keir Starmer;01a02690-0cc4-742e-86ec-7e94ea7dda44;Nicola West
01a02690-22ec-7440-b13d-648fc3c376a2;The One And Only Kier Starmer;01a02690-0cc4-742e-86ec-7e94ea7dda44;Nicola West
01a02690-22ec-7440-b13d-6490a0f2dad0;Summertime;01a02690-0cc4-742e-86ec-7e95173ab210;Nik P.
01a02690-22e7-71eb-b833-3049f28bab9a;Dancing Without You;01a02690-0cc4-742e-86ec-7e968c1cdcd0;Nile Rodgers
01a02690-22e6-772f-ba89-ece6cdaa2aed;Talk to Me;01a02690-0cc4-742e-86ec-7e968c1cdcd0;Nile Rodgers
01a02690-22ec-7440-b13d-6491d685194c;WannaCry;01a02690-0cc4-742e-86ec-7e97a138b63a;Ninajirachi
01a02690-22eb-71cc-a5a4-30f5ed500d40;Liebe fühlt sich anders an;01a02690-0cc4-742e-86ec-7e98dcbadb79;Nino de Angelo
01a02690-22e7-71eb-b833-30ccddf15f5f;HAPPY FEELS LIKE;01a02690-0cc4-742e-86ec-7e99fbc29f39;Ninth Key
01a02690-22e4-7376-a60c-ba03d4a94f86;All Summer;01a02690-0cc4-742e-86ec-7e9a0f273262;Nipsey Hussle
01a02690-22ec-7440-b13d-6492ccf11029;Smells Like Teen Spirit;01a02690-0cc4-742e-86ec-7e9bb4fb51e9;Nirvana
01a02690-22ec-7440-b13d-6484106c2df2;Nothing's Gonna Change My Love For You;01a02690-0cc4-742e-86ec-7e9c6b2428b0;Nissy
01a02690-22ec-7440-b13d-6493ee27574e;Dear;01a02690-0cc4-742e-86ec-7e9dbea8bd6d;NiziU
01a02690-22ec-7440-b13d-649485de82fb;Too Bad;01a02690-0cc4-742e-86ec-7e9dbea8bd6d;NiziU
01a02690-22ec-7440-b13d-64955dc52a75;La Roja Baila;01a02690-0cc4-742e-86ec-7e9ef062bd64;Niña Pastori
01a02690-22e4-7376-a60c-b9ff856bba0c;On Our Way Along;01a02690-0cc4-742e-86ec-7e9fecb65bfd;Noah Cyrus
01a02690-22e3-7064-9388-101c00369893;Prologue;01a02690-0cc4-742e-86ec-7e9fecb65bfd;Noah Cyrus
01a02690-22ec-7440-b13d-6496d520a273;Jesus, I'm afraid;01a02690-0cc4-742e-86ec-7ea032f1f90d;Noah Graves
01a02690-22ec-7440-b13d-649717106dc0;A Few Of Your Own;01a02690-0cc4-742e-86ec-7ea132ea6442;Noah Kahan
01a02690-22ec-7440-b13d-649837873751;Lighthouse;01a02690-0cc4-742e-86ec-7ea132ea6442;Noah Kahan
01a02690-22ec-7440-b13d-6499ebab1cfc;Orbiter;01a02690-0cc4-742e-86ec-7ea132ea6442;Noah Kahan
01a02690-22ec-7440-b13d-649a3d319f3b;Porch Light;01a02690-0cc4-742e-86ec-7ea132ea6442;Noah Kahan
01a02690-22ec-7440-b13d-649bc5b2c49b;Staying Still;01a02690-0cc4-742e-86ec-7ea132ea6442;Noah Kahan
01a02690-22ec-7440-b13d-649cb6ac7a29;The Great Divide;01a02690-0cc4-742e-86ec-7ea132ea6442;Noah Kahan
01a02690-22ec-7440-b13d-649d3dcb05e3;Willing and Able;01a02690-0cc4-742e-86ec-7ea132ea6442;Noah Kahan
01a02690-22ec-7440-b13d-649ea903b344;A Man Can Cry;01a02690-0cc4-742e-86ec-7ea2ab26ec12;Noah Nine
01a02690-22ec-7440-b13d-637f265604a5;Alone;01a02690-0cc4-742e-86ec-7ea2ab26ec12;Noah Nine
01a02690-22ec-7440-b13d-649f2dadc8ca;Farewell;01a02690-0cc4-742e-86ec-7ea2ab26ec12;Noah Nine
01a02690-22ec-7440-b13d-64a0bda4ad3d;Goodbye;01a02690-0cc4-742e-86ec-7ea2ab26ec12;Noah Nine
01a02690-22ec-7440-b13d-64a16cb6b061;Heaven Made a Home For You;01a02690-0cc4-742e-86ec-7ea2ab26ec12;Noah Nine
01a02690-22ec-7440-b13d-64a2d320b2cc;I Was a Child;01a02690-0cc4-742e-86ec-7ea2ab26ec12;Noah Nine
01a02690-22ec-7440-b13d-64a36282e4b0;Mama, I still call your name;01a02690-0cc4-742e-86ec-7ea2ab26ec12;Noah Nine
01a02690-22ec-7440-b13d-64a4b24590f8;Michelle;01a02690-0cc4-742e-86ec-7ea3541e7260;Noam Bettan
01a02690-22eb-71cc-a5a4-304295dc059e;Ewa Safi;01a02690-0cc4-742e-86ec-7ea4ec0efb6e;Noano
01a02690-22ec-7440-b13d-64a54c85dcae;Eins;01a02690-0cc4-742e-86ec-7ea59e470b6c;Nockis
01a02690-22ec-7440-b13d-64a6b0ce7e0d;So nah wie noch nie;01a02690-0cc4-742e-86ec-7ea681e3118a;Nockis - La felicità
01a02690-22ec-7440-b13d-64a750edc4e2;Love Is Forever;01a02690-0cc4-742e-86ec-7ea721aec94c;Noel Fitzpatrick Band
01a02690-22ec-7440-b13d-64a8cf4c3245;Tu cosa fai questa sera;01a02690-0cc4-742e-86ec-7ea846f93bad;Noemi
01a02690-22ec-7440-b13d-64a9b40cf8e9;Fake Doctor;01a02690-0cc4-742e-86ec-7ea9938aa176;Nogizaka46
01a02690-22ec-7440-b13d-64aa853e7703;Just a sec.;01a02690-0cc4-742e-86ec-7ea9938aa176;Nogizaka46
01a02690-22ec-7440-b13d-64abcf05285a;Kissnotiming;01a02690-0cc4-742e-86ec-7ea9938aa176;Nogizaka46
01a02690-22ec-7440-b13d-64ac642b3e32;My respect;01a02690-0cc4-742e-86ec-7ea9938aa176;Nogizaka46
01a02690-22ec-7440-b13d-64ad210876fb;aitteurayamashii;01a02690-0cc4-742e-86ec-7ea9938aa176;Nogizaka46
01a02690-22ec-7440-b13d-64aeeacf362c;foruteshimo;01a02690-0cc4-742e-86ec-7ea9938aa176;Nogizaka46
01a02690-22ec-7440-b13d-64afab537440;kimibakari;01a02690-0cc4-742e-86ec-7ea9938aa176;Nogizaka46
01a02690-22ec-7440-b13d-64b02a4ffc4b;kokuhakushitaiyamai;01a02690-0cc4-742e-86ec-7ea9938aa176;Nogizaka46
01a02690-22ec-7440-b13d-64b1e811a217;mouhitotsunotaiyo;01a02690-0cc4-742e-86ec-7ea9938aa176;Nogizaka46
01a02690-22ec-7440-b13d-64b2d1852e47;pacificleaguenituretette;01a02690-0cc4-742e-86ec-7ea9938aa176;Nogizaka46
01a02690-22ec-7440-b13d-64b34c096229;saigonikaidanwokakeagattanowaitsuda;01a02690-0cc4-742e-86ec-7ea9938aa176;Nogizaka46
01a02690-22ec-7440-b13d-64b4a71d3caf;sakurabashiooshietekureta;01a02690-0cc4-742e-86ec-7ea9938aa176;Nogizaka46
01a02690-22ec-7440-b13d-64b5911442ff;sekaiwakokoniaru;01a02690-0cc4-742e-86ec-7ea9938aa176;Nogizaka46
01a02690-22ec-7440-b13d-64b6955685eb;zehinioyobazu;01a02690-0cc4-742e-86ec-7ea9938aa176;Nogizaka46
01a02690-22ec-7440-b13d-64b7a8bcacf1;zenryokuraptime;01a02690-0cc4-742e-86ec-7ea9938aa176;Nogizaka46
01a02690-22ec-7440-b13d-64b8966287fa;Seven Days;01a02690-0cc4-742e-86ec-7eaa621aea4e;Nolan Graves
01a02690-22ec-7440-b13d-64b92ee7e1af;Inochi wo eraberuka;01a02690-0cc4-742e-86ec-7eabd9febd2e;Nona*
01a02690-22ec-7440-b13d-64ba2e20f093;Baby Kool;01a02690-0cc4-742e-86ec-7eaca88f42d0;Nothing But Thieves
01a02690-22ec-7440-b13d-64bbda7f88f6;Stray Dogs;01a02690-0cc4-742e-86ec-7eaca88f42d0;Nothing But Thieves
01a02690-22ec-7440-b13d-64bca3e3994a;Anemone;01a02690-0cc4-742e-86ec-7eada741e014;Novelbright
01a02690-22ec-7440-b13d-64bd1687ec7f;Walking with you;01a02690-0cc4-742e-86ec-7eada741e014;Novelbright
01a02690-22ec-7440-b13d-64be691f1e26;Baby Can I Hold You;01a02690-0cc4-742e-86ec-7eae15e64300;November Kid
01a02690-22ec-7440-b13d-64bf613cda44;You're The Only Place I Need;01a02690-0cc4-742e-86ec-7eae15e64300;November Kid
01a02690-22ec-7440-b13d-64c00670c6b2;Sugar Rush;01a02690-0cc4-742e-86ec-7eaf40651123;Nozomi Madoka
01a02690-22ec-7440-b13d-64c1255823d0;KATA;01a02690-0cc4-742e-86ec-7eb0185102b0;NuNew
01a02690-22ec-7440-b13d-64c2b0270f50;New Season;01a02690-0cc4-742e-86ec-7eb0185102b0;NuNew
01a02690-22ea-7193-8a3e-1c282759bd93;Endless Dreamer;01a02690-0cc4-742e-86ec-7eb1e9cfad4a;Nui Sociere
01a02690-22ed-76b9-941f-32242442bc06;3XL;01a02690-0cc4-742e-86ec-7eb29a75b669;Number_i
01a02690-22ed-76b9-941f-32258530bf65;BUGS LIFE;01a02690-0cc4-742e-86ec-7eb29a75b669;Number_i
01a02690-22ed-76b9-941f-322633143f59;Influ;01a02690-0cc4-742e-86ec-7eb29a75b669;Number_i
01a02690-22ed-76b9-941f-3227e22367d0;LAVALAVA;01a02690-0cc4-742e-86ec-7eb29a75b669;Number_i
01a02690-22ed-76b9-941f-322837cebcd8;Psyche Shock;01a02690-0cc4-742e-86ec-7eb29a75b669;Number_i
01a02690-22ed-76b9-941f-32291b01eceb;Supa Bro;01a02690-0cc4-742e-86ec-7eb29a75b669;Number_i
01a02690-22ed-76b9-941f-322abb172b29;サイケSHOCK;01a02690-0cc4-742e-86ec-7eb29a75b669;Number_i
01a02690-22ed-76b9-941f-322b69cfd14d;115万キロのフィルム;01a02690-0cc4-742e-86ec-7eb3b4c285d4;OFFICIAL HIGE DANDISM
01a02690-22ed-76b9-941f-322c334dc425;Elderflower;01a02690-0cc4-742e-86ec-7eb3b4c285d4;OFFICIAL HIGE DANDISM
01a02690-22ed-76b9-941f-322d961e55aa;Make Me Wonder;01a02690-0cc4-742e-86ec-7eb3b4c285d4;OFFICIAL HIGE DANDISM
01a02690-22ed-76b9-941f-322e6381dcf6;Rashisa;01a02690-0cc4-742e-86ec-7eb3b4c285d4;OFFICIAL HIGE DANDISM
01a02690-22ed-76b9-941f-322f47265ee9;Stardust;01a02690-0cc4-742e-86ec-7eb3b4c285d4;OFFICIAL HIGE DANDISM
01a02690-22ed-76b9-941f-3230ac26e7c5;Us, Now;01a02690-0cc4-742e-86ec-7eb4fe2fec36;OHYUL of LNGSHOT
01a02690-22ed-76b9-941f-3231d82c5837;U so hot;01a02690-0cc4-742e-86ec-7eb5124fba68;ONE PACT
01a02690-22ed-76b9-941f-323278c130da;ドラマティック平凡;01a02690-0cc4-742e-86ec-7eb652b3c4da;ORANGE RANGE
01a02690-22e8-7496-8881-bf479f2730d3;SSAK;01a02690-0cc4-742e-86ec-7eb7e4776a40;OSUN
01a02690-22e7-71eb-b833-308ae0bb37f3;MUSIC ENERGY;01a02690-0cc4-742e-86ec-7eb8d646a38a;OTOYA ITTOKI(CV.Takuma Terashima)
01a02690-22ed-76b9-941f-3233afec9800;HE'S THE ONLY ONE WHO CAN JUDGE ME;01a02690-0cc4-742e-86ec-7eb96198fafc;OUTLAW GOSPEL
01a02690-22ed-76b9-941f-32341369e2de;YOU WON'T BREAK WHAT GOD REBUILT;01a02690-0cc4-742e-86ec-7eb96198fafc;OUTLAW GOSPEL
01a02690-22e8-7496-8881-bf479f2730d3;SSAK;01a02690-0cc4-742e-86ec-7eba2e585c5d;OXYNOVA
01a02690-22ed-76b9-941f-3235687d9e58;Echo;01a02690-0cc4-742e-86ec-7ebba51d03ef;Oaks
01a02690-22ed-76b9-941f-32369960d37f;Acquiesce;01a02690-0cc4-742e-86ec-7ebcfcf93883;Oasis
01a02690-22ed-76b9-941f-3237b5bb965e;Champagne Supernova;01a02690-0cc4-742e-86ec-7ebcfcf93883;Oasis
01a02690-22ed-76b9-941f-3238ed10623e;Don't Look Back In Anger;01a02690-0cc4-742e-86ec-7ebcfcf93883;Oasis
01a02690-22ea-7193-8a3e-1bd299225083;Wonderwall;01a02690-0cc4-742e-86ec-7ebcfcf93883;Oasis
01a02690-22ed-76b9-941f-323997f6372a;Four To The Floor;01a02690-0cc4-742e-86ec-7ebd7511a68b;Ofenbach
01a02690-22ed-76b9-941f-323ae9798a6c;Miles Away;01a02690-0cc4-742e-86ec-7ebd7511a68b;Ofenbach
01a02690-22ed-76b9-941f-323b3c3d2ec8;エルダーフラワー;01a02690-0cc4-742e-86ec-7ebedb1e0eca;Official髭男dism
01a02690-22ed-76b9-941f-323caca78711;スターダスト;01a02690-0cc4-742e-86ec-7ebedb1e0eca;Official髭男dism
01a02690-22e3-7064-9388-101e02287ea7;Bokura wa Ima no Naka de;01a02690-0cc4-742e-86ec-7ebf2d277f4b;Oguri Cap (CV: Tomoyo Takayanagi)
01a02690-22ec-7440-b13d-639d6f217387;GROSSSTADT;01a02690-0cc4-742e-86ec-7ec0bcfeba34;Oimara
01a02690-22ed-76b9-941f-323dc06dfbe8;Wackelkontakt;01a02690-0cc4-742e-86ec-7ec0bcfeba34;Oimara
01a02690-22ed-76b9-941f-323e3a23e2df;No Problemo;01a02690-0cc4-742e-86ec-7ec1924c1e23;Olaf Der Flipper
01a02690-22ed-76b9-941f-323fd59dbd08;Ola Doll Anthem;01a02690-0cc4-742e-86ec-7ec2d5dbcc20;Olandria
01a02690-22ed-76b9-941f-3240d812ac4f;Achy Breaky Heart;01a02690-0cc4-742e-86ec-7ec370ee6659;Old Soul
01a02690-22ed-76b9-941f-3241765e65be;Cowboys Don’t Cry;01a02690-0cc4-742e-86ec-7ec4a0d96d23;Oliver Tree
01a02690-22ed-76b9-941f-324244223444;Life Goes On;01a02690-0cc4-742e-86ec-7ec4a0d96d23;Oliver Tree
01a02690-22ed-76b9-941f-3243b1078de1;Miss You;01a02690-0cc4-742e-86ec-7ec4a0d96d23;Oliver Tree
01a02690-22ed-76b9-941f-3244024b5d51;Sin miedo a caer;01a02690-0cc4-742e-86ec-7ec5fc2a3d71;Olivia Bay
01a02690-22ed-76b9-941f-3245e84f6595;Sábado Noche;01a02690-0cc4-742e-86ec-7ec5fc2a3d71;Olivia Bay
01a02690-22ed-76b9-941f-3246096d2dcc;A Couple Minutes;01a02690-0cc4-742e-86ec-7ec6233b4a4d;Olivia Dean
01a02690-22ed-76b9-941f-3247a7a84149;Dive;01a02690-0cc4-742e-86ec-7ec6233b4a4d;Olivia Dean
01a02690-22ed-76b9-941f-3248cc2d8c63;Man I Need;01a02690-0cc4-742e-86ec-7ec6233b4a4d;Olivia Dean
01a02690-22ed-76b9-941f-3249b0c52cfd;Nice To Each Other;01a02690-0cc4-742e-86ec-7ec6233b4a4d;Olivia Dean
01a02690-22ed-76b9-941f-324ae61c283b;Rein Me In;01a02690-0cc4-742e-86ec-7ec6233b4a4d;Olivia Dean
01a02690-22ed-76b9-941f-324b6612a40a;So Easy;01a02690-0cc4-742e-86ec-7ec6233b4a4d;Olivia Dean
01a02690-22ed-76b9-941f-324c6617d8e5;drop dead;01a02690-0cc4-742e-86ec-7ec7caadeb08;Olivia Rodrigo
01a02690-22ed-76b9-941f-324d76156602;honeybee;01a02690-0cc4-742e-86ec-7ec7caadeb08;Olivia Rodrigo
01a02690-22ed-76b9-941f-324e114215d7;never do;01a02690-0cc4-742e-86ec-7ec7caadeb08;Olivia Rodrigo
01a02690-22ed-76b9-941f-324f062c008e;stupid song;01a02690-0cc4-742e-86ec-7ec7caadeb08;Olivia Rodrigo
01a02690-22ed-76b9-941f-325080069c7e;the cure;01a02690-0cc4-742e-86ec-7ec7caadeb08;Olivia Rodrigo
01a02690-22ed-76b9-941f-3251168718c8;vampire;01a02690-0cc4-742e-86ec-7ec7caadeb08;Olivia Rodrigo
01a02690-22ed-76b9-941f-32520e9bf674;what’s wrong with me;01a02690-0cc4-742e-86ec-7ec7caadeb08;Olivia Rodrigo
01a02690-22e6-772f-ba89-ed15455e5f91;Prayer;01a02690-0cc4-742e-86ec-7ec8853d00b6;Olivier Giacomotto
01a02690-22ed-76b9-941f-32536368052d;siren;01a02690-0cc4-742e-86ec-7ec95ec0d350;Omar Rudberg
01a02690-22ed-76b9-941f-3254cbc92b10;I Ain't Worried;01a02690-0cc4-742e-86ec-7eca3f9c059b;OneRepublic
01a02690-22ed-76b9-941f-3255c783692a;I Lived;01a02690-0cc4-742e-86ec-7eca3f9c059b;OneRepublic
01a02690-22e3-7064-9388-10059d422d30;In Your Eyes;01a02690-0cc4-742e-86ec-7eca3f9c059b;OneRepublic
01a02690-22ed-76b9-941f-32560c9b08f9;Need Your Love;01a02690-0cc4-742e-86ec-7eca3f9c059b;OneRepublic
01a02690-22ed-76b9-941f-325751d6a580;Todoke Zenbu;01a02690-0cc4-742e-86ec-7ecb6c8ec301;Onichan
01a02690-22ed-76b9-941f-3258a05f37f0;Ramadhan Tiba;01a02690-0cc4-742e-86ec-7ecc22d6b6d6;Opick
01a02690-22ed-76b9-941f-3259151aaa66;1000%;01a02690-0cc4-742e-86ec-7ecdb8c763aa;Orange Range
01a02690-22ed-76b9-941f-325ac48ac5b9;Dramatic Heibon;01a02690-0cc4-742e-86ec-7ecdb8c763aa;Orange Range
01a02690-22ed-76b9-941f-325b4c80787a;Flower Raft;01a02690-0cc4-742e-86ec-7ecec98bc90f;Orangestar
01a02690-22ea-7193-8a3e-1bd85312566b;Baby, Can I Hold You Tonight;01a02690-0cc4-742e-86ec-7ecf5332906e;Orchestra Sinfonica Italiana
01a02690-22ed-76b9-941f-325cb08a1c9b;Soirée mondaine;01a02690-0cc4-742e-86ec-7ed089f7050f;Oria
01a02690-22ed-76b9-941f-325d91b69843;Ienomi;01a02690-0cc4-742e-86ec-7ed1ac120a92;Oriens
01a02690-22eb-71cc-a5a4-2fde205ccfa7;Now, Forever;01a02690-0cc4-742e-86ec-7ed223ae869b;Original Broadway Cast of The Lost Boys
01a02690-22e4-7376-a60c-b9e731f97834;Superpower;01a02690-0cc4-742e-86ec-7ed223ae869b;Original Broadway Cast of The Lost Boys
01a02690-22ed-76b9-941f-325e5c958f29;Wild;01a02690-0cc4-742e-86ec-7ed223ae869b;Original Broadway Cast of The Lost Boys
01a02690-22e5-74eb-8ac8-9ef5df21ee3f;Hopeless War;01a02690-0cc4-742e-86ec-7ed3464e870c;Original Broadway Cast of The Outsiders - A New Musical
01a02690-22eb-71cc-a5a4-304d426d0729;Hurt and Love;01a02690-0cc4-742e-86ec-7ed468229446;Orm Kornnaphat
01a02690-22e3-7064-9388-103a24eb5042;"Turandot: ""Nessun dorma""";01a02690-0cc4-742e-86ec-7ed50a0d3622;Orquestra de la Comunitat Valenciana
01a02690-22e3-7064-9388-103b0cf1ae2c;Turandot: Nessun dorma;01a02690-0cc4-742e-86ec-7ed50a0d3622;Orquestra de la Comunitat Valenciana
01a02690-22ed-76b9-941f-325fb09439fd;Already Gone;01a02690-0cc4-742e-86ec-7ed62d4d9d3e;Orville Peck
01a02690-22e3-7064-9388-101c00369893;Prologue;01a02690-0cc4-742e-86ec-7ed62d4d9d3e;Orville Peck
01a02690-22ed-76b9-941f-3260516a2a75;Too Little, Too Late;01a02690-0cc4-742e-86ec-7ed62d4d9d3e;Orville Peck
01a02690-22ed-76b9-941f-32610b3bee30;Losing My Religion;01a02690-0cc4-742e-86ec-7ed7878deb87;Oscar and the Wolf
01a02690-22ed-76b9-941f-32624ffc665a;Safe and Sound;01a02690-0cc4-742e-86ec-7ed7878deb87;Oscar and the Wolf
01a02690-22ed-76b9-941f-3263e4da696b;You & aIzu;01a02690-0cc4-742e-86ec-7ed843616ea8;Otonose Kanade
01a02690-22ed-76b9-941f-32644d20e25b;That's The Way It Is;01a02690-0cc4-742e-86ec-7ed954cba444;Outliers
01a02690-22ea-7193-8a3e-1bef7f2aa1d0;Cheerio;01a02690-0cc4-742e-86ec-7eda1b702573;Outsiders
01a02690-22ed-76b9-941f-32658db11cbb;Right Now;01a02690-0cc4-742e-86ec-7eda1b702573;Outsiders
01a02690-22ed-76b9-941f-3266f96adb44;Give Up;01a02690-0cc4-742e-86ec-7edbc85304d9;Overgrown
01a02690-22ed-76b9-941f-326789aae8bc;I Don't Explain;01a02690-0cc4-742e-86ec-7edc3d085b53;Owen James
01a02690-22ed-76b9-941f-3268fc63416b;Still Here When it's Quiet;01a02690-0cc4-742e-86ec-7edc3d085b53;Owen James
01a02690-22ed-76b9-941f-3269d9e310ab;When I Stand;01a02690-0cc4-742e-86ec-7edc3d085b53;Owen James
01a02690-22ed-76b9-941f-326a84550c82;Not Mine;01a02690-0cc4-742e-86ec-7edd10bf445e;Owen Saward
01a02690-22ed-76b9-941f-326bfac59d41;"Iden ""TeiTei"" Meltdown";01a02690-0cc4-742e-86ec-7ede0e87b4ca;Oyama Mahiro Cv Kono Marika
01a02690-22ed-76b9-941f-326bfac59d41;"Iden ""TeiTei"" Meltdown";01a02690-0cc4-742e-86ec-7edfc2d083b7;Oyama Mihari(CV.Ishihara Kaori)
01a02690-22e3-7064-9388-0feeb0b91fdf;una voz;01a02690-0cc4-742e-86ec-7ee08edf89fe;OzoresP
01a02690-22ed-76b9-941f-326c8affb940;A Million Dreams;01a02690-0cc4-742e-86ec-7ee15d561d99;P!nk
01a02690-22ed-76b9-941f-326dcd3ef3e7;Please Don't Leave Me;01a02690-0cc4-742e-86ec-7ee15d561d99;P!nk
01a02690-22ed-76b9-941f-326e63ed8d2b;UNIQUE;01a02690-0cc4-742e-86ec-7ee21a6943bd;P1Harmony
01a02690-22ed-76b9-941f-326faf8c72d3;USAD;01a02690-0cc4-742e-86ec-7ee33e267e02;PABLO
01a02690-22ed-76b9-941f-3270aa81350f;La Cuarta Estrella;01a02690-0cc4-742e-86ec-7ee40be8c60c;PALMITO
01a02690-22ea-7193-8a3e-1c1f453f65aa;Let’s Just Go;01a02690-0cc4-742e-86ec-7ee5db541130;PARK GUNWOOK
01a02690-22ed-76b9-941f-3271639cf26b;Bodyelse;01a02690-0cc4-742e-86ec-7ee6190ba15f;PARK JI HOON
01a02690-22e4-7376-a60c-b9a5235609ed;Bottle Up;01a02690-0cc4-742e-86ec-7ee75a30fd8c;PAW Patrol
01a02690-22ed-76b9-941f-32722e843d5a;Voyager;01a02690-0cc4-742e-86ec-7ee8b78f8caa;PJ Harvey
01a02690-22ed-76b9-941f-3273aec47027;Born Savage;01a02690-0cc4-742e-86ec-7ee9b15abcd4;PLAVE
01a02690-22ed-76b9-941f-327417314d21;HMPH;01a02690-0cc4-742e-86ec-7ee9b15abcd4;PLAVE
01a02690-22ed-76b9-941f-3275fd094992;I am POLCASAN;01a02690-0cc4-742e-86ec-7eea656c4a5f;POLCASAN
01a02690-22ed-76b9-941f-327674c7f456;Your Candy;01a02690-0cc4-742e-86ec-7eeb68bb0c94;PP KRIT
01a02690-22ed-76b9-941f-3277a8930bc0;guilty pleasure;01a02690-0cc4-742e-86ec-7eeb68bb0c94;PP KRIT
01a02690-22ed-76b9-941f-3278ae27deae;Angel Wings;01a02690-0cc4-742e-86ec-7eec8138d890;PRESIDENT
01a02690-22ed-76b9-941f-327985fecde0;Mercy;01a02690-0cc4-742e-86ec-7eec8138d890;PRESIDENT
01a02690-22ed-76b9-941f-327a62d8cd81;dark heaven;01a02690-0cc4-742e-86ec-7eec8138d890;PRESIDENT
01a02690-22ec-7440-b13d-64554206b15c;TIC TIC;01a02690-0cc4-742e-86ec-7eede30dd079;Pabllo Vittar
01a02690-22ed-76b9-941f-327b6d8a5466;Algo de mí;01a02690-0cc4-742e-86ec-7eeee7279b89;Pablo Alborán
01a02690-22ea-7193-8a3e-1c846d562d82;Dando Vueltas;01a02690-0cc4-742e-86ec-7eeee7279b89;Pablo Alborán
01a02690-22ed-76b9-941f-327c33a7f029;I don't chase, I attract;01a02690-0cc4-742e-86ec-7eef20e8737d;Pamela Kurt
01a02690-22ed-76b9-941f-327d0f0aa40f;Via con me;01a02690-0cc4-742e-86ec-7ef01101f64a;Paolo Conte
01a02690-22ed-76b9-941f-327e7ad648bd;Candy;01a02690-0cc4-742e-86ec-7ef1de8276f1;Paolo Nutini
01a02690-22ed-76b9-941f-327f4f9ae957;Wake Up Calling;01a02690-0cc4-742e-86ec-7ef2ba6047fa;Papa Roach
01a02690-22ed-76b9-941f-3280cf3931e6;All Fired Up;01a02690-0cc4-742e-86ec-7ef3412fcaf1;Paramount+ AU
01a02690-22ed-76b9-941f-3281491e52a8;I Cry in Front of Paintings;01a02690-0cc4-742e-86ec-7ef401cf5bb1;Paris Paloma
01a02690-22ed-76b9-941f-3282f952fb22;labour;01a02690-0cc4-742e-86ec-7ef401cf5bb1;Paris Paloma
01a02690-22eb-71cc-a5a4-2fede8aac479;Let The Country Music Play;01a02690-0cc4-742e-86ec-7ef5e4c9abd5;Parmalee
01a02690-22e8-7496-8881-bf573bd4a9f4;Il faudrait que pleuve l’amour;01a02690-0cc4-742e-86ec-7ef6a30bc647;Pascal Obispo
01a02690-22ed-76b9-941f-3283817b999c;Viens;01a02690-0cc4-742e-86ec-7ef6a30bc647;Pascal Obispo
01a02690-22ed-76b9-941f-32846b1abb58;It Was Gonna Be You;01a02690-0cc4-742e-86ec-7ef7747dc85d;Passenger
01a02690-22ed-76b9-941f-32855028245b;He Can;01a02690-0cc4-742e-86ec-7ef8c7da882f;Pastor Mike Jr.
01a02690-22e9-71a4-af72-5c52ed1bcf0d;Suddenly;01a02690-0cc4-742e-86ec-7ef8c7da882f;Pastor Mike Jr.
01a02690-22e7-71eb-b833-3043a54f7513;Turn The Tide;01a02690-0cc4-742e-86ec-7ef996a9b8db;Pat B
01a02690-22ed-76b9-941f-325e5c958f29;Wild;01a02690-0cc4-742e-86ec-7efac91b00a0;Paul Alexander Nolan
01a02690-22ed-76b9-941f-32658db11cbb;Right Now;01a02690-0cc4-742e-86ec-7efb876b10a6;Paul Elstak
01a02690-22e3-7064-9388-0fd05b9d3bf6;Mon Amour;01a02690-0cc4-742e-86ec-7efccc7eba3c;Paul Frege
01a02690-22ed-76b9-941f-3286bc896f5f;Sad Songs And Lawsuits;01a02690-0cc4-742e-86ec-7efd84f0d80b;Paul Heaton
01a02690-22e8-7496-8881-bf656c29c2ae;Sky and Sand;01a02690-0cc4-742e-86ec-7efee9f8638a;Paul Kalkbrenner
01a02690-22e3-7064-9388-100a0f859188;Eternity;01a02690-0cc4-742e-86ec-7effdc6faf90;Paul Keen
01a02690-22ed-76b9-941f-328751417bc1;Days We Left Behind;01a02690-0cc4-742e-86ec-7f003ad4bf5a;Paul McCartney
01a02690-22ed-76b9-941f-32885a3e73f4;Home to Us;01a02690-0cc4-742e-86ec-7f003ad4bf5a;Paul McCartney
01a02690-22e3-7064-9388-0feeb0b91fdf;una voz;01a02690-0cc4-742e-86ec-7f01dd165e0a;Paula Arias
01a02690-22ed-76b9-941f-32896f9c3853;I Don't Want to Wait;01a02690-0cc4-742e-86ec-7f02609939e6;Paula Cole
01a02690-22ed-76b9-941f-328a72a8af7f;I Don't Like It;01a02690-0cc4-742e-86ec-7f03f7169ae9;Pauline Pantsdown
01a02690-22ed-76b9-941f-328b3c72db70;Konfettirään;01a02690-0cc4-742e-86ec-7f04f59e5358;Paveier
01a02690-22ed-76b9-941f-328ce9bafa9b;A Whole New World;01a02690-0cc4-742e-86ec-7f05bcec2a0d;Peabo Bryson
01a02690-22e6-772f-ba89-ecb00aa469fb;Beauty and the Beast;01a02690-0cc4-742e-86ec-7f05bcec2a0d;Peabo Bryson
01a02690-22ed-76b9-941f-328d3a40174a;Can You Stop the Rain;01a02690-0cc4-742e-86ec-7f05bcec2a0d;Peabo Bryson
01a02690-22ed-76b9-941f-328e17bcb2e1;Feel the Fire;01a02690-0cc4-742e-86ec-7f05bcec2a0d;Peabo Bryson
01a02690-22ed-76b9-941f-328f4d20a343;If Ever You're In My Arms Again;01a02690-0cc4-742e-86ec-7f05bcec2a0d;Peabo Bryson
01a02690-22ed-76b9-941f-3290cc406134;Tonight I Celebrate My Love;01a02690-0cc4-742e-86ec-7f05bcec2a0d;Peabo Bryson
01a02690-22e3-7064-9388-1004c291f4c8;FADE;01a02690-0cc4-742e-86ec-7f06b6986094;Pendulum
01a02690-22ed-76b9-941f-329161b22960;One Two Three;01a02690-0cc4-742e-86ec-7f073a867d44;Penthouse
01a02690-22ed-76b9-941f-329226355027;Champagne;01a02690-0cc4-742e-86ec-7f083e38c8d1;Peppino di Capri
01a02690-22ed-76b9-941f-329345b6c293;Woman In Love;01a02690-0cc4-742e-86ec-7f09759b745a;Perrie
01a02690-22ed-76b9-941f-3294c3147494;My Days of Loving You;01a02690-0cc4-742e-86ec-7f0a8fd1db94;Perry Como
01a02690-22ed-76b9-941f-32952346198e;dopamina;01a02690-0cc4-742e-86ec-7f0b789b6723;Peso Pluma
01a02690-22ed-76b9-941f-329698b9a555;Better Days;01a02690-0cc4-742e-86ec-7f0cd1d7e633;Pete Murray
01a02690-22eb-71cc-a5a4-304b7efc4185;Liekinheitin;01a02690-0cc4-742e-86ec-7f0df75fe700;Pete Parkkonen
01a02690-22ed-76b9-941f-3297e4ec66d6;I Still Call Australia Home;01a02690-0cc4-742e-86ec-7f0eaf326320;Peter Allen
01a02690-22ed-76b9-941f-32987aa671b1;Rock U Right;01a02690-0cc4-742e-86ec-7f0fbb753613;Peter Andre
01a02690-22ed-76b9-941f-32990e35d4c5;Overthink;01a02690-0cc4-742e-86ec-7f106df2992e;Peter Brogan
01a02690-22ed-76b9-941f-329afd44f6f3;A Hard Lesson;01a02690-0cc4-742e-86ec-7f111b433370;Peter Gabriel
01a02690-22ed-76b9-941f-329bf111c543;Been Undone;01a02690-0cc4-742e-86ec-7f111b433370;Peter Gabriel
01a02690-22ed-76b9-941f-329cf462e69e;I Belong to the Sky;01a02690-0cc4-742e-86ec-7f111b433370;Peter Gabriel
01a02690-22ed-76b9-941f-329d0ab152ff;One by One;01a02690-0cc4-742e-86ec-7f111b433370;Peter Gabriel
01a02690-22ed-76b9-941f-329e9b9bcf4f;Put the Bucket Down;01a02690-0cc4-742e-86ec-7f111b433370;Peter Gabriel
01a02690-22ed-76b9-941f-329f5049f0fc;Till Your Mind Is Shining;01a02690-0cc4-742e-86ec-7f111b433370;Peter Gabriel
01a02690-22ed-76b9-941f-32a0a10e1cf0;What Lies Ahead;01a02690-0cc4-742e-86ec-7f111b433370;Peter Gabriel
01a02690-22ed-76b9-941f-32a13c8f7e18;360;01a02690-0cc4-742e-86ec-7f129cef3bb2;Peter Gregson
01a02690-22ea-7193-8a3e-1bb709463316;Ein Leben lang ist nicht lang;01a02690-0cc4-742e-86ec-7f137a64f4d1;Peter Maffay
01a02690-22ed-76b9-941f-32a27ccfca6d;It's You;01a02690-0cc4-742e-86ec-7f1463481e30;Peter Peter
01a02690-22ed-76b9-941f-32a33a75b012;Rivalry;01a02690-0cc4-742e-86ec-7f1463481e30;Peter Peter
01a02690-22ed-76b9-941f-32a47f5aef72;Major Tom;01a02690-0cc4-742e-86ec-7f154ac376f5;Peter Schilling
01a02690-22ed-76b9-941f-32a5c2dc3fcb;Don't Let Go;01a02690-0cc4-742e-86ec-7f16ffddb40e;Phantom Of The Synth
01a02690-22ed-76b9-941f-32a6af18fb13;Horror Queen;01a02690-0cc4-742e-86ec-7f1797de053c;Phantom Siita
01a02690-22ed-76b9-941f-32a77ae93039;Cottonmouth Charlie;01a02690-0cc4-742e-86ec-7f185f483593;PhaseSyndicate
01a02690-22ed-76b9-941f-32a8a5b9aaba;Against All Odds;01a02690-0cc4-742e-86ec-7f19860fc136;Phil Collins
01a02690-22ed-76b9-941f-32a97aea09ed;Another Day In Paradise;01a02690-0cc4-742e-86ec-7f19860fc136;Phil Collins
01a02690-22ed-76b9-941f-32aa84ce206d;In the Air Tonight;01a02690-0cc4-742e-86ec-7f19860fc136;Phil Collins
01a02690-22ed-76b9-941f-32abc80e2484;Take Me Home;01a02690-0cc4-742e-86ec-7f19860fc136;Phil Collins
01a02690-22ed-76b9-941f-32ac85739252;You'll Be In My Heart;01a02690-0cc4-742e-86ec-7f19860fc136;Phil Collins
01a02690-22ed-76b9-941f-32adde8c2438;Everyday Hallelujah;01a02690-0cc4-742e-86ec-7f1aaa218b19;Phil Wickham
01a02690-22e6-772f-ba89-eca9f14a2cdb;It Really Is Amazing Grace;01a02690-0cc4-742e-86ec-7f1aaa218b19;Phil Wickham
01a02690-22ed-76b9-941f-32aee9366116;What An Awesome God;01a02690-0cc4-742e-86ec-7f1aaa218b19;Phil Wickham
01a02690-22e8-7496-8881-bfd581da705d;1947: Suite for Solo Piano & Orchestra: II. Bracken Road;01a02690-0cc4-742e-86ec-7f1b2811213e;Philharmonia Orchestra
01a02690-22e3-7064-9388-105f534d86a5;Tara;01a02690-0cc4-742e-86ec-7f1b2811213e;Philharmonia Orchestra
01a02690-22e4-7376-a60c-b9c636079304;Wolke 4;01a02690-0cc4-742e-86ec-7f1cd5fe25c4;Philipp Dittberner
01a02690-22ed-76b9-941f-32af9e16fff9;Postkarte;01a02690-0cc4-742e-86ec-7f1d6da7d5d6;Philipp Poisel
01a02690-22e6-772f-ba89-ec4344e1d294;Home;01a02690-0cc4-742e-86ec-7f1e31f86163;Phillip Phillips
01a02690-22ed-76b9-941f-32b00d55b862;Lost Boys;01a02690-0cc4-742e-86ec-7f1f41c404aa;Phoebe Bridgers
01a02690-22e3-7064-9388-104828cbff47;Nightcall;01a02690-0cc4-742e-86ec-7f20f600be85;Phoenix
01a02690-22ed-76b9-941f-32b13814ec78;Black Card;01a02690-0cc4-742e-86ec-7f21e12a1f7f;Phuwin
01a02690-22ed-76b9-941f-32b2cde575c9;Love's Eye View;01a02690-0cc4-742e-86ec-7f21e12a1f7f;Phuwin
01a02690-22ed-76b9-941f-32b3e2148589;มีเธอดีกว่า;01a02690-0cc4-742e-86ec-7f21e12a1f7f;Phuwin
01a02690-22ed-76b9-941f-32b46788191a;มีเพียงเธอ;01a02690-0cc4-742e-86ec-7f21e12a1f7f;Phuwin
01a02690-22ed-76b9-941f-32b543564ba4;แค่นาทีเดียว;01a02690-0cc4-742e-86ec-7f21e12a1f7f;Phuwin
01a02690-22ed-76b9-941f-32b603f47c2f;Ein Kuss ohne Liebe;01a02690-0cc4-742e-86ec-7f2212b72789;Pia-Sophie
01a02690-22ed-76b9-941f-32b7a5c7da4a;Love Sick;01a02690-0cc4-742e-86ec-7f239538fa15;Picheolin
01a02690-22ed-76b9-941f-32b83f72c673;Mi-cheo Mi-cheo;01a02690-0cc4-742e-86ec-7f239538fa15;Picheolin
01a02690-22ed-76b9-941f-32b9072018bd;Party Rock Rock;01a02690-0cc4-742e-86ec-7f239538fa15;Picheolin
01a02690-22ed-76b9-941f-32ba06ce162a;Je pense à vous;01a02690-0cc4-742e-86ec-7f2449a3fecd;Pierre de Maere
01a02690-22ed-76b9-941f-32bb078d3fc1;Amore Mio;01a02690-0cc4-742e-86ec-7f258511a16c;Pietro Basile
01a02690-22ed-76b9-941f-32bc98c528f1;Buongiorno;01a02690-0cc4-742e-86ec-7f258511a16c;Pietro Basile
01a02690-22ed-76b9-941f-32bd476860be;Hey Macarena;01a02690-0cc4-742e-86ec-7f258511a16c;Pietro Basile
01a02690-22ed-76b9-941f-32be18b3da17;Hey Musiala;01a02690-0cc4-742e-86ec-7f258511a16c;Pietro Basile
01a02690-22e3-7064-9388-103d8b6c741e;UNA CANZONE PER TE;01a02690-0cc4-742e-86ec-7f258511a16c;Pietro Basile
01a02690-22ea-7193-8a3e-1bfd9799042b;Hypnotisiert;01a02690-0cc4-742e-86ec-7f265b28a3ee;Pietro Lombardi
01a02690-22ed-76b9-941f-32bfa985cbe3;Nicht Normal;01a02690-0cc4-742e-86ec-7f265b28a3ee;Pietro Lombardi
01a02690-22ea-7193-8a3e-1be2c17f833a;Roofer;01a02690-0cc4-742e-86ec-7f265b28a3ee;Pietro Lombardi
01a02690-22ed-76b9-941f-32c0f5a01664;Welcome Home;01a02690-0cc4-742e-86ec-7f265b28a3ee;Pietro Lombardi
01a02690-22ed-76b9-941f-32c147cd50d4;Sorry Scusa Lo Siento;01a02690-0cc4-742e-86ec-7f271230ec1f;Pinguini Tattici Nucleari
01a02690-22ed-76b9-941f-32c2a4988ebc;Wish You Were Here;01a02690-0cc4-742e-86ec-7f2808350b9b;Pink Floyd
01a02690-22ed-76b9-941f-32c3804fdd00;Stateside;01a02690-0cc4-742e-86ec-7f296c77810b;PinkPantheress
01a02690-22ed-76b9-941f-32c4a3fa0512;Fireball;01a02690-0cc4-742e-86ec-7f2add6a1b6f;Pitbull
01a02690-22e3-7064-9388-1075d63adbe0;Give Me Everything;01a02690-0cc4-742e-86ec-7f2add6a1b6f;Pitbull
01a02690-22ed-76b9-941f-32c5e14b14bf;Greenlight;01a02690-0cc4-742e-86ec-7f2add6a1b6f;Pitbull
01a02690-22e8-7496-8881-bf2f683b2e83;Yeehaw;01a02690-0cc4-742e-86ec-7f2add6a1b6f;Pitbull
01a02690-22ed-76b9-941f-32c6e482020b;Nancy Boy;01a02690-0cc4-742e-86ec-7f2bf2e17675;Placebo
01a02690-22ed-76b9-941f-32c79c1694d6;Ça plane pour moi;01a02690-0cc4-742e-86ec-7f2c3638820a;Plastic Bertrand
01a02690-22e6-772f-ba89-ece112700e6a;Azukita;01a02690-0cc4-742e-86ec-7f2d1e66eaae;Play-N-Skillz
01a02690-22ed-76b9-941f-32c8645f96e7;Raw;01a02690-0cc4-742e-86ec-7f2ea0a2d8b2;Playful Devotion
01a02690-22ed-76b9-941f-32c9090cc2a6;Keith;01a02690-0cc4-742e-86ec-7f2f883d03b4;Playlunch
01a02690-22ed-76b9-941f-32ca156a5cdd;SAKASAMA;01a02690-0cc4-742e-86ec-7f3075f90a43;Polkadot Stingray
01a02690-22ed-76b9-941f-32cbd7c7a630;PomPomPow;01a02690-0cc4-742e-86ec-7f31d368993f;Pompompurin
01a02690-22ed-76b9-941f-32cc34a61b5b;Purin to Muffin no pom pom beat;01a02690-0cc4-742e-86ec-7f31d368993f;Pompompurin
01a02690-22ed-76b9-941f-32cd891499ad;บอกธีร์;01a02690-0cc4-742e-86ec-7f3299d66f8c;Pond Naravit
01a02690-22ed-76b9-941f-32b3e2148589;มีเธอดีกว่า;01a02690-0cc4-742e-86ec-7f3299d66f8c;Pond Naravit
01a02690-22ed-76b9-941f-32b46788191a;มีเพียงเธอ;01a02690-0cc4-742e-86ec-7f3299d66f8c;Pond Naravit
01a02690-22e6-772f-ba89-ecb872eb6ac9;Think About Us;01a02690-0cc4-742e-86ec-7f3376d03cc3;Poppy Baskcomb
01a02690-22ed-76b9-941f-32cec1880d5c;บทเพลงที่ตามหา;01a02690-0cc4-742e-86ec-7f348db43e90;Por Suppakarn
01a02690-22e9-71a4-af72-5cc6862367cd;Desperado;01a02690-0cc4-742e-86ec-7f352c6cf8fe;Porno Graffitti
01a02690-22ed-76b9-941f-32cf2e25a6f7;Dessin4;01a02690-0cc4-742e-86ec-7f352c6cf8fe;Porno Graffitti
01a02690-22ed-76b9-941f-32d095a3c9fc;MOGURA;01a02690-0cc4-742e-86ec-7f352c6cf8fe;Porno Graffitti
01a02690-22ed-76b9-941f-32d1f277d5bb;The Mountain Ogre;01a02690-0cc4-742e-86ec-7f352c6cf8fe;Porno Graffitti
01a02690-22ec-7440-b13d-6491d685194c;WannaCry;01a02690-0cc4-742e-86ec-7f3640a79651;Porter Robinson
01a02690-22ed-76b9-941f-32d214285092;I Had Some Help;01a02690-0cc4-742e-86ec-7f378bbc1c69;Post Malone
01a02690-22ed-76b9-941f-32d3c802354d;Sunflower;01a02690-0cc4-742e-86ec-7f378bbc1c69;Post Malone
01a02690-22ed-76b9-941f-32d4795f5a60;Sarà perché ti amo;01a02690-0cc4-742e-86ec-7f3814e150d9;Poveri
01a02690-22e3-7064-9388-0feeb0b91fdf;una voz;01a02690-0cc4-742e-86ec-7f39955f7e69;Presencia Project
01a02690-22ed-76b9-941f-32d5d6781ccd;Purple Rain;01a02690-0cc4-742e-86ec-7f3aaca48b83;Prince
01a02690-22ed-76b9-941f-32d638fd19c7;Stone;01a02690-0cc4-742e-86ec-7f3aaca48b83;Prince
01a02690-22ea-7193-8a3e-1c95741f5fff;Theater;01a02690-0cc4-742e-86ec-7f3aaca48b83;Prince
01a02690-22ea-7193-8a3e-1c964e16d527;Waltz for Lily;01a02690-0cc4-742e-86ec-7f3aaca48b83;Prince
01a02690-22ed-76b9-941f-32d71719d2c9;When Doves Cry;01a02690-0cc4-742e-86ec-7f3aaca48b83;Prince
01a02690-22ed-76b9-941f-32d88931da21;With This Tear;01a02690-0cc4-742e-86ec-7f3aaca48b83;Prince
01a02690-22ed-76b9-941f-32d93037516e;Dardos;01a02690-0cc4-742e-86ec-7f3bba8dd2a3;Prince Royce
01a02690-22ed-76b9-941f-32da9804400f;A Whiter Shade of Pale;01a02690-0cc4-742e-86ec-7f3c90b60b77;Procol Harum
01a02690-22ed-76b9-941f-32db08fe7699;Good Time Boy;01a02690-0cc4-742e-86ec-7f3d0b6ce14d;Prof
01a02690-22e6-772f-ba89-ec79441ee527;Free Your Mind;01a02690-0cc4-742e-86ec-7f3e370bd6e0;Prospa
01a02690-22ed-76b9-941f-32dc2725bbe4;Begging for Change;01a02690-0cc4-742e-86ec-7f3f24c4e75a;Pulp
01a02690-22e6-772f-ba89-ec34fb21b554;Stay With Me;01a02690-0cc4-742e-86ec-7f409e5f28a1;Punch
01a02690-22ed-76b9-941f-32dddcac9405;Forse;01a02690-0cc4-742e-86ec-7f41dac5f17c;Pupo
01a02690-22ec-7440-b13d-64a6b0ce7e0d;So nah wie noch nie;01a02690-0cc4-742e-86ec-7f41dac5f17c;Pupo
01a02690-22e7-71eb-b833-305b14c11b62;Addicted to Bass;01a02690-0cc4-742e-86ec-7f42c6dd6be9;Puretone
01a02690-22ed-76b9-941f-32de978ad4e0;ImpetuoUs;01a02690-0cc4-742e-86ec-7f43e21e3211;Puscifer
01a02690-22ed-76b9-941f-32dfb892c54c;Mine, Lord Willing;01a02690-0cc4-742e-86ec-7f44c9e2af19;Pynk Beard
01a02690-22e9-71a4-af72-5bded4c66358;Go the Route;01a02690-0cc4-742e-86ec-7f45eac59ab6;QUARTET NIGHT
01a02690-22ed-76b9-941f-32e0e4a950b5;Bohemian Rhapsody;01a02690-0cc4-742e-86ec-7f464907454c;Queen
01a02690-22ed-76b9-941f-32e1d9050b2d;Don't Stop Me Now;01a02690-0cc4-742e-86ec-7f464907454c;Queen
01a02690-22ed-76b9-941f-32e20303e704;Seven Seas Of Rhye;01a02690-0cc4-742e-86ec-7f464907454c;Queen
01a02690-22ed-76b9-941f-32e3b5edb96e;Under Pressure;01a02690-0cc4-742e-86ec-7f464907454c;Queen
01a02690-22ed-76b9-941f-32e4f32dcc83;Piss Em’ Off;01a02690-0cc4-742e-86ec-7f47bab8a826;Queen Butterfly
01a02690-22ed-76b9-941f-32e5d1ecbf0b;South Side Of The Kingdom;01a02690-0cc4-742e-86ec-7f47bab8a826;Queen Butterfly
01a02690-22e7-71eb-b833-3099c51cc00c;Persona Abyss;01a02690-0cc4-742e-86ec-7f4868c0eb77;Queen Labyrinth of the Ocean Floor
01a02690-22e8-7496-8881-bf94feef4dad;What If;01a02690-0cc4-742e-86ec-7f49d80a4e98;Queen Omega
01a02690-22ed-76b9-941f-32e6693c062c;Easy Street;01a02690-0cc4-742e-86ec-7f4ab52f1263;Queens of the Stone Age
01a02690-22e7-71eb-b833-30e8892df000;LA GRACIOSA;01a02690-0cc4-742e-86ec-7f4b9b0bc977;Quevedo
01a02690-22ed-76b9-941f-32610b3bee30;Losing My Religion;01a02690-0cc4-742e-86ec-7f4c0aca7971;R.E.M.
01a02690-22ed-76b9-941f-32e728d1f294;Seikai;01a02690-0cc4-742e-86ec-7f4dff9c7f61;RADWIMPS
01a02690-22ea-7193-8a3e-1be0407b965c;KOMM NÄHER;01a02690-0cc4-742e-86ec-7f4ed5ec05d5;RAF Camora
01a02690-22e6-772f-ba89-ed020293cd05;MACH PAPIER;01a02690-0cc4-742e-86ec-7f4ed5ec05d5;RAF Camora
01a02690-22ed-76b9-941f-32e8c180f4cc;VISION;01a02690-0cc4-742e-86ec-7f4ed5ec05d5;RAF Camora
01a02690-22eb-71cc-a5a4-2fd23e0b2e73;ZEITPUNKT;01a02690-0cc4-742e-86ec-7f4ed5ec05d5;RAF Camora
01a02690-22ed-76b9-941f-32e962315160;Weh;01a02690-0cc4-742e-86ec-7f4f9717659c;RAHEL
01a02690-22ea-7193-8a3e-1bb5684155a8;Devotion;01a02690-0cc4-742e-86ec-7f50ff670601;RAHH
01a02690-22e7-71eb-b833-308407ad2bc4;Silence;01a02690-0cc4-742e-86ec-7f51fdbfb4ee;RANI
01a02690-22ed-76b9-941f-32ea3ee7337f;MUSIC FOR LIFE;01a02690-0cc4-742e-86ec-7f52ae3c62ee;RANMARU KUROSAKI(CV.Tatsuhisa Suzuki)
01a02690-22ed-76b9-941f-32eb29c98879;「WINNER」;01a02690-0cc4-742e-86ec-7f52ae3c62ee;RANMARU KUROSAKI(CV.Tatsuhisa Suzuki)
01a02690-22e5-74eb-8ac8-9f2657fe1a9c;メガLOVEハッピーワールド;01a02690-0cc4-742e-86ec-7f52ae3c62ee;RANMARU KUROSAKI(CV.Tatsuhisa Suzuki)
01a02690-22ed-76b9-941f-32ec1e1b0fe8;ALONE WITH MEMORIES;01a02690-0cc4-742e-86ec-7f53ed8f1896;RASELHITS
01a02690-22ed-76b9-941f-32ed39c7a1e7;Click Clack Symphony.;01a02690-0cc4-742e-86ec-7f54a6a688bb;RAYE
01a02690-22ed-76b9-941f-32eedcf744e5;I Know You're Hurting.;01a02690-0cc4-742e-86ec-7f54a6a688bb;RAYE
01a02690-22ed-76b9-941f-32ef0a5791ec;Joy.;01a02690-0cc4-742e-86ec-7f54a6a688bb;RAYE
01a02690-22ed-76b9-941f-32f08038fc95;Nightingale Lane.;01a02690-0cc4-742e-86ec-7f54a6a688bb;RAYE
01a02690-22ed-76b9-941f-32f1d85aac15;WHERE IS MY HUSBAND;01a02690-0cc4-742e-86ec-7f54a6a688bb;RAYE
01a02690-22e3-7064-9388-0fae31a8f398;Golden;01a02690-0cc4-742e-86ec-7f55d28e27f9;REI AMI
01a02690-22e3-7064-9388-0faf96ca2d6c;How It’s Done;01a02690-0cc4-742e-86ec-7f55d28e27f9;REI AMI
01a02690-22e3-7064-9388-0fb066baf4b5;Takedown;01a02690-0cc4-742e-86ec-7f55d28e27f9;REI AMI
01a02690-22e3-7064-9388-0fb17a8aaad3;What It Sounds Like;01a02690-0cc4-742e-86ec-7f55d28e27f9;REI AMI
01a02690-22ed-76b9-941f-32f220c9f92f;Drown in;01a02690-0cc4-742e-86ec-7f5638efb5b6;REIJI KOTOBUKI(CV.Showtaro Morikubo)
01a02690-22e7-71eb-b833-308ae0bb37f3;MUSIC ENERGY;01a02690-0cc4-742e-86ec-7f5638efb5b6;REIJI KOTOBUKI(CV.Showtaro Morikubo)
01a02690-22ed-76b9-941f-32f360877d9e;「ワンダフルSMILE」;01a02690-0cc4-742e-86ec-7f5638efb5b6;REIJI KOTOBUKI(CV.Showtaro Morikubo)
01a02690-22ed-76b9-941f-32f4c9035864;同谋者的默契;01a02690-0cc4-742e-86ec-7f579e9f1de6;RENJUN
01a02690-22ed-76b9-941f-32f56606a52e;Homeoffice;01a02690-0cc4-742e-86ec-7f58efc64504;RIAN
01a02690-22ed-76b9-941f-32f648fd9859;All of You;01a02690-0cc4-742e-86ec-7f599fc14e34;RIIZE
01a02690-22ed-76b9-941f-32f72ed14aa3;Behind The Shine;01a02690-0cc4-742e-86ec-7f599fc14e34;RIIZE
01a02690-22ed-76b9-941f-32f84d016eba;Do your dance;01a02690-0cc4-742e-86ec-7f599fc14e34;RIIZE
01a02690-22ed-76b9-941f-32f9a5641bd0;Flashlight;01a02690-0cc4-742e-86ec-7f599fc14e34;RIIZE
01a02690-22ed-76b9-941f-32fa59a917e1;KILL SHOT;01a02690-0cc4-742e-86ec-7f599fc14e34;RIIZE
01a02690-22ed-76b9-941f-32fb290a7e61;Sunburst;01a02690-0cc4-742e-86ec-7f599fc14e34;RIIZE
01a02690-22ea-7193-8a3e-1c868cc738e3;So Good;01a02690-0cc4-742e-86ec-7f5affddef19;RIKON
01a02690-22ed-76b9-941f-32fc7622a5e5;The Terminal;01a02690-0cc4-742e-86ec-7f5affddef19;RIKON
01a02690-22ed-76b9-941f-32fd704ca469;Groin;01a02690-0cc4-742e-86ec-7f5b92c220dc;RM
01a02690-22ed-76b9-941f-32fe21de9445;Fake It;01a02690-0cc4-742e-86ec-7f5cf05ceb79;ROCKY
01a02690-22eb-71cc-a5a4-30bcd53d57ed;Why Red Induction;01a02690-0cc4-742e-86ec-7f5da85851fe;ROID
01a02690-22ed-76b9-941f-32ff09a6d99b;DRESS CODE;01a02690-0cc4-742e-86ec-7f5eedb88bcf;ROIROM
01a02690-22ed-76b9-941f-33001d3e37cc;GHOST HOUSE;01a02690-0cc4-742e-86ec-7f5eedb88bcf;ROIROM
01a02690-22ed-76b9-941f-330127933f77;High Hopes 3000;01a02690-0cc4-742e-86ec-7f5f05264225;ROLE MODEL
01a02690-22ed-76b9-941f-3302591d0f0d;Sally, When The Wine Runs Out;01a02690-0cc4-742e-86ec-7f5f05264225;ROLE MODEL
01a02690-22ed-76b9-941f-33036023f006;Track 7;01a02690-0cc4-742e-86ec-7f5f05264225;ROLE MODEL
01a02690-22e5-74eb-8ac8-9e9321fb36b3;Berghain;01a02690-0cc4-742e-86ec-7f60b48b5b4e;ROSALÍA
01a02690-22ed-76b9-941f-33042a7eebb6;Focu 'Ranni;01a02690-0cc4-742e-86ec-7f60b48b5b4e;ROSALÍA
01a02690-22ed-76b9-941f-330587a506e9;Jeanne;01a02690-0cc4-742e-86ec-7f60b48b5b4e;ROSALÍA
01a02690-22ed-76b9-941f-3306e9c3e12e;La Perla;01a02690-0cc4-742e-86ec-7f60b48b5b4e;ROSALÍA
01a02690-22ed-76b9-941f-33078d21ef5e;Novia Robot;01a02690-0cc4-742e-86ec-7f60b48b5b4e;ROSALÍA
01a02690-22ed-76b9-941f-33085a978005;Sexo, Violencia y Llantas;01a02690-0cc4-742e-86ec-7f60b48b5b4e;ROSALÍA
01a02690-22e5-74eb-8ac8-9f045f69ded8;APT.;01a02690-0cc4-742e-86ec-7f618ec5ae06;ROSÉ
01a02690-22ea-7193-8a3e-1c3e1f8a164d;Runaway;01a02690-0cc4-742e-86ec-7f62367b5476;RYEOWOOK
01a02690-22ed-76b9-941f-3309c6876a1e;Girls;01a02690-0cc4-742e-86ec-7f63df52be7c;Rachel Platten
01a02690-22ed-76b9-941f-330a13f7e617;Stand By You;01a02690-0cc4-742e-86ec-7f63df52be7c;Rachel Platten
01a02690-22ed-76b9-941f-330b4f10916d;Creep;01a02690-0cc4-742e-86ec-7f6491c74b27;Radiohead
01a02690-22ed-76b9-941f-330ca1150baa;Fake Plastic Trees;01a02690-0cc4-742e-86ec-7f6491c74b27;Radiohead
01a02690-22ed-76b9-941f-330dac0e91c2;Ora e per sempre;01a02690-0cc4-742e-86ec-7f6507008959;Raf
01a02690-22ed-76b9-941f-330e65c095ad;VALHALLA CALLING;01a02690-0cc4-742e-86ec-7f665fd7f7e6;Ragal Ironbull
01a02690-22ed-76b9-941f-330f2ed6f3a4;VIKING VIBES;01a02690-0cc4-742e-86ec-7f665fd7f7e6;Ragal Ironbull
01a02690-22ed-76b9-941f-3310b1e191cc;Killing In the Name;01a02690-0cc4-742e-86ec-7f67bcc53055;Rage Against the Machine
01a02690-22ed-76b9-941f-3311bc03c4cd;NORTH WIND CALLS;01a02690-0cc4-742e-86ec-7f68d343503f;Ragnar Bloodclaw
01a02690-22ed-76b9-941f-3312c88775e8;Streets of London;01a02690-0cc4-742e-86ec-7f69bb57cef6;Ralph McTell
01a02690-22ed-76b9-941f-3313da1ccafb;Take Me Up;01a02690-0cc4-742e-86ec-7f6a8658f0e7;Ralphi Rosario
01a02690-22ed-76b9-941f-331412920048;HÄSSLICH;01a02690-0cc4-742e-86ec-7f6bddb18c7b;Ramazan
01a02690-22ed-76b9-941f-3315880e2b89;Main Title;01a02690-0cc4-742e-86ec-7f6caae0f8d5;Ramin Djawadi
01a02690-22ed-76b9-941f-3316dbc87f38;You've Got a Friend In Me;01a02690-0cc4-742e-86ec-7f6d3261bd09;Randy Newman
01a02690-22e4-7376-a60c-b9a1c625b954;Title Track;01a02690-0cc4-742e-86ec-7f6eba5aef94;Ranjit Kaur
01a02690-22ed-76b9-941f-3317c04d09f4;Life Is a Highway;01a02690-0cc4-742e-86ec-7f6fa8267844;Rascal Flatts
01a02690-22ed-76b9-941f-3318f33022ab;gararaikyu;01a02690-0cc4-742e-86ec-7f70ac59870a;Raul
01a02690-22e9-71a4-af72-5ca68bbabee2;ROSITA;01a02690-0cc4-742e-86ec-7f719ddf346b;Rauw Alejandro
01a02690-22ed-76b9-941f-331941269ebe;Wild Around the Edges;01a02690-0cc4-742e-86ec-7f72f7c2f653;Raven Sage
01a02690-22ed-76b9-941f-331a971b9718;Love Me Not;01a02690-0cc4-742e-86ec-7f734697f3b4;Ravyn Lenae
01a02690-22ed-76b9-941f-331bb09995a4;America the Beautiful;01a02690-0cc4-742e-86ec-7f743ea143f1;Ray Charles
01a02690-22ed-76b9-941f-331cdf65a8ff;Hit the Road Jack;01a02690-0cc4-742e-86ec-7f743ea143f1;Ray Charles
01a02690-22ed-76b9-941f-331d3240110e;Sokyokusen Mirage;01a02690-0cc4-742e-86ec-7f75d10cbd76;Re:vale
01a02690-22e9-71a4-af72-5c75746c2a9b;Rivers;01a02690-0cc4-742e-86ec-7f76511e19c6;Rea Garvey
01a02690-22ec-7440-b13d-645123ad928e;Extortion 17;01a02690-0cc4-742e-86ec-7f77371aac11;Real America's Music
01a02690-22e6-772f-ba89-ecdab5797a9e;Together We Rise;01a02690-0cc4-742e-86ec-7f77371aac11;Real America's Music
01a02690-22ed-76b9-941f-331eaa665a5f;Stuck in Between;01a02690-0cc4-742e-86ec-7f78a6df09cf;Rebecca Armstrong
01a02690-22e5-74eb-8ac8-9eba69d98c67;Aari Aari;01a02690-0cc4-742e-86ec-7f7995301787;Reble
01a02690-22ed-76b9-941f-331f6d4d361e;ASSHOLE ANTHEM;01a02690-0cc4-742e-86ec-7f7a5aa681ea;Red Grizz
01a02690-22ed-76b9-941f-3320b69971f7;Surfin' Boy;01a02690-0cc4-742e-86ec-7f7b923b114b;Red Velvet
01a02690-22ec-7440-b13d-64955dc52a75;La Roja Baila;01a02690-0cc4-742e-86ec-7f7cb85b4546;RedOne
01a02690-22ed-76b9-941f-3321139ac053;Come and Get Your Love;01a02690-0cc4-742e-86ec-7f7d052345b5;Redbone
01a02690-22ed-76b9-941f-3322069cfd7e;I Was Only 19;01a02690-0cc4-742e-86ec-7f7e7ccec09c;Redgum
01a02690-22e8-7496-8881-bf5efbc4ee22;Talk of the Town;01a02690-0cc4-742e-86ec-7f7fa65dd6a2;Reggie
01a02690-22ed-76b9-941f-328ce9bafa9b;A Whole New World;01a02690-0cc4-742e-86ec-7f80cc483c25;Regina Belle
01a02690-22e8-7496-8881-bfb334ea881e;Loco Loco;01a02690-0cc4-742e-86ec-7f81e7a0d616;Reinier Zonneveld
01a02690-22e3-7064-9388-1054f8237de4;Goals;01a02690-0cc4-742e-86ec-7f82b5d45b29;Rema
01a02690-22ed-76b9-941f-33235cf3d361;Sangatsu Kokonoka;01a02690-0cc4-742e-86ec-7f83d9d902bf;Remioromen
01a02690-22e8-7496-8881-bf61563363d6;Ever Since U Left Me;01a02690-0cc4-742e-86ec-7f8407efdbb2;Remy Ma
01a02690-22e6-772f-ba89-ec669b9ee7ba;Bad Company;01a02690-0cc4-742e-86ec-7f85e00fc81a;Ren
01a02690-22e6-772f-ba89-ec671e55eb2f;Down The Road;01a02690-0cc4-742e-86ec-7f85e00fc81a;Ren
01a02690-22e6-772f-ba89-ec6810a841f6;Instigator;01a02690-0cc4-742e-86ec-7f85e00fc81a;Ren
01a02690-22ed-76b9-941f-3324b5aaea64;360m;01a02690-0cc4-742e-86ec-7f8619756ac1;Ren Meguro
01a02690-22ed-76b9-941f-332560a881b9;Amore;01a02690-0cc4-742e-86ec-7f878c18c622;ReoNa
01a02690-22ed-76b9-941f-3326301794cf;CLUTCH;01a02690-0cc4-742e-86ec-7f878c18c622;ReoNa
01a02690-22ed-76b9-941f-3327901cc036;Lv.1 Class: Human;01a02690-0cc4-742e-86ec-7f878c18c622;ReoNa
01a02690-22ed-76b9-941f-3328c1c07fdd;Yuiyuinouta;01a02690-0cc4-742e-86ec-7f878c18c622;ReoNa
01a02690-22ed-76b9-941f-33296e5b8b9f;Good day;01a02690-0cc4-742e-86ec-7f880ad762a5;Return to Peace
01a02690-22ed-76b9-941f-332a0a52d237;A Heartbeat's Turn;01a02690-0cc4-742e-86ec-7f89a55f3e1f;Rex
01a02690-22ed-76b9-941f-332bacac154c;一念(电视剧《逐玉》插曲);01a02690-0cc4-742e-86ec-7f89a55f3e1f;Rex
01a02690-22e6-772f-ba89-ecc59d52e948;Dichavate;01a02690-0cc4-742e-86ec-7f8a5cabc5ad;Rey Tony
01a02690-22e4-7376-a60c-b9e262e79eac;Meteo-Right;01a02690-0cc4-742e-86ec-7f8b75dc308d;Rhein Kraft (CV: Nanae Kojima)
01a02690-22ed-76b9-941f-332c4f724765;I Don’t Talk About It;01a02690-0cc4-742e-86ec-7f8c222c98ab;Rhy Elliot
01a02690-22ed-76b9-941f-332de0ba8331;I'm Okay but I'm Not;01a02690-0cc4-742e-86ec-7f8c222c98ab;Rhy Elliot
01a02690-22ed-76b9-941f-32d4795f5a60;Sarà perché ti amo;01a02690-0cc4-742e-86ec-7f8de94a41ce;Ricchi
01a02690-22e4-7376-a60c-b9471300e26a;Back to You;01a02690-0cc4-742e-86ec-7f8e594f62c9;Ricci G
01a02690-22ec-7440-b13d-6445fe7590c0;Walk Away;01a02690-0cc4-742e-86ec-7f8e594f62c9;Ricci G
01a02690-22e4-7376-a60c-b92cb1c8290f;Always You;01a02690-0cc4-742e-86ec-7f8fbf90a716;Richard Durand
01a02690-22e4-7376-a60c-b9bf5f87d22d;Venus;01a02690-0cc4-742e-86ec-7f909a81d044;Richard X
01a02690-22ed-76b9-941f-332e0035fc4f;Raindrops;01a02690-0cc4-742e-86ec-7f9161874e7a;Rick Astley
01a02690-22ed-76b9-941f-332f7cebb150;Waiting On You;01a02690-0cc4-742e-86ec-7f9161874e7a;Rick Astley
01a02690-22eb-71cc-a5a4-3060b232cb90;Vuelve;01a02690-0cc4-742e-86ec-7f92cbd07e97;Ricky Martin
01a02690-22ed-76b9-941f-33302d6fde42;You Can't Run From Me;01a02690-0cc4-742e-86ec-7f930c1c4a44;Rico Nasty
01a02690-22ed-76b9-941f-33311e7425a5;Don't Mind If I Do;01a02690-0cc4-742e-86ec-7f946b3b3049;Riley Green
01a02690-22ed-76b9-941f-3332c3621471;Go Again;01a02690-0cc4-742e-86ec-7f946b3b3049;Riley Green
01a02690-22e5-74eb-8ac8-9f593808a173;If I Don't Leave I'm Gonna Stay;01a02690-0cc4-742e-86ec-7f946b3b3049;Riley Green
01a02690-22ed-76b9-941f-3333398acbe0;Imagine That;01a02690-0cc4-742e-86ec-7f946b3b3049;Riley Green
01a02690-22e8-7496-8881-bf58489ac3d6;My Way;01a02690-0cc4-742e-86ec-7f946b3b3049;Riley Green
01a02690-22ed-76b9-941f-3334b6b217fd;Think As You Drunk;01a02690-0cc4-742e-86ec-7f946b3b3049;Riley Green
01a02690-22ed-76b9-941f-33353546ca9e;Worst Way;01a02690-0cc4-742e-86ec-7f946b3b3049;Riley Green
01a02690-22e7-71eb-b833-30e1d45ce04f;you look like you love me;01a02690-0cc4-742e-86ec-7f946b3b3049;Riley Green
01a02690-22e9-71a4-af72-5c01942f51e3;Sugar Flavor;01a02690-0cc4-742e-86ec-7f95b588cf11;Rinami Himesaki
01a02690-22ed-76b9-941f-333695b3fdcc;Flat out;01a02690-0cc4-742e-86ec-7f96696b206a;Rindo Chihaya
01a02690-22ee-7495-b83f-96db6f28a862;LENZ;01a02690-0cc4-742e-86ec-7f978db57faa;Ringlstetter
01a02690-22ee-7495-b83f-96dc073a1228;Choose Love;01a02690-0cc4-742e-86ec-7f986e37a5fc;Ringo Starr
01a02690-22ed-76b9-941f-32885a3e73f4;Home to Us;01a02690-0cc4-742e-86ec-7f986e37a5fc;Ringo Starr
01a02690-22eb-71cc-a5a4-3085e72051b0;Love Me Where It Hurts;01a02690-0cc4-742e-86ec-7f99e42bb149;River
01a02690-22ee-7495-b83f-96ddce45bb06;Hell Out Of Me;01a02690-0cc4-742e-86ec-7f9a6170d063;River Cain
01a02690-22ee-7495-b83f-96de2f5ee340;Jesus On The Rocks;01a02690-0cc4-742e-86ec-7f9a6170d063;River Cain
01a02690-22ee-7495-b83f-96df841b4ba0;Mama's Boy;01a02690-0cc4-742e-86ec-7f9a6170d063;River Cain
01a02690-22e7-71eb-b833-30f298e33390;VACCI PIANO;01a02690-0cc4-742e-86ec-7f9bdd224b30;Rkomi
01a02690-22ee-7495-b83f-96e0ab3e0ded;MON BÉBÉ;01a02690-0cc4-742e-86ec-7f9cb3ee8b43;RnBoi
01a02690-22ee-7495-b83f-96e10f0362af;Walk My Walk;01a02690-0cc4-742e-86ec-7f9dc8c3d0b7;Road Boyyz
01a02690-22ee-7495-b83f-96e2b0a74ee6;Safe Return;01a02690-0cc4-742e-86ec-7f9ec0f4d237;Rob Simonsen
01a02690-22ee-7495-b83f-96e33b046648;"(I'm a) Rock ""N"" Roller";01a02690-0cc4-742e-86ec-7f9f9f440a18;Rob Zombie
01a02690-22ee-7495-b83f-96e4804de53a;All My Life;01a02690-0cc4-742e-86ec-7fa0ca760f33;Robbie Williams
01a02690-22ee-7495-b83f-96e55bc05419;Angels;01a02690-0cc4-742e-86ec-7fa0ca760f33;Robbie Williams
01a02690-22ee-7495-b83f-96e6f9023201;Desire;01a02690-0cc4-742e-86ec-7fa0ca760f33;Robbie Williams
01a02690-22e6-772f-ba89-ed14623d9cbd;Human;01a02690-0cc4-742e-86ec-7fa0ca760f33;Robbie Williams
01a02690-22ee-7495-b83f-96e7b5215856;Pocket Rocket;01a02690-0cc4-742e-86ec-7fa0ca760f33;Robbie Williams
01a02690-22ee-7495-b83f-96e88f8125bb;Pretty Face;01a02690-0cc4-742e-86ec-7fa0ca760f33;Robbie Williams
01a02690-22ee-7495-b83f-96e9b77b44c7;Rocket;01a02690-0cc4-742e-86ec-7fa0ca760f33;Robbie Williams
01a02690-22ee-7495-b83f-96ea85562447;Spies;01a02690-0cc4-742e-86ec-7fa0ca760f33;Robbie Williams
01a02690-22ee-7495-b83f-96eb718ed4ab;Children;01a02690-0cc4-742e-86ec-7fa1d0300183;Robert Miles
01a02690-22ed-76b9-941f-32520e9bf674;what’s wrong with me;01a02690-0cc4-742e-86ec-7fa229860b87;Robert Smith
01a02690-22eb-71cc-a5a4-2fe8031006c2;Boy Scientist;01a02690-0cc4-742e-86ec-7fa3993a9b37;Robert Ziegler
01a02690-22e7-71eb-b833-3066fac30e7d;Moët Dat Nou;01a02690-0cc4-742e-86ec-7fa4b7e8bc15;Robert van Hemert
01a02690-22e3-7064-9388-1042555778e6;Samen Uit Samen Thuis;01a02690-0cc4-742e-86ec-7fa4b7e8bc15;Robert van Hemert
01a02690-22ee-7495-b83f-96ecfbdf2e31;Zandloopster;01a02690-0cc4-742e-86ec-7fa4b7e8bc15;Robert van Hemert
01a02690-22ee-7495-b83f-96ed72214db2;Killing Me Softly With His Song;01a02690-0cc4-742e-86ec-7fa5c9521e12;Roberta Flack
01a02690-22ee-7495-b83f-96eeb957a0b1;The First Time Ever I Saw Your Face;01a02690-0cc4-742e-86ec-7fa5c9521e12;Roberta Flack
01a02690-22ed-76b9-941f-3290cc406134;Tonight I Celebrate My Love;01a02690-0cc4-742e-86ec-7fa5c9521e12;Roberta Flack
01a02690-22ee-7495-b83f-96ef06e33f73;Embers;01a02690-0cc4-742e-86ec-7fa6befd786e;Robin Schulz
01a02690-22ee-7495-b83f-96f0891a534a;Flames;01a02690-0cc4-742e-86ec-7fa6befd786e;Robin Schulz
01a02690-22ed-76b9-941f-3243b1078de1;Miss You;01a02690-0cc4-742e-86ec-7fa6befd786e;Robin Schulz
01a02690-22ee-7495-b83f-96f1210c81a4;Take It Slow;01a02690-0cc4-742e-86ec-7fa6befd786e;Robin Schulz
01a02690-22ee-7495-b83f-96f26743f2d1;Blow My Mind;01a02690-0cc4-742e-86ec-7fa747299893;Robyn
01a02690-22ee-7495-b83f-96f39545ce33;Dancing On My Own;01a02690-0cc4-742e-86ec-7fa747299893;Robyn
01a02690-22ee-7495-b83f-96f4d1c8a9c9;Dopamine;01a02690-0cc4-742e-86ec-7fa747299893;Robyn
01a02690-22ee-7495-b83f-96f5fcdf11f0;Hang With Me;01a02690-0cc4-742e-86ec-7fa747299893;Robyn
01a02690-22ee-7495-b83f-96f67a603e62;Sexistential;01a02690-0cc4-742e-86ec-7fa747299893;Robyn
01a02690-22ee-7495-b83f-96f7e0af3fb6;Talk To Me;01a02690-0cc4-742e-86ec-7fa747299893;Robyn
01a02690-22ee-7495-b83f-96f87ed5391f;Only You Tonight;01a02690-0cc4-742e-86ec-7fa8103a2d69;Rockin' Jukebox
01a02690-22ee-7495-b83f-96f915bb6a68;Storm in my heart;01a02690-0cc4-742e-86ec-7fa8103a2d69;Rockin' Jukebox
01a02690-22ee-7495-b83f-96fab51bdda6;Tuyo;01a02690-0cc4-742e-86ec-7fa9af746793;Rodrigo Amarante
01a02690-22ee-7495-b83f-96fbe3ced208;I See You Now;01a02690-0cc4-742e-86ec-7faaa14902a5;Roger Taylor
01a02690-22ec-7440-b13d-6407ca720e75;Comfortably Numb Re-Imagined;01a02690-0cc4-742e-86ec-7fab2a0addc6;Roger Waters
01a02690-22ee-7495-b83f-96fcc5b2e4dd;Take You Down;01a02690-0cc4-742e-86ec-7fac176c1df7;Rogue Traders
01a02690-22ee-7495-b83f-96fd848aed18;Pop corn;01a02690-0cc4-742e-86ec-7fad7db88c42;Rohff
01a02690-22e3-7064-9388-0fb3d25f51a3;In My Arms;01a02690-0cc4-742e-86ec-7faec0edd779;Rokston
01a02690-22e3-7064-9388-0fb4954a72af;Vertigo;01a02690-0cc4-742e-86ec-7faec0edd779;Rokston
01a02690-22ee-7495-b83f-96fe38fbc886;Ich frag für einen Freund;01a02690-0cc4-742e-86ec-7faf8ffc4ccb;Roland Kaiser
01a02690-22ee-7495-b83f-96ffa0cdbe27;Mein Kompliment;01a02690-0cc4-742e-86ec-7faf8ffc4ccb;Roland Kaiser
01a02690-22eb-71cc-a5a4-30d910e71034;Warum hast du nicht nein gesagt;01a02690-0cc4-742e-86ec-7faf8ffc4ccb;Roland Kaiser
01a02690-22ee-7495-b83f-970040cc1cfe;Voor de straten;01a02690-0cc4-742e-86ec-7fb0474d3595;Rolf Sanchez
01a02690-22ee-7495-b83f-9701077f9596;Stups, der kleine Osterhase;01a02690-0cc4-742e-86ec-7fb1bba4a1df;Rolf Zuckowski und seine Freunde
01a02690-22ee-7495-b83f-970265be72c5;Sag einfach Ja;01a02690-0cc4-742e-86ec-7fb2d93670b7;Roman Neyer
01a02690-22ed-76b9-941f-32d93037516e;Dardos;01a02690-0cc4-742e-86ec-7fb33c4d40a7;Romeo Santos
01a02690-22ee-7495-b83f-970381beb70b;Kiss The Grass;01a02690-0cc4-742e-86ec-7fb462d94275;Roméo Elvis
01a02690-22ee-7495-b83f-97041c8e739c;The Miss Marple Theme;01a02690-0cc4-742e-86ec-7fb581e47e31;Ron Goodwin
01a02690-22ee-7495-b83f-9705371bf85a;If Tomorrow Never Comes;01a02690-0cc4-742e-86ec-7fb68159a83d;Ronan Keating
01a02690-22ee-7495-b83f-97061ba67021;Life Is A Rollercoaster;01a02690-0cc4-742e-86ec-7fb68159a83d;Ronan Keating
01a02690-22ee-7495-b83f-97078e97ef5d;When You Say Nothing At All;01a02690-0cc4-742e-86ec-7fb68159a83d;Ronan Keating
01a02690-22ee-7495-b83f-970040cc1cfe;Voor de straten;01a02690-0cc4-742e-86ec-7fb76e3e1a61;Ronnie Flex
01a02690-22ee-7495-b83f-9708445530a8;The Ash At 6:00 Pm;01a02690-0cc4-742e-86ec-7fb8cd3328f2;Rook
01a02690-22e9-71a4-af72-5be43c9f555c;I Really Want to Stay At Your House;01a02690-0cc4-742e-86ec-7fb9a71964b1;Rosa Walton
01a02690-22e3-7064-9388-101f2afd6f0d;VOLTAGE;01a02690-0cc4-742e-86ec-7fbaf66195c3;Rose Kingdom (CV: Yurina Kikuchi)
01a02690-22ee-7495-b83f-9709f7cfbd23;Another Heartbreak Song;01a02690-0cc4-742e-86ec-7fbbf0b9feef;Rose May Alaba
01a02690-22ee-7495-b83f-970aacab5075;Bis wir uns verlieren;01a02690-0cc4-742e-86ec-7fbbf0b9feef;Rose May Alaba
01a02690-22e4-7376-a60c-b92be389c4d2;Karvaan;01a02690-0cc4-742e-86ec-7fbc17623f41;Roshan
01a02690-22e8-7496-8881-bfa36d0dff85;SUPERSTAR;01a02690-0cc4-742e-86ec-7fbdb6efb021;Roxy Dekker
01a02690-22e7-71eb-b833-303631054306;Bella Napoli;01a02690-0cc4-742e-86ec-7fbe8f29f6a9;Roy Bianco
01a02690-22ee-7495-b83f-970ba5fd3863;Ten Over Ten;01a02690-0cc4-742e-86ec-7fbf6ed3f133;Royal Blood
01a02690-22ee-7495-b83f-970c65b4474a;Cascades;01a02690-0cc4-742e-86ec-7fc028043d87;Royal Fox Society
01a02690-22eb-71cc-a5a4-2fe8031006c2;Boy Scientist;01a02690-0cc4-742e-86ec-7fc19db239eb;Royal Philharmonic Orchestra
01a02690-22ee-7495-b83f-970d2f73ddc6;Todavía Respiro;01a02690-0cc4-742e-86ec-7fc2ea3e2202;Ruby Black
01a02690-22e3-7064-9388-101f2afd6f0d;VOLTAGE;01a02690-0cc4-742e-86ec-7fc3ec6ff5d0;Rulership (CV: Mizutama Umino)
01a02690-22e3-7064-9388-103f098d9f2c;Free;01a02690-0cc4-742e-86ec-7fc485eead41;Rumi
01a02690-22ee-7495-b83f-970e301fd8b0;Distant Early Warning;01a02690-0cc4-742e-86ec-7fc5d4f63562;Rush
01a02690-22ee-7495-b83f-970fb96585b8;The Real Thing;01a02690-0cc4-742e-86ec-7fc6f6375383;Russell Morris
01a02690-22ee-7495-b83f-97109f1d9143;Zomer, Zon & Strand;01a02690-0cc4-742e-86ec-7fc7ab92087f;Rutger Van Barneveld
01a02690-22ee-7495-b83f-9711b8b08dbc;Zwoele Zomernachten;01a02690-0cc4-742e-86ec-7fc7ab92087f;Rutger Van Barneveld
01a02690-22ee-7495-b83f-97123b5dff3d;Better Off Single;01a02690-0cc4-742e-86ec-7fc85379b3f7;Ruth Slade
01a02690-22ee-7495-b83f-97139236ba1e;Talk To Me Nuh;01a02690-0cc4-742e-86ec-7fc95f2ca46b;Rvssian
01a02690-22ee-7495-b83f-97145fd0581f;Blue Skies;01a02690-0cc4-742e-86ec-7fca9990d5b0;Ryan Bingham
01a02690-22e8-7496-8881-bf84d42f4ec4;LA VILLA;01a02690-0cc4-742e-86ec-7fcb5b2c80f7;Ryan Castro
01a02690-22e6-772f-ba89-eccb040a13a9;Tonto;01a02690-0cc4-742e-86ec-7fcb5b2c80f7;Ryan Castro
01a02690-22ed-76b9-941f-3324b5aaea64;360m;01a02690-0cc4-742e-86ec-7fcc5b498039;Ryohei Abe
01a02690-22ee-7495-b83f-9715f2eefe61;Tadaima;01a02690-0cc4-742e-86ec-7fcd49b84534;Ryoki Miyama
01a02690-22ee-7495-b83f-9716234d96e7;Hare Bare;01a02690-0cc4-742e-86ec-7fce5f449326;Ryokuoushoku Shakai
01a02690-22ee-7495-b83f-97179087e273;Hazukashiika Seishunwa;01a02690-0cc4-742e-86ec-7fce5f449326;Ryokuoushoku Shakai
01a02690-22ee-7495-b83f-97189a3886d6;Riding the wind;01a02690-0cc4-742e-86ec-7fce5f449326;Ryokuoushoku Shakai
01a02690-22ee-7495-b83f-9719b2f20099;Shirushi;01a02690-0cc4-742e-86ec-7fce5f449326;Ryokuoushoku Shakai
01a02690-22ee-7495-b83f-971a1c9a7d83;MAGIC MUSIC;01a02690-0cc4-742e-86ec-7fcfe6b79a62;Ryosuke Yamada
01a02690-22ee-7495-b83f-971b855209f7;Oben Unten;01a02690-0cc4-742e-86ec-7fd0e6beb23f;Räuber
01a02690-22ed-76b9-941f-32624ffc665a;Safe and Sound;01a02690-0cc4-742e-86ec-7fd1e4ea757e;S10
01a02690-22e4-7376-a60c-b92d27fc6673;Everlasting;01a02690-0cc4-742e-86ec-7fd2813ca16d;SACHA
01a02690-22ec-7440-b13d-64651393bdb8;Happy Place;01a02690-0cc4-742e-86ec-7fd3d107d94c;SAINT PHNX
01a02690-22e6-772f-ba89-ec4344e1d294;Home;01a02690-0cc4-742e-86ec-7fd3d107d94c;SAINT PHNX
01a02690-22ee-7495-b83f-971c49674f8a;Dis-moi oui;01a02690-0cc4-742e-86ec-7fd49c9fb12f;SANTA
01a02690-22e4-7376-a60c-b974774111f2;VIRAL;01a02690-0cc4-742e-86ec-7fd5e74e8f92;SANTOS BRAVOS
01a02690-22ee-7495-b83f-971d877e6f0e;LONG WAY HOME;01a02690-0cc4-742e-86ec-7fd6cd875b7b;SAiiLOR
01a02690-22ee-7495-b83f-971e6ce8caec;8TonBall;01a02690-0cc4-742e-86ec-7fd7ee5ac121;SB19
01a02690-22ee-7495-b83f-971f785bf8b5;Bazinga;01a02690-0cc4-742e-86ec-7fd7ee5ac121;SB19
01a02690-22ee-7495-b83f-9720aa6b9a62;DAM;01a02690-0cc4-742e-86ec-7fd7ee5ac121;SB19
01a02690-22e9-71a4-af72-5caeed23bb40;Emoji;01a02690-0cc4-742e-86ec-7fd7ee5ac121;SB19
01a02690-22ee-7495-b83f-972119e6204a;Everblack;01a02690-0cc4-742e-86ec-7fd7ee5ac121;SB19
01a02690-22ee-7495-b83f-97228a8b887a;GENTO;01a02690-0cc4-742e-86ec-7fd7ee5ac121;SB19
01a02690-22ee-7495-b83f-9723519cfaa7;I WANT YOU;01a02690-0cc4-742e-86ec-7fd7ee5ac121;SB19
01a02690-22ee-7495-b83f-9724164c1f41;ILAW;01a02690-0cc4-742e-86ec-7fd7ee5ac121;SB19
01a02690-22ee-7495-b83f-9725dd50ae00;LAWLESS;01a02690-0cc4-742e-86ec-7fd7ee5ac121;SB19
01a02690-22ee-7495-b83f-97261f78c23a;Mana;01a02690-0cc4-742e-86ec-7fd7ee5ac121;SB19
01a02690-22ee-7495-b83f-9727d145fc09;Memories;01a02690-0cc4-742e-86ec-7fd7ee5ac121;SB19
01a02690-22ee-7495-b83f-972850021cb9;Moonlight;01a02690-0cc4-742e-86ec-7fd7ee5ac121;SB19
01a02690-22ee-7495-b83f-9729884453c5;Quit;01a02690-0cc4-742e-86ec-7fd7ee5ac121;SB19
01a02690-22e4-7376-a60c-b958e747f396;Toyfriend;01a02690-0cc4-742e-86ec-7fd7ee5ac121;SB19
01a02690-22ee-7495-b83f-972acef38275;VISA;01a02690-0cc4-742e-86ec-7fd7ee5ac121;SB19
01a02690-22ee-7495-b83f-972b8cbbb63a;WYAT;01a02690-0cc4-742e-86ec-7fd7ee5ac121;SB19
01a02690-22ee-7495-b83f-972cd39a4b47;Wakas;01a02690-0cc4-742e-86ec-7fd7ee5ac121;SB19
01a02690-22ee-7495-b83f-972dde08dbc5;What;01a02690-0cc4-742e-86ec-7fd7ee5ac121;SB19
01a02690-22ee-7495-b83f-972ed8c1971c;Girl is Ghost;01a02690-0cc4-742e-86ec-7fd84471de3a;SCANDAL (JP)
01a02690-22ee-7495-b83f-972f6e54fd9e;BITTER;01a02690-0cc4-742e-86ec-7fd9ba754afb;SCATTERBRAIN
01a02690-22ee-7495-b83f-97306ded0ff2;失重色(Fade);01a02690-0cc4-742e-86ec-7fda85303e01;SEHUN
01a02690-22ee-7495-b83f-9731b11218b1;Stella;01a02690-0cc4-742e-86ec-7fdb2fc84eb0;SEKAI NO OWARI
01a02690-22ea-7193-8a3e-1c1f453f65aa;Let’s Just Go;01a02690-0cc4-742e-86ec-7fdc68eb1a80;SEOK MATTHEW
01a02690-22ee-7495-b83f-9732e26af654;Tiny Light;01a02690-0cc4-742e-86ec-7fdd65c6ff98;SEVENTEEN
01a02690-22ee-7495-b83f-973360ea8493;Us, Again;01a02690-0cc4-742e-86ec-7fde7088f629;SG
01a02690-22ee-7495-b83f-9734e78b2017;Atmos;01a02690-0cc4-742e-86ec-7fdf5be394f7;SHINee
01a02690-22e2-7774-a1a3-e4d2e7cdd23d;夢ノ聖火;01a02690-0cc4-742e-86ec-7fe013d66a19;SHION AMAKUSA(CV.Daiki Yamashita)
01a02690-22ee-7495-b83f-97352cdebf7f;Want it ~One of the BE:ST-06 SHUNTO~;01a02690-0cc4-742e-86ec-7fe1a60977ed;SHUNTO (BE:FIRST)
01a02690-22ee-7495-b83f-973657bc5726;Die On This Hill;01a02690-0cc4-742e-86ec-7fe28fc4180b;SIENNA SPIRO
01a02690-22ee-7495-b83f-97370d2b736d;Great Expectation;01a02690-0cc4-742e-86ec-7fe28fc4180b;SIENNA SPIRO
01a02690-22ee-7495-b83f-9738784bfff4;Material Lover;01a02690-0cc4-742e-86ec-7fe28fc4180b;SIENNA SPIRO
01a02690-22ee-7495-b83f-973926836331;The Visitor;01a02690-0cc4-742e-86ec-7fe28fc4180b;SIENNA SPIRO
01a02690-22ee-7495-b83f-973a31d7eb34;Inside My Soul;01a02690-0cc4-742e-86ec-7fe3889a7ccd;SK.music
01a02690-22e9-71a4-af72-5c8a4b3d03e7;COOK;01a02690-0cc4-742e-86ec-7fe44b36b32f;SOFI TUKKER
01a02690-22e8-7496-8881-bfef361b23c2;Jamaican;01a02690-0cc4-742e-86ec-7fe5aa99e646;SOLTO (FR)
01a02690-22ee-7495-b83f-973b9584e570;I Love You I Love You too;01a02690-0cc4-742e-86ec-7fe6df3d1554;SOOBIN
01a02690-22ee-7495-b83f-973c975646e9;Rekindling Memories;01a02690-0cc4-742e-86ec-7fe6df3d1554;SOOBIN
01a02690-22ee-7495-b83f-973d02545e76;Alles in Flammen;01a02690-0cc4-742e-86ec-7fe790efbd43;SOPHIA
01a02690-22e8-7496-8881-bf4084c17750;Fremd auf der Party;01a02690-0cc4-742e-86ec-7fe790efbd43;SOPHIA
01a02690-22ee-7495-b83f-973ea98d8ebc;Breathing;01a02690-0cc4-742e-86ec-7fe8a664934c;SOUL ARCHIVE ROOM
01a02690-22ee-7495-b83f-973ff3752cf8;Last Flame;01a02690-0cc4-742e-86ec-7fe8a664934c;SOUL ARCHIVE ROOM
01a02690-22ee-7495-b83f-974020c449e2;Last One;01a02690-0cc4-742e-86ec-7fe8a664934c;SOUL ARCHIVE ROOM
01a02690-22ee-7495-b83f-97414caf4654;Let Them Talk;01a02690-0cc4-742e-86ec-7fe8a664934c;SOUL ARCHIVE ROOM
01a02690-22ee-7495-b83f-9742c11ffeb6;Out of the Flame;01a02690-0cc4-742e-86ec-7fe8a664934c;SOUL ARCHIVE ROOM
01a02690-22ee-7495-b83f-97438739fd29;You & I;01a02690-0cc4-742e-86ec-7fe8a664934c;SOUL ARCHIVE ROOM
01a02690-22ee-7495-b83f-9744416f0fa3;You Just Lost Me;01a02690-0cc4-742e-86ec-7fe8a664934c;SOUL ARCHIVE ROOM
01a02690-22ee-7495-b83f-97456c20668a;Body & Soul;01a02690-0cc4-742e-86ec-7fe9c7ae6279;SPEED
01a02690-22ee-7495-b83f-974662d2bcb7;Drivin' My Life;01a02690-0cc4-742e-86ec-7fea8eeb3d9d;STARGLOW
01a02690-22ee-7495-b83f-974711f1a7d4;Green Light;01a02690-0cc4-742e-86ec-7fea8eeb3d9d;STARGLOW
01a02690-22ee-7495-b83f-9748bbc59101;Star Wish;01a02690-0cc4-742e-86ec-7fea8eeb3d9d;STARGLOW
01a02690-22ee-7495-b83f-974933902c69;USOTSUKI;01a02690-0cc4-742e-86ec-7fea8eeb3d9d;STARGLOW
01a02690-22ee-7495-b83f-974aa95eb8d2;WE ARE EMPIRE;01a02690-0cc4-742e-86ec-7feb6a5ad32f;STARSET
01a02690-22ee-7495-b83f-974b6d50fcdd;Boston;01a02690-0cc4-742e-86ec-7fec36a400e0;STELLA LEFTY
01a02690-22ee-7495-b83f-974cc06aa942;Lean In, Kiss Me;01a02690-0cc4-742e-86ec-7fec36a400e0;STELLA LEFTY
01a02690-22eb-71cc-a5a4-2ff2396f2c5e;Don't tell your dreams;01a02690-0cc4-742e-86ec-7feda612711a;STOSLIV
01a02690-22e9-71a4-af72-5bdf9ec4899a;Rainbow Signs;01a02690-0cc4-742e-86ec-7feea3f5dae8;ST☆RISH
01a02690-22ee-7495-b83f-974d5a8d76d8;You Are Spring;01a02690-0cc4-742e-86ec-7fefb1f05ada;SUNG HAN BIN
01a02690-22ee-7495-b83f-974e9867eae6;One more time, One more chance;01a02690-0cc4-742e-86ec-7ff0d5131b5f;SUNGHO
01a02690-22ee-7495-b83f-974f14befdb0;Climax;01a02690-0cc4-742e-86ec-7ff12d50e511;SUPER BEAVER
01a02690-22ee-7495-b83f-975058941c3a;Sanzen;01a02690-0cc4-742e-86ec-7ff12d50e511;SUPER BEAVER
01a02690-22ee-7495-b83f-97510b57152e;Damdarah;01a02690-0cc4-742e-86ec-7ff260c3e9f9;SUPER EIGHT
01a02690-22ee-7495-b83f-9752c4f3ed02;Do it;01a02690-0cc4-742e-86ec-7ff260c3e9f9;SUPER EIGHT
01a02690-22ee-7495-b83f-9753f8df8602;Saisaku;01a02690-0cc4-742e-86ec-7ff260c3e9f9;SUPER EIGHT
01a02690-22eb-71cc-a5a4-301261698ce8;Promise;01a02690-0cc4-742e-86ec-7ff3d4e7325a;SUPER JUNIOR-83z
01a02690-22ea-7193-8a3e-1c69f9bdc12b;All The Stars;01a02690-0cc4-742e-86ec-7ff49d0921c9;SZA
01a02690-22ee-7495-b83f-97548a460ea5;Good Days;01a02690-0cc4-742e-86ec-7ff49d0921c9;SZA
01a02690-22ee-7495-b83f-9755e07ecf50;Snooze;01a02690-0cc4-742e-86ec-7ff49d0921c9;SZA
01a02690-22ee-7495-b83f-9756306c44b9;Yamato;01a02690-0cc4-742e-86ec-7ff5560a5f97;Sabaton
01a02690-22e9-71a4-af72-5c3a55cfd84b;Bring Your Love;01a02690-0cc4-742e-86ec-7ff608239fc7;Sabrina Carpenter
01a02690-22ee-7495-b83f-975799d02d0e;Espresso;01a02690-0cc4-742e-86ec-7ff608239fc7;Sabrina Carpenter
01a02690-22ee-7495-b83f-975890cb555f;House Tour;01a02690-0cc4-742e-86ec-7ff608239fc7;Sabrina Carpenter
01a02690-22ee-7495-b83f-9759e71fe224;Manchild;01a02690-0cc4-742e-86ec-7ff608239fc7;Sabrina Carpenter
01a02690-22ee-7495-b83f-975aeccefe5d;Cherish the Day;01a02690-0cc4-742e-86ec-7ff78fa26cbe;Sade
01a02690-22ee-7495-b83f-975b08e51cd5;I Choose Me;01a02690-0cc4-742e-86ec-7ff885ce793e;Sadie Barlow
01a02690-22e4-7376-a60c-b92be389c4d2;Karvaan;01a02690-0cc4-742e-86ec-7ff91a5ee45a;Sahir Ludhianvi - Ishq Jalakar
01a02690-22ee-7495-b83f-975c88513ab1;By My Side;01a02690-0cc4-742e-86ec-7ffabfd94e5a;Saint Rene
01a02690-22e3-7064-9388-10407539abd7;Soda Pop;01a02690-0cc4-742e-86ec-7ffba987897f;Saja Boys
01a02690-22e9-71a4-af72-5c06149385cd;Wildest Flower;01a02690-0cc4-742e-86ec-7ffc0e1c8aa2;Saki Hanami
01a02690-22ee-7495-b83f-975d0b247284;Fashion Beat;01a02690-0cc4-742e-86ec-7ffd3504369f;Sakura Miko
01a02690-22ee-7495-b83f-975ebe529021;Lonesome rabbit;01a02690-0cc4-742e-86ec-7ffed084bfdf;Sakurazaka46
01a02690-22ee-7495-b83f-975f975b3dd8;The growing up train;01a02690-0cc4-742e-86ec-7ffed084bfdf;Sakurazaka46
01a02690-22ee-7495-b83f-9760faeaf83f;Per sempre sì;01a02690-0cc4-742e-86ec-7fff36fda951;Sal da Vinci
01a02690-22ee-7495-b83f-9761066aec62;Rossetto e caffè;01a02690-0cc4-742e-86ec-7fff36fda951;Sal da Vinci
01a02690-22ee-7495-b83f-9762b2a39115;YMM;01a02690-0cc4-742e-86ec-8000095e2877;Saliou
01a02690-22ee-7495-b83f-9763771d7322;Shoop;01a02690-0cc4-742e-86ec-8001914524c0;Salt-n-Pepa
01a02690-22ee-7495-b83f-97649f83ed57;Ich habe keine Angst;01a02690-0cc4-742e-86ec-8002a5f44d2d;Saltatio Mortis
01a02690-22ee-7495-b83f-9765ce0ffbfa;Ich schrei deinen Namen in die Nacht;01a02690-0cc4-742e-86ec-8002a5f44d2d;Saltatio Mortis
01a02690-22e3-7064-9388-0feeb0b91fdf;una voz;01a02690-0cc4-742e-86ec-80039d473bf8;Salve
01a02690-22ee-7495-b83f-97665f889ee4;People Watching;01a02690-0cc4-742e-86ec-8004cb9116f2;Sam Fender
01a02690-22ed-76b9-941f-324ae61c283b;Rein Me In;01a02690-0cc4-742e-86ec-8004cb9116f2;Sam Fender
01a02690-22e3-7064-9388-10068bafc6f3;Club Bizarre;01a02690-0cc4-742e-86ec-80059dfa92c6;Sam Harper
01a02690-22ee-7495-b83f-9767072b0007;My Guy;01a02690-0cc4-742e-86ec-8006e22c2c7a;Sam Smith
01a02690-22ee-7495-b83f-97680ad389f6;Oh Mother;01a02690-0cc4-742e-86ec-8006e22c2c7a;Sam Smith
01a02690-22ee-7495-b83f-9769f367d109;When He’s Gone;01a02690-0cc4-742e-86ec-8006e22c2c7a;Sam Smith
01a02690-22e8-7496-8881-bf5efbc4ee22;Talk of the Town;01a02690-0cc4-742e-86ec-8007f4b9c975;Sammy Virji
01a02690-22e5-74eb-8ac8-9f53f4042307;Ghetto Superstars;01a02690-0cc4-742e-86ec-80080cf478c5;Samra
01a02690-22e5-74eb-8ac8-9f54c62cdd95;Sonne über Berlin;01a02690-0cc4-742e-86ec-80080cf478c5;Samra
01a02690-22e6-772f-ba89-ed20edf6d0be;Maak Me Nou Niet Gek;01a02690-0cc4-742e-86ec-800921f6894a;Samuel Welten
01a02690-22e4-7376-a60c-b9c0a58b0a5a;Uitslover;01a02690-0cc4-742e-86ec-800921f6894a;Samuel Welten
01a02690-22ee-7495-b83f-976a45d7b582;OSSESSIONE;01a02690-0cc4-742e-86ec-800aa500a1f4;Samurai Jay
01a02690-22ee-7495-b83f-976b7292489e;Waste Your Love;01a02690-0cc4-742e-86ec-800b5bf8d959;Sanna Nielsen
01a02690-22ee-7495-b83f-976c35e6aa6e;Put Your Lights On;01a02690-0cc4-742e-86ec-800c063d0eb8;Santana
01a02690-22e6-772f-ba89-ec4344e1d294;Home;01a02690-0cc4-742e-86ec-800dc237f7bf;Sara Bareilles
01a02690-22ee-7495-b83f-976dac20c012;Salt Then Sour Then Sweet;01a02690-0cc4-742e-86ec-800dc237f7bf;Sara Bareilles
01a02690-22ee-7495-b83f-976e5d8769b1;Still Crying;01a02690-0cc4-742e-86ec-800dc237f7bf;Sara Bareilles
01a02690-22ee-7495-b83f-976fcb1f8e25;Atzensong;01a02690-0cc4-742e-86ec-800e4456327f;Sarah Connor
01a02690-22ee-7495-b83f-9770bcb3c6e4;Das schönste Mädchen der Welt;01a02690-0cc4-742e-86ec-800e4456327f;Sarah Connor
01a02690-22e9-71a4-af72-5c741c674a9b;Interstellar;01a02690-0cc4-742e-86ec-800e4456327f;Sarah Connor
01a02690-22ec-7440-b13d-63f2ac3b96bd;Je t'aime;01a02690-0cc4-742e-86ec-800e4456327f;Sarah Connor
01a02690-22ee-7495-b83f-9771c7654ab5;La Ventana;01a02690-0cc4-742e-86ec-800e4456327f;Sarah Connor
01a02690-22ea-7193-8a3e-1bbb679b115b;Märchen aus Hollywood;01a02690-0cc4-742e-86ec-800e4456327f;Sarah Connor
01a02690-22ee-7495-b83f-97720633d495;Sex im Blick;01a02690-0cc4-742e-86ec-800e4456327f;Sarah Connor
01a02690-22ee-7495-b83f-9773092869ea;Zusammen ist man weniger kaputt;01a02690-0cc4-742e-86ec-800e4456327f;Sarah Connor
01a02690-22ee-7495-b83f-9774ea42b1c1;Fire;01a02690-0cc4-742e-86ec-800ff59f0440;Sarah Engels
01a02690-22ee-7495-b83f-97755d9d950e;My Last Goodbye;01a02690-0cc4-742e-86ec-80108ad8bbea;Sarah Hession
01a02690-22e6-772f-ba89-ed2cb5723e8d;Angel;01a02690-0cc4-742e-86ec-8011599524f3;Sarah McLachlan
01a02690-22ee-7495-b83f-9776b177fd22;Atlantide;01a02690-0cc4-742e-86ec-80126c7d6850;Sarah Toscano
01a02690-22e8-7496-8881-bfaf70278722;Dress Up;01a02690-0cc4-742e-86ec-801363a4f1ad;Sasanuki
01a02690-22e6-772f-ba89-ecfaf143d82d;Immer wieder will ich wieder dich;01a02690-0cc4-742e-86ec-80144121fbb5;Saskia Leppin
01a02690-22e9-71a4-af72-5cd6bac3f30c;Jaiye Sajana;01a02690-0cc4-742e-86ec-8015be1b10fb;Satinder Sartaaj
01a02690-22ee-7495-b83f-9777e21c4c90;Kiss My Glass;01a02690-0cc4-742e-86ec-8016ce7e0885;Savannah Jade
01a02690-22ee-7495-b83f-97782ee832c3;PROVANT;01a02690-0cc4-742e-86ec-8017cad5527d;SawanoHiroyuki[nZk]
01a02690-22ee-7495-b83f-977946e6e824;The Puerto Rico Song;01a02690-0cc4-742e-86ec-80186d3291cd;Saxboy Billy
01a02690-22e6-772f-ba89-ece429b41179;Blue;01a02690-0cc4-742e-86ec-8019fa9d950d;Saya Gray
01a02690-22ee-7495-b83f-977aae715f80;Raspberry Summer;01a02690-0cc4-742e-86ec-801a1b14d479;Sayaka Yamamoto
01a02690-22ee-7495-b83f-977b0c13b25e;TU MI PIACI TANTO;01a02690-0cc4-742e-86ec-801bf8c7baff;Sayf
01a02690-22e7-71eb-b833-3025c28fef99;Schaukelpferd;01a02690-0cc4-742e-86ec-801cc8e81268;Schürze
01a02690-22ee-7495-b83f-977c064ac1dc;No Rewind;01a02690-0cc4-742e-86ec-801d371fb39c;Scooter
01a02690-22ee-7495-b83f-977d31ebe3b1;Rave From Outer Space;01a02690-0cc4-742e-86ec-801d371fb39c;Scooter
01a02690-22ee-7495-b83f-977eb1e1d3bb;Maybe I Maybe You;01a02690-0cc4-742e-86ec-801e47975824;Scorpions
01a02690-22ee-7495-b83f-977fef38c976;Hello Darlin;01a02690-0cc4-742e-86ec-801f0efafd4f;Scotty McCreery
01a02690-22ee-7495-b83f-978031dc00fe;Don't You Go Solo;01a02690-0cc5-74ee-b745-0bcb91c1acdb;Scouting for Girls
01a02690-22ee-7495-b83f-97819b181c83;Get What You Give;01a02690-0cc5-74ee-b745-0bcb91c1acdb;Scouting for Girls
01a02690-22e6-772f-ba89-eca505cadf60;Diamond Girl;01a02690-0cc5-74ee-b745-0bcc910a4271;Seals
01a02690-22e6-772f-ba89-eca67b8412e2;Summer Breeze;01a02690-0cc5-74ee-b745-0bcc910a4271;Seals
01a02690-22e6-772f-ba89-eca7e377535e;We May Never Pass This Way;01a02690-0cc5-74ee-b745-0bcc910a4271;Seals
01a02690-22ee-7495-b83f-97823295230f;(When You Gonna) Give It Up to Me;01a02690-0cc5-74ee-b745-0bcd41de2567;Sean Paul featuring Keyshia Cole
01a02690-22ee-7495-b83f-97836c882a31;Pegasus Ryuuseiken;01a02690-0cc5-74ee-b745-0bce0850d54b;Seiji Yokoyama
01a02690-22e4-7376-a60c-b9deb0e6c7ba;Te Olvido;01a02690-0cc5-74ee-b745-0bcf1dd66751;Selena Gomez
01a02690-22ee-7495-b83f-978496bf72f0;Sadece Fenerbahçe;01a02690-0cc5-74ee-b745-0bd066041ddc;Selim Öztürk
01a02690-22e9-71a4-af72-5bfc54edd906;Choo Choo Choo;01a02690-0cc5-74ee-b745-0bd1d5bcc633;Sena Juo
01a02690-22e9-71a4-af72-5c00cedec017;Sekirara;01a02690-0cc5-74ee-b745-0bd1d5bcc633;Sena Juo
01a02690-22ee-7495-b83f-9785126a4827;Superstar;01a02690-0cc5-74ee-b745-0bd28b1c9023;Senhit
01a02690-22e9-71a4-af72-5c322ea7e0ab;CIRCE;01a02690-0cc5-74ee-b745-0bd3c5ecfe6e;SennaRin
01a02690-22e9-71a4-af72-5c33307a7121;ENDROLL;01a02690-0cc5-74ee-b745-0bd3c5ecfe6e;SennaRin
01a02690-22ee-7495-b83f-97864ffbfe1e;Beyond the Dream;01a02690-0cc5-74ee-b745-0bd48beda7bf;Sepultura
01a02690-22e6-772f-ba89-ecbd8afe49b3;AL MIO PAESE;01a02690-0cc5-74ee-b745-0bd5cd2ccb9e;Serena Brancale
01a02690-22ee-7495-b83f-9787cdeeae22;QUI CON ME;01a02690-0cc5-74ee-b745-0bd5cd2ccb9e;Serena Brancale
01a02690-22ee-7495-b83f-9788ad644f80;Мобильник;01a02690-0cc5-74ee-b745-0bd6464046fd;Sergey Shnurov
01a02690-22ec-7440-b13d-64955dc52a75;La Roja Baila;01a02690-0cc5-74ee-b745-0bd70dc95a1e;Sergio Ramos
01a02690-22e8-7496-8881-bfd581da705d;1947: Suite for Solo Piano & Orchestra: II. Bracken Road;01a02690-0cc5-74ee-b745-0bd88bdebd4f;Sergio Tiempo
01a02690-22e3-7064-9388-0feeb0b91fdf;una voz;01a02690-0cc5-74ee-b745-0bd958653033;Servus Mariae
01a02690-22ee-7495-b83f-9789ef91bb9e;Construct;01a02690-0cc5-74ee-b745-0bda643ac6f5;Sevendust
01a02690-22ee-7495-b83f-978abfb41da5;Is This The Real You;01a02690-0cc5-74ee-b745-0bda643ac6f5;Sevendust
01a02690-22ee-7495-b83f-978b1eefc273;Threshold;01a02690-0cc5-74ee-b745-0bda643ac6f5;Sevendust
01a02690-22ee-7495-b83f-978cb35ee481;Unbreakable;01a02690-0cc5-74ee-b745-0bda643ac6f5;Sevendust
01a02690-22e6-772f-ba89-ec9c98ca325a;A Bar Song;01a02690-0cc5-74ee-b745-0bdbacff8379;Shaboozey
01a02690-22e9-71a4-af72-5ce942681731;Amen;01a02690-0cc5-74ee-b745-0bdbacff8379;Shaboozey
01a02690-22ee-7495-b83f-978d7000a62e;Born To Die;01a02690-0cc5-74ee-b745-0bdbacff8379;Shaboozey
01a02690-22eb-71cc-a5a4-302fa5076f70;Burn it Down;01a02690-0cc5-74ee-b745-0bdbacff8379;Shaboozey
01a02690-22ee-7495-b83f-978eb3373d2f;Cowgirl;01a02690-0cc5-74ee-b745-0bdbacff8379;Shaboozey
01a02690-22ee-7495-b83f-978ff2f30e7c;Good News;01a02690-0cc5-74ee-b745-0bdbacff8379;Shaboozey
01a02690-22ee-7495-b83f-9790485debe5;Looking Lovely;01a02690-0cc5-74ee-b745-0bdc9b3009f0;Shaggy
01a02690-22e4-7376-a60c-b92be389c4d2;Karvaan;01a02690-0cc5-74ee-b745-0bdd3c4131ed;Shahzad Ali
01a02690-22e5-74eb-8ac8-9f439f1468b1;Stay;01a02690-0cc5-74ee-b745-0bde8fbed934;Shakespears Sister
01a02690-22e4-7376-a60c-b9f584ac3e9d;ALGO TÚ;01a02690-0cc5-74ee-b745-0bdf65c849c8;Shakira
01a02690-22e3-7064-9388-1053ea517d95;Choka Choka;01a02690-0cc5-74ee-b745-0bdf65c849c8;Shakira
01a02690-22e5-74eb-8ac8-9f1ba565fb8e;Dai Dai;01a02690-0cc5-74ee-b745-0bdf65c849c8;Shakira
01a02690-22ee-7495-b83f-9791293583a9;Hips Don't Lie;01a02690-0cc5-74ee-b745-0bdf65c849c8;Shakira
01a02690-22ee-7495-b83f-9792a1410e84;Try Everything;01a02690-0cc5-74ee-b745-0bdf65c849c8;Shakira
01a02690-22ee-7495-b83f-9793bb4e4c64;Waka Waka;01a02690-0cc5-74ee-b745-0bdf65c849c8;Shakira
01a02690-22e7-71eb-b833-304b5f88f8cf;Zoo;01a02690-0cc5-74ee-b745-0bdf65c849c8;Shakira
01a02690-22ee-7495-b83f-97941002e144;Tell Me Ma;01a02690-0cc5-74ee-b745-0be08097f061;Sham Rock
01a02690-22ee-7495-b83f-9795f4572189;Faded Blue Jeans;01a02690-0cc5-74ee-b745-0be105072480;Shania Twain
01a02690-22ee-7495-b83f-9796b3e101ea;Little Miss Twain;01a02690-0cc5-74ee-b745-0be105072480;Shania Twain
01a02690-22ee-7495-b83f-9797f02d3846;You're Still the One;01a02690-0cc5-74ee-b745-0be105072480;Shania Twain
01a02690-22e5-74eb-8ac8-9eba69d98c67;Aari Aari;01a02690-0cc5-74ee-b745-0be22a693c1d;Shashwat Sachdev
01a02690-22e4-7376-a60c-b929ebd0aef5;Gehra Hua;01a02690-0cc5-74ee-b745-0be22a693c1d;Shashwat Sachdev
01a02690-22e9-71a4-af72-5cd6bac3f30c;Jaiye Sajana;01a02690-0cc5-74ee-b745-0be22a693c1d;Shashwat Sachdev
01a02690-22e4-7376-a60c-b92be389c4d2;Karvaan;01a02690-0cc5-74ee-b745-0be22a693c1d;Shashwat Sachdev
01a02690-22e4-7376-a60c-b9a1c625b954;Title Track;01a02690-0cc5-74ee-b745-0be22a693c1d;Shashwat Sachdev
01a02690-22ee-7495-b83f-9798625c556d;Long Long Magic;01a02690-0cc5-74ee-b745-0be317e4c961;She is Legend
01a02690-22ee-7495-b83f-9799908a4c2c;Because We Jive All Night Long;01a02690-0cc5-74ee-b745-0be410b5fcc1;She's All Music
01a02690-22ee-7495-b83f-979a01e53434;naked;01a02690-0cc5-74ee-b745-0be52a56f22f;Sheena Ringo
01a02690-22ee-7495-b83f-979b0c9748b8;I Denounce You Satan;01a02690-0cc5-74ee-b745-0be6b10746cc;Sheena Taylor
01a02690-22ee-7495-b83f-979c2bb931c2;Azan;01a02690-0cc5-74ee-b745-0be763f5175f;Sheikh Abdulkarim Al-Fatani
01a02690-22ee-7495-b83f-979da07895b9;Et Dieu dans tout ça;01a02690-0cc5-74ee-b745-0be85bb5aa23;Sheila
01a02690-22eb-71cc-a5a4-30b6cf040ea4;Shake It To The Max;01a02690-0cc5-74ee-b745-0be9699fcab6;Shenseea
01a02690-22ee-7495-b83f-97139236ba1e;Talk To Me Nuh;01a02690-0cc5-74ee-b745-0be9699fcab6;Shenseea
01a02690-22ee-7495-b83f-979e8d5436a0;Sayonara;01a02690-0cc5-74ee-b745-0bea13f8e2d9;Sheppard
01a02690-22ee-7495-b83f-979f6cadd05a;Have You Ever;01a02690-0cc5-74ee-b745-0beb4a2c4e16;SherellHodge
01a02690-22ee-7495-b83f-97a08147c870;Morning Queen Energy;01a02690-0cc5-74ee-b745-0bec2545fdb8;Shift to Abundance
01a02690-22ed-76b9-941f-3240d812ac4f;Achy Breaky Heart;01a02690-0cc5-74ee-b745-0bede990fd85;Shifty Brent
01a02690-22ee-7495-b83f-97a1ace33a44;UiMa-Ma Saga;01a02690-0cc5-74ee-b745-0bee5f65ad5c;Shigure Ui
01a02690-22ee-7495-b83f-97a2c523da8f;Progress;01a02690-0cc5-74ee-b745-0befa1f2be47;Shikao Suga
01a02690-22e9-71a4-af72-5be15b7c559a;Kyou No Hi Wa Sayounara;01a02690-0cc5-74ee-b745-0bf05a264435;Shimajiro(CV:Mogami Tsuguo)
01a02690-22ee-7495-b83f-97a3cb69b5bc;His & Hers;01a02690-0cc5-74ee-b745-0bf1c4da717d;Shindy
01a02690-22ee-7495-b83f-97a41b055df5;Was bisher geschah;01a02690-0cc5-74ee-b745-0bf1c4da717d;Shindy
01a02690-22ee-7495-b83f-9762b2a39115;YMM;01a02690-0cc5-74ee-b745-0bf1c4da717d;Shindy
01a02690-22ee-7495-b83f-97a5a20ec753;Dance, Kid, Dance;01a02690-0cc5-74ee-b745-0bf25005131a;Shinedown
01a02690-22ee-7495-b83f-97a623bc2624;Killing Fields;01a02690-0cc5-74ee-b745-0bf25005131a;Shinedown
01a02690-22ee-7495-b83f-97a72b77cabe;Outlaw;01a02690-0cc5-74ee-b745-0bf25005131a;Shinedown
01a02690-22ee-7495-b83f-97a8d8f40c52;Safe And Sound;01a02690-0cc5-74ee-b745-0bf25005131a;Shinedown
01a02690-22ee-7495-b83f-97a9c1b5d8f6;Searchlight;01a02690-0cc5-74ee-b745-0bf25005131a;Shinedown
01a02690-22ee-7495-b83f-97aa51fffd34;Three Six Five;01a02690-0cc5-74ee-b745-0bf25005131a;Shinedown
01a02690-22ee-7495-b83f-97ab567a7ed2;Silent Flame,Never Fade;01a02690-0cc5-74ee-b745-0bf38cdbf144;Shiranui Flare
01a02690-22e5-74eb-8ac8-9ead0c3b3439;Gut Genug;01a02690-0cc5-74ee-b745-0bf4f6983cec;Shirin David
01a02690-22ee-7495-b83f-97ac1fc3ce3a;MO' MONEY MO' HATERS;01a02690-0cc5-74ee-b745-0bf4f6983cec;Shirin David
01a02690-22e9-71a4-af72-5be15b7c559a;Kyou No Hi Wa Sayounara;01a02690-0cc5-74ee-b745-0bf56d0abd7c;Shisa(CV:Shimabukuro Miyuri)
01a02690-22ee-7495-b83f-97adbc7aed16;Let Me Believe;01a02690-0cc5-74ee-b745-0bf6bed3f9e3;Shoshana Bean
01a02690-22ed-76b9-941f-325e5c958f29;Wild;01a02690-0cc5-74ee-b745-0bf6bed3f9e3;Shoshana Bean
01a02690-22ed-76b9-941f-3324b5aaea64;360m;01a02690-0cc5-74ee-b745-0bf74fe09e88;Shota Watanabe
01a02690-22ed-76b9-941f-3318f33022ab;gararaikyu;01a02690-0cc5-74ee-b745-0bf74fe09e88;Shota Watanabe
01a02690-22ee-7495-b83f-97ae93b384d3;Gradation;01a02690-0cc5-74ee-b745-0bf8bd549a99;ShowMinorSavage
01a02690-22ee-7495-b83f-97afb9dfee7a;ROMEO;01a02690-0cc5-74ee-b745-0bf8bd549a99;ShowMinorSavage
01a02690-22ea-7193-8a3e-1c48dd5cbc14;Ella Elle L'a;01a02690-0cc5-74ee-b745-0bf94b47504c;Showtek
01a02690-22e7-71eb-b833-309a1e901ba5;Sanctuaire du Lys Noir;01a02690-0cc5-74ee-b745-0bfa0fb02155;Shu Itsuki(CV.Hiroki Takahashi)
01a02690-22ee-7495-b83f-97b0b1575f3a;Rattle the Bones;01a02690-0cc5-74ee-b745-0bfbc0cbfacf;Shunned at a Funeral
01a02690-22ee-7495-b83f-97b1a91b83ab;When They Come for Me;01a02690-0cc5-74ee-b745-0bfbc0cbfacf;Shunned at a Funeral
01a02690-22ee-7495-b83f-97b27e50ad2b;OPERATOR;01a02690-0cc5-74ee-b745-0bfc38077ad9;Shyra Sanchez
01a02690-22e2-7774-a1a3-e4cc8ac73abc;Awake Tonight;01a02690-0cc5-74ee-b745-0bfd268d355e;Sia
01a02690-22e6-772f-ba89-ed12b39d9eb4;Beautiful People;01a02690-0cc5-74ee-b745-0bfd268d355e;Sia
01a02690-22e6-772f-ba89-ed16f144a888;Ranjha;01a02690-0cc5-74ee-b745-0bfd268d355e;Sia
01a02690-22ee-7495-b83f-97b3adfdcca2;Snowman;01a02690-0cc5-74ee-b745-0bfd268d355e;Sia
01a02690-22e6-772f-ba89-ed1848867b7a;Titanium;01a02690-0cc5-74ee-b745-0bfd268d355e;Sia
01a02690-22ea-7193-8a3e-1c1a023b4262;Unstoppable;01a02690-0cc5-74ee-b745-0bfd268d355e;Sia
01a02690-22ee-7495-b83f-97b4eb9a1207;Eyes on Me;01a02690-0cc5-74ee-b745-0bfe813aeb51;Sidhu Moose Wala
01a02690-22e2-7774-a1a3-e4d49c9b6ca3;Ausgesorgt;01a02690-0cc5-74ee-b745-0bff704f5bcd;Sido
01a02690-22ec-7440-b13d-640b2499b0d6;Glück;01a02690-0cc5-74ee-b745-0bff704f5bcd;Sido
01a02690-22e9-71a4-af72-5c741c674a9b;Interstellar;01a02690-0cc5-74ee-b745-0bff704f5bcd;Sido
01a02690-22ee-7495-b83f-97b5de0d6a94;Voyage Voyage;01a02690-0cc5-74ee-b745-0c00877b3b9c;Siks
01a02690-22ee-7495-b83f-97b66dadb71d;Before I Go;01a02690-0cc5-74ee-b745-0c01fdeb4502;Silas Thorne Music
01a02690-22eb-71cc-a5a4-30b6cf040ea4;Shake It To The Max;01a02690-0cc5-74ee-b745-0c021f492bc4;Silent Addy
01a02690-22ee-7495-b83f-97b7dc9a4e52;Under His Wings;01a02690-0cc5-74ee-b745-0c03aa1a7ca7;Silhouette
01a02690-22ee-7495-b83f-97b8068e7559;On 2nite;01a02690-0cc5-74ee-b745-0c04cd9c4354;Silva Bumpa
01a02690-22e4-7376-a60c-b92e881750ee;Here in My Arms;01a02690-0cc5-74ee-b745-0c055d8113a7;Silver Panda
01a02690-22ee-7495-b83f-97b9b591145c;Il Changeait La Vie;01a02690-0cc5-74ee-b745-0c0630281373;Simon Says
01a02690-22ee-7495-b83f-97ba122ff625;Holding Back the Years;01a02690-0cc5-74ee-b745-0c070f4ba0e3;Simply Red
01a02690-22ee-7495-b83f-97bb9a4e16f7;Sunrise;01a02690-0cc5-74ee-b745-0c070f4ba0e3;Simply Red
01a02690-22ee-7495-b83f-97bc8211c194;Nothing Compares 2 U;01a02690-0cc5-74ee-b745-0c08c29ddac9;Sinéad O'Connor
01a02690-22e8-7496-8881-bfd581da705d;1947: Suite for Solo Piano & Orchestra: II. Bracken Road;01a02690-0cc5-74ee-b745-0c090924ffbc;Sir Anthony Hopkins
01a02690-22e9-71a4-af72-5c84aa3f4c2d;Shima No Uta;01a02690-0cc5-74ee-b745-0c0a308dd5b8;Siren(CV:Suzuki Minori)
01a02690-22ee-7495-b83f-97bd097c262a;Because We Jive;01a02690-0cc5-74ee-b745-0c0b3e2d8335;Sistema Dance 2000
01a02690-22ee-7495-b83f-97bed3186d32;Good Day To Be Alive II;01a02690-0cc5-74ee-b745-0c0cc78f6548;Sisters Doll
01a02690-22ee-7495-b83f-97bf4af5f9a7;Amazing;01a02690-0cc5-74ee-b745-0c0d3acdfcd7;SixTONES
01a02690-22ee-7495-b83f-97c02b4e9bed;Are You Mine;01a02690-0cc5-74ee-b745-0c0d3acdfcd7;SixTONES
01a02690-22ee-7495-b83f-97c11c432a93;Dance Forever;01a02690-0cc5-74ee-b745-0c0d3acdfcd7;SixTONES
01a02690-22ee-7495-b83f-97c2a30bd977;Flower Cloud;01a02690-0cc5-74ee-b745-0c0d3acdfcd7;SixTONES
01a02690-22e3-7064-9388-0fae31a8f398;Golden;01a02690-0cc5-74ee-b745-0c0d3acdfcd7;SixTONES
01a02690-22ee-7495-b83f-97c3f70eb42d;Houkai Zenya;01a02690-0cc5-74ee-b745-0c0d3acdfcd7;SixTONES
01a02690-22ee-7495-b83f-97c4b0bfee1d;Ichibyo;01a02690-0cc5-74ee-b745-0c0d3acdfcd7;SixTONES
01a02690-22ee-7495-b83f-97c5841c0f4c;My Only;01a02690-0cc5-74ee-b745-0c0d3acdfcd7;SixTONES
01a02690-22ee-7495-b83f-97c666e10d75;Rebellion;01a02690-0cc5-74ee-b745-0c0d3acdfcd7;SixTONES
01a02690-22ee-7495-b83f-9755e07ecf50;Snooze;01a02690-0cc5-74ee-b745-0c0d3acdfcd7;SixTONES
01a02690-22ee-7495-b83f-97c72f1918a8;マイオンリー;01a02690-0cc5-74ee-b745-0c0d3acdfcd7;SixTONES
01a02690-22ee-7495-b83f-97c82f0f4263;Kiss Me;01a02690-0cc5-74ee-b745-0c0e6fe58988;Sixpence None the Richer
01a02690-22ee-7495-b83f-97c9da374c8f;Unwords;01a02690-0cc5-74ee-b745-0c0fe1566606;Sizelle
01a02690-22ee-7495-b83f-97ca8a78e324;Lift Me Up;01a02690-0cc5-74ee-b745-0c10da8a50f8;Skillet
01a02690-22ee-7495-b83f-97cb54268b91;Scream;01a02690-0cc5-74ee-b745-0c10da8a50f8;Skillet
01a02690-22eb-71cc-a5a4-30b6cf040ea4;Shake It To The Max;01a02690-0cc5-74ee-b745-0c11e361b129;Skillibeng
01a02690-22ee-7495-b83f-97cccb7cddc7;Can I Get A;01a02690-0cc5-74ee-b745-0c12d31d4f2e;Skindred
01a02690-22ee-7495-b83f-97cdb39e897a;This Is the Sound;01a02690-0cc5-74ee-b745-0c12d31d4f2e;Skindred
01a02690-22e4-7376-a60c-b99ca0c73ca8;Opalite;01a02690-0cc5-74ee-b745-0c139429a0be;Skream
01a02690-22ee-7495-b83f-97ce0f37c8fa;Hate Me;01a02690-0cc5-74ee-b745-0c14d3370892;SkyDxddy
01a02690-22ee-7495-b83f-97cfbb7c185c;Hairdresser;01a02690-0cc5-74ee-b745-0c1560daed61;Skye Newman
01a02690-22ee-7495-b83f-97d09ffb5a5d;Walk;01a02690-0cc5-74ee-b745-0c1560daed61;Skye Newman
01a02690-22ec-7440-b13d-641bd0c2b7cb;R.I.P.;01a02690-0cc5-74ee-b745-0c16b5066c3a;Skylar Grey
01a02690-22ee-7495-b83f-97d13c0cf130;DANCE...;01a02690-0cc5-74ee-b745-0c173dd4f6bf;Slayyyter
01a02690-22ee-7495-b83f-97d21cdf83b1;brand new chanel$;01a02690-0cc5-74ee-b745-0c173dd4f6bf;Slayyyter
01a02690-22ee-7495-b83f-97d38e9782a1;Bye Bye Bye;01a02690-0cc5-74ee-b745-0c181d25d67b;Sleep Theory
01a02690-22ee-7495-b83f-97d43f8ec1d9;Somebody Like You;01a02690-0cc5-74ee-b745-0c198932e6e6;Smash Into Pieces
01a02690-22ee-7495-b83f-97d5c2f11f6f;Laat Het Licht Aan;01a02690-0cc5-74ee-b745-0c1ada522221;Snelle
01a02690-22ee-7495-b83f-97d6bcb4d50f;Brak en Blut;01a02690-0cc5-74ee-b745-0c1ba3356ff6;Snollebollekes
01a02690-22ee-7495-b83f-97d7d214396e;Links Rechts;01a02690-0cc5-74ee-b745-0c1ba3356ff6;Snollebollekes
01a02690-22e6-772f-ba89-ec2da7720f60;Boogie's in My Soul;01a02690-0cc5-74ee-b745-0c1c7973f562;Snoop Dogg
01a02690-22ee-7495-b83f-97d8cb937e87;Bakyun;01a02690-0cc5-74ee-b745-0c1d2017d71e;Snow Man
01a02690-22ee-7495-b83f-97d97dd544e9;CHARISMAX;01a02690-0cc5-74ee-b745-0c1d2017d71e;Snow Man
01a02690-22ee-7495-b83f-97dafe16718c;Dress&Tuxedo;01a02690-0cc5-74ee-b745-0c1d2017d71e;Snow Man
01a02690-22ee-7495-b83f-97db4dedb829;Good Time;01a02690-0cc5-74ee-b745-0c1d2017d71e;Snow Man
01a02690-22ee-7495-b83f-97dc6bce411c;Make It Hot;01a02690-0cc5-74ee-b745-0c1d2017d71e;Snow Man
01a02690-22ee-7495-b83f-97ddb7a2ca03;SAVE YOUR HEART;01a02690-0cc5-74ee-b745-0c1d2017d71e;Snow Man
01a02690-22ee-7495-b83f-97de5162ff75;STARS;01a02690-0cc5-74ee-b745-0c1d2017d71e;Snow Man
01a02690-22ee-7495-b83f-97df0d6265b2;Snow World;01a02690-0cc5-74ee-b745-0c1d2017d71e;Snow Man
01a02690-22ee-7495-b83f-97e072df5939;odorouze;01a02690-0cc5-74ee-b745-0c1d2017d71e;Snow Man
01a02690-22ee-7495-b83f-97e1274dbfe3;ばきゅん;01a02690-0cc5-74ee-b745-0c1d2017d71e;Snow Man
01a02690-22ee-7495-b83f-97e2887dbc86;オドロウゼ;01a02690-0cc5-74ee-b745-0c1d2017d71e;Snow Man
01a02690-22ee-7495-b83f-97e3d835c474;グッタイム;01a02690-0cc5-74ee-b745-0c1d2017d71e;Snow Man
01a02690-22ee-7495-b83f-97e48df0e8c9;リンディーララ;01a02690-0cc5-74ee-b745-0c1d2017d71e;Snow Man
01a02690-22ee-7495-b83f-97e50d4b99a2;Chasing Cars;01a02690-0cc5-74ee-b745-0c1e6168551c;Snow Patrol
01a02690-22eb-71cc-a5a4-2fdb1f588cd4;These Alarms;01a02690-0cc5-74ee-b745-0c1e6168551c;Snow Patrol
01a02690-22ee-7495-b83f-97e60f90055f;koe no kiseki;01a02690-0cc5-74ee-b745-0c1fb3e653a9;Soala
01a02690-22ee-7495-b83f-97e700e9289c;Born to Kill;01a02690-0cc5-74ee-b745-0c205ee6be6b;Social Distortion
01a02690-22ee-7495-b83f-97e8091c265b;Partners in Crime;01a02690-0cc5-74ee-b745-0c205ee6be6b;Social Distortion
01a02690-22ee-7495-b83f-97e914273997;Indifferent;01a02690-0cc5-74ee-b745-0c211c3a5d92;Soen
01a02690-22e3-7064-9388-0fc3f03b21fd;總有一顆屬於你的星球;01a02690-0cc5-74ee-b745-0c2264eef6ea;Solar
01a02690-22ee-7495-b83f-97ea922916d1;Turniertänzer;01a02690-0cc5-74ee-b745-0c239e74f339;Solarkreis
01a02690-22ee-7495-b83f-97eb5650bab0;One Good Day;01a02690-0cc5-74ee-b745-0c246f2c1aeb;Solomon Hayes
01a02690-22ee-7495-b83f-97ec8a680335;Goodbye Temptation;01a02690-0cc5-74ee-b745-0c2569af3adc;Solomon Ray
01a02690-22e3-7064-9388-0feeb0b91fdf;una voz;01a02690-0cc5-74ee-b745-0c2696f62732;Somos Shemá
01a02690-22e3-7064-9388-1068ee5010a0;Voices In My Head;01a02690-0cc5-74ee-b745-0c275dfbce30;Son of Son
01a02690-22e7-71eb-b833-3029a8a3875f;Honest;01a02690-0cc5-74ee-b745-0c2852987d3b;Song House
01a02690-22ee-7495-b83f-97ed22162ee6;Schon längst verliebt;01a02690-0cc5-74ee-b745-0c2944dbda31;Sonia Liebing
01a02690-22ee-7495-b83f-97eee679c000;Borderless Non-stress;01a02690-0cc5-74ee-b745-0c2afb74d649;Sonic Heart (and Signal)
01a02690-22ee-7495-b83f-97ef0da944ff;Oh Yeah;01a02690-0cc5-74ee-b745-0c2afb74d649;Sonic Heart (and Signal)
01a02690-22e6-772f-ba89-ecb872eb6ac9;Think About Us;01a02690-0cc5-74ee-b745-0c2b694831b9;Sonny Fodera
01a02690-22ee-7495-b83f-97f052305912;We're Telling 'Em;01a02690-0cc5-74ee-b745-0c2c00cbd2d3;Sonny Green
01a02690-22ec-7440-b13d-64333ca4b931;The Banjo Song;01a02690-0cc5-74ee-b745-0c2da6cad3ce;Sons
01a02690-22ec-7440-b13d-6434774787f5;White Blank Page;01a02690-0cc5-74ee-b745-0c2da6cad3ce;Sons
01a02690-22ee-7495-b83f-97f1f9a8a59c;Fire Starter;01a02690-0cc5-74ee-b745-0c2e1f61458b;Sons of Legion
01a02690-22ee-7495-b83f-97f2538a65d9;Walking On The Edge;01a02690-0cc5-74ee-b745-0c2e1f61458b;Sons of Legion
01a02690-22e7-71eb-b833-3049f28bab9a;Dancing Without You;01a02690-0cc5-74ee-b745-0c2fd41955bd;Sophie Ellis-Bextor
01a02690-22ea-7193-8a3e-1c282759bd93;Endless Dreamer;01a02690-0cc5-74ee-b745-0c30b0b504c9;Sou Hayase
01a02690-22e6-772f-ba89-ed058dfcd866;The Night;01a02690-0cc5-74ee-b745-0c31adde3a6a;Soul Brothers Syndicate
01a02690-22e3-7064-9388-0fe0f6aabf71;Papaoutai;01a02690-0cc5-74ee-b745-0c32a4f2c76b;Souled Out
01a02690-22e4-7376-a60c-b93c1d1f8103;Children of Light;01a02690-0cc5-74ee-b745-0c33113c8c05;Soulfly
01a02690-22ee-7495-b83f-97f3f77dd96b;San Francisco;01a02690-0cc5-74ee-b745-0c34157a73d4;Sound Of Legend
01a02690-22ee-7495-b83f-97b5de0d6a94;Voyage Voyage;01a02690-0cc5-74ee-b745-0c34157a73d4;Sound Of Legend
01a02690-22ee-7495-b83f-97f41414086d;Itoshi No Ellie;01a02690-0cc5-74ee-b745-0c35038e2ca5;Southern All Stars
01a02690-22ec-7440-b13d-63ef016d32d0;I Am Still Waiting My Son;01a02690-0cc5-74ee-b745-0c3681158d1b;Spalexma
01a02690-22ec-7440-b13d-63f0887ff21b;I am waiting my son;01a02690-0cc5-74ee-b745-0c3681158d1b;Spalexma
01a02690-22e3-7064-9388-101f2afd6f0d;VOLTAGE;01a02690-0cc5-74ee-b745-0c3701804841;Special Week (CV: Azumi Wake)
01a02690-22ee-7495-b83f-97f531328eb3;Turn This Town;01a02690-0cc5-74ee-b745-0c3843dceaf6;Spencer Hatcher
01a02690-22ee-7495-b83f-97f63a1ca624;More Today Than Yesterday;01a02690-0cc5-74ee-b745-0c392df7b77e;Spiral Starecase
01a02690-22ee-7495-b83f-97f7bfa9b5b2;Unknown Thread;01a02690-0cc5-74ee-b745-0c3af4f18b66;Spitz
01a02690-22ee-7495-b83f-97f8c37b757b;Keine Blumen ohne Regen;01a02690-0cc5-74ee-b745-0c3b47c55b01;Sportfreunde Stiller
01a02690-22ee-7495-b83f-97f976e90ec6;Ti amo, Italiano;01a02690-0cc5-74ee-b745-0c3b47c55b01;Sportfreunde Stiller
01a02690-22ee-7495-b83f-97fa3c81dcb0;You Get the Feeling;01a02690-0cc5-74ee-b745-0c3cd0aab4c4;Squeeze
01a02690-22ee-7495-b83f-97fbb50e62f6;One Life;01a02690-0cc5-74ee-b745-0c3d0180c502;Stan Walker
01a02690-22ee-7495-b83f-97fc0fcc524e;Des étoiles plein les yeux;01a02690-0cc5-74ee-b745-0c3e3e908680;Star Academy
01a02690-22ed-76b9-941f-323997f6372a;Four To The Floor;01a02690-0cc5-74ee-b745-0c3f61e124b2;Starsailor
01a02690-22ee-7495-b83f-97fd309e52df;Nothing's Gonna Stop Us Now;01a02690-0cc5-74ee-b745-0c4062d13d7f;Starship
01a02690-22e6-772f-ba89-ec4c02a8513c;Disgruntled;01a02690-0cc5-74ee-b745-0c41ac3a3550;Status
01a02690-22ee-7495-b83f-97fe26ef699d;Gold-Recollection;01a02690-0cc5-74ee-b745-0c42f1f9186a;Stay Gold (CV: Satsumi Matsuda)
01a02690-22ee-7495-b83f-97ff9bb757b5;The Ghost of Mount Buffalo;01a02690-0cc5-74ee-b745-0c43743f0ce5;Staying Alive
01a02690-22ee-7495-b83f-980013bb74d3;Coffee to Go;01a02690-0cc5-74ee-b745-0c4478f968fa;Steffen Sturm
01a02690-22e9-71a4-af72-5cb76e629321;Only Gonna Cry For You;01a02690-0cc5-74ee-b745-0c4592dd20e0;Steph Fraser
01a02690-22ee-7495-b83f-9801659f448d;Until I Found You;01a02690-0cc5-74ee-b745-0c46184300d0;Stephen Sanchez
01a02690-22ee-7495-b83f-980291d2c872;Gary;01a02690-0cc5-74ee-b745-0c474777218a;Stephen Wilson Jr.
01a02690-22ee-7495-b83f-9803b8b321bf;Hardwired;01a02690-0cc5-74ee-b745-0c474777218a;Stephen Wilson Jr.
01a02690-22ee-7495-b83f-980434209957;Stand By Me;01a02690-0cc5-74ee-b745-0c474777218a;Stephen Wilson Jr.
01a02690-22e6-772f-ba89-eccc8398235c;Country Roads;01a02690-0cc5-74ee-b745-0c483b3a89ed;Stereoact
01a02690-22e6-772f-ba89-ece112700e6a;Azukita;01a02690-0cc5-74ee-b745-0c49e0ad9d7f;Steve Aoki
01a02690-22e8-7496-8881-bf20e36ebd16;YAPAQUE;01a02690-0cc5-74ee-b745-0c49e0ad9d7f;Steve Aoki
01a02690-22ee-7495-b83f-98057e3e467b;One Nation;01a02690-0cc5-74ee-b745-0c4a2b2ece20;Steve Gruber and the Freedom Project
01a02690-22ee-7495-b83f-9806b8b61da0;oh yeah;01a02690-0cc5-74ee-b745-0c4b79a32a13;Steve Lacy
01a02690-22ea-7193-8a3e-1bda48393d50;Separate Ways;01a02690-0cc5-74ee-b745-0c4cc7921529;Steve Perry
01a02690-22e7-71eb-b833-305e29c018df;Leather and Lace;01a02690-0cc5-74ee-b745-0c4d04a062cb;Stevie Nicks
01a02690-22ee-7495-b83f-98078abbdce6;Happy Birthday;01a02690-0cc5-74ee-b745-0c4e20b1c2df;Stevie Wonder
01a02690-22e7-71eb-b833-303f00700fab;Angel Above Me;01a02690-0cc5-74ee-b745-0c4f1e13da0a;Stick Figure
01a02690-22e5-74eb-8ac8-9ef64ce8174f;Angels Above Me;01a02690-0cc5-74ee-b745-0c4f1e13da0a;Stick Figure
01a02690-22e3-7064-9388-1022bd995fb5;Run Run River;01a02690-0cc5-74ee-b745-0c4f1e13da0a;Stick Figure
01a02690-22e3-7064-9388-101e02287ea7;Bokura wa Ima no Naka de;01a02690-0cc5-74ee-b745-0c5067917afa;Still in Love (CV: Saki Miyashita)
01a02690-22ee-7495-b83f-9808f271f0fb;Fields of Gold;01a02690-0cc5-74ee-b745-0c51cf4d8958;Sting
01a02690-22e4-7376-a60c-b9a73f1b0787;Shape of My Heart;01a02690-0cc5-74ee-b745-0c51cf4d8958;Sting
01a02690-22ee-7495-b83f-98096a7a99e9;Disconnected;01a02690-0cc5-74ee-b745-0c5225f0e6cd;Story of the Year
01a02690-22ee-7495-b83f-980a05a60cd6;After You;01a02690-0cc5-74ee-b745-0c53d984a2d5;Stray Kids
01a02690-22ee-7495-b83f-980b5f2d9538;Back Then;01a02690-0cc5-74ee-b745-0c53d984a2d5;Stray Kids
01a02690-22ee-7495-b83f-980c23791d15;Endless Sun;01a02690-0cc5-74ee-b745-0c53d984a2d5;Stray Kids
01a02690-22ee-7495-b83f-980d63ebd0e5;FARMING;01a02690-0cc5-74ee-b745-0c53d984a2d5;Stray Kids
01a02690-22ee-7495-b83f-980e290ff0fc;I Do;01a02690-0cc5-74ee-b745-0c53d984a2d5;Stray Kids
01a02690-22ee-7495-b83f-980f5bcda4d5;RUN IT;01a02690-0cc5-74ee-b745-0c53d984a2d5;Stray Kids
01a02690-22ee-7495-b83f-9810a5521994;STAY;01a02690-0cc5-74ee-b745-0c53d984a2d5;Stray Kids
01a02690-22e9-71a4-af72-5c5bbff8bbf9;This & That;01a02690-0cc5-74ee-b745-0c53d984a2d5;Stray Kids
01a02690-22ee-7495-b83f-98110289dce1;Way Out;01a02690-0cc5-74ee-b745-0c53d984a2d5;Stray Kids
01a02690-22e3-7064-9388-0fe0f6aabf71;Papaoutai;01a02690-0cc5-74ee-b745-0c5469fbe063;Stromae
01a02690-22ee-7495-b83f-9812d037e220;des fleurs;01a02690-0cc5-74ee-b745-0c5469fbe063;Stromae
01a02690-22ee-7495-b83f-9813b62333cf;Renegade;01a02690-0cc5-74ee-b745-0c55ca5d4de8;Styx
01a02690-22e4-7376-a60c-b92be389c4d2;Karvaan;01a02690-0cc5-74ee-b745-0c5619dfa327;Subhadeep Das Chowdhury
01a02690-22e5-74eb-8ac8-9eba69d98c67;Aari Aari;01a02690-0cc5-74ee-b745-0c57845914de;Sudhir Yaduvanshi
01a02690-22e4-7376-a60c-b9a1c625b954;Title Track;01a02690-0cc5-74ee-b745-0c57845914de;Sudhir Yaduvanshi
01a02690-22ee-7495-b83f-9814bde97a9a;Kanade;01a02690-0cc5-74ee-b745-0c5880435cfd;Sukimaswitch
01a02690-22e9-71a4-af72-5c035d72869c;Tokimeki Emotion;01a02690-0cc5-74ee-b745-0c591427c939;Sumika Shiun
01a02690-22e4-7376-a60c-b965babeb0f9;KILLY MANJARO;01a02690-0cc5-74ee-b745-0c5ac2a7f2cb;Summer Cem
01a02690-22ee-7495-b83f-97ac1fc3ce3a;MO' MONEY MO' HATERS;01a02690-0cc5-74ee-b745-0c5ac2a7f2cb;Summer Cem
01a02690-22ee-7495-b83f-9815ce00ed3e;Not A Lot To Say;01a02690-0cc5-74ee-b745-0c5b05e844c0;Superdays
01a02690-22ee-7495-b83f-981687bf30a9;Kylian Mbappe Dictador Anthem;01a02690-0cc5-74ee-b745-0c5c7b907e92;SurNervis
01a02690-22ee-7495-b83f-98179e025694;Hollow;01a02690-0cc5-74ee-b745-0c5d0837c6f6;Survive Said The Prophet
01a02690-22ee-7495-b83f-981811fee206;Eye of the Tiger;01a02690-0cc5-74ee-b745-0c5ed929a823;Survivor
01a02690-22e8-7496-8881-bf60342e7463;Halverwege;01a02690-0cc5-74ee-b745-0c5fd525dcba;Suzan
01a02690-22ed-76b9-941f-329226355027;Champagne;01a02690-0cc5-74ee-b745-0c60d9178e6f;Suzane
01a02690-22ee-7495-b83f-98193dc86eb0;Je t'accuse;01a02690-0cc5-74ee-b745-0c60d9178e6f;Suzane
01a02690-22ee-7495-b83f-981a7422329f;If You Can't Give Me Love;01a02690-0cc5-74ee-b745-0c610980cfec;Suzi Quatro
01a02690-22e6-772f-ba89-ec624891a17b;Stumblin' In;01a02690-0cc5-74ee-b745-0c610980cfec;Suzi Quatro
01a02690-22ed-76b9-941f-32d3c802354d;Sunflower;01a02690-0cc5-74ee-b745-0c6214b827c3;Swae Lee
01a02690-22e5-74eb-8ac8-9ea94930d313;You've Made Me So Very Happy;01a02690-0cc5-74ee-b745-0c63830f9273;Sweat
01a02690-22eb-71cc-a5a4-3086f93786bc;Happiness Is So Sad;01a02690-0cc5-74ee-b745-0c64fa8518cd;Swedish House Mafia
01a02690-22e4-7376-a60c-b99154537df6;Run;01a02690-0cc5-74ee-b745-0c65bc31033e;Sydnie Christmas
01a02690-22e7-71eb-b833-3043a54f7513;Turn The Tide;01a02690-0cc5-74ee-b745-0c66c2ee6391;Sylver
01a02690-22ee-7495-b83f-970381beb70b;Kiss The Grass;01a02690-0cc5-74ee-b745-0c67ba90cc1c;Sylvie Kreusch
01a02690-22e3-7064-9388-1020f0f08e72;You Aim A;01a02690-0cc5-74ee-b745-0c6874f59e5c;Symboli Kris S (CV: Meiku Harukawa)
01a02690-22e9-71a4-af72-5cc8615c5704;At Last;01a02690-0cc5-74ee-b745-0c69b5a37edb;Symon Hook
01a02690-22e7-71eb-b833-308ae0bb37f3;MUSIC ENERGY;01a02690-0cc5-74ee-b745-0c6a06e916a8;Syo Kurusu
01a02690-22ea-7193-8a3e-1be4b744be4d;Attraction;01a02690-0cc5-74ee-b745-0c6bbe66bdfb;Sébastien Tellier
01a02690-22ee-7495-b83f-981b2b13a825;LET 'EM KNOW;01a02690-0cc5-74ee-b745-0c6c6aa3ee06;T.I.
01a02690-22ee-7495-b83f-981cd9642bad;LET EM KNOW;01a02690-0cc5-74ee-b745-0c6c6aa3ee06;T.I.
01a02690-22ee-7495-b83f-981d099d085b;HOT LIMIT;01a02690-0cc5-74ee-b745-0c6d3656866c;T.M.Revolution
01a02690-22ee-7495-b83f-981e336f2925;From THE FIRST TAKE;01a02690-0cc5-74ee-b745-0c6e04a2829c;T.M.Revolution - HOT LIMIT
01a02690-22ee-7495-b83f-981f33284e0d;Mist.;01a02690-0cc5-74ee-b745-0c6f30431e77;T.N.T
01a02690-22e8-7496-8881-bfd82fb3ef70;DESPERADO;01a02690-0cc5-74ee-b745-0c70975b95a2;T.O.P
01a02690-22ee-7495-b83f-98206bdc27a5;Studio54;01a02690-0cc5-74ee-b745-0c70975b95a2;T.O.P
01a02690-22ee-7495-b83f-9821bcc22783;After this night;01a02690-0cc5-74ee-b745-0c71a1aa2292;TAEHYUN
01a02690-22e7-71eb-b833-308b4ab187fd;Breaking Through;01a02690-0cc5-74ee-b745-0c71a1aa2292;TAEHYUN
01a02690-22ee-7495-b83f-982297eec374;I Believe;01a02690-0cc5-74ee-b745-0c71a1aa2292;TAEHYUN
01a02690-22ee-7495-b83f-973b9584e570;I Love You I Love You too;01a02690-0cc5-74ee-b745-0c71a1aa2292;TAEHYUN
01a02690-22ee-7495-b83f-982304f5c674;I Miss You;01a02690-0cc5-74ee-b745-0c71a1aa2292;TAEHYUN
01a02690-22ee-7495-b83f-982406b599ca;Long Way Home;01a02690-0cc5-74ee-b745-0c72b1338913;TAEMIN
01a02690-22ee-7495-b83f-9825f2acc5eb;Bansanka;01a02690-0cc5-74ee-b745-0c73ccd80f83;TAEYEON
01a02690-22ee-7495-b83f-9826f05caaca;Pieces;01a02690-0cc5-74ee-b745-0c73ccd80f83;TAEYEON
01a02690-22e8-7496-8881-bfda804fe56f;Bitter Sweet;01a02690-0cc5-74ee-b745-0c74b338d640;TAEYONG
01a02690-22ee-7495-b83f-9827a5feb13e;Rock Solid;01a02690-0cc5-74ee-b745-0c74b338d640;TAEYONG
01a02690-22ee-7495-b83f-9828dc302625;FOREVER BLUE;01a02690-0cc5-74ee-b745-0c75516486bc;TAGRIGHT
01a02690-22ee-7495-b83f-9829fda129da;Hanakotoba;01a02690-0cc5-74ee-b745-0c75516486bc;TAGRIGHT
01a02690-22ee-7495-b83f-982a531b0249;Time is money;01a02690-0cc5-74ee-b745-0c76ec75562f;TAKARA
01a02690-22e9-71a4-af72-5c0835c8a4e8;Crossroad;01a02690-0cc5-74ee-b745-0c77cfb9e72e;TAKU INOUE
01a02690-22ea-7193-8a3e-1c25d96fe823;FLY HIGH;01a02690-0cc5-74ee-b745-0c78d5c9ea11;TAKUMI OZAKI
01a02690-22ee-7495-b83f-982bd295bd31;The Fate of Ophelia;01a02690-0cc5-74ee-b745-0c79386eff68;TELYKAST
01a02690-22ee-7495-b83f-982c082138b0;If You Don’t Mean It;01a02690-0cc5-74ee-b745-0c7a4b25e89b;TEN
01a02690-22ee-7495-b83f-982d0106a166;Supreme Doubles;01a02690-0cc5-74ee-b745-0c7b7cef6bc5;TENIPURI “D” ALL STARS
01a02690-22ee-7495-b83f-982eca9536ff;Golden Christmas;01a02690-0cc5-74ee-b745-0c7c17d76e3c;TG5
01a02690-22ee-7495-b83f-982fde911f92;8DM;01a02690-0cc5-74ee-b745-0c7d2aae67ee;THE 8
01a02690-22ee-7495-b83f-98307a4dd1e7;singasong;01a02690-0cc5-74ee-b745-0c7d2aae67ee;THE 8
01a02690-22ee-7495-b83f-983137e1ac38;Ring Ring Ring no Maho;01a02690-0cc5-74ee-b745-0c7ec8321be7;THE FUTARI TRAVELER
01a02690-22eb-71cc-a5a4-3060b232cb90;Vuelve;01a02690-0cc5-74ee-b745-0c7fa74fe6a2;TINI
01a02690-22ee-7495-b83f-98327c5c6e4c;keinen namen;01a02690-0cc5-74ee-b745-0c8084b00f38;TJARK
01a02690-22eb-71cc-a5a4-30bd720de647;Ender Ember;01a02690-0cc5-74ee-b745-0c810662ad62;TK from Ling tosite sigure
01a02690-22eb-71cc-a5a4-30bd720de647;Ender Ember;01a02690-0cc5-74ee-b745-0c82a70dba9e;TK from 凛として時雨
01a02690-22e8-7496-8881-bf32203408a0;กลิ่นฝน;01a02690-0cc5-74ee-b745-0c83f2424c2e;TLE MATIMUN
01a02690-22ee-7495-b83f-98338553047a;Nichts geht verloren;01a02690-0cc5-74ee-b745-0c846db3a4bb;TOCHTER
01a02690-22ee-7495-b83f-98347f8fb94a;Still Here;01a02690-0cc5-74ee-b745-0c85aef1f9a1;TOMOO
01a02690-22ee-7495-b83f-98356f7d140c;21st Century Romance;01a02690-0cc5-74ee-b745-0c86c4c82997;TOMORROW X TOGETHER
01a02690-22ee-7495-b83f-983645f24df1;Bed of Thorns;01a02690-0cc5-74ee-b745-0c86c4c82997;TOMORROW X TOGETHER
01a02690-22ee-7495-b83f-9837bb093a5f;Blue Spring;01a02690-0cc5-74ee-b745-0c86c4c82997;TOMORROW X TOGETHER
01a02690-22ee-7495-b83f-973b9584e570;I Love You I Love You too;01a02690-0cc5-74ee-b745-0c86c4c82997;TOMORROW X TOGETHER
01a02690-22ee-7495-b83f-9838317f33ce;Nice to Meet Ya;01a02690-0cc5-74ee-b745-0c86c4c82997;TOMORROW X TOGETHER
01a02690-22ee-7495-b83f-98392ba57e43;SSS;01a02690-0cc5-74ee-b745-0c86c4c82997;TOMORROW X TOGETHER
01a02690-22ee-7495-b83f-983a32b1857c;Setsuna Hanabi;01a02690-0cc5-74ee-b745-0c86c4c82997;TOMORROW X TOGETHER
01a02690-22eb-71cc-a5a4-30bb7ed66fe1;So What;01a02690-0cc5-74ee-b745-0c86c4c82997;TOMORROW X TOGETHER
01a02690-22ee-7495-b83f-983bb178b2be;Stick With You;01a02690-0cc5-74ee-b745-0c86c4c82997;TOMORROW X TOGETHER
01a02690-22ee-7495-b83f-983c72e24103;セツナハナビ;01a02690-0cc5-74ee-b745-0c86c4c82997;TOMORROW X TOGETHER
01a02690-22ee-7495-b83f-983dde8f727c;Mafia Style;01a02690-0cc5-74ee-b745-0c87127a3f9b;TRAP MAFIA HOUSE
01a02690-22ee-7495-b83f-983e7b76ecfb;DANGER;01a02690-0cc5-74ee-b745-0c88026ba4b8;TREASURE
01a02690-22ee-7495-b83f-983ff2a82c04;IF I;01a02690-0cc5-74ee-b745-0c88026ba4b8;TREASURE
01a02690-22ee-7495-b83f-98404781d7c2;NALLY-NA;01a02690-0cc5-74ee-b745-0c88026ba4b8;TREASURE
01a02690-22ee-7495-b83f-98419e4fb686;ZOOM ZOOM;01a02690-0cc5-74ee-b745-0c88026ba4b8;TREASURE
01a02690-22ee-7495-b83f-98420cdfe8f8;Du Bist Gut Genug;01a02690-0cc5-74ee-b745-0c89c85d9e80;TRIADXCNTRL
01a02690-22ee-7495-b83f-98438c310f65;Answer;01a02690-0cc5-74ee-b745-0c8a2549fe43;TRIGGER
01a02690-22ee-7495-b83f-98443b273263;SOS;01a02690-0cc5-74ee-b745-0c8b5e7811ee;TUKI.
01a02690-22ee-7495-b83f-9845182ca685;The Third Planet;01a02690-0cc5-74ee-b745-0c8b5e7811ee;TUKI.
01a02690-22ee-7495-b83f-9846d43b13c2;Wolf Like Me;01a02690-0cc5-74ee-b745-0c8c0bd2b866;TV On the Radio
01a02690-22ee-7495-b83f-984799971867;IDENTITY;01a02690-0cc5-74ee-b745-0c8dcc803213;TVXQ!
01a02690-22ee-7495-b83f-9848f2ea2e02;Share The World -RED OCEAN Ver.-;01a02690-0cc5-74ee-b745-0c8dcc803213;TVXQ!
01a02690-22ee-7495-b83f-98493c7e5cd4;Nice to see you again;01a02690-0cc5-74ee-b745-0c8e84bd6354;TWS
01a02690-22ee-7495-b83f-984ac766e537;OVERDRIVE;01a02690-0cc5-74ee-b745-0c8e84bd6354;TWS
01a02690-22ee-7495-b83f-984bfbf64bd2;SODA SODA;01a02690-0cc5-74ee-b745-0c8e84bd6354;TWS
01a02690-22ee-7495-b83f-984c7a1a0157;You, You;01a02690-0cc5-74ee-b745-0c8e84bd6354;TWS
01a02690-22ee-7495-b83f-984de71ad0d8;Eulogy;01a02690-0cc5-74ee-b745-0c8f95a25d1d;Tailgunner
01a02690-22ee-7495-b83f-984e137e7ba1;War In Heaven;01a02690-0cc5-74ee-b745-0c8f95a25d1d;Tailgunner
01a02690-22e9-71a4-af72-5ca68bbabee2;ROSITA;01a02690-0cc5-74ee-b745-0c90a4b6c315;Tainy
01a02690-22ee-7495-b83f-984fb83b7f5d;Ignis;01a02690-0cc5-74ee-b745-0c912b001bfb;Takanori Nishikawa
01a02690-22ee-7495-b83f-9850ee67e73f;Iitai Kotomo Ienai Konna Yononakawa;01a02690-0cc5-74ee-b745-0c92d9bdf57c;Takashi Sorimachi - Poison
01a02690-22e7-71eb-b833-3034a38c7656;Back for Good;01a02690-0cc5-74ee-b745-0c93336af327;Take That
01a02690-22ee-7495-b83f-985136bf88a1;Patience;01a02690-0cc5-74ee-b745-0c93336af327;Take That
01a02690-22e9-71a4-af72-5cdececf5cd2;Said It All;01a02690-0cc5-74ee-b745-0c93336af327;Take That
01a02690-22ee-7495-b83f-985246be72ac;Sweet July;01a02690-0cc5-74ee-b745-0c93336af327;Take That
01a02690-22ee-7495-b83f-98538d37650f;You're A Superstar;01a02690-0cc5-74ee-b745-0c93336af327;Take That
01a02690-22ee-7495-b83f-9854ab8bba30;BLACK DENIM;01a02690-0cc5-74ee-b745-0c9400759940;Takuya Kimura
01a02690-22ee-7495-b83f-98556123cbf0;celery;01a02690-0cc5-74ee-b745-0c9400759940;Takuya Kimura
01a02690-22ee-7495-b83f-98569c7036cc;Lady;01a02690-0cc5-74ee-b745-0c95f811c967;Talia Mar
01a02690-22e9-71a4-af72-5c99263e8885;Dracula;01a02690-0cc5-74ee-b745-0c9699c71939;Tame Impala
01a02690-22e2-7774-a1a3-e4b056d8c0d1;Loser;01a02690-0cc5-74ee-b745-0c9699c71939;Tame Impala
01a02690-22ee-7495-b83f-9857518791bd;I Still Believe In Fairy Tales;01a02690-0cc5-74ee-b745-0c9731e91160;Tammy Wynette
01a02690-22ee-7495-b83f-98589bedb76b;Ainouta;01a02690-0cc5-74ee-b745-0c987791e641;Tani Yuuki
01a02690-22ee-7495-b83f-98592985aad5;At Sea;01a02690-0cc5-74ee-b745-0c996a269010;Tarja
01a02690-22e7-71eb-b833-30ec8bac93eb;Voyaging Star's Farewell;01a02690-0cc5-74ee-b745-0c9a61ff6573;Tarokiki
01a02690-22e8-7496-8881-bf525b1c896a;SOMEBODY PRAYED;01a02690-0cc5-74ee-b745-0c9bea520b41;Tate Butts
01a02690-22ee-7495-b83f-985af541e2e7;Just Keep Watching;01a02690-0cc5-74ee-b745-0c9cca5dd6a7;Tate McRae
01a02690-22ed-76b9-941f-3318f33022ab;gararaikyu;01a02690-0cc5-74ee-b745-0c9d88a739c1;Tatsuya Fukazawa
01a02690-22ee-7495-b83f-985b28cd8882;Final Draft;01a02690-0cc5-74ee-b745-0c9e693eb62d;Tatsuya Kitani
01a02690-22ee-7495-b83f-985c089378bf;HIDANE;01a02690-0cc5-74ee-b745-0c9e693eb62d;Tatsuya Kitani
01a02690-22ee-7495-b83f-985d18f6ae27;Kasuka na Hana;01a02690-0cc5-74ee-b745-0c9e693eb62d;Tatsuya Kitani
01a02690-22ee-7495-b83f-985e337a4aa4;I Knew It, I Knew You;01a02690-0cc5-74ee-b745-0c9fe18ceb15;Taylor Swift
01a02690-22ee-7495-b83f-985f6c105ee4;Love Story;01a02690-0cc5-74ee-b745-0c9fe18ceb15;Taylor Swift
01a02690-22e4-7376-a60c-b99ca0c73ca8;Opalite;01a02690-0cc5-74ee-b745-0c9fe18ceb15;Taylor Swift
01a02690-22ee-7495-b83f-98602c121eed;Shake It Off;01a02690-0cc5-74ee-b745-0c9fe18ceb15;Taylor Swift
01a02690-22eb-71cc-a5a4-306659c03a55;The Fate Of Ophelia;01a02690-0cc5-74ee-b745-0c9fe18ceb15;Taylor Swift
01a02690-22ee-7495-b83f-982bd295bd31;The Fate of Ophelia;01a02690-0cc5-74ee-b745-0c9fe18ceb15;Taylor Swift
01a02690-22ee-7495-b83f-9861fdc34ec4;august;01a02690-0cc5-74ee-b745-0c9fe18ceb15;Taylor Swift
01a02690-22e5-74eb-8ac8-9ea94930d313;You've Made Me So Very Happy;01a02690-0cc5-74ee-b745-0ca022bacda0;Tears
01a02690-22ee-7495-b83f-9862a56cad6e;Everybody Wants to Rule the World;01a02690-0cc5-74ee-b745-0ca1bd1b11dc;Tears for Fears
01a02690-22ee-7495-b83f-9863b436d91b;Stranglehold;01a02690-0cc5-74ee-b745-0ca2932e4b2a;Ted Nugent
01a02690-22ee-7495-b83f-98647df4f549;Bad Dreams;01a02690-0cc5-74ee-b745-0ca363109b46;Teddy Swims
01a02690-22ee-7495-b83f-98653388074d;Break Up in Reverse;01a02690-0cc5-74ee-b745-0ca363109b46;Teddy Swims
01a02690-22e6-772f-ba89-ed13de22fa4e;Gone Gone Gone;01a02690-0cc5-74ee-b745-0ca363109b46;Teddy Swims
01a02690-22ee-7495-b83f-98665e004bbf;Lose Control;01a02690-0cc5-74ee-b745-0ca363109b46;Teddy Swims
01a02690-22ee-7495-b83f-9867410ec039;Mr. Know It All;01a02690-0cc5-74ee-b745-0ca363109b46;Teddy Swims
01a02690-22e3-7064-9388-0fb9d9b7fb24;The Door;01a02690-0cc5-74ee-b745-0ca363109b46;Teddy Swims
01a02690-22ee-7495-b83f-98689a345044;Chaussures Roses;01a02690-0cc5-74ee-b745-0ca45a6fc8f6;TeddyBear
01a02690-22ee-7495-b83f-98690d4ca488;Future Soul;01a02690-0cc5-74ee-b745-0ca593f980fa;Tedeschi Trucks Band
01a02690-22ee-7495-b83f-986a1f982b77;Who Am I;01a02690-0cc5-74ee-b745-0ca593f980fa;Tedeschi Trucks Band
01a02690-22e9-71a4-af72-5c5bbff8bbf9;This & That;01a02690-0cc5-74ee-b745-0ca6ae7bf2d2;Tele
01a02690-22e9-71a4-af72-5bfd369573f9;Ittai Itsukara;01a02690-0cc5-74ee-b745-0ca782bcbf24;Temari Tsukimura
01a02690-22ee-7495-b83f-986be57d189c;Self Aware;01a02690-0cc5-74ee-b745-0ca8070a08ca;Temper City
01a02690-22e6-772f-ba89-ed0af519c0fe;Raindance;01a02690-0cc5-74ee-b745-0ca9230ad21c;Tems
01a02690-22ee-7495-b83f-986c64b62c5f;What You Need;01a02690-0cc5-74ee-b745-0ca9230ad21c;Tems
01a02690-22e4-7376-a60c-b9ba402ce7c3;Silver Night;01a02690-0cc5-74ee-b745-0caab9d4782b;Tender May
01a02690-22ee-7495-b83f-986d43b2e750;Sixteen Tons;01a02690-0cc5-74ee-b745-0cab5b902792;Tennessee Ernie Ford
01a02690-22ee-7495-b83f-986e191a05f5;Testimony;01a02690-0cc5-74ee-b745-0cac595a3ba7;Terrian
01a02690-22ee-7495-b83f-972850021cb9;Moonlight;01a02690-0cc5-74ee-b745-0cad2617c0c9;Terry Zhong
01a02690-22ee-7495-b83f-986fb117f2f9;Never Alone;01a02690-0cc5-74ee-b745-0caed1a64cce;Tesla
01a02690-22e2-7774-a1a3-e4c47b3f92b6;Dancing Queen;01a02690-0cc5-74ee-b745-0cafd878bb2d;Thalia
01a02690-22ee-7495-b83f-987088cc1ddd;Your Nonsense Makes Sense;01a02690-0cc5-74ee-b745-0cb03bd09706;The 502s
01a02690-22ee-7495-b83f-9871eb1307af;Sirius;01a02690-0cc5-74ee-b745-0cb1488e44d3;The Alan Parsons Project
01a02690-22ee-7495-b83f-98720d983172;Bleed;01a02690-0cc5-74ee-b745-0cb2527f45dc;The Amity Affliction
01a02690-22ee-7495-b83f-9873e6791aac;Heaven Sent;01a02690-0cc5-74ee-b745-0cb2527f45dc;The Amity Affliction
01a02690-22ee-7495-b83f-987459d8ee0c;House Of Cards;01a02690-0cc5-74ee-b745-0cb2527f45dc;The Amity Affliction
01a02690-22ee-7495-b83f-98758afb1d06;Isn't It Time;01a02690-0cc5-74ee-b745-0cb390c6ef54;The Babys
01a02690-22ec-7440-b13d-6485705b2016;Red Right Hand;01a02690-0cc5-74ee-b745-0cb49eb1bd90;The Bad Seeds
01a02690-22ee-7495-b83f-9876ea7a9c80;Lose Myself;01a02690-0cc5-74ee-b745-0cb5eed1441d;The Bausa
01a02690-22e4-7376-a60c-b9c5d78b91a7;Magnetic;01a02690-0cc5-74ee-b745-0cb5eed1441d;The Bausa
01a02690-22ee-7495-b83f-98772613e3b6;Edge of the Earth;01a02690-0cc5-74ee-b745-0cb6369ba643;The Beaches
01a02690-22ee-7495-b83f-9878fe6931e6;Golden Slumbers;01a02690-0cc5-74ee-b745-0cb7ae9131fd;The Beatles
01a02690-22ee-7495-b83f-987945fd8552;Here Comes the Sun;01a02690-0cc5-74ee-b745-0cb7ae9131fd;The Beatles
01a02690-22ee-7495-b83f-987a038656bc;Hey Jude;01a02690-0cc5-74ee-b745-0cb7ae9131fd;The Beatles
01a02690-22ee-7495-b83f-987b1d3082f1;Let It Be;01a02690-0cc5-74ee-b745-0cb7ae9131fd;The Beatles
01a02690-22ec-7440-b13d-64a4b24590f8;Michelle;01a02690-0cc5-74ee-b745-0cb7ae9131fd;The Beatles
01a02690-22ee-7495-b83f-987c3d71fafa;A Little Time;01a02690-0cc5-74ee-b745-0cb852195486;The Beautiful South
01a02690-22ee-7495-b83f-987defeecf00;It’s Like That;01a02690-0cc5-74ee-b745-0cb9e06afb13;The Black Crowes
01a02690-22ee-7495-b83f-987e1feda3e8;Pharmacy Chronicles;01a02690-0cc5-74ee-b745-0cb9e06afb13;The Black Crowes
01a02690-22ee-7495-b83f-987f699d59fc;Profane Prophecy;01a02690-0cc5-74ee-b745-0cb9e06afb13;The Black Crowes
01a02690-22ee-7495-b83f-98800725dca0;I Gotta Feeling;01a02690-0cc5-74ee-b745-0cba1e814427;The Black Eyed Peas
01a02690-22ee-7495-b83f-988176f964f1;Where There's Smoke, There's Fire;01a02690-0cc5-74ee-b745-0cbb001ce056;The Black Keys
01a02690-22ee-7495-b83f-9882340916f3;You Got to Lose;01a02690-0cc5-74ee-b745-0cbb001ce056;The Black Keys
01a02690-22ee-7495-b83f-9883e8525592;Put a Donk on It, Pt. 2;01a02690-0cc5-74ee-b745-0cbcfd0131f6;The Blackout Crew
01a02690-22ee-7495-b83f-9884f74aef09;The Last Post;01a02690-0cc5-74ee-b745-0cbd1f524c2b;The Bugler
01a02690-22e7-71eb-b833-30b1ec40d88b;The Light That Surrounds You;01a02690-0cc5-74ee-b745-0cbe161c4a1f;The Bunnymen
01a02690-22e9-71a4-af72-5c886dfedfb1;Closer;01a02690-0cc5-74ee-b745-0cbf8ea1bc22;The Chainsmokers
01a02690-22ed-76b9-941f-3235687d9e58;Echo;01a02690-0cc5-74ee-b745-0cbf8ea1bc22;The Chainsmokers
01a02690-22ee-7495-b83f-982bd295bd31;The Fate of Ophelia;01a02690-0cc5-74ee-b745-0cbf8ea1bc22;The Chainsmokers
01a02690-22ee-7495-b83f-9885b769bc09;Go;01a02690-0cc5-74ee-b745-0cc0afad6d9b;The Chemical Brothers
01a02690-22ee-7495-b83f-9886b630f626;Not Ready to Make Nice;01a02690-0cc5-74ee-b745-0cc1f034318a;The Chicks
01a02690-22ee-7495-b83f-98874a2874da;This Has to Stop;01a02690-0cc5-74ee-b745-0cc2e50b375c;The Childish
01a02690-22ee-7495-b83f-9888048bcd70;To Build a Home;01a02690-0cc5-74ee-b745-0cc31e32a790;The Cinematic Orchestra
01a02690-22ee-7495-b83f-98897e5bf3ab;Should I Stay or Should I Go;01a02690-0cc5-74ee-b745-0cc49f7be166;The Clash
01a02690-22ee-7495-b83f-988a56aff6b6;Meat Machines;01a02690-0cc5-74ee-b745-0cc514c16a17;The Claypool Lennon Delirium
01a02690-22ee-7495-b83f-988b6436f1a0;Melody of Entropy;01a02690-0cc5-74ee-b745-0cc514c16a17;The Claypool Lennon Delirium
01a02690-22e8-7496-8881-bf3afa71a077;Dreams;01a02690-0cc5-74ee-b745-0cc686b4143b;The Cranberries
01a02690-22ee-7495-b83f-988cfcf0fe99;Linger;01a02690-0cc5-74ee-b745-0cc686b4143b;The Cranberries
01a02690-22ee-7495-b83f-988dcd4b2735;Zombie;01a02690-0cc5-74ee-b745-0cc686b4143b;The Cranberries
01a02690-22ee-7495-b83f-988e5c16e8cf;Summer in the City;01a02690-0cc5-74ee-b745-0cc76b0d00d8;The Damned
01a02690-22ee-7495-b83f-988ff517ed87;What a Fool Believes;01a02690-0cc5-74ee-b745-0cc84aef668f;The Doobie Brothers
01a02690-22ee-7495-b83f-98907a4e167f;A Crazy Shot in the Dark;01a02690-0cc5-74ee-b745-0cc938bf638c;The Fizz
01a02690-22ee-7495-b83f-98914fbc1614;Right Where I Belong;01a02690-0cc5-74ee-b745-0cca44cdd1c5;The Format
01a02690-22e8-7496-8881-bfaa254af85d;Falling Slowly;01a02690-0cc5-74ee-b745-0ccb13176f52;The Frames
01a02690-22ee-7495-b83f-98929480fc5d;brodyaga;01a02690-0cc5-74ee-b745-0cccd420fa4f;The Game Official
01a02690-22ee-7495-b83f-9893b57e8a23;Keep Your Hands to Yourself;01a02690-0cc5-74ee-b745-0ccd2c72d490;The Georgia Satellites
01a02690-22ee-7495-b83f-989407243f98;Iris;01a02690-0cc5-74ee-b745-0cce8ef8acc6;The Goo Goo Dolls
01a02690-22ee-7495-b83f-9895fe52d39d;Far from Any Road;01a02690-0cc5-74ee-b745-0ccfdc3218c7;The Handsome Family
01a02690-22ee-7495-b83f-9896923874df;American Girl;01a02690-0cc5-74ee-b745-0cd0f732b6f4;The Heartbreakers
01a02690-22ee-7495-b83f-9897ffb33816;The Irish Roar;01a02690-0cc5-74ee-b745-0cd16be9b7fe;The High Kings
01a02690-22ee-7495-b83f-9898ee6b3610;Happy Hour;01a02690-0cc5-74ee-b745-0cd29c667664;The Housemartins
01a02690-22ee-7495-b83f-98992aa9fd7a;Grey Hun;01a02690-0cc5-74ee-b745-0cd30f405169;The Hu
01a02690-22ee-7495-b83f-989a6afed29b;In This Shirt;01a02690-0cc5-74ee-b745-0cd497a4659c;The Irrepressibles
01a02690-22ee-7495-b83f-989b5ce4ac68;GIRLS;01a02690-0cc5-74ee-b745-0cd50957a213;The Kid LAROI
01a02690-22e5-74eb-8ac8-9f439f1468b1;Stay;01a02690-0cc5-74ee-b745-0cd50957a213;The Kid LAROI
01a02690-22ee-7495-b83f-97b4eb9a1207;Eyes on Me;01a02690-0cc5-74ee-b745-0cd6eaa23834;The Kidd
01a02690-22ee-7495-b83f-989cb50e4b3f;Mr. Brightside;01a02690-0cc5-74ee-b745-0cd70e7c5172;The Killers
01a02690-22ee-7495-b83f-989d08d6272e;ROLLING STONES;01a02690-0cc5-74ee-b745-0cd8b8bbb331;The Kolors
01a02690-22ee-7495-b83f-989e82417d70;Naive;01a02690-0cc5-74ee-b745-0cd9172c23d4;The Kooks
01a02690-22ee-7495-b83f-989f56d45ac5;She Moves In Her Own Way;01a02690-0cc5-74ee-b745-0cd9172c23d4;The Kooks
01a02690-22ee-7495-b83f-98a013d8c551;Let's Do It Again;01a02690-0cc5-74ee-b745-0cda3d6c583f;The Last Dinner Party
01a02690-22e6-772f-ba89-ed0ea4470d0c;Three Lions;01a02690-0cc5-74ee-b745-0cdb42330d26;The Lightning Seeds
01a02690-22ea-7193-8a3e-1bdb628ecf1a;As the Crow;01a02690-0cc5-74ee-b745-0cdc58ea5426;The Lion
01a02690-22ea-7193-8a3e-1bdc6e45b90a;Gravel Roads;01a02690-0cc5-74ee-b745-0cdc58ea5426;The Lion
01a02690-22e5-74eb-8ac8-9efe311fd00d;Now We Are Free;01a02690-0cc5-74ee-b745-0cdde0266841;The Lyndhurst Orchestra
01a02690-22ee-7495-b83f-98a15fa46770;No One Noticed;01a02690-0cc5-74ee-b745-0cdee5532045;The Marías
01a02690-22ee-7495-b83f-98a27277aba7;Better Angels;01a02690-0cc5-74ee-b745-0cdf884ab9a9;The Menzingers
01a02690-22ee-7495-b83f-98a39e8c3833;Everything I Ever Saw;01a02690-0cc5-74ee-b745-0cdf884ab9a9;The Menzingers
01a02690-22ee-7495-b83f-98a4c5b6f258;Сладкая мята;01a02690-0cc5-74ee-b745-0ce03c1d61c5;The Milan
01a02690-22ee-7495-b83f-98a5d0e2dd04;Universal Fanfare;01a02690-0cc5-74ee-b745-0ce135c57971;The Minions
01a02690-22ee-7495-b83f-98a6e2b8d879;Y.M.C.A.;01a02690-0cc5-74ee-b745-0ce135c57971;The Minions
01a02690-22ee-7495-b83f-98a77d127a06;Get a Life;01a02690-0cc5-74ee-b745-0ce2b8840531;The Molotovs
01a02690-22ee-7495-b83f-98a8780dc593;Rhythm of Yourself;01a02690-0cc5-74ee-b745-0ce2b8840531;The Molotovs
01a02690-22ee-7495-b83f-98a9ce928cca;Today's Gonna Be Our Day;01a02690-0cc5-74ee-b745-0ce2b8840531;The Molotovs
01a02690-22ee-7495-b83f-98aaf4ffaf06;Giddy Up;01a02690-0cc5-74ee-b745-0ce3a2d8ffa4;The Naughty Jukebox
01a02690-22ee-7495-b83f-98ab5496f764;Hurt People;01a02690-0cc5-74ee-b745-0ce4083c1e3e;The Neal Morse Band
01a02690-22ee-7495-b83f-98acedb00d77;Reaching;01a02690-0cc5-74ee-b745-0ce4083c1e3e;The Neal Morse Band
01a02690-22ee-7495-b83f-98ad445618ae;Kansas City;01a02690-0cc5-74ee-b745-0ce5796891b6;The New Basement Tapes
01a02690-22ee-7495-b83f-98ae04f6e695;Self Esteem;01a02690-0cc5-74ee-b745-0ce63cb7f903;The Offspring
01a02690-22ee-7495-b83f-98afdf28068d;The Kids Aren't Alright;01a02690-0cc5-74ee-b745-0ce63cb7f903;The Offspring
01a02690-22ee-7495-b83f-98b03707d1c6;Marmalade;01a02690-0cc5-74ee-b745-0ce76b3c4058;The Original Cast of 'Paddington The Musical'
01a02690-22eb-71cc-a5a4-303e169430c3;What a Wonderful World;01a02690-0cc5-74ee-b745-0ce8c293a6f7;The Piano Guys
01a02690-22ee-7495-b83f-98b1f2ab41c0;Every Breath You Take;01a02690-0cc5-74ee-b745-0ce995abecb5;The Police
01a02690-22ee-7495-b83f-98b2c5febcf1;For I Am Death;01a02690-0cc5-74ee-b745-0cead8a0be3c;The Pretty Reckless
01a02690-22ee-7495-b83f-98b3c7aee14e;Love Me;01a02690-0cc5-74ee-b745-0cead8a0be3c;The Pretty Reckless
01a02690-22ee-7495-b83f-98b42e858fb7;When I Wake Up;01a02690-0cc5-74ee-b745-0cead8a0be3c;The Pretty Reckless
01a02690-22ee-7495-b83f-98b568968ccd;I'm Gonna Be;01a02690-0cc5-74ee-b745-0ceb2e6c6ebf;The Proclaimers
01a02690-22ee-7495-b83f-98b624db4461;Club Song;01a02690-0cc5-74ee-b745-0cecbba606f1;The Pussycat Dolls
01a02690-22ee-7495-b83f-98b731dd46e6;Demons In Your Choir;01a02690-0cc5-74ee-b745-0ced65bc19ed;The Red Clay Strays
01a02690-22ee-7495-b83f-98b851762166;I'm Still Fine;01a02690-0cc5-74ee-b745-0ced65bc19ed;The Red Clay Strays
01a02690-22ee-7495-b83f-98b9fa46ddab;If I Didn't Know You;01a02690-0cc5-74ee-b745-0ced65bc19ed;The Red Clay Strays
01a02690-22ee-7495-b83f-98ba787c0758;Wondering Why;01a02690-0cc5-74ee-b745-0ced65bc19ed;The Red Clay Strays
01a02690-22ee-7495-b83f-98bb2516373d;Lost And Found;01a02690-0cc5-74ee-b745-0ceeccf4ba62;The Revivalists
01a02690-22ed-76b9-941f-32d5d6781ccd;Purple Rain;01a02690-0cc5-74ee-b745-0ceff8f0c03d;The Revolution
01a02690-22ed-76b9-941f-32d71719d2c9;When Doves Cry;01a02690-0cc5-74ee-b745-0ceff8f0c03d;The Revolution
01a02690-22ee-7495-b83f-98bc648493c8;Back In Your Life;01a02690-0cc5-74ee-b745-0cf0bf82a91b;The Rolling Stones
01a02690-22ee-7495-b83f-98bdb31ac331;Divine Intervention;01a02690-0cc5-74ee-b745-0cf0bf82a91b;The Rolling Stones
01a02690-22e4-7376-a60c-b9ec59decd17;In The Stars;01a02690-0cc5-74ee-b745-0cf0bf82a91b;The Rolling Stones
01a02690-22ee-7495-b83f-98be093b8787;Jealous Lover;01a02690-0cc5-74ee-b745-0cf0bf82a91b;The Rolling Stones
01a02690-22ee-7495-b83f-98bf27929ced;Ringing Hollow;01a02690-0cc5-74ee-b745-0cf0bf82a91b;The Rolling Stones
01a02690-22ee-7495-b83f-98c01dab720d;Rough And Twisted;01a02690-0cc5-74ee-b745-0cf0bf82a91b;The Rolling Stones
01a02690-22ee-7495-b83f-98c1c145793a;Some Of Us;01a02690-0cc5-74ee-b745-0cf0bf82a91b;The Rolling Stones
01a02690-22ee-7495-b83f-98c20914f1c9;You Know I'm No Good;01a02690-0cc5-74ee-b745-0cf0bf82a91b;The Rolling Stones
01a02690-22ee-7495-b83f-98c3490f4051;Be My Baby;01a02690-0cc5-74ee-b745-0cf1f408996a;The Ronettes
01a02690-22eb-71cc-a5a4-306d046bbb6f;Danza Kuduro;01a02690-0cc5-74ee-b745-0cf277152c3e;The Saints
01a02690-22ee-7495-b83f-98c41cfa18e3;Green and Red of Mayo;01a02690-0cc5-74ee-b745-0cf3a59eedeb;The Saw Doctors
01a02690-22ee-7495-b83f-98c5d17314cf;The Crowd Was Singing Wonderwall;01a02690-0cc5-74ee-b745-0cf43231fede;The Script
01a02690-22e9-71a4-af72-5c6e80fbe8ba;LET ME BE;01a02690-0cc5-74ee-b745-0cf5f2e1fb38;The Second Voice
01a02690-22ee-7495-b83f-98c69cb0698f;I Am Australian;01a02690-0cc5-74ee-b745-0cf63b286712;The Seekers
01a02690-22ee-7495-b83f-98c739b7d1c0;Getaway Car;01a02690-0cc5-74ee-b745-0cf76a704491;The Shires
01a02690-22ee-7495-b83f-98c86917b6a2;a good life;01a02690-0cc5-74ee-b745-0cf76a704491;The Shires
01a02690-22ee-7495-b83f-98c9a35b1085;girl in the mirror;01a02690-0cc5-74ee-b745-0cf8b8bdb65c;The Silent Partner
01a02690-22ec-7440-b13d-642f8935f6a9;Que Sera Sera;01a02690-0cc5-74ee-b745-0cf9689b91d5;The Ski Project
01a02690-22ee-7495-b83f-988dcd4b2735;Zombie;01a02690-0cc5-74ee-b745-0cfaa57d655f;The Smashing Pumpkins
01a02690-22ee-7495-b83f-98caecc2b94a;I'll Be Around;01a02690-0cc5-74ee-b745-0cfbe5a8f2a6;The Spinners
01a02690-22ee-7495-b83f-98cb961833b2;Golden Brown;01a02690-0cc5-74ee-b745-0cfce67ee1b5;The Stranglers
01a02690-22ee-7495-b83f-98cc8345ebf6;Going Shopping;01a02690-0cc5-74ee-b745-0cfd638fefce;The Strokes
01a02690-22e8-7496-8881-bfaa254af85d;Falling Slowly;01a02690-0cc5-74ee-b745-0cfe5d1d51fa;The Swell Season
01a02690-22ee-7495-b83f-98cd206e4d41;Kuru;01a02690-0cc5-74ee-b745-0cffa09b45ef;The Temper Trap
01a02690-22ee-7495-b83f-98ceb5821f06;Sweet Disposition;01a02690-0cc5-74ee-b745-0cffa09b45ef;The Temper Trap
01a02690-22ee-7495-b83f-98cfc5c6d918;Sponge Bob Schwammkopf;01a02690-0cc5-74ee-b745-0d00578cf494;The Toonosaurs
01a02690-22ee-7495-b83f-98d086a3f84b;Ahead by a Century;01a02690-0cc5-74ee-b745-0d01d5d5d01a;The Tragically Hip
01a02690-22ee-7495-b83f-98d1a5df8134;In View;01a02690-0cc5-74ee-b745-0d01d5d5d01a;The Tragically Hip
01a02690-22ee-7495-b83f-98d2b80733d2;New Orleans Is Sinking;01a02690-0cc5-74ee-b745-0d01d5d5d01a;The Tragically Hip
01a02690-22ee-7495-b83f-98d3c47a03a9;Something On;01a02690-0cc5-74ee-b745-0d01d5d5d01a;The Tragically Hip
01a02690-22ee-7495-b83f-98d4930e482a;THEME;01a02690-0cc5-74ee-b745-0d0248fa588a;The Twilight Sad - ATTEMPT A CRASH LANDING
01a02690-22ee-7495-b83f-98d594cf1bff;Brutal Love;01a02690-0cc5-74ee-b745-0d03808a6afd;The Vampire Lestat
01a02690-22ee-7495-b83f-98d63adbcfde;The Loneliness;01a02690-0cc5-74ee-b745-0d03808a6afd;The Vampire Lestat
01a02690-22ee-7495-b83f-98d72fa82be3;Bitter Sweet Symphony;01a02690-0cc5-74ee-b745-0d043c2685e6;The Verve
01a02690-22e5-74eb-8ac8-9eb55074ccd7;Three Little Birds;01a02690-0cc5-74ee-b745-0d05db48aa34;The Wailers
01a02690-22ee-7495-b83f-98d83460a703;Ego;01a02690-0cc5-74ee-b745-0d06a230852f;The Warning
01a02690-22ee-7495-b83f-98d9177ff157;Kerosene;01a02690-0cc5-74ee-b745-0d06a230852f;The Warning
01a02690-22e6-772f-ba89-ec23eb9e57fb;Love To Be Loved;01a02690-0cc5-74ee-b745-0d06a230852f;The Warning
01a02690-22ee-7495-b83f-98dac7ce758a;Ritual;01a02690-0cc5-74ee-b745-0d06a230852f;The Warning
01a02690-22ee-7495-b83f-98db97eb5b9b;Blinding Lights;01a02690-0cc5-74ee-b745-0d07a729fcc3;The Weeknd
01a02690-22ee-7495-b83f-98dc884e5d02;The Morning;01a02690-0cc5-74ee-b745-0d07a729fcc3;The Weeknd
01a02690-22ee-7495-b83f-98ddfbafe360;Brown Eyed Girl;01a02690-0cc5-74ee-b745-0d08102e0af1;The Whiskey Brothers
01a02690-22ee-7495-b83f-98dec7031b25;Seven Nation Army;01a02690-0cc5-74ee-b745-0d09ce37be24;The White Stripes
01a02690-22ee-7495-b83f-98df5013a976;Baba O'Riley;01a02690-0cc5-74ee-b745-0d0a17dce94a;The Who
01a02690-22e2-7774-a1a3-e4e4f6a419f9;Monster;01a02690-0cc5-74ee-b745-0d0b9f46630b;The Womack Sisters
01a02690-22ee-7495-b83f-98e079cb1193;Intro;01a02690-0cc5-74ee-b745-0d0cdfe1b431;The xx
01a02690-22e8-7496-8881-bf7c3a4c4f90;SPA;01a02690-0cc5-74ee-b745-0d0d2ac95b55;Theodora
01a02690-22ee-7495-b83f-98e10166f8a0;melodrama;01a02690-0cc5-74ee-b745-0d0d2ac95b55;Theodora
01a02690-22ee-7495-b83f-98e2364a1422;Bonito, Bonito;01a02690-0cc5-74ee-b745-0d0e7ef5f4e6;Thiago Navarro Music
01a02690-22ee-7495-b83f-98e364fbe2d5;Quédate con lo sencillo;01a02690-0cc5-74ee-b745-0d0e7ef5f4e6;Thiago Navarro Music
01a02690-22e6-772f-ba89-ed14623d9cbd;Human;01a02690-0cc5-74ee-b745-0d0fdaf2afab;Third ≡ Party
01a02690-22ee-7495-b83f-98e4c6c496be;God’s Eye;01a02690-0cc5-74ee-b745-0d10dda868e0;Thirty Seconds to Mars
01a02690-22ee-7495-b83f-98e5a395f4eb;Over My Head;01a02690-0cc5-74ee-b745-0d10dda868e0;Thirty Seconds to Mars
01a02690-22ee-7495-b83f-98e61af6f472;The Kill;01a02690-0cc5-74ee-b745-0d10dda868e0;Thirty Seconds to Mars
01a02690-22ef-7395-8393-6a51ef04bdeb;The Best Is Yet To Come;01a02690-0cc5-74ee-b745-0d1136981b4b;Thomas Anders
01a02690-22ef-7395-8393-6a523c63b18a;Friend Who Can;01a02690-0cc5-74ee-b745-0d12d3217247;Thomas Mac
01a02690-22ef-7395-8393-6a539042356a;Ain't A Bad Life;01a02690-0cc5-74ee-b745-0d13777ee888;Thomas Rhett
01a02690-22ec-7440-b13d-6382ade89ab9;Where We Go;01a02690-0cc5-74ee-b745-0d13777ee888;Thomas Rhett
01a02690-22ef-7395-8393-6a545d877dd1;DON'T PLAY WITH ME;01a02690-0cc5-74ee-b745-0d143882a355;Thompsxn Therapy
01a02690-22ef-7395-8393-6a55207bb72b;ThunderWave;01a02690-0cc5-74ee-b745-0d157ba9634a;Thundercat
01a02690-22ef-7395-8393-6a5661b3f7d0;Irgendwann ist es zu spät;01a02690-0cc5-74ee-b745-0d16872ce2f4;Thunderpromot
01a02690-22ef-7395-8393-6a5716e6b35d;Island Style;01a02690-0cc5-74ee-b745-0d171aa2acb6;Thunderstorm Artis
01a02690-22e3-7064-9388-0fb9d9b7fb24;The Door;01a02690-0cc5-74ee-b745-0d1818ebb119;Tiago PZK
01a02690-22ef-7395-8393-6a58b943acf1;I Think We're Alone Now;01a02690-0cc5-74ee-b745-0d19b4c32e9b;Tiffany
01a02690-22ef-7395-8393-6a59cadd7c2a;Es brennt...;01a02690-0cc5-74ee-b745-0d1a114b04d8;Till Lindemann
01a02690-22ef-7395-8393-6a5a8f5669fa;Angekommen;01a02690-0cc5-74ee-b745-0d1b0841d021;Tim Bendzko
01a02690-22e7-71eb-b833-30fd381a7027;McArthur;01a02690-0cc5-74ee-b745-0d1c05672605;Tim McGraw
01a02690-22ef-7395-8393-6a5b1d441b38;Ich frage für nen Freund;01a02690-0cc5-74ee-b745-0d1d46c2abdc;Tim Peters
01a02690-22ea-7193-8a3e-1c49a433f972;Malle I Love You;01a02690-0cc5-74ee-b745-0d1e6585846d;Timgioh
01a02690-22e5-74eb-8ac8-9ea2d0a22f14;Narco;01a02690-0cc5-74ee-b745-0d1fd0e5ca26;Timmy Trumpet
01a02690-22ef-7395-8393-6a5c4c38eb0b;True Faith;01a02690-0cc5-74ee-b745-0d2044aac0ea;Tina Arena
01a02690-22ea-7193-8a3e-1c1a023b4262;Unstoppable;01a02690-0cc5-74ee-b745-0d2044aac0ea;Tina Arena
01a02690-22ef-7395-8393-6a5d5fde09b0;Melatonin;01a02690-0cc5-74ee-b745-0d21ce4a1bc0;Tinashe
01a02690-22e7-71eb-b833-304aa5f2e6eb;No Broke Boys;01a02690-0cc5-74ee-b745-0d21ce4a1bc0;Tinashe
01a02690-22ef-7395-8393-6a5edec3f892;Vhura Moyo;01a02690-0cc5-74ee-b745-0d22d67b0038;Tindo Lugz
01a02690-22e3-7064-9388-1007f6f94105;Energy;01a02690-0cc5-74ee-b745-0d23f58b4923;Tinie Tempah
01a02690-22ed-76b9-941f-32952346198e;dopamina;01a02690-0cc5-74ee-b745-0d24e2efac49;Tito Double P
01a02690-22e8-7496-8881-bfa36d0dff85;SUPERSTAR;01a02690-0cc5-74ee-b745-0d25d608c403;Tiziano Ferro
01a02690-22e5-74eb-8ac8-9eefe41e9d4b;Beautiful Places;01a02690-0cc5-74ee-b745-0d266e85ffcb;Tiësto
01a02690-22ef-7395-8393-6a5feff5edff;The Business;01a02690-0cc5-74ee-b745-0d266e85ffcb;Tiësto
01a02690-22e3-7064-9388-0fd05b9d3bf6;Mon Amour;01a02690-0cc5-74ee-b745-0d278f137427;Tobee
01a02690-22ef-7395-8393-6a6085999acc;American Soldier;01a02690-0cc5-74ee-b745-0d28c65283e8;Toby Keith
01a02690-22ef-7395-8393-6a611b0296e9;Courtesy of the Red, White and Blue;01a02690-0cc5-74ee-b745-0d28c65283e8;Toby Keith
01a02690-22ef-7395-8393-6a62a6a50617;Made In America;01a02690-0cc5-74ee-b745-0d28c65283e8;Toby Keith
01a02690-22ef-7395-8393-6a63bdbcfe8d;Johnny and Mary;01a02690-0cc5-74ee-b745-0d29fd7ca544;Todd Terje
01a02690-22ef-7395-8393-6a64ed656c02;Deep Dive;01a02690-0cc5-74ee-b745-0d2a7083c99e;Todoroki Hajime
01a02690-22e3-7064-9388-101e02287ea7;Bokura wa Ima no Naka de;01a02690-0cc5-74ee-b745-0d2bd6922e59;Tokai Teio (CV: Machico)
01a02690-22e5-74eb-8ac8-9eba69d98c67;Aari Aari;01a02690-0cc5-74ee-b745-0d2cbeb91aff;Token
01a02690-22ef-7395-8393-6a658cad4a85;California Nights;01a02690-0cc5-74ee-b745-0d2ddd5be8ba;Tokio Hotel
01a02690-22ef-7395-8393-6a66858adafc;Come Join the Jubilee;01a02690-0cc5-74ee-b745-0d2e8eb706ef;Tokyo DisneySea
01a02690-22e3-7064-9388-0fea61f46da5;Ruby on the edge;01a02690-0cc5-74ee-b745-0d2f2b379b94;Tokyo Ska Paradise Orchestra
01a02690-22eb-71cc-a5a4-2fe8031006c2;Boy Scientist;01a02690-0cc5-74ee-b745-0d30a32a5124;Tom Ball
01a02690-22ef-7395-8393-6a6753bc2d8c;Anti;01a02690-0cc5-74ee-b745-0d3143410de9;Tom MacDonald
01a02690-22ef-7395-8393-6a68ed746af4;Pray For The Left;01a02690-0cc5-74ee-b745-0d3143410de9;Tom MacDonald
01a02690-22ef-7395-8393-6a691523cc0a;Remember Who You Are;01a02690-0cc5-74ee-b745-0d3143410de9;Tom MacDonald
01a02690-22ef-7395-8393-6a6a1a92db43;Us In The USA;01a02690-0cc5-74ee-b745-0d3143410de9;Tom MacDonald
01a02690-22ef-7395-8393-6a6b2eeb4830;Slow Tonight;01a02690-0cc5-74ee-b745-0d3230222a03;Tom Misch
01a02690-22ef-7395-8393-6a6c9e2c59dd;Everything Burns;01a02690-0cc5-74ee-b745-0d3340476ae8;Tom Morello
01a02690-22ef-7395-8393-6a6d44486489;Another Love;01a02690-0cc5-74ee-b745-0d3413da0b18;Tom Odell
01a02690-22ee-7495-b83f-9896923874df;American Girl;01a02690-0cc5-74ee-b745-0d35a9989e86;Tom Petty
01a02690-22ef-7395-8393-6a6e58452bba;Rooftop;01a02690-0cc5-74ee-b745-0d3602713db3;Tom Right
01a02690-22ec-7440-b13d-63933125501e;Boots on the Ground;01a02690-0cc5-74ee-b745-0d375c9f304b;Tom Waits
01a02690-22e6-772f-ba89-ec4344e1d294;Home;01a02690-0cc5-74ee-b745-0d38afaaf94b;Tom Walker
01a02690-22ef-7395-8393-6a6f742899bc;Leave a Light On;01a02690-0cc5-74ee-b745-0d38afaaf94b;Tom Walker
01a02690-22ef-7395-8393-6a7066ff389d;Rumors;01a02690-0cc5-74ee-b745-0d39bb6333a8;Tomas Grey
01a02690-22ef-7395-8393-6a714c26bbc8;Agitare coca cola;01a02690-0cc5-74ee-b745-0d3a2563c7d7;Tommaso Paradiso
01a02690-22ef-7395-8393-6a72079c6280;I romantici;01a02690-0cc5-74ee-b745-0d3a2563c7d7;Tommaso Paradiso
01a02690-22eb-71cc-a5a4-30e6ff2661fc;Blessed Assurance;01a02690-0cc5-74ee-b745-0d3b39a469c0;Tommee Profitt
01a02690-22ea-7193-8a3e-1bcba0fb1372;Just As I Am;01a02690-0cc5-74ee-b745-0d3b39a469c0;Tommee Profitt
01a02690-22ea-7193-8a3e-1b9b406884b0;Nothing But The Blood;01a02690-0cc5-74ee-b745-0d3b39a469c0;Tommee Profitt
01a02690-22e6-772f-ba89-ecaa6a2d11ef;There Is Power;01a02690-0cc5-74ee-b745-0d3b39a469c0;Tommee Profitt
01a02690-22ef-7395-8393-6a73fed1bbaa;G.O.D.;01a02690-0cc5-74ee-b745-0d3c509d49bc;Tomohiro Kamiyama
01a02690-22ec-7440-b13d-63bb4b3d3fc9;Down Under;01a02690-0cc5-74ee-b745-0d3d1a90e2fb;Tones And I
01a02690-22e6-772f-ba89-ed13de22fa4e;Gone Gone Gone;01a02690-0cc5-74ee-b745-0d3d1a90e2fb;Tones And I
01a02690-22ef-7395-8393-6a7464bc4903;Dance Monkey;01a02690-0cc5-74ee-b745-0d3eb9c8be72;Tones and I
01a02690-22e8-7496-8881-bfd664ef58d3;Auld Lang Syne;01a02690-0cc5-74ee-b745-0d3f64485294;Tony Evans
01a02690-22ea-7193-8a3e-1bcf460f7320;World Alone;01a02690-0cc5-74ee-b745-0d40973dc74b;Tony Iommi
01a02690-22ef-7395-8393-6a75b115c259;Song for Walking;01a02690-0cc5-74ee-b745-0d4120453370;Tophouse
01a02690-22e8-7496-8881-bf316a3236f7;Body;01a02690-0cc5-74ee-b745-0d42558ac292;Topic
01a02690-22e3-7064-9388-1071ba90c3a6;I Adore You;01a02690-0cc5-74ee-b745-0d42558ac292;Topic
01a02690-22e4-7376-a60c-b9dd5e3d7502;Sorry Papi;01a02690-0cc5-74ee-b745-0d42558ac292;Topic
01a02690-22ef-7395-8393-6a763b9e6c1d;Gasoline Girls;01a02690-0cc5-74ee-b745-0d435e644bba;Tori Amos
01a02690-22ef-7395-8393-6a770f4f2725;Shush;01a02690-0cc5-74ee-b745-0d435e644bba;Tori Amos
01a02690-22ef-7395-8393-6a78ef6cb9e3;Stronger Together;01a02690-0cc5-74ee-b745-0d435e644bba;Tori Amos
01a02690-22ef-7395-8393-6a798858db7d;Bleib noch;01a02690-0cc5-74ee-b745-0d44fe6a179c;Torsten Vibes
01a02690-22ef-7395-8393-6a7a02ca3103;La La La Love Song;01a02690-0cc5-74ee-b745-0d45b9b67132;Toshinobu Kubota
01a02690-22ef-7395-8393-6a7b3cf8e1a1;Africa;01a02690-0cc5-74ee-b745-0d46d313e967;Toto
01a02690-22ee-7495-b83f-9762b2a39115;YMM;01a02690-0cc5-74ee-b745-0d477a1b35fe;Toujour
01a02690-22ef-7395-8393-6a7c5252c835;VROOM VROOM;01a02690-0cc5-74ee-b745-0d48b11ce8e9;Touken Danshi formation of Banryohito
01a02690-22ef-7395-8393-6a7d313bd34e;新世;01a02690-0cc5-74ee-b745-0d48b11ce8e9;Touken Danshi formation of Banryohito
01a02690-22e8-7496-8881-bfaf70278722;Dress Up;01a02690-0cc5-74ee-b745-0d49fb66c2c3;Touken Danshi from Touken Ranbu:The Musical
01a02690-22ef-7395-8393-6a7c5252c835;VROOM VROOM;01a02690-0cc5-74ee-b745-0d49fb66c2c3;Touken Danshi from Touken Ranbu:The Musical
01a02690-22ef-7395-8393-6a7d313bd34e;新世;01a02690-0cc5-74ee-b745-0d49fb66c2c3;Touken Danshi from Touken Ranbu:The Musical
01a02690-22ef-7395-8393-6a7e116a56c4;黄昏のララバイ;01a02690-0cc5-74ee-b745-0d49fb66c2c3;Touken Danshi from Touken Ranbu:The Musical
01a02690-22ef-7395-8393-6a7f2b3328d9;DNH;01a02690-0cc5-74ee-b745-0d4af75a6e57;Tove Lo
01a02690-22ee-7495-b83f-9812d037e220;des fleurs;01a02690-0cc5-74ee-b745-0d4af75a6e57;Tove Lo
01a02690-22e3-7064-9388-0fb8918bda04;NOBODY;01a02690-0cc5-74ee-b745-0d4be4a7e222;Toxi$
01a02690-22ea-7193-8a3e-1bd85312566b;Baby, Can I Hold You Tonight;01a02690-0cc5-74ee-b745-0d4ca28893e6;Tracy Chapman
01a02690-22e5-74eb-8ac8-9ef412f0c399;The Transformers;01a02690-0cc5-74ee-b745-0d4d771922c4;Transformers
01a02690-22ef-7395-8393-6a801f1f2687;Side;01a02690-0cc5-74ee-b745-0d4e2b158cd6;Travis
01a02690-22ef-7395-8393-6a811ea00be1;As We Are;01a02690-0cc5-74ee-b745-0d4f773d9c48;Travis Japan
01a02690-22ef-7395-8393-6a828aa37129;Backup Plan;01a02690-0cc5-74ee-b745-0d4f773d9c48;Travis Japan
01a02690-22ef-7395-8393-6a83c2183f68;Be Your Shadow;01a02690-0cc5-74ee-b745-0d4f773d9c48;Travis Japan
01a02690-22ef-7395-8393-6a845e396608;KAGENIMO-HINATANIMO;01a02690-0cc5-74ee-b745-0d4f773d9c48;Travis Japan
01a02690-22ef-7395-8393-6a854dc2840a;My Own Night;01a02690-0cc5-74ee-b745-0d4f773d9c48;Travis Japan
01a02690-22ef-7395-8393-6a866b5c5378;O-Shan-Tee;01a02690-0cc5-74ee-b745-0d4f773d9c48;Travis Japan
01a02690-22ef-7395-8393-6a87c662f44f;On My Road;01a02690-0cc5-74ee-b745-0d4f773d9c48;Travis Japan
01a02690-22ef-7395-8393-6a8846238918;陰ニモ日向ニモ;01a02690-0cc5-74ee-b745-0d4f773d9c48;Travis Japan
01a02690-22ea-7193-8a3e-1c3c9a464b8a;FATHER;01a02690-0cc5-74ee-b745-0d502f86edef;Travis Scott
01a02690-22ef-7395-8393-6a89677c4dd0;Alle wie eins;01a02690-0cc5-74ee-b745-0d51da67c631;Tream
01a02690-22ef-7395-8393-6a8add072ae9;HASENJAGD;01a02690-0cc5-74ee-b745-0d51da67c631;Tream
01a02690-22e5-74eb-8ac8-9eaeacae2b38;K2;01a02690-0cc5-74ee-b745-0d51da67c631;Tream
01a02690-22ef-7395-8393-6a8bee832e82;I Follow Rivers;01a02690-0cc5-74ee-b745-0d5279aa72ae;Triggerfinger
01a02690-22e3-7064-9388-0feeb0b91fdf;una voz;01a02690-0cc5-74ee-b745-0d5305205f00;Trigo 13
01a02690-22ef-7395-8393-6a8c0fec1e04;She’s the Best;01a02690-0cc5-74ee-b745-0d545aa68263;Troye Sivan
01a02690-22e6-772f-ba89-ec306d4d3daf;Morni;01a02690-0cc5-74ee-b745-0d5578b66ec6;Tru-Skool
01a02690-22e6-772f-ba89-ecf0597fa26e;Out of Your Mind;01a02690-0cc5-74ee-b745-0d563caf6c3c;True Steppers
01a02690-22e9-71a4-af72-5bfe47b6c8d1;Kuraiai;01a02690-0cc5-74ee-b745-0d57c99519be;Tsubame Amaya
01a02690-22ef-7395-8393-6a8d3359d39d;Haiiro no Shoumei;01a02690-0cc5-74ee-b745-0d58d540fcf4;Tsunomaki Watame
01a02690-22ef-7395-8393-6a8e97e36c29;Sunburn;01a02690-0cc5-74ee-b745-0d59fa7541e9;Tucker Wetmore
01a02690-22ef-7395-8393-6a8f0e1b73b2;Teh Hijau;01a02690-0cc5-74ee-b745-0d5ad4acc2ae;Tulus
01a02690-22e3-7064-9388-0feeb0b91fdf;una voz;01a02690-0cc5-74ee-b745-0d5bd55b1467;Tuyo
01a02690-22ef-7395-8393-6a90a3976b68;Wild One;01a02690-0cc5-74ee-b745-0d5c0b129bd5;Twinnie
01a02690-22ef-7395-8393-6a915439b627;Familiar Faces;01a02690-0cc5-74ee-b745-0d5ddf659439;Two Connors
01a02690-22ef-7395-8393-6a923452d2b5;Closer to the Sun;01a02690-0cc5-74ee-b745-0d5e7971fb69;Tyketto
01a02690-22ef-7395-8393-6a93aa2c3fde;CHANEL;01a02690-0cc5-74ee-b745-0d5f5a7c2755;Tyla
01a02690-22ef-7395-8393-6a94808eedd5;SHE DID IT AGAIN;01a02690-0cc5-74ee-b745-0d5f5a7c2755;Tyla
01a02690-22e6-772f-ba89-ece6cdaa2aed;Talk to Me;01a02690-0cc5-74ee-b745-0d5f5a7c2755;Tyla
01a02690-22e9-71a4-af72-5cbc8b0d4aba;Deadend;01a02690-0cc5-74ee-b745-0d60876052f3;Tyson Yoshi
01a02690-22ee-7495-b83f-9709f7cfbd23;Another Heartbreak Song;01a02690-0cc5-74ee-b745-0d61caf5d4fe;Tytanium
01a02690-22ef-7395-8393-6a953a6f9439;Time's Tickin';01a02690-0cc5-74ee-b745-0d629e06b24e;U-KNOW
01a02690-22ef-7395-8393-6a963a853e87;American Obituary;01a02690-0cc5-74ee-b745-0d6307fbc649;U2
01a02690-22ec-7440-b13d-6388a61913f4;Fireflies;01a02690-0cc5-74ee-b745-0d6307fbc649;U2
01a02690-22ef-7395-8393-6a97e094b145;In A Life;01a02690-0cc5-74ee-b745-0d6307fbc649;U2
01a02690-22ef-7395-8393-6a98d74db687;One Life At A Time;01a02690-0cc5-74ee-b745-0d6307fbc649;U2
01a02690-22ef-7395-8393-6a99baccaa99;Resurrection Song;01a02690-0cc5-74ee-b745-0d6307fbc649;U2
01a02690-22ef-7395-8393-6a9aa5fa1a48;Scars;01a02690-0cc5-74ee-b745-0d6307fbc649;U2
01a02690-22ef-7395-8393-6a9b8df36aef;Song For Hal;01a02690-0cc5-74ee-b745-0d6307fbc649;U2
01a02690-22ef-7395-8393-6a9c37d10f0c;Song Of The Future;01a02690-0cc5-74ee-b745-0d6307fbc649;U2
01a02690-22ef-7395-8393-6a9d95aa3355;Street Of Dreams;01a02690-0cc5-74ee-b745-0d6307fbc649;U2
01a02690-22ef-7395-8393-6a9ee011708a;The Tears Of Things;01a02690-0cc5-74ee-b745-0d6307fbc649;U2
01a02690-22ef-7395-8393-6a9f1ced1522;With or Without You;01a02690-0cc5-74ee-b745-0d6307fbc649;U2
01a02690-22ef-7395-8393-6aa05ecd0eee;Yours Eternally;01a02690-0cc5-74ee-b745-0d6307fbc649;U2
01a02690-22e6-772f-ba89-ec9f87f95494;Friday Magic;01a02690-0cc5-74ee-b745-0d646522046b;UBUGOE
01a02690-22ef-7395-8393-6aa14d730deb;Azalea No Kaze;01a02690-0cc5-74ee-b745-0d65208855c0;UNISON SQUARE GARDEN
01a02690-22ef-7395-8393-6aa24c513a6d;SHUNKAN JOURNEY;01a02690-0cc5-74ee-b745-0d6676080f38;USHIZAWA
01a02690-22ef-7395-8393-6aa3568a4d6b;EVER;01a02690-0cc5-74ee-b745-0d67efa67869;UVERworld
01a02690-22ef-7395-8393-6aa4aa9eebe8;ZERO BREAKOUT POINT;01a02690-0cc5-74ee-b745-0d67efa67869;UVERworld
01a02690-22ef-7395-8393-6aa5fad059c6;STRUCT;01a02690-0cc5-74ee-b745-0d68d0019c32;UdieNnx
01a02690-22e3-7064-9388-106af16808b6;Komet;01a02690-0cc5-74ee-b745-0d696b647409;Udo Lindenberg
01a02690-22ef-7395-8393-6aa6e75f6e9c;Fading Light;01a02690-0cc5-74ee-b745-0d6a91e0af36;Ulaa(Ulaa)
01a02690-22ef-7395-8393-6aa6e75f6e9c;Fading Light;01a02690-0cc5-74ee-b745-0d6b6d63aa86;Ulaa(尤拉)
01a02690-22ef-7395-8393-6aa7d1bf0f1f;漸暗的光;01a02690-0cc5-74ee-b745-0d6b6d63aa86;Ulaa(尤拉)
01a02690-22ef-7395-8393-6aa8bcd21764;ACQUARIO;01a02690-0cc5-74ee-b745-0d6c02654db8;Ultimo
01a02690-22ef-7395-8393-6aa94da02a44;BELLA DAVVERO;01a02690-0cc5-74ee-b745-0d6c02654db8;Ultimo
01a02690-22ef-7395-8393-6aaa6b2ba02d;QUESTA INSENSATA VOGLIA DI TE;01a02690-0cc5-74ee-b745-0d6c02654db8;Ultimo
01a02690-22ef-7395-8393-6aab758a88f6;ROMANTICA;01a02690-0cc5-74ee-b745-0d6c02654db8;Ultimo
01a02690-22e8-7496-8881-bff02aac5245;Movin' To The Sun;01a02690-0cc5-74ee-b745-0d6d18c9f1d0;Ultra Naté
01a02690-22ee-7495-b83f-97fe26ef699d;Gold-Recollection;01a02690-0cc5-74ee-b745-0d6ec29704d6;Umamusume: Pretty Derby
01a02690-22e4-7376-a60c-b9e262e79eac;Meteo-Right;01a02690-0cc5-74ee-b745-0d6ec29704d6;Umamusume: Pretty Derby
01a02690-22e5-74eb-8ac8-9f40803483fe;O Light O;01a02690-0cc5-74ee-b745-0d6ec29704d6;Umamusume: Pretty Derby
01a02690-22e5-74eb-8ac8-9f414871ab1c;TRACEN RAMEN;01a02690-0cc5-74ee-b745-0d6ec29704d6;Umamusume: Pretty Derby
01a02690-22e3-7064-9388-1020f0f08e72;You Aim A;01a02690-0cc5-74ee-b745-0d6ec29704d6;Umamusume: Pretty Derby
01a02690-22e9-71a4-af72-5bfb2f3a4d50;A Blank White Page and a Watercolor Hero;01a02690-0cc5-74ee-b745-0d6fab377e5b;Ume Hanami
01a02690-22ef-7395-8393-6aac49041bde;You Got This;01a02690-0cc5-74ee-b745-0d70691378ad;Unbound Music
01a02690-22ef-7395-8393-6aadcace8283;Born Slippy;01a02690-0cc5-74ee-b745-0d7156ad5850;Underworld
01a02690-22ef-7395-8393-6aae7f9a3c6e;Brot und Spiele;01a02690-0cc5-74ee-b745-0d72899be3e1;Unheilig
01a02690-22ef-7395-8393-6aaf87e8b39e;Deine Liebe;01a02690-0cc5-74ee-b745-0d72899be3e1;Unheilig
01a02690-22e8-7496-8881-bfa4451b6d60;Du bist meine Heimat;01a02690-0cc5-74ee-b745-0d72899be3e1;Unheilig
01a02690-22ef-7395-8393-6ab00f6345fd;Geboren um zu leben;01a02690-0cc5-74ee-b745-0d72899be3e1;Unheilig
01a02690-22ef-7395-8393-6ab1477b085d;Liebe Glaube Monster;01a02690-0cc5-74ee-b745-0d72899be3e1;Unheilig
01a02690-22ef-7395-8393-6ab2c952562c;Liebe ist meine Rebellion;01a02690-0cc5-74ee-b745-0d72899be3e1;Unheilig
01a02690-22ef-7395-8393-6ab39a2ae7eb;Mein Löwe;01a02690-0cc5-74ee-b745-0d72899be3e1;Unheilig
01a02690-22ef-7395-8393-6ab44936c531;Nur ein kleiner Schritt;01a02690-0cc5-74ee-b745-0d72899be3e1;Unheilig
01a02690-22eb-71cc-a5a4-30f851160f7f;So wie du warst;01a02690-0cc5-74ee-b745-0d72899be3e1;Unheilig
01a02690-22ef-7395-8393-6ab52e0c1f38;Spiegel;01a02690-0cc5-74ee-b745-0d72899be3e1;Unheilig
01a02690-22ef-7395-8393-6ab63852830d;Wunderschön;01a02690-0cc5-74ee-b745-0d72899be3e1;Unheilig
01a02690-22ef-7395-8393-6ab78528fa00;No Boundries;01a02690-0cc5-74ee-b745-0d73dde812cd;Universal Beijing Resort
01a02690-22e3-7064-9388-0fe0f6aabf71;Papaoutai;01a02690-0cc5-74ee-b745-0d74bcf77b34;Unjaps
01a02690-22ef-7395-8393-6ab866399e35;By Your Side in Moonlight;01a02690-0cc5-74ee-b745-0d75769ebb9d;Uru
01a02690-22ef-7395-8393-6ab9491b147f;Kokoroe;01a02690-0cc5-74ee-b745-0d75769ebb9d;Uru
01a02690-22ef-7395-8393-6aba0bf243bc;Kyou To Iu Hio;01a02690-0cc5-74ee-b745-0d75769ebb9d;Uru
01a02690-22ef-7395-8393-6abbb808ff35;傍らにて月夜;01a02690-0cc5-74ee-b745-0d75769ebb9d;Uru
01a02690-22ec-7440-b13d-63bf8b78bf65;Usagi Rap;01a02690-0cc5-74ee-b745-0d76b8707666;Usagi(CV:Ozawa Ari)
01a02690-22ef-7395-8393-6abc6ac2276b;FRI(END)S;01a02690-0cc5-74ee-b745-0d77eabb277c;V
01a02690-22e5-74eb-8ac8-9f2657fe1a9c;メガLOVEハッピーワールド;01a02690-0cc5-74ee-b745-0d7862f7ef68;VAN KIRYUIN(CV.Hidenori Takahashi)
01a02690-22ef-7395-8393-6abdf81a4d86;Kagerou;01a02690-0cc5-74ee-b745-0d79a247809f;VAUNDY
01a02690-22ef-7395-8393-6abe32604963;fly away;01a02690-0cc5-74ee-b745-0d79a247809f;VAUNDY
01a02690-22ef-7395-8393-6abf7f443d4e;idea ga afurete nemurenai;01a02690-0cc5-74ee-b745-0d79a247809f;VAUNDY
01a02690-22ef-7395-8393-6ac06ec2a1a6;singularity;01a02690-0cc5-74ee-b745-0d79a247809f;VAUNDY
01a02690-22ef-7395-8393-6ac1ce3d7a00;I call it life;01a02690-0cc5-74ee-b745-0d7a42021ff1;VELCHEVA VIBE
01a02690-22ee-7495-b83f-98307a4dd1e7;singasong;01a02690-0cc5-74ee-b745-0d7b2d446b56;VERNON
01a02690-22e2-7774-a1a3-e4b25e349414;Crashing Winners;01a02690-0cc5-74ee-b745-0d7c6cf41901;VOLTACTION
01a02690-22ef-7395-8393-6ac2053a3055;Elevate;01a02690-0cc5-74ee-b745-0d7c6cf41901;VOLTACTION
01a02690-22ef-7395-8393-6ac38cf2d242;I Wanna Get U;01a02690-0cc5-74ee-b745-0d7c6cf41901;VOLTACTION
01a02690-22e4-7376-a60c-b92cb1c8290f;Always You;01a02690-0cc5-74ee-b745-0d7dce8bb627;VYRA~Nova
01a02690-22ef-7395-8393-6ac41289ad64;Vargnótt;01a02690-0cc5-74ee-b745-0d7eb67db86c;VYRMA
01a02690-22ef-7395-8393-6ac50217d5da;Airplane Mode;01a02690-0cc5-74ee-b745-0d7f0ebefc2f;Vaelis
01a02690-22ef-7395-8393-6ac668643f37;Me perdoné;01a02690-0cc5-74ee-b745-0d802f487eeb;Valerie Luh
01a02690-22e7-71eb-b833-309c83690e6c;Stranger's Sun;01a02690-0cc5-74ee-b745-0d81af952bfb;Valkyrie
01a02690-22ef-7395-8393-6ac7dfa68b1b;Jump;01a02690-0cc5-74ee-b745-0d822d9b382c;Van Halen
01a02690-22ef-7395-8393-6ac8f6edb876;Why Can't This Be Love;01a02690-0cc5-74ee-b745-0d822d9b382c;Van Halen
01a02690-22e7-71eb-b833-30275e10ffba;Days Like This;01a02690-0cc5-74ee-b745-0d836ca08f68;Van Morrison
01a02690-22ef-7395-8393-6ac95634ce52;Divine Feelings;01a02690-0cc5-74ee-b745-0d84793ee8e7;Vance Joy
01a02690-22ef-7395-8393-6aca58ce5baa;Riptide;01a02690-0cc5-74ee-b745-0d84793ee8e7;Vance Joy
01a02690-22ef-7395-8393-6acb67230fa2;Absolutely Everybody;01a02690-0cc5-74ee-b745-0d85dd6c8e92;Vanessa Amorosi
01a02690-22e3-7064-9388-0fe433bc2b22;Shine;01a02690-0cc5-74ee-b745-0d85dd6c8e92;Vanessa Amorosi
01a02690-22ef-7395-8393-6accbc556da2;A Thousand Miles;01a02690-0cc5-74ee-b745-0d8675448536;Vanessa Carlton
01a02690-22ef-7395-8393-6acde7974992;Rohdiamant;01a02690-0cc5-74ee-b745-0d87df5f63f8;Vanessa Mai
01a02690-22e6-772f-ba89-ec9f87f95494;Friday Magic;01a02690-0cc5-74ee-b745-0d8873e192ec;VanilLa
01a02690-22ef-7395-8393-6ace9a347fda;Me N'ouwe Mè Veule De Leutege Speule;01a02690-0cc5-74ee-b745-0d8989a88dea;Vastenavend In 't Krabbegat
01a02690-22ef-7395-8393-6acf0cd7c355;Tokimeki;01a02690-0cc5-74ee-b745-0d8a1c26bf21;Vaundy
01a02690-22ef-7395-8393-6ad03313a48e;イデアが溢れて眠れない;01a02690-0cc5-74ee-b745-0d8a1c26bf21;Vaundy
01a02690-22ef-7395-8393-6ad16847d4d3;シンギュラリティ;01a02690-0cc5-74ee-b745-0d8a1c26bf21;Vaundy
01a02690-22ef-7395-8393-6ad2891a858f;飛ぶ時;01a02690-0cc5-74ee-b745-0d8a1c26bf21;Vaundy
01a02690-22e7-71eb-b833-303bdc81a311;Ich liebe das Leben;01a02690-0cc5-74ee-b745-0d8b9d1e4762;Vicky Leandros
01a02690-22e3-7064-9388-101f2afd6f0d;VOLTAGE;01a02690-0cc5-74ee-b745-0d8c6873bd22;Victoire Pisa (CV: Hana Shimano)
01a02690-22ef-7395-8393-6ad3ca297d8e;Je fais de mon mieux;01a02690-0cc5-74ee-b745-0d8d9224e6a6;Victor Aupecle
01a02690-22ef-7395-8393-6ad44b9966a8;IT IS WELL;01a02690-0cc5-74ee-b745-0d8ef34ccf4d;Victor Ivyic
01a02690-22ef-7395-8393-6ad51e82607e;Not Such an Innocent Girl;01a02690-0cc5-74ee-b745-0d8f0412df77;Victoria Beckham
01a02690-22e6-772f-ba89-ec499f3fc58e;Take Me Back;01a02690-0cc5-74ee-b745-0d90a4296f3b;Vikki Waters
01a02690-22ef-7395-8393-6ad697e9d998;YMCA;01a02690-0cc5-74ee-b745-0d91ff6ccead;Village People
01a02690-22ef-7395-8393-6ad78c476e44;Cotton;01a02690-0cc5-74ee-b745-0d92fff6e216;Vince Staples
01a02690-22e7-71eb-b833-310206ef9d01;Amore mit Mio;01a02690-0cc5-74ee-b745-0d93baf7cb8d;Vincent Gross
01a02690-22ef-7395-8393-6ad8ccd2e362;Hasentanz;01a02690-0cc5-74ee-b745-0d93baf7cb8d;Vincent Gross
01a02690-22ef-7395-8393-6a5b1d441b38;Ich frage für nen Freund;01a02690-0cc5-74ee-b745-0d93baf7cb8d;Vincent Gross
01a02690-22ec-7440-b13d-64a8cf4c3245;Tu cosa fai questa sera;01a02690-0cc5-74ee-b745-0d94514fa3a1;Vito Salamanca
01a02690-22e3-7064-9388-104f338cf42b;Raavana Mavandaa;01a02690-0cc5-74ee-b745-0d95f3df9f0d;Vivek
01a02690-22e3-7064-9388-1051dda49c41;Thalapathy Vetri Kondan;01a02690-0cc5-74ee-b745-0d95f3df9f0d;Vivek
01a02690-22ef-7395-8393-6ad95fff4d46;Voice of The Beam;01a02690-0cc5-74ee-b745-0d96be3bc1f5;Vivid BAD SQUAD
01a02690-22e3-7064-9388-0feeb0b91fdf;una voz;01a02690-0cc5-74ee-b745-0d9701225c88;Volver a Siquem
01a02690-22ee-7495-b83f-97139236ba1e;Talk To Me Nuh;01a02690-0cc5-74ee-b745-0d98f96f38e6;Vybz Kartel
01a02690-22ef-7395-8393-6ada4388fa1f;Muteki No Osama;01a02690-0cc5-74ee-b745-0d99710c77b5;VΔLZ
01a02690-22ee-7495-b83f-977d31ebe3b1;Rave From Outer Space;01a02690-0cc5-74ee-b745-0d9a7e548d58;W&W
01a02690-22ef-7395-8393-6adbe709a929;Shut Up and Dance;01a02690-0cc5-74ee-b745-0d9b65f9c452;WALK THE MOON
01a02690-22ef-7395-8393-6adc42dab047;Daydream;01a02690-0cc5-74ee-b745-0d9ce9fe5b93;WENDY
01a02690-22ef-7395-8393-6add202f1776;AISHUU;01a02690-0cc5-74ee-b745-0d9d22b6e7e7;WEST.
01a02690-22ef-7395-8393-6ade6a254063;愛執;01a02690-0cc5-74ee-b745-0d9d22b6e7e7;WEST.
01a02690-22ef-7395-8393-6adfeb8408ca;จำได้ว่าลืม;01a02690-0cc5-74ee-b745-0d9e1bf841c1;WILLIAM JAKRAPATR
01a02690-22ef-7395-8393-6a55207bb72b;ThunderWave;01a02690-0cc5-74ee-b745-0d9fa5793407;WILLOW
01a02690-22ef-7395-8393-6ae04e698b0f;Yours;01a02690-0cc5-74ee-b745-0da098b071be;WIN METAWIN
01a02690-22ef-7395-8393-6ae172d6ef6f;Bloom hour;01a02690-0cc5-74ee-b745-0da17cc177ee;WJSN
01a02690-22ef-7395-8393-6ae299ea0554;Spring, Summer, Fall, Winter;01a02690-0cc5-74ee-b745-0da2f2973cf8;WONWOO
01a02690-22ef-7395-8393-6ae39423c897;CINEMA;01a02690-0cc5-74ee-b745-0da3ac6de47f;WOODZ
01a02690-22ef-7395-8393-6ae47bebe284;SONG OF THE SWAMP;01a02690-0cc5-74ee-b745-0da45e12673e;Wage War
01a02690-22ef-7395-8393-6ae521d3228a;Let 'Em;01a02690-0cc5-74ee-b745-0da5df2c8944;Waking Up Christopher
01a02690-22e5-74eb-8ac8-9efe311fd00d;Now We Are Free;01a02690-0cc5-74ee-b745-0da6af5ccae8;Walt Fowler
01a02690-22ed-76b9-941f-32369960d37f;Acquiesce;01a02690-0cc5-74ee-b745-0da7721a4b10;War Child Records
01a02690-22ed-76b9-941f-32dc2725bbe4;Begging for Change;01a02690-0cc5-74ee-b745-0da7721a4b10;War Child Records
01a02690-22e6-772f-ba89-ece916341585;Flags;01a02690-0cc5-74ee-b745-0da7721a4b10;War Child Records
01a02690-22e7-71eb-b833-31148e5bc3c7;Helicopters;01a02690-0cc5-74ee-b745-0da7721a4b10;War Child Records
01a02690-22ee-7495-b83f-98a013d8c551;Let's Do It Again;01a02690-0cc5-74ee-b745-0da7721a4b10;War Child Records
01a02690-22e3-7064-9388-10796d188615;Opening Night;01a02690-0cc5-74ee-b745-0da7721a4b10;War Child Records
01a02690-22e7-71eb-b833-3024ede91b07;Universal Soldier;01a02690-0cc5-74ee-b745-0da7721a4b10;War Child Records
01a02690-22ef-7395-8393-6ae60e952e6b;Nannmonee;01a02690-0cc5-74ee-b745-0da8fa9f977d;Wasureranneyo
01a02690-22ee-7495-b83f-96f1210c81a4;Take It Slow;01a02690-0cc5-74ee-b745-0da9f9109b31;Watermät
01a02690-22ef-7395-8393-6ae737b8289f;Vision Wings;01a02690-0cc5-74ee-b745-0daace6a64cb;WayV
01a02690-22ef-7395-8393-6ae82abdf367;C.E.O.;01a02690-0cc5-74ee-b745-0dabbd1bff3d;Weezer
01a02690-22ef-7395-8393-6ae98225b064;Air Bach;01a02690-0cc5-74ee-b745-0dacd211d93a;Wendy Kokkelkoren
01a02690-22ef-7395-8393-6aeac70e7f3a;The Day You Went Away;01a02690-0cc5-74ee-b745-0dadddc4fb37;Wendy Matthews
01a02690-22ef-7395-8393-6aeb7916d873;Your Love Amazes Me;01a02690-0cc5-74ee-b745-0dae18b1e003;Westlife
01a02690-22e3-7064-9388-0fbe24834d3e;Betty's in the Band;01a02690-0cc5-74ee-b745-0daf4ccb9161;Weston Hunter
01a02690-22ef-7395-8393-6aec91413f3e;Dobro;01a02690-0cc5-74ee-b745-0db074ca0190;Westside Cowboy
01a02690-22ef-7395-8393-6aed208204a7;Last Christmas;01a02690-0cc5-74ee-b745-0db153e74395;Wham!
01a02690-22ef-7395-8393-6aeedd568e78;The Symphony of Fxxkboys;01a02690-0cc5-74ee-b745-0db2b3473703;Whee In
01a02690-22ef-7395-8393-6aeff1b4c14b;Hide It;01a02690-0cc5-74ee-b745-0db3175591a8;Whiskey Circuit
01a02690-22ef-7395-8393-6af09bd37b85;When You Are A King;01a02690-0cc5-74ee-b745-0db413d12dca;White Plains
01a02690-22e9-71a4-af72-5c5bbff8bbf9;This & That;01a02690-0cc5-74ee-b745-0db5b6919d49;Will Not Fear
01a02690-22ef-7395-8393-6af1a9a3faf1;Barber's Adagio for Strings;01a02690-0cc5-74ee-b745-0db64a0d46f0;William Orbit
01a02690-22ef-7395-8393-6af285c319ab;El Gran Varón;01a02690-0cc5-74ee-b745-0db7638a87c9;Willie Colón
01a02690-22ef-7395-8393-6af3f59bbc68;Idilio;01a02690-0cc5-74ee-b745-0db7638a87c9;Willie Colón
01a02690-22ef-7395-8393-6af488bc2ae8;Oh Qué Será;01a02690-0cc5-74ee-b745-0db7638a87c9;Willie Colón
01a02690-22ef-7395-8393-6af58310e526;Hold On;01a02690-0cc5-74ee-b745-0db898a35106;Wilson Phillips
01a02690-22ef-7395-8393-6af669737c6a;Hast du kurz Zeit;01a02690-0cc5-74ee-b745-0db9c94fdcd2;Wincent Weiss
01a02690-22ef-7395-8393-6af709fdfb9c;Kurz für immer;01a02690-0cc5-74ee-b745-0db9c94fdcd2;Wincent Weiss
01a02690-22ef-7395-8393-6af89c9b2f3c;Letzte Liebe;01a02690-0cc5-74ee-b745-0db9c94fdcd2;Wincent Weiss
01a02690-22ef-7395-8393-6af9144d8711;Uuuhh;01a02690-0cc5-74ee-b745-0db9c94fdcd2;Wincent Weiss
01a02690-22e7-71eb-b833-30ae3b51d9e5;September;01a02690-0cc5-74ee-b745-0dba795a0cf4;Wind
01a02690-22ee-7495-b83f-97d43f8ec1d9;Somebody Like You;01a02690-0cc5-74ee-b745-0dbb53657135;Within Temptation
01a02690-22ef-7395-8393-6afa924d201b;Show Me Love;01a02690-0cc5-74ee-b745-0dbc74eda904;WizTheMc & bees
01a02690-22ef-7395-8393-6afbd4edc361;The Sofa;01a02690-0cc5-74ee-b745-0dbd3986a790;Wolf Alice
01a02690-22ef-7395-8393-6afcdb74dafd;I'll Believe In Anything;01a02690-0cc5-74ee-b745-0dbee2151696;Wolf Parade
01a02690-22ef-7395-8393-6afd6ae7ee3a;Morgen Gold;01a02690-0cc5-74ee-b745-0dbfe8badf4b;Wolfgang Petry
01a02690-22eb-71cc-a5a4-301261698ce8;Promise;01a02690-0cc5-74ee-b745-0dc0e36ed424;Wonstein
01a02690-22e3-7064-9388-0feeb0b91fdf;una voz;01a02690-0cc5-74ee-b745-0dc1725e50ce;Worship.cat
01a02690-22e8-7496-8881-bf397a9d069b;A Small Miracle;01a02690-0cc5-74ee-b745-0dc2522f5434;Wuthering Waves
01a02690-22e7-71eb-b833-30ec8bac93eb;Voyaging Star's Farewell;01a02690-0cc5-74ee-b745-0dc2522f5434;Wuthering Waves
01a02690-22ef-7395-8393-6afe7dbf031c;Am I Missing Out;01a02690-0cc5-74ee-b745-0dc3d4af4cc3;Wynonna
01a02690-22ef-7395-8393-6aff509f5869;HYPNOTIZE;01a02690-0cc5-74ee-b745-0dc44753822c;XG
01a02690-22ef-7395-8393-6b00a30aa327;NO GOOD;01a02690-0cc5-74ee-b745-0dc44753822c;XG
01a02690-22ef-7395-8393-6b01cd957f1f;ROCK THE BOAT;01a02690-0cc5-74ee-b745-0dc44753822c;XG
01a02690-22ef-7395-8393-6b021f0e3add;TAKE MY BREATH;01a02690-0cc5-74ee-b745-0dc44753822c;XG
01a02690-22ef-7395-8393-6b0352e00711;UP NOW;01a02690-0cc5-74ee-b745-0dc44753822c;XG
01a02690-22ee-7495-b83f-972850021cb9;Moonlight;01a02690-0cc5-74ee-b745-0dc5afe23601;XXXTENTACION
01a02690-22ee-7495-b83f-982bd295bd31;The Fate of Ophelia;01a02690-0cc5-74ee-b745-0dc6bd5d3bcf;XanTz
01a02690-22ef-7395-8393-6b04a62ac4fc;Auf die Liebe;01a02690-0cc5-74ee-b745-0dc705ebeb86;Xavier Naidoo
01a02690-22e5-74eb-8ac8-9f1f569eb7df;Шадэ;01a02690-0cc5-74ee-b745-0dc873e886ae;Xcho
01a02690-22ec-7440-b13d-63ccc45f33b0;Glow;01a02690-0cc5-74ee-b745-0dc9501dc0f9;XngHan&Xoul
01a02690-22e7-71eb-b833-308ae0bb37f3;MUSIC ENERGY;01a02690-0cc5-74ee-b745-0dca09b81f7e;YAMATO HYUGA(CV.Ryohei Kimura)
01a02690-22ef-7395-8393-6b05b188af76;777;01a02690-0cc5-74ee-b745-0dcb520f2c49;YAO
01a02690-22ef-7395-8393-6b0638703d37;Fxxking Star;01a02690-0cc5-74ee-b745-0dcc865ad37f;YEONJUN
01a02690-22ef-7395-8393-6b071c84dfe2;Ice Cream;01a02690-0cc5-74ee-b745-0dcc865ad37f;YEONJUN
01a02690-22ef-7395-8393-6b0851ee5f3c;Long Way Long Ride;01a02690-0cc5-74ee-b745-0dcc865ad37f;YEONJUN
01a02690-22e4-7376-a60c-b9db54cf073a;Make It Count;01a02690-0cc5-74ee-b745-0dcc865ad37f;YEONJUN
01a02690-22ef-7395-8393-6b09621b6c6d;Vanilla;01a02690-0cc5-74ee-b745-0dcc865ad37f;YEONJUN
01a02690-22ef-7395-8393-6b0a1a328ce6;Sakihokoru Toki o Matsu no wa;01a02690-0cc5-74ee-b745-0dcdc4035f64;YESUNG
01a02690-22ef-7395-8393-6b0bf1f582ed;一念《逐玉》主題曲;01a02690-0cc5-74ee-b745-0dcecbba5a4a;YKeophirun
01a02690-22ef-7395-8393-6b0ca61b510a;ADRENA;01a02690-0cc5-74ee-b745-0dcf752768da;YOASOBI
01a02690-22ef-7395-8393-6b0dff4ed2c0;BABY;01a02690-0cc5-74ee-b745-0dcf752768da;YOASOBI
01a02690-22ef-7395-8393-6b0e69d415b1;Haruka;01a02690-0cc5-74ee-b745-0dcf752768da;YOASOBI
01a02690-22ef-7395-8393-6b0f82b27b5e;Orion;01a02690-0cc5-74ee-b745-0dcf752768da;YOASOBI
01a02690-22ef-7395-8393-6b103291805e;アドレナ;01a02690-0cc5-74ee-b745-0dcf752768da;YOASOBI
01a02690-22ef-7395-8393-6b11e6342a20;オリオン;01a02690-0cc5-74ee-b745-0dcf752768da;YOASOBI
01a02690-22ef-7395-8393-6b123da40f82;Eat You Alive;01a02690-0cc5-74ee-b745-0dd004d2adb4;YONAKA
01a02690-22ef-7395-8393-6b071c84dfe2;Ice Cream;01a02690-0cc5-74ee-b745-0dd16ba11e61;YUNA
01a02690-22ef-7395-8393-6b1332fade29;Blueberry Hill;01a02690-0cc5-74ee-b745-0dd26e389ce3;YUNGBLUD
01a02690-22ef-7395-8393-6b147d9c5a3a;I Need You;01a02690-0cc5-74ee-b745-0dd26e389ce3;YUNGBLUD
01a02690-22e3-7064-9388-0fdc25a2d5ec;My Only Angel;01a02690-0cc5-74ee-b745-0dd26e389ce3;YUNGBLUD
01a02690-22ef-7395-8393-6b1535db3e27;Suburban Requiem;01a02690-0cc5-74ee-b745-0dd26e389ce3;YUNGBLUD
01a02690-22ef-7395-8393-6b16aa8ddd13;The Postman;01a02690-0cc5-74ee-b745-0dd26e389ce3;YUNGBLUD
01a02690-22e9-71a4-af72-5be983dbbcf0;Time;01a02690-0cc5-74ee-b745-0dd26e389ce3;YUNGBLUD
01a02690-22ef-7395-8393-6b17b8a39f57;War Pt. II;01a02690-0cc5-74ee-b745-0dd26e389ce3;YUNGBLUD
01a02690-22ee-7495-b83f-988dcd4b2735;Zombie;01a02690-0cc5-74ee-b745-0dd26e389ce3;YUNGBLUD
01a02690-22ef-7395-8393-6b1802f3ed67;Dreams Never Sleep;01a02690-0cc5-74ee-b745-0dd3cb830a66;YUTA
01a02690-22ef-7395-8393-6b197b12fb4b;PLAY BACK TV size;01a02690-0cc5-74ee-b745-0dd3cb830a66;YUTA
01a02690-22ef-7395-8393-6b1afff089b8;Ikue Live Version;01a02690-0cc5-74ee-b745-0dd404f4e25d;YUZU
01a02690-22ef-7395-8393-6b1bd0eb888b;New Beginning;01a02690-0cc5-74ee-b745-0dd404f4e25d;YUZU
01a02690-22ef-7395-8393-6b1c15b6c346;Shin-on;01a02690-0cc5-74ee-b745-0dd404f4e25d;YUZU
01a02690-22e6-772f-ba89-ecc59d52e948;Dichavate;01a02690-0cc5-74ee-b745-0dd5607c606b;Ya Ice Dilan
01a02690-22ea-7193-8a3e-1c2bdc351e40;Ray;01a02690-0cc5-74ee-b745-0dd62a3301bc;Yachiyo Runami(cv.Saori Hayami)
01a02690-22e3-7064-9388-106ec8bbf451;Starry Sea;01a02690-0cc5-74ee-b745-0dd62a3301bc;Yachiyo Runami(cv.Saori Hayami)
01a02690-22ea-7193-8a3e-1c2c29203d87;World Is Mine;01a02690-0cc5-74ee-b745-0dd62a3301bc;Yachiyo Runami(cv.Saori Hayami)
01a02690-22ed-76b9-941f-3306e9c3e12e;La Perla;01a02690-0cc5-74ee-b745-0dd79203f6c5;Yahritza Y Su Esencia
01a02690-22ef-7395-8393-6a7e116a56c4;黄昏のララバイ;01a02690-0cc5-74ee-b745-0dd8b809bd72;Yamanbagiri Kunihiro
01a02690-22e3-7064-9388-1000c7ec7aab;Cuéntame;01a02690-0cc5-74ee-b745-0dd92528afaf;Yami Safdie
01a02690-22eb-71cc-a5a4-3015fc3a8b70;ESO Y MÁS;01a02690-0cc5-74ee-b745-0dd92528afaf;Yami Safdie
01a02690-22e6-772f-ba89-ed1d30cc2132;Est-ce que tu viens pour les vacances;01a02690-0cc5-74ee-b745-0ddaadf97b8c;Yann Muller
01a02690-22e9-71a4-af72-5c1d13279405;Pour le plaisir;01a02690-0cc5-74ee-b745-0ddaadf97b8c;Yann Muller
01a02690-22ef-7395-8393-6b1d2aea19ed;Brace, Brace;01a02690-0cc5-74ee-b745-0ddb10d62f02;Yanzi Sun
01a02690-22ed-76b9-941f-3283817b999c;Viens;01a02690-0cc5-74ee-b745-0ddc49c0c1d5;Ycare
01a02690-22eb-71cc-a5a4-30de270e37de;Con el Corazón;01a02690-0cc5-74ee-b745-0ddd0f52b97b;Yeison Jimenez
01a02690-22ee-7495-b83f-98dac7ce758a;Ritual;01a02690-0cc5-74ee-b745-0dde9d049fe4;Yes
01a02690-22ef-7395-8393-6b1e9d33b8d6;River Flows In You;01a02690-0cc5-74ee-b745-0ddfd10adc56;Yiruma
01a02690-22ef-7395-8393-6b1f38e86a55;清清如我(电视剧《逐玉》抒情主题曲);01a02690-0cc5-74ee-b745-0de0f10d3ac3;Yisa Yu
01a02690-22ef-7395-8393-6b20a4e21521;Kagero;01a02690-0cc5-74ee-b745-0de17d54789c;Yo Oizumi
01a02690-22e9-71a4-af72-5c33307a7121;ENDROLL;01a02690-0cc5-74ee-b745-0de2b6da881b;Yoohei Kawakami
01a02690-22ef-7395-8393-6b21ff394f9c;Aporia;01a02690-0cc5-74ee-b745-0de340219063;Yorushika
01a02690-22ef-7395-8393-6b220cf8d62b;Bubble;01a02690-0cc5-74ee-b745-0de340219063;Yorushika
01a02690-22ef-7395-8393-6b230e3779b2;Forget it;01a02690-0cc5-74ee-b745-0de340219063;Yorushika
01a02690-22ef-7395-8393-6b24ba6eb2a5;Madder;01a02690-0cc5-74ee-b745-0de340219063;Yorushika
01a02690-22ef-7395-8393-6b25bc0984f0;Martian;01a02690-0cc5-74ee-b745-0de340219063;Yorushika
01a02690-22ef-7395-8393-6b2600e052e6;Moonbath;01a02690-0cc5-74ee-b745-0de340219063;Yorushika
01a02690-22ef-7395-8393-6b275e3e28c1;Play Sick;01a02690-0cc5-74ee-b745-0de340219063;Yorushika
01a02690-22ef-7395-8393-6b28d19bf223;Plover;01a02690-0cc5-74ee-b745-0de340219063;Yorushika
01a02690-22ef-7395-8393-6b29a35b7bab;Rubato;01a02690-0cc5-74ee-b745-0de340219063;Yorushika
01a02690-22ef-7395-8393-6b2a5b85453f;Shura;01a02690-0cc5-74ee-b745-0de340219063;Yorushika
01a02690-22ef-7395-8393-6b2b63183f17;Snake;01a02690-0cc5-74ee-b745-0de340219063;Yorushika
01a02690-22ef-7395-8393-6b2cee583771;Sun;01a02690-0cc5-74ee-b745-0de340219063;Yorushika
01a02690-22ef-7395-8393-6b2d74df0539;Sunny;01a02690-0cc5-74ee-b745-0de340219063;Yorushika
01a02690-22ef-7395-8393-6b2ef3936464;サクラ~卒業できなかった君へ~;01a02690-0cc5-74ee-b745-0de43014486c;Yoshiko Hanzaki
01a02690-22ef-7395-8393-6b2f6867a2d5;Pistol;01a02690-0cc5-74ee-b745-0de5e7a91599;You Yokoyama
01a02690-22ef-7395-8393-6b30a6fbdd28;Already There;01a02690-0cc5-74ee-b745-0de6c17c442a;Young the Giant
01a02690-22ef-7395-8393-6b31d026651f;Freak;01a02690-0cc5-74ee-b745-0de74b86f4a5;Yseult
01a02690-22ef-7395-8393-6b3216a00eb4;TIMELESS POWER;01a02690-0cc5-74ee-b745-0de8ed6ddae3;Yu Serizawa
01a02690-22ef-7395-8393-6b339f888c12;Kanenone ga Kikoeruka;01a02690-0cc5-74ee-b745-0de95a8bdc98;Yu Takahashi
01a02690-22ef-7395-8393-6b349916839b;Ketsui No Uta;01a02690-0cc5-74ee-b745-0deae0c0c137;Yuiko Ohara
01a02690-22ed-76b9-941f-32e962315160;Weh;01a02690-0cc5-74ee-b745-0debfec5d68d;Yukno
01a02690-22ef-7395-8393-6b35d7d55584;Beating in Ash;01a02690-0cc5-74ee-b745-0deca323b83e;Yumeoi Kakeru
01a02690-22e9-71a4-af72-5c41841b91db;Sushidetamaranai;01a02690-0cc5-74ee-b745-0deca323b83e;Yumeoi Kakeru
01a02690-22eb-71cc-a5a4-2fdddd1a4c09;Daisuki No Bouquet;01a02690-0cc5-74ee-b745-0ded42323c9a;Yumi Aiba (CV: Juri Kimura)
01a02690-22e8-7496-8881-bf751bd68d34;STORM I;01a02690-0cc5-74ee-b745-0deeb63529a1;Yung Lean
01a02690-22e8-7496-8881-bf767ee6e922;STORM II;01a02690-0cc5-74ee-b745-0deeb63529a1;Yung Lean
01a02690-22ef-7395-8393-6b362e30d20e;Spend Dat;01a02690-0cc5-74ee-b745-0defa43e0749;Yung Miami
01a02690-22ea-7193-8a3e-1c3b73c480b5;La Mala Era Yo;01a02690-0cc5-74ee-b745-0df0aa919819;Yuridia
01a02690-22ef-7395-8393-6b37d6ab5abe;Kill or Kiss;01a02690-0cc5-74ee-b745-0df1f44fdb74;Yurina Hirate
01a02690-22ef-7395-8393-6b386ab2f4e8;Game Changer;01a02690-0cc5-74ee-b745-0df2f1c2015d;Yusei Yagi
01a02690-22ef-7395-8393-6b39756df5bd;Re, Bloom*;01a02690-0cc5-74ee-b745-0df3685e1275;YuukiSakuna
01a02690-22ef-7395-8393-6b3af5f45b25;Livin' On A Prayer;01a02690-0cc5-74ee-b745-0df43a5126ae;Yuuri
01a02690-22ef-7395-8393-6b3ba354c50d;The World Has Ended;01a02690-0cc5-74ee-b745-0df43a5126ae;Yuuri
01a02690-22ef-7395-8393-6b3c26a72b64;Thunderbolt;01a02690-0cc5-74ee-b745-0df43a5126ae;Yuuri
01a02690-22ef-7395-8393-6b3dcd63800a;Subarashiki Shinsekai;01a02690-0cc5-74ee-b745-0df5ed6400ca;Yuzo Koshiro
01a02690-22ef-7395-8393-6b3e08bb0fe0;Misschien Is Het Tijd;01a02690-0cc5-74ee-b745-0df656734a75;Yves Berendse
01a02690-22ef-7395-8393-6b3fd2829493;Terug in De Tijd;01a02690-0cc5-74ee-b745-0df656734a75;Yves Berendse
01a02690-22e5-74eb-8ac8-9e9321fb36b3;Berghain;01a02690-0cc5-74ee-b745-0df76471a8b5;Yves Tumor
01a02690-22e5-74eb-8ac8-9efe311fd00d;Now We Are Free;01a02690-0cc5-74ee-b745-0df87a0638e8;Yvonne S. Moriarty
01a02690-22ef-7395-8393-6b40d341bc40;Beautiful Sunday;01a02690-0cc5-74ee-b745-0df9d8a11ce2;ZANU
01a02690-22ef-7395-8393-6b41346e2c20;Bad For You;01a02690-0cc5-74ee-b745-0dfa06c1f6bb;ZAYN
01a02690-22ef-7395-8393-6b426a8450e1;Die For Me;01a02690-0cc5-74ee-b745-0dfa06c1f6bb;ZAYN
01a02690-22ef-7395-8393-6b436ad33405;Raise the Dead;01a02690-0cc5-74ee-b745-0dfa06c1f6bb;ZAYN
01a02690-22ef-7395-8393-6b44cbd5b26c;Sideways;01a02690-0cc5-74ee-b745-0dfa06c1f6bb;ZAYN
01a02690-22ef-7395-8393-6b458cfec77f;Je veux;01a02690-0cc5-74ee-b745-0dfbf214519b;ZAZ
01a02690-22ef-7395-8393-6b466e8d2905;Existence;01a02690-0cc5-74ee-b745-0dfc73885953;ZEROBASEONE
01a02690-22ef-7395-8393-6b47f547e96e;LOVEPOCALYPSE;01a02690-0cc5-74ee-b745-0dfc73885953;ZEROBASEONE
01a02690-22ef-7395-8393-6b481bbe7e5e;Running to Future;01a02690-0cc5-74ee-b745-0dfc73885953;ZEROBASEONE
01a02690-22ef-7395-8393-6b49af67376c;Coming for you;01a02690-0cc5-74ee-b745-0dfd281dcc8c;ZHANG HAO
01a02690-22ef-7395-8393-6b4a2d469168;All My Homies;01a02690-0cc5-74ee-b745-0dfe3e985eb8;ZORN
01a02690-22ef-7395-8393-6b4b901f84e3;Family Matters;01a02690-0cc5-74ee-b745-0dfe3e985eb8;ZORN
01a02690-22ef-7395-8393-6b4ccffec789;Have A Good Time;01a02690-0cc5-74ee-b745-0dfe3e985eb8;ZORN
01a02690-22ef-7395-8393-6b4d03d5473a;Jimoto LOVE;01a02690-0cc5-74ee-b745-0dfe3e985eb8;ZORN
01a02690-22ef-7395-8393-6b4e4fabec73;Koe;01a02690-0cc5-74ee-b745-0dfe3e985eb8;ZORN
01a02690-22ef-7395-8393-6b4fe98acfe7;Walk This Way;01a02690-0cc5-74ee-b745-0dfe3e985eb8;ZORN
01a02690-22ef-7395-8393-6b50af954416;War and the Girl;01a02690-0cc5-74ee-b745-0dfe3e985eb8;ZORN
01a02690-22ef-7395-8393-6b512222d16b;地元LOVE;01a02690-0cc5-74ee-b745-0dfe3e985eb8;ZORN
01a02690-22ef-7395-8393-6b52543abc33;Fig Smoke;01a02690-0cc5-74ee-b745-0dff591fd34b;ZUTOMAYO
01a02690-22ef-7395-8393-6b53a5cceb45;Medianoche;01a02690-0cc5-74ee-b745-0dff591fd34b;ZUTOMAYO
01a02690-22ef-7395-8393-6b547350e624;yomosugara;01a02690-0cc5-74ee-b745-0dff591fd34b;ZUTOMAYO
01a02690-22e8-7496-8881-bf50fbee7d56;2 STEP THE ENEMY;01a02690-0cc5-74ee-b745-0e00ca4b199e;ZVC
01a02690-22ef-7395-8393-6b55d3179f0b;A blöde Gschicht;01a02690-0cc5-74ee-b745-0e01dbe291ef;ZWIRN
01a02690-22ef-7395-8393-6b5612c45e3b;NO BATIDÃO;01a02690-0cc5-74ee-b745-0e028cca4147;ZXKAI
01a02690-22ef-7395-8393-6b5760e1b6f1;Gimme All Your Lovin';01a02690-0cc5-74ee-b745-0e03822b8bf8;ZZ Top
01a02690-22ef-7395-8393-6b587e87622a;La Grange;01a02690-0cc5-74ee-b745-0e03822b8bf8;ZZ Top
01a02690-22ef-7395-8393-6b599ef63c07;Sharp Dressed Man;01a02690-0cc5-74ee-b745-0e03822b8bf8;ZZ Top
01a02690-22e8-7496-8881-bf97698b9512;Longneck Weekend;01a02690-0cc5-74ee-b745-0e046b7e6e6d;Zac
01a02690-22ef-7395-8393-6b5a05870213;Chicken Fried;01a02690-0cc5-74ee-b745-0e0525a1340b;Zac Brown Band
01a02690-22ef-7395-8393-6b5b7462e6f3;Colder Weather;01a02690-0cc5-74ee-b745-0e0525a1340b;Zac Brown Band
01a02690-22ef-7395-8393-6b5c984ba416;I Ain't Worried About It;01a02690-0cc5-74ee-b745-0e0525a1340b;Zac Brown Band
01a02690-22ef-7395-8393-6b5dbe1ab167;Bad News;01a02690-0cc5-74ee-b745-0e065705d12f;Zach Bryan
01a02690-22ef-7395-8393-6b5e8c2cf7db;I Remember Everything;01a02690-0cc5-74ee-b745-0e065705d12f;Zach Bryan
01a02690-22ef-7395-8393-6b5f1882bb70;Plastic Cigarette;01a02690-0cc5-74ee-b745-0e065705d12f;Zach Bryan
01a02690-22ef-7395-8393-6b60a9f13ea3;I Never Lie;01a02690-0cc5-74ee-b745-0e07e1f9e267;Zach Top
01a02690-22ef-7395-8393-6b612458a6fa;Comme Caroline;01a02690-0cc5-74ee-b745-0e08164ea096;Zaho
01a02690-22ef-7395-8393-6b62513d7048;Modern Love;01a02690-0cc5-74ee-b745-0e09fa8ce895;Zaho de Sagazan
01a02690-22ef-7395-8393-6b63cf6e77b2;Lush Life;01a02690-0cc5-74ee-b745-0e0a732366fd;Zara Larsson
01a02690-22ef-7395-8393-6b64a1d8251c;Midnight Sun;01a02690-0cc5-74ee-b745-0e0a732366fd;Zara Larsson
01a02690-22ef-7395-8393-6b659c0ccef4;Landpartie;01a02690-0cc5-74ee-b745-0e0bd5e80bc4;Zaungast
01a02690-22e6-772f-ba89-ed0398ec3cd4;Te conocí;01a02690-0cc5-74ee-b745-0e0cd13af513;Zenar
01a02690-22ef-7395-8393-6b66eafbf98a;J'en Ai Rien À Foutre;01a02690-0cc5-74ee-b745-0e0d0d282c82;Zenaya
01a02690-22ef-7395-8393-6b67edafedf4;Better Than Revenge;01a02690-0cc5-74ee-b745-0e0e538b903f;Zeroworry Music
01a02690-22ed-76b9-941f-332a0a52d237;A Heartbeat's Turn;01a02690-0cc5-74ee-b745-0e0fd85f2f8b;Zhang Zi Ning
01a02690-22ed-76b9-941f-332bacac154c;一念(电视剧《逐玉》插曲);01a02690-0cc5-74ee-b745-0e0fd85f2f8b;Zhang Zi Ning
01a02690-22ef-7395-8393-6b0bf1f582ed;一念《逐玉》主題曲;01a02690-0cc5-74ee-b745-0e0fd85f2f8b;Zhang Zi Ning
01a02690-22ef-7395-8393-6ab78528fa00;No Boundries;01a02690-0cc5-74ee-b745-0e105d7576e3;Zhou Shen
01a02690-22ef-7395-8393-6b68d16764bb;修星星的人;01a02690-0cc5-74ee-b745-0e105d7576e3;Zhou Shen
01a02690-22ef-7395-8393-6b699fbd141e;吉量;01a02690-0cc5-74ee-b745-0e105d7576e3;Zhou Shen
01a02690-22ec-7440-b13d-63a732619a77;如煙;01a02690-0cc5-74ee-b745-0e105d7576e3;Zhou Shen
01a02690-22ef-7395-8393-6b6a79567c6d;等晴天;01a02690-0cc5-74ee-b745-0e105d7576e3;Zhou Shen
01a02690-22ef-7395-8393-6b6b6450b930;耀眼的我们(《天才,女友》影视剧主题曲/片头曲);01a02690-0cc5-74ee-b745-0e105d7576e3;Zhou Shen
01a02690-22ef-7395-8393-6b6c88344081;I wanna dance with somebody;01a02690-0cc5-74ee-b745-0e1181cefdca;Ziggy in tha House
01a02690-22ec-7440-b13d-63bce3188959;It's Raining;01a02690-0cc5-74ee-b745-0e1181cefdca;Ziggy in tha House
01a02690-22ef-7395-8393-6b6dbe0e69e6;You are my only one;01a02690-0cc5-74ee-b745-0e127bbbb18e;Zoe(佐伊)
01a02690-22ef-7395-8393-6b6eda718bf9;I Loved You;01a02690-0cc5-74ee-b745-0e13b4dce865;Zora Winslet
01a02690-22e3-7064-9388-103a24eb5042;"Turandot: ""Nessun dorma""";01a02690-0cc5-74ee-b745-0e141394ec75;Zubin Mehta
01a02690-22e3-7064-9388-103b0cf1ae2c;Turandot: Nessun dorma;01a02690-0cc5-74ee-b745-0e141394ec75;Zubin Mehta
01a02690-22ef-7395-8393-6b6f4917164f;JE NE SERAI JAMAIS.;01a02690-0cc5-74ee-b745-0e1544079cf5;Zélie
01a02690-22eb-71cc-a5a4-30319aca7002;Hallelujah;01a02690-0cc5-74ee-b745-0e1606d66818;[Alexandros]
01a02690-22ef-7395-8393-6b70952c2c25;Take On Me;01a02690-0cc5-74ee-b745-0e17cb209558;a-ha
01a02690-22ef-7395-8393-6b71a7eaa973;ATTITUDE;01a02690-0cc5-74ee-b745-0e187cb3153d;aespa
01a02690-22ef-7395-8393-6b7248e18623;KISS N TELL;01a02690-0cc5-74ee-b745-0e187cb3153d;aespa
01a02690-22e3-7064-9388-10336607aeae;Keychain;01a02690-0cc5-74ee-b745-0e187cb3153d;aespa
01a02690-22ef-7395-8393-6b73492e2513;LEMONADE;01a02690-0cc5-74ee-b745-0e187cb3153d;aespa
01a02690-22ef-7395-8393-6b74d67f732f;Lollipop;01a02690-0cc5-74ee-b745-0e187cb3153d;aespa
01a02690-22ef-7395-8393-6b7560dd7ab1;Serenade;01a02690-0cc5-74ee-b745-0e187cb3153d;aespa
01a02690-22ef-7395-8393-6b76b932229d;gravity;01a02690-0cc5-74ee-b745-0e19c1be0476;all things break
01a02690-22ef-7395-8393-6b775aafb534;Crown shinsha de katte ageru;01a02690-0cc5-74ee-b745-0e1af5911051;amazarashi - I'll Buy You a Brand New Crown
01a02690-22ef-7395-8393-6b788bee5667;Heroine;01a02690-0cc5-74ee-b745-0e1bb99f2340;back number
01a02690-22ef-7395-8393-6b7951ef0299;Suiheisen;01a02690-0cc5-74ee-b745-0e1bb99f2340;back number
01a02690-22ef-7395-8393-6b7a997862df;Want Want Want;01a02690-0cc5-74ee-b745-0e1bb99f2340;back number
01a02690-22ef-7395-8393-6b7bb5587665;Watagashi;01a02690-0cc5-74ee-b745-0e1bb99f2340;back number
01a02690-22e5-74eb-8ac8-9eb987bcb4ea;Gefährlich;01a02690-0cc5-74ee-b745-0e1cef42f0f5;badmómzjay
01a02690-22e4-7376-a60c-b9deb0e6c7ba;Te Olvido;01a02690-0cc5-74ee-b745-0e1d76d29d33;benny blanco
01a02690-22ef-7395-8393-6b7c7f0fcb56;Don't Tell Me It's Over;01a02690-0cc5-74ee-b745-0e1ecaad354a;blink-182
01a02690-22ef-7395-8393-6b7d937e6aca;Time To Break Up;01a02690-0cc5-74ee-b745-0e1ecaad354a;blink-182
01a02690-22ef-7395-8393-6b7e7c7d3dc9;What Went Wrong;01a02690-0cc5-74ee-b745-0e1ecaad354a;blink-182
01a02690-22e7-71eb-b833-3088d6e7e067;Yes Tokyo;01a02690-0cc5-74ee-b745-0e1fcaa45b30;chotokkyu
01a02690-22ef-7395-8393-6b7f50db83ca;LOVE 2000;01a02690-0cc5-74ee-b745-0e206d8c9d14;crane and turtle
01a02690-22ef-7395-8393-6b80ed0e16f8;Science;01a02690-0cc5-74ee-b745-0e21249ba3ab;deadmau5
01a02690-22ef-7395-8393-6b81e6d2d778;WWE: Trouble;01a02690-0cc5-74ee-b745-0e224153da35;def rebel
01a02690-22ee-7495-b83f-98e10166f8a0;melodrama;01a02690-0cc5-74ee-b745-0e23dd44eafc;disiz
01a02690-22ef-7395-8393-6b82ff183072;Che fastidio;01a02690-0cc5-74ee-b745-0e24dac0d353;ditonellapiaga
01a02690-22ef-7395-8393-6b83f63860b5;Pink Blush;01a02690-0cc5-74ee-b745-0e25cb249fff;dolly babe
01a02690-22ef-7395-8393-6b848e89e0ba;feel myself;01a02690-0cc5-74ee-b745-0e261bf22e75;eaJ
01a02690-22e3-7064-9388-0fe0f6aabf71;Papaoutai;01a02690-0cc5-74ee-b745-0e27002c53c4;elude
01a02690-22ee-7495-b83f-98420cdfe8f8;Du Bist Gut Genug;01a02690-0cc5-74ee-b745-0e283c2ed8cc;ext3nsion
01a02690-22ef-7395-8393-6b85e640efe8;Afia Oil;01a02690-0cc5-74ee-b745-0e29b735bbf4;fakeheader
01a02690-22ed-76b9-941f-32536368052d;siren;01a02690-0cc5-74ee-b745-0e2af6776581;felix jaehn
01a02690-22ea-7193-8a3e-1be6bdd2a344;To The Sun;01a02690-0cc5-74ee-b745-0e2b26b2f88b;fluffysnaff
01a02690-22e5-74eb-8ac8-9f359476b76b;Ever and Ever Before;01a02690-0cc5-74ee-b745-0e2c5791d78b;for KING
01a02690-22e5-74eb-8ac8-9f3664da25ac;alle;01a02690-0cc5-74ee-b745-0e2c5791d78b;for KING
01a02690-22e5-74eb-8ac8-9f37eb56c1d3;what if i told you;01a02690-0cc5-74ee-b745-0e2c5791d78b;for KING
01a02690-22ef-7395-8393-6b861e2ac684;Ridin' on Dreams;01a02690-0cc5-74ee-b745-0e2df7652416;hololive IDOL PROJECT
01a02690-22ef-7395-8393-6b8752996f7a;Crash First;01a02690-0cc5-74ee-b745-0e2e9bf70c19;honestav
01a02690-22ef-7395-8393-6afa924d201b;Show Me Love;01a02690-0cc5-74ee-b745-0e2fde56bff3;honey
01a02690-22ef-7395-8393-6b88b2f32e23;Crow;01a02690-0cc5-74ee-b745-0e3085bd5985;i-dle
01a02690-22ef-7395-8393-6b891b15dedb;Gimme Dat Love;01a02690-0cc5-74ee-b745-0e3085bd5985;i-dle
01a02690-22ef-7395-8393-6b8a94804db8;HIDE AND SEEK;01a02690-0cc5-74ee-b745-0e3085bd5985;i-dle
01a02690-22ef-7395-8393-6b8b92506f0a;Mono;01a02690-0cc5-74ee-b745-0e3085bd5985;i-dle
01a02690-22ef-7395-8393-6b8c3c3394f0;Good Citizen;01a02690-0cc5-74ee-b745-0e315297cc70;iyah may
01a02690-22ef-7395-8393-6b8dd3d8e766;Karmageddon;01a02690-0cc5-74ee-b745-0e315297cc70;iyah may
01a02690-22ef-7395-8393-6b8ed09b76dc;Future;01a02690-0cc5-74ee-b745-0e3272fff9fd;j-hope
01a02690-22ef-7395-8393-6b8f7adf7f21;Safety Zone;01a02690-0cc5-74ee-b745-0e3272fff9fd;j-hope
01a02690-22e8-7496-8881-bf397a9d069b;A Small Miracle;01a02690-0cc5-74ee-b745-0e33effc5631;jixwang
01a02690-22e7-71eb-b833-30ec8bac93eb;Voyaging Star's Farewell;01a02690-0cc5-74ee-b745-0e33effc5631;jixwang
01a02690-22ef-7395-8393-6b90acb96dbe;Yoake no uta;01a02690-0cc5-74ee-b745-0e343c6c5d8f;jo0ji
01a02690-22ef-7395-8393-6b918abf183f;iburu;01a02690-0cc5-74ee-b745-0e351e6eb03c;jo0ji - I-BULL
01a02690-22ef-7395-8393-6b90acb96dbe;Yoake no uta;01a02690-0cc5-74ee-b745-0e36be533eb7;jo0ji - よあけのうた
01a02690-22ef-7395-8393-6b925b03fcd5;dahon;01a02690-0cc5-74ee-b745-0e376ef6e4e9;justin
01a02690-22e9-71a4-af72-5c0835c8a4e8;Crossroad;01a02690-0cc5-74ee-b745-0e38c37c1052;kz
01a02690-22ef-7395-8393-6b93061256cd;come again *Reloaded;01a02690-0cc5-74ee-b745-0e39d45b10d9;m-flo loves 櫻井翔
01a02690-22ef-7395-8393-6b9461e0f8bd;Step Into Your Power;01a02690-0cc5-74ee-b745-0e3a4ed6715c;manifestica_studio
01a02690-22ef-7395-8393-6b8752996f7a;Crash First;01a02690-0cc5-74ee-b745-0e3b79a24544;mgk
01a02690-22e8-7496-8881-bf5c56f22488;FIX UR FACE;01a02690-0cc5-74ee-b745-0e3b79a24544;mgk
01a02690-22ef-7395-8393-6b956e2de024;times of my life;01a02690-0cc5-74ee-b745-0e3b79a24544;mgk
01a02690-22e3-7064-9388-0fe0f6aabf71;Papaoutai;01a02690-0cc5-74ee-b745-0e3cc0777e37;mikeeysmind
01a02690-22ef-7395-8393-6b2d74df0539;Sunny;01a02690-0cc5-74ee-b745-0e3d213963b3;milet
01a02690-22ef-7395-8393-6b9610d58da1;The Story of Us;01a02690-0cc5-74ee-b745-0e3d213963b3;milet
01a02690-22ef-7395-8393-6b97576bb2ab;Trace;01a02690-0cc5-74ee-b745-0e3d213963b3;milet
01a02690-22ef-7395-8393-6b9835b82baf;Beautiful Monster;01a02690-0cc5-74ee-b745-0e3edadb1d27;n.SSign
01a02690-22ef-7395-8393-6b99c900ba11;Feelin' Good;01a02690-0cc5-74ee-b745-0e3edadb1d27;n.SSign
01a02690-22ef-7395-8393-6b9a852cea28;Funky like me;01a02690-0cc5-74ee-b745-0e3edadb1d27;n.SSign
01a02690-22ef-7395-8393-6b9b7212f783;POP ROCKET;01a02690-0cc5-74ee-b745-0e3edadb1d27;n.SSign
01a02690-22ef-7395-8393-6b9cac9a491a;SCOOT UP;01a02690-0cc5-74ee-b745-0e3edadb1d27;n.SSign
01a02690-22ef-7395-8393-6b9d8138ca1c;Japanese Ver. -;01a02690-0cc5-74ee-b745-0e3fabb0ed9e;n.SSign - Funky Like Me
01a02690-22ef-7395-8393-6b9ebc8371c1;Puppet;01a02690-0cc5-74ee-b745-0e40b1b0775c;natori
01a02690-22ef-7395-8393-6b7560dd7ab1;Serenade;01a02690-0cc5-74ee-b745-0e40b1b0775c;natori
01a02690-22ef-7395-8393-6b9f7cfaa369;Low;01a02690-0cc5-74ee-b745-0e41ff87db9e;nevermade
01a02690-22ef-7395-8393-6ba050ae2b80;rollerblade;01a02690-0cc5-74ee-b745-0e42b128f233;no na
01a02690-22ef-7395-8393-6ba177992e7e;work;01a02690-0cc5-74ee-b745-0e42b128f233;no na
01a02690-22ef-7395-8393-6ba2321ddbfa;1000 Days of Moments;01a02690-0cc5-74ee-b745-0e43bbb2c89b;noa
01a02690-22e6-772f-ba89-ec9f87f95494;Friday Magic;01a02690-0cc5-74ee-b745-0e44be3adfd1;nqrse
01a02690-22ef-7395-8393-6ba3b0400d3c;Make Me Feel;01a02690-0cc5-74ee-b745-0e45120738d3;oskar med k
01a02690-22e7-71eb-b833-30edce5cb040;Kribbeln im Bauch;01a02690-0cc5-74ee-b745-0e46d7cdb8ac;prodbyTAA
01a02690-22ea-7193-8a3e-1bdfee5f914c;BbY WOW;01a02690-0cc5-74ee-b745-0e47760a9134;rusowsky
01a02690-22ea-7193-8a3e-1c2c29203d87;World Is Mine;01a02690-0cc5-74ee-b745-0e48c43864c4;ryo (supercell)
01a02690-22ef-7395-8393-6ba4e94c04e8;ワールドイズマイン;01a02690-0cc5-74ee-b745-0e48c43864c4;ryo (supercell)
01a02690-22ef-7395-8393-6ba5412843b2;IRANAI;01a02690-0cc5-74ee-b745-0e49f04e497b;sakanaction
01a02690-22ef-7395-8393-6ba68b45d544;Kaiju;01a02690-0cc5-74ee-b745-0e49f04e497b;sakanaction
01a02690-22ef-7395-8393-6ba78f1c2135;Shin Takara Jima;01a02690-0cc5-74ee-b745-0e49f04e497b;sakanaction
01a02690-22ef-7395-8393-6ba8c019807b;Yoru No Odoriko;01a02690-0cc5-74ee-b745-0e49f04e497b;sakanaction
01a02690-22e3-7064-9388-10407539abd7;Soda Pop;01a02690-0cc5-74ee-b745-0e4aa43a6634;samUIL Lee
01a02690-22ef-7395-8393-6ba962800de3;tiptoeing;01a02690-0cc5-74ee-b745-0e4b08d14772;senses
01a02690-22ef-7395-8393-6baab1fbbb58;German Marching Song;01a02690-0cc5-74ee-b745-0e4c941fdd2c;shirts0001 - Erika
01a02690-22ef-7395-8393-6b5612c45e3b;NO BATIDÃO;01a02690-0cc5-74ee-b745-0e4d2e1db72e;slxughter
01a02690-22ef-7395-8393-6babf3d70d24;12 to 12;01a02690-0cc5-74ee-b745-0e4ecdba460c;sombr
01a02690-22ef-7395-8393-6bace34dea8e;Homewrecker;01a02690-0cc5-74ee-b745-0e4ecdba460c;sombr
01a02690-22ef-7395-8393-6bad1147e0cb;My Body Isn't Ready;01a02690-0cc5-74ee-b745-0e4ecdba460c;sombr
01a02690-22ef-7395-8393-6bae621fec7c;Potential;01a02690-0cc5-74ee-b745-0e4ecdba460c;sombr
01a02690-22ef-7395-8393-6bafc1fce5dd;back to friends;01a02690-0cc5-74ee-b745-0e4ecdba460c;sombr
01a02690-22ef-7395-8393-6bb033a9dfa1;undressed;01a02690-0cc5-74ee-b745-0e4ecdba460c;sombr
01a02690-22ef-7395-8393-6bb11f50fb87;Kavkaz;01a02690-0cc5-74ee-b745-0e4f839b30f6;starly
01a02690-22ef-7395-8393-6bb257d00a6f;Cat Days;01a02690-0cc5-74ee-b745-0e50743c1a53;suis from Yorushika
01a02690-22ef-7395-8393-6bb3a20f91ee;Catdays;01a02690-0cc5-74ee-b745-0e50743c1a53;suis from Yorushika
01a02690-22ef-7395-8393-6bb49590de6b;Honto;01a02690-0cc5-74ee-b745-0e5189dcf31e;sumika
01a02690-22ef-7395-8393-6bb5e5de8a06;Sekishunka;01a02690-0cc5-74ee-b745-0e5189dcf31e;sumika
01a02690-22ef-7395-8393-6bb635cce853;Umm;01a02690-0cc5-74ee-b745-0e5189dcf31e;sumika
01a02690-22ef-7395-8393-6bb73ea35e6a;Latte Magic;01a02690-0cc5-74ee-b745-0e52bde366ec;syudou × 八木勇征
01a02690-22e9-71a4-af72-5beb652f11ed;All the Things She Said;01a02690-0cc5-74ee-b745-0e53851f3e8a;t.A.T.u.
01a02690-22ef-7395-8393-6bb8ca931127;Timeless Fireworks;01a02690-0cc5-74ee-b745-0e54f48edcb0;timelesz
01a02690-22ef-7395-8393-6a89677c4dd0;Alle wie eins;01a02690-0cc5-74ee-b745-0e557ace104e;treamiboii
01a02690-22ef-7395-8393-6a8add072ae9;HASENJAGD;01a02690-0cc5-74ee-b745-0e557ace104e;treamiboii
01a02690-22ef-7395-8393-6bb961a22c3d;Nackt vor deiner Tür;01a02690-0cc5-74ee-b745-0e557ace104e;treamiboii
01a02690-22ef-7395-8393-6bbaf1ec8ee2;Strawanza;01a02690-0cc5-74ee-b745-0e557ace104e;treamiboii
01a02690-22ef-7395-8393-6bbbfc22eed7;zero;01a02690-0cc5-74ee-b745-0e56d566e6e1;tuki.
01a02690-22ef-7395-8393-6bbc253a5214;Kotonoha;01a02690-0cc5-74ee-b745-0e57899a5d2a;tuki. - コトノハ
01a02690-22ef-7395-8393-6bbdba1fc739;Drag Path;01a02690-0cc5-74ee-b745-0e584a1fc319;twenty one pilots
01a02690-22ef-7395-8393-6bbe88086c8f;Endless Moment;01a02690-0cc5-74ee-b745-0e59916dd10a;w-inds.
01a02690-22ef-7395-8393-6bbf16a3b026;Forever Memories;01a02690-0cc5-74ee-b745-0e59916dd10a;w-inds.
01a02690-22ef-7395-8393-6bc08b7db3c9;Give you my heart;01a02690-0cc5-74ee-b745-0e59916dd10a;w-inds.
01a02690-22ef-7395-8393-6bc12bb8819d;black glitter;01a02690-0cc6-761d-b6e8-f51d2581d87c;wavvyboi
01a02690-22e5-74eb-8ac8-9ef64ce8174f;Angels Above Me;01a02690-0cc6-761d-b6e8-f51e6c6f79ac;wiatra
01a02690-22ef-7395-8393-6bc2b4f893e8;papatuai(mix);01a02690-0cc6-761d-b6e8-f51fe80cb68a;wnxx
01a02690-22e4-7376-a60c-b93af99076f5;Her Nerdeysen;01a02690-0cc6-761d-b6e8-f5208ae494ce;xaviorthemachine
01a02690-22ef-7395-8393-6abe32604963;fly away;01a02690-0cc6-761d-b6e8-f521dcc80971;yama
01a02690-22ea-7193-8a3e-1be7289af5f3;Ghost in the Snow;01a02690-0cc6-761d-b6e8-f522053d64a1;yanaginagi
01a02690-22ea-7193-8a3e-1be881590217;Moekasu No Sanka;01a02690-0cc6-761d-b6e8-f522053d64a1;yanaginagi
01a02690-22e6-772f-ba89-ec9f87f95494;Friday Magic;01a02690-0cc6-761d-b6e8-f523792611f9;yuigot
01a02690-22ef-7395-8393-6bc3d4a170b9;Against the Current;01a02690-0cc6-761d-b6e8-f524f5f29ceb;Ásgeir
01a02690-22ef-7395-8393-6bc4356d1a2b;Le Temps des Fleurs Fanées;01a02690-0cc6-761d-b6e8-f525b4b7b39f;Élise Noiret
01a02690-22e4-7376-a60c-b9b61764a9c1;Safaera;01a02690-0cc6-761d-b6e8-f526cdae32b7;Ñengo Flow
01a02690-22e5-74eb-8ac8-9efd57420af2;Remember the Dance;01a02690-0cc6-761d-b6e8-f5273f42f011;Āelle
01a02690-22ef-7395-8393-6bc574550fb1;New Sensation;01a02690-0cc6-761d-b6e8-f528c9e0b641;ŹOOĻ
01a02690-22ef-7395-8393-6bc685710f3f;BEAST MODE;01a02690-0cc6-761d-b6e8-f5298b320dba;Σ Desire
01a02690-22ef-7395-8393-6bc7bc4697b0;SUPER DUPER DREAMER;01a02690-0cc6-761d-b6e8-f5298b320dba;Σ Desire
01a02690-22ef-7395-8393-6bc86636ca6a;Ворона;01a02690-0cc6-761d-b6e8-f52a7bc0462d;Кэнни
01a02690-22e5-74eb-8ac8-9f1f569eb7df;Шадэ;01a02690-0cc6-761d-b6e8-f52b3a41c236;МОТ
01a02690-22ec-7440-b13d-64a4b24590f8;Michelle;01a02690-0cc6-761d-b6e8-f52c14079876;כאן - תאגיד השידור הישראלי
01a02690-22ef-7395-8393-6bc901a87049;My name is Lo Lo;01a02690-0cc6-761d-b6e8-f52d4cc1baf2;โลโล่ (Lo Lo)
01a02690-22ef-7395-8393-6bcac8c64233;ray;01a02690-0cc6-761d-b6e8-f52ef8edc3f6;かぐや(cv.夏吉ゆうこ)
01a02690-22ef-7395-8393-6ba4e94c04e8;ワールドイズマイン;01a02690-0cc6-761d-b6e8-f52ef8edc3f6;かぐや(cv.夏吉ゆうこ)
01a02690-22ef-7395-8393-6bcb8473953d;イチジク煙;01a02690-0cc6-761d-b6e8-f52f813167f3;ずっと真夜中でいいのに。
01a02690-22e6-772f-ba89-ec316277255e;Let you go;01a02690-0cc6-761d-b6e8-f530c2e14e13;ちゃんみな
01a02690-22e6-772f-ba89-ec333f3f2d16;TEST ME;01a02690-0cc6-761d-b6e8-f530c2e14e13;ちゃんみな
01a02690-22ef-7395-8393-6bccb2e0c6fa;セレナーデ;01a02690-0cc6-761d-b6e8-f5319ae3830d;なとり
01a02690-22e3-7064-9388-0fe825664e3f;Luminous;01a02690-0cc6-761d-b6e8-f532cf39da9c;アイナ・ジ・エンド - ルミナス
01a02690-22e3-7064-9388-0fe93707c70f;On The Way;01a02690-0cc6-761d-b6e8-f533f7ad4b5f;アイナ・ジ・エンド - 革命道中
01a02690-22ef-7395-8393-6aa24c513a6d;SHUNKAN JOURNEY;01a02690-0cc6-761d-b6e8-f5343e9bfeca;ガッチマン
01a02690-22ef-7395-8393-6bcd003727a3;火種;01a02690-0cc6-761d-b6e8-f5355e44f242;キタニタツヤ
01a02690-22ee-7495-b83f-985d18f6ae27;Kasuka na Hana;01a02690-0cc6-761d-b6e8-f536642798af;キタニタツヤ - かすかなはな
01a02690-22ef-7395-8393-6bce3e25a199;Kasuka na Hana-;01a02690-0cc6-761d-b6e8-f536642798af;キタニタツヤ - かすかなはな
01a02690-22ef-7395-8393-6bcf6eb9dabd;You and Sing-a-Ribbon;01a02690-0cc6-761d-b6e8-f5371f70659a;キュアアイドル(CV:松岡美里)&キュアウインク(CV:髙橋ミナミ)&キュアキュンキュン(CV:高森奈津美)&キュアズキューン(CV:南條愛乃)&キュアキッス(CV:花井美春)、キミとアイドルプリキュア♪
01a02690-22ef-7395-8393-6bd062d77fa3;I'm a mystery;01a02690-0cc6-761d-b6e8-f5389f8a4f5d;キュアエクレール(CV:長谷川育美)、名探偵プリキュア!
01a02690-22ef-7395-8393-6aa24c513a6d;SHUNKAN JOURNEY;01a02690-0cc6-761d-b6e8-f5398fd0ef39;キヨ
01a02690-22ef-7395-8393-6bd17b576188;いらない;01a02690-0cc6-761d-b6e8-f53ad4f5742b;サカナクション
01a02690-22ef-7395-8393-6bd2a226d61a;夜の踊り子;01a02690-0cc6-761d-b6e8-f53ad4f5742b;サカナクション
01a02690-22ef-7395-8393-6bd3692e7d9f;怪獣;01a02690-0cc6-761d-b6e8-f53ad4f5742b;サカナクション
01a02690-22e7-71eb-b833-304b5f88f8cf;Zoo;01a02690-0cc6-761d-b6e8-f53bde411a2a;シャキーラ
01a02690-22e4-7376-a60c-b955a5c3e1c9;Doesn't Really Matter;01a02690-0cc6-761d-b6e8-f53c6cd2b8d0;ジャネット・ジャクソン
01a02690-22ef-7395-8393-6bd4f96da2fb;見知らぬ糸;01a02690-0cc6-761d-b6e8-f53dd9fa8452;スピッツ
01a02690-22ef-7395-8393-6bd5657d5fac;Pajama Parties no Uta;01a02690-0cc6-761d-b6e8-f53eded99167;パジャマパーティーズ みどり(CV. 諸星すみれ)、ぴんく(CV. 長縄まりあ)、しろ(CV. 篠原侑)、むらさき(CV. 内山茉莉)
01a02690-22e4-7376-a60c-b9db54cf073a;Make It Count;01a02690-0cc6-761d-b6e8-f53f732bc3fe;マイク・タワーズ
01a02690-22ef-7395-8393-6bd66521ec9c;Lonely...But not Alone;01a02690-0cc6-761d-b6e8-f5408072c33a;モーニング娘。'26
01a02690-22ef-7395-8393-6bd750d193c7;あぶく;01a02690-0cc6-761d-b6e8-f541a2d6991e;ヨルシカ
01a02690-22ef-7395-8393-6bd8a9afe614;千鳥;01a02690-0cc6-761d-b6e8-f541a2d6991e;ヨルシカ
01a02690-22ef-7395-8393-6bd987a15106;ガラライキュ;01a02690-0cc6-761d-b6e8-f542c8f7d93e;ラウール
01a02690-22ef-7395-8393-6aa24c513a6d;SHUNKAN JOURNEY;01a02690-0cc6-761d-b6e8-f543888b0fcc;レトルト
01a02690-22ef-7395-8393-6bda688c5bc0;3月9日;01a02690-0cc6-761d-b6e8-f54490b86f4c;レミオロメン
01a02690-22ef-7395-8393-6bdb83fde926;SUPER STAR;01a02690-0cc6-761d-b6e8-f54525c284a2;一十木音也(CV.寺島拓篤) 、聖川真斗(CV.鈴村健一)、四ノ宮那月(CV.谷山紀章)、一ノ瀬トキヤ(CV.宮野真守)、神宮寺レン(CV.諏訪部順一)、来栖 翔(CV.下野 紘)、愛島セシル(CV.鳥海浩輔)
01a02690-22e9-71a4-af72-5c8c9cd548f2;Through The RAIN;01a02690-0cc6-761d-b6e8-f5460f11a130;三代目 J SOUL BROTHERS from EXILE TRIBE
01a02690-22ee-7495-b83f-97ab567a7ed2;Silent Flame,Never Fade;01a02690-0cc6-761d-b6e8-f547a54f568f;不知火フレア
01a02690-22ea-7193-8a3e-1c7a9335f7a0;XTC;01a02690-0cc6-761d-b6e8-f54816371b9b;中島健人
01a02690-22ef-7395-8393-6bdc30c02628;瞬発的に恋しよう;01a02690-0cc6-761d-b6e8-f54816371b9b;中島健人
01a02690-22ef-7395-8393-6bdd29609c30;君ばかり;01a02690-0cc6-761d-b6e8-f5491d653ffd;乃木坂46
01a02690-22ef-7395-8393-6bde3be94a34;是非に及ばず;01a02690-0cc6-761d-b6e8-f5491d653ffd;乃木坂46
01a02690-22ef-7395-8393-6bdfdd197991;最後に階段を駆け上がったのはいつだ;01a02690-0cc6-761d-b6e8-f5491d653ffd;乃木坂46
01a02690-22ef-7395-8393-6be0d87fc9c6;桜橋を教えてくれた;01a02690-0cc6-761d-b6e8-f5491d653ffd;乃木坂46
01a02690-22ef-7395-8393-6be19fc57b80;TOWA ～永久に風に乗る～;01a02690-0cc6-761d-b6e8-f54ade1dda4f;倉木麻衣
01a02690-22ef-7395-8393-6be2cc46ed2b;Change my future;01a02690-0cc6-761d-b6e8-f54b117aa6c0;倖田來未×Do As Infinity
01a02690-22e7-71eb-b833-30871d2bae5d;Yes 東京;01a02690-0cc6-761d-b6e8-f54c5b42a0d5;原因は自分にある。
01a02690-22ef-7395-8393-6be32e9aa340;POISON~言いたい事も言えないこんな世の中は~;01a02690-0cc6-761d-b6e8-f54dbc7bff2f;反町隆史
01a02690-22ef-7395-8393-6be4e08ced7d;HYPNOSIS;01a02690-0cc6-761d-b6e8-f54e3ef2f05f;向井康二
01a02690-22ef-7395-8393-6be57bcb98ac;時計;01a02690-0cc6-761d-b6e8-f54fcce60594;坂本真綾
01a02690-22ef-7395-8393-6be6c357e0c2;パッパパラダイス;01a02690-0cc6-761d-b6e8-f550a13c3e9a;宇多田ヒカル
01a02690-22e9-71a4-af72-5c27fdd08a29;JANE DOE;01a02690-0cc6-761d-b6e8-f551e68406f3;宇多田光
01a02690-22ef-7395-8393-6be7060d96db;とびきり愛してる(A Bushel and a Peck);01a02690-0cc6-761d-b6e8-f5520e57e1d1;宝塚歌劇団・彩みちる、ほか
01a02690-22e9-71a4-af72-5c3c75ba592e;Chatter Chatter;01a02690-0cc6-761d-b6e8-f553ce922687;宝鐘マリン
01a02690-22ef-7395-8393-6be846e89104;QUARTET CROWN;01a02690-0cc6-761d-b6e8-f5544172fd5f;寿 嶺二(CV.森久保祥太郎)、黒崎蘭丸(CV.鈴木達央)、美風 藍(CV.蒼井翔太)、カミュ(CV.前野智昭)
01a02690-22ef-7395-8393-6be99a787733;Ready Steady Race;01a02690-0cc6-761d-b6e8-f5544172fd5f;寿 嶺二(CV.森久保祥太郎)、黒崎蘭丸(CV.鈴木達央)、美風 藍(CV.蒼井翔太)、カミュ(CV.前野智昭)
01a02690-22ef-7395-8393-6bea28caaafa;SONG LETTER;01a02690-0cc6-761d-b6e8-f5544172fd5f;寿 嶺二(CV.森久保祥太郎)、黒崎蘭丸(CV.鈴木達央)、美風 藍(CV.蒼井翔太)、カミュ(CV.前野智昭)
01a02690-22ef-7395-8393-6bebad00b262;THIS IS...;01a02690-0cc6-761d-b6e8-f5544172fd5f;寿 嶺二(CV.森久保祥太郎)、黒崎蘭丸(CV.鈴木達央)、美風 藍(CV.蒼井翔太)、カミュ(CV.前野智昭)
01a02690-22ef-7395-8393-6bec045fc08f;You're my life;01a02690-0cc6-761d-b6e8-f5544172fd5f;寿 嶺二(CV.森久保祥太郎)、黒崎蘭丸(CV.鈴木達央)、美風 藍(CV.蒼井翔太)、カミュ(CV.前野智昭)
01a02690-22ef-7395-8393-6bdc30c02628;瞬発的に恋しよう;01a02690-0cc6-761d-b6e8-f555c6935355;岡村靖幸
01a02690-22ef-7395-8393-6be4e08ced7d;HYPNOSIS;01a02690-0cc6-761d-b6e8-f55666c72772;岩本照
01a02690-22e2-7774-a1a3-e4de2cb68e51;Five;01a02690-0cc6-761d-b6e8-f5579b082597;嵐
01a02690-22e2-7774-a1a3-e4e081549972;Happiness;01a02690-0cc6-761d-b6e8-f5579b082597;嵐
01a02690-22e9-71a4-af72-5c33307a7121;ENDROLL;01a02690-0cc6-761d-b6e8-f5584c4d9476;川上洋平
01a02690-22ef-7395-8393-6bedfbd7f760;眾里尋他千百度(電視劇《逐玉》愛情主題曲);01a02690-0cc6-761d-b6e8-f55949753fd1;張碧晨
01a02690-22ef-7395-8393-6bee0a5b14f1;なんもねえ;01a02690-0cc6-761d-b6e8-f55a92a1a6a7;忘れらんねえよ
01a02690-22ef-7395-8393-6befaf975ba8;Hint in the heart Star Detective Precure -Precure Quartet Ver.-;01a02690-0cc6-761d-b6e8-f55b4c3350c6;明智あんな(CV:千賀光莉)&小林みくる(CV:本渡楓)&帆羽くれあ(CV:長谷川育美)&森亜るるか(CV:東山奈央)、名探偵プリキュア!
01a02690-22e9-71a4-af72-5c3c75ba592e;Chatter Chatter;01a02690-0cc6-761d-b6e8-f55c8317f87a;星街すいせい
01a02690-22ef-7395-8393-6bf0230dbc51;好き;01a02690-0cc6-761d-b6e8-f55dd0c20fe4;星野源
01a02690-22ef-7395-8393-6bcac8c64233;ray;01a02690-0cc6-761d-b6e8-f55e86e70d5d;月見ヤチヨ(cv.早見沙織)
01a02690-22ef-7395-8393-6ba4e94c04e8;ワールドイズマイン;01a02690-0cc6-761d-b6e8-f55e86e70d5d;月見ヤチヨ(cv.早見沙織)
01a02690-22ef-7395-8393-6bf1eb357782;我對緣分小心翼翼;01a02690-0cc6-761d-b6e8-f55f7d9d6a4b;林俊傑
01a02690-22ef-7395-8393-6bf2eda61143;人誑し / ひとたらし;01a02690-0cc6-761d-b6e8-f5602364b02d;桑田佳祐
01a02690-22ef-7395-8393-6bf308bc1edf;柱結集～無限城への誘い;01a02690-0cc6-761d-b6e8-f56109151084;椎名 豪
01a02690-22ee-7495-b83f-975f975b3dd8;The growing up train;01a02690-0cc6-761d-b6e8-f5623043ccde;櫻坂46
01a02690-22ef-7395-8393-6bd987a15106;ガラライキュ;01a02690-0cc6-761d-b6e8-f563f3437bbe;深澤辰哉
01a02690-22ef-7395-8393-6bd987a15106;ガラライキュ;01a02690-0cc6-761d-b6e8-f5640498267e;渡辺翔太
01a02690-22e9-71a4-af72-5c33307a7121;ENDROLL;01a02690-0cc6-761d-b6e8-f565c2f6fe21;澤野弘之
01a02690-22ef-7395-8393-6bf4339d3f20;WHYMYSTERYANSWER;01a02690-0cc6-761d-b6e8-f5662e9d8ad1;熊田茜音&増井優花、名探偵プリキュア!
01a02690-22ef-7395-8393-6bf5d44877a9;なぜ謎ANSWER;01a02690-0cc6-761d-b6e8-f5662e9d8ad1;熊田茜音&増井優花、名探偵プリキュア!
01a02690-22ef-7395-8393-6be4e08ced7d;HYPNOSIS;01a02690-0cc6-761d-b6e8-f567a2b7e82d;目黒蓮
01a02690-22ef-7395-8393-6bf6c2c7171c;Hint in the heart Star Detective Precure;01a02690-0cc6-761d-b6e8-f56822ec08b6;石井あみ、名探偵プリキュア!
01a02690-22ef-7395-8393-6bf75716c7f6;ハートにヒント名探偵プリキュア;01a02690-0cc6-761d-b6e8-f56822ec08b6;石井あみ、名探偵プリキュア!
01a02690-22ef-7395-8393-6bf88b738149;Absolute Tyranny 〜至天の座アルカディア:ヘビー級〜;01a02690-0cc6-761d-b6e8-f569999ffd77;祖堅 正慶
01a02690-22ef-7395-8393-6bf9d667e371;Sinister 〜至天の座アルカディア:ヘビー級〜;01a02690-0cc6-761d-b6e8-f569999ffd77;祖堅 正慶
01a02690-22ef-7395-8393-6bfafa16b8ab;The Mirror 〜至天の座アルカディア:ヘビー級〜;01a02690-0cc6-761d-b6e8-f569999ffd77;祖堅 正慶
01a02690-22ef-7395-8393-6bfb1e7b41ad;木星;01a02690-0cc6-761d-b6e8-f56a8d756b82;福山 雅治
01a02690-22ef-7395-8393-6bfcff3c1522;邂逅;01a02690-0cc6-761d-b6e8-f56a8d756b82;福山 雅治
01a02690-22ef-7395-8393-6bfd7ca77710;タッチ;01a02690-0cc6-761d-b6e8-f56bcb8b529f;稲葉浩志
01a02690-22ea-7193-8a3e-1c7491645dca;IRIS OUT;01a02690-0cc6-761d-b6e8-f56c8f1f9f69;米津玄師
01a02690-22e9-71a4-af72-5c27fdd08a29;JANE DOE;01a02690-0cc6-761d-b6e8-f56c8f1f9f69;米津玄師
01a02690-22ea-7193-8a3e-1c75d8704604;Yodaka;01a02690-0cc6-761d-b6e8-f56d77e186a8;米津玄師 - 夜鷹
01a02690-22ea-7193-8a3e-1c76fd7688f2;Raven;01a02690-0cc6-761d-b6e8-f56e6f9f8a04;米津玄師 - 烏
01a02690-22ef-7395-8393-6bfe1b5fb7e3;章;01a02690-0cc6-761d-b6e8-f56f352c26ff;緑黄色社会
01a02690-22ef-7395-8393-6bff9018cc46;風に乗る;01a02690-0cc6-761d-b6e8-f56f352c26ff;緑黄色社会
01a02690-22ef-7395-8393-6b3216a00eb4;TIMELESS POWER;01a02690-0cc6-761d-b6e8-f57095a920a8;芹澤 優
01a02690-22ef-7395-8393-6b699fbd141e;吉量;01a02690-0cc6-761d-b6e8-f571da1fc316;葫芦童声
01a02690-22e7-71eb-b833-30c92175fc5e;MONSTER;01a02690-0cc6-761d-b6e8-f572107b8a47;藍井エイル
01a02690-22ef-7395-8393-6c0042639f0e;絵空事;01a02690-0cc6-761d-b6e8-f572107b8a47;藍井エイル
01a02690-22e8-7496-8881-bf683e04c86c;It's Alright;01a02690-0cc6-761d-b6e8-f573b9e48297;藤井 風
01a02690-22ef-7395-8393-6c01b8fcd74f;満ちてゆく;01a02690-0cc6-761d-b6e8-f573b9e48297;藤井 風
01a02690-22e7-71eb-b833-30871d2bae5d;Yes 東京;01a02690-0cc6-761d-b6e8-f574027d71a7;超特急
01a02690-22ef-7395-8393-6c029f0a3360;第三个吻痕;01a02690-0cc6-761d-b6e8-f57532be5c8f;邱鼎杰
01a02690-22e6-772f-ba89-ecdb3a7b51ac;Burn;01a02690-0cc6-761d-b6e8-f576673e9aac;金在中
01a02690-22ea-7193-8a3e-1c8884f88870;Michishirube;01a02690-0cc6-761d-b6e8-f576673e9aac;金在中
01a02690-22ef-7395-8393-6c037074166c;Please love yourself(请好好爱自己);01a02690-0cc6-761d-b6e8-f577ef756127;金色火种GoldenFire
01a02690-22e4-7376-a60c-b933951d367b;Recollect;01a02690-0cc6-761d-b6e8-f5788b858ea5;鈴木このみ
01a02690-22ef-7395-8393-6c0485c89d17;Genesis HE★VENS;01a02690-0cc6-761d-b6e8-f57935da153e;鳳 瑛一(CV.緑川 光)、皇 綺羅(CV.小野大輔)、帝 ナギ(CV.代永 翼)、鳳 瑛二(CV.内田雄馬)、桐生院ヴァン(CV.高橋英則)、日向大和(CV.木村良平)、天草シオン(CV.山下大輝)
01a02690-22e7-71eb-b833-30ec8bac93eb;Voyaging Star's Farewell;01a02690-0cc6-761d-b6e8-f57a39c7670c;鳴潮先約電台
01a02690-22ef-7395-8393-6c029f0a3360;第三个吻痕;01a02690-0cc6-761d-b6e8-f57b6ad19134;黄星
