artista;id_artista
&TEAM;01a02706-e015-716c-b555-cc87bebd5c11
-真天地開闢集団-ジグザグ;01a02706-e015-716c-b555-cc88451f7ff6
.ENDRECHERI.;01a02706-e015-716c-b555-cc897fc5c965
10-FEET;01a02706-e015-716c-b555-cc8a55f0b28c
1119;01a02706-e015-716c-b555-cc8b9f0a0417
1986zig;01a02706-e015-716c-b555-cc8ce042ab8e
20th Century;01a02706-e015-716c-b555-cc8de33e2c5c
2facecapone;01a02706-e015-716c-b555-cc8e0e4a2a0e
2raumwohnung;01a02706-e015-716c-b555-cc8f88b9f61f
3 Doors Down;01a02706-e015-716c-b555-cc90157d7a43
3SKM;01a02706-e015-716c-b555-cc9117cc4f13
4 Non Blondes;01a02706-e015-716c-b555-cc927f6534d6
4AMTapes;01a02706-e015-716c-b555-cc93894010a1
765 MILLION ALLSTARS;01a02706-e015-716c-b555-cc942202746e
9Lana;01a02706-e015-716c-b555-cc956c4e7a44
9Lana - 螺旋;01a02706-e015-716c-b555-cc9629bf151b
=LOVE;01a02706-e015-716c-b555-cc97c03d656a
@47_kö11sch;01a02706-e015-716c-b555-cc98ce0a0ac7
A Day to Remember;01a02706-e015-716c-b555-cc99c848b675
A$AP Rocky;01a02706-e015-716c-b555-cc9ab5d6e1b2
A*Teens;01a02706-e015-716c-b555-cc9b4b1130a8
A.B.C-Z;01a02706-e015-716c-b555-cc9c76361692
ABARZA RECABAL ERICK YORDAN;01a02706-e015-716c-b555-cc9d032d8136
ABBA;01a02706-e015-716c-b555-cc9eaf9853e6
AC/DC;01a02706-e015-716c-b555-cc9f525d9c99
ADELE;01a02706-e015-716c-b555-cca025f1f958
AFROJACK;01a02706-e015-716c-b555-cca16b82c8ec
AHOF;01a02706-e015-716c-b555-cca2e6f066a5
AI IRIE FM;01a02706-e015-716c-b555-cca3a27656e9
AI MIKAZE(CV.Shouta Aoi);01a02706-e015-716c-b555-cca4cf043da4
AISHA;01a02706-e015-716c-b555-cca5dc3f6e97
AK AUSSERKONTROLLE;01a02706-e015-716c-b555-cca6e4fc3101
AKB48;01a02706-e015-716c-b555-cca71bcd060b
ALI;01a02706-e015-716c-b555-cca8299b9c79
ALPHA DRIVE ONE;01a02706-e015-716c-b555-cca953ee3216
ANDITA;01a02706-e015-716c-b555-ccaad2179b73
ANOTR;01a02706-e015-716c-b555-ccab8820d0cd
ARASHI;01a02706-e015-716c-b555-ccac18ae2c67
ASTRO DONUTS;01a02706-e015-716c-b555-ccadfa493762
ATEEZ;01a02706-e015-716c-b555-ccaef858cd9e
ATP MUSIC;01a02706-e015-716c-b555-ccaffd9d21e6
AUDREY NUNA;01a02706-e015-716c-b555-ccb0787479a9
AURA;01a02706-e015-716c-b555-ccb145e68739
AVALAN ROKSTON;01a02706-e015-716c-b555-ccb2d3cd9ddf
AVEC;01a02706-e015-716c-b555-ccb34e555d38
AYLIVA;01a02706-e015-716c-b555-ccb4a50a3ef7
AZKi;01a02706-e015-716c-b555-ccb59846318d
Aarne;01a02706-e015-716c-b555-ccb622075f3e
Aaron Lewis;01a02706-e015-716c-b555-ccb77c0b122d
Aaron Tveit;01a02706-e015-716c-b555-ccb81897702f
Aaron Watson;01a02706-e015-716c-b555-ccb9b972e002
Abdull vocals;01a02706-e015-716c-b555-ccbadead732e
Abdurrahman Önül;01a02706-e015-716c-b555-ccbbdf8145c8
Abigail Rose;01a02706-e015-716c-b555-ccbc11827173
Able Heart;01a02706-e015-716c-b555-ccbd8482ab3a
Ac/Dc;01a02706-e015-716c-b555-ccbedfe2fcfe
Accept;01a02706-e015-716c-b555-ccbf140749fa
Accusefive;01a02706-e015-716c-b555-ccc0cd85b3c8
Achille Lauro;01a02706-e015-716c-b555-ccc12a5dd9e6
Adam Lambert;01a02706-e015-716c-b555-ccc2cad768b8
Adam Sanders;01a02706-e015-716c-b555-ccc3744f3946
Adele;01a02706-e015-716c-b555-ccc406f7f1ac
Adieu Aru;01a02706-e015-716c-b555-ccc53c3a0dd2
Aditotoro;01a02706-e015-716c-b555-ccc647f44a08
Aditya;01a02706-e015-716c-b555-ccc73f534d96
Ado;01a02706-e015-716c-b555-ccc8707320ad
Ae! Group;01a02706-e015-716c-b555-ccc91b4f34f7
Aerosmith;01a02706-e015-716c-b555-ccca67da870e
Affirmation Club;01a02706-e015-716c-b555-cccbd434ebfd
Afro Bros;01a02706-e015-716c-b555-cccc94350032
Afro House Galaxy;01a02706-e015-716c-b555-cccd93fcb077
Afro-D;01a02706-e015-716c-b555-ccce9e248590
Afroman;01a02706-e015-716c-b555-cccf9b544967
Afroplugs;01a02706-e015-716c-b555-ccd00ba4dcfa
Agust D;01a02706-e015-716c-b555-ccd17a890e47
Aidan Martin;01a02706-e015-716c-b555-ccd2b3bfe8b3
Aijima Cecil;01a02706-e015-716c-b555-ccd3ec1301f3
Aimer;01a02706-e015-716c-b555-ccd4222d02a9
Aimyon;01a02706-e015-716c-b555-ccd5fd8d79f9
Aina The End;01a02706-e015-716c-b555-ccd68144481b
Aina The End - 革命道中;01a02706-e015-716c-b555-ccd70943371f
Airbourne;01a02706-e015-716c-b555-ccd8c5bae2b3
Aisha Ruah;01a02706-e015-716c-b555-ccd9432c2666
Aitana;01a02706-e015-716c-b555-ccda933c980e
Aitch;01a02706-e015-716c-b555-ccdb0458196a
Aiyana-Lee;01a02706-e015-716c-b555-ccdcca445c61
Aka 7even;01a02706-e015-716c-b555-ccdd1ab50e81
Akagi Wen;01a02706-e015-716c-b555-ccde2377ddfe
Akin kaplan;01a02706-e015-716c-b555-ccdfe4b1ab7c
Alan Jackson;01a02706-e015-716c-b555-cce09eae706f
Alan Walker;01a02706-e015-716c-b555-cce1dcd1801c
Alanis Morissette;01a02706-e015-716c-b555-cce2d5c2cecf
Alba Letycia;01a02706-e015-716c-b555-cce3d37c65f7
Albi;01a02706-e015-716c-b555-cce45b969f22
Alejandro Fernández;01a02706-e015-716c-b555-cce563c80583
Alejandro Sanz;01a02706-e015-716c-b555-cce6016bd0dd
Alessandra Amoroso;01a02706-e015-716c-b555-cce7bdbeafbe
Alessia Cara;01a02706-e015-716c-b555-cce85870254c
Alesso;01a02706-e015-716c-b555-cce950e8f87b
Alex Christensen;01a02706-e015-716c-b555-ccea942d9a41
Alex Mills;01a02706-e015-716c-b555-ccebe9a33fbf
Alex Warren;01a02706-e016-7142-b262-e86da111a0c5
Alexander Eder;01a02706-e016-7142-b262-e86eb4d6cdf2
Alexander Rier;01a02706-e016-7142-b262-e86fe9d972fe
Alexia Jayy;01a02706-e016-7142-b262-e870dbab2173
Alfa;01a02706-e016-7142-b262-e8717302be84
Alice Stark;01a02706-e016-7142-b262-e87217ac6e2d
Alicia Keys;01a02706-e016-7142-b262-e873ca685f0e
Alissa White-Gluz;01a02706-e016-7142-b262-e8747ff0758b
Alix Oder Nix;01a02706-e016-7142-b262-e875a9155334
Alle Farben;01a02706-e016-7142-b262-e876a425e83d
Alli Neumann;01a02706-e016-7142-b262-e877d818dbbf
Allison Russell;01a02706-e016-7142-b262-e878d4008b0c
Alma Flamenca Sessions;01a02706-e016-7142-b262-e8796170300b
Almond Eye (CV: Kaori Ishihara);01a02706-e016-7142-b262-e87a6dc2bef3
Alok;01a02706-e016-7142-b262-e87b8d07359b
Alphaville;01a02706-e016-7142-b262-e87cbd7d9915
Alter Bridge;01a02706-e016-7142-b262-e87d7f0987c6
Altessimo;01a02706-e016-7142-b262-e87efe9e6bbb
Amason;01a02706-e016-7142-b262-e87f223a67f7
Ambre;01a02706-e016-7142-b262-e8806eec44a1
Amel Bent;01a02706-e016-7142-b262-e881813c84d9
Amon Amarth;01a02706-e016-7142-b262-e882a87d1bb4
Amy Grant;01a02706-e016-7142-b262-e883d36c9bc1
Amy Shark;01a02706-e016-7142-b262-e88440ecc33d
Amy Winehouse;01a02706-e016-7142-b262-e8851c81158d
Ana Sky;01a02706-e016-7142-b262-e8868e39d048
Anastacia;01a02706-e016-7142-b262-e8878cedb0a8
Anderson .Paak;01a02706-e016-7142-b262-e888393bf777
Andre Schnura;01a02706-e016-7142-b262-e8898698708e
Andre Troutman;01a02706-e016-7142-b262-e88a1635bf87
Andrea Berg;01a02706-e016-7142-b262-e88b2e8ed7f0
Andrea Bocelli;01a02706-e016-7142-b262-e88c7a70d984
Andreas Bourani;01a02706-e016-7142-b262-e88d904d830e
Andreas Gabalier;01a02706-e016-7142-b262-e88e0a1aaebb
Andrew Choi;01a02706-e016-7142-b262-e88f6355aeec
Andrew Watt;01a02706-e016-7142-b262-e890879a2c09
André Hazes Jr.;01a02706-e016-7142-b262-e891b80b1e31
Andy Grammer;01a02706-e016-7142-b262-e8920dfc95b2
Ane Brun;01a02706-e016-7142-b262-e8938741aa1b
Angelina Mango;01a02706-e016-7142-b262-e89488c363db
Angus;01a02706-e016-7142-b262-e89564087c0d
Angèle;01a02706-e016-7142-b262-e8968536cda3
Angélique Kidjo;01a02706-e016-7142-b262-e8978d0a8aea
Anirudh Ravichander;01a02706-e016-7142-b262-e89874f020a1
Anita Ward;01a02706-e016-7142-b262-e899c09ce943
Anitta;01a02706-e016-7142-b262-e89ae487de6f
Ankara Echoes;01a02706-e016-7142-b262-e89b514a1c21
Anna-Maria Zimmermann;01a02706-e016-7142-b262-e89c7f09c384
Annalisa;01a02706-e016-7142-b262-e89dc891d381
Anne Mosters;01a02706-e016-7142-b262-e89e2c08a8e7
AnnenMayKantereit;01a02706-e016-7142-b262-e89fb19c0bbf
Anstandslos;01a02706-e016-7142-b262-e8a0ffba123b
Anthony Callea;01a02706-e016-7142-b262-e8a19aa5837f
Anthony Hopkins;01a02706-e016-7142-b262-e8a26a65e96f
Anthony Vincent;01a02706-e016-7142-b262-e8a358cce975
Anthrax;01a02706-e016-7142-b262-e8a4b321c944
Antigoni;01a02706-e016-7142-b262-e8a5848c5107
Antonello Venditti;01a02706-e016-7142-b262-e8a6bad435f8
Antonio Banderas;01a02706-e016-7142-b262-e8a723a4b4c3
Anuradha Paudwal;01a02706-e016-7142-b262-e8a8756e7625
Anyma;01a02706-e016-7142-b262-e8a9746b6479
Aooo;01a02706-e016-7142-b262-e8aad4fb5f94
Apache 207;01a02706-e016-7142-b262-e8ab744c3e08
Apink;01a02706-e016-7142-b262-e8ac85d63630
Apotika Bali;01a02706-e016-7142-b262-e8adf6b97b87
Appleton;01a02706-e016-7142-b262-e8aea250efa0
Aqu3ra;01a02706-e016-7142-b262-e8af7811978a
Aqua;01a02706-e016-7142-b262-e8b018236908
Aqua Timez;01a02706-e016-7142-b262-e8b1c5d47554
Aquagen;01a02706-e016-7142-b262-e8b21b44dece
Arash;01a02706-e016-7142-b262-e8b3c81078fa
Arc System Works;01a02706-e016-7142-b262-e8b430993228
Arcadia;01a02706-e016-7142-b262-e8b5706e67b3
Arch Enemy;01a02706-e016-7142-b262-e8b6a26d3dc3
Archer Marsh;01a02706-e016-7142-b262-e8b780c80267
Archive;01a02706-e016-7142-b262-e8b8150052fa
Arctic Monkeys;01a02706-e016-7142-b262-e8b968a310ba
Argy;01a02706-e016-7142-b262-e8bad78723c2
Aria Blu;01a02706-e016-7142-b262-e8bb0bd51f13
Ariana Grande;01a02706-e016-7142-b262-e8bc1f9411c8
Arijit Singh;01a02706-e016-7142-b262-e8bd917175f0
Arisa;01a02706-e016-7142-b262-e8be1987b2dd
Armaan Khan;01a02706-e016-7142-b262-e8bf45987cb3
Armin van Buuren;01a02706-e016-7142-b262-e8c0b72746c3
Arooj Aftab;01a02706-e016-7142-b262-e8c1ab0026f7
Ashley Cooke;01a02706-e016-7142-b262-e8c28466a192
Ashley McBryde;01a02706-e016-7142-b262-e8c3ff7618bf
Ashley Monroe;01a02706-e016-7142-b262-e8c44748ac62
Ashnikko;01a02706-e016-7142-b262-e8c5eb819302
Asia;01a02706-e016-7142-b262-e8c61d0dd777
Asian Kung-Fu Generation;01a02706-e016-7142-b262-e8c78ab38c38
Astra Gold;01a02706-e016-7142-b262-e8c8f07f9ad8
At The Gates;01a02706-e016-7142-b262-e8c9d4ba820b
Ati242;01a02706-e016-7142-b262-e8ca70035107
Atreyu;01a02706-e016-7142-b262-e8cb39444615
August Burns Red;01a02706-e016-7142-b262-e8cc5b392f97
Aurélie Simon;01a02706-e016-7142-b262-e8cd365782dd
Australian Idol;01a02706-e016-7142-b262-e8ce027c374c
Ava Max;01a02706-e016-7142-b262-e8cfe5efc006
Avalan;01a02706-e016-7142-b262-e8d04b168778
Avicii;01a02706-e016-7142-b262-e8d1d97a91b4
Avril Lavigne;01a02706-e016-7142-b262-e8d2b25f5b94
Axel Rudi Pell;01a02706-e016-7142-b262-e8d377b08438
Axel Wilder;01a02706-e016-7142-b262-e8d4631528da
Axwell;01a02706-e016-7142-b262-e8d5d820a4dc
Axxima;01a02706-e016-7142-b262-e8d6c85b8e7e
Ayaka Sasaki;01a02706-e016-7142-b262-e8d7306e1559
Ayra Starr;01a02706-e016-7142-b262-e8d89397d967
Azteck;01a02706-e016-7142-b262-e8d9604a44d9
Aぇ! group;01a02706-e016-7142-b262-e8dababf236b
B'z;01a02706-e016-7142-b262-e8dbc8b71d1e
B2K;01a02706-e016-7142-b262-e8dcff2deb39
BABYMONSTER;01a02706-e016-7142-b262-e8dd24511599
BAND-MAID;01a02706-e016-7142-b262-e8ded32cbc6c
BE:FIRST;01a02706-e016-7142-b262-e8dff5e0fda5
BEARWOLF;01a02706-e016-7142-b262-e8e02e8ab1c0
BELA;01a02706-e016-7142-b262-e8e14520a039
BENNETT;01a02706-e016-7142-b262-e8e211bcbfda
BENZATO;01a02706-e016-7142-b262-e8e3eaebacbf
BEYOOOOONDS;01a02706-e016-7142-b262-e8e4ab5899b9
BIALYSTOCKS;01a02706-e016-7142-b262-e8e501396888
BIBI;01a02706-e016-7142-b262-e8e6cf67e51a
BIBIZA;01a02706-e016-7142-b262-e8e7c9f0721b
BIG KAY SMG;01a02706-e016-7142-b262-e8e8c05331ad
BIG TIM & Bell Book;01a02706-e016-7142-b262-e8e972110ab9
BIGBANG;01a02706-e016-7142-b262-e8ea8faee896
BILLA JOE;01a02706-e016-7142-b262-e8ebb4675c4f
BINI;01a02706-e016-7142-b262-e8ecf9db4b43
BLACKPINK;01a02706-e016-7142-b262-e8edd145adb2
BLANCO;01a02706-e016-7142-b262-e8ee5038c4c2
BLOK3;01a02706-e016-7142-b262-e8ef3974b511
BLUE PONGTIWAT;01a02706-e016-7142-b262-e8f0a6b53428
BMSG ALLSTARS;01a02706-e016-7142-b262-e8f13c16a1d7
BMSG STRIKERS;01a02706-e016-7142-b262-e8f21aafa675
BOWKYLION;01a02706-e016-7142-b262-e8f38ad9e2f9
BOYNEXTDOOR;01a02706-e016-7142-b262-e8f45c525f71
BTOB;01a02706-e016-7142-b262-e8f5811ed5fb
BTS;01a02706-e016-7142-b262-e8f6ad09e4fd
BUNT.;01a02706-e016-7142-b262-e8f7b184cc4a
BURNIN' BRIDGES Ai Music;01a02706-e016-7142-b262-e8f811f41df6
BURNOUT SYNDROMES;01a02706-e016-7142-b262-e8f919672a47
BUS;01a02706-e016-7142-b262-e8fa567945ba
Babu Singh Maan - Dhurandhar;01a02706-e016-7142-b262-e8fb8ed537af
Baby K;01a02706-e016-7142-b262-e8fcdc68c894
Baccara;01a02706-e016-7142-b262-e8fde408ce6f
Bachelor Girl;01a02706-e016-7142-b262-e8fe25e5fc7d
Backstreet Boys;01a02706-e016-7142-b262-e8ffdc615977
Bad Bunny;01a02706-e016-7142-b262-e9008725abaf
Bad Style;01a02706-e016-7142-b262-e9017ea07610
Baggh-E SMG;01a02706-e016-7142-b262-e90226af01e1
Bailey Zimmerman;01a02706-e016-7142-b262-e90374511940
Ball Park Music;01a02706-e016-7142-b262-e90403d79b48
Baltic House Orchestra;01a02706-e016-7142-b262-e905eb68cbd4
Bambole Di Pezza;01a02706-e016-7142-b262-e906f3e01942
Bananarama;01a02706-e016-7142-b262-e9079ebae38e
Bankzitters;01a02706-e016-7142-b262-e908c56b0423
Bappi Lahiri;01a02706-e016-7142-b262-e90989538f77
Barbara Pravi;01a02706-e016-7142-b262-e90a1c147806
Barbie;01a02706-e016-7142-b262-e90b7ab2726e
Barbra Streisand;01a02706-e016-7142-b262-e90c5c3d777b
Bastille;01a02706-e016-7142-b262-e90dd7f48e60
Bausa;01a02706-e016-7142-b262-e90e788f52ac
Beartooth;01a02706-e016-7142-b262-e90f98de1d1d
BearyTunes;01a02706-e016-7142-b262-e9109c2964ba
Beatrice Egli;01a02706-e016-7142-b262-e9113b00d2ee
Bebe Rexha;01a02706-e016-7142-b262-e912f0156021
Beck;01a02706-e016-7142-b262-e91349be8998
Becky G;01a02706-e016-7142-b262-e91483a333d4
Becky Hill;01a02706-e016-7142-b262-e915e9d69055
Becky Rebecca;01a02706-e016-7142-b262-e91656794e81
Believe (CV: Misaki Akiyama);01a02706-e016-7142-b262-e917d1622873
Bella Kay;01a02706-e016-7142-b262-e918121ef277
Belles;01a02706-e016-7142-b262-e919c25ef369
Ben Zucker;01a02706-e016-7142-b262-e91a99d391e5
Benetti House Bar;01a02706-e016-7142-b262-e91b8fbe3f9d
Benjamin Pajak;01a02706-e016-7142-b262-e91c796043ef
Benny Rivers;01a02706-e016-7142-b262-e91dc0440952
Benny Rivers Sounds;01a02706-e016-7142-b262-e91efc9e9b03
Benson Boone;01a02706-e016-7142-b262-e91f3356687c
Bernhard Brink;01a02706-e016-7142-b262-e920a38a4d76
Bernhard Schäfer;01a02706-e016-7142-b262-e921a62e3e6e
Beyoncé;01a02706-e016-7142-b262-e92272d80d79
Beéle;01a02706-e016-7142-b262-e9236d0f06cd
Biagio Antonacci;01a02706-e016-7142-b262-e924055af66f
Big Baby Tape;01a02706-e016-7142-b262-e9258f6e0cb4
Bikini Bottom Band;01a02706-e016-7142-b262-e926c2138aeb
Bill Withers;01a02706-e016-7142-b262-e9272335585f
Billie Eilish;01a02706-e016-7142-b262-e92815dc3b40
Billy Bragg;01a02706-e016-7142-b262-e9295604304d
Billy Dans;01a02706-e016-7142-b262-e92a0d57f636
Billy Idol;01a02706-e016-7142-b262-e92b014173e9
Billy Lockett;01a02706-e016-7142-b262-e92cdd37ec4d
Billy Ray Cyrus;01a02706-e016-7142-b262-e92d3b22c8a1
Billy Strings;01a02706-e016-7142-b262-e92ef4d05eef
Bilmuri;01a02706-e016-7142-b262-e92f75e0caaf
Bino Rideaux;01a02706-e016-7142-b262-e930edb3c5b0
Bishop Briggs;01a02706-e016-7142-b262-e93192e58c00
Bizarrap;01a02706-e016-7142-b262-e93268b65258
Björk;01a02706-e016-7142-b262-e9334d3f232e
Björn Skifs;01a02706-e016-7142-b262-e934c1ee5b02
Black Label Society;01a02706-e016-7142-b262-e93546cce6d0
Black Sabbath;01a02706-e016-7142-b262-e93678ad5933
Black Veil Brides;01a02706-e016-7142-b262-e93756c48b9a
Blackstreet;01a02706-e016-7142-b262-e9387b80fc4a
Blake Shelton;01a02706-e016-7142-b262-e939db7c9e77
Blake Whiten;01a02706-e016-7142-b262-e93a739c0459
Blank;01a02706-e016-7142-b262-e93b1ec8beaf
Blast Onepiece (CV: Azusa Shizuki);01a02706-e016-7142-b262-e93c7e6a6ccf
Blasterjaxx;01a02706-e016-7142-b262-e93d7f0b2fd7
Bleachers;01a02706-e016-7142-b262-e93efc1af579
Bleu Soleil;01a02706-e016-7142-b262-e93f48133c47
Blink-182;01a02706-e016-7142-b262-e9404dc6d0eb
Bloc Party;01a02706-e016-7142-b262-e941be418678
Blondee;01a02706-e016-7142-b262-e9421eac0c88
Blood;01a02706-e016-7142-b262-e94371f18bda
Blooz Room;01a02706-e016-7142-b262-e94424fa0426
Blu Monroe;01a02706-e016-7142-b262-e94508e452a2
Blue Medusa;01a02706-e016-7142-b262-e94693318d4b
Blue Swede;01a02706-e016-7142-b262-e9471f9a7530
Bluey;01a02706-e016-7142-b262-e94814b9f1b1
Blumengarten;01a02706-e016-7142-b262-e94957538bbc
Blümchen;01a02706-e016-7142-b262-e94a47f553e7
Bob Dominator;01a02706-e016-7142-b262-e94b757a6534
Bob Dylan;01a02706-e016-7142-b262-e94cad47739d
Bob Marley;01a02706-e016-7142-b262-e94d55d71ef3
Bob Seger;01a02706-e016-7142-b262-e94e3cecc5a3
Bob Sinclar;01a02706-e016-7142-b262-e94fbe482fea
Bodhi;01a02706-e016-7142-b262-e95041036d51
Boki;01a02706-e016-7142-b262-e9515b7243c8
Bombay Rockers;01a02706-e016-7142-b262-e95296777140
Bon Entendeur;01a02706-e016-7142-b262-e95353b2246a
Bon Iver;01a02706-e016-7142-b262-e9547a2068c8
Bon Jovi;01a02706-e016-7142-b262-e95598cd82d7
Bonbon;01a02706-e016-7142-b262-e9569c940d5f
Boney M.;01a02706-e016-7142-b262-e9574a699698
Bonez MC;01a02706-e016-7142-b262-e9580f1044e8
Bonn;01a02706-e016-7142-b262-e95969e2efb8
Bonnie Pattraphus;01a02706-e016-7142-b262-e95a503cf1be
Bonnie Tyler;01a02706-e016-7142-b262-e95b2c99c1c0
Bonobo;01a02706-e016-7142-b262-e95c128ee006
Booba;01a02706-e016-7142-b262-e95da557a827
Boogie Heights;01a02706-e016-7142-b262-e95ebfd005bc
Boris Brejcha;01a02706-e016-7142-b262-e95f0901d9e9
Bosse;01a02706-e016-7142-b262-e960cb0cf69f
Boston;01a02706-e016-7142-b262-e961f097de13
Bountyhunter;01a02706-e016-7142-b262-e962bd53193c
Boy Meets Girl;01a02706-e016-7142-b262-e96311251656
Boyz II Men;01a02706-e016-7142-b262-e9642ff4c4a9
Boyzlife;01a02706-e016-7142-b262-e9652fc8cfe6
Boyzone;01a02706-e016-7142-b262-e9661481daef
Brace;01a02706-e016-7142-b262-e96772fb8f4b
Bradley Cooper;01a02706-e016-7142-b262-e968d5c48a28
Brandon Flowers;01a02706-e016-7142-b262-e96985d307eb
Brandon Lake;01a02706-e016-7142-b262-e96aca7e20ee
Brantley Gilbert;01a02706-e016-7142-b262-e96bdc240f8a
Brawl Stars;01a02706-e016-7142-b262-e96cf98100d1
Bread;01a02706-e016-7142-b262-e96d759d4347
Breaking Rust;01a02706-e016-7142-b262-e96e0e542249
Breitner;01a02706-e016-7142-b262-e96fc616f77e
Brian Dunphy;01a02706-e016-7142-b262-e9703f3e7f24
Brian May;01a02706-e016-7142-b262-e971654eb8e7
Brian McKnight;01a02706-e016-7142-b262-e972ca836a42
Brian Tyler;01a02706-e016-7142-b262-e973434b6ac9
Brieanna Grace;01a02706-e016-7142-b262-e97424795336
Bring Me The Horizon;01a02706-e016-7142-b262-e9752697227d
Britney Spears;01a02706-e016-7142-b262-e976380c8a27
Brittany Aldean;01a02706-e016-7142-b262-e97741def6d3
Brittney Slayes;01a02706-e016-7142-b262-e978c28315ae
Brody Grant;01a02706-e016-7142-b262-e979098e0d16
Broers;01a02706-e016-7142-b262-e97ab369e110
Broken Social Scene;01a02706-e016-7142-b262-e97bb44ba356
Broken Trails;01a02706-e016-7142-b262-e97c519d4bbd
Bronski Beat;01a02706-e016-7142-b262-e97ddfa103f6
Brooke Combe;01a02706-e016-7142-b262-e97ea44f71cf
Brooks;01a02706-e016-7142-b262-e97f232e7e24
Brother Joe;01a02706-e016-7142-b262-e9806d66f2e4
Bruce Fowler;01a02706-e016-7142-b262-e981f7bac830
Bruce Springsteen;01a02706-e016-7142-b262-e982f0d7fbaa
Bruno Mars;01a02706-e016-7142-b262-e98322da66b8
Bryan Adams;01a02706-e016-7142-b262-e984e698bf3d
Bu Cai;01a02706-e016-7142-b262-e985cdff0a9e
Bud Ross and The Asylum;01a02706-e016-7142-b262-e9860cf0edcd
Budjerah;01a02706-e016-7142-b262-e987f468be77
Buena Vista (CV: Fuka Izumi);01a02706-e016-7142-b262-e9888a11a490
Buffalo Springfield;01a02706-e016-7142-b262-e989bdcacd2c
Buffalo Traffic Jam;01a02706-e016-7142-b262-e98a3c5aa69a
Buju Banton;01a02706-e016-7142-b262-e98bdd6907b0
Burna Boy;01a02706-e016-7142-b262-e98c4edc0444
Bushido;01a02706-e016-7142-b262-e98dca3e3e7e
Busta Rhymes;01a02706-e016-7142-b262-e98e80fc9d42
By the Beat;01a02706-e016-7142-b262-e98ff954a8dd
By Индия;01a02706-e016-7142-b262-e990d7a186bd
Bülent Ceylan;01a02706-e016-7142-b262-e9916a6b6902
B小町 ルビー(CV:伊駒ゆりえ)、有馬かな(CV:潘めぐみ)、MEMちょ(CV:大久保瑠美);01a02706-e016-7142-b262-e992ad481995
C-Block;01a02706-e016-7142-b262-e99371b3cd3d
C.FIRST;01a02706-e016-7142-b262-e9942e6061d7
CAMUS(CV.Tomoaki Maeno);01a02706-e016-7142-b262-e9952e7ea995
CANDY TUNE;01a02706-e016-7142-b262-e99686dcfb02
CHA Eun-woo;01a02706-e016-7142-b262-e997d2d4a2ac
CHARLOTTE AUSTIN;01a02706-e016-7142-b262-e998acd60fcb
CHESS 2025 Broadway Company;01a02706-e016-7142-b262-e999f050d66e
CHOIR VERSION;01a02706-e018-731a-9624-c97f59012469
CHONDE STUDIOS;01a02706-e018-731a-9624-c9801b39f2d2
CKay;01a02706-e018-731a-9624-c981b4791afc
CNBLUE;01a02706-e018-731a-9624-c9822670b4ab
CORAY;01a02706-e018-731a-9624-c983b3c887c9
CORTIS;01a02706-e018-731a-9624-c9849beccf5c
COSMÓ;01a02706-e018-731a-9624-c985ebeea405
COUNTRY;01a02706-e018-731a-9624-c9860393364b
CTID;01a02706-e018-731a-9624-c9879317afbe
CUTIE STREET;01a02706-e018-731a-9624-c988f06f4e85
CZARFACE;01a02706-e018-731a-9624-c9892fade01a
Café del mundo;01a02706-e018-731a-9624-c98a715f1bbd
Cailin Russo;01a02706-e018-731a-9624-c98ba3509a3e
Cain Walker;01a02706-e018-731a-9624-c98c1bc21174
Calem OG;01a02706-e018-731a-9624-c98da2acb6f0
Calen Ward;01a02706-e018-731a-9624-c98e2a8929ba
Calstone Light O (CV: Yumiko Mochizuki);01a02706-e018-731a-9624-c98f89557e7f
Calum Scott;01a02706-e018-731a-9624-c9902bb6adff
Calvin Harris;01a02706-e018-731a-9624-c991e5f36859
Calvin Kleinen;01a02706-e018-731a-9624-c992517e6fd4
Cameron Whitcomb;01a02706-e018-731a-9624-c993c8c723ee
Camille Lellouche;01a02706-e018-731a-9624-c994c63676ed
Camille Marceau;01a02706-e018-731a-9624-c99503e6a533
Cammy Barnes;01a02706-e018-731a-9624-c99694c325ad
Candi Staton;01a02706-e018-731a-9624-c9977416e200
Candice;01a02706-e018-731a-9624-c9983550fb14
Candle;01a02706-e018-731a-9624-c999735c1dca
Cannons;01a02706-e018-731a-9624-c99a83bbb9d9
Capital Bra;01a02706-e018-731a-9624-c99b673fa278
Cardi B;01a02706-e018-731a-9624-c99c509852eb
Carla;01a02706-e018-731a-9624-c99d4d93403c
Carlos Rivera;01a02706-e018-731a-9624-c99e268fef60
Carly Pearce;01a02706-e018-731a-9624-c99f35b2d301
Carly Rae Jepsen;01a02706-e018-731a-9624-c9a00a94e61a
Carly Simon;01a02706-e018-731a-9624-c9a115c06395
Carmelo Travia;01a02706-e018-731a-9624-c9a2c56b09e5
Caro Fux;01a02706-e018-731a-9624-c9a39711100f
Carte Blanq;01a02706-e018-731a-9624-c9a429ea6d7d
Carter Faith;01a02706-e018-731a-9624-c9a524b36e32
Carín León;01a02706-e018-731a-9624-c9a6882888a4
Cascada;01a02706-e018-731a-9624-c9a7491f2607
Casey Lowery;01a02706-e018-731a-9624-c9a8ebd09772
Cat Stevens;01a02706-e018-731a-9624-c9a995198422
CeCe Winans;01a02706-e018-731a-9624-c9aac58ec222
Celal Karatüre;01a02706-e018-731a-9624-c9ab75a52142
Cellar Kid;01a02706-e018-731a-9624-c9acbe22843f
Cepeda;01a02706-e018-731a-9624-c9ad11086e2a
Cha Eun-Woo;01a02706-e018-731a-9624-c9aeb384f3c4
Chaka Khan;01a02706-e018-731a-9624-c9af267a1ddc
Chandler Moore;01a02706-e018-731a-9624-c9b04758ae3d
Chani Nattan;01a02706-e018-731a-9624-c9b117705df4
Chanmina;01a02706-e018-731a-9624-c9b287e54563
Chanyeol;01a02706-e018-731a-9624-c9b39c115e87
Chappell Roan;01a02706-e019-713b-ba13-2362e60301ad
Chapter 7;01a02706-e019-713b-ba13-23637b31fcb1
Charanjit Ahuja;01a02706-e019-713b-ba13-23644b9349ed
Charles Aznavour;01a02706-e019-713b-ba13-236574073a1e
Charles Doré;01a02706-e019-713b-ba13-2366948f1d6a
Charli xcx;01a02706-e019-713b-ba13-2367958b9005
Charlie Puth;01a02706-e019-713b-ba13-236851be44ba
Charlie Reece;01a02706-e019-713b-ba13-2369b1eb6fe4
Charlotte Cardin;01a02706-e019-713b-ba13-236aaefac3c8
Chase;01a02706-e019-713b-ba13-236b23ce00ba
Chase Matthew;01a02706-e019-713b-ba13-236c68123e97
Chayanne;01a02706-e019-713b-ba13-236d6aa40f69
Chelsea Wolfe;01a02706-e019-713b-ba13-236e0c922de9
Chencho Corleone;01a02706-e019-713b-ba13-236f41d0be24
Chevon;01a02706-e019-713b-ba13-23704562c4a0
Chez Kane;01a02706-e019-713b-ba13-2371b742d5fe
Chiara Oliver;01a02706-e019-713b-ba13-237201c882dc
Chicago;01a02706-e019-713b-ba13-23736aeb41d8
Chicane;01a02706-e019-713b-ba13-237489cced3b
Chill77;01a02706-e019-713b-ba13-2375fa292454
China Kuramoto;01a02706-e019-713b-ba13-23769b92f4fa
China Styles;01a02706-e019-713b-ba13-237730c733f7
Chintu;01a02706-e019-713b-ba13-237861e82dc5
Chitose Senri(CV:Jun Osuka);01a02706-e019-713b-ba13-23793e72397c
Chris Brown;01a02706-e019-713b-ba13-237a31883034
Chris Isaak;01a02706-e019-713b-ba13-237b2141d1f5
Chris Lake;01a02706-e019-713b-ba13-237c61776aeb
Chris Norman;01a02706-e019-713b-ba13-237dccd4b494
Chris Stapleton;01a02706-e019-713b-ba13-237ece3ad7db
Chris Webby;01a02706-e019-713b-ba13-237f21ecfadb
Chris mercy;01a02706-e019-713b-ba13-23801d2db96c
Chrissy Meechan;01a02706-e019-713b-ba13-2381f694ff2e
Chrissyjeey;01a02706-e019-713b-ba13-2382570e3799
Christian Steiffen;01a02706-e019-713b-ba13-2383e7b5520e
Christina Milian;01a02706-e019-713b-ba13-2384489da7f9
Christina Perri;01a02706-e019-713b-ba13-2385be2cea27
Christophe Maé;01a02706-e019-713b-ba13-2386034cbedb
Christopher Cross;01a02706-e019-713b-ba13-238704899ac2
ChroNoiR;01a02706-e019-713b-ba13-2388f7f650fc
Cigarettes @ Sunset;01a02706-e019-713b-ba13-2389d27241d8
Cinder Well;01a02706-e019-713b-ba13-238a40e78bd7
Clannad;01a02706-e019-713b-ba13-238b1daf323a
Clara.H.;01a02706-e019-713b-ba13-238ceaa3126b
Claudia Jung;01a02706-e019-713b-ba13-238dc81a9d5d
Clementine Douglas;01a02706-e019-713b-ba13-238e95dead30
Cloonee;01a02706-e019-713b-ba13-238f069e3204
Clueso;01a02706-e019-713b-ba13-2390eaeb800e
Cody Johnson;01a02706-e019-713b-ba13-2391ed3b9a86
Cody Parks and The Dirty South;01a02706-e019-713b-ba13-2392e8f9a87e
Cody Simpson;01a02706-e019-713b-ba13-2393534dea1b
Cokito Deep;01a02706-e019-713b-ba13-2394c2c4a3ed
Coldplay;01a02706-e019-713b-ba13-2395de53f170
Cole Swindell;01a02706-e019-713b-ba13-239616200fd0
Conan Gray;01a02706-e019-713b-ba13-23974364a0aa
Concrete Blonde;01a02706-e019-713b-ba13-2398e9b2a4d9
Connor Skinner;01a02706-e019-713b-ba13-23994353762c
Conrad Taylor;01a02706-e019-713b-ba13-239adefdde46
Converge;01a02706-e019-713b-ba13-239bd93b4070
Coolio;01a02706-e019-713b-ba13-239c2b36d86f
Cooper Alan;01a02706-e019-713b-ba13-239d9d429bab
Corey Kent;01a02706-e019-713b-ba13-239ee437de46
Corinne Bailey Rae;01a02706-e019-713b-ba13-239fbfdf5cd0
Coro de la Comunitat Valenciana;01a02706-e019-713b-ba13-23a0db49a660
Corrosion of Conformity;01a02706-e019-713b-ba13-23a1ac632ac8
CortexUS;01a02706-e019-713b-ba13-23a20b53dc7c
Cory Asbury;01a02706-e019-713b-ba13-23a3896f264c
Cory Larson;01a02706-e019-713b-ba13-23a4e7d4821a
County Line Glow;01a02706-e019-713b-ba13-23a509332f46
Courtney Barnett;01a02706-e019-713b-ba13-23a60481089d
CoverSideMusic;01a02706-e019-713b-ba13-23a78aa966b6
Cowboys and Indie;01a02706-e019-713b-ba13-23a84e86d61f
Crash Adams;01a02706-e019-713b-ba13-23a94ff869e5
Crazy Raccoon;01a02706-e019-713b-ba13-23aa776969d2
Creedence Clearwater Revival;01a02706-e019-713b-ba13-23abe970c601
Creepy Nuts;01a02706-e019-713b-ba13-23ace5aa476a
Cristina Lora;01a02706-e019-713b-ba13-23ad9d1d9509
Crofts;01a02706-e019-713b-ba13-23ae11e0f9c9
Crowded House;01a02706-e019-713b-ba13-23afb1c15b36
Crowder;01a02706-e019-713b-ba13-23b06aabe885
Crush;01a02706-e019-713b-ba13-23b1cf0d9ae6
CubaAusLibre;01a02706-e019-713b-ba13-23b23cf1583d
Culture Club;01a02706-e019-713b-ba13-23b3e6093aee
Cyndi Lauper;01a02706-e019-713b-ba13-23b423b2405e
Cyril;01a02706-e019-713b-ba13-23b5de33e089
Céline Dion;01a02706-e019-713b-ba13-23b6cc5123df
D.O.D;01a02706-e019-713b-ba13-23b7b9a049b4
D12;01a02706-e019-713b-ba13-23b8f1cc3d8c
DANNA;01a02706-e019-713b-ba13-23b9f4de19a1
DAZBEE;01a02706-e019-713b-ba13-23baeec29ebd
DDRMondbasis;01a02706-e019-713b-ba13-23bb5494e523
DELIA;01a02706-e019-713b-ba13-23bcd63658e3
DHENYS R J;01a02706-e019-713b-ba13-23bdc63a5485
DJ BoBo;01a02706-e019-713b-ba13-23be0253eaeb
DJ BoerBeats;01a02706-e019-713b-ba13-23bf6b4c5df3
DJ Brit Bangers;01a02706-e019-713b-ba13-23c096ae75dd
DJ Chris Bernard;01a02706-e019-713b-ba13-23c11312ae3c
DJ EVERIC;01a02706-e019-713b-ba13-23c233484fea
DJ Fabi Fiesta;01a02706-e019-713b-ba13-23c34aaada03
DJ Goja;01a02706-e019-713b-ba13-23c45dfcec0a
DJ Honda;01a02706-e019-713b-ba13-23c5f10388c8
DJ Koko;01a02706-e019-713b-ba13-23c6f375f16e
DJ Konik;01a02706-e019-713b-ba13-23c7023f9d2e
DJ Kryos;01a02706-e019-713b-ba13-23c830ca6804
DJ Ramazotti;01a02706-e019-713b-ba13-23c974eadbaf
DJ Rankin;01a02706-e019-713b-ba13-23ca2ef06b0c
DJ Shadow;01a02706-e019-713b-ba13-23cbbc543954
DJ Snake;01a02706-e019-713b-ba13-23cc31e6995c
DJ Ötzi;01a02706-e019-713b-ba13-23cd711ed78a
DJ-PTG;01a02706-e019-713b-ba13-23ce95c32e8d
DJ.ILHAM;01a02706-e019-713b-ba13-23cf19d39dea
DJTEXX;01a02706-e019-713b-ba13-23d0d276b44f
DMA'S;01a02706-e019-713b-ba13-23d15f0849ab
DOBBY;01a02706-e019-713b-ba13-23d215418112
DONGHAE;01a02706-e019-713b-ba13-23d3e2c481e9
DOWN;01a02706-e019-713b-ba13-23d48c7f75d0
DPAK;01a02706-e019-713b-ba13-23d5a27d3f69
DPR IAN;01a02706-e019-713b-ba13-23d6fa800480
DRAW♡ME;01a02706-e019-713b-ba13-23d784265e8a
DTX Melodies;01a02706-e019-713b-ba13-23d85f639cac
Da Yin;01a02706-e019-713b-ba13-23d9a4e36aa9
Da-iCE;01a02706-e019-713b-ba13-23da5a61728f
Dabin;01a02706-e019-713b-ba13-23dbb777c59f
Daddy Yankee;01a02706-e019-713b-ba13-23dc2f735dbb
Daichi Miura;01a02706-e019-713b-ba13-23dd8cf1037c
Daiki Tsuneta;01a02706-e019-713b-ba13-23de7a286d59
Dalida;01a02706-e019-713b-ba13-23df2773be87
Dalton;01a02706-e019-713b-ba13-23e06e0bfbcd
Damiano David;01a02706-e019-713b-ba13-23e1072cf146
Damita Jo;01a02706-e019-713b-ba13-23e280104e8e
Damon Albarn;01a02706-e019-713b-ba13-23e3eb9f771b
Damon Price;01a02706-e019-713b-ba13-23e4edcc824d
Dan + Shay;01a02706-e019-713b-ba13-23e5b821c474
Dan Fogelberg;01a02706-e019-713b-ba13-23e68a33fb66
Dan Tyminski;01a02706-e019-713b-ba13-23e7d3e667bd
Dan Vasc;01a02706-e019-713b-ba13-23e85e80501b
Dane Bowers;01a02706-e019-713b-ba13-23e9ba703f24
Danger Dan;01a02706-e019-713b-ba13-23eab418f439
Daniel Balavoine;01a02706-e019-713b-ba13-23eb47029483
Daniel Caesar;01a02706-e019-713b-ba13-23ecd1005e51
Daniel Hanson;01a02706-e019-713b-ba13-23edc105b76c
Daniel Hope;01a02706-e019-713b-ba13-23eea32cd0e1
Daniel Lopes;01a02706-e019-713b-ba13-23ef51d6ef35
Daniel Pemberton;01a02706-e019-713b-ba13-23f01920f594
Daniel Sommer;01a02706-e019-713b-ba13-23f17883cf26
Danny Chung;01a02706-e019-713b-ba13-23f27bb23bea
Danny L Harle;01a02706-e019-713b-ba13-23f390a87f7d
Danny Vera;01a02706-e019-713b-ba13-23f48c586758
Danny de Munk;01a02706-e019-713b-ba13-23f5412e339e
Dantsu Flame (CV: Haruna Fukushima);01a02706-e019-713b-ba13-23f692a76752
Daoko;01a02706-e019-713b-ba13-23f75d9f908d
Daou Pittaya;01a02706-e019-713b-ba13-23f84ccc4ba5
Dara;01a02706-e019-713b-ba13-23f9ddf6ab48
Dara Sedaka;01a02706-e019-713b-ba13-23fa1ce1969a
Dardan;01a02706-e019-713b-ba13-23fb656c356b
Dario Coiro;01a02706-e019-713b-ba13-23fc576cb45e
Darius Rucker;01a02706-e019-713b-ba13-23fd00544416
Darrell Smith;01a02706-e019-713b-ba13-23fe2573ee1c
Darren Holden;01a02706-e019-713b-ba13-23ffad243719
Darude;01a02706-e019-713b-ba13-240097667f80
Daryl Braithwaite;01a02706-e019-713b-ba13-24019b218e45
Dave;01a02706-e019-713b-ba13-2402124f2db8
Dave Mason;01a02706-e019-713b-ba13-240354f44f27
David Allan Coe;01a02706-e019-713b-ba13-2404e9d45795
David Baddiel;01a02706-e019-713b-ba13-2405e43db41d
David Bisbal;01a02706-e019-713b-ba13-2406e049466e
David Bowie;01a02706-e019-713b-ba13-24075870f8ec
David Guetta;01a02706-e019-713b-ba13-24088eaa930f
David Kushner;01a02706-e019-713b-ba13-24096d488f61
David Lee Murphy;01a02706-e019-713b-ba13-240a90c24d50
David et Jonathan;01a02706-e019-713b-ba13-240b6abd342d
Davvi;01a02706-e019-713b-ba13-240ccf07224d
Dax;01a02706-e019-713b-ba13-240d4fa876a0
De Amsterdamse Zomer;01a02706-e019-713b-ba13-240eed1e4e5c
De La Soul;01a02706-e019-713b-ba13-240f64baf1e8
Deadlight County;01a02706-e019-713b-ba13-241066171a5f
Dean Fujioka;01a02706-e019-713b-ba13-24115a5cde1d
Dean Lewis;01a02706-e019-713b-ba13-2412a7e48bda
Dean Turnley;01a02706-e019-713b-ba13-2413c1a44576
Death Cab for Cutie;01a02706-e019-713b-ba13-24141840bc04
Deathpath;01a02706-e019-713b-ba13-2415810a2014
Decayed Souls;01a02706-e019-713b-ba13-24165176090a
December 10;01a02706-e019-713b-ba13-2417b3b17a5a
Deep Purple;01a02706-e019-713b-ba13-241885f6bfa2
Def Leppard;01a02706-e019-713b-ba13-2419dac2dd92
Deine Cousine;01a02706-e019-713b-ba13-241a92659f83
Deitrick Haddon;01a02706-e019-713b-ba13-241bbb47c1f8
Delana Hope;01a02706-e019-713b-ba13-241c4034b185
Delta Goodrem;01a02706-e019-713b-ba13-241d0bac9b20
Demi Lovato;01a02706-e019-713b-ba13-241e4a7f8be8
Depeche Mode;01a02706-e019-713b-ba13-241f9625b15a
Der Partycrasher;01a02706-e019-713b-ba13-242006cabd78
Derek Mercer Lyrics;01a02706-e019-713b-ba13-24212d6c9cc3
Dermot Kennedy;01a02706-e019-713b-ba13-24222bc5e486
Descendants – Cast;01a02706-e019-713b-ba13-24238e36bf33
Desireless;01a02706-e019-713b-ba13-2424453409dd
Dev1lHawk;01a02706-e019-713b-ba13-242546c565e0
DevilDriver;01a02706-e019-713b-ba13-242612ea46a7
Devin Townsend;01a02706-e019-713b-ba13-2427ae01683e
Dexter and The Moonrocks;01a02706-e019-713b-ba13-2428a24efe31
Diamond Zhang;01a02706-e019-713b-ba13-24293fcd9d99
Diana Ross;01a02706-e019-713b-ba13-242a251a3793
Diane Butler;01a02706-e019-713b-ba13-242b38c50de3
Dick Brave;01a02706-e019-713b-ba13-242c88adfd7f
Dicosis;01a02706-e019-713b-ba13-242d7138baac
Dido;01a02706-e019-713b-ba13-242e702e79c9
Die Abbrunzati Boys;01a02706-e019-713b-ba13-242f955a3ee7
Die Grubertaler;01a02706-e019-713b-ba13-24303583c9e7
Die Rodensteiner;01a02706-e019-713b-ba13-24316d636a24
Die Schlagerpiloten;01a02706-e019-713b-ba13-243265b1caac
Die Toten Hosen;01a02706-e019-713b-ba13-2433e458ad6b
Die WBL;01a02706-e019-713b-ba13-24340f46cd77
Die drei ???;01a02706-e019-713b-ba13-2435db5a366e
Digga;01a02706-e019-713b-ba13-2436609eba23
Diljit Dosanjh;01a02706-e019-713b-ba13-2437effdb1f3
Dimash Qudaibergen;01a02706-e019-713b-ba13-243819712137
Dimitri Vegas;01a02706-e019-713b-ba13-243938b26fb2
Dimmu Borgir;01a02706-e019-713b-ba13-243ae03dad4f
Dinh Tien Dat;01a02706-e019-713b-ba13-243b383166b3
Dire Straits;01a02706-e019-713b-ba13-243cbbba7709
Dirty Thirty;01a02706-e019-713b-ba13-243d858f0717
Disco Bambino;01a02706-e019-713b-ba13-243eff56c5bd
Disco Lines;01a02706-e019-713b-ba13-243f41501aba
Disney;01a02706-e019-713b-ba13-2440fb15a825
Disturbed;01a02706-e019-713b-ba13-2441eadfdc5f
Dj Aaron;01a02706-e019-713b-ba13-2442267cdca2
Dj Crocodile;01a02706-e019-713b-ba13-2443fa2110dd
Django Wagner;01a02706-e019-713b-ba13-24445fee8402
Djo;01a02706-e019-713b-ba13-2445bb07b22b
DoGoodDad;01a02706-e019-713b-ba13-24464a085d26
Doechii;01a02706-e019-713b-ba13-24479469b73a
Dogstar;01a02706-e019-713b-ba13-2448d357a3a4
Dolly Parton;01a02706-e019-713b-ba13-244903b73a76
Dom Dolla;01a02706-e019-713b-ba13-244ab0bd44d4
Dominic Fike;01a02706-e019-713b-ba13-244b056b8c1a
Don Broco;01a02706-e019-713b-ba13-244cd431768e
Don Henley;01a02706-e019-713b-ba13-244d996c48dc
Don McLean;01a02706-e019-713b-ba13-244e4284a82d
Don Miguelo;01a02706-e019-713b-ba13-244f0884298a
Don Toliver;01a02706-e019-713b-ba13-2450505593cc
Donna Summer;01a02706-e019-713b-ba13-2451581c2473
Donnie;01a02706-e019-713b-ba13-245295cb640a
Doro;01a02706-e019-713b-ba13-24537175b1ce
Dove Cameron;01a02706-e019-713b-ba13-24541b43bb13
Dr. Dre;01a02706-e019-713b-ba13-2455a5381123
DrINsaNE;01a02706-e019-713b-ba13-24565bfd4073
Drake;01a02706-e019-713b-ba13-245700011bc6
Draugr Balled;01a02706-e019-713b-ba13-24584ab69267
Draugr Beatz;01a02706-e019-713b-ba13-2459f14b65f4
Dream Diary;01a02706-e019-713b-ba13-245ae6224f6e
Drew Jacobs;01a02706-e019-713b-ba13-245b821576a7
Dropkick Murphys;01a02706-e019-713b-ba13-245cc8f0d176
Druckluft;01a02706-e019-713b-ba13-245d8c7ac4ce
Dua Lipa;01a02706-e019-713b-ba13-245e97dfa17a
Dulce María;01a02706-e019-713b-ba13-245f015c4492
Dunn;01a02706-e019-713b-ba13-24603d3d3918
Duran Duran;01a02706-e019-713b-ba13-2461d74cd6c8
Durandal (CV: Kana Nogi);01a02706-e019-713b-ba13-2462f5535ff6
Durchgeknallt;01a02706-e019-713b-ba13-246388b90cb6
Dust;01a02706-e019-713b-ba13-2464a64db73c
Dusty Rivers;01a02706-e019-713b-ba13-2465457f79ae
DxS;01a02706-e019-713b-ba13-246695b3a670
Dylan Wright;01a02706-e019-713b-ba13-2467d2d02bce
Dytica;01a02706-e019-713b-ba13-2468a85a60f3
E-40;01a02706-e019-713b-ba13-2469cf35bb20
EBiDAN (恵比寿学園男子部);01a02706-e019-713b-ba13-246a59f0be98
EBiDAN Ebisu Gakuen Boys Club;01a02706-e019-713b-ba13-246beda1149e
ECHOVIBE;01a02706-e019-713b-ba13-246c3ad1aaf1
EIICHI OTORI(CV.Hikaru Midorikawa);01a02706-e019-713b-ba13-246d900f5c56
EIJI OTORI(CV.Yuma Uchida);01a02706-e019-713b-ba13-246e40cae4e8
EJAE;01a02706-e019-713b-ba13-246f1f722d3e
EL CAPITXN;01a02706-e019-713b-ba13-2470f1832fa9
EL NAOYA;01a02706-e019-713b-ba13-247137699413
EMILIA(CV:RIE TAKAHASHI);01a02706-e019-713b-ba13-247217bc60f5
ENHYPEN;01a02706-e019-713b-ba13-2473f6ae6de1
ENKAY;01a02706-e019-713b-ba13-24740e442105
ENSEMBLE STARS!!;01a02706-e019-713b-ba13-24759086a563
ERRA;01a02706-e019-713b-ba13-2476e115cfc2
EVAN;01a02706-e019-713b-ba13-247757b752e8
EVE;01a02706-e019-713b-ba13-2478126e636f
EXILE;01a02706-e019-713b-ba13-2479b1a35b1e
EXO;01a02706-e019-713b-ba13-247aaa61a1ea
EXXCLUSlVE;01a02706-e019-713b-ba13-247bd466ef6f
Eagles;01a02706-e019-713b-ba13-247c898837ea
Earth;01a02706-e019-713b-ba13-247d3759443a
East Duo;01a02706-e019-713b-ba13-247e91a2c8ac
Ebony;01a02706-e019-713b-ba13-247f241d8231
Echo;01a02706-e019-713b-ba13-24803503796e
Eclipse;01a02706-e019-713b-ba13-2481da8c9704
Ecos Música;01a02706-e019-713b-ba13-2482ebff6111
Ed Sheeran;01a02706-e019-713b-ba13-24834054a59a
Eddie Dalton;01a02706-e019-713b-ba13-2484ad8cf6ed
Eddie Rabbitt;01a02706-e019-713b-ba13-248594636b9b
Eddin;01a02706-e019-713b-ba13-2486f0fcd59d
Eden Muñoz;01a02706-e019-713b-ba13-24875d719e3c
Editors;01a02706-e019-713b-ba13-2488cebe72fe
Effe Serieus;01a02706-e019-713b-ba13-2489e54a031a
Eikichi Yazawa;01a02706-e019-713b-ba13-248a1df1b8dd
Eir Aoi;01a02706-e019-713b-ba13-248beded8ba0
Ekoh;01a02706-e019-713b-ba13-248cd41200c4
El De Las R's;01a02706-e019-713b-ba13-248da0c0b201
El Malilla;01a02706-e019-713b-ba13-248ea0219ffa
Eladio Carrión;01a02706-e019-713b-ba13-248f699b19cf
Elbow;01a02706-e019-713b-ba13-2490ea770ef2
Electric Callboy;01a02706-e019-713b-ba13-24918323c3b5
Elephant Kashimashi;01a02706-e019-713b-ba13-24926fb19f0d
Elettra Lamborghini;01a02706-e019-713b-ba13-2493b3f01588
Elevation Worship;01a02706-e019-713b-ba13-249419aadc39
Elisa;01a02706-e019-713b-ba13-2495af62a65d
Elizabeth Finch;01a02706-e019-713b-ba13-2496b9097e43
Ella Bright;01a02706-e019-713b-ba13-2497bbe7a982
Ella Langley;01a02706-e019-713b-ba13-2498bc558cab
Elle Limebear;01a02706-e019-713b-ba13-24992c9ef6bb
Ellie Goulding;01a02706-e019-713b-ba13-249a6a0c0479
Elmiene;01a02706-e019-713b-ba13-249b7f8c5cae
Elton John;01a02706-e019-713b-ba13-249c57d63ee2
Elvis Crespo;01a02706-e019-713b-ba13-249dd6c0db1e
Elvis Presley;01a02706-e019-713b-ba13-249e4f6b6d2a
Ely Oaks;01a02706-e019-713b-ba13-249f4cb48ae6
Embrace;01a02706-e019-713b-ba13-24a0739b0d9a
Emi Evans;01a02706-e019-713b-ba13-24a13bbde120
Emi Thasorn;01a02706-e019-713b-ba13-24a2594ec5fb
Emil;01a02706-e019-713b-ba13-24a39ee0e3a2
Emily Ann Roberts;01a02706-e019-713b-ba13-24a4d4c17594
Eminem;01a02706-e019-713b-ba13-24a552c307ad
Emis Killa;01a02706-e019-713b-ba13-24a6110752d4
Emma;01a02706-e019-713b-ba13-24a735a593fb
Emma Delune;01a02706-e019-713b-ba13-24a89f4bacd9
Emma Heesters;01a02706-e019-713b-ba13-24a928d92430
Emma Pittman;01a02706-e019-713b-ba13-24aa36bd2924
Emmylou Harris;01a02706-e019-713b-ba13-24ab93c47b64
Engelbert Humperdinck;01a02706-e019-713b-ba13-24ac883ff5de
Enigma;01a02706-e019-713b-ba13-24ad162396f4
Enrico Nigiotti;01a02706-e019-713b-ba13-24aeb7edcb2e
Enya;01a02706-e019-713b-ba13-24af08470fb9
Epiphaneia (CV: Hikari Senga);01a02706-e019-713b-ba13-24b0cad9da69
Erasure;01a02706-e019-713b-ba13-24b126affce2
Eric Church;01a02706-e019-713b-ba13-24b2af5afa09
Eric Gales;01a02706-e019-713b-ba13-24b339dd1cb0
Eric Philippi;01a02706-e019-713b-ba13-24b42db7ffc7
Ermal Meta;01a02706-e019-713b-ba13-24b5ec968f02
Eros Ramazzotti;01a02706-e019-713b-ba13-24b65e78cba9
Esme Rose;01a02706-e019-713b-ba13-24b71c8b4576
Espoir City (CV: Asaka);01a02706-e019-713b-ba13-24b81a576f74
Esteriore Brothers;01a02706-e019-713b-ba13-24b90d7bc120
Eurogliders;01a02706-e019-713b-ba13-24baa347756f
Europe;01a02706-e019-713b-ba13-24bb2204437a
Eurythmics;01a02706-e019-713b-ba13-24bcf7b54730
Eva Cassidy;01a02706-e019-713b-ba13-24bdae8bee42
Eva Luginger;01a02706-e019-713b-ba13-24be493ee5a5
Evanescence;01a02706-e019-713b-ba13-24bf2132b85b
Everlast;01a02706-e019-713b-ba13-24c01e22338a
Exodus;01a02706-e019-713b-ba13-24c1e04cbd2b
Extreme Hybrid Wrestling;01a02706-e019-713b-ba13-24c225474713
Eypio;01a02706-e019-713b-ba13-24c35b21cda1
Ezra Collective;01a02706-e019-713b-ba13-24c4d0e8f12b
FANTASTICS from EXILE TRIBE;01a02706-e019-713b-ba13-24c55411a361
FAYAN;01a02706-e019-713b-ba13-24c64d502369
FELICIA;01a02706-e019-713b-ba13-24c7e8743f1a
FIELD OF VIEW;01a02706-e019-713b-ba13-24c82515a461
FIFA Sound;01a02706-e019-713b-ba13-24c951ae6c05
FISHER;01a02706-e019-713b-ba13-24cad73fda2a
FLEMMING;01a02706-e019-713b-ba13-24cbda73b167
FLO;01a02706-e019-713b-ba13-24cc46edcbd5
FOURTH;01a02706-e019-713b-ba13-24cd7e03c187
FRIDA GOLD;01a02706-e019-713b-ba13-24ce99383a89
FRUITS ZIPPER;01a02706-e019-713b-ba13-24cf7a31994c
FUMINO;01a02706-e019-713b-ba13-24d0fd609af8
FUNKY MONKEY BΛBY'S × いきものがかり;01a02706-e019-713b-ba13-24d1b2d9e0ff
Fabri Fibra;01a02706-e019-713b-ba13-24d22e265924
Failure;01a02706-e019-713b-ba13-24d349b66955
Faith Grey;01a02706-e019-713b-ba13-24d4b6b39dc0
Faithless;01a02706-e019-713b-ba13-24d5a7b0abbf
Fangoria;01a02706-e019-713b-ba13-24d6b23f6905
Fantasy;01a02706-e019-713b-ba13-24d700bd70dc
Faouzia;01a02706-e019-713b-ba13-24d8221b7212
Farin Urlaub;01a02706-e019-713b-ba13-24d91a8f8e56
Farmaan SMG;01a02706-e019-713b-ba13-24da2800c8cc
Farreras;01a02706-e019-713b-ba13-24db1fa6a3d8
Farruko;01a02706-e019-713b-ba13-24dcb75af9ac
Fat Les;01a02706-e019-713b-ba13-24dd6dc1bb89
Faust;01a02706-e019-713b-ba13-24de3868450e
Favas Fazin;01a02706-e019-713b-ba13-24dfe7672a3a
Faye Wong;01a02706-e019-713b-ba13-24e03a3ec397
Fedez;01a02706-e019-713b-ba13-24e1c1e7c6f3
Feid;01a02706-e019-713b-ba13-24e24a2cfc50
Feist;01a02706-e019-713b-ba13-24e317d36a67
Felix Harrer;01a02706-e019-713b-ba13-24e41511ba84
Felix Jaehn;01a02706-e019-713b-ba13-24e51bd4387e
Fetty Wap;01a02706-e019-713b-ba13-24e681eb63a0
Feu! Chatterton;01a02706-e019-713b-ba13-24e7746fec24
Filipe Ret;01a02706-e019-713b-ba13-24e8fa79e9b8
Film Rachanun;01a02706-e019-713b-ba13-24e9539fbc32
Filmore;01a02706-e019-713b-ba13-24ea3eeaf7a8
Fine Motion (CV: Chinami Hashimoto);01a02706-e019-713b-ba13-24ebea5dd229
Fire;01a02706-e019-713b-ba13-24ec3eee7ba2
Fireball Woman on Fire;01a02706-e019-713b-ba13-24ed891462b0
Fireboy DML;01a02706-e019-713b-ba13-24eede8bdbca
FirstOne;01a02706-e019-713b-ba13-24ef8851c55f
Five;01a02706-e019-713b-ba13-24f0c1ff1c0c
Five Finger Death Punch;01a02706-e019-713b-ba13-24f1c429b1d0
Flea;01a02706-e019-713b-ba13-24f262a84fb6
Fleet Snowfluff;01a02706-e019-713b-ba13-24f39f96f8b4
Fleetwood Mac;01a02706-e019-713b-ba13-24f413027570
Flemming;01a02706-e019-713b-ba13-24f57f42730c
Flipperachi;01a02706-e019-713b-ba13-24f6137671ec
Florent Pagny;01a02706-e019-713b-ba13-24f788f0c0a3
Florian Künstler;01a02706-e019-713b-ba13-24f8f6cffccc
Florian Silbereisen;01a02706-e019-713b-ba13-24f98d1bced8
Flow Kingz;01a02706-e019-713b-ba13-24fa48149c9c
Flugpoet1;01a02706-e019-713b-ba13-24fb4891751f
Focicatto;01a02706-e019-713b-ba13-24fcd8d392b7
Foggyatthebottom;01a02706-e019-713b-ba13-24fd774d8e3c
Fontaines D.C.;01a02706-e019-713b-ba13-24fed0eb8f29
Foo Fighters;01a02706-e019-713b-ba13-24ff28ca0183
Foreigner;01a02706-e019-713b-ba13-25008d3fba06
Forest Blakk;01a02706-e019-713b-ba13-2501a9332092
Forever Young (CV: Shuri Miyumi);01a02706-e019-713b-ba13-2502d9c015b0
Forrest Frank;01a02706-e019-713b-ba13-25039dd099ae
Francesco Caggiano;01a02706-e019-713b-ba13-25040683d5df
Francesco Guccini;01a02706-e019-713b-ba13-2505b1c4902c
Francis Cabrel;01a02706-e019-713b-ba13-2506aea0c971
Frank Sinatra;01a02706-e019-713b-ba13-2507f76ed9c9
Frank Skinner;01a02706-e019-713b-ba13-2508a6723662
Frankie Lily;01a02706-e019-713b-ba13-250952b53694
Frankie Pulitzer;01a02706-e019-713b-ba13-250a4258d072
Frans Bauer;01a02706-e019-713b-ba13-250b9f89c5b5
Frans Duijts;01a02706-e019-713b-ba13-250c82f06218
Fred De Palma;01a02706-e019-713b-ba13-250deb8682cd
Fred Durst;01a02706-e019-713b-ba13-250e1ce633f6
Fred again..;01a02706-e019-713b-ba13-250f010e92fd
Free Nationals;01a02706-e019-713b-ba13-251058349988
Freek;01a02706-e019-713b-ba13-25112c6f45e8
French Montana;01a02706-e019-713b-ba13-25122f8d4bde
Frenzy;01a02706-e019-713b-ba13-2513dbf4b0b6
Freya Ridings;01a02706-e019-713b-ba13-2514cb29fc7b
Frida Gold;01a02706-e019-713b-ba13-25157d5db9c3
Fritz Kalkbrenner;01a02706-e019-713b-ba13-251646173127
From Ashes to New;01a02706-e019-713b-ba13-25173cc4192d
Fujifabric;01a02706-e019-713b-ba13-25183c2494cb
Fujii Kaze;01a02706-e019-713b-ba13-2519d7e5ff04
Fulminacci;01a02706-e019-713b-ba13-251afccd3663
Fumage;01a02706-e019-713b-ba13-251bb336ad10
Fura Kanato;01a02706-e019-713b-ba13-251c7ce00827
Fury In the Slaughterhouse;01a02706-e019-713b-ba13-251d2c8a6b58
Fäaschtbänkler;01a02706-e019-713b-ba13-251e6fe49a9f
G Flip;01a02706-e019-713b-ba13-251fb40d2f71
G PLANTS;01a02706-e019-713b-ba13-2520bdc2d81d
GEMINI;01a02706-e019-713b-ba13-2521797e3b41
GENER8ION;01a02706-e019-713b-ba13-2522a19ef766
GENERATIONS from EXILE TRIBE;01a02706-e019-713b-ba13-252303630476
GIMS;01a02706-e019-713b-ba13-25249f6807a0
GIRLSET;01a02706-e019-713b-ba13-25256aa8f5cc
GIUSEPPE ROCCASALVO;01a02706-e019-713b-ba13-252628c9ec52
GNJB;01a02706-e019-713b-ba13-252785817806
GOVARDO;01a02706-e019-713b-ba13-2528417d7b18
GReeeeN;01a02706-e019-713b-ba13-2529f2412821
Gabby Barrett;01a02706-e019-713b-ba13-252aaf44407b
Gabry Ponte;01a02706-e019-713b-ba13-252bad9b180a
Gala;01a02706-e019-713b-ba13-252c76f91646
Gangsta;01a02706-e019-713b-ba13-252d42140233
Garou;01a02706-e019-713b-ba13-252eea71d5ee
Gavin Adcock;01a02706-e019-713b-ba13-252fe7be623e
Gavin Greenaway;01a02706-e019-713b-ba13-2530abffb619
Gawin Caskey;01a02706-e019-713b-ba13-2531fa35c82c
Gayle;01a02706-e019-713b-ba13-2532d86f0978
Gebroeders Ko;01a02706-e019-713b-ba13-25330ea671d1
Geek Music;01a02706-e019-713b-ba13-253467151473
Gen Hoshino;01a02706-e019-713b-ba13-2535e5efe4f9
Gene Pitney;01a02706-e019-713b-ba13-253675cb1419
Generation X;01a02706-e019-713b-ba13-2537ad4f1e4a
Gentildonna (CV: Yu Serizawa);01a02706-e019-713b-ba13-253856e5eeed
Gentleman;01a02706-e019-713b-ba13-25397903d150
Geolier;01a02706-e019-713b-ba13-253a6d15c6c3
George;01a02706-e019-713b-ba13-253b018e2d8f
George Michael;01a02706-e019-713b-ba13-253c8d801edc
Ghost;01a02706-e019-713b-ba13-253d0fe30334
Gianna Nannini;01a02706-e019-713b-ba13-253e21fbce62
Gianni Morandi;01a02706-e019-713b-ba13-253f8235dce9
Giddymethat;01a02706-e019-713b-ba13-2540c281d601
Gilbert O'Sullivan;01a02706-e019-713b-ba13-2541848de82e
Gino Paoli;01a02706-e019-713b-ba13-2542cb505466
Giorgia;01a02706-e019-713b-ba13-2543a826a58f
Giovanni Zarrella;01a02706-e019-713b-ba13-2544cadabc8c
Girl In The Year Above;01a02706-e019-713b-ba13-2545a4c30913
Girl Named Tom;01a02706-e019-713b-ba13-2546b14b3a15
Giuliano Taviani;01a02706-e019-713b-ba13-2547857fb7b1
Glass Animals;01a02706-e019-713b-ba13-2548ff3bbbce
Glen Hansard;01a02706-e019-713b-ba13-2549e96a15d1
Glockenbach;01a02706-e019-713b-ba13-254a69293ed1
Gloryhammer;01a02706-e019-713b-ba13-254bf0dd2413
Go Shiina;01a02706-e019-713b-ba13-254cb7b858be
Goke Kanemitsu;01a02706-e019-713b-ba13-254da16c635c
Gold Ship (CV: Ueda Hitomi);01a02706-e019-713b-ba13-254eafcb9814
Golden Earring;01a02706-e019-713b-ba13-254fedc2f47f
Goldjungs;01a02706-e019-713b-ba13-25504cab3762
Good Vibes Tribe 11:11;01a02706-e019-713b-ba13-2551b3357335
Gooseworx;01a02706-e019-713b-ba13-255251b3b356
Gordo;01a02706-e019-713b-ba13-2553bb39e1cb
Gordon Lightfoot;01a02706-e019-713b-ba13-2554f40f445f
Gorillaz;01a02706-e019-713b-ba13-25556e4b9628
Gospelize;01a02706-e019-713b-ba13-2556cafec4aa
Gotye;01a02706-e019-713b-ba13-2557fcb92ecf
Grace;01a02706-e019-713b-ba13-25584270011b
Gracie Abrams;01a02706-e019-713b-ba13-25590802f6c5
Grateful Dead;01a02706-e019-713b-ba13-255a59ca61b8
Gravel;01a02706-e019-713b-ba13-255bdcf96718
Greatest TV Theme Songs;01a02706-e019-713b-ba13-255c554ee536
Greeicy;01a02706-e019-713b-ba13-255d823e93cf
Green Day;01a02706-e019-713b-ba13-255e6bfd8569
Greentea Peng;01a02706-e019-713b-ba13-255f1f6c8e57
Greg Gonzalez;01a02706-e019-713b-ba13-2560f0d88933
Greta Van Fleet;01a02706-e019-713b-ba13-2561a1589fa3
Grian Chatten;01a02706-e019-713b-ba13-2562aa809032
GroßstadtEngel;01a02706-e019-713b-ba13-25631d75f9c6
Gryffin;01a02706-e019-713b-ba13-2564c4b1d5b9
Grégoire;01a02706-e019-713b-ba13-2565ab25675c
Guesch Patti;01a02706-e019-713b-ba13-25660e7cee5f
Gunna;01a02706-e019-713b-ba13-2567170a4edb
Guns N' Roses;01a02706-e019-713b-ba13-2568f832b0b8
Gustavo Dudamel;01a02706-e019-713b-ba13-2569c5eb944d
Guy Lombardo;01a02706-e019-713b-ba13-256a35e395ce
Gérard Lenorman;01a02706-e019-713b-ba13-256b27d65bff
H-Blockx;01a02706-e019-713b-ba13-256c7b39e713
HAECHAN;01a02706-e019-713b-ba13-256d91720130
HAN;01a02706-e019-713b-ba13-256eb83b9356
HANA;01a02706-e019-713b-ba13-256f37d0955b
HARDY;01a02706-e019-713b-ba13-25707395d74d
HARLAN;01a02706-e019-713b-ba13-2571001c8c75
HAVEN.;01a02706-e019-713b-ba13-2572712f3a56
HBz;01a02706-e019-713b-ba13-2573dc88c352
HE★VENS;01a02706-e019-713b-ba13-25745a6050b4
HIPPY;01a02706-e019-713b-ba13-257543d58ebe
HIROMU (INI);01a02706-e019-713b-ba13-2576c39d91de
HOSHI;01a02706-e019-713b-ba13-25778da52761
HOYO-MiX;01a02706-e019-713b-ba13-257827e5807d
HUGEL;01a02706-e019-713b-ba13-2579cb1d3b1f
HUNTR/X;01a02706-e019-713b-ba13-257ae3e4c31c
HWASA;01a02706-e019-713b-ba13-257b431504b9
HYDE;01a02706-e019-713b-ba13-257c5ac6e316
HYPNOSISMIC -A.R.B- (Division All Stars);01a02706-e019-713b-ba13-257d0674f60a
HYPNOSISMIC -D.R.B- (Bad Ass Temple);01a02706-e019-713b-ba13-257e1291050c
HYPNOSISMIC -D.R.B- (Buster Bros!!!);01a02706-e019-713b-ba13-257f28565abf
HYPNOSISMIC -D.R.B- (DOTSUITARE-HOMPO);01a02706-e019-713b-ba13-258080931f8f
HYPNOSISMIC -D.R.B- (Fling Posse);01a02706-e019-713b-ba13-2581d1653c20
HYPNOSISMIC -D.R.B- (MAD TRIGGER CREW);01a02706-e019-713b-ba13-258243e4396d
HYPNOSISMIC -D.R.B- (Matenro);01a02706-e019-713b-ba13-2583b5369e9e
Hachiware(CV:Tanaka Makoto);01a02706-e019-713b-ba13-25841d6ad882
Hadise;01a02706-e019-713b-ba13-2585b1fb0ef6
Hakui Koyori;01a02706-e019-713b-ba13-258649171fa2
Hakuna Group Music;01a02706-e019-713b-ba13-258728692b1a
Hallie Coggins;01a02706-e019-713b-ba13-258855747be3
Hannah Boleyn;01a02706-e019-713b-ba13-25890e661d47
Hannah Montana;01a02706-e019-713b-ba13-258ae5fa3ccb
Hannah Noelle;01a02706-e019-713b-ba13-258b26fa326a
Hans Zimmer;01a02706-e019-713b-ba13-258c39befff3
Hanumankind;01a02706-e019-713b-ba13-258dcb394a17
Hardwell;01a02706-e019-713b-ba13-258e9db5eb6a
Harmony;01a02706-e019-713b-ba13-258f0f7d7300
Harris & Ford;01a02706-e019-713b-ba13-25903f6701a9
Harris J;01a02706-e019-713b-ba13-259187ec5542
Harrison;01a02706-e019-713b-ba13-25929a3975be
Harry Nilsson;01a02706-e019-713b-ba13-25939da1832b
Harry Styles;01a02706-e019-713b-ba13-2594798cf79b
Haruka Aoki;01a02706-e019-713b-ba13-25953907ad80
Hata Motohiro;01a02706-e019-713b-ba13-25965607a9da
Hatsuboshi Gakuen;01a02706-e019-713b-ba13-2597bba54d22
Hatsune Miku;01a02706-e019-713b-ba13-259871eab0ac
Hayley Williams;01a02706-e019-713b-ba13-25997c95fc6b
Haywire 617;01a02706-e019-713b-ba13-259a07903903
Hearts2Hearts;01a02706-e019-713b-ba13-259b03cbdaa5
Hector Salamanca;01a02706-e019-713b-ba13-259ca5ed85b5
Hef;01a02706-e019-713b-ba13-259d0e286951
Heimweh;01a02706-e019-713b-ba13-259ed5067bc7
Heinz Rudolf Kunze;01a02706-e019-713b-ba13-259f6b03a7a3
Heisenberg;01a02706-e019-713b-ba13-25a004c71f26
Helabusador;01a02706-e019-713b-ba13-25a1b6c6e5f4
Helena;01a02706-e019-713b-ba13-25a26fb44bc8
Helene Fischer;01a02706-e019-713b-ba13-25a315b6e75e
Helmut Hussler;01a02706-e019-713b-ba13-25a489507b83
Herbert Grönemeyer;01a02706-e019-713b-ba13-25a5aa2406cd
Herbert Léonard;01a02706-e019-713b-ba13-25a61edda1fb
Hermanas Pobres;01a02706-e019-713b-ba13-25a725e0840a
Hermanos Gutiérrez;01a02706-e019-713b-ba13-25a8d9a89e6d
Hey! Say! JUMP;01a02706-e019-713b-ba13-25a90704afc7
Higanryu;01a02706-e019-713b-ba13-25aab12a899d
Hikaru GENJI;01a02706-e019-713b-ba13-25abb8eb8550
Hikaru Sora;01a02706-e019-713b-ba13-25ac80ddbcee
Hikaru Utada;01a02706-e019-713b-ba13-25ad6044cdf1
Hilary Duff;01a02706-e019-713b-ba13-25aeb8228658
Hinatazaka46;01a02706-e019-713b-ba13-25afff793c0f
Hinder;01a02706-e019-713b-ba13-25b0eef9112c
Hiro Shinosawa;01a02706-e019-713b-ba13-25b130788e71
Hiroji Miyamoto;01a02706-e019-713b-ba13-25b2ab02a211
Hiromitsu Kitayama;01a02706-e019-713b-ba13-25b375685b9d
Hiroyuki Sawano;01a02706-e019-713b-ba13-25b4793e33cf
Hitsujibungaku;01a02706-e019-713b-ba13-25b5f8cce3a5
Hiyori Tomoe(CV.Natsuki Hanae);01a02706-e019-713b-ba13-25b6cae46e16
Hodge;01a02706-e019-713b-ba13-25b7d2c6121c
Holly Humberstone;01a02706-e019-713b-ba13-25b8f472a21b
Holly Valance;01a02706-e019-713b-ba13-25b9a9f583ff
Hollywood Undead;01a02706-e019-713b-ba13-25ba6e820eea
Honey Dijon;01a02706-e019-713b-ba13-25bb876e46e5
Hoodoo Gurus;01a02706-e019-713b-ba13-25bc5081e060
Hoshimachi Suisei;01a02706-e019-713b-ba13-25bdf81835d5
Hoshimatic Project;01a02706-e019-713b-ba13-25bea35ab0e7
Hoshirube Sho;01a02706-e019-713b-ba13-25bf663c7e6e
House Of Pain;01a02706-e019-713b-ba13-25c082ce2293
Houshou Marine;01a02706-e019-713b-ba13-25c15e1c472c
Houshou marine;01a02706-e019-713b-ba13-25c29083a803
Howard Carpendale;01a02706-e019-713b-ba13-25c3fd308bae
Hozier;01a02706-e019-713b-ba13-25c4a6498b98
Huda Mustafa;01a02706-e019-713b-ba13-25c527747f6c
Humbert Humbert;01a02706-e019-713b-ba13-25c6bb8b775c
Hump Back;01a02706-e019-713b-ba13-25c722073332
Hundred Percent Free;01a02706-e019-713b-ba13-25c8c5c01d6f
Hypaton;01a02706-e019-713b-ba13-25c9bd4b24bb
Hyunjin;01a02706-e019-713b-ba13-25cad591cd98
Höhner;01a02706-e019-713b-ba13-25cb602dd202
I Virtuosi Italiani;01a02706-e019-713b-ba13-25cc2ab7291c
I'm With Her;01a02706-e019-713b-ba13-25cd8888cb3a
I'm a Cutie Finder;01a02706-e019-713b-ba13-25cec05114b4
I.O.I;01a02706-e019-713b-ba13-25cfbdcbfde4
ICE NINE KILLS;01a02706-e019-713b-ba13-25d0a5a86a89
IDOLiSH7;01a02706-e019-713b-ba13-25d1adf8a395
IGNIS;01a02706-e019-713b-ba13-25d2756f740c
ILLENIUM;01a02706-e019-713b-ba13-25d3e8a65e7a
ILLIT;01a02706-e01a-7116-9941-6420cecfb416
IMLAY;01a02706-e01a-7116-9941-6421ac9d0ccc
IMP.;01a02706-e01a-7116-9941-64220ca1fe6b
INI;01a02706-e01a-7116-9941-6423992ee3dd
IRENE;01a02706-e01a-7116-9941-642478d14011
IVE;01a02706-e01a-7116-9941-642579ec7435
Iam Tongi;01a02706-e01a-7116-9941-64260e4c3478
Ian G;01a02706-e01a-7116-9941-642746258eed
Ian Munsick;01a02706-e01a-7116-9941-64284d8b5a15
Icehouse;01a02706-e01a-7116-9941-6429e8283454
Ichinose Tokiya;01a02706-e01a-7116-9941-642a15d39ecf
Ichiyo Izawa;01a02706-e01a-7116-9941-642b63e83fb0
Idgitaf;01a02706-e01a-7116-9941-642c3a7f73da
Ifan Seventeen;01a02706-e01a-7116-9941-642d45eaf0fb
Ikimonogakari;01a02706-e01a-7116-9941-642eb2564cb1
Ikro.;01a02706-e01a-7116-9941-642f43115fc3
Imael Angel;01a02706-e01a-7116-9941-64308c278718
Imagine Dragons;01a02706-e01a-7116-9941-64312afaa693
Immer Hansi;01a02706-e01a-7116-9941-6432b727cb6f
Imperial Orchestra;01a02706-e01a-7116-9941-64332ca28565
Imran;01a02706-e01a-7116-9941-6434ad5763bc
In This Moment;01a02706-e01a-7116-9941-6435f8219707
Indeevar;01a02706-e01a-7116-9941-6436fc157eda
Independentmusicart;01a02706-e01a-7116-9941-643745e85051
Indila;01a02706-e01a-7116-9941-64385b9e9416
IngaRose;01a02706-e01a-7116-9941-643988e2b2b0
Inori Minase;01a02706-e01a-7116-9941-643a5922400a
Inpatient;01a02706-e01a-7116-9941-643bac2ca8a3
Interpol;01a02706-e01a-7116-9941-643c1929f3a6
Irshad Kamil;01a02706-e01a-7116-9941-643dabe16fce
Isi Glück;01a02706-e01a-7116-9941-643e2f2eee86
Island resident;01a02706-e01a-7116-9941-643f39529d23
Israel Kamakawiwo'ole;01a02706-e01a-7116-9941-6440cf6729a2
Issac Ryan Brown;01a02706-e01a-7116-9941-6441ec8f532f
Issouf Manem yam;01a02706-e01a-7116-9941-6442bee6f949
It's Just Paz;01a02706-e01a-7116-9941-64433b842940
Izla P.;01a02706-e01a-7116-9941-6444770e4fc5
J Balvin;01a02706-e01a-7116-9941-6445bc7799a8
J SOUL BROTHERS III from EXILE TRIBE;01a02706-e01a-7116-9941-644662e8a21b
J-Ax;01a02706-e01a-7116-9941-644758c6a64f
J. Cole;01a02706-e01a-7116-9941-644891c0b174
JAEHYUN;01a02706-e01a-7116-9941-6449b4fa3d8f
JAM Project;01a02706-e01a-7116-9941-644aefca83b7
JAS;01a02706-e01a-7116-9941-644bf5b651e6
JASP.ER;01a02706-e01a-7116-9941-644c15bc2d07
JAY B;01a02706-e01a-7116-9941-644d9c43fda1
JAŸ-Z;01a02706-e01a-7116-9941-644eeb92f3a3
JC-T;01a02706-e01a-7116-9941-644f4aac99c9
JD Steel;01a02706-e01a-7116-9941-6450e56edf9c
JENNIE;01a02706-e01a-7116-9941-64515fccb45e
JERRY'S SOUND ROOM;01a02706-e01a-7116-9941-6452419e6c43
JERUB;01a02706-e01a-7116-9941-6453c9fd99d2
JHAYCO;01a02706-e01a-7116-9941-6454793171bc
JHNWNDT;01a02706-e01a-7116-9941-6455745bb832
JI BLUE;01a02706-e01a-7116-9941-645691adfaa3
JINJIN;01a02706-e01a-7116-9941-6457eb533f52
JINU;01a02706-e01a-7116-9941-6458a76d6480
JISOKURY;01a02706-e01a-7116-9941-64599118ec38
JJ Lin;01a02706-e01a-7116-9941-645adeac3b64
JMK;01a02706-e01a-7116-9941-645b3410a276
JO1;01a02706-e01a-7116-9941-645c05dfc293
JOLIN;01a02706-e01a-7116-9941-645d75e05de2
JOLIN蔡依林;01a02706-e01a-7116-9941-645ef44b8295
JONAS LOVV;01a02706-e01a-7116-9941-645f47a79ec5
JP Cooper;01a02706-e01a-7116-9941-64609d02b6c8
JUGGLERZ;01a02706-e01a-7116-9941-6461fc178bf5
JUN. K;01a02706-e01a-7116-9941-64622eb9f73b
Jaap Reesema;01a02706-e01a-7116-9941-64634f93db35
Jacinta Guirguis;01a02706-e01a-7116-9941-6464fe4f10c9
Jack Dylan;01a02706-e01a-7116-9941-6465d69877dd
Jack Johnson;01a02706-e01a-7116-9941-646667ac0008
Jack O'Connell;01a02706-e01a-7116-9941-646787dd18be
Jack Savoretti;01a02706-e01a-7116-9941-64683f28df97
Jack Smalley;01a02706-e01a-7116-9941-646924468b8f
Jack White;01a02706-e01a-7116-9941-646abfde90bd
Jackson 5;01a02706-e01a-7116-9941-646b9d470375
Jackson Dean;01a02706-e01a-7116-9941-646c3aa01079
Jackson Wang;01a02706-e01a-7116-9941-646dcf5011f0
Jacob Alon;01a02706-e01a-7116-9941-646e2b63b680
Jada Monroe;01a02706-e01a-7116-9941-646fb7d5dd3c
Jaden Bojsen;01a02706-e01a-7116-9941-6470aa56629e
Jadte;01a02706-e01a-7116-9941-6471a373347c
Jahin Music;01a02706-e01a-7116-9941-64722409c07d
Jake Hoot;01a02706-e01a-7116-9941-64739ce14747
Jalen Ngonda;01a02706-e01a-7116-9941-6474c87f66b4
James Arthur;01a02706-e01a-7116-9941-6475a649ed93
James Blake;01a02706-e01a-7116-9941-6476e9745c9b
James Blunt;01a02706-e01a-7116-9941-64776840787f
James Hype;01a02706-e01a-7116-9941-6478f5a83523
James Johnston;01a02706-e01a-7116-9941-6479b1dedb43
James Marriott;01a02706-e01a-7116-9941-647ac8fb785a
Jamie Bower;01a02706-e01a-7116-9941-647b837b55ad
Jamie Miller;01a02706-e01a-7116-9941-647c2b6c13ac
Jamie T;01a02706-e01a-7116-9941-647d221080cd
Jamieson Shaw;01a02706-e01a-7116-9941-647e30ad0705
Jan Biggel;01a02706-e01a-7116-9941-647fb32e1358
Jan Smit;01a02706-e01a-7116-9941-64806a7c6364
Janet Jackson;01a02706-e01a-7116-9941-6481d5dc1445
Jannes;01a02706-e01a-7116-9941-64824d31c5c7
Jasmine Sandlas;01a02706-e01a-7116-9941-6483cbfea19c
Jason Aldean;01a02706-e01a-7116-9941-6484bdfb0768
Jason Derulo;01a02706-e01a-7116-9941-648551e0f083
Jason Stills;01a02706-e01a-7116-9941-6486408c789e
Jasper;01a02706-e01a-7116-9941-64877247b237
Jasser Labidi;01a02706-e01a-7116-9941-64889dcf61ec
Javier Portela;01a02706-e01a-7116-9941-648984151770
Jax Jones;01a02706-e01a-7116-9941-648a00cea2d4
Jax Wilder;01a02706-e01a-7116-9941-648bd434f83c
Jaxstyle;01a02706-e01a-7116-9941-648cb7d2680d
Jay Chou;01a02706-e01a-7116-9941-648d9cb0cf8b
Jazzy;01a02706-e01a-7116-9941-648efcccecf6
Jean-Jacques Goldman;01a02706-e01a-7116-9941-648f6188bdaa
Jeanette Biedermann;01a02706-e01a-7116-9941-649053caa453
Jeanne;01a02706-e01a-7116-9941-64913690c6b5
Jeck;01a02706-e01a-7116-9941-6492dea715e0
Jeff Suits;01a02706-e01a-7116-9941-64937f21e189
Jeffrey Heesen;01a02706-e01a-7116-9941-64947a44a54f
Jeffrey Steele;01a02706-e01a-7116-9941-6495a8439c7b
Jelly Roll;01a02706-e01a-7116-9941-6496fd13e307
Jenifer;01a02706-e01a-7116-9941-6497c925f8c3
Jennifer Lopez;01a02706-e01a-7116-9941-649836e2229b
Jennifer Rostock;01a02706-e01a-7116-9941-649966524e13
Jeremy Rosado;01a02706-e01a-7116-9941-649a8397f04e
Jeremy Zucker;01a02706-e01a-7116-9941-649b51b4420c
Jernblod;01a02706-e01a-7116-9941-649ccd912683
Jeroen Van Zelst;01a02706-e01a-7116-9941-649d64af7253
Jerome Timu;01a02706-e01a-7116-9941-649eb548b0d6
Jerri;01a02706-e01a-7116-9941-649fc4be2be4
Jess Glynne;01a02706-e01a-7116-9941-64a0b772da10
Jessica Brouart;01a02706-e01a-7116-9941-64a1da91c611
Jessie J;01a02706-e01a-7116-9941-64a28f745551
Jessie Ware;01a02706-e01a-7116-9941-64a3573b43aa
Jill Scott;01a02706-e01a-7116-9941-64a406230122
Jimmy Sax;01a02706-e01a-7116-9941-64a562983d18
Jinguji Ren;01a02706-e01a-7116-9941-64a6ea483fbb
JixWang;01a02706-e01a-7116-9941-64a7774a3b94
JoJo Siwa;01a02706-e01a-7116-9941-64a8a106e71a
JoJo165;01a02706-e01a-7116-9941-64a91de8d008
Joe Hermes;01a02706-e01a-7116-9941-64aae1b9af13
Joe Jackson;01a02706-e01a-7116-9941-64ab1df17856
Joe Nichols;01a02706-e01a-7116-9941-64ac28c3cc52
Joe Rok;01a02706-e01a-7116-9941-64ad4c363a7d
Joel Corry;01a02706-e01a-7116-9941-64ae8b947f51
Joey Heindle;01a02706-e01a-7116-9941-64af621a5a47
Johannes Oerding;01a02706-e01a-7116-9941-64b044fbc87f
John Cougar Mellencamp;01a02706-e01a-7116-9941-64b1867af6b9
John Denver;01a02706-e01a-7116-9941-64b2a6e9300d
John Farnham;01a02706-e01a-7116-9941-64b33df1db3e
John Martin;01a02706-e01a-7116-9941-64b4f0f4031a
John Mayer;01a02706-e01a-7116-9941-64b53e69a822
John de Bever;01a02706-e01a-7116-9941-64b66333ff77
Johnny O.;01a02706-e01a-7116-9941-64b760278608
Joji;01a02706-e01a-7116-9941-64b855d3d1b0
Jon;01a02706-e01a-7116-9941-64b99d742a5a
Jon Batiste;01a02706-e01a-7116-9941-64ba30a03bd3
Jon Reddick;01a02706-e01a-7116-9941-64bbb9511809
Jonas Blue;01a02706-e01a-7116-9941-64bc3716cd18
Jones;01a02706-e01a-7116-9941-64bd796fb81b
Joni Fuller;01a02706-e01a-7116-9941-64be22f615eb
Jordan Davis;01a02706-e01a-7116-9941-64bfdf42c345
Jorin Hagen;01a02706-e01a-7116-9941-64c0d802f81e
Jorn;01a02706-e01a-7116-9941-64c14beeca0c
Jose's House;01a02706-e01a-7116-9941-64c22e482952
Josh Fawaz;01a02706-e01a-7116-9941-64c30c8cd1e3
Josh Groban;01a02706-e01a-7116-9941-64c47386376e
Joshua Giles;01a02706-e01a-7116-9941-64c552122136
Josiah Queen;01a02706-e01a-7116-9941-64c63f64d931
Josiah Siska;01a02706-e01a-7116-9941-64c7a825b302
José Molina;01a02706-e01a-7116-9941-64c8a7ac90b7
Journey;01a02706-e01a-7116-9941-64c9af1f81d6
Jovanotti;01a02706-e01a-7116-9941-64ca6c5713a5
Jowell & Randy;01a02706-e01a-7116-9941-64cb10d5f0e6
Joy Williams;01a02706-e01a-7116-9941-64cc8a4c4bd8
Jr.;01a02706-e01a-7116-9941-64cd8d34ef99
Judah;01a02706-e01a-7116-9941-64ce537b65bc
Judah Earl;01a02706-e01a-7116-9941-64cf37cd4a93
Jude York;01a02706-e01a-7116-9941-64d0b1fb5c1f
Judeline;01a02706-e01a-7116-9941-64d15a15cd94
Juju;01a02706-e01a-7116-9941-64d26d146208
Julia Stone;01a02706-e01a-7116-9941-64d363f37bd1
Julian Sommer;01a02706-e01a-7116-9941-64d480b2942f
Juliette Armanet;01a02706-e01a-7116-9941-64d58f9d2244
Julio Iglesias;01a02706-e01a-7116-9941-64d6b4e245c4
Julius Legend;01a02706-e01a-7116-9941-64d7bddcb3cc
Jun Maeda;01a02706-e01a-7116-9941-64d84b955baf
Jung Kook;01a02706-e01a-7116-9941-64d9b28a256c
Jung Yong Hwa;01a02706-e01a-7116-9941-64da4b0e149b
Jungle;01a02706-e01a-7116-9941-64dbdbe2091e
Junkie Kid;01a02706-e01a-7116-9941-64dc0c943484
Justen de Wildt;01a02706-e01a-7116-9941-64dd90163642
Justice;01a02706-e01a-7116-9941-64de62a50878
Justin Bieber;01a02706-e01a-7116-9941-64dfe72ec38b
Justė;01a02706-e01a-7116-9941-64e012eed164
Juvenile;01a02706-e01a-7116-9941-64e14857c6b1
K-Fly;01a02706-e01a-7116-9941-64e2bd75e9a8
K.Maro;01a02706-e01a-7116-9941-64e339a4759b
K3;01a02706-e01a-7116-9941-64e42b0bfd4a
KAMRAD;01a02706-e01a-7116-9941-64e55f0d435c
KANA-BOON;01a02706-e01a-7116-9941-64e62d8e4ff1
KANGDANIEL;01a02706-e01a-7116-9941-64e702af99ac
KANGIN;01a02706-e01a-7116-9941-64e8a4f5427c
KAROL G;01a02706-e01a-7116-9941-64e945d5d108
KAT-TUN;01a02706-e01a-7116-9941-64ea82cb94f2
KATO;01a02706-e01a-7116-9941-64eba1791292
KATSEYE;01a02706-e01a-7116-9941-64ec34bd54b4
KAWANISHI TAKUMI;01a02706-e01a-7116-9941-64edc7a184fc
KAYΛ;01a02706-e01a-7116-9941-64ee4ae35bfb
KC Rebell;01a02706-e01a-7116-9941-64ef6b77133e
KIM JI WOONG;01a02706-e01a-7116-9941-64f0bd08e310
KIM TAE RAE;01a02706-e01a-7116-9941-64f1a0651e3a
KIRA SUMERAGI(CV.Daisuke Ono);01a02706-e01a-7116-9941-64f2839aa877
KISS OF LIFE;01a02706-e01a-7116-9941-64f341f476de
KITSCHKRIEG;01a02706-e01a-7116-9941-64f42218ed3d
KNGDM REVIVAL;01a02706-e01a-7116-9941-64f5d80db3b2
KO1KEYZ;01a02706-e01a-7116-9941-64f62cbfbaab
KPop Demon Hunters Cast;01a02706-e01a-7116-9941-64f7230f0301
KUN;01a02706-e01a-7116-9941-64f8a53d3e8e
KYOSUKE FUJIMAKI (INI);01a02706-e01a-7116-9941-64f9c6787c28
Kacey Musgraves;01a02706-e01a-7116-9941-64fa53e0e68d
Kae Tempest;01a02706-e01a-7116-9941-64fbd5d4ba68
Kagami Hayato;01a02706-e01a-7116-9941-64fcedcb72dc
Kaguya(cv.Yuko Natsuyoshi);01a02706-e01a-7116-9941-64fdba318a65
Kaida Haru;01a02706-e01a-7116-9941-64febea78eb9
Kaitlin Aragon;01a02706-e01a-7116-9941-64ff8ee12a14
Kali Uchis;01a02706-e01a-7116-9941-65001a5aafa6
Kaltis;01a02706-e01a-7116-9941-6501c45533a9
Kamelot;01a02706-e01a-7116-9941-6502af22cfeb
Kameron Marlowe;01a02706-e01a-7116-9941-65030a3986ef
Kan;01a02706-e01a-7116-9941-65047b067812
Kana Nishino;01a02706-e01a-7116-9941-65051a23c2ef
Kane Brown;01a02706-e01a-7116-9941-65065e419d88
Kany García;01a02706-e01a-7116-9941-6507367934b2
Kanye West;01a02706-e01a-7116-9941-65088bc2b3ea
Kapo;01a02706-e01a-7116-9941-650914c42137
Kara Holt;01a02706-e01a-7116-9941-650a46141750
Kareen Antonn;01a02706-e01a-7116-9941-650b439dc3aa
Karl Herz;01a02706-e01a-7116-9941-650cf5905b1d
Karnivool;01a02706-e01a-7116-9941-650d32af5f04
Kasabian;01a02706-e01a-7116-9941-650e54c749a9
Kasalla;01a02706-e01a-7116-9941-650f95fd0e60
Kate Bush;01a02706-e01a-7116-9941-6510a1044ddc
Kate Ryan;01a02706-e01a-7116-9941-6511bafb8e3f
Katharina Eisenblut;01a02706-e01a-7116-9941-6512ec04f1b2
Kato;01a02706-e01a-7116-9941-6513f690c082
Katy Perry;01a02706-e01a-7116-9941-6514217de566
Kavinsky;01a02706-e01a-7116-9941-6515e8989e27
Kazama Iroha;01a02706-e01a-7116-9941-6516a502a4d8
Kazuya Kamenashi;01a02706-e01a-7116-9941-6517e2d32c14
Kazuya Yoshii;01a02706-e01a-7116-9941-65184542e2b2
Ke personajes;01a02706-e01a-7116-9941-6519b076bf1c
Keane;01a02706-e01a-7116-9941-651a5ef8e975
Keb' Mo';01a02706-e01a-7116-9941-651bb19a934a
Kehlani;01a02706-e01a-7116-9941-651cf089335c
Keisuke Kuwata;01a02706-e01a-7116-9941-651d0609eeec
Keith Urban;01a02706-e01a-7116-9941-651ef0bfe824
Keli Holiday;01a02706-e01a-7116-9941-651f9e168a3a
Kelly Boesch;01a02706-e01a-7116-9941-6520dc544cbe
Kelly Clarkson;01a02706-e01a-7116-9941-652154aa0044
Kelsea Ballerini;01a02706-e01a-7116-9941-652218b2e8ed
Kendrick Lamar;01a02706-e01a-7116-9941-6523e46af7fc
Kenia Os;01a02706-e01a-7116-9941-6524710b46f0
Kenny Chesney;01a02706-e01a-7116-9941-652596db7428
Kenny G;01a02706-e01a-7116-9941-65264e95f37c
Kenny Loggins;01a02706-e01a-7116-9941-65275f79cb0c
Kenny Rogers;01a02706-e01a-7116-9941-6528f9eb264c
Kenshi Yonezu;01a02706-e01a-7116-9941-6529448a5498
Kenshi Yonezu - Karasu;01a02706-e01a-7116-9941-652ab73f050d
Kensington;01a02706-e01a-7116-9941-652b1222f1b9
Kento Nakajima;01a02706-e01a-7116-9941-652caf51d726
Kerry Katona;01a02706-e01a-7116-9941-652d20b620c2
Kerstin Ott;01a02706-e01a-7116-9941-652e7c33a913
Ketan Kumar;01a02706-e01a-7116-9941-652f5fcf8a1c
Ketsumeishi;01a02706-e01a-7116-9941-653080d7d788
Kevin Keegan;01a02706-e01a-7116-9941-653151d4b4d6
Kevin Woo;01a02706-e01a-7116-9941-65322e5a1d68
Kezia Gill;01a02706-e01a-7116-9941-6533250639ca
Khalid;01a02706-e01a-7116-9941-65340b8ec851
Khan Saab;01a02706-e01a-7116-9941-6535bf5240ba
Kiara Romero;01a02706-e01a-7116-9941-653606d93341
Kid Rock;01a02706-e01a-7116-9941-653749fed70c
Kidd Voodoo;01a02706-e01a-7116-9941-6538ebd413d7
Kiesza;01a02706-e01a-7116-9941-6539020fa144
Kihyun;01a02706-e01a-7116-9941-653a005a2cca
KiiiKiii;01a02706-e01a-7116-9941-653b938f3ec2
Kiko;01a02706-e01a-7116-9941-653c2375ae59
Killermichel;01a02706-e01a-7116-9941-653d964ecc96
Kim Jae Joong;01a02706-e01a-7116-9941-653e7e186475
Kim Min Seok;01a02706-e01a-7116-9941-653fe08a2967
Kim Petras;01a02706-e01a-7116-9941-654003234114
Kimo Sounds;01a02706-e01a-7116-9941-65419aed569f
King;01a02706-e01a-7116-9941-6542e6f9ce46
King Gnu;01a02706-e01a-7116-9941-65436fdb1db4
King Willonius;01a02706-e01a-7116-9941-6544c990a60d
Kingfishr;01a02706-e01a-7116-9941-6545931dd80d
Kings of Günter;01a02706-e01a-7116-9941-65462e48c2d6
Kip Moore;01a02706-e01a-7116-9941-654789b8d4c1
Kippei Tachibana(CV:Yoshihisa Kawahara);01a02706-e01a-7116-9941-6548646be696
Király Viktor;01a02706-e01a-7116-9941-6549b5c92593
Kis-My-Ft2;01a02706-e01a-7116-9941-654a18c1caea
Kiseki (CV: Seena Hoshiki);01a02706-e01a-7116-9941-654bc96b4507
Kiss;01a02706-e01a-7116-9941-654ccfcca461
Kitami Yusei;01a02706-e01a-7116-9941-654da92be961
Klaus;01a02706-e01a-7116-9941-654e3c5f437b
Klaus Badelt;01a02706-e01a-7116-9941-654f5daf9030
Klaus Kosmonaut;01a02706-e01a-7116-9941-6550f7736483
Kneecap;01a02706-e01a-7116-9941-65513919a492
Knights;01a02706-e01a-7116-9941-6552fb1e4608
Knocked Loose;01a02706-e01a-7116-9941-655341d7588e
Kobukuro;01a02706-e01a-7116-9941-65545184236f
Kodak Black;01a02706-e01a-7116-9941-6555a3ac2832
Koe Wetzel;01a02706-e01a-7116-9941-65560092f1ed
Koji Tamaki;01a02706-e01a-7116-9941-65570bc19235
Kolter;01a02706-e01a-7116-9941-655818bb18be
Konomi Suzuki;01a02706-e01a-7116-9941-65597ca02bf9
Kontra K;01a02706-e01a-7116-9941-655aadc22bb5
Korn;01a02706-e01a-7116-9941-655b6b138a12
Kotti Affair;01a02706-e01a-7116-9941-655cadc2f7b8
Kouhei Matsushita;01a02706-e01a-7116-9941-655df7826382
Kremont;01a02706-e01a-7116-9941-655e0fe6dc1e
Kris Kross Amsterdam;01a02706-e01a-7116-9941-655fb62c0c7a
Kurt D;01a02706-e01a-7116-9941-6560f185477c
Kvi Baba;01a02706-e01a-7116-9941-6561267da186
Kygo;01a02706-e01a-7116-9941-65625c847a0c
Kyle Dixon;01a02706-e01a-7116-9941-6563b3b97c19
Kylie Cantrall;01a02706-e01a-7116-9941-65645d81977e
Kylie Minogue;01a02706-e01a-7116-9941-656542d4ffd4
Kyndal Inskeep;01a02706-e01a-7116-9941-65664318cfd4
Kyoko Igarashi (CV: Atsumi Tanezaki);01a02706-e01a-7116-9941-6567ef70dce9
Kénosis by RC - (Tú) El único rey;01a02706-e01a-7116-9941-656876611b09
Kürşad Kahraman;01a02706-e01a-7116-9941-6569f9ba7651
L.J. Benet;01a02706-e01a-7116-9941-656a175bcd93
LANY;01a02706-e01a-7116-9941-656bf4efae9d
LAY;01a02706-e01a-7116-9941-656cf745de06
LBI;01a02706-e01a-7116-9941-656d093c2e0b
LDA;01a02706-e01a-7116-9941-656eb96ca23a
LE SSERAFIM;01a02706-e01a-7116-9941-656f80029a63
LEE JUNHO;01a02706-e01a-7116-9941-657064b55e00
LEO;01a02706-e01a-7116-9941-657112a742e4
LIM;01a02706-e01a-7116-9941-65727209737b
LINKIN PARK;01a02706-e01a-7116-9941-6573a6700957
LISA;01a02706-e01a-7116-9941-6574a63ff4f3
LMFAO;01a02706-e01a-7116-9941-6575f8e7896b
LNGSHOT;01a02706-e01a-7116-9941-6576fc0d9625
LOCASH;01a02706-e01a-7116-9941-657745b40b54
LOOK MUM NO COMPUTER;01a02706-e01a-7116-9941-6578296084cb
LOST & FOUND;01a02706-e01a-7116-9941-6579cacfb0cd
LOTTE;01a02706-e01a-7116-9941-657a252e09fe
LOUIS of LNGSHOT;01a02706-e01a-7116-9941-657b7d4db668
LOVIXX;01a02706-e01a-7116-9941-657cc58c83d3
LOVIXX STOSLIV;01a02706-e01a-7116-9941-657ddf1c5caa
LUIZA;01a02706-e01a-7116-9941-657ede4e34bf
LYKN;01a02706-e01a-7116-9941-657f06ec3c78
LYRICFLOW81;01a02706-e01a-7116-9941-6580f0c4e1f4
La La Love You;01a02706-e01a-7116-9941-658155d0159e
La Mano 1.9;01a02706-e01a-7116-9941-65828a624921
La Oreja de Van Gogh;01a02706-e01a-7116-9941-65834cf80823
La Voix;01a02706-e01a-7116-9941-6584abda37a0
LaBritney;01a02706-e01a-7116-9941-65855f1813c7
Ladd McIntosh;01a02706-e01a-7116-9941-65863a712f34
Lady Gaga;01a02706-e01a-7116-9941-6587c4193c66
Ladytron;01a02706-e01a-7116-9941-6588b6ea41ef
Laga;01a02706-e01a-7116-9941-658965b537d0
Lainey Wilson;01a02706-e01a-7116-9941-658ac4293482
Lamb of God;01a02706-e01a-7116-9941-658b90c20f98
Lamme Frans;01a02706-e01a-7116-9941-658c14be9df1
Lana Del Rey;01a02706-e01a-7116-9941-658dfeef6aea
Lankum;01a02706-e01a-7116-9941-658ef574d0b8
Lara Fabian;01a02706-e01a-7116-9941-658f9f23ff89
Lara Hulo;01a02706-e01a-7116-9941-65906b128792
Las Ardillitas de Lalo Guerrero;01a02706-e01a-7116-9941-65911b652958
Las Ketchup;01a02706-e01a-7116-9941-6592a6245720
Lasgo;01a02706-e01a-7116-9941-6593a700e5af
LassTunesDeutsch;01a02706-e01a-7116-9941-6594f3bb0238
Laufey;01a02706-e01a-7116-9941-65959bb1b981
Laura;01a02706-e01a-7116-9941-6596743bf657
Laura Pausini;01a02706-e01a-7116-9941-6597185067ea
Lauren Alaina;01a02706-e01a-7116-9941-659832933ad8
Lauren Daigle;01a02706-e01a-7116-9941-6599bd552e42
Lauren Iroas;01a02706-e01a-7116-9941-659ad2e576bd
Lauren Spencer Smith;01a02706-e01a-7116-9941-659bb98e1e7d
Lauryn Hill;01a02706-e01a-7116-9941-659c3d5c5186
Layah Noir;01a02706-e01a-7116-9941-659d47d5d88e
Layup;01a02706-e01a-7116-9941-659e3ae8321e
Lea Marie;01a02706-e01a-7116-9941-659f7f28e7d6
Lea Michele;01a02706-e01a-7116-9941-65a043356b6c
Lee Ann Womack;01a02706-e01a-7116-9941-65a1327794d8
Lee Brennan;01a02706-e01a-7116-9941-65a2885f66bb
Lee Brice;01a02706-e01a-7116-9941-65a3655ee7b8
Lee Greenwood;01a02706-e01a-7116-9941-65a4f697d3f0
Lee Kernaghan;01a02706-e01a-7116-9941-65a56707a220
Leigh-Anne;01a02706-e01a-7116-9941-65a68738a5e8
Lenin Ramírez;01a02706-e01a-7116-9941-65a7f9348d16
Lenny Kravitz;01a02706-e01a-7116-9941-65a82d9cceae
Leon Bridges;01a02706-e01a-7116-9941-65a93d405c12
Leon Machère;01a02706-e01a-7116-9941-65aa39f237ac
Leon Thomas;01a02706-e01a-7116-9941-65ab518345a1
Leonard Cohen;01a02706-e01a-7116-9941-65ac6f28d32c
Leony;01a02706-e01a-7116-9941-65addca0b4de
Les Enfoirés;01a02706-e01a-7116-9941-65aedc6f3026
Leslie Odom;01a02706-e01a-7116-9941-65afbf030a81
Lesser Grief;01a02706-e01a-7116-9941-65b09022170f
Levant;01a02706-e01a-7116-9941-65b1b9cc3e49
Levante;01a02706-e01a-7116-9941-65b2b4c2ffd2
Lewis Capaldi;01a02706-e01a-7116-9941-65b3ea9dfbd2
Lexi Walker;01a02706-e01a-7116-9941-65b49646e975
LiSA;01a02706-e01a-7116-9941-65b57191b6e9
Liamani Segura;01a02706-e01a-7116-9941-65b65fe9453b
Liana Ford;01a02706-e01a-7116-9941-65b71e45319b
Lidice;01a02706-e01a-7116-9941-65b875e0c397
Like Mike;01a02706-e01a-7116-9941-65b94a91d401
Lil Kleine;01a02706-e01a-7116-9941-65bab596195f
Lil Uzi Vert;01a02706-e01a-7116-9941-65bb0231f666
Lil' Troy;01a02706-e01a-7116-9941-65bc6b564440
Lilas;01a02706-e01a-7116-9941-65bd7851075f
Lilja Katsuragi;01a02706-e01a-7116-9941-65be3b3660ce
Lily Campa;01a02706-e01a-7116-9941-65bf62d8b468
Limp Bizkit;01a02706-e01a-7116-9941-65c0a41b1298
Linda Lampenius;01a02706-e01a-7116-9941-65c1a95bb443
Linda Ronstadt;01a02706-e01a-7116-9941-65c260949d07
Lingling Kwong;01a02706-e01a-7116-9941-65c39bc08643
Linkin Park;01a02706-e01a-7116-9941-65c463a15e87
Lionel Richie;01a02706-e01a-7116-9941-65c5f6315883
Lisa Gerrard;01a02706-e01a-7116-9941-65c6240970cb
Lisa Perry Wildman;01a02706-e01a-7116-9941-65c719b49da6
Little Big Town;01a02706-e01a-7116-9941-65c8bf3837de
Little Glee Monster;01a02706-e01a-7116-9941-65c9f1116eb6
Lize Helesta;01a02706-e01a-7116-9941-65ca319dc801
Lizzo;01a02706-e01a-7116-9941-65cbf4eb8562
Loathe;01a02706-e01a-7116-9941-65cc39546b19
Logandeep;01a02706-e01a-7116-9941-65cd5a1a3362
Logotype (CV: Misora Takahashi);01a02706-e01a-7116-9941-65ce52e42ecf
Lola Young;01a02706-e01a-7116-9941-65cfc046cefb
Lola Índigo;01a02706-e01a-7116-9941-65d01276bc56
London Grammar;01a02706-e01a-7116-9941-65d1a8ad5576
London Music Works;01a02706-e01a-7116-9941-65d2e4245a45
London Voices;01a02706-e01a-7116-9941-65d3013479e4
Lord Huron;01a02706-e01a-7116-9941-65d4cbf87933
Lord of the Lost;01a02706-e01a-7116-9941-65d52ac54a38
Loreen;01a02706-e01a-7116-9941-65d6fa653628
Lorenz Büffel;01a02706-e01a-7116-9941-65d73fc0768c
Los Lobos;01a02706-e01a-7116-9941-65d80fe58cda
Los Pleneros de la Cresta;01a02706-e01a-7116-9941-65d9f18c008b
Los Ángeles Azules;01a02706-e01a-7116-9941-65da1708a350
Lost Frequencies;01a02706-e01a-7116-9941-65db62433129
Lost Vinyl Revival;01a02706-e01a-7116-9941-65dc6a114779
Lou Gramm;01a02706-e01a-7116-9941-65ddf341e574
Louane;01a02706-e01a-7116-9941-65dec717074b
Loud Luxury;01a02706-e01a-7116-9941-65dfa466a85e
Louis Armstrong;01a02706-e01a-7116-9941-65e0506766c1
Louis Dunford;01a02706-e01a-7116-9941-65e19ae60f57
Louis Tomlinson;01a02706-e01a-7116-9941-65e202059f33
Love Pattranite;01a02706-e01a-7116-9941-65e3eaf15539
Love and Deepspace;01a02706-e01a-7116-9941-65e48c5b1325
Loves Only You (CV: Miyu Kubota);01a02706-e01a-7116-9941-65e5081a99e8
Loïc Nottet;01a02706-e01a-7116-9941-65e665401e8e
Lqier;01a02706-e01a-7116-9941-65e796fb75d6
Luca-Dante Spadafora;01a02706-e01a-7116-9941-65e8fe4a0c98
Lucenzo;01a02706-e01a-7116-9941-65e9cab89a39
Lucero;01a02706-e01a-7116-9941-65ea9e73606a
Luciano Pavarotti;01a02706-e01a-7116-9941-65eb1847ab9d
Lucky Lilac (CV: Yuki Nakashima);01a02706-e01a-7116-9941-65ec15db4c87
LuckyStar;01a02706-e01a-7116-9941-65eda679ee17
Ludovico Einaudi;01a02706-e01a-7116-9941-65ee88ccc7fd
Ludwig Göransson;01a02706-e01a-7116-9941-65ef29613e8d
Luis Fonsi;01a02706-e01a-7116-9941-65f07efc44a4
Luk3;01a02706-e01a-7116-9941-65f12530e356
Luke Bryan;01a02706-e01a-7116-9941-65f207fc38b0
Luke Combs;01a02706-e01a-7116-9941-65f3e0f9e595
Luke Grimes;01a02706-e01a-7116-9941-65f4c90e17e0
Luna Azul;01a02706-e01a-7116-9941-65f5f6678b0c
Luther Vandross;01a02706-e01a-7116-9941-65f6b0cbc5de
Luv Foundation (UK);01a02706-e01a-7116-9941-65f7cce10b12
Luz;01a02706-e01a-7116-9941-65f801744f8f
Lykke Li;01a02706-e01a-7116-9941-65f9db98e090
Lynn Melodi;01a02706-e01a-7116-9941-65fa244892af
Lynyrd Skynyrd;01a02706-e01a-7116-9941-65fb325b1cc6
Léman;01a02706-e01a-7116-9941-65fcf425a8b6
Léo Santana;01a02706-e01a-7116-9941-65fd49484865
Lø Spirit;01a02706-e01a-7116-9941-65fee6118988
M!LK;01a02706-e01a-7116-9941-65ffe9e9be9a
M. Pokora;01a02706-e01a-7116-9941-6600cc848536
M.Sasuke;01a02706-e01a-7116-9941-6601d2540fa1
M83;01a02706-e01a-7116-9941-6602e6ae4b92
MAMAMOO;01a02706-e01a-7116-9941-6603378d3729
MASATO HIJIRIKAWA(CV.Kenichi Suzumura);01a02706-e01a-7116-9941-66044ca32d55
MASON HOME;01a02706-e01a-7116-9941-66052b5054bf
MAZZEL;01a02706-e01a-7116-9941-66063cc10e95
MDB;01a02706-e01a-7116-9941-6607681ac823
ME:I;01a02706-e01a-7116-9941-6608852e4930
MEDUZA;01a02706-e01a-7116-9941-66091926e761
MEEK;01a02706-e01a-7116-9941-660a6790cf87
MELLOW DEAR US;01a02706-e01a-7116-9941-660b5d1ad9b4
MILLENNIUM PARADE;01a02706-e01a-7116-9941-660ceb8293e4
MILLI;01a02706-e01a-7116-9941-660dbdfb375c
MINHO;01a02706-e01a-7116-9941-660e1165d39a
MISAMO;01a02706-e01a-7116-9941-660f63a0a19c
MISIA;01a02706-e01a-7116-9941-66101d41a368
MIZMO;01a02706-e01a-7116-9941-6611865028d3
MJ;01a02706-e01a-7116-9941-6612666562e1
MOLIY;01a02706-e01a-7116-9941-66136c3e5abc
MOLLY SUE;01a02706-e01a-7116-9941-66141170d73c
MONAKI;01a02706-e01a-7116-9941-6615cbdce3f4
MONKEY MAJIK;01a02706-e01a-7116-9941-6616a179857e
MONSTA X;01a02706-e01a-7116-9941-6617dcb71847
MT Jones;01a02706-e01a-7116-9941-6618a4710619
MUNA;01a02706-e01a-7116-9941-6619cbcba507
MYTH;01a02706-e01a-7116-9941-661a12de1e5a
MYTH & ROID;01a02706-e01a-7116-9941-661b644f9982
Maaya Sakamoto;01a02706-e01a-7116-9941-661cb94886ce
Mac Glocky;01a02706-e01a-7116-9941-661d866f419a
Machine Head;01a02706-e01a-7116-9941-661e23e4381c
Mack Geiger;01a02706-e01a-7116-9941-661fa7c7e2af
Madame;01a02706-e01a-7116-9941-662070fbcd11
Madison Beer;01a02706-e01a-7116-9941-6621eaa09142
Madonna;01a02706-e01a-7116-9941-6622c2eade0c
Magnus Ferrell;01a02706-e01a-7116-9941-6623959bb8f5
Maher Zain;01a02706-e01a-7116-9941-66242e8fe92f
Maisak;01a02706-e01a-7116-9941-66256f275279
Maisie Peters;01a02706-e01a-7116-9941-6626feb1bb13
Maite Kelly;01a02706-e01a-7116-9941-6627994198e2
Malcolm Todd;01a02706-e01a-7116-9941-66282d563507
Malia Baker;01a02706-e01a-7116-9941-6629ab208a44
Malika Ayane;01a02706-e01a-7116-9941-662a74f25ae7
Malive;01a02706-e01a-7116-9941-662b95629cc2
Mall Grab;01a02706-e01a-7116-9941-662c92f4ad50
Maluma;01a02706-e01a-7116-9941-662d3417acec
Mandi Fisher;01a02706-e01a-7116-9941-662eb6e8ad69
Manolo Escobar;01a02706-e01a-7116-9941-662f9368b856
Manon Lisa;01a02706-e01a-7116-9941-663061d4778f
Mantle Music The Company of Prophets;01a02706-e01a-7116-9941-6631adc17067
Manu Chao;01a02706-e01a-7116-9941-6632677800f1
Manuel Turizo;01a02706-e01a-7116-9941-66336095ac82
Mao Arimura;01a02706-e01a-7116-9941-66342b21e7d8
Mapei;01a02706-e01a-7116-9941-6635a4c7ac6a
Maphra;01a02706-e01a-7116-9941-6636ffc8d89d
MarEmi2526;01a02706-e01a-7116-9941-66374abd0f08
Mara Justine;01a02706-e01a-7116-9941-66382f81e5e7
Marc Almond;01a02706-e01a-7116-9941-6639e3e24da5
Marc Anthony;01a02706-e01a-7116-9941-663a097a0112
Marc Eggers;01a02706-e01a-7116-9941-663b22bd6d0a
Marc Rebillet;01a02706-e01a-7116-9941-663c4e99dd1f
Marc Scibilia;01a02706-e01a-7116-9941-663d2eee4542
Marc Sommerfeld;01a02706-e01a-7116-9941-663e7174bace
Marche Lorraine (CV: Tsukino Chikasada);01a02706-e01a-7116-9941-663ff6fe96ee
Marcia Hines;01a02706-e01a-7116-9941-664094a7195b
Marco Masini;01a02706-e01a-7116-9941-66415f36c3a6
Marco Schuitmaker;01a02706-e01a-7116-9941-6642c96595d2
Marconi Union;01a02706-e01a-7116-9941-6643ee2edf5e
Marcus Maison;01a02706-e01a-7116-9941-664476471a07
Maria Paola Ortega;01a02706-e01a-7116-9941-66459799761f
Maria Wirries;01a02706-e01a-7116-9941-66464b5b87c1
Mariah Carey;01a02706-e01a-7116-9941-6647062d7c5e
Mariah the Scientist;01a02706-e01a-7116-9941-664884cef49e
Marilyn Manson;01a02706-e01a-7116-9941-6649b9500493
Marina Marx;01a02706-e01a-7116-9941-664aead65ab4
Marina Sway;01a02706-e01a-7116-9941-664b887d790a
Mark;01a02706-e01a-7116-9941-664c7e5a9273
Mark Forster;01a02706-e01a-7116-9941-664d8b7bd82d
Mark Medlock;01a02706-e01a-7116-9941-664e05efa189
Mark Morrison;01a02706-e01a-7116-9941-664f2d8e862c
Mark Ronson;01a02706-e01a-7116-9941-6650d4ce65f8
Mark Tuan;01a02706-e01a-7116-9941-6651dc073c46
Markus Becker;01a02706-e01a-7116-9941-66527720597c
Markus Rotano;01a02706-e01a-7116-9941-6653d495fad2
Markéta Irglová;01a02706-e01a-7116-9941-6654fbd07ee0
Marlon Caro;01a02706-e01a-7116-9941-6655d52d5180
Marlon Hoffstadt;01a02706-e01a-7116-9941-665683d1ba55
Maroon 5;01a02706-e01a-7116-9941-665704cd0cad
Marracash;01a02706-e01a-7116-9941-6658bbd71125
Marshall Hamburger;01a02706-e01a-7116-9941-665917540249
Marshmello;01a02706-e01a-7116-9941-665aa5aea397
Mart Hoogkamer;01a02706-e01a-7116-9941-665b42ed22cb
Marteria;01a02706-e01a-7116-9941-665c8b361bb4
Martin;01a02706-e01a-7116-9941-665d09b536ec
Martin Garrix;01a02706-e01a-7116-9941-665e80d765fe
Martina McBride;01a02706-e01a-7116-9941-665f596da836
Masaharu Fukuyama;01a02706-e01a-7116-9941-666047934c33
Masaki Suda;01a02706-e01a-7116-9941-6661d9b613ca
Masanori Otoda;01a02706-e01a-7116-9941-666230e4e1b7
Masayoshi Soken;01a02706-e01a-7116-9941-66630fb12736
Mason Crow;01a02706-e01a-7116-9941-66647c4fddb8
Massive Attack;01a02706-e01a-7116-9941-666513898272
Mastodon;01a02706-e01a-7116-9941-6666ad1c6de6
Mat Kearney;01a02706-e01a-7116-9941-66675cd9aa21
Matterz;01a02706-e01a-7116-9941-66688148c69d
Matthias Reim;01a02706-e01a-7116-9941-6669f1502bea
Mauvais Djo;01a02706-e01a-7116-9941-666af09aa993
Max B;01a02706-e01a-7116-9941-666b0f811e7c
Max Giesinger;01a02706-e01a-7116-9941-666cf8a3e10d
Max McNown;01a02706-e01a-7116-9941-666d602b2f33
Maxx Power;01a02706-e01a-7116-9941-666ecf77cb66
May the Lord Studio;01a02706-e01a-7116-9941-666f6db33695
May'n;01a02706-e01a-7116-9941-66704ebc9e9c
Mayday;01a02706-e01a-7116-9941-6671c63e31a9
Mayu Sakuma (CV: Yui Makino);01a02706-e01a-7116-9941-66728bed6c49
Mazzy Star;01a02706-e01a-7116-9941-66732fb294ae
Mecano;01a02706-e01a-7116-9941-6674a552edc0
Meechie Alexander;01a02706-e01a-7116-9941-667552fffb81
Megadeth;01a02706-e01a-7116-9941-6676b6ca77a8
Megan Moroney;01a02706-e01a-7116-9941-6677601acc0b
Megan Thee Stallion;01a02706-e01a-7116-9941-6678067ea5fb
Meghan Trainor;01a02706-e01a-7116-9941-6679ab581fc7
Meisho Doto (CV: Misaki Watada);01a02706-e01a-7116-9941-667ac575fce0
Melanie C;01a02706-e01a-7116-9941-667b0f89bdd4
Melanie Martinez;01a02706-e01a-7116-9941-667c4501586b
Melissa Naschenweng;01a02706-e01a-7116-9941-667d4c19f1a5
MelodiZenith;01a02706-e01a-7116-9941-667ef7968b67
Melody;01a02706-e01a-7116-9941-667f58670b9f
Members of Mayday;01a02706-e01a-7116-9941-668070b9d680
Men at Work;01a02706-e01a-7116-9941-668116f80d61
Menallie;01a02706-e01a-7116-9941-66827bc987b7
Mentissa;01a02706-e01a-7116-9941-6683e216ed2e
MercyMe;01a02706-e01a-7116-9941-668491d214a1
Merk;01a02706-e01a-7116-9941-668507d08289
Mermaid(CV:Nanase Ayaka);01a02706-e01a-7116-9941-66868292e18c
Mermaid(CV:Oki Saeko);01a02706-e01a-7116-9941-668753c17fcf
Mesh;01a02706-e01a-7116-9941-6688f86c78c6
Metallica;01a02706-e01a-7116-9941-6689ca4aa087
Metejoor;01a02706-e01a-7116-9941-668ae7553bcb
Metric;01a02706-e01a-7116-9941-668b2cead1a0
Mew Suppasit;01a02706-e01a-7116-9941-668ccdbc47e1
Mia Julia;01a02706-e01a-7116-9941-668d57c004dd
Micah Tyler;01a02706-e01a-7116-9941-668e8fa918d1
Michael Ball;01a02706-e01a-7116-9941-668faec80f39
Michael Bennett;01a02706-e01a-7116-9941-6690ababbdd1
Michael Jackson;01a02706-e01a-7116-9941-669186f475b8
Michael McDonald;01a02706-e01a-7116-9941-6692a3f3dbdc
Michael Patrick Kelly;01a02706-e01a-7116-9941-66938592c837
Michael Paynter;01a02706-e01a-7116-9941-6694e8466295
Michael Schulte;01a02706-e01a-7116-9941-66958a7c5a6a
Michael Stein;01a02706-e01a-7116-9941-6696a21f45b6
Michael Stipe;01a02706-e01a-7116-9941-66973f6d0e3e
Michelle;01a02706-e01a-7116-9941-66984ebced36
Michelle Branch;01a02706-e01a-7116-9941-669998abaf9f
Mickie Krause;01a02706-e01a-7116-9941-669acc8e9b05
Midnight Oil;01a02706-e01a-7116-9941-669b4b9081e6
Mika Nakashima;01a02706-e01a-7116-9941-669c4e52d8c8
Mike D;01a02706-e01a-7116-9941-669d5e234b43
Mike Mana;01a02706-e01a-7116-9941-669e44e6d66e
Mike Posner;01a02706-e01a-7116-9941-669f0e8a5131
Mikhail Bennett;01a02706-e01a-7116-9941-66a07ca94c86
Miki Imai;01a02706-e01a-7116-9941-66a1f43415bf
Milan Kestrel;01a02706-e01a-7116-9941-66a2f246cc8b
Milano;01a02706-e01a-7116-9941-66a33bba8e76
Miles Caton;01a02706-e01a-7116-9941-66a46d84628c
Miles Phillips;01a02706-e01a-7116-9941-66a5a7319bb1
Miley Cyrus;01a02706-e01a-7116-9941-66a614bd0431
Mili;01a02706-e01a-7116-9941-66a7ec60d593
Milk Inc.;01a02706-e01a-7116-9941-66a874612aba
Milk Pansa;01a02706-e01a-7116-9941-66a92551cfc5
Milky;01a02706-e01a-7116-9941-66aa43a841be
Milla Pink;01a02706-e01a-7116-9941-66ab21723ca6
Milolaathetlukken;01a02706-e01a-7116-9941-66ac4618a37f
Minelli;01a02706-e01a-7116-9941-66ad42a9067e
Minit;01a02706-e01a-7116-9941-66aeaa8c69a5
Miranda Lambert;01a02706-e01a-7116-9941-66afe6780a62
Misia;01a02706-e01a-7116-9941-66b00147cf68
Misión Jatari;01a02706-e01a-7116-9941-66b1f64c5b89
Missy Higgins;01a02706-e01b-70d9-9378-9e46e6077023
Misuzu Hataya;01a02706-e01b-70d9-9378-9e47c8ae4dcd
Moby;01a02706-e01b-70d9-9378-9e48239674c5
Models;01a02706-e01b-70d9-9378-9e4981da7d51
Modà;01a02706-e01b-70d9-9378-9e4a75eb6cd6
Molly Tuttle;01a02706-e01b-70d9-9378-9e4b0036f95a
Momoiro Clover Z;01a02706-e01b-70d9-9378-9e4cdb6ea5a6
Momonga(CV:Iguchi Yuka);01a02706-e01b-70d9-9378-9e4deceed814
Mona Miari;01a02706-e01b-70d9-9378-9e4e795c7075
Moncrieff;01a02706-e01b-70d9-9378-9e4f304e6abf
Monique Smit;01a02706-e01b-70d9-9378-9e508390ec74
Monroe;01a02706-e01b-70d9-9378-9e51fcf7d0e2
Montez;01a02706-e01b-70d9-9378-9e527201d613
Moon Byul;01a02706-e01b-70d9-9378-9e5330d24cdd
Moonchild;01a02706-e01b-70d9-9378-9e54927f9df5
Morgan Evans;01a02706-e01b-70d9-9378-9e55157999f1
Morgan Luna;01a02706-e01b-70d9-9378-9e56a6bb7c53
Morgan Wallen;01a02706-e01b-70d9-9378-9e57f3259252
Morrissey;01a02706-e01b-70d9-9378-9e5876d6c624
Mosimann;01a02706-e01b-70d9-9378-9e59b9788efc
Motionless In White;01a02706-e01b-70d9-9378-9e5a7988e4ca
Motoki Ohmori;01a02706-e01b-70d9-9378-9e5b99051cb2
Mountain Crew;01a02706-e01b-70d9-9378-9e5cd400f6a3
Mr.Children;01a02706-e01b-70d9-9378-9e5d8c663e8b
Mrs. GREEN APPLE;01a02706-e01b-70d9-9378-9e5eba4226ba
Mrs. Green Apple;01a02706-e01b-70d9-9378-9e5fda9d2c58
Muhammad Sadiq;01a02706-e01b-70d9-9378-9e60ccd62aaf
Mumford;01a02706-e01b-70d9-9378-9e61cf476e24
Mumford & Sons;01a02706-e01b-70d9-9378-9e620cd247ba
Muse;01a02706-e01b-70d9-9378-9e632ef6218b
My Chemical Romance;01a02706-e01b-70d9-9378-9e64bfbdce2d
MyGO!!!!!;01a02706-e01b-70d9-9378-9e65848514fa
Myke Towers;01a02706-e01b-70d9-9378-9e66e42a5c06
Myle;01a02706-e01b-70d9-9378-9e67925bbfd3
Myles Smith;01a02706-e01b-70d9-9378-9e68232069e6
Mylène Farmer;01a02706-e01b-70d9-9378-9e69422929a4
Mätropolis;01a02706-e01b-70d9-9378-9e6aef2e8851
N.Jay;01a02706-e01b-70d9-9378-9e6ba3a6b0d0
NAGI MIKADO(CV.Tsubasa Yonaga);01a02706-e01b-70d9-9378-9e6c196c5ce9
NANAOAKARI;01a02706-e01b-70d9-9378-9e6dfae03006
NAOKI;01a02706-e01b-70d9-9378-9e6e40b712bb
NCT JNJM;01a02706-e01b-70d9-9378-9e6f528ecdff
NCT WISH;01a02706-e01b-70d9-9378-9e702cc87bd5
NEEDTOBREATHE;01a02706-e01b-70d9-9378-9e71abbf03c0
NEUEN;01a02706-e01b-70d9-9378-9e721cc4d4ff
NEXZ;01a02706-e01b-70d9-9378-9e731e78b486
NF;01a02706-e01b-70d9-9378-9e74230f5a30
NIKO;01a02706-e01b-70d9-9378-9e757fab8dd6
NIKSTER;01a02706-e01b-70d9-9378-9e76ad4c7555
NMIXX;01a02706-e01b-70d9-9378-9e77459e1711
NOVELISTS;01a02706-e01b-70d9-9378-9e78ff17af65
Nagisa Trout;01a02706-e01b-70d9-9378-9e7959e01434
Nakayama Festa (CV: Shino Shimoji);01a02706-e01b-70d9-9378-9e7a3710bb4b
Namtan Tipnaree;01a02706-e01b-70d9-9378-9e7bc73e22d7
Nana Mizuki;01a02706-e01b-70d9-9378-9e7cf97efdd0
Nana Mouskouri;01a02706-e01b-70d9-9378-9e7da1f3b847
Nancy Franck;01a02706-e01b-70d9-9378-9e7eca4f327d
Naniwa Danshi;01a02706-e01b-70d9-9378-9e7f109d606e
Nanmaider the Buddha Cyborg;01a02706-e01b-70d9-9378-9e801ccd1535
Narita Top Road (CV: Kanna Nakamura);01a02706-e01b-70d9-9378-9e8122a44ced
Nash Blackwood;01a02706-e01b-70d9-9378-9e82826ad88b
Natalie Cole;01a02706-e01b-70d9-9378-9e83d9f9c6b9
Natalie Imbruglia;01a02706-e01b-70d9-9378-9e843b222a98
Natasha Bedingfield;01a02706-e01b-70d9-9378-9e85fda92f26
Natasha Owens;01a02706-e01b-70d9-9378-9e86a3475ad6
Nathan Evans;01a02706-e01b-70d9-9378-9e874973f86b
Nathan Nicholson;01a02706-e01b-70d9-9378-9e882130fe41
Nathassia;01a02706-e01b-70d9-9378-9e89b723117c
Nathy Peluso;01a02706-e01b-70d9-9378-9e8a363814c8
Natsuki Shinomiya;01a02706-e01b-70d9-9378-9e8b3fb399b3
Navtej Singh Rehal - Dhurandhar The Revenge;01a02706-e01b-70d9-9378-9e8cc3426ec6
Naykilla;01a02706-e01b-70d9-9378-9e8dbe064f09
Nazareth;01a02706-e01b-70d9-9378-9e8e18d10a31
Necko;01a02706-e01b-70d9-9378-9e8fdf88e0fa
Neckwav;01a02706-e01b-70d9-9378-9e90373d75f1
Neil Diamond;01a02706-e01b-70d9-9378-9e91aecec8c5
Neil Sedaka;01a02706-e01b-70d9-9378-9e92733c4c8c
Neil Young;01a02706-e01b-70d9-9378-9e93e9929746
Nelly;01a02706-e01b-70d9-9378-9e941afb2eca
Nena;01a02706-e01b-70d9-9378-9e95d4b5b816
New Found Glory;01a02706-e01b-70d9-9378-9e96b2ad4024
New Order;01a02706-e01b-70d9-9378-9e9726200e17
New Radicals;01a02706-e01b-70d9-9378-9e9852b0b52a
Niall Horan;01a02706-e01b-70d9-9378-9e99ac055d4c
Nice Nature (CV: Kaori Maeda);01a02706-e01b-70d9-9378-9e9ab2626521
Nicholas Britell;01a02706-e01b-70d9-9378-9e9b176d86e3
Nicholas Carras;01a02706-e01b-70d9-9378-9e9c186c9db8
Nick Carter;01a02706-e01b-70d9-9378-9e9df8aa80cd
Nick Cave;01a02706-e01b-70d9-9378-9e9eef9add96
Nick Hustles;01a02706-e01b-70d9-9378-9e9fe78f6f46
Nick Jonas;01a02706-e01b-70d9-9378-9ea0504bae00
Nick Morgan;01a02706-e01b-70d9-9378-9ea1d940830f
Nickelback;01a02706-e01b-70d9-9378-9ea24fa14793
Nicki Minaj;01a02706-e01b-70d9-9378-9ea3f3482ce2
Nico Santos;01a02706-e01b-70d9-9378-9ea42ddd86aa
Nicola West;01a02706-e01b-70d9-9378-9ea5053a3ae1
Nik P.;01a02706-e01b-70d9-9378-9ea664e46289
Nile Rodgers;01a02706-e01b-70d9-9378-9ea796b08a6d
Ninajirachi;01a02706-e01b-70d9-9378-9ea887278bba
Nino de Angelo;01a02706-e01b-70d9-9378-9ea98aecf29b
Ninth Key;01a02706-e01b-70d9-9378-9eaad1be3438
Nipsey Hussle;01a02706-e01b-70d9-9378-9eab9260c86a
Nirvana;01a02706-e01b-70d9-9378-9eacb8585d8a
Nissy;01a02706-e01b-70d9-9378-9eadedcbfa4a
NiziU;01a02706-e01b-70d9-9378-9eaeb60a926e
Niña Pastori;01a02706-e01b-70d9-9378-9eaf648b79ba
Noah Cyrus;01a02706-e01b-70d9-9378-9eb094dca7f2
Noah Graves;01a02706-e01b-70d9-9378-9eb1bd7f6173
Noah Kahan;01a02706-e01b-70d9-9378-9eb231082d51
Noah Nine;01a02706-e01b-70d9-9378-9eb393bc8d65
Noam Bettan;01a02706-e01b-70d9-9378-9eb4c768f5cf
Noano;01a02706-e01b-70d9-9378-9eb5c245a57f
Nockis;01a02706-e01b-70d9-9378-9eb663f8159d
Nockis - La felicità;01a02706-e01b-70d9-9378-9eb718502c24
Noel Fitzpatrick Band;01a02706-e01b-70d9-9378-9eb843a0921c
Noemi;01a02706-e01b-70d9-9378-9eb9d1da3473
Nogizaka46;01a02706-e01b-70d9-9378-9eba7f3e4925
Nolan Graves;01a02706-e01b-70d9-9378-9ebbfa18651d
Nona*;01a02706-e01b-70d9-9378-9ebca81e19e6
Nothing But Thieves;01a02706-e01b-70d9-9378-9ebd77509b0c
Novelbright;01a02706-e01b-70d9-9378-9ebe5b3938f4
November Kid;01a02706-e01b-70d9-9378-9ebfd517fc4c
Nozomi Madoka;01a02706-e01b-70d9-9378-9ec0cc7dde44
NuNew;01a02706-e01b-70d9-9378-9ec14fb294cc
Nui Sociere;01a02706-e01b-70d9-9378-9ec28db7026b
Number_i;01a02706-e01b-70d9-9378-9ec38cd77d49
OFFICIAL HIGE DANDISM;01a02706-e01b-70d9-9378-9ec4358052db
OHYUL of LNGSHOT;01a02706-e01b-70d9-9378-9ec56e6370ee
ONE PACT;01a02706-e01b-70d9-9378-9ec6d9ef026a
ORANGE RANGE;01a02706-e01b-70d9-9378-9ec7784a9752
OSUN;01a02706-e01b-70d9-9378-9ec8ea8ff004
OTOYA ITTOKI(CV.Takuma Terashima);01a02706-e01b-70d9-9378-9ec9c3bceeae
OUTLAW GOSPEL;01a02706-e01b-70d9-9378-9eca7cbf3ca6
OXYNOVA;01a02706-e01b-70d9-9378-9ecb20357e38
Oaks;01a02706-e01b-70d9-9378-9ecc233ab860
Oasis;01a02706-e01b-70d9-9378-9ecd84f72a32
Ofenbach;01a02706-e01b-70d9-9378-9eced2e6fd54
Official髭男dism;01a02706-e01b-70d9-9378-9ecf7eac0423
Oguri Cap (CV: Tomoyo Takayanagi);01a02706-e01b-70d9-9378-9ed0a96e9639
Oimara;01a02706-e01b-70d9-9378-9ed135e7cb03
Olaf Der Flipper;01a02706-e01b-70d9-9378-9ed2d6082bba
Olandria;01a02706-e01b-70d9-9378-9ed35b80e97b
Old Soul;01a02706-e01b-70d9-9378-9ed4f690b345
Oliver Tree;01a02706-e01b-70d9-9378-9ed5e21fdccb
Olivia Bay;01a02706-e01b-70d9-9378-9ed64b31276b
Olivia Dean;01a02706-e01b-70d9-9378-9ed7488decb9
Olivia Rodrigo;01a02706-e01b-70d9-9378-9ed8cb16cd01
Olivier Giacomotto;01a02706-e01b-70d9-9378-9ed976d2de50
Omar Rudberg;01a02706-e01b-70d9-9378-9eda90bb85e9
OneRepublic;01a02706-e01b-70d9-9378-9edb5f6ae145
Onichan;01a02706-e01b-70d9-9378-9edc93c7d495
Opick;01a02706-e01b-70d9-9378-9edde82a470f
Orange Range;01a02706-e01b-70d9-9378-9eded22f4a39
Orangestar;01a02706-e01b-70d9-9378-9edf4e2999b6
Orchestra Sinfonica Italiana;01a02706-e01b-70d9-9378-9ee0e83efd98
Oria;01a02706-e01b-70d9-9378-9ee11b3d5a00
Oriens;01a02706-e01b-70d9-9378-9ee2f4cf8f3e
Original Broadway Cast of The Lost Boys;01a02706-e01b-70d9-9378-9ee30b00c7fb
Original Broadway Cast of The Outsiders - A New Musical;01a02706-e01b-70d9-9378-9ee4659b4b35
Orm Kornnaphat;01a02706-e01b-70d9-9378-9ee5647a0846
Orquestra de la Comunitat Valenciana;01a02706-e01b-70d9-9378-9ee6d5af7bcd
Orville Peck;01a02706-e01b-70d9-9378-9ee7683c59f7
Oscar and the Wolf;01a02706-e01b-70d9-9378-9ee8ed035378
Otonose Kanade;01a02706-e01b-70d9-9378-9ee90e1bd659
Outliers;01a02706-e01b-70d9-9378-9eea4fbdc48c
Outsiders;01a02706-e01b-70d9-9378-9eeb5c239fa5
Overgrown;01a02706-e01b-70d9-9378-9eecb367f2ec
Owen James;01a02706-e01b-70d9-9378-9eed5bb5f64f
Owen Saward;01a02706-e01b-70d9-9378-9eee5352fe90
Oyama Mahiro Cv Kono Marika;01a02706-e01b-70d9-9378-9eefc2257ac3
Oyama Mihari(CV.Ishihara Kaori);01a02706-e01b-70d9-9378-9ef0fc6f8368
OzoresP;01a02706-e01b-70d9-9378-9ef1e557e74a
P!nk;01a02706-e01b-70d9-9378-9ef2f390a644
P1Harmony;01a02706-e01b-70d9-9378-9ef332837026
PABLO;01a02706-e01b-70d9-9378-9ef43a4f09c0
PALMITO;01a02706-e01b-70d9-9378-9ef5eed916f4
PARK GUNWOOK;01a02706-e01b-70d9-9378-9ef66805a50d
PARK JI HOON;01a02706-e01b-70d9-9378-9ef7344efbab
PAW Patrol;01a02706-e01b-70d9-9378-9ef8c507979b
PJ Harvey;01a02706-e01b-70d9-9378-9ef9c9c6f3c0
PLAVE;01a02706-e01b-70d9-9378-9efa7fc6fc69
POLCASAN;01a02706-e01b-70d9-9378-9efb69fbc7c4
PP KRIT;01a02706-e01b-70d9-9378-9efce61706a3
PRESIDENT;01a02706-e01b-70d9-9378-9efdcdefe091
Pabllo Vittar;01a02706-e01b-70d9-9378-9efe653298bc
Pablo Alborán;01a02706-e01b-70d9-9378-9eff501ebfe4
Pamela Kurt;01a02706-e01b-70d9-9378-9f003b156481
Paolo Conte;01a02706-e01b-70d9-9378-9f0110c86782
Paolo Nutini;01a02706-e01b-70d9-9378-9f02feb9a3ea
Papa Roach;01a02706-e01b-70d9-9378-9f03d21a4f42
Paramount+ AU;01a02706-e01b-70d9-9378-9f04f2552219
Paris Paloma;01a02706-e01b-70d9-9378-9f051b7a236b
Parmalee;01a02706-e01b-70d9-9378-9f069dbdf022
Pascal Obispo;01a02706-e01b-70d9-9378-9f0795bebae2
Passenger;01a02706-e01b-70d9-9378-9f080ce1a45f
Pastor Mike Jr.;01a02706-e01b-70d9-9378-9f09659cb81d
Pat B;01a02706-e01b-70d9-9378-9f0ade3450a4
Paul Alexander Nolan;01a02706-e01b-70d9-9378-9f0b0d38574c
Paul Elstak;01a02706-e01b-70d9-9378-9f0c21b2ed66
Paul Frege;01a02706-e01b-70d9-9378-9f0dfaa88f76
Paul Heaton;01a02706-e01b-70d9-9378-9f0ed041e74b
Paul Kalkbrenner;01a02706-e01b-70d9-9378-9f0fef54e16c
Paul Keen;01a02706-e01b-70d9-9378-9f10f7eeda7f
Paul McCartney;01a02706-e01b-70d9-9378-9f118a610fbd
Paula Arias;01a02706-e01b-70d9-9378-9f12ff4c5c6e
Paula Cole;01a02706-e01b-70d9-9378-9f1373ce6c95
Pauline Pantsdown;01a02706-e01b-70d9-9378-9f148707650e
Paveier;01a02706-e01b-70d9-9378-9f15e9334136
Peabo Bryson;01a02706-e01b-70d9-9378-9f16faf8aade
Pendulum;01a02706-e01b-70d9-9378-9f1747a7448e
Penthouse;01a02706-e01b-70d9-9378-9f18d8c78acb
Peppino di Capri;01a02706-e01b-70d9-9378-9f19cbf414a4
Perrie;01a02706-e01b-70d9-9378-9f1a675ee719
Perry Como;01a02706-e01b-70d9-9378-9f1b8e13aaa5
Peso Pluma;01a02706-e01b-70d9-9378-9f1c126c5d73
Pete Murray;01a02706-e01b-70d9-9378-9f1d906e1ba0
Pete Parkkonen;01a02706-e01b-70d9-9378-9f1ed92956c4
Peter Allen;01a02706-e01b-70d9-9378-9f1f31d782e6
Peter Andre;01a02706-e01b-70d9-9378-9f209bd72d66
Peter Brogan;01a02706-e01b-70d9-9378-9f2177cb74c8
Peter Gabriel;01a02706-e01b-70d9-9378-9f22f09f670f
Peter Gregson;01a02706-e01b-70d9-9378-9f23378488a6
Peter Maffay;01a02706-e01b-70d9-9378-9f249eac8ec5
Peter Peter;01a02706-e01b-70d9-9378-9f25ffb726cf
Peter Schilling;01a02706-e01b-70d9-9378-9f26640de433
Phantom Of The Synth;01a02706-e01b-70d9-9378-9f2786c53c50
Phantom Siita;01a02706-e01b-70d9-9378-9f28456f1faa
PhaseSyndicate;01a02706-e01b-70d9-9378-9f2973223d51
Phil Collins;01a02706-e01b-70d9-9378-9f2ad99742cd
Phil Wickham;01a02706-e01b-70d9-9378-9f2bffa2e616
Philharmonia Orchestra;01a02706-e01b-70d9-9378-9f2c9a59cddc
Philipp Dittberner;01a02706-e01b-70d9-9378-9f2d6239493d
Philipp Poisel;01a02706-e01b-70d9-9378-9f2e353ec7ad
Phillip Phillips;01a02706-e01b-70d9-9378-9f2f4dc2ec34
Phoebe Bridgers;01a02706-e01b-70d9-9378-9f300b0574fe
Phoenix;01a02706-e01b-70d9-9378-9f317516b35b
Phuwin;01a02706-e01b-70d9-9378-9f324062153d
Pia-Sophie;01a02706-e01b-70d9-9378-9f33b8b135e8
Picheolin;01a02706-e01b-70d9-9378-9f3481ae141e
Pierre de Maere;01a02706-e01b-70d9-9378-9f357f2cd3b4
Pietro Basile;01a02706-e01b-70d9-9378-9f36a4dcb77b
Pietro Lombardi;01a02706-e01b-70d9-9378-9f37750d1170
Pinguini Tattici Nucleari;01a02706-e01b-70d9-9378-9f38b707b875
Pink Floyd;01a02706-e01b-70d9-9378-9f391b9d1959
PinkPantheress;01a02706-e01b-70d9-9378-9f3a1d369c5d
Pitbull;01a02706-e01b-70d9-9378-9f3bfe770e7b
Placebo;01a02706-e01b-70d9-9378-9f3ce6b15843
Plastic Bertrand;01a02706-e01b-70d9-9378-9f3dd3829516
Play-N-Skillz;01a02706-e01b-70d9-9378-9f3ed0ee0d0e
Playful Devotion;01a02706-e01b-70d9-9378-9f3f53b55d09
Playlunch;01a02706-e01b-70d9-9378-9f4065506b01
Polkadot Stingray;01a02706-e01b-70d9-9378-9f4164668541
Pompompurin;01a02706-e01b-70d9-9378-9f4201f64bcc
Pond Naravit;01a02706-e01b-70d9-9378-9f43a7a81a84
Poppy Baskcomb;01a02706-e01b-70d9-9378-9f4453dc347e
Por Suppakarn;01a02706-e01b-70d9-9378-9f45d9ee1441
Porno Graffitti;01a02706-e01b-70d9-9378-9f4678771d4a
Porter Robinson;01a02706-e01b-70d9-9378-9f477c3e1abe
Post Malone;01a02706-e01b-70d9-9378-9f48b306a29b
Poveri;01a02706-e01b-70d9-9378-9f49f3a23edc
Presencia Project;01a02706-e01b-70d9-9378-9f4a6388eed1
Prince;01a02706-e01b-70d9-9378-9f4bc9dfef47
Prince Royce;01a02706-e01b-70d9-9378-9f4c1b4d71f3
Procol Harum;01a02706-e01b-70d9-9378-9f4d62a2f549
Prof;01a02706-e01b-70d9-9378-9f4ef139ee8e
Prospa;01a02706-e01b-70d9-9378-9f4fa1362f3e
Pulp;01a02706-e01b-70d9-9378-9f5050b67d81
Punch;01a02706-e01b-70d9-9378-9f510de7f433
Pupo;01a02706-e01b-70d9-9378-9f52fcc353b8
Puretone;01a02706-e01b-70d9-9378-9f53082947df
Puscifer;01a02706-e01b-70d9-9378-9f54d74a8092
Pynk Beard;01a02706-e01b-70d9-9378-9f5505ad81db
QUARTET NIGHT;01a02706-e01b-70d9-9378-9f564dc515da
Queen;01a02706-e01b-70d9-9378-9f5794ebd1f3
Queen Butterfly;01a02706-e01b-70d9-9378-9f58e22c577e
Queen Labyrinth of the Ocean Floor;01a02706-e01b-70d9-9378-9f59ad01993f
Queen Omega;01a02706-e01b-70d9-9378-9f5a08a9c85f
Queens of the Stone Age;01a02706-e01b-70d9-9378-9f5bcd89abb2
Quevedo;01a02706-e01b-70d9-9378-9f5c94e53598
R.E.M.;01a02706-e01b-70d9-9378-9f5dec6e478b
RADWIMPS;01a02706-e01b-70d9-9378-9f5ec06d5e5a
RAF Camora;01a02706-e01b-70d9-9378-9f5fd6d7a8f8
RAHEL;01a02706-e01b-70d9-9378-9f609c8d4c0f
RAHH;01a02706-e01b-70d9-9378-9f61ad7aa397
RANI;01a02706-e01b-70d9-9378-9f627efc9594
RANMARU KUROSAKI(CV.Tatsuhisa Suzuki);01a02706-e01b-70d9-9378-9f6389a3ff8a
RASELHITS;01a02706-e01b-70d9-9378-9f6418dde059
RAYE;01a02706-e01b-70d9-9378-9f6562361e59
REI AMI;01a02706-e01b-70d9-9378-9f6681a0749e
REIJI KOTOBUKI(CV.Showtaro Morikubo);01a02706-e01b-70d9-9378-9f67229df6b3
RENJUN;01a02706-e01b-70d9-9378-9f68140ad78e
RIAN;01a02706-e01b-70d9-9378-9f6905dd0324
RIIZE;01a02706-e01b-70d9-9378-9f6ac7b4ac0c
RIKON;01a02706-e01b-70d9-9378-9f6b84f71818
RM;01a02706-e01b-70d9-9378-9f6c41c5e9dd
ROCKY;01a02706-e01b-70d9-9378-9f6dccfdb085
ROID;01a02706-e01b-70d9-9378-9f6eaa806792
ROIROM;01a02706-e01b-70d9-9378-9f6fd8234548
ROLE MODEL;01a02706-e01b-70d9-9378-9f705bbcb452
ROSALÍA;01a02706-e01b-70d9-9378-9f71adbf631c
ROSÉ;01a02706-e01b-70d9-9378-9f727b6611cc
RYEOWOOK;01a02706-e01b-70d9-9378-9f73da87433c
Rachel Platten;01a02706-e01b-70d9-9378-9f746eb141d8
Radiohead;01a02706-e01b-70d9-9378-9f7516057586
Raf;01a02706-e01b-70d9-9378-9f76903a5f27
Ragal Ironbull;01a02706-e01b-70d9-9378-9f77d9d38620
Rage Against the Machine;01a02706-e01b-70d9-9378-9f78ebd9fdc1
Ragnar Bloodclaw;01a02706-e01b-70d9-9378-9f792fb9ef51
Ralph McTell;01a02706-e01b-70d9-9378-9f7a8e72c513
Ralphi Rosario;01a02706-e01b-70d9-9378-9f7be6bb804f
Ramazan;01a02706-e01b-70d9-9378-9f7cef1664bb
Ramin Djawadi;01a02706-e01b-70d9-9378-9f7dc42325a0
Randy Newman;01a02706-e01b-70d9-9378-9f7e9f2ecb2e
Ranjit Kaur;01a02706-e01b-70d9-9378-9f7f7dc552c7
Rascal Flatts;01a02706-e01b-70d9-9378-9f80226b5f7b
Raul;01a02706-e01b-70d9-9378-9f8171687932
Rauw Alejandro;01a02706-e01b-70d9-9378-9f8251f784f4
Raven Sage;01a02706-e01b-70d9-9378-9f83d42c0727
Ravyn Lenae;01a02706-e01b-70d9-9378-9f841934b493
Ray Charles;01a02706-e01b-70d9-9378-9f853e19d28a
Re:vale;01a02706-e01b-70d9-9378-9f861b3c245d
Rea Garvey;01a02706-e01b-70d9-9378-9f8702fcc4de
Real America's Music;01a02706-e01b-70d9-9378-9f88032361f8
Rebecca Armstrong;01a02706-e01b-70d9-9378-9f89f32f655c
Reble;01a02706-e01b-70d9-9378-9f8a021c7aee
Red Grizz;01a02706-e01b-70d9-9378-9f8bba2835f3
Red Velvet;01a02706-e01b-70d9-9378-9f8cf5f42195
RedOne;01a02706-e01b-70d9-9378-9f8dc41b1112
Redbone;01a02706-e01b-70d9-9378-9f8e27628cdf
Redgum;01a02706-e01b-70d9-9378-9f8fb4dab620
Reggie;01a02706-e01b-70d9-9378-9f90872251c0
Regina Belle;01a02706-e01b-70d9-9378-9f91f05fd265
Reinier Zonneveld;01a02706-e01b-70d9-9378-9f92b5779a17
Rema;01a02706-e01b-70d9-9378-9f932c20e98c
Remioromen;01a02706-e01b-70d9-9378-9f949f9f3c1c
Remy Ma;01a02706-e01b-70d9-9378-9f9518401f69
Ren;01a02706-e01b-70d9-9378-9f96f681355d
Ren Meguro;01a02706-e01b-70d9-9378-9f97197654dd
ReoNa;01a02706-e01b-70d9-9378-9f98740a1f9d
Return to Peace;01a02706-e01b-70d9-9378-9f994d638e56
Rex;01a02706-e01b-70d9-9378-9f9a302d9656
Rey Tony;01a02706-e01b-70d9-9378-9f9b111a7853
Rhein Kraft (CV: Nanae Kojima);01a02706-e01b-70d9-9378-9f9cd9004544
Rhy Elliot;01a02706-e01b-70d9-9378-9f9d1bdd1263
Ricchi;01a02706-e01b-70d9-9378-9f9ed91838d1
Ricci G;01a02706-e01b-70d9-9378-9f9f31cfdb9f
Richard Durand;01a02706-e01b-70d9-9378-9fa04eb8fc6d
Richard X;01a02706-e01b-70d9-9378-9fa1ef2c7e34
Rick Astley;01a02706-e01b-70d9-9378-9fa2c1ffcae2
Ricky Martin;01a02706-e01b-70d9-9378-9fa330ab36e6
Rico Nasty;01a02706-e01b-70d9-9378-9fa4f76e71cb
Riley Green;01a02706-e01b-70d9-9378-9fa5662c94f5
Rinami Himesaki;01a02706-e01b-70d9-9378-9fa6875623a0
Rindo Chihaya;01a02706-e01b-70d9-9378-9fa7e3890b4b
Ringlstetter;01a02706-e01b-70d9-9378-9fa8503faabf
Ringo Starr;01a02706-e01b-70d9-9378-9fa9af409676
River;01a02706-e01b-70d9-9378-9faa899be6df
River Cain;01a02706-e01b-70d9-9378-9fabbd9fb189
Rkomi;01a02706-e01b-70d9-9378-9face0d87a90
RnBoi;01a02706-e01b-70d9-9378-9fad306f7f72
Road Boyyz;01a02706-e01b-70d9-9378-9fae4c09cf8b
Rob Simonsen;01a02706-e01b-70d9-9378-9fafb265eb44
Rob Zombie;01a02706-e01b-70d9-9378-9fb0b622990b
Robbie Williams;01a02706-e01b-70d9-9378-9fb11ce0e469
Robert Miles;01a02706-e01b-70d9-9378-9fb210ba52ee
Robert Smith;01a02706-e01b-70d9-9378-9fb31bb9a4ee
Robert Ziegler;01a02706-e01b-70d9-9378-9fb4a02e634c
Robert van Hemert;01a02706-e01b-70d9-9378-9fb5963d4f61
Roberta Flack;01a02706-e01b-70d9-9378-9fb67999b7b6
Robin Schulz;01a02706-e01b-70d9-9378-9fb78cf68849
Robyn;01a02706-e01b-70d9-9378-9fb800d2c154
Rockin' Jukebox;01a02706-e01b-70d9-9378-9fb9fccde39a
Rodrigo Amarante;01a02706-e01b-70d9-9378-9fba2511600b
Roger Taylor;01a02706-e01b-70d9-9378-9fbba5225559
Roger Waters;01a02706-e01b-70d9-9378-9fbc36682000
Rogue Traders;01a02706-e01b-70d9-9378-9fbdf9351976
Rohff;01a02706-e01b-70d9-9378-9fbecbea67cd
Rokston;01a02706-e01b-70d9-9378-9fbf83abb15c
Roland Kaiser;01a02706-e01b-70d9-9378-9fc0d6174f1e
Rolf Sanchez;01a02706-e01b-70d9-9378-9fc163073628
Rolf Zuckowski und seine Freunde;01a02706-e01b-70d9-9378-9fc22d904820
Roman Neyer;01a02706-e01b-70d9-9378-9fc3f41efdd8
Romeo Santos;01a02706-e01b-70d9-9378-9fc43b8ebe69
Roméo Elvis;01a02706-e01b-70d9-9378-9fc54781089e
Ron Goodwin;01a02706-e01b-70d9-9378-9fc69c78823b
Ronan Keating;01a02706-e01b-70d9-9378-9fc7a2fcd302
Ronnie Flex;01a02706-e01b-70d9-9378-9fc81ccd432a
Rook;01a02706-e01b-70d9-9378-9fc9f93d3e36
Rosa Walton;01a02706-e01b-70d9-9378-9fcaa5fbc83a
Rose Kingdom (CV: Yurina Kikuchi);01a02706-e01b-70d9-9378-9fcb46159ab8
Rose May Alaba;01a02706-e01b-70d9-9378-9fcc71378c52
Roshan;01a02706-e01b-70d9-9378-9fcdc724081e
Roxy Dekker;01a02706-e01b-70d9-9378-9fce228fbe1b
Roy Bianco;01a02706-e01b-70d9-9378-9fcffd23c709
Royal Blood;01a02706-e01b-70d9-9378-9fd050046653
Royal Fox Society;01a02706-e01b-70d9-9378-9fd16b2d09e8
Royal Philharmonic Orchestra;01a02706-e01b-70d9-9378-9fd2f073fe78
Ruby Black;01a02706-e01b-70d9-9378-9fd3ad375134
Rulership (CV: Mizutama Umino);01a02706-e01b-70d9-9378-9fd4f749d24a
Rumi;01a02706-e01b-70d9-9378-9fd58d3a9d00
Rush;01a02706-e01b-70d9-9378-9fd6df6072fa
Russell Morris;01a02706-e01b-70d9-9378-9fd741ffece3
Rutger Van Barneveld;01a02706-e01b-70d9-9378-9fd8e69532ac
Ruth Slade;01a02706-e01b-70d9-9378-9fd9e3a17cdf
Rvssian;01a02706-e01b-70d9-9378-9fdad5a0c070
Ryan Bingham;01a02706-e01b-70d9-9378-9fdbb5dc8f9c
Ryan Castro;01a02706-e01b-70d9-9378-9fdcefada6a7
Ryohei Abe;01a02706-e01b-70d9-9378-9fdd7964e2c8
Ryoki Miyama;01a02706-e01b-70d9-9378-9fde4c71bf7a
Ryokuoushoku Shakai;01a02706-e01b-70d9-9378-9fdff2951102
Ryosuke Yamada;01a02706-e01b-70d9-9378-9fe0fe2619c6
Räuber;01a02706-e01b-70d9-9378-9fe138be2974
S10;01a02706-e01b-70d9-9378-9fe2044c634e
SACHA;01a02706-e01b-70d9-9378-9fe3027b7c6d
SAINT PHNX;01a02706-e01b-70d9-9378-9fe4fdcf4042
SANTA;01a02706-e01b-70d9-9378-9fe5b25f39e7
SANTOS BRAVOS;01a02706-e01b-70d9-9378-9fe6bab8b168
SAiiLOR;01a02706-e01b-70d9-9378-9fe748ba4274
SB19;01a02706-e01b-70d9-9378-9fe83af1b866
SCANDAL (JP);01a02706-e01b-70d9-9378-9fe90058b842
SCATTERBRAIN;01a02706-e01b-70d9-9378-9fea4bf0b056
SEHUN;01a02706-e01b-70d9-9378-9feb7259df08
SEKAI NO OWARI;01a02706-e01b-70d9-9378-9fec744a501c
SEOK MATTHEW;01a02706-e01b-70d9-9378-9fed3967eaa0
SEVENTEEN;01a02706-e01b-70d9-9378-9feeb9fe35e5
SG;01a02706-e01b-70d9-9378-9feffd6717db
SHINee;01a02706-e01b-70d9-9378-9ff0688bf2e0
SHION AMAKUSA(CV.Daiki Yamashita);01a02706-e01b-70d9-9378-9ff1c83b3f53
SHUNTO (BE:FIRST);01a02706-e01b-70d9-9378-9ff24aff59b6
SIENNA SPIRO;01a02706-e01b-70d9-9378-9ff3b2310662
SK.music;01a02706-e01b-70d9-9378-9ff491f90d54
SOFI TUKKER;01a02706-e01b-70d9-9378-9ff5330c98f2
SOLTO (FR);01a02706-e01b-70d9-9378-9ff61520f389
SOOBIN;01a02706-e01b-70d9-9378-9ff7f3d48ff6
SOPHIA;01a02706-e01b-70d9-9378-9ff8fd5751ec
SOUL ARCHIVE ROOM;01a02706-e01b-70d9-9378-9ff9c17bb2b5
SPEED;01a02706-e01b-70d9-9378-9ffaf81c9b99
STARGLOW;01a02706-e01b-70d9-9378-9ffb559cb8ec
STARSET;01a02706-e01b-70d9-9378-9ffc2351d4f6
STELLA LEFTY;01a02706-e01b-70d9-9378-9ffd78589388
STOSLIV;01a02706-e01b-70d9-9378-9ffe28632ae7
ST☆RISH;01a02706-e01b-70d9-9378-9fffcbf9a8ce
SUNG HAN BIN;01a02706-e01b-70d9-9378-a00000163842
SUNGHO;01a02706-e01b-70d9-9378-a001e29158ec
SUPER BEAVER;01a02706-e01b-70d9-9378-a0023dff35f1
SUPER EIGHT;01a02706-e01b-70d9-9378-a00392512f62
SUPER JUNIOR-83z;01a02706-e01b-70d9-9378-a004522d6c6b
SZA;01a02706-e01b-70d9-9378-a0058b36e315
Sabaton;01a02706-e01b-70d9-9378-a0061390bcf8
Sabrina Carpenter;01a02706-e01b-70d9-9378-a007c01fdaa1
Sade;01a02706-e01b-70d9-9378-a008b9c39f6d
Sadie Barlow;01a02706-e01b-70d9-9378-a009ba8e3878
Sahir Ludhianvi - Ishq Jalakar;01a02706-e01b-70d9-9378-a00aa7f3470f
Saint Rene;01a02706-e01b-70d9-9378-a00b17d1defc
Saja Boys;01a02706-e01b-70d9-9378-a00c0da853e7
Saki Hanami;01a02706-e01b-70d9-9378-a00d7be607c6
Sakura Miko;01a02706-e01b-70d9-9378-a00ebb029941
Sakurazaka46;01a02706-e01b-70d9-9378-a00f52da1200
Sal da Vinci;01a02706-e01b-70d9-9378-a0101431775c
Saliou;01a02706-e01b-70d9-9378-a01197e24a98
Salt-n-Pepa;01a02706-e01b-70d9-9378-a01223b40918
Saltatio Mortis;01a02706-e01b-70d9-9378-a0130b5fa744
Salve;01a02706-e01b-70d9-9378-a0148360a6d0
Sam Fender;01a02706-e01b-70d9-9378-a01516304321
Sam Harper;01a02706-e01b-70d9-9378-a016f9e8f8f1
Sam Smith;01a02706-e01b-70d9-9378-a0174894ec8e
Sammy Virji;01a02706-e01b-70d9-9378-a0180904aadd
Samra;01a02706-e01b-70d9-9378-a0190bcc60e1
Samuel Welten;01a02706-e01b-70d9-9378-a01a767d1553
Samurai Jay;01a02706-e01b-70d9-9378-a01b2b636182
Sanna Nielsen;01a02706-e01b-70d9-9378-a01c6efc6547
Santana;01a02706-e01b-70d9-9378-a01df06205cc
Sara Bareilles;01a02706-e01b-70d9-9378-a01e00ecd5ba
Sarah Connor;01a02706-e01b-70d9-9378-a01ff587fee4
Sarah Engels;01a02706-e01b-70d9-9378-a02088c3d2ad
Sarah Hession;01a02706-e01b-70d9-9378-a02105758060
Sarah McLachlan;01a02706-e01b-70d9-9378-a022d1478e3a
Sarah Toscano;01a02706-e01b-70d9-9378-a023200b03df
Sasanuki;01a02706-e01b-70d9-9378-a024b37d68b0
Saskia Leppin;01a02706-e01b-70d9-9378-a025ec16716d
Satinder Sartaaj;01a02706-e01b-70d9-9378-a026a96814ed
Savannah Jade;01a02706-e01b-70d9-9378-a0274b26746d
SawanoHiroyuki[nZk];01a02706-e01b-70d9-9378-a02870a29b2e
Saxboy Billy;01a02706-e01b-70d9-9378-a029c7d9d474
Saya Gray;01a02706-e01b-70d9-9378-a02aa7a7e25e
Sayaka Yamamoto;01a02706-e01b-70d9-9378-a02bc7b91b3c
Sayf;01a02706-e01b-70d9-9378-a02cf17d57f3
Schürze;01a02706-e01b-70d9-9378-a02df3791e0c
Scooter;01a02706-e01b-70d9-9378-a02ef8f0f341
Scorpions;01a02706-e01b-70d9-9378-a02fac28df95
Scotty McCreery;01a02706-e01b-70d9-9378-a030b0a88380
Scouting for Girls;01a02706-e01b-70d9-9378-a0319fa602e3
Seals;01a02706-e01b-70d9-9378-a0321edb8e88
Sean Paul featuring Keyshia Cole;01a02706-e01b-70d9-9378-a033f481b645
Seiji Yokoyama;01a02706-e01b-70d9-9378-a034edc9c9e0
Selena Gomez;01a02706-e01b-70d9-9378-a03539404636
Selim Öztürk;01a02706-e01b-70d9-9378-a0367a0eca1a
Sena Juo;01a02706-e01b-70d9-9378-a037bacde0b0
Senhit;01a02706-e01b-70d9-9378-a038d6a58bb9
SennaRin;01a02706-e01b-70d9-9378-a039cbd69e68
Sepultura;01a02706-e01b-70d9-9378-a03ab18e5333
Serena Brancale;01a02706-e01b-70d9-9378-a03b08c90bf6
Sergey Shnurov;01a02706-e01b-70d9-9378-a03cd6da06a7
Sergio Ramos;01a02706-e01b-70d9-9378-a03db529a68e
Sergio Tiempo;01a02706-e01b-70d9-9378-a03edd907d78
Servus Mariae;01a02706-e01b-70d9-9378-a03f9362e7e4
Sevendust;01a02706-e01b-70d9-9378-a040799d3fe9
Shaboozey;01a02706-e01b-70d9-9378-a0410445af8d
Shaggy;01a02706-e01b-70d9-9378-a04218de8b93
Shahzad Ali;01a02706-e01b-70d9-9378-a0431e22c395
Shakespears Sister;01a02706-e01b-70d9-9378-a044282ab343
Shakira;01a02706-e01b-70d9-9378-a045a0485895
Sham Rock;01a02706-e01b-70d9-9378-a046ce37c8c3
Shania Twain;01a02706-e01b-70d9-9378-a04768d2c3cf
Shashwat Sachdev;01a02706-e01b-70d9-9378-a04887a72da7
She is Legend;01a02706-e01b-70d9-9378-a049361eedae
She's All Music;01a02706-e01b-70d9-9378-a04a788692a6
Sheena Ringo;01a02706-e01b-70d9-9378-a04be0ab4f44
Sheena Taylor;01a02706-e01b-70d9-9378-a04c43c21f8b
Sheikh Abdulkarim Al-Fatani;01a02706-e01b-70d9-9378-a04d4cc10853
Sheila;01a02706-e01b-70d9-9378-a04e2f75075e
Shenseea;01a02706-e01b-70d9-9378-a04f37e3b680
Sheppard;01a02706-e01b-70d9-9378-a050193690d3
SherellHodge;01a02706-e01b-70d9-9378-a051225f4e2f
Shift to Abundance;01a02706-e01b-70d9-9378-a052937eca63
Shifty Brent;01a02706-e01b-70d9-9378-a0534c8e1dfd
Shigure Ui;01a02706-e01b-70d9-9378-a05492671aeb
Shikao Suga;01a02706-e01b-70d9-9378-a055cffaae1e
Shimajiro(CV:Mogami Tsuguo);01a02706-e01b-70d9-9378-a05601c53bf0
Shindy;01a02706-e01b-70d9-9378-a057f2bbb9ca
Shinedown;01a02706-e01b-70d9-9378-a0589c850cfb
Shiranui Flare;01a02706-e01b-70d9-9378-a0592d1cbceb
Shirin David;01a02706-e01b-70d9-9378-a05acd88aae7
Shisa(CV:Shimabukuro Miyuri);01a02706-e01b-70d9-9378-a05b625fd4cb
Shoshana Bean;01a02706-e01b-70d9-9378-a05c1c1ab6e8
Shota Watanabe;01a02706-e01b-70d9-9378-a05da9a00af5
ShowMinorSavage;01a02706-e01b-70d9-9378-a05e2482a752
Showtek;01a02706-e01b-70d9-9378-a05f9df76423
Shu Itsuki(CV.Hiroki Takahashi);01a02706-e01b-70d9-9378-a06022969c4d
Shunned at a Funeral;01a02706-e01b-70d9-9378-a06115651dc6
Shyra Sanchez;01a02706-e01b-70d9-9378-a062a13cde72
Sia;01a02706-e01b-70d9-9378-a063049cb212
Sidhu Moose Wala;01a02706-e01b-70d9-9378-a0645268223d
Sido;01a02706-e01b-70d9-9378-a0656ee6622d
Siks;01a02706-e01b-70d9-9378-a0669d3c5989
Silas Thorne Music;01a02706-e01b-70d9-9378-a06713bac3dd
Silent Addy;01a02706-e01b-70d9-9378-a068b6bfdea7
Silhouette;01a02706-e01b-70d9-9378-a0694d8b990c
Silva Bumpa;01a02706-e01b-70d9-9378-a06a6c0100f3
Silver Panda;01a02706-e01b-70d9-9378-a06b8354dbbc
Simon Says;01a02706-e01b-70d9-9378-a06c84a4c10e
Simply Red;01a02706-e01b-70d9-9378-a06db6047125
Sinéad O'Connor;01a02706-e01b-70d9-9378-a06e6138e05b
Sir Anthony Hopkins;01a02706-e01b-70d9-9378-a06f9bb6eebf
Siren(CV:Suzuki Minori);01a02706-e01b-70d9-9378-a070d37e7887
Sistema Dance 2000;01a02706-e01b-70d9-9378-a071abd81882
Sisters Doll;01a02706-e01b-70d9-9378-a07226177d10
SixTONES;01a02706-e01b-70d9-9378-a073de50ead4
Sixpence None the Richer;01a02706-e01b-70d9-9378-a074ef487f7c
Sizelle;01a02706-e01b-70d9-9378-a075d3105273
Skillet;01a02706-e01b-70d9-9378-a07691fb4fbf
Skillibeng;01a02706-e01b-70d9-9378-a077bee077b8
Skindred;01a02706-e01b-70d9-9378-a07804a05c1a
Skream;01a02706-e01b-70d9-9378-a0792230374f
SkyDxddy;01a02706-e01b-70d9-9378-a07ab35d9284
Skye Newman;01a02706-e01b-70d9-9378-a07bb8580229
Skylar Grey;01a02706-e01b-70d9-9378-a07c1107065e
Slayyyter;01a02706-e01b-70d9-9378-a07dfe47eb10
Sleep Theory;01a02706-e01b-70d9-9378-a07e2965a7ef
Smash Into Pieces;01a02706-e01b-70d9-9378-a07facab0b04
Snelle;01a02706-e01b-70d9-9378-a0805fbbbc39
Snollebollekes;01a02706-e01b-70d9-9378-a0811c5ba401
Snoop Dogg;01a02706-e01b-70d9-9378-a082a97fc5ce
Snow Man;01a02706-e01b-70d9-9378-a083613de2bf
Snow Patrol;01a02706-e01b-70d9-9378-a08447c14d6d
Soala;01a02706-e01b-70d9-9378-a08578b1b536
Social Distortion;01a02706-e01b-70d9-9378-a086e7a3c224
Soen;01a02706-e01b-70d9-9378-a087e63049b0
Solar;01a02706-e01b-70d9-9378-a0886a7bdff3
Solarkreis;01a02706-e01b-70d9-9378-a0895a0b0998
Solomon Hayes;01a02706-e01b-70d9-9378-a08aef484a8a
Solomon Ray;01a02706-e01b-70d9-9378-a08be08df585
Somos Shemá;01a02706-e01b-70d9-9378-a08cc8cebd38
Son of Son;01a02706-e01b-70d9-9378-a08d72018d78
Song House;01a02706-e01b-70d9-9378-a08e72598b5d
Sonia Liebing;01a02706-e01b-70d9-9378-a08fc1581f4c
Sonic Heart (and Signal);01a02706-e01b-70d9-9378-a090cce8206e
Sonny Fodera;01a02706-e01b-70d9-9378-a091f2277eeb
Sonny Green;01a02706-e01b-70d9-9378-a092bb36ada3
Sons;01a02706-e01b-70d9-9378-a093aaffc192
Sons of Legion;01a02706-e01b-70d9-9378-a094bd46361a
Sophie Ellis-Bextor;01a02706-e01b-70d9-9378-a09582370324
Sou Hayase;01a02706-e01b-70d9-9378-a0960400c9ec
Soul Brothers Syndicate;01a02706-e01b-70d9-9378-a097b135630b
Souled Out;01a02706-e01b-70d9-9378-a0985e1e85a8
Soulfly;01a02706-e01b-70d9-9378-a099dcd0633e
Sound Of Legend;01a02706-e01b-70d9-9378-a09ab5de363c
Southern All Stars;01a02706-e01b-70d9-9378-a09bf95d9e4a
Spalexma;01a02706-e01b-70d9-9378-a09cf988f010
Special Week (CV: Azumi Wake);01a02706-e01b-70d9-9378-a09d16b889f3
Spencer Hatcher;01a02706-e01b-70d9-9378-a09e8bfeb0e7
Spiral Starecase;01a02706-e01b-70d9-9378-a09f87883a94
Spitz;01a02706-e01b-70d9-9378-a0a08c84115a
Sportfreunde Stiller;01a02706-e01b-70d9-9378-a0a198ec46b3
Squeeze;01a02706-e01b-70d9-9378-a0a2da1f71b6
Stan Walker;01a02706-e01b-70d9-9378-a0a32bbff10f
Star Academy;01a02706-e01b-70d9-9378-a0a458805b75
Starsailor;01a02706-e01b-70d9-9378-a0a5970ffc6e
Starship;01a02706-e01b-70d9-9378-a0a6a5fe56a4
Status;01a02706-e01b-70d9-9378-a0a7e26978c7
Stay Gold (CV: Satsumi Matsuda);01a02706-e01b-70d9-9378-a0a8a176284f
Staying Alive;01a02706-e01b-70d9-9378-a0a98f670a06
Steffen Sturm;01a02706-e01b-70d9-9378-a0aa9255fd11
Steph Fraser;01a02706-e01b-70d9-9378-a0ab53530aed
Stephen Sanchez;01a02706-e01b-70d9-9378-a0ac28b0f729
Stephen Wilson Jr.;01a02706-e01b-70d9-9378-a0ad3116b8b0
Stereoact;01a02706-e01b-70d9-9378-a0aede3ffd48
Steve Aoki;01a02706-e01b-70d9-9378-a0af772b06f7
Steve Gruber and the Freedom Project;01a02706-e01b-70d9-9378-a0b0d2cd949e
Steve Lacy;01a02706-e01b-70d9-9378-a0b1a3089f30
Steve Perry;01a02706-e01b-70d9-9378-a0b21658e36e
Stevie Nicks;01a02706-e01b-70d9-9378-a0b37da99ceb
Stevie Wonder;01a02706-e01b-70d9-9378-a0b4e0669e24
Stick Figure;01a02706-e01b-70d9-9378-a0b5006d486b
Still in Love (CV: Saki Miyashita);01a02706-e01b-70d9-9378-a0b69a0bec40
Sting;01a02706-e01b-70d9-9378-a0b71b3bb5c3
Story of the Year;01a02706-e01b-70d9-9378-a0b8366967fd
Stray Kids;01a02706-e01b-70d9-9378-a0b9afba96ba
Stromae;01a02706-e01b-70d9-9378-a0ba36ceebd0
Styx;01a02706-e01b-70d9-9378-a0bb416e3cb2
Subhadeep Das Chowdhury;01a02706-e01b-70d9-9378-a0bc8e7edcb4
Sudhir Yaduvanshi;01a02706-e01b-70d9-9378-a0bde705505c
Sukimaswitch;01a02706-e01b-70d9-9378-a0be2dfac49f
Sumika Shiun;01a02706-e01b-70d9-9378-a0bf499aaa15
Summer Cem;01a02706-e01b-70d9-9378-a0c0c1a1c117
Superdays;01a02706-e01b-70d9-9378-a0c1e0fef298
SurNervis;01a02706-e01b-70d9-9378-a0c2660fd2bd
Survive Said The Prophet;01a02706-e01b-70d9-9378-a0c3e09e533f
Survivor;01a02706-e01b-70d9-9378-a0c499dabff6
Suzan;01a02706-e01b-70d9-9378-a0c5b57acd34
Suzane;01a02706-e01b-70d9-9378-a0c65a31c512
Suzi Quatro;01a02706-e01b-70d9-9378-a0c7a8be0e64
Swae Lee;01a02706-e01b-70d9-9378-a0c8bae44128
Sweat;01a02706-e01b-70d9-9378-a0c90fd0da4b
Swedish House Mafia;01a02706-e01b-70d9-9378-a0ca13ab1c15
Sydnie Christmas;01a02706-e01b-70d9-9378-a0cbaf35059b
Sylver;01a02706-e01b-70d9-9378-a0cc3cc5940c
Sylvie Kreusch;01a02706-e01b-70d9-9378-a0cdd47cebe8
Symboli Kris S (CV: Meiku Harukawa);01a02706-e01b-70d9-9378-a0cefb50dea8
Symon Hook;01a02706-e01b-70d9-9378-a0cf3e5a065c
Syo Kurusu;01a02706-e01b-70d9-9378-a0d0ae727d7a
Sébastien Tellier;01a02706-e01b-70d9-9378-a0d174010406
T.I.;01a02706-e01b-70d9-9378-a0d227bd0d04
T.M.Revolution;01a02706-e01b-70d9-9378-a0d389d45f1e
T.M.Revolution - HOT LIMIT;01a02706-e01b-70d9-9378-a0d462a03e9c
T.N.T;01a02706-e01b-70d9-9378-a0d54ae7bd2b
T.O.P;01a02706-e01b-70d9-9378-a0d64e8b5a89
TAEHYUN;01a02706-e01b-70d9-9378-a0d7fa1c7661
TAEMIN;01a02706-e01b-70d9-9378-a0d8a0651090
TAEYEON;01a02706-e01b-70d9-9378-a0d9f92dc8c4
TAEYONG;01a02706-e01b-70d9-9378-a0da9865320c
TAGRIGHT;01a02706-e01b-70d9-9378-a0db8ac76197
TAKARA;01a02706-e01b-70d9-9378-a0dc596b9d81
TAKU INOUE;01a02706-e01b-70d9-9378-a0dd3fcbfda3
TAKUMI OZAKI;01a02706-e01b-70d9-9378-a0de8d950cad
TELYKAST;01a02706-e01b-70d9-9378-a0df5e3ca83d
TEN;01a02706-e01c-70a8-a94d-674731b4242b
TENIPURI “D” ALL STARS;01a02706-e01c-70a8-a94d-67488af87740
TG5;01a02706-e01c-70a8-a94d-674928e9f628
THE 8;01a02706-e01c-70a8-a94d-674a61289f6b
THE FUTARI TRAVELER;01a02706-e01c-70a8-a94d-674b95cd885e
TINI;01a02706-e01c-70a8-a94d-674c19ceadbf
TJARK;01a02706-e01c-70a8-a94d-674d8f4e5bfb
TK from Ling tosite sigure;01a02706-e01c-70a8-a94d-674e10a51d2c
TK from 凛として時雨;01a02706-e01c-70a8-a94d-674f91575651
TLE MATIMUN;01a02706-e01c-70a8-a94d-6750ae632ae5
TOCHTER;01a02706-e01c-70a8-a94d-6751f6a73899
TOMOO;01a02706-e01c-70a8-a94d-67529ae63f8a
TOMORROW X TOGETHER;01a02706-e01c-70a8-a94d-67536d41f567
TRAP MAFIA HOUSE;01a02706-e01c-70a8-a94d-67545830b18d
TREASURE;01a02706-e01c-70a8-a94d-6755de0cdeb1
TRIADXCNTRL;01a02706-e01c-70a8-a94d-6756a4e64225
TRIGGER;01a02706-e01c-70a8-a94d-67577c9b0f56
TUKI.;01a02706-e01c-70a8-a94d-6758585cdbb7
TV On the Radio;01a02706-e01c-70a8-a94d-67595af53e73
TVXQ!;01a02706-e01c-70a8-a94d-675a7280c451
TWS;01a02706-e01c-70a8-a94d-675b5142631a
Tailgunner;01a02706-e01c-70a8-a94d-675cfc7fa635
Tainy;01a02706-e01c-70a8-a94d-675dc8fea924
Takanori Nishikawa;01a02706-e01c-70a8-a94d-675ee7ee357e
Takashi Sorimachi - Poison;01a02706-e01c-70a8-a94d-675f15409719
Take That;01a02706-e01c-70a8-a94d-6760d597e110
Takuya Kimura;01a02706-e01c-70a8-a94d-6761e458ed9e
Talia Mar;01a02706-e01c-70a8-a94d-676214d1a7a9
Tame Impala;01a02706-e01c-70a8-a94d-6763bcb13864
Tammy Wynette;01a02706-e01c-70a8-a94d-6764691b9987
Tani Yuuki;01a02706-e01c-70a8-a94d-6765c2ac5886
Tarja;01a02706-e01c-70a8-a94d-67668000b652
Tarokiki;01a02706-e01c-70a8-a94d-67678fefdc87
Tate Butts;01a02706-e01c-70a8-a94d-6768f0fb3d22
Tate McRae;01a02706-e01c-70a8-a94d-6769c739a8e8
Tatsuya Fukazawa;01a02706-e01c-70a8-a94d-676ac92a85ad
Tatsuya Kitani;01a02706-e01c-70a8-a94d-676b9efde5ef
Taylor Swift;01a02706-e01c-70a8-a94d-676cfede4c62
Tears;01a02706-e01c-70a8-a94d-676d7ab1bcfe
Tears for Fears;01a02706-e01c-70a8-a94d-676efcf1fc81
Ted Nugent;01a02706-e01c-70a8-a94d-676f49e911ec
Teddy Swims;01a02706-e01c-70a8-a94d-6770c9cabb43
TeddyBear;01a02706-e01c-70a8-a94d-677125d77cc8
Tedeschi Trucks Band;01a02706-e01c-70a8-a94d-677268dee01f
Tele;01a02706-e01c-70a8-a94d-6773c8d46d05
Temari Tsukimura;01a02706-e01c-70a8-a94d-6774d4340ec8
Temper City;01a02706-e01c-70a8-a94d-677561e8a1fd
Tems;01a02706-e01c-70a8-a94d-6776f9445a94
Tender May;01a02706-e01c-70a8-a94d-67774b2b581a
Tennessee Ernie Ford;01a02706-e01c-70a8-a94d-6778cd7ede71
Terrian;01a02706-e01c-70a8-a94d-67796fbec40e
Terry Zhong;01a02706-e01c-70a8-a94d-677a505fbe08
Tesla;01a02706-e01c-70a8-a94d-677b21a7e906
Thalia;01a02706-e01c-70a8-a94d-677c60851704
The 502s;01a02706-e01c-70a8-a94d-677ddbd3c720
The Alan Parsons Project;01a02706-e01c-70a8-a94d-677ee5efd2f3
The Amity Affliction;01a02706-e01c-70a8-a94d-677fcbe62e56
The Babys;01a02706-e01c-70a8-a94d-6780549d7826
The Bad Seeds;01a02706-e01c-70a8-a94d-67816d01a1ec
The Bausa;01a02706-e01c-70a8-a94d-67820e3c43bd
The Beaches;01a02706-e01c-70a8-a94d-67839541a4d1
The Beatles;01a02706-e01c-70a8-a94d-678487b5c5ef
The Beautiful South;01a02706-e01c-70a8-a94d-67851f9a0540
The Black Crowes;01a02706-e01c-70a8-a94d-678616f4d6ae
The Black Eyed Peas;01a02706-e01c-70a8-a94d-678748d26df2
The Black Keys;01a02706-e01c-70a8-a94d-67881ea185c2
The Blackout Crew;01a02706-e01c-70a8-a94d-67894767b859
The Bugler;01a02706-e01c-70a8-a94d-678a62270f72
The Bunnymen;01a02706-e01c-70a8-a94d-678b192fd6cc
The Chainsmokers;01a02706-e01c-70a8-a94d-678c2faff890
The Chemical Brothers;01a02706-e01c-70a8-a94d-678d5bf09cfc
The Chicks;01a02706-e01c-70a8-a94d-678edaf1c9e3
The Childish;01a02706-e01c-70a8-a94d-678ff57d52f5
The Cinematic Orchestra;01a02706-e01c-70a8-a94d-6790e112db4d
The Clash;01a02706-e01c-70a8-a94d-67914cefd470
The Claypool Lennon Delirium;01a02706-e01c-70a8-a94d-679276504815
The Cranberries;01a02706-e01c-70a8-a94d-67935b488692
The Damned;01a02706-e01c-70a8-a94d-6794aa822843
The Doobie Brothers;01a02706-e01c-70a8-a94d-67959f1f597b
The Fizz;01a02706-e01c-70a8-a94d-679602d44473
The Format;01a02706-e01c-70a8-a94d-6797013f0e06
The Frames;01a02706-e01c-70a8-a94d-6798f74b29bb
The Game Official;01a02706-e01c-70a8-a94d-6799f9d6523c
The Georgia Satellites;01a02706-e01c-70a8-a94d-679a0329e7ef
The Goo Goo Dolls;01a02706-e01c-70a8-a94d-679b047d4e63
The Handsome Family;01a02706-e01c-70a8-a94d-679c85b16ab8
The Heartbreakers;01a02706-e01c-70a8-a94d-679d20f4b795
The High Kings;01a02706-e01c-70a8-a94d-679ed0289a95
The Housemartins;01a02706-e01c-70a8-a94d-679f01689634
The Hu;01a02706-e01c-70a8-a94d-67a0b4a201be
The Irrepressibles;01a02706-e01c-70a8-a94d-67a17745a5e8
The Kid LAROI;01a02706-e01c-70a8-a94d-67a28bbfc8d2
The Kidd;01a02706-e01c-70a8-a94d-67a3c229b53b
The Killers;01a02706-e01c-70a8-a94d-67a41d726218
The Kolors;01a02706-e01c-70a8-a94d-67a59ce5a19a
The Kooks;01a02706-e01c-70a8-a94d-67a65816d755
The Last Dinner Party;01a02706-e01c-70a8-a94d-67a77f9360a7
The Lightning Seeds;01a02706-e01c-70a8-a94d-67a8d1380905
The Lion;01a02706-e01c-70a8-a94d-67a994607558
The Lyndhurst Orchestra;01a02706-e01c-70a8-a94d-67aa79544e46
The Marías;01a02706-e01c-70a8-a94d-67ab2d535443
The Menzingers;01a02706-e01c-70a8-a94d-67ac1ea222c8
The Milan;01a02706-e01c-70a8-a94d-67ad03fbc40e
The Minions;01a02706-e01c-70a8-a94d-67aec6cbada9
The Molotovs;01a02706-e01c-70a8-a94d-67afeeaf8bbb
The Naughty Jukebox;01a02706-e01c-70a8-a94d-67b0f4127407
The Neal Morse Band;01a02706-e01c-70a8-a94d-67b15efd9025
The New Basement Tapes;01a02706-e01c-70a8-a94d-67b2d75bf67f
The Offspring;01a02706-e01c-70a8-a94d-67b3c5d5bbf1
The Original Cast of 'Paddington The Musical';01a02706-e01c-70a8-a94d-67b44c7afcd1
The Piano Guys;01a02706-e01c-70a8-a94d-67b5ee69f02f
The Police;01a02706-e01c-70a8-a94d-67b67daa8a91
The Pretty Reckless;01a02706-e01c-70a8-a94d-67b7f73dc36e
The Proclaimers;01a02706-e01c-70a8-a94d-67b878724680
The Pussycat Dolls;01a02706-e01c-70a8-a94d-67b951586241
The Red Clay Strays;01a02706-e01c-70a8-a94d-67ba66aaa67b
The Revivalists;01a02706-e01c-70a8-a94d-67bbe76628f1
The Revolution;01a02706-e01c-70a8-a94d-67bcc77e52b2
The Rolling Stones;01a02706-e01c-70a8-a94d-67bdbe7ceaaa
The Ronettes;01a02706-e01c-70a8-a94d-67bed60a137d
The Saints;01a02706-e01c-70a8-a94d-67bf294d337c
The Saw Doctors;01a02706-e01c-70a8-a94d-67c06a19f7b8
The Script;01a02706-e01c-70a8-a94d-67c13293a952
The Second Voice;01a02706-e01c-70a8-a94d-67c26d7d39d7
The Seekers;01a02706-e01c-70a8-a94d-67c3b370ddd6
The Shires;01a02706-e01c-70a8-a94d-67c433913fd4
The Silent Partner;01a02706-e01c-70a8-a94d-67c5247bc678
The Ski Project;01a02706-e01c-70a8-a94d-67c6dcd485a8
The Smashing Pumpkins;01a02706-e01c-70a8-a94d-67c72cfdb58c
The Spinners;01a02706-e01c-70a8-a94d-67c84efb371c
The Stranglers;01a02706-e01c-70a8-a94d-67c9f140d9e2
The Strokes;01a02706-e01c-70a8-a94d-67caeb190a24
The Swell Season;01a02706-e01c-70a8-a94d-67cb7c639bbe
The Temper Trap;01a02706-e01c-70a8-a94d-67cc70aa2a53
The Toonosaurs;01a02706-e01c-70a8-a94d-67cd2b00ea7d
The Tragically Hip;01a02706-e01c-70a8-a94d-67ce2c2da4c2
The Twilight Sad - ATTEMPT A CRASH LANDING;01a02706-e01c-70a8-a94d-67cf758d151f
The Vampire Lestat;01a02706-e01c-70a8-a94d-67d02b12b11f
The Verve;01a02706-e01c-70a8-a94d-67d1fe57c680
The Wailers;01a02706-e01c-70a8-a94d-67d2af63ac26
The Warning;01a02706-e01c-70a8-a94d-67d3c203adbd
The Weeknd;01a02706-e01c-70a8-a94d-67d422f5263d
The Whiskey Brothers;01a02706-e01c-70a8-a94d-67d5acb8d84f
The White Stripes;01a02706-e01c-70a8-a94d-67d61de21dea
The Who;01a02706-e01c-70a8-a94d-67d7316d0d26
The Womack Sisters;01a02706-e01c-70a8-a94d-67d85aebf87b
The xx;01a02706-e01c-70a8-a94d-67d93a2c2d07
Theodora;01a02706-e01c-70a8-a94d-67da703ee89e
Thiago Navarro Music;01a02706-e01c-70a8-a94d-67dbc3fdb2ab
Third ≡ Party;01a02706-e01c-70a8-a94d-67dc28bb70b1
Thirty Seconds to Mars;01a02706-e01c-70a8-a94d-67dd8652256f
Thomas Anders;01a02706-e01c-70a8-a94d-67de82846260
Thomas Mac;01a02706-e01c-70a8-a94d-67df2ac0666e
Thomas Rhett;01a02706-e01c-70a8-a94d-67e01001b4e9
Thompsxn Therapy;01a02706-e01c-70a8-a94d-67e1c2cdbf7f
Thundercat;01a02706-e01c-70a8-a94d-67e2781ed36d
Thunderpromot;01a02706-e01c-70a8-a94d-67e399ade212
Thunderstorm Artis;01a02706-e01c-70a8-a94d-67e4a99f0272
Tiago PZK;01a02706-e01c-70a8-a94d-67e5dde2e31e
Tiffany;01a02706-e01c-70a8-a94d-67e6334c04bf
Till Lindemann;01a02706-e01c-70a8-a94d-67e7d061a3aa
Tim Bendzko;01a02706-e01c-70a8-a94d-67e8ad4d132f
Tim McGraw;01a02706-e01c-70a8-a94d-67e906abd865
Tim Peters;01a02706-e01c-70a8-a94d-67eacd99ffd9
Timgioh;01a02706-e01c-70a8-a94d-67eb4aaee03f
Timmy Trumpet;01a02706-e01c-70a8-a94d-67ec3e86f42a
Tina Arena;01a02706-e01c-70a8-a94d-67ed1776b887
Tinashe;01a02706-e01c-70a8-a94d-67ee8424bf67
Tindo Lugz;01a02706-e01c-70a8-a94d-67efa92a91df
Tinie Tempah;01a02706-e01c-70a8-a94d-67f085b6859d
Tito Double P;01a02706-e01c-70a8-a94d-67f1df9fe171
Tiziano Ferro;01a02706-e01c-70a8-a94d-67f2e60a2e15
Tiësto;01a02706-e01c-70a8-a94d-67f3defc3dc5
Tobee;01a02706-e01c-70a8-a94d-67f417335148
Toby Keith;01a02706-e01c-70a8-a94d-67f572a0e31e
Todd Terje;01a02706-e01c-70a8-a94d-67f60a2e0dc9
Todoroki Hajime;01a02706-e01c-70a8-a94d-67f7cf628f71
Tokai Teio (CV: Machico);01a02706-e01c-70a8-a94d-67f8dd6bfead
Token;01a02706-e01c-70a8-a94d-67f98e310f36
Tokio Hotel;01a02706-e01c-70a8-a94d-67fa9be8abec
Tokyo DisneySea;01a02706-e01c-70a8-a94d-67fba05a52c0
Tokyo Ska Paradise Orchestra;01a02706-e01c-70a8-a94d-67fc97b6d87e
Tom Ball;01a02706-e01c-70a8-a94d-67fd9a0d889f
Tom MacDonald;01a02706-e01c-70a8-a94d-67fe2059c1e8
Tom Misch;01a02706-e01c-70a8-a94d-67ff2aa53c44
Tom Morello;01a02706-e01c-70a8-a94d-68000346acec
Tom Odell;01a02706-e01c-70a8-a94d-68019d54abf2
Tom Petty;01a02706-e01c-70a8-a94d-680226def6d7
Tom Right;01a02706-e01c-70a8-a94d-680328d8893d
Tom Waits;01a02706-e01c-70a8-a94d-68042e7baa49
Tom Walker;01a02706-e01c-70a8-a94d-6805502b637c
Tomas Grey;01a02706-e01c-70a8-a94d-6806e5e6cc91
Tommaso Paradiso;01a02706-e01c-70a8-a94d-680751dbec27
Tommee Profitt;01a02706-e01c-70a8-a94d-68086a0d7659
Tomohiro Kamiyama;01a02706-e01c-70a8-a94d-68098cefa292
Tones And I;01a02706-e01c-70a8-a94d-680a4e4aa6ce
Tones and I;01a02706-e01c-70a8-a94d-680b8924487e
Tony Evans;01a02706-e01c-70a8-a94d-680cc26fa790
Tony Iommi;01a02706-e01c-70a8-a94d-680d2bef0c05
Tophouse;01a02706-e01c-70a8-a94d-680e25004b99
Topic;01a02706-e01c-70a8-a94d-680ff96e2581
Tori Amos;01a02706-e01c-70a8-a94d-6810a36d161f
Torsten Vibes;01a02706-e01c-70a8-a94d-68119ad32893
Toshinobu Kubota;01a02706-e01c-70a8-a94d-6812f614f70e
Toto;01a02706-e01c-70a8-a94d-68139f80046d
Toujour;01a02706-e01c-70a8-a94d-681461fcee82
Touken Danshi formation of Banryohito;01a02706-e01c-70a8-a94d-6815485f1181
Touken Danshi from Touken Ranbu:The Musical;01a02706-e01c-70a8-a94d-6816cf4a406b
Tove Lo;01a02706-e01c-70a8-a94d-68176ee7d2c1
Toxi$;01a02706-e01c-70a8-a94d-681845d5788b
Tracy Chapman;01a02706-e01c-70a8-a94d-681953f9521a
Transformers;01a02706-e01c-70a8-a94d-681a85181255
Travis;01a02706-e01c-70a8-a94d-681b2eaf1c62
Travis Japan;01a02706-e01c-70a8-a94d-681c17164d56
Travis Scott;01a02706-e01c-70a8-a94d-681d869e80fa
Tream;01a02706-e01c-70a8-a94d-681e8bb8878c
Triggerfinger;01a02706-e01c-70a8-a94d-681f557aa384
Trigo 13;01a02706-e01c-70a8-a94d-682043eeb171
Troye Sivan;01a02706-e01c-70a8-a94d-682189f050b3
Tru-Skool;01a02706-e01c-70a8-a94d-682228d6cab4
True Steppers;01a02706-e01c-70a8-a94d-68230133ff39
Tsubame Amaya;01a02706-e01c-70a8-a94d-6824695051ff
Tsunomaki Watame;01a02706-e01c-70a8-a94d-68259b727196
Tucker Wetmore;01a02706-e01c-70a8-a94d-68262503db1e
Tulus;01a02706-e01c-70a8-a94d-6827f4268f29
Tuyo;01a02706-e01c-70a8-a94d-682827b9eb50
Twinnie;01a02706-e01c-70a8-a94d-682972490175
Two Connors;01a02706-e01c-70a8-a94d-682a80b09168
Tyketto;01a02706-e01c-70a8-a94d-682baf0f39ce
Tyla;01a02706-e01c-70a8-a94d-682c92bf1e66
Tyson Yoshi;01a02706-e01c-70a8-a94d-682d7ed3a46b
Tytanium;01a02706-e01c-70a8-a94d-682ebf5913d6
U-KNOW;01a02706-e01c-70a8-a94d-682f8e8312be
U2;01a02706-e01c-70a8-a94d-683097dc94bc
UBUGOE;01a02706-e01c-70a8-a94d-68313cb68f65
UNISON SQUARE GARDEN;01a02706-e01c-70a8-a94d-6832e34252d3
USHIZAWA;01a02706-e01c-70a8-a94d-683367eb140a
UVERworld;01a02706-e01c-70a8-a94d-68349e5d9dd3
UdieNnx;01a02706-e01c-70a8-a94d-6835b6467eb6
Udo Lindenberg;01a02706-e01c-70a8-a94d-6836a19d65c2
Ulaa(Ulaa);01a02706-e01c-70a8-a94d-6837e062abe0
Ulaa(尤拉);01a02706-e01c-70a8-a94d-68386a4f8c27
Ultimo;01a02706-e01c-70a8-a94d-6839b84e1e00
Ultra Naté;01a02706-e01c-70a8-a94d-683a0f4f0bd5
Umamusume: Pretty Derby;01a02706-e01c-70a8-a94d-683b0d0396c1
Ume Hanami;01a02706-e01c-70a8-a94d-683ccb0548a8
Unbound Music;01a02706-e01c-70a8-a94d-683d5a96d2a3
Underworld;01a02706-e01c-70a8-a94d-683ee488fad9
Unheilig;01a02706-e01c-70a8-a94d-683fa1edcac3
Universal Beijing Resort;01a02706-e01c-70a8-a94d-68408ff69237
Unjaps;01a02706-e01c-70a8-a94d-6841e35d43cf
Uru;01a02706-e01c-70a8-a94d-68427103a526
Usagi(CV:Ozawa Ari);01a02706-e01c-70a8-a94d-684382a5e222
V;01a02706-e01c-70a8-a94d-6844f83787de
VAN KIRYUIN(CV.Hidenori Takahashi);01a02706-e01c-70a8-a94d-6845da1a77b3
VAUNDY;01a02706-e01c-70a8-a94d-6846bd04cf66
VELCHEVA VIBE;01a02706-e01c-70a8-a94d-6847fd6ca862
VERNON;01a02706-e01c-70a8-a94d-68482965bb79
VOLTACTION;01a02706-e01c-70a8-a94d-684916136444
VYRA~Nova;01a02706-e01c-70a8-a94d-684a384a10be
VYRMA;01a02706-e01c-70a8-a94d-684bc1c7f8fd
Vaelis;01a02706-e01c-70a8-a94d-684c77b53408
Valerie Luh;01a02706-e01c-70a8-a94d-684d8b22c03d
Valkyrie;01a02706-e01c-70a8-a94d-684e842244c9
Van Halen;01a02706-e01c-70a8-a94d-684f8bb42aea
Van Morrison;01a02706-e01c-70a8-a94d-6850ec1040b8
Vance Joy;01a02706-e01c-70a8-a94d-68510f8be9de
Vanessa Amorosi;01a02706-e01c-70a8-a94d-6852ff965e30
Vanessa Carlton;01a02706-e01c-70a8-a94d-68536e0b4137
Vanessa Mai;01a02706-e01c-70a8-a94d-6854fe5a935e
VanilLa;01a02706-e01c-70a8-a94d-6855a20b5121
Vastenavend In 't Krabbegat;01a02706-e01c-70a8-a94d-6856fc7375e8
Vaundy;01a02706-e01c-70a8-a94d-6857f453795d
Vicky Leandros;01a02706-e01c-70a8-a94d-685893863e94
Victoire Pisa (CV: Hana Shimano);01a02706-e01c-70a8-a94d-685988533e1a
Victor Aupecle;01a02706-e01c-70a8-a94d-685af80ee648
Victor Ivyic;01a02706-e01c-70a8-a94d-685b5fc6a28d
Victoria Beckham;01a02706-e01c-70a8-a94d-685c4732afa5
Vikki Waters;01a02706-e01c-70a8-a94d-685db2c791e7
Village People;01a02706-e01c-70a8-a94d-685ebeddd84a
Vince Staples;01a02706-e01c-70a8-a94d-685fb015fc38
Vincent Gross;01a02706-e01c-70a8-a94d-68607b01db52
Vito Salamanca;01a02706-e01c-70a8-a94d-6861fb4718dc
Vivek;01a02706-e01c-70a8-a94d-6862de1a21fe
Vivid BAD SQUAD;01a02706-e01c-70a8-a94d-6863a1758e5a
Volver a Siquem;01a02706-e01c-70a8-a94d-6864e43f5069
Vybz Kartel;01a02706-e01c-70a8-a94d-6865c6d4013c
VΔLZ;01a02706-e01c-70a8-a94d-6866053d5061
W&W;01a02706-e01c-70a8-a94d-6867e03fc303
WALK THE MOON;01a02706-e01c-70a8-a94d-6868399a5d78
WENDY;01a02706-e01c-70a8-a94d-68694311f54a
WEST.;01a02706-e01c-70a8-a94d-686af71e75c7
WILLIAM JAKRAPATR;01a02706-e01c-70a8-a94d-686b1b420408
WILLOW;01a02706-e01c-70a8-a94d-686c3d5bc7a1
WIN METAWIN;01a02706-e01c-70a8-a94d-686dfac5c904
WJSN;01a02706-e01c-70a8-a94d-686edbcf89a8
WONWOO;01a02706-e01c-70a8-a94d-686f77085541
WOODZ;01a02706-e01c-70a8-a94d-68709a64fdc3
Wage War;01a02706-e01c-70a8-a94d-687175dc02f2
Waking Up Christopher;01a02706-e01c-70a8-a94d-687284d72496
Walt Fowler;01a02706-e01c-70a8-a94d-6873ab178137
War Child Records;01a02706-e01c-70a8-a94d-6874576d917b
Wasureranneyo;01a02706-e01c-70a8-a94d-68757a173c52
Watermät;01a02706-e01c-70a8-a94d-687603292b29
WayV;01a02706-e01c-70a8-a94d-687717037c98
Weezer;01a02706-e01c-70a8-a94d-6878429d2f2c
Wendy Kokkelkoren;01a02706-e01c-70a8-a94d-6879ed21ef88
Wendy Matthews;01a02706-e01c-70a8-a94d-687ac57dba5a
Westlife;01a02706-e01c-70a8-a94d-687b358f1cf5
Weston Hunter;01a02706-e01c-70a8-a94d-687c23d4ebf0
Westside Cowboy;01a02706-e01c-70a8-a94d-687dc24f3a9a
Wham!;01a02706-e01c-70a8-a94d-687e9e6401f0
Whee In;01a02706-e01c-70a8-a94d-687fa7e9a471
Whiskey Circuit;01a02706-e01c-70a8-a94d-6880232fc2e6
White Plains;01a02706-e01c-70a8-a94d-6881ee9ac898
Will Not Fear;01a02706-e01c-70a8-a94d-6882ac6ea958
William Orbit;01a02706-e01c-70a8-a94d-6883cb365d8d
Willie Colón;01a02706-e01c-70a8-a94d-6884ab224dd0
Wilson Phillips;01a02706-e01c-70a8-a94d-68857b396f2c
Wincent Weiss;01a02706-e01c-70a8-a94d-6886d1651575
Wind;01a02706-e01c-70a8-a94d-688739020816
Within Temptation;01a02706-e01c-70a8-a94d-6888330e8cd2
WizTheMc & bees;01a02706-e01c-70a8-a94d-68891e165a85
Wolf Alice;01a02706-e01c-70a8-a94d-688ab0e99084
Wolf Parade;01a02706-e01c-70a8-a94d-688b26c15cac
Wolfgang Petry;01a02706-e01c-70a8-a94d-688c3c1a2f64
Wonstein;01a02706-e01c-70a8-a94d-688d38e6943c
Worship.cat;01a02706-e01c-70a8-a94d-688e3bb15529
Wuthering Waves;01a02706-e01c-70a8-a94d-688ff648bdd0
Wynonna;01a02706-e01c-70a8-a94d-6890ecace14c
XG;01a02706-e01c-70a8-a94d-689117e74b7a
XXXTENTACION;01a02706-e01c-70a8-a94d-6892ba3b86e1
XanTz;01a02706-e01c-70a8-a94d-6893f4532f60
Xavier Naidoo;01a02706-e01c-70a8-a94d-6894367c781f
Xcho;01a02706-e01c-70a8-a94d-689530bb2348
XngHan&Xoul;01a02706-e01c-70a8-a94d-6896d5980075
YAMATO HYUGA(CV.Ryohei Kimura);01a02706-e01c-70a8-a94d-6897788c1f44
YAO;01a02706-e01c-70a8-a94d-6898fa3217e5
YEONJUN;01a02706-e01c-70a8-a94d-68991d660fcb
YESUNG;01a02706-e01c-70a8-a94d-689aad3ca970
YKeophirun;01a02706-e01c-70a8-a94d-689b9206d1a6
YOASOBI;01a02706-e01c-70a8-a94d-689ccad49d03
YONAKA;01a02706-e01c-70a8-a94d-689dd05ea37d
YUNA;01a02706-e01c-70a8-a94d-689e353c95b5
YUNGBLUD;01a02706-e01c-70a8-a94d-689f6b7594a9
YUTA;01a02706-e01c-70a8-a94d-68a032d360a2
YUZU;01a02706-e01c-70a8-a94d-68a121d735e8
Ya Ice Dilan;01a02706-e01c-70a8-a94d-68a29f342940
Yachiyo Runami(cv.Saori Hayami);01a02706-e01c-70a8-a94d-68a3f840963b
Yahritza Y Su Esencia;01a02706-e01c-70a8-a94d-68a45ed475f6
Yamanbagiri Kunihiro;01a02706-e01c-70a8-a94d-68a54113e9b7
Yami Safdie;01a02706-e01c-70a8-a94d-68a648534073
Yann Muller;01a02706-e01c-70a8-a94d-68a7393a7b11
Yanzi Sun;01a02706-e01c-70a8-a94d-68a87f55517b
Ycare;01a02706-e01c-70a8-a94d-68a96ab20fda
Yeison Jimenez;01a02706-e01c-70a8-a94d-68aa97c09b4d
Yes;01a02706-e01c-70a8-a94d-68abc4647f90
Yiruma;01a02706-e01c-70a8-a94d-68ac5a418824
Yisa Yu;01a02706-e01c-70a8-a94d-68ad3b2a5f1e
Yo Oizumi;01a02706-e01c-70a8-a94d-68aeed087307
Yoohei Kawakami;01a02706-e01c-70a8-a94d-68af50011e37
Yorushika;01a02706-e01c-70a8-a94d-68b0a3601bb0
Yoshiko Hanzaki;01a02706-e01c-70a8-a94d-68b180ee9b7d
You Yokoyama;01a02706-e01c-70a8-a94d-68b250dab850
Young the Giant;01a02706-e01c-70a8-a94d-68b3f76410a8
Yseult;01a02706-e01c-70a8-a94d-68b415f4ab2e
Yu Serizawa;01a02706-e01c-70a8-a94d-68b50acb7cac
Yu Takahashi;01a02706-e01c-70a8-a94d-68b6da6295f7
Yuiko Ohara;01a02706-e01c-70a8-a94d-68b7dd4da768
Yukno;01a02706-e01c-70a8-a94d-68b8fc78bec3
Yumeoi Kakeru;01a02706-e01c-70a8-a94d-68b9cd03d589
Yumi Aiba (CV: Juri Kimura);01a02706-e01c-70a8-a94d-68ba466bf105
Yung Lean;01a02706-e01c-70a8-a94d-68bb2df860e1
Yung Miami;01a02706-e01c-70a8-a94d-68bc75dc5ec5
Yuridia;01a02706-e01c-70a8-a94d-68bd06e3a950
Yurina Hirate;01a02706-e01c-70a8-a94d-68be6e756e70
Yusei Yagi;01a02706-e01c-70a8-a94d-68bf3041bd90
YuukiSakuna;01a02706-e01c-70a8-a94d-68c041b7cd6e
Yuuri;01a02706-e01c-70a8-a94d-68c1bbb34d69
Yuzo Koshiro;01a02706-e01c-70a8-a94d-68c28608f877
Yves Berendse;01a02706-e01c-70a8-a94d-68c3c495896e
Yves Tumor;01a02706-e01c-70a8-a94d-68c490a66c3a
Yvonne S. Moriarty;01a02706-e01c-70a8-a94d-68c50ec04579
ZANU;01a02706-e01c-70a8-a94d-68c66b534c9f
ZAYN;01a02706-e01c-70a8-a94d-68c7650afad5
ZAZ;01a02706-e01c-70a8-a94d-68c8f24a6d3a
ZEROBASEONE;01a02706-e01c-70a8-a94d-68c93ddab13e
ZHANG HAO;01a02706-e01c-70a8-a94d-68caddc386d5
ZORN;01a02706-e01c-70a8-a94d-68cb9a64ce2b
ZUTOMAYO;01a02706-e01c-70a8-a94d-68ccfa111532
ZVC;01a02706-e01c-70a8-a94d-68cd2b839bec
ZWIRN;01a02706-e01c-70a8-a94d-68ceedb96718
ZXKAI;01a02706-e01c-70a8-a94d-68cfff27de43
ZZ Top;01a02706-e01c-70a8-a94d-68d08027244b
Zac;01a02706-e01c-70a8-a94d-68d199eb1fc2
Zac Brown Band;01a02706-e01c-70a8-a94d-68d24c605874
Zach Bryan;01a02706-e01c-70a8-a94d-68d35b06475f
Zach Top;01a02706-e01c-70a8-a94d-68d413e1d756
Zaho;01a02706-e01c-70a8-a94d-68d5614aeea4
Zaho de Sagazan;01a02706-e01c-70a8-a94d-68d686b3b327
Zara Larsson;01a02706-e01c-70a8-a94d-68d754d518f7
Zaungast;01a02706-e01c-70a8-a94d-68d8400f9441
Zenar;01a02706-e01c-70a8-a94d-68d9f1ae1220
Zenaya;01a02706-e01c-70a8-a94d-68da73a8bd86
Zeroworry Music;01a02706-e01c-70a8-a94d-68db0c875d94
Zhang Zi Ning;01a02706-e01c-70a8-a94d-68dc3ec7481d
Zhou Shen;01a02706-e01c-70a8-a94d-68ddb5b4f542
Ziggy in tha House;01a02706-e01c-70a8-a94d-68de6cb3e1cc
Zoe(佐伊);01a02706-e01c-70a8-a94d-68dfca844af3
Zora Winslet;01a02706-e01c-70a8-a94d-68e0f162346e
Zubin Mehta;01a02706-e01c-70a8-a94d-68e16e5c6b02
Zélie;01a02706-e01c-70a8-a94d-68e2a094f4de
[Alexandros];01a02706-e01c-70a8-a94d-68e362be3b2b
a-ha;01a02706-e01c-70a8-a94d-68e4739fc07d
aespa;01a02706-e01c-70a8-a94d-68e5c2aff53f
all things break;01a02706-e01c-70a8-a94d-68e6d0b67d1e
amazarashi - I'll Buy You a Brand New Crown;01a02706-e01c-70a8-a94d-68e77ac8e814
back number;01a02706-e01c-70a8-a94d-68e81033abb4
badmómzjay;01a02706-e01c-70a8-a94d-68e9404345ca
benny blanco;01a02706-e01c-70a8-a94d-68ead32075ee
blink-182;01a02706-e01c-70a8-a94d-68eba43a9071
chotokkyu;01a02706-e01c-70a8-a94d-68ec3ab147ae
crane and turtle;01a02706-e01c-70a8-a94d-68ed1cdacc51
deadmau5;01a02706-e01c-70a8-a94d-68ee1a0e9206
def rebel;01a02706-e01c-70a8-a94d-68ef7f96c226
disiz;01a02706-e01c-70a8-a94d-68f07b7fbcb4
ditonellapiaga;01a02706-e01c-70a8-a94d-68f101cfea4c
dolly babe;01a02706-e01c-70a8-a94d-68f2fb4ab047
eaJ;01a02706-e01c-70a8-a94d-68f3c9e44ed5
elude;01a02706-e01c-70a8-a94d-68f40836cae9
ext3nsion;01a02706-e01c-70a8-a94d-68f5574c934d
fakeheader;01a02706-e01c-70a8-a94d-68f6335197b7
felix jaehn;01a02706-e01c-70a8-a94d-68f7e27eea2f
fluffysnaff;01a02706-e01c-70a8-a94d-68f89899ce13
for KING;01a02706-e01c-70a8-a94d-68f9b88f0c0a
hololive IDOL PROJECT;01a02706-e01c-70a8-a94d-68fadfa3f71b
honestav;01a02706-e01c-70a8-a94d-68fb4f8c6c31
honey;01a02706-e01c-70a8-a94d-68fc20907fa1
i-dle;01a02706-e01c-70a8-a94d-68fd3cf33a56
iyah may;01a02706-e01c-70a8-a94d-68fe231aa998
j-hope;01a02706-e01c-70a8-a94d-68ff75a05cfe
jixwang;01a02706-e01c-70a8-a94d-69009a92331f
jo0ji;01a02706-e01c-70a8-a94d-6901ca406b44
jo0ji - I-BULL;01a02706-e01c-70a8-a94d-690265bfb99f
jo0ji - よあけのうた;01a02706-e01c-70a8-a94d-690336eec369
justin;01a02706-e01c-70a8-a94d-6904ae483fa8
kz;01a02706-e01c-70a8-a94d-69050de87a33
m-flo loves 櫻井翔;01a02706-e01c-70a8-a94d-6906c9a57e7d
manifestica_studio;01a02706-e01c-70a8-a94d-69070d17b81c
mgk;01a02706-e01c-70a8-a94d-69084b794107
mikeeysmind;01a02706-e01c-70a8-a94d-6909beeaa964
milet;01a02706-e01c-70a8-a94d-690ae4bcc091
n.SSign;01a02706-e01c-70a8-a94d-690bd128c34b
n.SSign - Funky Like Me;01a02706-e01c-70a8-a94d-690c02788595
natori;01a02706-e01c-70a8-a94d-690dce6a2258
nevermade;01a02706-e01c-70a8-a94d-690e776e4ba6
no na;01a02706-e01c-70a8-a94d-690fbb252049
noa;01a02706-e01c-70a8-a94d-6910f5f2e415
nqrse;01a02706-e01c-70a8-a94d-6911137d40f1
oskar med k;01a02706-e01c-70a8-a94d-6912935ae75a
prodbyTAA;01a02706-e01c-70a8-a94d-6913717063f4
rusowsky;01a02706-e01c-70a8-a94d-69146dc68b9f
ryo (supercell);01a02706-e01c-70a8-a94d-6915a4312558
sakanaction;01a02706-e01c-70a8-a94d-69165bc6cbb7
samUIL Lee;01a02706-e01c-70a8-a94d-69176e61b40a
senses;01a02706-e01c-70a8-a94d-6918d586ec55
shirts0001 - Erika;01a02706-e01c-70a8-a94d-691962e8e10f
slxughter;01a02706-e01c-70a8-a94d-691a94e52bd7
sombr;01a02706-e01c-70a8-a94d-691b45d8764a
starly;01a02706-e01c-70a8-a94d-691ce753d368
suis from Yorushika;01a02706-e01c-70a8-a94d-691d4e0ba9b7
sumika;01a02706-e01c-70a8-a94d-691e64c82187
syudou × 八木勇征;01a02706-e01c-70a8-a94d-691f6ee9f6ce
t.A.T.u.;01a02706-e01c-70a8-a94d-692007178bc6
timelesz;01a02706-e01c-70a8-a94d-69212b2662f2
treamiboii;01a02706-e01c-70a8-a94d-69222e86d345
tuki.;01a02706-e01c-70a8-a94d-6923101b69e2
tuki. - コトノハ;01a02706-e01c-70a8-a94d-6924b60610ad
twenty one pilots;01a02706-e01c-70a8-a94d-6925aec269f8
w-inds.;01a02706-e01c-70a8-a94d-692696106796
wavvyboi;01a02706-e01c-70a8-a94d-692741c31277
wiatra;01a02706-e01c-70a8-a94d-6928a8e67908
wnxx;01a02706-e01c-70a8-a94d-6929bb985b44
xaviorthemachine;01a02706-e01c-70a8-a94d-692a24aa1547
yama;01a02706-e01c-70a8-a94d-692b78270abc
yanaginagi;01a02706-e01c-70a8-a94d-692c6afe6088
yuigot;01a02706-e01c-70a8-a94d-692df6fab87e
Ásgeir;01a02706-e01c-70a8-a94d-692e01a08575
Élise Noiret;01a02706-e01c-70a8-a94d-692f6a42993b
Ñengo Flow;01a02706-e01c-70a8-a94d-6930309f005d
Āelle;01a02706-e01c-70a8-a94d-6931025c1163
ŹOOĻ;01a02706-e01c-70a8-a94d-6932e364a031
Σ Desire;01a02706-e01c-70a8-a94d-69336faffeec
Кэнни;01a02706-e01c-70a8-a94d-69343d65ef72
МОТ;01a02706-e01c-70a8-a94d-6935b3e23623
כאן - תאגיד השידור הישראלי;01a02706-e01c-70a8-a94d-6936b7a28a7c
โลโล่ (Lo Lo);01a02706-e01c-70a8-a94d-6937f96ec9f4
かぐや(cv.夏吉ゆうこ);01a02706-e01c-70a8-a94d-6938dbd20a46
ずっと真夜中でいいのに。;01a02706-e01c-70a8-a94d-6939edb66d47
ちゃんみな;01a02706-e01c-70a8-a94d-693ad22c7c6c
なとり;01a02706-e01c-70a8-a94d-693be4e8d052
アイナ・ジ・エンド - ルミナス;01a02706-e01c-70a8-a94d-693c0ee5eed9
アイナ・ジ・エンド - 革命道中;01a02706-e01c-70a8-a94d-693d23b60267
ガッチマン;01a02706-e01c-70a8-a94d-693e878baed8
キタニタツヤ;01a02706-e01c-70a8-a94d-693f3ada841f
キタニタツヤ - かすかなはな;01a02706-e01c-70a8-a94d-694050d443ca
キュアアイドル(CV:松岡美里)&キュアウインク(CV:髙橋ミナミ)&キュアキュンキュン(CV:高森奈津美)&キュアズキューン(CV:南條愛乃)&キュアキッス(CV:花井美春)、キミとアイドルプリキュア♪;01a02706-e01c-70a8-a94d-6941a4ca1e1d
キュアエクレール(CV:長谷川育美)、名探偵プリキュア!;01a02706-e01c-70a8-a94d-6942d9a1a040
キヨ;01a02706-e01c-70a8-a94d-69438c20cb24
サカナクション;01a02706-e01c-70a8-a94d-694407f3b61d
シャキーラ;01a02706-e01c-70a8-a94d-69459e910b3c
ジャネット・ジャクソン;01a02706-e01c-70a8-a94d-6946d9905966
スピッツ;01a02706-e01c-70a8-a94d-69473f75d52e
パジャマパーティーズ みどり(CV. 諸星すみれ)、ぴんく(CV. 長縄まりあ)、しろ(CV. 篠原侑)、むらさき(CV. 内山茉莉);01a02706-e01c-70a8-a94d-6948748fab72
マイク・タワーズ;01a02706-e01c-70a8-a94d-69499f90af22
モーニング娘。'26;01a02706-e01c-70a8-a94d-694acc0d41dd
ヨルシカ;01a02706-e01c-70a8-a94d-694b4408d574
ラウール;01a02706-e01c-70a8-a94d-694c8927d47b
レトルト;01a02706-e01c-70a8-a94d-694ddc7a146e
レミオロメン;01a02706-e01c-70a8-a94d-694e1d4d762f
一十木音也(CV.寺島拓篤) 、聖川真斗(CV.鈴村健一)、四ノ宮那月(CV.谷山紀章)、一ノ瀬トキヤ(CV.宮野真守)、神宮寺レン(CV.諏訪部順一)、来栖 翔(CV.下野 紘)、愛島セシル(CV.鳥海浩輔);01a02706-e01c-70a8-a94d-694ff3281de2
三代目 J SOUL BROTHERS from EXILE TRIBE;01a02706-e01c-70a8-a94d-6950b534e405
不知火フレア;01a02706-e01c-70a8-a94d-6951ee0d6849
中島健人;01a02706-e01c-70a8-a94d-6952403510e6
乃木坂46;01a02706-e01c-70a8-a94d-6953874f35c8
倉木麻衣;01a02706-e01c-70a8-a94d-69548664b5be
倖田來未×Do As Infinity;01a02706-e01c-70a8-a94d-69551b2b276e
原因は自分にある。;01a02706-e01c-70a8-a94d-69568402cf33
反町隆史;01a02706-e01c-70a8-a94d-6957ceca7fa1
向井康二;01a02706-e01c-70a8-a94d-6958f287e194
坂本真綾;01a02706-e01c-70a8-a94d-695918804b82
宇多田ヒカル;01a02706-e01c-70a8-a94d-695a51835bd7
宇多田光;01a02706-e01c-70a8-a94d-695b8ba00748
宝塚歌劇団・彩みちる、ほか;01a02706-e01c-70a8-a94d-695c81af126b
宝鐘マリン;01a02706-e01c-70a8-a94d-695dca4f53b3
寿 嶺二(CV.森久保祥太郎)、黒崎蘭丸(CV.鈴木達央)、美風 藍(CV.蒼井翔太)、カミュ(CV.前野智昭);01a02706-e01c-70a8-a94d-695e417bb96b
岡村靖幸;01a02706-e01c-70a8-a94d-695fdd1ae4e0
岩本照;01a02706-e01c-70a8-a94d-6960a2570c0b
嵐;01a02706-e01c-70a8-a94d-6961d5299b04
川上洋平;01a02706-e01c-70a8-a94d-6962d6e15d6e
張碧晨;01a02706-e01c-70a8-a94d-6963f2b40ded
忘れらんねえよ;01a02706-e01c-70a8-a94d-69640ce348bf
明智あんな(CV:千賀光莉)&小林みくる(CV:本渡楓)&帆羽くれあ(CV:長谷川育美)&森亜るるか(CV:東山奈央)、名探偵プリキュア!;01a02706-e01c-70a8-a94d-696557591e20
星街すいせい;01a02706-e01c-70a8-a94d-69663a627c9e
星野源;01a02706-e01c-70a8-a94d-69673ab3f10b
月見ヤチヨ(cv.早見沙織);01a02706-e01c-70a8-a94d-6968c565b335
林俊傑;01a02706-e01c-70a8-a94d-6969a7f799e0
桑田佳祐;01a02706-e01c-70a8-a94d-696a638b99fb
椎名 豪;01a02706-e01c-70a8-a94d-696b6230f6b1
櫻坂46;01a02706-e01c-70a8-a94d-696c9fb34dc2
深澤辰哉;01a02706-e01c-70a8-a94d-696df0157d54
渡辺翔太;01a02706-e01c-70a8-a94d-696e995305e8
澤野弘之;01a02706-e01c-70a8-a94d-696f49cf842a
熊田茜音&増井優花、名探偵プリキュア!;01a02706-e01c-70a8-a94d-6970a561745b
目黒蓮;01a02706-e01c-70a8-a94d-69710ad74997
石井あみ、名探偵プリキュア!;01a02706-e01c-70a8-a94d-6972b4bdf910
祖堅 正慶;01a02706-e01c-70a8-a94d-6973ea0e9b7e
福山 雅治;01a02706-e01c-70a8-a94d-697401796759
稲葉浩志;01a02706-e01c-70a8-a94d-6975d88b3047
米津玄師;01a02706-e01c-70a8-a94d-697654358ac0
米津玄師 - 夜鷹;01a02706-e01c-70a8-a94d-69779c41f4bf
米津玄師 - 烏;01a02706-e01c-70a8-a94d-6978196a29ee
緑黄色社会;01a02706-e01c-70a8-a94d-69795690a624
芹澤 優;01a02706-e01c-70a8-a94d-697a0f5e13b2
葫芦童声;01a02706-e01c-70a8-a94d-697ba861c716
藍井エイル;01a02706-e01c-70a8-a94d-697c42ff2888
藤井 風;01a02706-e01c-70a8-a94d-697d198d10ab
超特急;01a02706-e01c-70a8-a94d-697eaaa3d438
邱鼎杰;01a02706-e01c-70a8-a94d-697f41bceeb0
金在中;01a02706-e01c-70a8-a94d-6980b55ee3ed
金色火种GoldenFire;01a02706-e01c-70a8-a94d-6981cf95fc3d
鈴木このみ;01a02706-e01c-70a8-a94d-69821f2fb23f
鳳 瑛一(CV.緑川 光)、皇 綺羅(CV.小野大輔)、帝 ナギ(CV.代永 翼)、鳳 瑛二(CV.内田雄馬)、桐生院ヴァン(CV.高橋英則)、日向大和(CV.木村良平)、天草シオン(CV.山下大輝);01a02706-e01c-70a8-a94d-6983ff400ada
鳴潮先約電台;01a02706-e01c-70a8-a94d-6984149a3142
黄星;01a02706-e01c-70a8-a94d-6985fb03f6ef
