id_artista;id_musica
01a02690-0cc1-721d-98dd-5c2c9360681b;01a02690-22e2-7774-a1a3-e49dc356ad30
01a02690-0cc1-721d-98dd-5c2c9360681b;01a02690-22e2-7774-a1a3-e49e64720f6d
01a02690-0cc1-721d-98dd-5c2c9360681b;01a02690-22e2-7774-a1a3-e49fed1e71d9
01a02690-0cc1-721d-98dd-5c2c9360681b;01a02690-22e2-7774-a1a3-e4a0adedf4de
01a02690-0cc1-721d-98dd-5c2ddf3f31cf;01a02690-22e2-7774-a1a3-e4a10554dc5f
01a02690-0cc1-721d-98dd-5c2ee709d51c;01a02690-22e2-7774-a1a3-e4a2f966107b
01a02690-0cc1-721d-98dd-5c2ee709d51c;01a02690-22e2-7774-a1a3-e4a3669df974
01a02690-0cc1-721d-98dd-5c2f27bae49f;01a02690-22e2-7774-a1a3-e4a4357e5a95
01a02690-0cc1-721d-98dd-5c30c419f6b1;01a02690-22e2-7774-a1a3-e4a516200979
01a02690-0cc1-721d-98dd-5c3113574d39;01a02690-22e2-7774-a1a3-e4a69fc31e26
01a02690-0cc1-721d-98dd-5c326631fa81;01a02690-22e2-7774-a1a3-e4a77c957beb
01a02690-0cc1-721d-98dd-5c331392bb99;01a02690-22e2-7774-a1a3-e4a844aa5ccc
01a02690-0cc1-721d-98dd-5c345a08093a;01a02690-22e2-7774-a1a3-e4a9c8318064
01a02690-0cc1-721d-98dd-5c35efa10484;01a02690-22e2-7774-a1a3-e4aad74dedec
01a02690-0cc1-721d-98dd-5c35efa10484;01a02690-22e2-7774-a1a3-e4ab21089a6f
01a02690-0cc1-721d-98dd-5c35efa10484;01a02690-22e2-7774-a1a3-e4ac95816ef3
01a02690-0cc1-721d-98dd-5c35efa10484;01a02690-22e2-7774-a1a3-e4ad444d0b3c
01a02690-0cc1-721d-98dd-5c35efa10484;01a02690-22e2-7774-a1a3-e4aeb14b1d7b
01a02690-0cc1-721d-98dd-5c35efa10484;01a02690-22e2-7774-a1a3-e4af63cb0bad
01a02690-0cc1-721d-98dd-5c35efa10484;01a02690-22e2-7774-a1a3-e4b056d8c0d1
01a02690-0cc1-721d-98dd-5c35efa10484;01a02690-22e2-7774-a1a3-e4b1864febc7
01a02690-0cc1-721d-98dd-5c3630da4c32;01a02690-22e2-7774-a1a3-e4b25e349414
01a02690-0cc1-721d-98dd-5c37e9c727da;01a02690-22e2-7774-a1a3-e4b3a68f5dc0
01a02690-0cc1-721d-98dd-5c3871dabaf9;01a02690-22e2-7774-a1a3-e4b43b18fe8e
01a02690-0cc1-721d-98dd-5c3905b38dab;01a02690-22e2-7774-a1a3-e4b5b36bd0d1
01a02690-0cc1-721d-98dd-5c3a0b266865;01a02690-22e2-7774-a1a3-e4b6fdaa879a
01a02690-0cc1-721d-98dd-5c3bf7de9bed;01a02690-22e2-7774-a1a3-e4b6fdaa879a
01a02690-0cc1-721d-98dd-5c3cd785af01;01a02690-22e2-7774-a1a3-e4b760ce9f53
01a02690-0cc1-721d-98dd-5c3cd785af01;01a02690-22e2-7774-a1a3-e4b80c10b1b2
01a02690-0cc1-721d-98dd-5c3cd785af01;01a02690-22e2-7774-a1a3-e4b97e438cae
01a02690-0cc1-721d-98dd-5c3cd785af01;01a02690-22e2-7774-a1a3-e4baa30eafa8
01a02690-0cc1-721d-98dd-5c3dcaa9b0ab;01a02690-22e2-7774-a1a3-e4bb25e00140
01a02690-0cc1-721d-98dd-5c3e912f61f8;01a02690-22e2-7774-a1a3-e4bc9c0058ad
01a02690-0cc1-721d-98dd-5c3f80a18f03;01a02690-22e2-7774-a1a3-e4bd27f295c1
01a02690-0cc1-721d-98dd-5c3f80a18f03;01a02690-22e2-7774-a1a3-e4be8353c31f
01a02690-0cc1-721d-98dd-5c3f80a18f03;01a02690-22e2-7774-a1a3-e4bfa196d53f
01a02690-0cc1-721d-98dd-5c4059b23cfd;01a02690-22e2-7774-a1a3-e4c0b8bdeb69
01a02690-0cc1-721d-98dd-5c4059b23cfd;01a02690-22e2-7774-a1a3-e4c155ca472f
01a02690-0cc1-721d-98dd-5c41351a7cab;01a02690-22e2-7774-a1a3-e4c214140770
01a02690-0cc1-721d-98dd-5c42bf1f2931;01a02690-22e2-7774-a1a3-e4c368a858a8
01a02690-0cc1-721d-98dd-5c436e2cc306;01a02690-22e2-7774-a1a3-e4c47b3f92b6
01a02690-0cc1-721d-98dd-5c436e2cc306;01a02690-22e2-7774-a1a3-e4c5e2d0574c
01a02690-0cc1-721d-98dd-5c436e2cc306;01a02690-22e2-7774-a1a3-e4c641dbaa60
01a02690-0cc1-721d-98dd-5c436e2cc306;01a02690-22e2-7774-a1a3-e4c78d16b2c3
01a02690-0cc1-721d-98dd-5c436e2cc306;01a02690-22e2-7774-a1a3-e4c8e5e33c1a
01a02690-0cc1-721d-98dd-5c44e196fb4f;01a02690-22e2-7774-a1a3-e4c9c9ef2e04
01a02690-0cc1-721d-98dd-5c44e196fb4f;01a02690-22e2-7774-a1a3-e4cab01d1723
01a02690-0cc1-721d-98dd-5c455ad26397;01a02690-22e2-7774-a1a3-e4cb5b1d8380
01a02690-0cc1-721d-98dd-5c4659e6b1f1;01a02690-22e2-7774-a1a3-e4cc8ac73abc
01a02690-0cc1-721d-98dd-5c4771ed09f2;01a02690-22e2-7774-a1a3-e4cd17c2fcde
01a02690-0cc1-721d-98dd-5c4771ed09f2;01a02690-22e2-7774-a1a3-e4ceddbd0880
01a02690-0cc1-721d-98dd-5c4895a7b000;01a02690-22e2-7774-a1a3-e4cfd667a843
01a02690-0cc1-721d-98dd-5c49a6d3673b;01a02690-22e2-7774-a1a3-e4d0a6691477
01a02690-0cc1-721d-98dd-5c49a6d3673b;01a02690-22e2-7774-a1a3-e4d1b55e276f
01a02690-0cc1-721d-98dd-5c49a6d3673b;01a02690-22e2-7774-a1a3-e4d2e7cdd23d
01a02690-0cc1-721d-98dd-5c4a16cad224;01a02690-22e2-7774-a1a3-e4d36a2f4ffc
01a02690-0cc1-721d-98dd-5c4b1ce189e9;01a02690-22e2-7774-a1a3-e4d49c9b6ca3
01a02690-0cc1-721d-98dd-5c4c86586426;01a02690-22e2-7774-a1a3-e4d5ee934892
01a02690-0cc1-721d-98dd-5c4c86586426;01a02690-22e2-7774-a1a3-e4d6658eb009
01a02690-0cc1-721d-98dd-5c4df4e88970;01a02690-22e2-7774-a1a3-e4d70e2ddff6
01a02690-0cc1-721d-98dd-5c4e20a60093;01a02690-22e2-7774-a1a3-e4d8e0566b50
01a02690-0cc1-721d-98dd-5c4e20a60093;01a02690-22e2-7774-a1a3-e4d96b3d9b8c
01a02690-0cc1-721d-98dd-5c4e20a60093;01a02690-22e2-7774-a1a3-e4daa5fd64c1
01a02690-0cc1-721d-98dd-5c4f177edf0d;01a02690-22e2-7774-a1a3-e4db7970b802
01a02690-0cc1-721d-98dd-5c507d15603a;01a02690-22e2-7774-a1a3-e4dceb5ddb5d
01a02690-0cc1-721d-98dd-5c511d5d126b;01a02690-22e2-7774-a1a3-e4ddaf1c2fcc
01a02690-0cc1-721d-98dd-5c511d5d126b;01a02690-22e2-7774-a1a3-e4de2cb68e51
01a02690-0cc1-721d-98dd-5c511d5d126b;01a02690-22e2-7774-a1a3-e4dfda2d843d
01a02690-0cc1-721d-98dd-5c511d5d126b;01a02690-22e2-7774-a1a3-e4e081549972
01a02690-0cc1-721d-98dd-5c511d5d126b;01a02690-22e2-7774-a1a3-e4e109d1d1a5
01a02690-0cc1-721d-98dd-5c511d5d126b;01a02690-22e2-7774-a1a3-e4e2304ab75e
01a02690-0cc1-721d-98dd-5c511d5d126b;01a02690-22e2-7774-a1a3-e4e39e4720e8
01a02690-0cc1-721d-98dd-5c511d5d126b;01a02690-22e2-7774-a1a3-e4e4f6a419f9
01a02690-0cc1-721d-98dd-5c511d5d126b;01a02690-22e2-7774-a1a3-e4e57f724c69
01a02690-0cc1-721d-98dd-5c511d5d126b;01a02690-22e2-7774-a1a3-e4e6b6c725c0
01a02690-0cc1-721d-98dd-5c511d5d126b;01a02690-22e2-7774-a1a3-e4e7483b8381
01a02690-0cc1-721d-98dd-5c511d5d126b;01a02690-22e2-7774-a1a3-e4e873a69d37
01a02690-0cc1-721d-98dd-5c511d5d126b;01a02690-22e2-7774-a1a3-e4e97126edf0
01a02690-0cc1-721d-98dd-5c511d5d126b;01a02690-22e2-7774-a1a3-e4ea795f519f
01a02690-0cc1-721d-98dd-5c511d5d126b;01a02690-22e2-7774-a1a3-e4eb44b33423
01a02690-0cc1-721d-98dd-5c511d5d126b;01a02690-22e2-7774-a1a3-e4ec3f88d4b3
01a02690-0cc1-721d-98dd-5c526513cfb3;01a02690-22e2-7774-a1a3-e4eda13800ee
01a02690-0cc1-721d-98dd-5c53a036a128;01a02690-22e3-7064-9388-0fa7a95884d7
01a02690-0cc1-721d-98dd-5c53a036a128;01a02690-22e3-7064-9388-0fa8483ad62a
01a02690-0cc1-721d-98dd-5c53a036a128;01a02690-22e3-7064-9388-0fa9fb432696
01a02690-0cc1-721d-98dd-5c53a036a128;01a02690-22e3-7064-9388-0faa489ffb66
01a02690-0cc1-721d-98dd-5c53a036a128;01a02690-22e3-7064-9388-0fab7c1e2b25
01a02690-0cc1-721d-98dd-5c53a036a128;01a02690-22e3-7064-9388-0fac1c013912
01a02690-0cc1-721d-98dd-5c54f0e717ac;01a02690-22e3-7064-9388-0fad7f898e5e
01a02690-0cc1-721d-98dd-5c552642cd84;01a02690-22e3-7064-9388-0fae31a8f398
01a02690-0cc1-721d-98dd-5c552642cd84;01a02690-22e3-7064-9388-0faf96ca2d6c
01a02690-0cc1-721d-98dd-5c552642cd84;01a02690-22e3-7064-9388-0fb066baf4b5
01a02690-0cc1-721d-98dd-5c552642cd84;01a02690-22e3-7064-9388-0fb17a8aaad3
01a02690-0cc1-721d-98dd-5c5648720f36;01a02690-22e3-7064-9388-0fb24511f28a
01a02690-0cc1-721d-98dd-5c574cc86f09;01a02690-22e3-7064-9388-0fb3d25f51a3
01a02690-0cc1-721d-98dd-5c574cc86f09;01a02690-22e3-7064-9388-0fb4954a72af
01a02690-0cc1-721d-98dd-5c5891bf4541;01a02690-22e3-7064-9388-0fb5fe9dbfb4
01a02690-0cc1-721d-98dd-5c59d07fe023;01a02690-22e3-7064-9388-0fb65c39297e
01a02690-0cc1-721d-98dd-5c5abe694a80;01a02690-22e3-7064-9388-0fb77f2d582d
01a02690-0cc1-721d-98dd-5c5b9618d017;01a02690-22e3-7064-9388-0fb8918bda04
01a02690-0cc1-721d-98dd-5c5c60ec1cb5;01a02690-22e3-7064-9388-0fb9d9b7fb24
01a02690-0cc1-721d-98dd-5c5daecf2621;01a02690-22e3-7064-9388-0fba5453cf26
01a02690-0cc1-721d-98dd-5c5e7edb1339;01a02690-22e3-7064-9388-0fbbf43d0467
01a02690-0cc1-721d-98dd-5c5ffb52558e;01a02690-22e3-7064-9388-0fbc75ed9a98
01a02690-0cc1-721d-98dd-5c60a4179588;01a02690-22e3-7064-9388-0fbda77815d9
01a02690-0cc1-721d-98dd-5c61e5646acc;01a02690-22e3-7064-9388-0fbe24834d3e
01a02690-0cc1-721d-98dd-5c62b58bd9f1;01a02690-22e3-7064-9388-0fbfd14c71c0
01a02690-0cc1-721d-98dd-5c6316787491;01a02690-22e3-7064-9388-0fc0a0b26ed4
01a02690-0cc1-721d-98dd-5c6438bcfc77;01a02690-22e3-7064-9388-0fc1a4a4e4e5
01a02690-0cc1-721d-98dd-5c6438bcfc77;01a02690-22e3-7064-9388-0fc2b18c8a2c
01a02690-0cc1-721d-98dd-5c654af8b116;01a02690-22e3-7064-9388-0fc3f03b21fd
01a02690-0cc1-721d-98dd-5c667e948453;01a02690-22e3-7064-9388-0fc49cb1e89a
01a02690-0cc1-721d-98dd-5c667e948453;01a02690-22e3-7064-9388-0fc5d591f441
01a02690-0cc1-721d-98dd-5c667e948453;01a02690-22e3-7064-9388-0fc659c13523
01a02690-0cc1-721d-98dd-5c667e948453;01a02690-22e3-7064-9388-0fc77d04228e
01a02690-0cc1-721d-98dd-5c667e948453;01a02690-22e3-7064-9388-0fc8dc450ca1
01a02690-0cc1-721d-98dd-5c67d4ef111e;01a02690-22e3-7064-9388-0fc9f018d898
01a02690-0cc1-721d-98dd-5c67d4ef111e;01a02690-22e3-7064-9388-0fcae56dec6d
01a02690-0cc1-721d-98dd-5c681dbf88d5;01a02690-22e3-7064-9388-0fcbc28a5079
01a02690-0cc1-721d-98dd-5c691ca1d608;01a02690-22e3-7064-9388-0fcc22b0c106
01a02690-0cc1-721d-98dd-5c691ca1d608;01a02690-22e3-7064-9388-0fcdc26cac01
01a02690-0cc1-721d-98dd-5c691ca1d608;01a02690-22e3-7064-9388-0fce06d1c978
01a02690-0cc1-721d-98dd-5c6a00808dce;01a02690-22e3-7064-9388-0fcffe27dae7
01a02690-0cc1-721d-98dd-5c6b0b5cc271;01a02690-22e3-7064-9388-0fd05b9d3bf6
01a02690-0cc1-721d-98dd-5c6c6bd755bb;01a02690-22e3-7064-9388-0fd184517043
01a02690-0cc1-721d-98dd-5c6d3d84adee;01a02690-22e3-7064-9388-0fd2f69f1606
01a02690-0cc1-721d-98dd-5c6d3d84adee;01a02690-22e3-7064-9388-0fd3e32701d7
01a02690-0cc1-721d-98dd-5c6d3d84adee;01a02690-22e3-7064-9388-0fd4c99a2178
01a02690-0cc1-721d-98dd-5c6d3d84adee;01a02690-22e3-7064-9388-0fd556c52222
01a02690-0cc1-721d-98dd-5c6d3d84adee;01a02690-22e3-7064-9388-0fd644cae712
01a02690-0cc1-721d-98dd-5c6d3d84adee;01a02690-22e3-7064-9388-0fd72e49bd5f
01a02690-0cc1-721d-98dd-5c6d3d84adee;01a02690-22e3-7064-9388-0fd8ed2d5b21
01a02690-0cc1-721d-98dd-5c6efe11bbc0;01a02690-22e3-7064-9388-0fd9eb0d53ff
01a02690-0cc1-721d-98dd-5c6efe11bbc0;01a02690-22e3-7064-9388-0fdae8dafe10
01a02690-0cc1-721d-98dd-5c6f2c3a1bf1;01a02690-22e3-7064-9388-0fdb45859c47
01a02690-0cc1-721d-98dd-5c6f2c3a1bf1;01a02690-22e3-7064-9388-0fdc25a2d5ec
01a02690-0cc1-721d-98dd-5c706c571045;01a02690-22e3-7064-9388-0fdd8c469117
01a02690-0cc1-721d-98dd-5c712e87e49e;01a02690-22e3-7064-9388-0fde1bf3606c
01a02690-0cc1-721d-98dd-5c72dc004b08;01a02690-22e3-7064-9388-0fdfbde7ebef
01a02690-0cc1-721d-98dd-5c73f90d6191;01a02690-22e3-7064-9388-0fe0f6aabf71
01a02690-0cc1-721d-98dd-5c748f78edda;01a02690-22e3-7064-9388-0fe1af6a8c18
01a02690-0cc1-721d-98dd-5c75bbc1e26b;01a02690-22e3-7064-9388-0fe2c5fa6e38
01a02690-0cc1-721d-98dd-5c760e2fb2aa;01a02690-22e3-7064-9388-0fe33f82d3c6
01a02690-0cc1-721d-98dd-5c77fce01202;01a02690-22e3-7064-9388-0fe433bc2b22
01a02690-0cc1-721d-98dd-5c783c51947a;01a02690-22e2-7774-a1a3-e4d2e7cdd23d
01a02690-0cc1-721d-98dd-5c790092579d;01a02690-22e3-7064-9388-0fe515ccf4d0
01a02690-0cc1-721d-98dd-5c7a3012c4af;01a02690-22e3-7064-9388-0fe67e185297
01a02690-0cc1-721d-98dd-5c7b34ed94c1;01a02690-22e3-7064-9388-0fe706f1ff5f
01a02690-0cc1-721d-98dd-5c7b34ed94c1;01a02690-22e3-7064-9388-0fe825664e3f
01a02690-0cc1-721d-98dd-5c7b34ed94c1;01a02690-22e3-7064-9388-0fe93707c70f
01a02690-0cc1-721d-98dd-5c7b34ed94c1;01a02690-22e3-7064-9388-0fea61f46da5
01a02690-0cc1-721d-98dd-5c7c13fc80bc;01a02690-22e3-7064-9388-0fe93707c70f
01a02690-0cc1-721d-98dd-5c7d9de9ad63;01a02690-22e3-7064-9388-0feb65b711a5
01a02690-0cc1-721d-98dd-5c7d9de9ad63;01a02690-22e3-7064-9388-0fec8003d9a0
01a02690-0cc1-721d-98dd-5c7d9de9ad63;01a02690-22e3-7064-9388-0fedbb2afa6c
01a02690-0cc1-721d-98dd-5c7e447a583d;01a02690-22e3-7064-9388-0feeb0b91fdf
01a02690-0cc1-721d-98dd-5c7fee646c9f;01a02690-22e3-7064-9388-0fef3ab1bc46
01a02690-0cc1-721d-98dd-5c7fee646c9f;01a02690-22e3-7064-9388-0ff08deb496a
01a02690-0cc1-721d-98dd-5c80a8065d5e;01a02690-22e3-7064-9388-0ff190da373d
01a02690-0cc1-721d-98dd-5c80a8065d5e;01a02690-22e3-7064-9388-0ff219c7c8ef
01a02690-0cc1-721d-98dd-5c81537edd9b;01a02690-22e3-7064-9388-0ff38eebd6fd
01a02690-0cc1-721d-98dd-5c824355a6e7;01a02690-22e3-7064-9388-0ff4c0bafb2f
01a02690-0cc1-721d-98dd-5c83cdfc5839;01a02690-22e3-7064-9388-0ff50bb4bf1c
01a02690-0cc1-721d-98dd-5c84c4dba876;01a02690-22e3-7064-9388-0ff6a8e26fe7
01a02690-0cc1-721d-98dd-5c85e841e70c;01a02690-22e3-7064-9388-0ff75799dd1c
01a02690-0cc1-721d-98dd-5c85e841e70c;01a02690-22e3-7064-9388-0ff80ce8132a
01a02690-0cc1-721d-98dd-5c85e841e70c;01a02690-22e3-7064-9388-0ff9ea9fd485
01a02690-0cc1-721d-98dd-5c8694facade;01a02690-22e3-7064-9388-0ffa661302ef
01a02690-0cc1-721d-98dd-5c8694facade;01a02690-22e3-7064-9388-0ffbd4b8603a
01a02690-0cc1-721d-98dd-5c87dd3c5b44;01a02690-22e3-7064-9388-0ffc8d85bc09
01a02690-0cc1-721d-98dd-5c88204ecc84;01a02690-22e3-7064-9388-0ffddce04db6
01a02690-0cc1-721d-98dd-5c89360bf5e3;01a02690-22e3-7064-9388-0ffea0304e77
01a02690-0cc1-721d-98dd-5c8a78115c07;01a02690-22e3-7064-9388-0fffa32fb404
01a02690-0cc1-721d-98dd-5c8b48d33771;01a02690-22e3-7064-9388-1000c7ec7aab
01a02690-0cc1-721d-98dd-5c8b48d33771;01a02690-22e3-7064-9388-100156534b59
01a02690-0cc1-721d-98dd-5c8c84baa727;01a02690-22e3-7064-9388-1002a50742dc
01a02690-0cc1-721d-98dd-5c8d38055fa7;01a02690-22e3-7064-9388-100342a3906c
01a02690-0cc1-721d-98dd-5c8e58009190;01a02690-22e3-7064-9388-1004c291f4c8
01a02690-0cc1-721d-98dd-5c8e58009190;01a02690-22e3-7064-9388-10059d422d30
01a02690-0cc1-721d-98dd-5c8fe7445860;01a02690-22e3-7064-9388-10068bafc6f3
01a02690-0cc1-721d-98dd-5c902e76859a;01a02690-22e3-7064-9388-1007f6f94105
01a02690-0cc1-721d-98dd-5c9125e4a9d1;01a02690-22e3-7064-9388-10084abaa255
01a02690-0cc1-721d-98dd-5c9125e4a9d1;01a02690-22e3-7064-9388-100928ed073f
01a02690-0cc1-721d-98dd-5c9125e4a9d1;01a02690-22e3-7064-9388-100a0f859188
01a02690-0cc1-721d-98dd-5c9125e4a9d1;01a02690-22e3-7064-9388-100b5e38175e
01a02690-0cc1-721d-98dd-5c9125e4a9d1;01a02690-22e3-7064-9388-100ce71eedeb
01a02690-0cc1-721d-98dd-5c9125e4a9d1;01a02690-22e3-7064-9388-100da019e76f
01a02690-0cc1-721d-98dd-5c9125e4a9d1;01a02690-22e3-7064-9388-100e12a6d7ea
01a02690-0cc1-721d-98dd-5c9125e4a9d1;01a02690-22e3-7064-9388-100fcb6295a2
01a02690-0cc1-721d-98dd-5c926cdcf6dc;01a02690-22e3-7064-9388-1010b6cc6f70
01a02690-0cc1-721d-98dd-5c926cdcf6dc;01a02690-22e3-7064-9388-1011e1b3fb91
01a02690-0cc1-721d-98dd-5c93f4652b9d;01a02690-22e3-7064-9388-1012df0b82ac
01a02690-0cc1-721d-98dd-5c940fc8c2ab;01a02690-22e3-7064-9388-10134c375ec3
01a02690-0cc1-721d-98dd-5c9530e818e9;01a02690-22e3-7064-9388-10144c75f7a5
01a02690-0cc1-721d-98dd-5c96f4c56833;01a02690-22e3-7064-9388-1015151075b4
01a02690-0cc1-721d-98dd-5c977afa16d4;01a02690-22e3-7064-9388-1016c5d2b2e6
01a02690-0cc1-721d-98dd-5c98521f3733;01a02690-22e3-7064-9388-1017d3e504cd
01a02690-0cc1-721d-98dd-5c99b87b51e8;01a02690-22e3-7064-9388-10185f3bca8e
01a02690-0cc1-721d-98dd-5c9adbc58965;01a02690-22e3-7064-9388-10192f7010d5
01a02690-0cc1-721d-98dd-5c9adbc58965;01a02690-22e3-7064-9388-101a9295c3f8
01a02690-0cc1-721d-98dd-5c9b01fe8eea;01a02690-22e3-7064-9388-101b924a09f0
01a02690-0cc1-721d-98dd-5c9cfd112eb9;01a02690-22e3-7064-9388-101c00369893
01a02690-0cc1-721d-98dd-5c9d71add236;01a02690-22e3-7064-9388-101d46a77f1e
01a02690-0cc1-721d-98dd-5c9ea65d4396;01a02690-22e3-7064-9388-101e02287ea7
01a02690-0cc1-721d-98dd-5c9ea65d4396;01a02690-22e3-7064-9388-101f2afd6f0d
01a02690-0cc1-721d-98dd-5c9ea65d4396;01a02690-22e3-7064-9388-1020f0f08e72
01a02690-0cc1-721d-98dd-5c9fb069f0c3;01a02690-22e3-7064-9388-10068bafc6f3
01a02690-0cc1-721d-98dd-5c9fb069f0c3;01a02690-22e3-7064-9388-1021e5d4a96e
01a02690-0cc1-721d-98dd-5c9fb069f0c3;01a02690-22e3-7064-9388-0ffbd4b8603a
01a02690-0cc1-721d-98dd-5c9fb069f0c3;01a02690-22e3-7064-9388-1022bd995fb5
01a02690-0cc1-721d-98dd-5ca03bc26e69;01a02690-22e3-7064-9388-10233a0363e6
01a02690-0cc1-721d-98dd-5ca13a463fdd;01a02690-22e3-7064-9388-10246d791e10
01a02690-0cc1-721d-98dd-5ca2f3288014;01a02690-22e3-7064-9388-102572b67851
01a02690-0cc1-721d-98dd-5ca32869d350;01a02690-22e3-7064-9388-1026ed609ddf
01a02690-0cc1-721d-98dd-5ca490df6e31;01a02690-22e3-7064-9388-102770e245e3
01a02690-0cc1-721d-98dd-5ca56d7b1e05;01a02690-22e3-7064-9388-10285250d6c4
01a02690-0cc1-721d-98dd-5ca6cb4b006c;01a02690-22e3-7064-9388-1029f86eff70
01a02690-0cc1-721d-98dd-5ca6cb4b006c;01a02690-22e3-7064-9388-102a4697cc4a
01a02690-0cc1-721d-98dd-5ca7ef1f4815;01a02690-22e3-7064-9388-102b7f5c09c6
01a02690-0cc1-721d-98dd-5ca7ef1f4815;01a02690-22e3-7064-9388-102c9a97c61d
01a02690-0cc1-721d-98dd-5ca8a3467bec;01a02690-22e3-7064-9388-102d1f1d09f5
01a02690-0cc1-721d-98dd-5ca8a3467bec;01a02690-22e3-7064-9388-102ed4225282
01a02690-0cc1-721d-98dd-5ca8a3467bec;01a02690-22e3-7064-9388-102f38ab8d97
01a02690-0cc1-721d-98dd-5ca930d53ac7;01a02690-22e3-7064-9388-1030175a3cf0
01a02690-0cc1-721d-98dd-5caa68a05058;01a02690-22e3-7064-9388-1031e1445aac
01a02690-0cc1-721d-98dd-5cab53efb7a5;01a02690-22e3-7064-9388-1032439acf40
01a02690-0cc1-721d-98dd-5cac4aadb466;01a02690-22e3-7064-9388-10336607aeae
01a02690-0cc1-721d-98dd-5cade54021c7;01a02690-22e3-7064-9388-10347bbe84d2
01a02690-0cc1-721d-98dd-5caeb271c9eb;01a02690-22e3-7064-9388-10354d0b0598
01a02690-0cc1-721d-98dd-5cafc51cf435;01a02690-22e3-7064-9388-103672a27618
01a02690-0cc1-721d-98dd-5cb03da666a1;01a02690-22e3-7064-9388-1037335cc923
01a02690-0cc1-721d-98dd-5cb03da666a1;01a02690-22e3-7064-9388-1038fa2bd0d3
01a02690-0cc1-721d-98dd-5cb03da666a1;01a02690-22e3-7064-9388-103981b5c033
01a02690-0cc1-721d-98dd-5cb03da666a1;01a02690-22e3-7064-9388-103a24eb5042
01a02690-0cc1-721d-98dd-5cb03da666a1;01a02690-22e3-7064-9388-103b0cf1ae2c
01a02690-0cc1-721d-98dd-5cb19cff1dea;01a02690-22e3-7064-9388-103c9c2113cd
01a02690-0cc1-721d-98dd-5cb200812790;01a02690-22e3-7064-9388-103d8b6c741e
01a02690-0cc1-721d-98dd-5cb200812790;01a02690-22e3-7064-9388-103e56412260
01a02690-0cc1-721d-98dd-5cb368c3129a;01a02690-22e3-7064-9388-103f098d9f2c
01a02690-0cc1-721d-98dd-5cb368c3129a;01a02690-22e3-7064-9388-10407539abd7
01a02690-0cc1-721d-98dd-5cb4dd6ddc45;01a02690-22e3-7064-9388-10412236357f
01a02690-0cc1-721d-98dd-5cb55c65e5d4;01a02690-22e3-7064-9388-1042555778e6
01a02690-0cc1-721d-98dd-5cb6a813bac6;01a02690-22e3-7064-9388-1043575e2f16
01a02690-0cc1-721d-98dd-5cb73825de46;01a02690-22e3-7064-9388-1044927fe5b9
01a02690-0cc1-721d-98dd-5cb8cc7dd172;01a02690-22e3-7064-9388-1045938da8d9
01a02690-0cc1-721d-98dd-5cb98f45a2ea;01a02690-22e3-7064-9388-1046a704f36b
01a02690-0cc1-721d-98dd-5cba02f2cd9c;01a02690-22e3-7064-9388-10476d9f0e84
01a02690-0cc1-721d-98dd-5cba02f2cd9c;01a02690-22e3-7064-9388-104828cbff47
01a02690-0cc1-721d-98dd-5cba02f2cd9c;01a02690-22e3-7064-9388-10498c1798c8
01a02690-0cc1-721d-98dd-5cbb523add9b;01a02690-22e3-7064-9388-104ad28c798a
01a02690-0cc1-721d-98dd-5cbc3048a3d3;01a02690-22e3-7064-9388-104b79d82fef
01a02690-0cc1-721d-98dd-5cbc3048a3d3;01a02690-22e3-7064-9388-104ca4d99290
01a02690-0cc1-721d-98dd-5cbc3048a3d3;01a02690-22e3-7064-9388-104da8a9f11d
01a02690-0cc1-721d-98dd-5cbc3048a3d3;01a02690-22e3-7064-9388-104ef269fb4c
01a02690-0cc1-721d-98dd-5cbc3048a3d3;01a02690-22e3-7064-9388-104f338cf42b
01a02690-0cc1-721d-98dd-5cbc3048a3d3;01a02690-22e3-7064-9388-105015883810
01a02690-0cc1-721d-98dd-5cbc3048a3d3;01a02690-22e3-7064-9388-1051dda49c41
01a02690-0cc1-721d-98dd-5cbdb8bcddbf;01a02690-22e3-7064-9388-1052cbfd445e
01a02690-0cc1-721d-98dd-5cbe36ece9ba;01a02690-22e3-7064-9388-1053ea517d95
01a02690-0cc1-721d-98dd-5cbe36ece9ba;01a02690-22e3-7064-9388-1054f8237de4
01a02690-0cc1-721d-98dd-5cbe36ece9ba;01a02690-22e3-7064-9388-10554cc4a9ee
01a02690-0cc1-721d-98dd-5cbf5665b875;01a02690-22e3-7064-9388-10560e9565e8
01a02690-0cc1-721d-98dd-5cc01396ebbc;01a02690-22e3-7064-9388-105717aec3b3
01a02690-0cc1-721d-98dd-5cc17985fc6b;01a02690-22e3-7064-9388-1058877df030
01a02690-0cc1-721d-98dd-5cc17985fc6b;01a02690-22e3-7064-9388-10597e476c9d
01a02690-0cc1-721d-98dd-5cc2da20e35b;01a02690-22e3-7064-9388-105a56e6771a
01a02690-0cc1-721d-98dd-5cc2da20e35b;01a02690-22e3-7064-9388-105b8d6975d9
01a02690-0cc1-721d-98dd-5cc3e4362f91;01a02690-22e3-7064-9388-105c8b7ee718
01a02690-0cc1-721d-98dd-5cc493cf6208;01a02690-22e3-7064-9388-105d78799dfd
01a02690-0cc1-721d-98dd-5cc565dafee1;01a02690-22e3-7064-9388-105eb2ce709a
01a02690-0cc1-721d-98dd-5cc6a4b6bd16;01a02690-22e3-7064-9388-105f534d86a5
01a02690-0cc1-721d-98dd-5cc71f0de5dc;01a02690-22e3-7064-9388-1060d87fee89
01a02690-0cc1-721d-98dd-5cc8509ffa76;01a02690-22e3-7064-9388-106128986ae3
01a02690-0cc1-721d-98dd-5cc8509ffa76;01a02690-22e3-7064-9388-106270641a9d
01a02690-0cc1-721d-98dd-5cc9b05c58e8;01a02690-22e3-7064-9388-106358c16072
01a02690-0cc1-721d-98dd-5ccaca8c806d;01a02690-22e3-7064-9388-0fc5d591f441
01a02690-0cc1-721d-98dd-5ccb4daf9103;01a02690-22e3-7064-9388-1064a9a8399a
01a02690-0cc1-721d-98dd-5ccc017d538f;01a02690-22e3-7064-9388-1065df51a3a6
01a02690-0cc1-721d-98dd-5ccd7f4e5099;01a02690-22e3-7064-9388-10665d1d067a
01a02690-0cc1-721d-98dd-5ccd7f4e5099;01a02690-22e3-7064-9388-1067b8e2a0cb
01a02690-0cc1-721d-98dd-5ccd7f4e5099;01a02690-22e3-7064-9388-1068ee5010a0
01a02690-0cc1-721d-98dd-5cce85ec5a10;01a02690-22e3-7064-9388-1069329a2076
01a02690-0cc1-721d-98dd-5ccffb5da326;01a02690-22e3-7064-9388-106af16808b6
01a02690-0cc1-721d-98dd-5cd08b154a6e;01a02690-22e3-7064-9388-106b5551027a
01a02690-0cc1-721d-98dd-5cd11698a90f;01a02690-22e3-7064-9388-106cad1801e5
01a02690-0cc1-721d-98dd-5cd21bea13fb;01a02690-22e3-7064-9388-106d8bed5cf8
01a02690-0cc1-721d-98dd-5cd3b33c0b47;01a02690-22e3-7064-9388-106ec8bbf451
01a02690-0cc1-721d-98dd-5cd4a713dbde;01a02690-22e3-7064-9388-106fd6dbc6b0
01a02690-0cc1-721d-98dd-5cd5148a2113;01a02690-22e3-7064-9388-107004a554a7
01a02690-0cc1-721d-98dd-5cd6e928b146;01a02690-22e3-7064-9388-100a0f859188
01a02690-0cc1-721d-98dd-5cd78e832754;01a02690-22e3-7064-9388-1071ba90c3a6
01a02690-0cc1-721d-98dd-5cd8c1b7d0ed;01a02690-22e3-7064-9388-10729fb91cf4
01a02690-0cc1-721d-98dd-5cd8c1b7d0ed;01a02690-22e2-7774-a1a3-e4d36a2f4ffc
01a02690-0cc1-721d-98dd-5cd92155cd52;01a02690-22e3-7064-9388-1073225a4521
01a02690-0cc1-721d-98dd-5cda8faaa946;01a02690-22e3-7064-9388-1074d2d31d64
01a02690-0cc1-721d-98dd-5cdb95680177;01a02690-22e3-7064-9388-1075d63adbe0
01a02690-0cc1-721d-98dd-5cdcc0ae5a44;01a02690-22e3-7064-9388-107696103351
01a02690-0cc1-721d-98dd-5cdcc0ae5a44;01a02690-22e3-7064-9388-10774384135d
01a02690-0cc1-721d-98dd-5cddd4d0a5cb;01a02690-22e3-7064-9388-1078ddb69ec3
01a02690-0cc1-721d-98dd-5cddd4d0a5cb;01a02690-22e3-7064-9388-10796d188615
01a02690-0cc1-721d-98dd-5cdef488a184;01a02690-22e3-7064-9388-1068ee5010a0
01a02690-0cc1-721d-98dd-5cdf39d227b1;01a02690-22e3-7064-9388-107a80a501dc
01a02690-0cc1-721d-98dd-5ce07bc0e373;01a02690-22e3-7064-9388-107bd338e3da
01a02690-0cc1-721d-98dd-5ce07bc0e373;01a02690-22e4-7376-a60c-b91ea1c57e29
01a02690-0cc1-721d-98dd-5ce07bc0e373;01a02690-22e4-7376-a60c-b91fc14570be
01a02690-0cc1-721d-98dd-5ce07bc0e373;01a02690-22e4-7376-a60c-b9204959d323
01a02690-0cc1-721d-98dd-5ce07bc0e373;01a02690-22e4-7376-a60c-b9210a4d6228
01a02690-0cc1-721d-98dd-5ce07bc0e373;01a02690-22e4-7376-a60c-b922f1d6c24e
01a02690-0cc1-721d-98dd-5ce07bc0e373;01a02690-22e4-7376-a60c-b923f94d371f
01a02690-0cc1-721d-98dd-5ce07bc0e373;01a02690-22e4-7376-a60c-b924abf43b2b
01a02690-0cc1-721d-98dd-5ce07bc0e373;01a02690-22e4-7376-a60c-b925ff17b855
01a02690-0cc1-721d-98dd-5ce07bc0e373;01a02690-22e4-7376-a60c-b92670ecf4ca
01a02690-0cc1-721d-98dd-5ce07bc0e373;01a02690-22e4-7376-a60c-b9272cc93534
01a02690-0cc1-721d-98dd-5ce07bc0e373;01a02690-22e4-7376-a60c-b928256e0ddb
01a02690-0cc1-721d-98dd-5ce1117222e5;01a02690-22e4-7376-a60c-b929ebd0aef5
01a02690-0cc1-721d-98dd-5ce216f96481;01a02690-22e4-7376-a60c-b92a7d57c328
01a02690-0cc1-721d-98dd-5ce37d1cbebc;01a02690-22e4-7376-a60c-b929ebd0aef5
01a02690-0cc1-721d-98dd-5ce37d1cbebc;01a02690-22e4-7376-a60c-b92be389c4d2
01a02690-0cc1-721d-98dd-5ce459d815a8;01a02690-22e4-7376-a60c-b92cb1c8290f
01a02690-0cc1-721d-98dd-5ce459d815a8;01a02690-22e4-7376-a60c-b92d27fc6673
01a02690-0cc1-721d-98dd-5ce459d815a8;01a02690-22e4-7376-a60c-b92e881750ee
01a02690-0cc1-721d-98dd-5ce459d815a8;01a02690-22e3-7064-9388-101a9295c3f8
01a02690-0cc1-721d-98dd-5ce5fac8cff0;01a02690-22e4-7376-a60c-b92f2c73b3d4
01a02690-0cc1-721d-98dd-5ce6ed2d549a;01a02690-22e4-7376-a60c-b9309030b8c5
01a02690-0cc1-721d-98dd-5ce743bd3878;01a02690-22e4-7376-a60c-b931f39a3bad
01a02690-0cc1-721d-98dd-5ce89de34893;01a02690-22e4-7376-a60c-b932458f7956
01a02690-0cc1-721d-98dd-5ce96a866078;01a02690-22e4-7376-a60c-b933951d367b
01a02690-0cc1-721d-98dd-5cea6d859529;01a02690-22e4-7376-a60c-b9340a43939b
01a02690-0cc1-721d-98dd-5cea6d859529;01a02690-22e4-7376-a60c-b9350c343c91
01a02690-0cc1-721d-98dd-5ceb3b7ca8e1;01a02690-22e4-7376-a60c-b93663b4e4b9
01a02690-0cc1-721d-98dd-5cecd9a68b29;01a02690-22e4-7376-a60c-b93707622b80
01a02690-0cc1-721d-98dd-5cecd9a68b29;01a02690-22e4-7376-a60c-b938c8fe8a10
01a02690-0cc1-721d-98dd-5ced8ecbbee5;01a02690-22e4-7376-a60c-b939e4abe37b
01a02690-0cc1-721d-98dd-5cee1a308299;01a02690-22e4-7376-a60c-b93af99076f5
01a02690-0cc1-721d-98dd-5cee1a308299;01a02690-22e4-7376-a60c-b93bd3408410
01a02690-0cc1-721d-98dd-5cef409a727a;01a02690-22e4-7376-a60c-b93c1d1f8103
01a02690-0cc1-721d-98dd-5cf0728ad835;01a02690-22e4-7376-a60c-b93d29470d9c
01a02690-0cc1-721d-98dd-5cf1477a316b;01a02690-22e4-7376-a60c-b93e43da4c94
01a02690-0cc1-721d-98dd-5cf2fa185c05;01a02690-22e4-7376-a60c-b93fd5f4a08f
01a02690-0cc1-721d-98dd-5cf3c9ff7a0c;01a02690-22e3-7064-9388-0ffa661302ef
01a02690-0cc1-721d-98dd-5cf3c9ff7a0c;01a02690-22e4-7376-a60c-b94045b49a26
01a02690-0cc1-721d-98dd-5cf3c9ff7a0c;01a02690-22e4-7376-a60c-b941c15500f4
01a02690-0cc1-721d-98dd-5cf440dc5d5c;01a02690-22e3-7064-9388-0fb3d25f51a3
01a02690-0cc1-721d-98dd-5cf440dc5d5c;01a02690-22e3-7064-9388-0fb4954a72af
01a02690-0cc1-721d-98dd-5cf50131c86d;01a02690-22e4-7376-a60c-b9425b29cf8e
01a02690-0cc1-721d-98dd-5cf64f7f4b84;01a02690-22e4-7376-a60c-b9436a82c1af
01a02690-0cc1-721d-98dd-5cf7da48e710;01a02690-22e4-7376-a60c-b944b92786ca
01a02690-0cc1-721d-98dd-5cf83e4e66c9;01a02690-22e4-7376-a60c-b9459e6fc0e3
01a02690-0cc1-721d-98dd-5cf9bb1ced73;01a02690-22e4-7376-a60c-b946c2bff578
01a02690-0cc1-721d-98dd-5cfafebd7411;01a02690-22e4-7376-a60c-b9471300e26a
01a02690-0cc1-721d-98dd-5cfb0bab4ad5;01a02690-22e4-7376-a60c-b9487f4ebda2
01a02690-0cc1-721d-98dd-5cfcbec025c4;01a02690-22e4-7376-a60c-b949a34c0eed
01a02690-0cc1-721d-98dd-5cfdfc8d08fd;01a02690-22e4-7376-a60c-b94a6ab498dd
01a02690-0cc1-721d-98dd-5cfe5dd3218c;01a02690-22e3-7064-9388-0fdae8dafe10
01a02690-0cc1-721d-98dd-5cffd1ac97e6;01a02690-22e4-7376-a60c-b94b6d2bc1bf
01a02690-0cc1-721d-98dd-5cffd1ac97e6;01a02690-22e4-7376-a60c-b94c4e8a19a6
01a02690-0cc1-721d-98dd-5d008169a046;01a02690-22e4-7376-a60c-b94de1a9f6d1
01a02690-0cc1-721d-98dd-5d013b14ba1f;01a02690-22e4-7376-a60c-b94e42e045a6
01a02690-0cc1-721d-98dd-5d013b14ba1f;01a02690-22e4-7376-a60c-b94f5b7ae28c
01a02690-0cc1-721d-98dd-5d013b14ba1f;01a02690-22e4-7376-a60c-b9501ae80020
01a02690-0cc1-721d-98dd-5d013b14ba1f;01a02690-22e4-7376-a60c-b951078e43f0
01a02690-0cc1-721d-98dd-5d022a494e5d;01a02690-22e4-7376-a60c-b952572e7126
01a02690-0cc1-721d-98dd-5d03bf8d5145;01a02690-22e4-7376-a60c-b953e0121e65
01a02690-0cc1-721d-98dd-5d03bf8d5145;01a02690-22e4-7376-a60c-b954bbed8c4c
01a02690-0cc1-721d-98dd-5d03bf8d5145;01a02690-22e4-7376-a60c-b955a5c3e1c9
01a02690-0cc1-721d-98dd-5d03bf8d5145;01a02690-22e4-7376-a60c-b95689b2627c
01a02690-0cc1-721d-98dd-5d03bf8d5145;01a02690-22e4-7376-a60c-b957c6a2641c
01a02690-0cc1-721d-98dd-5d03bf8d5145;01a02690-22e4-7376-a60c-b958e747f396
01a02690-0cc1-721d-98dd-5d03bf8d5145;01a02690-22e4-7376-a60c-b95939310301
01a02690-0cc1-721d-98dd-5d04194bd3fe;01a02690-22e4-7376-a60c-b95a9f3a2768
01a02690-0cc1-721d-98dd-5d05249636bd;01a02690-22e4-7376-a60c-b95bb15fb45e
01a02690-0cc1-721d-98dd-5d06280968ef;01a02690-22e4-7376-a60c-b95ce71ee6b8
01a02690-0cc1-721d-98dd-5d07984686ff;01a02690-22e4-7376-a60c-b95dda7e7a89
01a02690-0cc1-721d-98dd-5d087cec0e4a;01a02690-22e4-7376-a60c-b95e54872fd9
01a02690-0cc1-721d-98dd-5d095a545da4;01a02690-22e4-7376-a60c-b95f449c1758
01a02690-0cc1-721d-98dd-5d0a4639ea9e;01a02690-22e4-7376-a60c-b960c49c807e
01a02690-0cc1-721d-98dd-5d0b87a23cae;01a02690-22e4-7376-a60c-b96128619ed2
01a02690-0cc1-721d-98dd-5d0c8a8ca0c0;01a02690-22e4-7376-a60c-b962b7664b98
01a02690-0cc1-721d-98dd-5d0d32ddd2cf;01a02690-22e4-7376-a60c-b963d5e4643e
01a02690-0cc1-721d-98dd-5d0e20ad0b94;01a02690-22e4-7376-a60c-b9640ddcc83f
01a02690-0cc1-721d-98dd-5d0fa2445ba6;01a02690-22e4-7376-a60c-b965babeb0f9
01a02690-0cc1-721d-98dd-5d1019ac837c;01a02690-22e4-7376-a60c-b966d0229a39
01a02690-0cc1-721d-98dd-5d1160b67343;01a02690-22e4-7376-a60c-b96771a95da5
01a02690-0cc1-721d-98dd-5d1160b67343;01a02690-22e4-7376-a60c-b968ab5be0a3
01a02690-0cc1-721d-98dd-5d1160b67343;01a02690-22e4-7376-a60c-b9698b56a49c
01a02690-0cc1-721d-98dd-5d1160b67343;01a02690-22e4-7376-a60c-b96a816ea4bc
01a02690-0cc1-721d-98dd-5d1160b67343;01a02690-22e4-7376-a60c-b96b69e757cc
01a02690-0cc1-721d-98dd-5d1291c6af30;01a02690-22e4-7376-a60c-b96cbd6ecd22
01a02690-0cc1-721d-98dd-5d1291c6af30;01a02690-22e4-7376-a60c-b96de623c163
01a02690-0cc1-721d-98dd-5d13caf8f3de;01a02690-22e4-7376-a60c-b96e5c47e0c3
01a02690-0cc1-721d-98dd-5d142adb879d;01a02690-22e4-7376-a60c-b96f1f461e06
01a02690-0cc1-721d-98dd-5d15d6b228fd;01a02690-22e4-7376-a60c-b97083804345
01a02690-0cc1-721d-98dd-5d16679b3ff3;01a02690-22e4-7376-a60c-b97119e96621
01a02690-0cc1-721d-98dd-5d1792ba73b7;01a02690-22e4-7376-a60c-b9726ac10570
01a02690-0cc1-721d-98dd-5d18d7ecf93b;01a02690-22e4-7376-a60c-b973b20f2af0
01a02690-0cc1-721d-98dd-5d18d7ecf93b;01a02690-22e4-7376-a60c-b974774111f2
01a02690-0cc1-721d-98dd-5d18d7ecf93b;01a02690-22e4-7376-a60c-b975faadaddd
01a02690-0cc1-721d-98dd-5d19bdfe6f2e;01a02690-22e4-7376-a60c-b976f19e02a0
01a02690-0cc1-721d-98dd-5d1a7adf4a21;01a02690-22e4-7376-a60c-b977495997d6
01a02690-0cc1-721d-98dd-5d1a7adf4a21;01a02690-22e4-7376-a60c-b97839e89d49
01a02690-0cc1-721d-98dd-5d1a7adf4a21;01a02690-22e4-7376-a60c-b9794b3a9bee
01a02690-0cc1-721d-98dd-5d1a7adf4a21;01a02690-22e4-7376-a60c-b97a71cc2cff
01a02690-0cc1-721d-98dd-5d1a7adf4a21;01a02690-22e4-7376-a60c-b97ba5f150e8
01a02690-0cc1-721d-98dd-5d1a7adf4a21;01a02690-22e4-7376-a60c-b97cb1ce7f5b
01a02690-0cc1-721d-98dd-5d1a7adf4a21;01a02690-22e4-7376-a60c-b97ddcc06568
01a02690-0cc1-721d-98dd-5d1a7adf4a21;01a02690-22e4-7376-a60c-b97e225ce13c
01a02690-0cc1-721d-98dd-5d1a7adf4a21;01a02690-22e4-7376-a60c-b97feaff68a5
01a02690-0cc1-721d-98dd-5d1a7adf4a21;01a02690-22e4-7376-a60c-b98035235018
01a02690-0cc1-721d-98dd-5d1a7adf4a21;01a02690-22e4-7376-a60c-b9814d566fb4
01a02690-0cc1-721d-98dd-5d1a7adf4a21;01a02690-22e4-7376-a60c-b982bc7caf66
01a02690-0cc1-721d-98dd-5d1a7adf4a21;01a02690-22e4-7376-a60c-b983f998c5c0
01a02690-0cc1-721d-98dd-5d1a7adf4a21;01a02690-22e4-7376-a60c-b9843d785d3a
01a02690-0cc1-721d-98dd-5d1a7adf4a21;01a02690-22e4-7376-a60c-b9851aac143e
01a02690-0cc1-721d-98dd-5d1a7adf4a21;01a02690-22e4-7376-a60c-b986917b6f90
01a02690-0cc1-721d-98dd-5d1a7adf4a21;01a02690-22e4-7376-a60c-b9876a39a390
01a02690-0cc1-721d-98dd-5d1a7adf4a21;01a02690-22e4-7376-a60c-b9882ca5ff53
01a02690-0cc1-721d-98dd-5d1a7adf4a21;01a02690-22e4-7376-a60c-b9899d7d5cc8
01a02690-0cc1-721d-98dd-5d1a7adf4a21;01a02690-22e4-7376-a60c-b98aa8818a3f
01a02690-0cc1-721d-98dd-5d1a7adf4a21;01a02690-22e4-7376-a60c-b98bae935f04
01a02690-0cc1-721d-98dd-5d1a7adf4a21;01a02690-22e4-7376-a60c-b98cd542d92b
01a02690-0cc1-721d-98dd-5d1a7adf4a21;01a02690-22e4-7376-a60c-b98d5d643b76
01a02690-0cc1-721d-98dd-5d1a7adf4a21;01a02690-22e4-7376-a60c-b98ec6d30f5d
01a02690-0cc1-721d-98dd-5d1a7adf4a21;01a02690-22e4-7376-a60c-b98f767959ce
01a02690-0cc1-721d-98dd-5d1a7adf4a21;01a02690-22e4-7376-a60c-b990614c6a3a
01a02690-0cc1-721d-98dd-5d1a7adf4a21;01a02690-22e4-7376-a60c-b99154537df6
01a02690-0cc1-721d-98dd-5d1a7adf4a21;01a02690-22e4-7376-a60c-b9924a3e555f
01a02690-0cc1-721d-98dd-5d1a7adf4a21;01a02690-22e4-7376-a60c-b9931714567f
01a02690-0cc1-721d-98dd-5d1a7adf4a21;01a02690-22e4-7376-a60c-b994f92c59a8
01a02690-0cc1-721d-98dd-5d1a7adf4a21;01a02690-22e4-7376-a60c-b995f20d42b5
01a02690-0cc1-721d-98dd-5d1a7adf4a21;01a02690-22e4-7376-a60c-b996512741c6
01a02690-0cc1-721d-98dd-5d1a7adf4a21;01a02690-22e4-7376-a60c-b9975307b169
01a02690-0cc1-721d-98dd-5d1a7adf4a21;01a02690-22e4-7376-a60c-b998fe4a2e68
01a02690-0cc1-721d-98dd-5d1a7adf4a21;01a02690-22e4-7376-a60c-b9995c1b0093
01a02690-0cc1-721d-98dd-5d1a7adf4a21;01a02690-22e4-7376-a60c-b99aa6a7d3c4
01a02690-0cc1-721d-98dd-5d1a7adf4a21;01a02690-22e4-7376-a60c-b99bcd889fa3
01a02690-0cc1-721d-98dd-5d1b50e7e8a6;01a02690-22e4-7376-a60c-b99ca0c73ca8
01a02690-0cc1-721d-98dd-5d1b50e7e8a6;01a02690-22e4-7376-a60c-b99d956a11e0
01a02690-0cc1-721d-98dd-5d1c5ef1f0b5;01a02690-22e4-7376-a60c-b99e6f704875
01a02690-0cc1-721d-98dd-5d1d4042b47e;01a02690-22e4-7376-a60c-b99f764666c5
01a02690-0cc1-721d-98dd-5d1efb539c4d;01a02690-22e4-7376-a60c-b9a0e7a71cce
01a02690-0cc1-721d-98dd-5d1f9dc00ebf;01a02690-22e4-7376-a60c-b9a1c625b954
01a02690-0cc1-721d-98dd-5d203ca142fd;01a02690-22e4-7376-a60c-b9a29e633266
01a02690-0cc1-721d-98dd-5d21feddcd94;01a02690-22e4-7376-a60c-b9a3ef9fb958
01a02690-0cc1-721d-98dd-5d22bb1f14aa;01a02690-22e4-7376-a60c-b9a4c7ef974e
01a02690-0cc1-721d-98dd-5d23e588ba4e;01a02690-22e4-7376-a60c-b9a5235609ed
01a02690-0cc1-721d-98dd-5d23e588ba4e;01a02690-22e4-7376-a60c-b9a67c754ff0
01a02690-0cc1-721d-98dd-5d23e588ba4e;01a02690-22e4-7376-a60c-b9a73f1b0787
01a02690-0cc1-721d-98dd-5d2411a2f846;01a02690-22e4-7376-a60c-b9a8f0be319b
01a02690-0cc1-721d-98dd-5d2411a2f846;01a02690-22e4-7376-a60c-b9a93c0e31f9
01a02690-0cc1-721d-98dd-5d2411a2f846;01a02690-22e4-7376-a60c-b9aa0fe8d9ce
01a02690-0cc1-721d-98dd-5d2411a2f846;01a02690-22e4-7376-a60c-b9ab99590d69
01a02690-0cc1-721d-98dd-5d2411a2f846;01a02690-22e4-7376-a60c-b9ac414d724f
01a02690-0cc1-721d-98dd-5d2411a2f846;01a02690-22e4-7376-a60c-b9ada7835857
01a02690-0cc1-721d-98dd-5d2411a2f846;01a02690-22e4-7376-a60c-b9aed199bc22
01a02690-0cc1-721d-98dd-5d2411a2f846;01a02690-22e4-7376-a60c-b9af26888e71
01a02690-0cc1-721d-98dd-5d2411a2f846;01a02690-22e4-7376-a60c-b9b0c12fe103
01a02690-0cc1-721d-98dd-5d2411a2f846;01a02690-22e4-7376-a60c-b9b11e59fc81
01a02690-0cc1-721d-98dd-5d2411a2f846;01a02690-22e4-7376-a60c-b9b23e20593c
01a02690-0cc1-721d-98dd-5d2411a2f846;01a02690-22e4-7376-a60c-b9b35732075a
01a02690-0cc1-721d-98dd-5d2411a2f846;01a02690-22e4-7376-a60c-b9b401049889
01a02690-0cc1-721d-98dd-5d2411a2f846;01a02690-22e4-7376-a60c-b9b5b380913d
01a02690-0cc1-721d-98dd-5d2411a2f846;01a02690-22e4-7376-a60c-b9b61764a9c1
01a02690-0cc1-721d-98dd-5d2411a2f846;01a02690-22e4-7376-a60c-b9b7ccad266a
01a02690-0cc1-721d-98dd-5d2411a2f846;01a02690-22e4-7376-a60c-b9b88ab3bf69
01a02690-0cc1-721d-98dd-5d2411a2f846;01a02690-22e4-7376-a60c-b9b9df46677e
01a02690-0cc1-721d-98dd-5d256625a634;01a02690-22e4-7376-a60c-b9ba402ce7c3
01a02690-0cc1-721d-98dd-5d26b982f133;01a02690-22e4-7376-a60c-b962b7664b98
01a02690-0cc1-721d-98dd-5d27a5a41120;01a02690-22e4-7376-a60c-b9bb636debfa
01a02690-0cc1-721d-98dd-5d2884b2c3ba;01a02690-22e4-7376-a60c-b9bceffc77c1
01a02690-0cc1-721d-98dd-5d29a9887764;01a02690-22e4-7376-a60c-b9bde905cddd
01a02690-0cc1-721d-98dd-5d2ac36535a1;01a02690-22e4-7376-a60c-b9bef1a44b9e
01a02690-0cc1-721d-98dd-5d2baea21ffc;01a02690-22e4-7376-a60c-b9bf5f87d22d
01a02690-0cc1-721d-98dd-5d2c031bfcf8;01a02690-22e4-7376-a60c-b9c0a58b0a5a
01a02690-0cc1-721d-98dd-5d2d8872b1f1;01a02690-22e3-7064-9388-1065df51a3a6
01a02690-0cc1-721d-98dd-5d2eecc708a5;01a02690-22e4-7376-a60c-b9c1e2daf333
01a02690-0cc1-721d-98dd-5d2fe763742d;01a02690-22e4-7376-a60c-b9c2a4c7e07a
01a02690-0cc1-721d-98dd-5d30b78fe201;01a02690-22e4-7376-a60c-b9c36ff09590
01a02690-0cc1-721d-98dd-5d31b86a4b99;01a02690-22e4-7376-a60c-b9c43432de93
01a02690-0cc1-721d-98dd-5d3212d8ebef;01a02690-22e4-7376-a60c-b9c5d78b91a7
01a02690-0cc1-721d-98dd-5d3212d8ebef;01a02690-22e4-7376-a60c-b9c636079304
01a02690-0cc1-721d-98dd-5d33c8fbeb0e;01a02690-22e4-7376-a60c-b9c71cc273bb
01a02690-0cc1-721d-98dd-5d33c8fbeb0e;01a02690-22e4-7376-a60c-b9c819ebba1e
01a02690-0cc1-721d-98dd-5d34024b3506;01a02690-22e4-7376-a60c-b9c968913809
01a02690-0cc1-721d-98dd-5d34024b3506;01a02690-22e4-7376-a60c-b9ca35ca7f49
01a02690-0cc1-721d-98dd-5d34024b3506;01a02690-22e4-7376-a60c-b9cb58e96fa8
01a02690-0cc1-721d-98dd-5d34024b3506;01a02690-22e4-7376-a60c-b9cc722fe2cc
01a02690-0cc1-721d-98dd-5d34024b3506;01a02690-22e4-7376-a60c-b9cda14aaac6
01a02690-0cc1-721d-98dd-5d34024b3506;01a02690-22e4-7376-a60c-b9ce51a59c4b
01a02690-0cc1-721d-98dd-5d34024b3506;01a02690-22e4-7376-a60c-b9cfe78a80a0
01a02690-0cc1-721d-98dd-5d34024b3506;01a02690-22e4-7376-a60c-b9d0ef4bbf75
01a02690-0cc1-721d-98dd-5d34024b3506;01a02690-22e4-7376-a60c-b9d1aad36572
01a02690-0cc1-721d-98dd-5d34024b3506;01a02690-22e4-7376-a60c-b9d25170d8c5
01a02690-0cc1-721d-98dd-5d34024b3506;01a02690-22e4-7376-a60c-b9d39821b9f9
01a02690-0cc1-721d-98dd-5d3501b8d9f3;01a02690-22e4-7376-a60c-b9d439c3721f
01a02690-0cc1-721d-98dd-5d3501b8d9f3;01a02690-22e4-7376-a60c-b9d5fcd9f7ba
01a02690-0cc1-721d-98dd-5d36aed24b7c;01a02690-22e4-7376-a60c-b9d6521588b6
01a02690-0cc1-721d-98dd-5d36aed24b7c;01a02690-22e4-7376-a60c-b9d725831e6e
01a02690-0cc1-721d-98dd-5d36aed24b7c;01a02690-22e4-7376-a60c-b9d86e7a3826
01a02690-0cc1-721d-98dd-5d37545e61c1;01a02690-22e4-7376-a60c-b9d958a0a0b0
01a02690-0cc1-721d-98dd-5d37545e61c1;01a02690-22e4-7376-a60c-b9da2ef07480
01a02690-0cc1-721d-98dd-5d3812db9ff8;01a02690-22e4-7376-a60c-b9db54cf073a
01a02690-0cc1-721d-98dd-5d3812db9ff8;01a02690-22e4-7376-a60c-b9dc9eaec7af
01a02690-0cc1-721d-98dd-5d3812db9ff8;01a02690-22e4-7376-a60c-b9dd5e3d7502
01a02690-0cc1-721d-98dd-5d3812db9ff8;01a02690-22e4-7376-a60c-b9deb0e6c7ba
01a02690-0cc1-721d-98dd-5d393fb8ff7e;01a02690-22e4-7376-a60c-b9df48e0deaf
01a02690-0cc1-721d-98dd-5d3a5b58a6cd;01a02690-22e4-7376-a60c-b9e0693452f2
01a02690-0cc1-721d-98dd-5d3a5b58a6cd;01a02690-22e4-7376-a60c-b9e101cb7a7d
01a02690-0cc1-721d-98dd-5d3b30136d76;01a02690-22e4-7376-a60c-b9e262e79eac
01a02690-0cc1-721d-98dd-5d3cc8099317;01a02690-22e4-7376-a60c-b9e30c0e7f5d
01a02690-0cc1-721d-98dd-5d3d0669e3ef;01a02690-22e4-7376-a60c-b9e4ae40bbdb
01a02690-0cc1-721d-98dd-5d3ea05522b8;01a02690-22e4-7376-a60c-b9e5317df28e
01a02690-0cc1-721d-98dd-5d3f8e4ea66e;01a02690-22e4-7376-a60c-b9e61fa43ae0
01a02690-0cc1-721d-98dd-5d40cf914b4b;01a02690-22e4-7376-a60c-b9e731f97834
01a02690-0cc1-721d-98dd-5d418adf8b85;01a02690-22e4-7376-a60c-b9e870f93371
01a02690-0cc1-721d-98dd-5d418adf8b85;01a02690-22e4-7376-a60c-b9e964198c74
01a02690-0cc1-721d-98dd-5d4248550be0;01a02690-22e4-7376-a60c-b9ea01659ebb
01a02690-0cc1-721d-98dd-5d43731b3b9c;01a02690-22e4-7376-a60c-b9ebabba2860
01a02690-0cc1-721d-98dd-5d43731b3b9c;01a02690-22e4-7376-a60c-b9ec59decd17
01a02690-0cc1-721d-98dd-5d43731b3b9c;01a02690-22e4-7376-a60c-b9ed27f8b6be
01a02690-0cc1-721d-98dd-5d43731b3b9c;01a02690-22e4-7376-a60c-b9eee6a2a62e
01a02690-0cc1-721d-98dd-5d43731b3b9c;01a02690-22e4-7376-a60c-b9ef3f3f810b
01a02690-0cc1-721d-98dd-5d44ac5bcbbe;01a02690-22e4-7376-a60c-b9f0f9ecb186
01a02690-0cc1-721d-98dd-5d44ac5bcbbe;01a02690-22e4-7376-a60c-b9f1186abfb1
01a02690-0cc1-721d-98dd-5d451aa32286;01a02690-22e4-7376-a60c-b9f212c8f838
01a02690-0cc1-721d-98dd-5d46bb28bbbc;01a02690-22e4-7376-a60c-b9f36afa973a
01a02690-0cc1-721d-98dd-5d46bb28bbbc;01a02690-22e4-7376-a60c-b9f42543c096
01a02690-0cc1-721d-98dd-5d47aa55e487;01a02690-22e4-7376-a60c-b9f584ac3e9d
01a02690-0cc1-721d-98dd-5d48c953da86;01a02690-22e4-7376-a60c-b9f6019c392d
01a02690-0cc1-721d-98dd-5d49f4771560;01a02690-22e3-7064-9388-0fb8918bda04
01a02690-0cc1-721d-98dd-5d4a309b743a;01a02690-22e4-7376-a60c-b9f78279ca62
01a02690-0cc1-721d-98dd-5d4b5e070e37;01a02690-22e4-7376-a60c-b9f8ba77ed3c
01a02690-0cc1-721d-98dd-5d4c8e9ef2a3;01a02690-22e4-7376-a60c-b9f9ddb48548
01a02690-0cc1-721d-98dd-5d4c8e9ef2a3;01a02690-22e4-7376-a60c-b9fa43bb05a5
01a02690-0cc1-721d-98dd-5d4d31501bf7;01a02690-22e4-7376-a60c-b9fbabd4a798
01a02690-0cc1-721d-98dd-5d4ecd475b79;01a02690-22e4-7376-a60c-b9fc20fef342
01a02690-0cc1-721d-98dd-5d4ecd475b79;01a02690-22e3-7064-9388-0fde1bf3606c
01a02690-0cc1-721d-98dd-5d4ff251ea23;01a02690-22e4-7376-a60c-b9fde1e71d55
01a02690-0cc1-721d-98dd-5d509ae80383;01a02690-22e4-7376-a60c-b9fe85cf3f1d
01a02690-0cc1-721d-98dd-5d5180302095;01a02690-22e4-7376-a60c-b9ff856bba0c
01a02690-0cc1-721d-98dd-5d5180302095;01a02690-22e4-7376-a60c-ba004719d1b3
01a02690-0cc1-721d-98dd-5d52a6321603;01a02690-22e4-7376-a60c-ba015bd68273
01a02690-0cc1-721d-98dd-5d536103ed66;01a02690-22e2-7774-a1a3-e4bc9c0058ad
01a02690-0cc1-721d-98dd-5d536103ed66;01a02690-22e4-7376-a60c-ba025c4be098
01a02690-0cc1-721d-98dd-5d549185a61e;01a02690-22e4-7376-a60c-ba03d4a94f86
01a02690-0cc1-721d-98dd-5d55e487e9fe;01a02690-22e4-7376-a60c-ba04eb12f9a5
01a02690-0cc1-721d-98dd-5d560f543f40;01a02690-22e4-7376-a60c-ba055789a65b
01a02690-0cc1-721d-98dd-5d560f543f40;01a02690-22e4-7376-a60c-ba064d0d8fd0
01a02690-0cc1-721d-98dd-5d576b673c5b;01a02690-22e5-74eb-8ac8-9e9321fb36b3
01a02690-0cc1-721d-98dd-5d585e0e354b;01a02690-22e5-74eb-8ac8-9e942bf8cfb1
01a02690-0cc1-721d-98dd-5d59647ae7a8;01a02690-22e5-74eb-8ac8-9e95c03a2332
01a02690-0cc1-721d-98dd-5d59647ae7a8;01a02690-22e5-74eb-8ac8-9e960f0fb619
01a02690-0cc1-721d-98dd-5d59647ae7a8;01a02690-22e5-74eb-8ac8-9e97d80456e9
01a02690-0cc1-721d-98dd-5d59647ae7a8;01a02690-22e5-74eb-8ac8-9e985a5c202d
01a02690-0cc1-721d-98dd-5d5aec203be8;01a02690-22e5-74eb-8ac8-9e9968561530
01a02690-0cc1-721d-98dd-5d5bb65fc16d;01a02690-22e5-74eb-8ac8-9e9a6b7e9262
01a02690-0cc1-721d-98dd-5d5ca4338fe6;01a02690-22e5-74eb-8ac8-9e9b8e25d31e
01a02690-0cc1-721d-98dd-5d5d3c1cb651;01a02690-22e5-74eb-8ac8-9e9c7f628220
01a02690-0cc1-721d-98dd-5d5e596d6b4f;01a02690-22e5-74eb-8ac8-9e9d3386f8e4
01a02690-0cc1-721d-98dd-5d5fef3ec067;01a02690-22e5-74eb-8ac8-9e9ee9026d43
01a02690-0cc1-721d-98dd-5d5fef3ec067;01a02690-22e5-74eb-8ac8-9e9fbb56d4fc
01a02690-0cc1-721d-98dd-5d5fef3ec067;01a02690-22e5-74eb-8ac8-9ea072da9f39
01a02690-0cc1-721d-98dd-5d6055066f8c;01a02690-22e3-7064-9388-101f2afd6f0d
01a02690-0cc1-721d-98dd-5d6174b32be8;01a02690-22e5-74eb-8ac8-9ea19cd45cf6
01a02690-0cc1-721d-98dd-5d6174b32be8;01a02690-22e5-74eb-8ac8-9ea2d0a22f14
01a02690-0cc1-721d-98dd-5d62a1238b98;01a02690-22e5-74eb-8ac8-9ea36c136b81
01a02690-0cc1-721d-98dd-5d63316567cb;01a02690-22e5-74eb-8ac8-9ea4b6c52681
01a02690-0cc1-721d-98dd-5d64d88ea2d1;01a02690-22e5-74eb-8ac8-9ea56745ed63
01a02690-0cc1-721d-98dd-5d65e98861a4;01a02690-22e5-74eb-8ac8-9ea6c4bd9185
01a02690-0cc1-721d-98dd-5d65e98861a4;01a02690-22e5-74eb-8ac8-9ea7b10fff07
01a02690-0cc1-721d-98dd-5d665660b3f7;01a02690-22e5-74eb-8ac8-9ea837a01f5b
01a02690-0cc1-721d-98dd-5d67d46e4f00;01a02690-22e5-74eb-8ac8-9ea94930d313
01a02690-0cc1-721d-98dd-5d6854d9a847;01a02690-22e5-74eb-8ac8-9eaa949d9712
01a02690-0cc1-721d-98dd-5d69baf00312;01a02690-22e5-74eb-8ac8-9eab25dda9d5
01a02690-0cc1-721d-98dd-5d6a13ae7b8d;01a02690-22e3-7064-9388-1017d3e504cd
01a02690-0cc1-721d-98dd-5d6b49335246;01a02690-22e5-74eb-8ac8-9e942bf8cfb1
01a02690-0cc1-721d-98dd-5d6c6c4a2c6f;01a02690-22e5-74eb-8ac8-9eac8b08fa9a
01a02690-0cc1-721d-98dd-5d6d03760a97;01a02690-22e5-74eb-8ac8-9ead0c3b3439
01a02690-0cc1-721d-98dd-5d6e5c8fbbdb;01a02690-22e5-74eb-8ac8-9eaeacae2b38
01a02690-0cc1-721d-98dd-5d6fc558e017;01a02690-22e5-74eb-8ac8-9eaf67626650
01a02690-0cc1-721d-98dd-5d6fc558e017;01a02690-22e5-74eb-8ac8-9eb0251ea77a
01a02690-0cc1-721d-98dd-5d6fc558e017;01a02690-22e5-74eb-8ac8-9eb114627fb5
01a02690-0cc1-721d-98dd-5d6fc558e017;01a02690-22e5-74eb-8ac8-9eb273d05559
01a02690-0cc1-721d-98dd-5d6fc558e017;01a02690-22e5-74eb-8ac8-9eb3b8db0f28
01a02690-0cc1-721d-98dd-5d704699134a;01a02690-22e5-74eb-8ac8-9eb4e06d1317
01a02690-0cc1-721d-98dd-5d716b7e78e1;01a02690-22e5-74eb-8ac8-9eb55074ccd7
01a02690-0cc1-721d-98dd-5d728e222b5c;01a02690-22e5-74eb-8ac8-9eb6ab21e105
01a02690-0cc1-721d-98dd-5d73cdbdd328;01a02690-22e5-74eb-8ac8-9eb7983a2478
01a02690-0cc1-721d-98dd-5d74f69b38ef;01a02690-22e5-74eb-8ac8-9eb89fe27cd6
01a02690-0cc1-721d-98dd-5d75c62bb3ff;01a02690-22e5-74eb-8ac8-9eb987bcb4ea
01a02690-0cc1-721d-98dd-5d767911565a;01a02690-22e5-74eb-8ac8-9eba69d98c67
01a02690-0cc1-721d-98dd-5d7753e9796b;01a02690-22e5-74eb-8ac8-9ebb7704718d
01a02690-0cc1-721d-98dd-5d781a04c5c0;01a02690-22e5-74eb-8ac8-9ebc8b76e822
01a02690-0cc1-721d-98dd-5d79540171bb;01a02690-22e5-74eb-8ac8-9ebdbaae8012
01a02690-0cc1-721d-98dd-5d79540171bb;01a02690-22e5-74eb-8ac8-9ebe69e4a3ae
01a02690-0cc1-721d-98dd-5d7a870677c5;01a02690-22e5-74eb-8ac8-9ebf4b53cc46
01a02690-0cc1-721d-98dd-5d7bec4fbbdd;01a02690-22e5-74eb-8ac8-9ec0e9a85753
01a02690-0cc1-721d-98dd-5d7cf8ae86f2;01a02690-22e5-74eb-8ac8-9ec18842e755
01a02690-0cc1-721d-98dd-5d7d650dffcf;01a02690-22e4-7376-a60c-b946c2bff578
01a02690-0cc1-721d-98dd-5d7e1933a55f;01a02690-22e5-74eb-8ac8-9ec281dd8d6f
01a02690-0cc1-721d-98dd-5d7e1933a55f;01a02690-22e5-74eb-8ac8-9ec3ee8729f6
01a02690-0cc1-721d-98dd-5d7f9ce8497b;01a02690-22e5-74eb-8ac8-9ec4edd1e142
01a02690-0cc1-721d-98dd-5d7f9ce8497b;01a02690-22e5-74eb-8ac8-9ec5e24d8910
01a02690-0cc1-721d-98dd-5d7f9ce8497b;01a02690-22e5-74eb-8ac8-9ec61ff5b92c
01a02690-0cc1-721d-98dd-5d7f9ce8497b;01a02690-22e5-74eb-8ac8-9ec721fbadcb
01a02690-0cc1-721d-98dd-5d7f9ce8497b;01a02690-22e5-74eb-8ac8-9ec821605269
01a02690-0cc1-721d-98dd-5d7f9ce8497b;01a02690-22e5-74eb-8ac8-9ec94753a7be
01a02690-0cc1-721d-98dd-5d7f9ce8497b;01a02690-22e5-74eb-8ac8-9eca7f947e06
01a02690-0cc1-721d-98dd-5d7f9ce8497b;01a02690-22e5-74eb-8ac8-9ecb7de1c14b
01a02690-0cc1-721d-98dd-5d7f9ce8497b;01a02690-22e5-74eb-8ac8-9ecc542f41dc
01a02690-0cc1-721d-98dd-5d7f9ce8497b;01a02690-22e5-74eb-8ac8-9ecd10f3a4ef
01a02690-0cc1-721d-98dd-5d7f9ce8497b;01a02690-22e5-74eb-8ac8-9ece9eeaefc0
01a02690-0cc1-721d-98dd-5d80194e731c;01a02690-22e5-74eb-8ac8-9ecf3159a753
01a02690-0cc1-721d-98dd-5d80194e731c;01a02690-22e4-7376-a60c-b92f2c73b3d4
01a02690-0cc1-721d-98dd-5d812a9c3635;01a02690-22e5-74eb-8ac8-9ed0c396e600
01a02690-0cc1-721d-98dd-5d8284bebd0e;01a02690-22e5-74eb-8ac8-9ed1c6fc701f
01a02690-0cc1-721d-98dd-5d8284bebd0e;01a02690-22e5-74eb-8ac8-9ed273ee9d72
01a02690-0cc1-721d-98dd-5d838a16356a;01a02690-22e5-74eb-8ac8-9ed30ffff52a
01a02690-0cc1-721d-98dd-5d838a16356a;01a02690-22e5-74eb-8ac8-9ed4b5fd4956
01a02690-0cc1-721d-98dd-5d847eacad71;01a02690-22e5-74eb-8ac8-9ed510c7823b
01a02690-0cc1-721d-98dd-5d85a442ab81;01a02690-22e5-74eb-8ac8-9ed6a6270b70
01a02690-0cc1-721d-98dd-5d86cfcde9ac;01a02690-22e5-74eb-8ac8-9ed73371d1d6
01a02690-0cc1-721d-98dd-5d870f58b8b8;01a02690-22e5-74eb-8ac8-9ed8bbf5f5ba
01a02690-0cc1-721d-98dd-5d88ebe1894b;01a02690-22e5-74eb-8ac8-9ed9fe7eb01b
01a02690-0cc1-721d-98dd-5d896fa60d09;01a02690-22e5-74eb-8ac8-9edaf75689eb
01a02690-0cc1-721d-98dd-5d8a7d44e2a7;01a02690-22e5-74eb-8ac8-9edb3e3eba06
01a02690-0cc1-721d-98dd-5d8b8b28ca31;01a02690-22e3-7064-9388-0fde1bf3606c
01a02690-0cc1-721d-98dd-5d8cf70647e6;01a02690-22e5-74eb-8ac8-9edc97b7e905
01a02690-0cc1-721d-98dd-5d8d498803d1;01a02690-22e5-74eb-8ac8-9eddb60f3a20
01a02690-0cc1-721d-98dd-5d8d498803d1;01a02690-22e5-74eb-8ac8-9ede2c781673
01a02690-0cc1-721d-98dd-5d8d498803d1;01a02690-22e5-74eb-8ac8-9edf40bccbec
01a02690-0cc1-721d-98dd-5d8e7c57097a;01a02690-22e5-74eb-8ac8-9ee0d8f35826
01a02690-0cc1-721d-98dd-5d8e7c57097a;01a02690-22e4-7376-a60c-b9bb636debfa
01a02690-0cc1-721d-98dd-5d8e7c57097a;01a02690-22e5-74eb-8ac8-9ee16341ed1b
01a02690-0cc1-721d-98dd-5d8e7c57097a;01a02690-22e5-74eb-8ac8-9ee2f8f5754c
01a02690-0cc1-721d-98dd-5d8f01387fc3;01a02690-22e5-74eb-8ac8-9ee3c7f7d3d2
01a02690-0cc1-721d-98dd-5d8f01387fc3;01a02690-22e5-74eb-8ac8-9ee4040f5681
01a02690-0cc1-721d-98dd-5d8f01387fc3;01a02690-22e5-74eb-8ac8-9ee52e04638b
01a02690-0cc1-721d-98dd-5d8f01387fc3;01a02690-22e5-74eb-8ac8-9ee67285d202
01a02690-0cc1-721d-98dd-5d9059889d7c;01a02690-22e5-74eb-8ac8-9ee7f1f99de8
01a02690-0cc1-721d-98dd-5d91707fc4c0;01a02690-22e5-74eb-8ac8-9ee8fe92d0f7
01a02690-0cc1-721d-98dd-5d92434eb0cf;01a02690-22e5-74eb-8ac8-9ee9d60aff36
01a02690-0cc1-721d-98dd-5d93955b7230;01a02690-22e5-74eb-8ac8-9eea370994e6
01a02690-0cc2-7141-b12f-2edd1305d116;01a02690-22e5-74eb-8ac8-9eeb207647cd
01a02690-0cc2-7141-b12f-2ede32b880d7;01a02690-22e5-74eb-8ac8-9eecf0ac61b2
01a02690-0cc2-7141-b12f-2edfc90a3c51;01a02690-22e5-74eb-8ac8-9eed018694e9
01a02690-0cc2-7141-b12f-2ee0063522bb;01a02690-22e5-74eb-8ac8-9eee33ac6152
01a02690-0cc2-7141-b12f-2ee1866a59e7;01a02690-22e5-74eb-8ac8-9eefe41e9d4b
01a02690-0cc2-7141-b12f-2ee258e595ed;01a02690-22e5-74eb-8ac8-9ef01bdf5054
01a02690-0cc2-7141-b12f-2ee258e595ed;01a02690-22e5-74eb-8ac8-9ef1714698cb
01a02690-0cc2-7141-b12f-2ee3bbd4f3d0;01a02690-22e5-74eb-8ac8-9ef2b4de2bb2
01a02690-0cc2-7141-b12f-2ee400843a46;01a02690-22e5-74eb-8ac8-9ef3daec4321
01a02690-0cc2-7141-b12f-2ee5172beb6c;01a02690-22e5-74eb-8ac8-9ef412f0c399
01a02690-0cc2-7141-b12f-2ee6036581c2;01a02690-22e5-74eb-8ac8-9ef5df21ee3f
01a02690-0cc2-7141-b12f-2ee7172f4a06;01a02690-22e5-74eb-8ac8-9ef64ce8174f
01a02690-0cc2-7141-b12f-2ee8114ca715;01a02690-22e5-74eb-8ac8-9ef7bdf7236b
01a02690-0cc2-7141-b12f-2ee948289a10;01a02690-22e5-74eb-8ac8-9ef85e716848
01a02690-0cc2-7141-b12f-2eea07aa8354;01a02690-22e5-74eb-8ac8-9ef92aa9e967
01a02690-0cc2-7141-b12f-2eeb3860680d;01a02690-22e5-74eb-8ac8-9efa3403add9
01a02690-0cc2-7141-b12f-2eeb3860680d;01a02690-22e5-74eb-8ac8-9efb31c0ef7f
01a02690-0cc2-7141-b12f-2eec5f39ca3f;01a02690-22e5-74eb-8ac8-9efc9c6c25f1
01a02690-0cc2-7141-b12f-2eed978fa3cc;01a02690-22e5-74eb-8ac8-9efd57420af2
01a02690-0cc2-7141-b12f-2eee651b10cf;01a02690-22e5-74eb-8ac8-9efe311fd00d
01a02690-0cc2-7141-b12f-2eef58ce80bc;01a02690-22e5-74eb-8ac8-9eff7b058a65
01a02690-0cc2-7141-b12f-2eef58ce80bc;01a02690-22e5-74eb-8ac8-9f00d3eaae31
01a02690-0cc2-7141-b12f-2eef58ce80bc;01a02690-22e5-74eb-8ac8-9f0168b23913
01a02690-0cc2-7141-b12f-2eef58ce80bc;01a02690-22e5-74eb-8ac8-9f0209f75c6b
01a02690-0cc2-7141-b12f-2eef58ce80bc;01a02690-22e5-74eb-8ac8-9f03f7f7a2e2
01a02690-0cc2-7141-b12f-2ef02528de63;01a02690-22e5-74eb-8ac8-9f045f69ded8
01a02690-0cc2-7141-b12f-2ef02528de63;01a02690-22e5-74eb-8ac8-9f0554c31d37
01a02690-0cc2-7141-b12f-2ef02528de63;01a02690-22e5-74eb-8ac8-9f062c63c45a
01a02690-0cc2-7141-b12f-2ef02528de63;01a02690-22e5-74eb-8ac8-9f07fd2430de
01a02690-0cc2-7141-b12f-2ef02528de63;01a02690-22e5-74eb-8ac8-9f085772af1a
01a02690-0cc2-7141-b12f-2ef02528de63;01a02690-22e5-74eb-8ac8-9f09f22636d4
01a02690-0cc2-7141-b12f-2ef02528de63;01a02690-22e5-74eb-8ac8-9f0a7263ab3a
01a02690-0cc2-7141-b12f-2ef02528de63;01a02690-22e5-74eb-8ac8-9f0bcf3f0f59
01a02690-0cc2-7141-b12f-2ef02528de63;01a02690-22e5-74eb-8ac8-9f0c6827fc7d
01a02690-0cc2-7141-b12f-2ef02528de63;01a02690-22e5-74eb-8ac8-9f0d4d99dace
01a02690-0cc2-7141-b12f-2ef02528de63;01a02690-22e5-74eb-8ac8-9f0edc6989c7
01a02690-0cc2-7141-b12f-2ef02528de63;01a02690-22e5-74eb-8ac8-9f0fa61cc480
01a02690-0cc2-7141-b12f-2ef02528de63;01a02690-22e5-74eb-8ac8-9f10664bfb0c
01a02690-0cc2-7141-b12f-2ef02528de63;01a02690-22e5-74eb-8ac8-9f11dacdcaf0
01a02690-0cc2-7141-b12f-2ef147251402;01a02690-22e5-74eb-8ac8-9f12df187a6a
01a02690-0cc2-7141-b12f-2ef147251402;01a02690-22e5-74eb-8ac8-9f13776d55a8
01a02690-0cc2-7141-b12f-2ef147251402;01a02690-22e5-74eb-8ac8-9f146f04df15
01a02690-0cc2-7141-b12f-2ef2d8b36426;01a02690-22e5-74eb-8ac8-9f15a134293b
01a02690-0cc2-7141-b12f-2ef30329fc1d;01a02690-22e5-74eb-8ac8-9f162d6d0d75
01a02690-0cc2-7141-b12f-2ef40d022700;01a02690-22e5-74eb-8ac8-9f17119ecb0d
01a02690-0cc2-7141-b12f-2ef59d6477bd;01a02690-22e3-7064-9388-101f2afd6f0d
01a02690-0cc2-7141-b12f-2ef6d858eda1;01a02690-22e5-74eb-8ac8-9f18e62f5856
01a02690-0cc2-7141-b12f-2ef7f672af86;01a02690-22e5-74eb-8ac8-9f199c1cfb71
01a02690-0cc2-7141-b12f-2ef846bc7267;01a02690-22e5-74eb-8ac8-9f1a013b5bd3
01a02690-0cc2-7141-b12f-2ef9482717e9;01a02690-22e5-74eb-8ac8-9f1ba565fb8e
01a02690-0cc2-7141-b12f-2efa01347715;01a02690-22e5-74eb-8ac8-9f1c2707578a
01a02690-0cc2-7141-b12f-2efbecfd39c6;01a02690-22e5-74eb-8ac8-9f1dd924c26c
01a02690-0cc2-7141-b12f-2efc0ab13a06;01a02690-22e5-74eb-8ac8-9f1eb56a7631
01a02690-0cc2-7141-b12f-2efd784042b6;01a02690-22e5-74eb-8ac8-9f1f569eb7df
01a02690-0cc2-7141-b12f-2efeb26044b0;01a02690-22e5-74eb-8ac8-9f20e55adbb1
01a02690-0cc2-7141-b12f-2eff329bbedf;01a02690-22e5-74eb-8ac8-9f21d839c583
01a02690-0cc2-7141-b12f-2f00379ef2d4;01a02690-22e5-74eb-8ac8-9f22b30803d8
01a02690-0cc2-7141-b12f-2f01a9b42506;01a02690-22e5-74eb-8ac8-9f234ec0eb89
01a02690-0cc2-7141-b12f-2f02a840c216;01a02690-22e5-74eb-8ac8-9f2427c9ebaf
01a02690-0cc2-7141-b12f-2f02a840c216;01a02690-22e5-74eb-8ac8-9f255447b2a8
01a02690-0cc2-7141-b12f-2f02a840c216;01a02690-22e5-74eb-8ac8-9f2657fe1a9c
01a02690-0cc2-7141-b12f-2f03b7e3b62a;01a02690-22e5-74eb-8ac8-9f2708c74f49
01a02690-0cc2-7141-b12f-2f04c91f75f8;01a02690-22e5-74eb-8ac8-9f28f889de39
01a02690-0cc2-7141-b12f-2f04c91f75f8;01a02690-22e5-74eb-8ac8-9f2948bfcd9e
01a02690-0cc2-7141-b12f-2f05c551549b;01a02690-22e5-74eb-8ac8-9f2a2f88bea2
01a02690-0cc2-7141-b12f-2f0656beda49;01a02690-22e5-74eb-8ac8-9f2bf80ca39f
01a02690-0cc2-7141-b12f-2f0656beda49;01a02690-22e3-7064-9388-0fba5453cf26
01a02690-0cc2-7141-b12f-2f0714018696;01a02690-22e3-7064-9388-0fe0f6aabf71
01a02690-0cc2-7141-b12f-2f08021eebfa;01a02690-22e5-74eb-8ac8-9f2ccd53be85
01a02690-0cc2-7141-b12f-2f0962b7b73a;01a02690-22e5-74eb-8ac8-9f2d33a44693
01a02690-0cc2-7141-b12f-2f0a05375421;01a02690-22e5-74eb-8ac8-9f2e76421d73
01a02690-0cc2-7141-b12f-2f0b6d8221bd;01a02690-22e5-74eb-8ac8-9f2f3d152ab9
01a02690-0cc2-7141-b12f-2f0cf720b3d9;01a02690-22e4-7376-a60c-b9698b56a49c
01a02690-0cc2-7141-b12f-2f0cf720b3d9;01a02690-22e5-74eb-8ac8-9f30b160332b
01a02690-0cc2-7141-b12f-2f0cf720b3d9;01a02690-22e5-74eb-8ac8-9f3147df5181
01a02690-0cc2-7141-b12f-2f0cf720b3d9;01a02690-22e5-74eb-8ac8-9f32db418fe8
01a02690-0cc2-7141-b12f-2f0cf720b3d9;01a02690-22e5-74eb-8ac8-9f33a6fa1315
01a02690-0cc2-7141-b12f-2f0d837d7785;01a02690-22e5-74eb-8ac8-9f3490e2328e
01a02690-0cc2-7141-b12f-2f0e60a465fd;01a02690-22e5-74eb-8ac8-9f359476b76b
01a02690-0cc2-7141-b12f-2f0e60a465fd;01a02690-22e5-74eb-8ac8-9f3664da25ac
01a02690-0cc2-7141-b12f-2f0e60a465fd;01a02690-22e5-74eb-8ac8-9f37eb56c1d3
01a02690-0cc2-7141-b12f-2f0f5b1e1cd2;01a02690-22e5-74eb-8ac8-9f38485e26a4
01a02690-0cc2-7141-b12f-2f108374873d;01a02690-22e5-74eb-8ac8-9f3912c65868
01a02690-0cc2-7141-b12f-2f116c71e4a1;01a02690-22e5-74eb-8ac8-9f3a870b4064
01a02690-0cc2-7141-b12f-2f120b16571c;01a02690-22e5-74eb-8ac8-9f3ba72be3db
01a02690-0cc2-7141-b12f-2f133049ece4;01a02690-22e5-74eb-8ac8-9f3c81127766
01a02690-0cc2-7141-b12f-2f1482fc68cd;01a02690-22e5-74eb-8ac8-9f3d0e21acac
01a02690-0cc2-7141-b12f-2f1482fc68cd;01a02690-22e5-74eb-8ac8-9f3e58024661
01a02690-0cc2-7141-b12f-2f15679c1a84;01a02690-22e4-7376-a60c-b9ba402ce7c3
01a02690-0cc2-7141-b12f-2f16e5024c43;01a02690-22e5-74eb-8ac8-9f3fdc06afde
01a02690-0cc2-7141-b12f-2f172666acaf;01a02690-22e4-7376-a60c-b9e262e79eac
01a02690-0cc2-7141-b12f-2f172666acaf;01a02690-22e5-74eb-8ac8-9f40803483fe
01a02690-0cc2-7141-b12f-2f172666acaf;01a02690-22e5-74eb-8ac8-9f414871ab1c
01a02690-0cc2-7141-b12f-2f1883573743;01a02690-22e5-74eb-8ac8-9f4204685293
01a02690-0cc2-7141-b12f-2f1883573743;01a02690-22e5-74eb-8ac8-9f439f1468b1
01a02690-0cc2-7141-b12f-2f1883573743;01a02690-22e3-7064-9388-0ff219c7c8ef
01a02690-0cc2-7141-b12f-2f1883573743;01a02690-22e5-74eb-8ac8-9f4448e8ce45
01a02690-0cc2-7141-b12f-2f199d1de787;01a02690-22e5-74eb-8ac8-9f4547c96588
01a02690-0cc2-7141-b12f-2f199d1de787;01a02690-22e5-74eb-8ac8-9f46ad51d533
01a02690-0cc2-7141-b12f-2f199d1de787;01a02690-22e5-74eb-8ac8-9f477e2ec218
01a02690-0cc2-7141-b12f-2f1a763e1031;01a02690-22e5-74eb-8ac8-9f4843c64556
01a02690-0cc2-7141-b12f-2f1b2082039e;01a02690-22e5-74eb-8ac8-9f493910da32
01a02690-0cc2-7141-b12f-2f1b2082039e;01a02690-22e5-74eb-8ac8-9f4a0a90841a
01a02690-0cc2-7141-b12f-2f1b2082039e;01a02690-22e5-74eb-8ac8-9f4bc81562be
01a02690-0cc2-7141-b12f-2f1c62a7d09a;01a02690-22e5-74eb-8ac8-9f4cd1ce08ca
01a02690-0cc2-7141-b12f-2f1d9dc558d7;01a02690-22e5-74eb-8ac8-9f4d1691bcba
01a02690-0cc2-7141-b12f-2f1e51c44487;01a02690-22e5-74eb-8ac8-9f4e6c5adcc9
01a02690-0cc2-7141-b12f-2f1f224a792d;01a02690-22e5-74eb-8ac8-9f4f829ddd3e
01a02690-0cc2-7141-b12f-2f20ac2d93a4;01a02690-22e5-74eb-8ac8-9f5096c834ae
01a02690-0cc2-7141-b12f-2f2125b3653b;01a02690-22e4-7376-a60c-b963d5e4643e
01a02690-0cc2-7141-b12f-2f228a730b9d;01a02690-22e5-74eb-8ac8-9f51e0c50fa8
01a02690-0cc2-7141-b12f-2f228a730b9d;01a02690-22e5-74eb-8ac8-9f52c1c08d63
01a02690-0cc2-7141-b12f-2f234f66b339;01a02690-22e5-74eb-8ac8-9f53f4042307
01a02690-0cc2-7141-b12f-2f234f66b339;01a02690-22e5-74eb-8ac8-9f54c62cdd95
01a02690-0cc2-7141-b12f-2f2463dfb9b6;01a02690-22e5-74eb-8ac8-9f558ce6c9ae
01a02690-0cc2-7141-b12f-2f2463dfb9b6;01a02690-22e4-7376-a60c-b9aed199bc22
01a02690-0cc2-7141-b12f-2f2539fa9053;01a02690-22e5-74eb-8ac8-9f560272ece6
01a02690-0cc2-7141-b12f-2f2539fa9053;01a02690-22e5-74eb-8ac8-9f57d187fd39
01a02690-0cc2-7141-b12f-2f26e7d9d6dd;01a02690-22e3-7064-9388-0fffa32fb404
01a02690-0cc2-7141-b12f-2f2796fb7418;01a02690-22e5-74eb-8ac8-9f5831c873a8
01a02690-0cc2-7141-b12f-2f2796fb7418;01a02690-22e5-74eb-8ac8-9f593808a173
01a02690-0cc2-7141-b12f-2f2796fb7418;01a02690-22e5-74eb-8ac8-9f5a7fe8c388
01a02690-0cc2-7141-b12f-2f2889ee0c13;01a02690-22e5-74eb-8ac8-9f5b1d67c378
01a02690-0cc2-7141-b12f-2f2889ee0c13;01a02690-22e5-74eb-8ac8-9f5cab13d61f
01a02690-0cc2-7141-b12f-2f2889ee0c13;01a02690-22e5-74eb-8ac8-9f5d3ce53ab1
01a02690-0cc2-7141-b12f-2f2889ee0c13;01a02690-22e5-74eb-8ac8-9f5e9f9a758d
01a02690-0cc2-7141-b12f-2f298cf97d68;01a02690-22e5-74eb-8ac8-9f5f6e03d615
01a02690-0cc2-7141-b12f-2f298cf97d68;01a02690-22e5-74eb-8ac8-9f6025ae802a
01a02690-0cc2-7141-b12f-2f298cf97d68;01a02690-22e5-74eb-8ac8-9f61d944bf57
01a02690-0cc2-7141-b12f-2f298cf97d68;01a02690-22e5-74eb-8ac8-9f62ceb3c0eb
01a02690-0cc2-7141-b12f-2f2a039cc57b;01a02690-22e5-74eb-8ac8-9f63e5dc3d1a
01a02690-0cc2-7141-b12f-2f2b6cd87301;01a02690-22e5-74eb-8ac8-9f6408d17df9
01a02690-0cc2-7141-b12f-2f2c747bc85c;01a02690-22e5-74eb-8ac8-9f65f1430d29
01a02690-0cc2-7141-b12f-2f2df26f77ea;01a02690-22e6-772f-ba89-ec213ab4681c
01a02690-0cc2-7141-b12f-2f2e8dc71acf;01a02690-22e6-772f-ba89-ec22a90422fc
01a02690-0cc2-7141-b12f-2f2e8dc71acf;01a02690-22e6-772f-ba89-ec23eb9e57fb
01a02690-0cc2-7141-b12f-2f2e8dc71acf;01a02690-22e6-772f-ba89-ec2413f8f676
01a02690-0cc2-7141-b12f-2f2fcb0fc68d;01a02690-22e6-772f-ba89-ec25f02099d4
01a02690-0cc2-7141-b12f-2f2fcb0fc68d;01a02690-22e6-772f-ba89-ec26757776b9
01a02690-0cc2-7141-b12f-2f304e44acd3;01a02690-22e6-772f-ba89-ec274e98a734
01a02690-0cc2-7141-b12f-2f31c859dfdf;01a02690-22e6-772f-ba89-ec289ee142cb
01a02690-0cc2-7141-b12f-2f32ab80a3f1;01a02690-22e6-772f-ba89-ec29d8af77e9
01a02690-0cc2-7141-b12f-2f337c2bcac9;01a02690-22e3-7064-9388-0fbda77815d9
01a02690-0cc2-7141-b12f-2f346377f17c;01a02690-22e6-772f-ba89-ec2a5b114133
01a02690-0cc2-7141-b12f-2f35c208b3ab;01a02690-22e6-772f-ba89-ec2bf8252753
01a02690-0cc2-7141-b12f-2f36f9ce2e2b;01a02690-22e6-772f-ba89-ec2c59ca8f69
01a02690-0cc2-7141-b12f-2f37236eba02;01a02690-22e6-772f-ba89-ec2da7720f60
01a02690-0cc2-7141-b12f-2f38ea40f851;01a02690-22e6-772f-ba89-ec2eceac70f2
01a02690-0cc2-7141-b12f-2f38ea40f851;01a02690-22e6-772f-ba89-ec2fcd00a1bc
01a02690-0cc2-7141-b12f-2f39244ed79b;01a02690-22e6-772f-ba89-ec306d4d3daf
01a02690-0cc2-7141-b12f-2f3aaa25cc0d;01a02690-22e6-772f-ba89-ec316277255e
01a02690-0cc2-7141-b12f-2f3aaa25cc0d;01a02690-22e6-772f-ba89-ec320fc5dd55
01a02690-0cc2-7141-b12f-2f3aaa25cc0d;01a02690-22e6-772f-ba89-ec333f3f2d16
01a02690-0cc2-7141-b12f-2f3ba9a3c925;01a02690-22e6-772f-ba89-ec34fb21b554
01a02690-0cc2-7141-b12f-2f3c59d45df3;01a02690-22e6-772f-ba89-ec3558c7c090
01a02690-0cc2-7141-b12f-2f3c59d45df3;01a02690-22e6-772f-ba89-ec36be658577
01a02690-0cc2-7141-b12f-2f3c59d45df3;01a02690-22e6-772f-ba89-ec37d6633686
01a02690-0cc2-7141-b12f-2f3d3336d2c1;01a02690-22e6-772f-ba89-ec38d913dac0
01a02690-0cc2-7141-b12f-2f3ee7aa41dd;01a02690-22e4-7376-a60c-b9a1c625b954
01a02690-0cc2-7141-b12f-2f3faab2f05f;01a02690-22e6-772f-ba89-ec39d9f11aa7
01a02690-0cc2-7141-b12f-2f400291ec9e;01a02690-22e6-772f-ba89-ec3a3bfeb591
01a02690-0cc2-7141-b12f-2f41ee3a4d24;01a02690-22e6-772f-ba89-ec3baa5ceee3
01a02690-0cc2-7141-b12f-2f41ee3a4d24;01a02690-22e6-772f-ba89-ec3c20deca63
01a02690-0cc2-7141-b12f-2f41ee3a4d24;01a02690-22e6-772f-ba89-ec3dc0c98969
01a02690-0cc2-7141-b12f-2f41ee3a4d24;01a02690-22e6-772f-ba89-ec3e458c1866
01a02690-0cc2-7141-b12f-2f41ee3a4d24;01a02690-22e6-772f-ba89-ec3f3eed4d5f
01a02690-0cc2-7141-b12f-2f42916a4d67;01a02690-22e6-772f-ba89-ec4003ce06ff
01a02690-0cc2-7141-b12f-2f42916a4d67;01a02690-22e6-772f-ba89-ec4101401d45
01a02690-0cc2-7141-b12f-2f42916a4d67;01a02690-22e6-772f-ba89-ec42a4841831
01a02690-0cc2-7141-b12f-2f42916a4d67;01a02690-22e6-772f-ba89-ec4344e1d294
01a02690-0cc2-7141-b12f-2f42916a4d67;01a02690-22e6-772f-ba89-ec4407595092
01a02690-0cc2-7141-b12f-2f42916a4d67;01a02690-22e6-772f-ba89-ec457d66f63f
01a02690-0cc2-7141-b12f-2f432b3d0a80;01a02690-22e6-772f-ba89-ec4625d9070d
01a02690-0cc2-7141-b12f-2f44d88ee04d;01a02690-22e6-772f-ba89-ec47e604b112
01a02690-0cc2-7141-b12f-2f44d88ee04d;01a02690-22e6-772f-ba89-ec480a566c8d
01a02690-0cc2-7141-b12f-2f44d88ee04d;01a02690-22e6-772f-ba89-ec499f3fc58e
01a02690-0cc2-7141-b12f-2f44d88ee04d;01a02690-22e6-772f-ba89-ec4a48b70571
01a02690-0cc2-7141-b12f-2f44d88ee04d;01a02690-22e6-772f-ba89-ec4b433dcf78
01a02690-0cc2-7141-b12f-2f45e0e31338;01a02690-22e6-772f-ba89-ec4c02a8513c
01a02690-0cc2-7141-b12f-2f46abe41739;01a02690-22e6-772f-ba89-ec4dfffce82f
01a02690-0cc2-7141-b12f-2f47fe5c36c2;01a02690-22e6-772f-ba89-ec4e0eaf2343
01a02690-0cc2-7141-b12f-2f4862021162;01a02690-22e6-772f-ba89-ec4fd5efc7b4
01a02690-0cc2-7141-b12f-2f49a417b3cd;01a02690-22e4-7376-a60c-b9b401049889
01a02690-0cc2-7141-b12f-2f4aa1f98ff1;01a02690-22e6-772f-ba89-ec508fbafca9
01a02690-0cc2-7141-b12f-2f4b109bb7ad;01a02690-22e6-772f-ba89-ec51ad57e83c
01a02690-0cc2-7141-b12f-2f4cd048b917;01a02690-22e6-772f-ba89-ec52e48717e1
01a02690-0cc2-7141-b12f-2f4cd048b917;01a02690-22e6-772f-ba89-ec539db64859
01a02690-0cc2-7141-b12f-2f4d5bcf637e;01a02690-22e6-772f-ba89-ec54919b49fc
01a02690-0cc2-7141-b12f-2f4ed1a94455;01a02690-22e6-772f-ba89-ec557b2e1065
01a02690-0cc2-7141-b12f-2f4fac63c430;01a02690-22e3-7064-9388-0fe0f6aabf71
01a02690-0cc2-7141-b12f-2f5005a42574;01a02690-22e6-772f-ba89-ec56753efc89
01a02690-0cc2-7141-b12f-2f51282614ed;01a02690-22e6-772f-ba89-ec5780eb591a
01a02690-0cc2-7141-b12f-2f52a0ee7906;01a02690-22e3-7064-9388-104ca4d99290
01a02690-0cc2-7141-b12f-2f53a05ae64b;01a02690-22e6-772f-ba89-ec5826e0cce8
01a02690-0cc2-7141-b12f-2f54c06c8c91;01a02690-22e6-772f-ba89-ec2eceac70f2
01a02690-0cc2-7141-b12f-2f54c06c8c91;01a02690-22e6-772f-ba89-ec59b788f1cb
01a02690-0cc2-7141-b12f-2f54c06c8c91;01a02690-22e6-772f-ba89-ec5ac2790343
01a02690-0cc2-7141-b12f-2f54c06c8c91;01a02690-22e6-772f-ba89-ec5b048a3efb
01a02690-0cc2-7141-b12f-2f54c06c8c91;01a02690-22e6-772f-ba89-ec5c1d050d52
01a02690-0cc2-7141-b12f-2f54c06c8c91;01a02690-22e6-772f-ba89-ec5d7ed81f2f
01a02690-0cc2-7141-b12f-2f54c06c8c91;01a02690-22e6-772f-ba89-ec5ee664dbe1
01a02690-0cc2-7141-b12f-2f54c06c8c91;01a02690-22e6-772f-ba89-ec5f7e7aefa7
01a02690-0cc2-7141-b12f-2f55c15e2d17;01a02690-22e6-772f-ba89-ec60cab4d465
01a02690-0cc2-7141-b12f-2f56793081d4;01a02690-22e4-7376-a60c-b99ca0c73ca8
01a02690-0cc2-7141-b12f-2f57159f2525;01a02690-22e6-772f-ba89-ec61f4460c82
01a02690-0cc2-7141-b12f-2f57159f2525;01a02690-22e6-772f-ba89-ec624891a17b
01a02690-0cc2-7141-b12f-2f58f2ef3f3d;01a02690-22e6-772f-ba89-ec631357e49f
01a02690-0cc2-7141-b12f-2f58f2ef3f3d;01a02690-22e6-772f-ba89-ec64d02c9adb
01a02690-0cc2-7141-b12f-2f58f2ef3f3d;01a02690-22e6-772f-ba89-ec65f60307bf
01a02690-0cc2-7141-b12f-2f59bdb9d4e3;01a02690-22e6-772f-ba89-ec669b9ee7ba
01a02690-0cc2-7141-b12f-2f59bdb9d4e3;01a02690-22e6-772f-ba89-ec671e55eb2f
01a02690-0cc2-7141-b12f-2f59bdb9d4e3;01a02690-22e6-772f-ba89-ec6810a841f6
01a02690-0cc2-7141-b12f-2f5aec8b2c9b;01a02690-22e6-772f-ba89-ec699b266ed2
01a02690-0cc2-7141-b12f-2f5b8f9b2fbb;01a02690-22e6-772f-ba89-ec6a5920e5af
01a02690-0cc2-7141-b12f-2f5cf5de3b13;01a02690-22e6-772f-ba89-ec6b79fcb9d8
01a02690-0cc2-7141-b12f-2f5df5882e57;01a02690-22e6-772f-ba89-ec6cd941812e
01a02690-0cc2-7141-b12f-2f5ef426b98d;01a02690-22e6-772f-ba89-ec6d761b5409
01a02690-0cc2-7141-b12f-2f5f9933a382;01a02690-22e6-772f-ba89-ec6ef4369461
01a02690-0cc2-7141-b12f-2f60095363b7;01a02690-22e6-772f-ba89-ec6f7cca1d29
01a02690-0cc2-7141-b12f-2f60095363b7;01a02690-22e6-772f-ba89-ec70f19bee98
01a02690-0cc2-7141-b12f-2f60095363b7;01a02690-22e6-772f-ba89-ec712489feeb
01a02690-0cc2-7141-b12f-2f61b6af18d8;01a02690-22e6-772f-ba89-ec722301f9e3
01a02690-0cc2-7141-b12f-2f62516b521b;01a02690-22e6-772f-ba89-ec738dd6369a
01a02690-0cc2-7141-b12f-2f63c819ad6e;01a02690-22e6-772f-ba89-ec74c71151b5
01a02690-0cc2-7141-b12f-2f6424960b4c;01a02690-22e6-772f-ba89-ec75f470c2cf
01a02690-0cc2-7141-b12f-2f658b0620f6;01a02690-22e6-772f-ba89-ec76779f6ccd
01a02690-0cc2-7141-b12f-2f658b0620f6;01a02690-22e6-772f-ba89-ec7747e47160
01a02690-0cc2-7141-b12f-2f661a02901b;01a02690-22e3-7064-9388-0feeb0b91fdf
01a02690-0cc2-7141-b12f-2f6701c96e70;01a02690-22e6-772f-ba89-ec787749fae0
01a02690-0cc2-7141-b12f-2f68318d39c3;01a02690-22e5-74eb-8ac8-9f4547c96588
01a02690-0cc2-7141-b12f-2f69892ecc51;01a02690-22e6-772f-ba89-ec79441ee527
01a02690-0cc2-7141-b12f-2f6a53443c64;01a02690-22e6-772f-ba89-ec7adaab9c76
01a02690-0cc2-7141-b12f-2f6a53443c64;01a02690-22e6-772f-ba89-ec7b7ae6ebc3
01a02690-0cc2-7141-b12f-2f6a53443c64;01a02690-22e6-772f-ba89-ec7c9f88a14a
01a02690-0cc2-7141-b12f-2f6b7f95aa3e;01a02690-22e6-772f-ba89-ec7db5d546b6
01a02690-0cc2-7141-b12f-2f6b7f95aa3e;01a02690-22e6-772f-ba89-ec7e60be7cd7
01a02690-0cc2-7141-b12f-2f6b7f95aa3e;01a02690-22e6-772f-ba89-ec7f86d0d5da
01a02690-0cc2-7141-b12f-2f6b7f95aa3e;01a02690-22e6-772f-ba89-ec80a65b9fad
01a02690-0cc2-7141-b12f-2f6b7f95aa3e;01a02690-22e6-772f-ba89-ec818dd5b42c
01a02690-0cc2-7141-b12f-2f6b7f95aa3e;01a02690-22e5-74eb-8ac8-9ee2f8f5754c
01a02690-0cc2-7141-b12f-2f6c18373f54;01a02690-22e6-772f-ba89-ec82185d1b88
01a02690-0cc2-7141-b12f-2f6d3427ff63;01a02690-22e6-772f-ba89-ec83f5d939a1
01a02690-0cc2-7141-b12f-2f6e82f49de4;01a02690-22e6-772f-ba89-ec84c02f0943
01a02690-0cc2-7141-b12f-2f6f1729aae9;01a02690-22e6-772f-ba89-ec8526c3383b
01a02690-0cc2-7141-b12f-2f6f1729aae9;01a02690-22e6-772f-ba89-ec86bd7a8fbe
01a02690-0cc2-7141-b12f-2f6f1729aae9;01a02690-22e6-772f-ba89-ec87dbff4571
01a02690-0cc2-7141-b12f-2f6f1729aae9;01a02690-22e6-772f-ba89-ec88048e49f4
01a02690-0cc2-7141-b12f-2f706f9ac91b;01a02690-22e6-772f-ba89-ec8997daad5a
01a02690-0cc2-7141-b12f-2f71c800795f;01a02690-22e6-772f-ba89-ec8aa977e3db
01a02690-0cc2-7141-b12f-2f72bc47ae1e;01a02690-22e6-772f-ba89-ec8bb10b3e04
01a02690-0cc2-7141-b12f-2f7347eafdb6;01a02690-22e6-772f-ba89-ec8cb9bf87a2
01a02690-0cc2-7141-b12f-2f74c834d5e1;01a02690-22e5-74eb-8ac8-9e9321fb36b3
01a02690-0cc2-7141-b12f-2f75a9c05d9c;01a02690-22e6-772f-ba89-ec8d9e489a63
01a02690-0cc2-7141-b12f-2f764ffa7b0b;01a02690-22e6-772f-ba89-ec8e933576f1
01a02690-0cc2-7141-b12f-2f7749d051ba;01a02690-22e6-772f-ba89-ec8f73c555da
01a02690-0cc2-7141-b12f-2f7749d051ba;01a02690-22e6-772f-ba89-ec90856c1ad8
01a02690-0cc2-7141-b12f-2f7891db88ee;01a02690-22e6-772f-ba89-ec91cc14c042
01a02690-0cc2-7141-b12f-2f79b58df2b4;01a02690-22e6-772f-ba89-ec92113c8e3a
01a02690-0cc2-7141-b12f-2f7ad741d301;01a02690-22e3-7064-9388-103a24eb5042
01a02690-0cc2-7141-b12f-2f7ad741d301;01a02690-22e3-7064-9388-103b0cf1ae2c
01a02690-0cc2-7141-b12f-2f7bf8862d13;01a02690-22e6-772f-ba89-ec93ffbba0f0
01a02690-0cc2-7141-b12f-2f7c71138abb;01a02690-22e6-772f-ba89-ec94ce371c15
01a02690-0cc2-7141-b12f-2f7da4a4a1ac;01a02690-22e6-772f-ba89-ec953eefb7f0
01a02690-0cc2-7141-b12f-2f7da4a4a1ac;01a02690-22e6-772f-ba89-ec962a088c5a
01a02690-0cc2-7141-b12f-2f7e6c7d2e98;01a02690-22e6-772f-ba89-ec97402eaf42
01a02690-0cc2-7141-b12f-2f7f60362958;01a02690-22e6-772f-ba89-ec981f526c66
01a02690-0cc2-7141-b12f-2f807d5c6611;01a02690-22e6-772f-ba89-ec99cbb734d6
01a02690-0cc2-7141-b12f-2f807d5c6611;01a02690-22e6-772f-ba89-ec9a53a5c97e
01a02690-0cc2-7141-b12f-2f807d5c6611;01a02690-22e6-772f-ba89-ec9b17ce0840
01a02690-0cc2-7141-b12f-2f81966b741d;01a02690-22e6-772f-ba89-ec9c98ca325a
01a02690-0cc2-7141-b12f-2f822ddb66ed;01a02690-22e6-772f-ba89-ec9d997c2feb
01a02690-0cc2-7141-b12f-2f83a1824a1f;01a02690-22e6-772f-ba89-ec9e791a8d5e
01a02690-0cc2-7141-b12f-2f84405e646f;01a02690-22e6-772f-ba89-ec9f87f95494
01a02690-0cc2-7141-b12f-2f8591ad4c90;01a02690-22e6-772f-ba89-eca0159de5f0
01a02690-0cc2-7141-b12f-2f8591ad4c90;01a02690-22e5-74eb-8ac8-9ec5e24d8910
01a02690-0cc2-7141-b12f-2f86832c9d46;01a02690-22e6-772f-ba89-eca1871ebb52
01a02690-0cc2-7141-b12f-2f86832c9d46;01a02690-22e6-772f-ba89-eca256e944d5
01a02690-0cc2-7141-b12f-2f8703761099;01a02690-22e6-772f-ba89-eca3f3b44516
01a02690-0cc2-7141-b12f-2f8703761099;01a02690-22e6-772f-ba89-eca4f4fdf6d6
01a02690-0cc2-7141-b12f-2f8851c7c520;01a02690-22e6-772f-ba89-eca505cadf60
01a02690-0cc2-7141-b12f-2f8851c7c520;01a02690-22e6-772f-ba89-eca67b8412e2
01a02690-0cc2-7141-b12f-2f8851c7c520;01a02690-22e6-772f-ba89-eca7e377535e
01a02690-0cc2-7141-b12f-2f89d9128ceb;01a02690-22e6-772f-ba89-eca85c2fad4d
01a02690-0cc2-7141-b12f-2f8a32d0d252;01a02690-22e6-772f-ba89-eca9f14a2cdb
01a02690-0cc2-7141-b12f-2f8a32d0d252;01a02690-22e6-772f-ba89-ecaa6a2d11ef
01a02690-0cc2-7141-b12f-2f8b58154d3e;01a02690-22e3-7064-9388-1067b8e2a0cb
01a02690-0cc2-7141-b12f-2f8ce88719f4;01a02690-22e6-772f-ba89-ecab5ab66070
01a02690-0cc2-7141-b12f-2f8d63f2139d;01a02690-22e6-772f-ba89-ecac54b6f803
01a02690-0cc2-7141-b12f-2f8e9386813a;01a02690-22e6-772f-ba89-ecada4203d56
01a02690-0cc2-7141-b12f-2f8e9386813a;01a02690-22e6-772f-ba89-ecaed8803c31
01a02690-0cc2-7141-b12f-2f8e9386813a;01a02690-22e6-772f-ba89-ecaf56389645
01a02690-0cc2-7141-b12f-2f8f05924fa7;01a02690-22e6-772f-ba89-ec624891a17b
01a02690-0cc2-7141-b12f-2f90963ad722;01a02690-22e6-772f-ba89-ecb00aa469fb
01a02690-0cc2-7141-b12f-2f90963ad722;01a02690-22e6-772f-ba89-ecb1ee06cbe1
01a02690-0cc2-7141-b12f-2f90963ad722;01a02690-22e6-772f-ba89-ecb2155382f7
01a02690-0cc2-7141-b12f-2f90963ad722;01a02690-22e6-772f-ba89-ecb381ebf935
01a02690-0cc2-7141-b12f-2f90963ad722;01a02690-22e6-772f-ba89-ecb4dafe19bc
01a02690-0cc2-7141-b12f-2f90963ad722;01a02690-22e6-772f-ba89-ecb5cb73c3dc
01a02690-0cc2-7141-b12f-2f90963ad722;01a02690-22e6-772f-ba89-ecb6c9923446
01a02690-0cc2-7141-b12f-2f90963ad722;01a02690-22e6-772f-ba89-ecb7d99afa5a
01a02690-0cc2-7141-b12f-2f91aa36c16f;01a02690-22e6-772f-ba89-ecb872eb6ac9
01a02690-0cc2-7141-b12f-2f9250ab1b08;01a02690-22e6-772f-ba89-ecb904bb2caa
01a02690-0cc2-7141-b12f-2f93cad5d9fd;01a02690-22e6-772f-ba89-ecba52722911
01a02690-0cc2-7141-b12f-2f94ccf1a137;01a02690-22e6-772f-ba89-ecbb93958588
01a02690-0cc2-7141-b12f-2f955980a7d4;01a02690-22e6-772f-ba89-ecbc0f2cdafd
01a02690-0cc2-7141-b12f-2f96d991fd1d;01a02690-22e6-772f-ba89-ecbd8afe49b3
01a02690-0cc2-7141-b12f-2f977b0fb3c0;01a02690-22e4-7376-a60c-b93fd5f4a08f
01a02690-0cc2-7141-b12f-2f98e3ff9f06;01a02690-22e6-772f-ba89-ecbe9f3a9e8a
01a02690-0cc2-7141-b12f-2f9922937b03;01a02690-22e6-772f-ba89-ecbf8ceac479
01a02690-0cc2-7141-b12f-2f9a3054d622;01a02690-22e6-772f-ba89-ecc0b5b0f7e6
01a02690-0cc2-7141-b12f-2f9b34a686af;01a02690-22e6-772f-ba89-ecc10b6768e0
01a02690-0cc2-7141-b12f-2f9c8a2210af;01a02690-22e6-772f-ba89-ecc2df828b4d
01a02690-0cc2-7141-b12f-2f9d7182fe03;01a02690-22e6-772f-ba89-ecc34eda1018
01a02690-0cc2-7141-b12f-2f9e35021712;01a02690-22e6-772f-ba89-ecc405d7872b
01a02690-0cc2-7141-b12f-2f9f31ecef6a;01a02690-22e6-772f-ba89-ecc59d52e948
01a02690-0cc2-7141-b12f-2fa0389a8a4b;01a02690-22e4-7376-a60c-b94a6ab498dd
01a02690-0cc2-7141-b12f-2fa1dfca62a8;01a02690-22e6-772f-ba89-ecc6ce771fb6
01a02690-0cc2-7141-b12f-2fa29fd2962d;01a02690-22e3-7064-9388-1022bd995fb5
01a02690-0cc2-7141-b12f-2fa39e2028ab;01a02690-22e6-772f-ba89-ecc7abb00dc0
01a02690-0cc2-7141-b12f-2fa40081edab;01a02690-22e6-772f-ba89-ecc8b2384575
01a02690-0cc2-7141-b12f-2fa57a74086a;01a02690-22e6-772f-ba89-ecc975e4c467
01a02690-0cc2-7141-b12f-2fa6a2ef2c93;01a02690-22e6-772f-ba89-ecca38440731
01a02690-0cc2-7141-b12f-2fa6a2ef2c93;01a02690-22e6-772f-ba89-eccb040a13a9
01a02690-0cc2-7141-b12f-2fa7c0efc1a8;01a02690-22e6-772f-ba89-eccc8398235c
01a02690-0cc2-7141-b12f-2fa7c0efc1a8;01a02690-22e6-772f-ba89-eccdadd1e0f2
01a02690-0cc2-7141-b12f-2fa7c0efc1a8;01a02690-22e6-772f-ba89-ecce1624efad
01a02690-0cc2-7141-b12f-2fa7c0efc1a8;01a02690-22e6-772f-ba89-eccfd045af31
01a02690-0cc2-7141-b12f-2fa8d82d8042;01a02690-22e5-74eb-8ac8-9ef64ce8174f
01a02690-0cc2-7141-b12f-2fa972b9020b;01a02690-22e6-772f-ba89-ecd0eb5cb9dd
01a02690-0cc2-7141-b12f-2fa972b9020b;01a02690-22e6-772f-ba89-ecd1ac5934a9
01a02690-0cc2-7141-b12f-2faaf5da7852;01a02690-22e6-772f-ba89-ecd2082cbe20
01a02690-0cc2-7141-b12f-2fab5d4face4;01a02690-22e6-772f-ba89-ecd361351ba7
01a02690-0cc2-7141-b12f-2fab5d4face4;01a02690-22e6-772f-ba89-ecd4f4b0eaa0
01a02690-0cc2-7141-b12f-2fab5d4face4;01a02690-22e6-772f-ba89-ecd58b28230f
01a02690-0cc2-7141-b12f-2fac8cb0fd4d;01a02690-22e6-772f-ba89-ecd63ccc320c
01a02690-0cc2-7141-b12f-2fad35eebdc7;01a02690-22e6-772f-ba89-ecd789ba2c55
01a02690-0cc2-7141-b12f-2fad35eebdc7;01a02690-22e6-772f-ba89-ecd8265416e8
01a02690-0cc2-7141-b12f-2fae6a78b314;01a02690-22e6-772f-ba89-ecd9aac2de1a
01a02690-0cc2-7141-b12f-2fafec295ef4;01a02690-22e6-772f-ba89-ecdab5797a9e
01a02690-0cc2-7141-b12f-2fb06d569c55;01a02690-22e6-772f-ba89-ecdb3a7b51ac
01a02690-0cc2-7141-b12f-2fb12c0fbcb9;01a02690-22e6-772f-ba89-ecdcfa8dd052
01a02690-0cc2-7141-b12f-2fb12c0fbcb9;01a02690-22e6-772f-ba89-ecdd047d17ab
01a02690-0cc2-7141-b12f-2fb2d24d57c3;01a02690-22e6-772f-ba89-ecde9e2b5524
01a02690-0cc2-7141-b12f-2fb35c353faa;01a02690-22e6-772f-ba89-ecdfc3761cfa
01a02690-0cc2-7141-b12f-2fb406562786;01a02690-22e6-772f-ba89-ece0b7eacc09
01a02690-0cc2-7141-b12f-2fb5ca0c88d7;01a02690-22e4-7376-a60c-b9c43432de93
01a02690-0cc2-7141-b12f-2fb6d2198d61;01a02690-22e6-772f-ba89-ece112700e6a
01a02690-0cc2-7141-b12f-2fb6d2198d61;01a02690-22e4-7376-a60c-ba055789a65b
01a02690-0cc2-7141-b12f-2fb6d2198d61;01a02690-22e6-772f-ba89-ece269098880
01a02690-0cc2-7141-b12f-2fb749df7fa4;01a02690-22e6-772f-ba89-ece30d4bee6a
01a02690-0cc2-7141-b12f-2fb864d2dd70;01a02690-22e6-772f-ba89-ece429b41179
01a02690-0cc2-7141-b12f-2fb9e53b8420;01a02690-22e5-74eb-8ac8-9ebb7704718d
01a02690-0cc2-7141-b12f-2fbaae950f84;01a02690-22e6-772f-ba89-ece552aed662
01a02690-0cc2-7141-b12f-2fbb0494d726;01a02690-22e6-772f-ba89-ece6cdaa2aed
01a02690-0cc2-7141-b12f-2fbb0494d726;01a02690-22e6-772f-ba89-ece75bc80702
01a02690-0cc2-7141-b12f-2fbc7cc720b7;01a02690-22e6-772f-ba89-ece89aaaabd6
01a02690-0cc2-7141-b12f-2fbdb02de10c;01a02690-22e6-772f-ba89-ece916341585
01a02690-0cc2-7141-b12f-2fbeaa3ece9e;01a02690-22e6-772f-ba89-ecea71dc5097
01a02690-0cc2-7141-b12f-2fbf8e14949f;01a02690-22e6-772f-ba89-eceb03ec7ede
01a02690-0cc2-7141-b12f-2fbf8e14949f;01a02690-22e6-772f-ba89-ececf8bc72dc
01a02690-0cc2-7141-b12f-2fbf8e14949f;01a02690-22e6-772f-ba89-eced75a73ad2
01a02690-0cc2-7141-b12f-2fc062b37cf7;01a02690-22e6-772f-ba89-eceed77c741d
01a02690-0cc2-7141-b12f-2fc1b007a7a2;01a02690-22e5-74eb-8ac8-9f5a7fe8c388
01a02690-0cc2-7141-b12f-2fc280b91bd2;01a02690-22e6-772f-ba89-ecef5231ebbb
01a02690-0cc2-7141-b12f-2fc3a89764ee;01a02690-22e6-772f-ba89-ecf0597fa26e
01a02690-0cc2-7141-b12f-2fc446976141;01a02690-22e6-772f-ba89-ecf1095c314c
01a02690-0cc2-7141-b12f-2fc446976141;01a02690-22e6-772f-ba89-ecf255ac6db8
01a02690-0cc2-7141-b12f-2fc446976141;01a02690-22e6-772f-ba89-ecf3126dc674
01a02690-0cc2-7141-b12f-2fc5bf9ec6ff;01a02690-22e6-772f-ba89-ecf45e309296
01a02690-0cc2-7141-b12f-2fc5bf9ec6ff;01a02690-22e6-772f-ba89-ecf52f545ead
01a02690-0cc2-7141-b12f-2fc6ead59da3;01a02690-22e6-772f-ba89-ece429b41179
01a02690-0cc2-7141-b12f-2fc76f5c4516;01a02690-22e6-772f-ba89-ecf6ffecff16
01a02690-0cc2-7141-b12f-2fc8073fca87;01a02690-22e6-772f-ba89-ecf7aaa795d3
01a02690-0cc2-7141-b12f-2fc9baec9977;01a02690-22e6-772f-ba89-ecf84dbcc95d
01a02690-0cc2-7141-b12f-2fc9baec9977;01a02690-22e6-772f-ba89-ecf9358e75e8
01a02690-0cc2-7141-b12f-2fcadfa78e96;01a02690-22e5-74eb-8ac8-9eecf0ac61b2
01a02690-0cc2-7141-b12f-2fcb891277ff;01a02690-22e6-772f-ba89-ecfaf143d82d
01a02690-0cc2-7141-b12f-2fcca4af1cdb;01a02690-22e3-7064-9388-10407539abd7
01a02690-0cc2-7141-b12f-2fcda215eb16;01a02690-22e6-772f-ba89-ecfbf928a98b
01a02690-0cc2-7141-b12f-2fcefa19072a;01a02690-22e6-772f-ba89-ecfc81f0c8b8
01a02690-0cc2-7141-b12f-2fcfc83fca1f;01a02690-22e6-772f-ba89-ecfdbea0aac7
01a02690-0cc2-7141-b12f-2fd0cd5382d6;01a02690-22e4-7376-a60c-b9e262e79eac
01a02690-0cc2-7141-b12f-2fd181a68583;01a02690-22e6-772f-ba89-ecfe464238f0
01a02690-0cc2-7141-b12f-2fd2c468c418;01a02690-22e6-772f-ba89-ecff804c0552
01a02690-0cc2-7141-b12f-2fd37a21f082;01a02690-22e6-772f-ba89-ed00832999c4
01a02690-0cc2-7141-b12f-2fd4b623819f;01a02690-22e6-772f-ba89-ed0196d6b77d
01a02690-0cc2-7141-b12f-2fd57b1eb592;01a02690-22e6-772f-ba89-ed020293cd05
01a02690-0cc2-7141-b12f-2fd63378435e;01a02690-22e6-772f-ba89-ed0398ec3cd4
01a02690-0cc2-7141-b12f-2fd71a27bde4;01a02690-22e6-772f-ba89-ed0430c0c094
01a02690-0cc2-7141-b12f-2fd8167bcbc8;01a02690-22e6-772f-ba89-ed058dfcd866
01a02690-0cc2-7141-b12f-2fd9fce7b222;01a02690-22e5-74eb-8ac8-9eeb207647cd
01a02690-0cc2-7141-b12f-2fda91e05e8f;01a02690-22e6-772f-ba89-ed0613734d7b
01a02690-0cc2-7141-b12f-2fdb8e9ad1ee;01a02690-22e6-772f-ba89-ed07e44dcd01
01a02690-0cc2-7141-b12f-2fdb8e9ad1ee;01a02690-22e6-772f-ba89-ed088c9b80b1
01a02690-0cc2-7141-b12f-2fdb8e9ad1ee;01a02690-22e6-772f-ba89-ed092e0fd125
01a02690-0cc2-7141-b12f-2fdc1e5b32a9;01a02690-22e6-772f-ba89-ed0af519c0fe
01a02690-0cc2-7141-b12f-2fdd38ea56b4;01a02690-22e6-772f-ba89-ed0bf894162a
01a02690-0cc2-7141-b12f-2fde2df15a48;01a02690-22e6-772f-ba89-ed0cb9b59ae3
01a02690-0cc2-7141-b12f-2fde2df15a48;01a02690-22e6-772f-ba89-ed0d1fc58839
01a02690-0cc2-7141-b12f-2fdf3b405a1a;01a02690-22e6-772f-ba89-ed0ea4470d0c
01a02690-0cc2-7141-b12f-2fe08b5e7d1e;01a02690-22e6-772f-ba89-ed0f15cfb550
01a02690-0cc2-7141-b12f-2fe1c33252fa;01a02690-22e6-772f-ba89-ed10699b0819
01a02690-0cc2-7141-b12f-2fe1c33252fa;01a02690-22e6-772f-ba89-ed11895bf258
01a02690-0cc2-7141-b12f-2fe2a27dbd1d;01a02690-22e2-7774-a1a3-e4cc8ac73abc
01a02690-0cc2-7141-b12f-2fe2a27dbd1d;01a02690-22e6-772f-ba89-ed12b39d9eb4
01a02690-0cc2-7141-b12f-2fe2a27dbd1d;01a02690-22e3-7064-9388-1038fa2bd0d3
01a02690-0cc2-7141-b12f-2fe2a27dbd1d;01a02690-22e3-7064-9388-0fae31a8f398
01a02690-0cc2-7141-b12f-2fe2a27dbd1d;01a02690-22e6-772f-ba89-ed13de22fa4e
01a02690-0cc2-7141-b12f-2fe2a27dbd1d;01a02690-22e6-772f-ba89-ed14623d9cbd
01a02690-0cc2-7141-b12f-2fe2a27dbd1d;01a02690-22e6-772f-ba89-ed15455e5f91
01a02690-0cc2-7141-b12f-2fe2a27dbd1d;01a02690-22e6-772f-ba89-ed16f144a888
01a02690-0cc2-7141-b12f-2fe2a27dbd1d;01a02690-22e3-7064-9388-1022bd995fb5
01a02690-0cc2-7141-b12f-2fe2a27dbd1d;01a02690-22e4-7376-a60c-b9d86e7a3826
01a02690-0cc2-7141-b12f-2fe2a27dbd1d;01a02690-22e6-772f-ba89-ed174b3cbf55
01a02690-0cc2-7141-b12f-2fe2a27dbd1d;01a02690-22e3-7064-9388-0fe433bc2b22
01a02690-0cc2-7141-b12f-2fe2a27dbd1d;01a02690-22e6-772f-ba89-ed1848867b7a
01a02690-0cc2-7141-b12f-2fe2a27dbd1d;01a02690-22e5-74eb-8ac8-9ecd10f3a4ef
01a02690-0cc2-7141-b12f-2fe2a27dbd1d;01a02690-22e6-772f-ba89-ed19e27429be
01a02690-0cc2-7141-b12f-2fe2a27dbd1d;01a02690-22e6-772f-ba89-ed1a1528cf89
01a02690-0cc2-7141-b12f-2fe3852d25d1;01a02690-22e6-772f-ba89-ed1b0ca51edf
01a02690-0cc2-7141-b12f-2fe489c12ed5;01a02690-22e6-772f-ba89-ed1c8b793778
01a02690-0cc2-7141-b12f-2fe589750100;01a02690-22e6-772f-ba89-ed1d30cc2132
01a02690-0cc2-7141-b12f-2fe63510cd07;01a02690-22e6-772f-ba89-ed1ef8a1ef5c
01a02690-0cc2-7141-b12f-2fe79e6377ff;01a02690-22e6-772f-ba89-ed1f6c44d798
01a02690-0cc2-7141-b12f-2fe8c539a5ac;01a02690-22e6-772f-ba89-ed20edf6d0be
01a02690-0cc2-7141-b12f-2fe9d1a21027;01a02690-22e6-772f-ba89-ed213d415fa6
01a02690-0cc2-7141-b12f-2fea8dd123e7;01a02690-22e6-772f-ba89-ed2278c297d9
01a02690-0cc2-7141-b12f-2febe2edef00;01a02690-22e6-772f-ba89-ed23c25fe28b
01a02690-0cc2-7141-b12f-2fec42a9a364;01a02690-22e6-772f-ba89-ed24968cae5a
01a02690-0cc2-7141-b12f-2fec42a9a364;01a02690-22e6-772f-ba89-ed25fe950b1f
01a02690-0cc2-7141-b12f-2fec42a9a364;01a02690-22e6-772f-ba89-ed268849a858
01a02690-0cc2-7141-b12f-2fed0a16df7e;01a02690-22e6-772f-ba89-ed273cf673ea
01a02690-0cc2-7141-b12f-2feeae84f32d;01a02690-22e6-772f-ba89-ed285a11cb05
01a02690-0cc2-7141-b12f-2feeae84f32d;01a02690-22e6-772f-ba89-ed29189bb600
01a02690-0cc2-7141-b12f-2fef0c60f536;01a02690-22e6-772f-ba89-ed2a1cfc7b65
01a02690-0cc2-7141-b12f-2ff085da8aa1;01a02690-22e6-772f-ba89-ed2b6df8875f
01a02690-0cc2-7141-b12f-2ff10a2fb3eb;01a02690-22e6-772f-ba89-ed2cb5723e8d
01a02690-0cc2-7141-b12f-2ff10a2fb3eb;01a02690-22e6-772f-ba89-ed2da8b8e3f7
01a02690-0cc2-7141-b12f-2ff2335e8b74;01a02690-22e7-71eb-b833-3015c0adb5ad
01a02690-0cc2-7141-b12f-2ff2335e8b74;01a02690-22e7-71eb-b833-3016d29e5720
01a02690-0cc2-7141-b12f-2ff3198a91dc;01a02690-22e7-71eb-b833-3017717d8da0
01a02690-0cc2-7141-b12f-2ff4792780b4;01a02690-22e7-71eb-b833-3018682fa939
01a02690-0cc2-7141-b12f-2ff4792780b4;01a02690-22e7-71eb-b833-30198f282c98
01a02690-0cc2-7141-b12f-2ff4792780b4;01a02690-22e7-71eb-b833-301a6c664672
01a02690-0cc2-7141-b12f-2ff4792780b4;01a02690-22e7-71eb-b833-301b2aef9dad
01a02690-0cc2-7141-b12f-2ff5710c49ea;01a02690-22e7-71eb-b833-301c2295d4b7
01a02690-0cc2-7141-b12f-2ff679b2b18d;01a02690-22e7-71eb-b833-301dd645d24b
01a02690-0cc2-7141-b12f-2ff679b2b18d;01a02690-22e7-71eb-b833-301e092b5bd5
01a02690-0cc2-7141-b12f-2ff7d9f25be3;01a02690-22e7-71eb-b833-301f426c01ec
01a02690-0cc2-7141-b12f-2ff7d9f25be3;01a02690-22e7-71eb-b833-302041dd2def
01a02690-0cc2-7141-b12f-2ff87e0d5468;01a02690-22e7-71eb-b833-30219d5d5ce3
01a02690-0cc2-7141-b12f-2ff87e0d5468;01a02690-22e7-71eb-b833-3022d94e475f
01a02690-0cc2-7141-b12f-2ff87e0d5468;01a02690-22e7-71eb-b833-30238a5139d7
01a02690-0cc2-7141-b12f-2ff96f254b4e;01a02690-22e7-71eb-b833-3024ede91b07
01a02690-0cc2-7141-b12f-2ffae6be2d26;01a02690-22e7-71eb-b833-3025c28fef99
01a02690-0cc2-7141-b12f-2ffbef653f9d;01a02690-22e7-71eb-b833-3026567bb6fd
01a02690-0cc2-7141-b12f-2ffc7dda1838;01a02690-22e7-71eb-b833-30275e10ffba
01a02690-0cc2-7141-b12f-2ffc7dda1838;01a02690-22e7-71eb-b833-3028c4fdbaa3
01a02690-0cc2-7141-b12f-2ffc7dda1838;01a02690-22e7-71eb-b833-3029a8a3875f
01a02690-0cc2-7141-b12f-2ffc7dda1838;01a02690-22e7-71eb-b833-302a9e77e6ee
01a02690-0cc2-7141-b12f-2ffdeae1caac;01a02690-22e7-71eb-b833-302b4c91c66c
01a02690-0cc2-7141-b12f-2ffe195a3365;01a02690-22e7-71eb-b833-302c3daf842e
01a02690-0cc2-7141-b12f-2fff584bf29c;01a02690-22e4-7376-a60c-b93af99076f5
01a02690-0cc2-7141-b12f-30000c55494c;01a02690-22e7-71eb-b833-302dd5964476
01a02690-0cc2-7141-b12f-30000c55494c;01a02690-22e7-71eb-b833-302e91720135
01a02690-0cc2-7141-b12f-300110f2ff79;01a02690-22e7-71eb-b833-302f8d5699f7
01a02690-0cc2-7141-b12f-30025cb5d7d0;01a02690-22e7-71eb-b833-3030e735f92e
01a02690-0cc2-7141-b12f-3003877f96ee;01a02690-22e7-71eb-b833-30310fb3df38
01a02690-0cc2-7141-b12f-300418c43b6d;01a02690-22e6-772f-ba89-ed19e27429be
01a02690-0cc2-7141-b12f-300504615241;01a02690-22e7-71eb-b833-30327b7531ab
01a02690-0cc2-7141-b12f-300504615241;01a02690-22e7-71eb-b833-3033f08e60e8
01a02690-0cc2-7141-b12f-30063860e0ef;01a02690-22e7-71eb-b833-3034a38c7656
01a02690-0cc2-7141-b12f-3007d3339ac3;01a02690-22e4-7376-a60c-b92cb1c8290f
01a02690-0cc2-7141-b12f-30088be185b6;01a02690-22e7-71eb-b833-3035adafef4a
01a02690-0cc2-7141-b12f-3009e9551f9d;01a02690-22e7-71eb-b833-303631054306
01a02690-0cc2-7141-b12f-300a5fbef8ee;01a02690-22e7-71eb-b833-3037d3caf2ea
01a02690-0cc2-7141-b12f-300b6a9b80ca;01a02690-22e7-71eb-b833-303815c94504
01a02690-0cc2-7141-b12f-300ca74fec3d;01a02690-22e7-71eb-b833-303944a1d7ef
01a02690-0cc2-7141-b12f-300dcea8a272;01a02690-22e7-71eb-b833-303a3853c107
01a02690-0cc2-7141-b12f-300dcea8a272;01a02690-22e7-71eb-b833-303bdc81a311
01a02690-0cc2-7141-b12f-300dcea8a272;01a02690-22e7-71eb-b833-303cd20c21b1
01a02690-0cc2-7141-b12f-300dcea8a272;01a02690-22e7-71eb-b833-303d7560ff21
01a02690-0cc2-7141-b12f-300ec80e908c;01a02690-22e7-71eb-b833-303e237bcafc
01a02690-0cc2-7141-b12f-300ec80e908c;01a02690-22e7-71eb-b833-303f00700fab
01a02690-0cc2-7141-b12f-300f4e8a5c76;01a02690-22e7-71eb-b833-304029fc4718
01a02690-0cc2-7141-b12f-3010a2d32d34;01a02690-22e7-71eb-b833-30415dea2a7f
01a02690-0cc2-7141-b12f-301161114faf;01a02690-22e6-772f-ba89-ec306d4d3daf
01a02690-0cc2-7141-b12f-301161114faf;01a02690-22e6-772f-ba89-ed16f144a888
01a02690-0cc2-7141-b12f-301268afd630;01a02690-22e7-71eb-b833-30420b415c33
01a02690-0cc2-7141-b12f-30134a7f9e8d;01a02690-22e6-772f-ba89-ecc6ce771fb6
01a02690-0cc2-7141-b12f-30134a7f9e8d;01a02690-22e7-71eb-b833-3043a54f7513
01a02690-0cc2-7141-b12f-30134a7f9e8d;01a02690-22e5-74eb-8ac8-9ed73371d1d6
01a02690-0cc2-7141-b12f-30147efec047;01a02690-22e7-71eb-b833-3044bf1bbbbd
01a02690-0cc2-7141-b12f-301593aa1e47;01a02690-22e7-71eb-b833-3045bc6dcf86
01a02690-0cc2-7141-b12f-30168e30624f;01a02690-22e7-71eb-b833-30464083adae
01a02690-0cc2-7141-b12f-30168e30624f;01a02690-22e7-71eb-b833-3047d7c86e3d
01a02690-0cc2-7141-b12f-30175adc6cfb;01a02690-22e7-71eb-b833-3048556b4fd2
01a02690-0cc2-7141-b12f-30183842019f;01a02690-22e7-71eb-b833-3049f28bab9a
01a02690-0cc2-7141-b12f-30198b460e4e;01a02690-22e7-71eb-b833-304aa5f2e6eb
01a02690-0cc2-7141-b12f-301a0dd4d671;01a02690-22e7-71eb-b833-302b4c91c66c
01a02690-0cc2-7141-b12f-301a0dd4d671;01a02690-22e7-71eb-b833-304b5f88f8cf
01a02690-0cc2-7141-b12f-301b7e7e39b8;01a02690-22e7-71eb-b833-304c840a63f7
01a02690-0cc2-7141-b12f-301c93e2a28b;01a02690-22e7-71eb-b833-304d1d2663ef
01a02690-0cc2-7141-b12f-301c93e2a28b;01a02690-22e7-71eb-b833-304e3a939849
01a02690-0cc2-7141-b12f-301dafd01648;01a02690-22e7-71eb-b833-304f2bff9751
01a02690-0cc2-7141-b12f-301ebad4ade6;01a02690-22e7-71eb-b833-3050c5f783cb
01a02690-0cc2-7141-b12f-301fbbeb2c80;01a02690-22e7-71eb-b833-305123659f96
01a02690-0cc2-7141-b12f-302030f05a56;01a02690-22e7-71eb-b833-3052b47f98d9
01a02690-0cc2-7141-b12f-3021bf5a7e44;01a02690-22e7-71eb-b833-305315bfd549
01a02690-0cc2-7141-b12f-3021bf5a7e44;01a02690-22e7-71eb-b833-3054461fcbc0
01a02690-0cc2-7141-b12f-3022747a71ce;01a02690-22e7-71eb-b833-3055ab7ebba3
01a02690-0cc2-7141-b12f-30238b45f357;01a02690-22e7-71eb-b833-305698290c35
01a02690-0cc2-7141-b12f-30238b45f357;01a02690-22e7-71eb-b833-3057385bd053
01a02690-0cc2-7141-b12f-30238b45f357;01a02690-22e7-71eb-b833-30589fb14f1b
01a02690-0cc2-7141-b12f-30238b45f357;01a02690-22e7-71eb-b833-3059e96b7b40
01a02690-0cc2-7141-b12f-30238b45f357;01a02690-22e7-71eb-b833-305a1fd153e7
01a02690-0cc2-7141-b12f-30238b45f357;01a02690-22e4-7376-a60c-b9e4ae40bbdb
01a02690-0cc2-7141-b12f-3024bd7ca073;01a02690-22e7-71eb-b833-305b14c11b62
01a02690-0cc2-7141-b12f-3025542ea49f;01a02690-22e7-71eb-b833-305c16eebf24
01a02690-0cc2-7141-b12f-3026480af4c0;01a02690-22e7-71eb-b833-305da526f3e2
01a02690-0cc2-7141-b12f-30277b5f8426;01a02690-22e7-71eb-b833-305e29c018df
01a02690-0cc2-7141-b12f-30280619a171;01a02690-22e7-71eb-b833-305fd552e173
01a02690-0cc2-7141-b12f-30280619a171;01a02690-22e7-71eb-b833-3060b244f89c
01a02690-0cc2-7141-b12f-302980ceebed;01a02690-22e7-71eb-b833-30615e07e924
01a02690-0cc2-7141-b12f-302aeb73977b;01a02690-22e7-71eb-b833-3062910ab0fd
01a02690-0cc2-7141-b12f-302b9a37cc86;01a02690-22e7-71eb-b833-30633568e1cf
01a02690-0cc2-7141-b12f-302b9a37cc86;01a02690-22e7-71eb-b833-3064a1c5bc3a
01a02690-0cc2-7141-b12f-302b9a37cc86;01a02690-22e7-71eb-b833-30655b067c67
01a02690-0cc2-7141-b12f-302c877a4869;01a02690-22e7-71eb-b833-3066fac30e7d
01a02690-0cc2-7141-b12f-302dccb9482b;01a02690-22e5-74eb-8ac8-9f20e55adbb1
01a02690-0cc2-7141-b12f-302ecc198271;01a02690-22e7-71eb-b833-3067258dbd3e
01a02690-0cc2-7141-b12f-302f72f13cd5;01a02690-22e7-71eb-b833-3068176600bf
01a02690-0cc2-7141-b12f-302f72f13cd5;01a02690-22e7-71eb-b833-3069900b9407
01a02690-0cc2-7141-b12f-30308d998717;01a02690-22e7-71eb-b833-306a9c6ccc65
01a02690-0cc2-7141-b12f-3031dbfa46cf;01a02690-22e7-71eb-b833-306bf83e20f5
01a02690-0cc2-7141-b12f-3031dbfa46cf;01a02690-22e7-71eb-b833-306c573e5c01
01a02690-0cc2-7141-b12f-3031dbfa46cf;01a02690-22e7-71eb-b833-306dc5944d9d
01a02690-0cc2-7141-b12f-3031dbfa46cf;01a02690-22e7-71eb-b833-306ed57b01b1
01a02690-0cc2-7141-b12f-30320cb3dc5a;01a02690-22e7-71eb-b833-306fc428ede5
01a02690-0cc2-7141-b12f-30320cb3dc5a;01a02690-22e7-71eb-b833-30702a446ea7
01a02690-0cc2-7141-b12f-303342f2c220;01a02690-22e7-71eb-b833-3071853e29e2
01a02690-0cc2-7141-b12f-3034a3c21ef2;01a02690-22e7-71eb-b833-30726d3715af
01a02690-0cc2-7141-b12f-30358393c6bc;01a02690-22e7-71eb-b833-3073727bc565
01a02690-0cc2-7141-b12f-30366578bcfa;01a02690-22e7-71eb-b833-30745f896b37
01a02690-0cc2-7141-b12f-30366578bcfa;01a02690-22e7-71eb-b833-3075ab58a479
01a02690-0cc2-7141-b12f-30371d98f5f9;01a02690-22e7-71eb-b833-3076879c5976
01a02690-0cc2-7141-b12f-3038d668bfa9;01a02690-22e7-71eb-b833-30779f9a3003
01a02690-0cc2-7141-b12f-3038d668bfa9;01a02690-22e7-71eb-b833-3078a430cf38
01a02690-0cc2-7141-b12f-3038d668bfa9;01a02690-22e6-772f-ba89-ecfbf928a98b
01a02690-0cc2-7141-b12f-30398678fbdd;01a02690-22e7-71eb-b833-307928711e09
01a02690-0cc2-7141-b12f-303ac8e0a9bd;01a02690-22e5-74eb-8ac8-9efc9c6c25f1
01a02690-0cc2-7141-b12f-303b3141310b;01a02690-22e7-71eb-b833-307adfdd5ceb
01a02690-0cc2-7141-b12f-303cec1e9920;01a02690-22e4-7376-a60c-b9e262e79eac
01a02690-0cc2-7141-b12f-303dd497806f;01a02690-22e3-7064-9388-105d78799dfd
01a02690-0cc2-7141-b12f-303eaf6589ae;01a02690-22e7-71eb-b833-307b99a49830
01a02690-0cc2-7141-b12f-303f094338e8;01a02690-22e7-71eb-b833-307cb971315d
01a02690-0cc2-7141-b12f-303f094338e8;01a02690-22e7-71eb-b833-307d0d146286
01a02690-0cc2-7141-b12f-303f094338e8;01a02690-22e7-71eb-b833-307e9b9b12ae
01a02690-0cc2-7141-b12f-304067296ef2;01a02690-22e6-772f-ba89-ece429b41179
01a02690-0cc2-7141-b12f-304067296ef2;01a02690-22e7-71eb-b833-307f9cb32a3c
01a02690-0cc2-7141-b12f-304067296ef2;01a02690-22e7-71eb-b833-308043d6b41c
01a02690-0cc2-7141-b12f-304067296ef2;01a02690-22e7-71eb-b833-3081163c5d60
01a02690-0cc2-7141-b12f-304067296ef2;01a02690-22e7-71eb-b833-3082a59a0712
01a02690-0cc2-7141-b12f-304067296ef2;01a02690-22e7-71eb-b833-3083481688a4
01a02690-0cc2-7141-b12f-304067296ef2;01a02690-22e7-71eb-b833-308407ad2bc4
01a02690-0cc2-7141-b12f-3041ef9708b4;01a02690-22e7-71eb-b833-3085bf43f421
01a02690-0cc2-7141-b12f-3042f683ed43;01a02690-22e7-71eb-b833-308665ccec81
01a02690-0cc2-7141-b12f-30437b5ba0cf;01a02690-22e5-74eb-8ac8-9f1dd924c26c
01a02690-0cc2-7141-b12f-30443540cafe;01a02690-22e7-71eb-b833-30871d2bae5d
01a02690-0cc2-7141-b12f-3045d4a619a1;01a02690-22e7-71eb-b833-3088d6e7e067
01a02690-0cc2-7141-b12f-30469e483460;01a02690-22e7-71eb-b833-3089e4e7fc08
01a02690-0cc2-7141-b12f-3047d91f2473;01a02690-22e7-71eb-b833-308ae0bb37f3
01a02690-0cc2-7141-b12f-30483043715a;01a02690-22e5-74eb-8ac8-9f2657fe1a9c
01a02690-0cc2-7141-b12f-30491f3b7337;01a02690-22e3-7064-9388-1038fa2bd0d3
01a02690-0cc2-7141-b12f-30491f3b7337;01a02690-22e3-7064-9388-103f098d9f2c
01a02690-0cc2-7141-b12f-30491f3b7337;01a02690-22e3-7064-9388-0fae31a8f398
01a02690-0cc2-7141-b12f-30491f3b7337;01a02690-22e3-7064-9388-0faf96ca2d6c
01a02690-0cc2-7141-b12f-30491f3b7337;01a02690-22e3-7064-9388-0fb066baf4b5
01a02690-0cc2-7141-b12f-30491f3b7337;01a02690-22e6-772f-ba89-ecaf56389645
01a02690-0cc2-7141-b12f-30491f3b7337;01a02690-22e3-7064-9388-0fb17a8aaad3
01a02690-0cc2-7141-b12f-304a6cfeee49;01a02690-22e7-71eb-b833-308b4ab187fd
01a02690-0cc2-7141-b12f-304b63f48cda;01a02690-22e7-71eb-b833-308c872dd9f5
01a02690-0cc2-7141-b12f-304c6b086265;01a02690-22e7-71eb-b833-308d9100a13d
01a02690-0cc2-7141-b12f-304d5ad290c1;01a02690-22e7-71eb-b833-308e9b3055e4
01a02690-0cc2-7141-b12f-304d5ad290c1;01a02690-22e7-71eb-b833-308fcc5f9cb6
01a02690-0cc2-7141-b12f-304d5ad290c1;01a02690-22e7-71eb-b833-30905f43648a
01a02690-0cc2-7141-b12f-304d5ad290c1;01a02690-22e7-71eb-b833-3091f1e42bd2
01a02690-0cc2-7141-b12f-304d5ad290c1;01a02690-22e7-71eb-b833-30922b327c8f
01a02690-0cc2-7141-b12f-304d5ad290c1;01a02690-22e7-71eb-b833-3093775881c4
01a02690-0cc2-7141-b12f-304d5ad290c1;01a02690-22e7-71eb-b833-3094c0c2a261
01a02690-0cc2-7141-b12f-304d5ad290c1;01a02690-22e7-71eb-b833-3095468ea3ae
01a02690-0cc2-7141-b12f-304d5ad290c1;01a02690-22e7-71eb-b833-309668064cca
01a02690-0cc2-7141-b12f-304ef21f7b59;01a02690-22e7-71eb-b833-30972e665367
01a02690-0cc2-7141-b12f-304f198c4c28;01a02690-22e7-71eb-b833-3098fbb4852f
01a02690-0cc2-7141-b12f-304f198c4c28;01a02690-22e7-71eb-b833-3099c51cc00c
01a02690-0cc2-7141-b12f-304f198c4c28;01a02690-22e7-71eb-b833-30726d3715af
01a02690-0cc2-7141-b12f-304f198c4c28;01a02690-22e7-71eb-b833-309a1e901ba5
01a02690-0cc2-7141-b12f-304f198c4c28;01a02690-22e7-71eb-b833-309bf3ecb413
01a02690-0cc2-7141-b12f-304f198c4c28;01a02690-22e7-71eb-b833-309c83690e6c
01a02690-0cc2-7141-b12f-3050ee88f6c0;01a02690-22e7-71eb-b833-309de76bb66e
01a02690-0cc2-7141-b12f-3051eca3bd96;01a02690-22e7-71eb-b833-309eb932b1f8
01a02690-0cc2-7141-b12f-3051eca3bd96;01a02690-22e7-71eb-b833-309fe578939f
01a02690-0cc2-7141-b12f-3052b3c0f292;01a02690-22e7-71eb-b833-30a0b5a1464e
01a02690-0cc2-7141-b12f-3052b3c0f292;01a02690-22e7-71eb-b833-30a166061635
01a02690-0cc2-7141-b12f-30532ba7507d;01a02690-22e7-71eb-b833-30a224bd73c3
01a02690-0cc2-7141-b12f-30532ba7507d;01a02690-22e7-71eb-b833-30a3968f4f59
01a02690-0cc2-7141-b12f-3054bfa5b853;01a02690-22e7-71eb-b833-30a4a3ccc7b6
01a02690-0cc2-7141-b12f-3054bfa5b853;01a02690-22e7-71eb-b833-30a525e43524
01a02690-0cc2-7141-b12f-3054bfa5b853;01a02690-22e7-71eb-b833-30a67962d7de
01a02690-0cc2-7141-b12f-3054bfa5b853;01a02690-22e7-71eb-b833-30a7046b0261
01a02690-0cc2-7141-b12f-3054bfa5b853;01a02690-22e7-71eb-b833-30a8718b26b9
01a02690-0cc2-7141-b12f-3054bfa5b853;01a02690-22e7-71eb-b833-30a9512b14ec
01a02690-0cc2-7141-b12f-3054bfa5b853;01a02690-22e7-71eb-b833-30aa25a72b43
01a02690-0cc2-7141-b12f-3054bfa5b853;01a02690-22e7-71eb-b833-30ab1269580d
01a02690-0cc2-7141-b12f-3054bfa5b853;01a02690-22e7-71eb-b833-30ac2b39db72
01a02690-0cc2-7141-b12f-3055a57ab16f;01a02690-22e5-74eb-8ac8-9ef64ce8174f
01a02690-0cc2-7141-b12f-305672a32089;01a02690-22e7-71eb-b833-30adfc372068
01a02690-0cc2-7141-b12f-305727b005a4;01a02690-22e7-71eb-b833-30ae3b51d9e5
01a02690-0cc2-7141-b12f-3058efd3829b;01a02690-22e7-71eb-b833-30af7e37793e
01a02690-0cc2-7141-b12f-305957fbca75;01a02690-22e7-71eb-b833-30b05a276d69
01a02690-0cc2-7141-b12f-305ac8d2952e;01a02690-22e7-71eb-b833-30b1ec40d88b
01a02690-0cc2-7141-b12f-305b1ab90317;01a02690-22e7-71eb-b833-30b272e88470
01a02690-0cc2-7141-b12f-305cf67bf6c8;01a02690-22e3-7064-9388-0feeb0b91fdf
01a02690-0cc2-7141-b12f-305d9e4dd29b;01a02690-22e7-71eb-b833-30b3727d057c
01a02690-0cc2-7141-b12f-305d9e4dd29b;01a02690-22e6-772f-ba89-ec3c20deca63
01a02690-0cc2-7141-b12f-305d9e4dd29b;01a02690-22e7-71eb-b833-30b4cd998223
01a02690-0cc2-7141-b12f-305d9e4dd29b;01a02690-22e7-71eb-b833-30b5de384cbe
01a02690-0cc2-7141-b12f-305d9e4dd29b;01a02690-22e7-71eb-b833-30b672590737
01a02690-0cc2-7141-b12f-305d9e4dd29b;01a02690-22e7-71eb-b833-30b7678f25bb
01a02690-0cc2-7141-b12f-305d9e4dd29b;01a02690-22e7-71eb-b833-30b89c5f5155
01a02690-0cc2-7141-b12f-305ec2d48548;01a02690-22e7-71eb-b833-30b96413ad50
01a02690-0cc2-7141-b12f-305ec2d48548;01a02690-22e7-71eb-b833-30ba02841b43
01a02690-0cc2-7141-b12f-305ec2d48548;01a02690-22e7-71eb-b833-30bbebedeea5
01a02690-0cc2-7141-b12f-305ec2d48548;01a02690-22e7-71eb-b833-30bcd4c4c626
01a02690-0cc2-7141-b12f-305ec2d48548;01a02690-22e7-71eb-b833-30bdd6e17594
01a02690-0cc2-7141-b12f-305ec2d48548;01a02690-22e7-71eb-b833-30bead53ad9c
01a02690-0cc2-7141-b12f-305ec2d48548;01a02690-22e7-71eb-b833-30bf10e77eb7
01a02690-0cc2-7141-b12f-305ec2d48548;01a02690-22e7-71eb-b833-30c03f366c1c
01a02690-0cc2-7141-b12f-305ec2d48548;01a02690-22e7-71eb-b833-30c138046eb0
01a02690-0cc2-7141-b12f-305ec2d48548;01a02690-22e7-71eb-b833-30c23bcf7815
01a02690-0cc2-7141-b12f-305f3fe37ea2;01a02690-22e7-71eb-b833-30c3b57a7b31
01a02690-0cc2-7141-b12f-306045dbf83e;01a02690-22e7-71eb-b833-30c4179480c9
01a02690-0cc2-7141-b12f-3061382dfee6;01a02690-22e3-7064-9388-100156534b59
01a02690-0cc2-7141-b12f-3062c7d768bf;01a02690-22e7-71eb-b833-30c5d56dcd3c
01a02690-0cc2-7141-b12f-3062c7d768bf;01a02690-22e7-71eb-b833-30c68c8400a8
01a02690-0cc2-7141-b12f-3063676853dd;01a02690-22e7-71eb-b833-30c763484692
01a02690-0cc2-7141-b12f-3064efd03988;01a02690-22e7-71eb-b833-30c8d26a45bf
01a02690-0cc2-7141-b12f-3065ceb6409e;01a02690-22e7-71eb-b833-30c92175fc5e
01a02690-0cc2-7141-b12f-3065ceb6409e;01a02690-22e7-71eb-b833-30caa7f0b122
01a02690-0cc2-7141-b12f-3065ceb6409e;01a02690-22e7-71eb-b833-30cb49873094
01a02690-0cc2-7141-b12f-306655edc2de;01a02690-22e7-71eb-b833-30ccddf15f5f
01a02690-0cc2-7141-b12f-3067d241dc01;01a02690-22e7-71eb-b833-30cd4c18afee
01a02690-0cc2-7141-b12f-30688005885b;01a02690-22e6-772f-ba89-ecba52722911
01a02690-0cc2-7141-b12f-306942080754;01a02690-22e7-71eb-b833-30ce9e30fc8b
01a02690-0cc2-7141-b12f-306aa27b846b;01a02690-22e7-71eb-b833-30cf9d8bad2a
01a02690-0cc2-7141-b12f-306bbfc0c0f8;01a02690-22e5-74eb-8ac8-9ee7f1f99de8
01a02690-0cc2-7141-b12f-306bbfc0c0f8;01a02690-22e7-71eb-b833-30d0c4d1e6d8
01a02690-0cc2-7141-b12f-306bbfc0c0f8;01a02690-22e7-71eb-b833-30d14addb9d8
01a02690-0cc2-7141-b12f-306c043ef700;01a02690-22e7-71eb-b833-30d230c9fdd3
01a02690-0cc2-7141-b12f-306dca90e8a3;01a02690-22e4-7376-a60c-b9c1e2daf333
01a02690-0cc2-7141-b12f-306e83235819;01a02690-22e6-772f-ba89-ec2eceac70f2
01a02690-0cc2-7141-b12f-306e83235819;01a02690-22e6-772f-ba89-ec2fcd00a1bc
01a02690-0cc2-7141-b12f-306e83235819;01a02690-22e7-71eb-b833-30d3db02d01e
01a02690-0cc2-7141-b12f-306f6e886969;01a02690-22e4-7376-a60c-b96de623c163
01a02690-0cc2-7141-b12f-3070261d9b12;01a02690-22e5-74eb-8ac8-9efe311fd00d
01a02690-0cc2-7141-b12f-3071331c3b43;01a02690-22e7-71eb-b833-30d4f529de85
01a02690-0cc2-7141-b12f-3071331c3b43;01a02690-22e7-71eb-b833-30d51fc32b1b
01a02690-0cc2-7141-b12f-3071331c3b43;01a02690-22e7-71eb-b833-30d6956cd480
01a02690-0cc2-7141-b12f-3071331c3b43;01a02690-22e7-71eb-b833-30d779bb8b2c
01a02690-0cc2-7141-b12f-30727ab52555;01a02690-22e7-71eb-b833-30d86f5159ad
01a02690-0cc2-7141-b12f-30727ab52555;01a02690-22e7-71eb-b833-30d9102053c3
01a02690-0cc2-7141-b12f-30727ab52555;01a02690-22e7-71eb-b833-30dab917dd00
01a02690-0cc2-7141-b12f-30727ab52555;01a02690-22e7-71eb-b833-30db59dbf253
01a02690-0cc2-7141-b12f-30727ab52555;01a02690-22e7-71eb-b833-30dc52b7f58e
01a02690-0cc2-7141-b12f-30727ab52555;01a02690-22e7-71eb-b833-30ddde5662c8
01a02690-0cc2-7141-b12f-30727ab52555;01a02690-22e7-71eb-b833-30ded7e7676d
01a02690-0cc2-7141-b12f-30727ab52555;01a02690-22e7-71eb-b833-30dfa9263eea
01a02690-0cc2-7141-b12f-30727ab52555;01a02690-22e7-71eb-b833-30e0cb09b27e
01a02690-0cc2-7141-b12f-30727ab52555;01a02690-22e7-71eb-b833-30e1d45ce04f
01a02690-0cc2-7141-b12f-3073ebcb616b;01a02690-22e7-71eb-b833-30e2aa7b18ec
01a02690-0cc2-7141-b12f-30747dcf4c50;01a02690-22e7-71eb-b833-30e3911e33fa
01a02690-0cc2-7141-b12f-30747dcf4c50;01a02690-22e7-71eb-b833-30e4973a4b89
01a02690-0cc2-7141-b12f-30747dcf4c50;01a02690-22e7-71eb-b833-30e5468dcdd9
01a02690-0cc2-7141-b12f-30747dcf4c50;01a02690-22e7-71eb-b833-30e6e3b94d06
01a02690-0cc2-7141-b12f-3075e3ef9341;01a02690-22e7-71eb-b833-30e7204c74f6
01a02690-0cc2-7141-b12f-3076d64d51ef;01a02690-22e7-71eb-b833-30779f9a3003
01a02690-0cc2-7141-b12f-3076d64d51ef;01a02690-22e7-71eb-b833-30d779bb8b2c
01a02690-0cc2-7141-b12f-307797320a9c;01a02690-22e6-772f-ba89-ece112700e6a
01a02690-0cc2-7141-b12f-307797320a9c;01a02690-22e7-71eb-b833-30e8892df000
01a02690-0cc2-7141-b12f-30785e35fa80;01a02690-22e7-71eb-b833-30e96b72ee5b
01a02690-0cc2-7141-b12f-30785e35fa80;01a02690-22e7-71eb-b833-30eaeec496e5
01a02690-0cc2-7141-b12f-3079af11c14d;01a02690-22e4-7376-a60c-b99ca0c73ca8
01a02690-0cc2-7141-b12f-307a94e7309d;01a02690-22e7-71eb-b833-30eb471f99b0
01a02690-0cc2-7141-b12f-307b1e279091;01a02690-22e7-71eb-b833-30ec8bac93eb
01a02690-0cc2-7141-b12f-307c63fc9ecc;01a02690-22e5-74eb-8ac8-9ec281dd8d6f
01a02690-0cc2-7141-b12f-307c63fc9ecc;01a02690-22e5-74eb-8ac8-9ec3ee8729f6
01a02690-0cc2-7141-b12f-307dcdb7c812;01a02690-22e7-71eb-b833-30edce5cb040
01a02690-0cc2-7141-b12f-307ee625e807;01a02690-22e7-71eb-b833-30ee83b7eafa
01a02690-0cc2-7141-b12f-307f9f81eb70;01a02690-22e7-71eb-b833-30ef64e3da1d
01a02690-0cc2-7141-b12f-307f9f81eb70;01a02690-22e7-71eb-b833-30f06d82dc42
01a02690-0cc2-7141-b12f-3080e7c403c6;01a02690-22e3-7064-9388-10554cc4a9ee
01a02690-0cc2-7141-b12f-3081757ed65f;01a02690-22e7-71eb-b833-30f1a87cf0b9
01a02690-0cc2-7141-b12f-3081757ed65f;01a02690-22e7-71eb-b833-30f298e33390
01a02690-0cc2-7141-b12f-3082ca229656;01a02690-22e7-71eb-b833-30f3dedd344d
01a02690-0cc2-7141-b12f-3083fb63d413;01a02690-22e7-71eb-b833-30f4ee04ed91
01a02690-0cc2-7141-b12f-3084e332887e;01a02690-22e5-74eb-8ac8-9ef5df21ee3f
01a02690-0cc2-7141-b12f-30855ca96cc7;01a02690-22e3-7064-9388-101c00369893
01a02690-0cc2-7141-b12f-30866532f3ad;01a02690-22e7-71eb-b833-30f505dd94f9
01a02690-0cc2-7141-b12f-3087ebb3c970;01a02690-22e7-71eb-b833-30f6b2824648
01a02690-0cc2-7141-b12f-30882e2597f0;01a02690-22e7-71eb-b833-30f724889863
01a02690-0cc2-7141-b12f-30890c8ae0ef;01a02690-22e7-71eb-b833-30f833a40ded
01a02690-0cc2-7141-b12f-30890c8ae0ef;01a02690-22e7-71eb-b833-30f9fb24f6a2
01a02690-0cc2-7141-b12f-308a67cd6d54;01a02690-22e3-7064-9388-101f2afd6f0d
01a02690-0cc2-7141-b12f-308bdec69864;01a02690-22e7-71eb-b833-30fa55e73432
01a02690-0cc2-7141-b12f-308cc6c1d9d4;01a02690-22e7-71eb-b833-30fb1f2a769f
01a02690-0cc2-7141-b12f-308cc6c1d9d4;01a02690-22e7-71eb-b833-30fcff2c4028
01a02690-0cc2-7141-b12f-308cc6c1d9d4;01a02690-22e7-71eb-b833-30fd381a7027
01a02690-0cc2-7141-b12f-308de056e283;01a02690-22e3-7064-9388-10134c375ec3
01a02690-0cc2-7141-b12f-308ed7ef68cd;01a02690-22e7-71eb-b833-30feb5050b28
01a02690-0cc2-7141-b12f-308fc1af1f99;01a02690-22e7-71eb-b833-30ff03f3aa45
01a02690-0cc2-7141-b12f-30908071457f;01a02690-22e7-71eb-b833-3100a77b9bba
01a02690-0cc2-7141-b12f-309164302d50;01a02690-22e7-71eb-b833-3101ee7aea41
01a02690-0cc2-7141-b12f-3092f6e5105c;01a02690-22e3-7064-9388-1020f0f08e72
01a02690-0cc2-7141-b12f-3093ccf54feb;01a02690-22e7-71eb-b833-310206ef9d01
01a02690-0cc2-7141-b12f-30940238ab9a;01a02690-22e5-74eb-8ac8-9f13776d55a8
01a02690-0cc2-7141-b12f-3095b5be0e70;01a02690-22e7-71eb-b833-3103b50d2aae
01a02690-0cc2-7141-b12f-3095b5be0e70;01a02690-22e7-71eb-b833-3104a139c43d
01a02690-0cc2-7141-b12f-3095b5be0e70;01a02690-22e7-71eb-b833-310524256cab
01a02690-0cc2-7141-b12f-30962a030832;01a02690-22e7-71eb-b833-310617fd9099
01a02690-0cc2-7141-b12f-3097dc567ece;01a02690-22e7-71eb-b833-310753557d1e
01a02690-0cc2-7141-b12f-30985a4b2e1c;01a02690-22e7-71eb-b833-3108fc0c5e7b
01a02690-0cc2-7141-b12f-3099865d9a78;01a02690-22e7-71eb-b833-3109a7c3b2e8
01a02690-0cc2-7141-b12f-3099865d9a78;01a02690-22e7-71eb-b833-310aa75e2039
01a02690-0cc2-7141-b12f-3099865d9a78;01a02690-22e7-71eb-b833-310b9da04512
01a02690-0cc2-7141-b12f-3099865d9a78;01a02690-22e7-71eb-b833-310ca0b20117
01a02690-0cc2-7141-b12f-3099865d9a78;01a02690-22e7-71eb-b833-310db14bf514
01a02690-0cc2-7141-b12f-309a34075e2a;01a02690-22e7-71eb-b833-310e440b07f7
01a02690-0cc2-7141-b12f-309bc197dd26;01a02690-22e7-71eb-b833-310fd9567661
01a02690-0cc2-7141-b12f-309bc197dd26;01a02690-22e7-71eb-b833-3110a9b80d1b
01a02690-0cc2-7141-b12f-309bc197dd26;01a02690-22e7-71eb-b833-311122942847
01a02690-0cc2-7141-b12f-309c497ff487;01a02690-22e7-71eb-b833-3112b8d95335
01a02690-0cc2-7141-b12f-309d1871013a;01a02690-22e7-71eb-b833-3113f72cfd68
01a02690-0cc2-7141-b12f-309e32ebf67b;01a02690-22e7-71eb-b833-31148e5bc3c7
01a02690-0cc2-7141-b12f-309f401bba53;01a02690-22e7-71eb-b833-3115fbe3547e
01a02690-0cc2-7141-b12f-30a0177a5138;01a02690-22e6-772f-ba89-ece552aed662
01a02690-0cc2-7141-b12f-30a11a392301;01a02690-22e7-71eb-b833-31167e985c78
01a02690-0cc2-7141-b12f-30a210687af9;01a02690-22e7-71eb-b833-3117a44e0443
01a02690-0cc2-7141-b12f-30a305ad75a8;01a02690-22e3-7064-9388-1054f8237de4
01a02690-0cc2-7141-b12f-30a305ad75a8;01a02690-22e7-71eb-b833-31185f013f30
01a02690-0cc2-7141-b12f-30a443f3f2ff;01a02690-22e7-71eb-b833-3119b351c556
01a02690-0cc2-7141-b12f-30a5f9e84791;01a02690-22e7-71eb-b833-311a200849f9
01a02690-0cc2-7141-b12f-30a686a80e96;01a02690-22e7-71eb-b833-311b5c7107c2
01a02690-0cc2-7141-b12f-30a686a80e96;01a02690-22e7-71eb-b833-311c3d5c71fb
01a02690-0cc2-7141-b12f-30a686a80e96;01a02690-22e7-71eb-b833-311d6e1bd410
01a02690-0cc2-7141-b12f-30a77cc3c8b1;01a02690-22e7-71eb-b833-311efbfff565
01a02690-0cc2-7141-b12f-30a8a0492f6f;01a02690-22e7-71eb-b833-311ff8a2c61f
01a02690-0cc2-7141-b12f-30a8a0492f6f;01a02690-22e7-71eb-b833-31207c9d5459
01a02690-0cc2-7141-b12f-30a8a0492f6f;01a02690-22e7-71eb-b833-312196ffed0d
01a02690-0cc2-7141-b12f-30a8a0492f6f;01a02690-22e7-71eb-b833-31221fc31cca
01a02690-0cc2-7141-b12f-30a8a0492f6f;01a02690-22e7-71eb-b833-31237268ea7a
01a02690-0cc2-7141-b12f-30a9618fc741;01a02690-22e8-7496-8881-bf0b63ffd147
01a02690-0cc2-7141-b12f-30a9618fc741;01a02690-22e8-7496-8881-bf0c7b5feb0f
01a02690-0cc2-7141-b12f-30a9618fc741;01a02690-22e8-7496-8881-bf0de920d36e
01a02690-0cc2-7141-b12f-30aab0bbc816;01a02690-22e8-7496-8881-bf0e421fe751
01a02690-0cc2-7141-b12f-30aab0bbc816;01a02690-22e8-7496-8881-bf0f9d745e7c
01a02690-0cc2-7141-b12f-30abd569c485;01a02690-22e8-7496-8881-bf10bbba43f0
01a02690-0cc2-7141-b12f-30ac08f143ac;01a02690-22e7-71eb-b833-30f1a87cf0b9
01a02690-0cc2-7141-b12f-30ad73ab0adc;01a02690-22e8-7496-8881-bf11ca65e0c4
01a02690-0cc2-7141-b12f-30aef69c95b1;01a02690-22e8-7496-8881-bf12ec664406
01a02690-0cc2-7141-b12f-30af366e84e2;01a02690-22e3-7064-9388-10068bafc6f3
01a02690-0cc2-7141-b12f-30af366e84e2;01a02690-22e8-7496-8881-bf13d6184cdc
01a02690-0cc2-7141-b12f-30af366e84e2;01a02690-22e4-7376-a60c-b9d725831e6e
01a02690-0cc2-7141-b12f-30b04bf765dc;01a02690-22e8-7496-8881-bf14ef2066c6
01a02690-0cc2-7141-b12f-30b1b3f1576f;01a02690-22e8-7496-8881-bf15faa72140
01a02690-0cc2-7141-b12f-30b1b3f1576f;01a02690-22e8-7496-8881-bf1613d00332
01a02690-0cc2-7141-b12f-30b1b3f1576f;01a02690-22e8-7496-8881-bf1704528e93
01a02690-0cc2-7141-b12f-30b1b3f1576f;01a02690-22e8-7496-8881-bf1873f6b6f1
01a02690-0cc2-7141-b12f-30b1b3f1576f;01a02690-22e8-7496-8881-bf19f18a699e
01a02690-0cc2-7141-b12f-30b1b3f1576f;01a02690-22e8-7496-8881-bf1a4ff5ae85
01a02690-0cc2-7141-b12f-30b25922e9fb;01a02690-22e8-7496-8881-bf1b4b18718d
01a02690-0cc2-7141-b12f-30b3127a47cc;01a02690-22e8-7496-8881-bf1c779069cb
01a02690-0cc2-7141-b12f-30b3127a47cc;01a02690-22e8-7496-8881-bf1d234c297d
01a02690-0cc2-7141-b12f-30b3127a47cc;01a02690-22e8-7496-8881-bf1eb8683215
01a02690-0cc2-7141-b12f-30b476d3925b;01a02690-22e4-7376-a60c-b962b7664b98
01a02690-0cc2-7141-b12f-30b5d076f166;01a02690-22e8-7496-8881-bf1f0c7a7b9e
01a02690-0cc2-7141-b12f-30b601d8d14f;01a02690-22e8-7496-8881-bf20e36ebd16
01a02690-0cc2-7141-b12f-30b77e1314e6;01a02690-22e8-7496-8881-bf21c39baaf0
01a02690-0cc2-7141-b12f-30b8bb409082;01a02690-22e8-7496-8881-bf2240a28e34
01a02690-0cc2-7141-b12f-30b90f24a1de;01a02690-22e8-7496-8881-bf234e7833f4
01a02690-0cc2-7141-b12f-30babcc38cbd;01a02690-22e8-7496-8881-bf248248777f
01a02690-0cc2-7141-b12f-30bb3ffdde93;01a02690-22e8-7496-8881-bf255473dd50
01a02690-0cc2-7141-b12f-30bcfc81dfed;01a02690-22e8-7496-8881-bf26e71e2370
01a02690-0cc2-7141-b12f-30bcfc81dfed;01a02690-22e8-7496-8881-bf27ec0b770c
01a02690-0cc2-7141-b12f-30bcfc81dfed;01a02690-22e8-7496-8881-bf28f0af784a
01a02690-0cc2-7141-b12f-30bdde978235;01a02690-22e8-7496-8881-bf2938c82c72
01a02690-0cc2-7141-b12f-30be94155ab0;01a02690-22e8-7496-8881-bf2a04da339a
01a02690-0cc2-7141-b12f-30bfe388cf33;01a02690-22e8-7496-8881-bf2baca09a2f
01a02690-0cc2-7141-b12f-30bfe388cf33;01a02690-22e6-772f-ba89-ec26757776b9
01a02690-0cc2-7141-b12f-30c01d08327a;01a02690-22e8-7496-8881-bf2c0a85b15c
01a02690-0cc2-7141-b12f-30c1ea1fc525;01a02690-22e8-7496-8881-bf2d77fce419
01a02690-0cc2-7141-b12f-30c2a8a731d5;01a02690-22e5-74eb-8ac8-9f1ba565fb8e
01a02690-0cc2-7141-b12f-30c384e550a4;01a02690-22e8-7496-8881-bf2eb20c31fe
01a02690-0cc2-7141-b12f-30c4a1161a94;01a02690-22e8-7496-8881-bf2f683b2e83
01a02690-0cc2-7141-b12f-30c5fc75544b;01a02690-22e4-7376-a60c-b9e262e79eac
01a02690-0cc2-7141-b12f-30c5fc75544b;01a02690-22e5-74eb-8ac8-9f414871ab1c
01a02690-0cc2-7141-b12f-30c65789da9c;01a02690-22e7-71eb-b833-30ae3b51d9e5
01a02690-0cc2-7141-b12f-30c7fa12fc47;01a02690-22e8-7496-8881-bf305a0ff182
01a02690-0cc2-7141-b12f-30c8944c1494;01a02690-22e8-7496-8881-bf316a3236f7
01a02690-0cc2-7141-b12f-30c9964e9ae5;01a02690-22e8-7496-8881-bf32203408a0
01a02690-0cc2-7141-b12f-30ca5fc14592;01a02690-22e8-7496-8881-bf3310d6b5a2
01a02690-0cc2-7141-b12f-30cb8d1686fe;01a02690-22e8-7496-8881-bf34310ca482
01a02690-0cc2-7141-b12f-30cb8d1686fe;01a02690-22e8-7496-8881-bf359f7c889a
01a02690-0cc2-7141-b12f-30cb8d1686fe;01a02690-22e8-7496-8881-bf362b8db0ab
01a02690-0cc2-7141-b12f-30ccebd19a8b;01a02690-22e8-7496-8881-bf37e7b1773e
01a02690-0cc2-7141-b12f-30ccebd19a8b;01a02690-22e8-7496-8881-bf38ef7be37c
01a02690-0cc2-7141-b12f-30cdae9e5d7c;01a02690-22e8-7496-8881-bf397a9d069b
01a02690-0cc2-7141-b12f-30ce3877a886;01a02690-22e8-7496-8881-bf3afa71a077
01a02690-0cc2-7141-b12f-30ce3877a886;01a02690-22e8-7496-8881-bf3ba9f860ea
01a02690-0cc2-7141-b12f-30ce3877a886;01a02690-22e8-7496-8881-bf3ced67846e
01a02690-0cc2-7141-b12f-30ce3877a886;01a02690-22e8-7496-8881-bf3ddf14dbcf
01a02690-0cc2-7141-b12f-30cfa5d2562a;01a02690-22e8-7496-8881-bf3e0616b116
01a02690-0cc2-7141-b12f-30d0ed194046;01a02690-22e8-7496-8881-bf3f90da947a
01a02690-0cc2-7141-b12f-30d182996d17;01a02690-22e3-7064-9388-104ad28c798a
01a02690-0cc2-7141-b12f-30d266494e96;01a02690-22e8-7496-8881-bf4084c17750
01a02690-0cc2-7141-b12f-30d266494e96;01a02690-22e8-7496-8881-bf414e53fe15
01a02690-0cc2-7141-b12f-30d266494e96;01a02690-22e8-7496-8881-bf42f49eb175
01a02690-0cc2-7141-b12f-30d30d35627c;01a02690-22e8-7496-8881-bf43b6304ab3
01a02690-0cc2-7141-b12f-30d30d35627c;01a02690-22e6-772f-ba89-ecc7abb00dc0
01a02690-0cc2-7141-b12f-30d42eec0438;01a02690-22e8-7496-8881-bf44c6783dfd
01a02690-0cc2-7141-b12f-30d5f1c22b06;01a02690-22e8-7496-8881-bf459dad3123
01a02690-0cc2-7141-b12f-30d6a68a9918;01a02690-22e8-7496-8881-bf46b54f32af
01a02690-0cc2-7141-b12f-30d793960b5f;01a02690-22e8-7496-8881-bf479f2730d3
01a02690-0cc2-7141-b12f-30d86082de36;01a02690-22e8-7496-8881-bf4865df5f74
01a02690-0cc2-7141-b12f-30d9eddf11fc;01a02690-22e8-7496-8881-bf492f3d0270
01a02690-0cc2-7141-b12f-30d9eddf11fc;01a02690-22e8-7496-8881-bf4a692f7fd9
01a02690-0cc2-7141-b12f-30d9eddf11fc;01a02690-22e8-7496-8881-bf4b34a7a733
01a02690-0cc2-7141-b12f-30d9eddf11fc;01a02690-22e8-7496-8881-bf4cb082c11b
01a02690-0cc2-7141-b12f-30d9eddf11fc;01a02690-22e8-7496-8881-bf4d6012226a
01a02690-0cc2-7141-b12f-30da05b93a1a;01a02690-22e8-7496-8881-bf4e300f6c8c
01a02690-0cc2-7141-b12f-30dbca3ce305;01a02690-22e8-7496-8881-bf4fc48fd1da
01a02690-0cc2-7141-b12f-30dc2080c055;01a02690-22e3-7064-9388-101f2afd6f0d
01a02690-0cc2-7141-b12f-30dc2080c055;01a02690-22e3-7064-9388-1020f0f08e72
01a02690-0cc2-7141-b12f-30dd309a7df1;01a02690-22e8-7496-8881-bf50fbee7d56
01a02690-0cc2-7141-b12f-30dd309a7df1;01a02690-22e6-772f-ba89-ecd789ba2c55
01a02690-0cc2-7141-b12f-30dd309a7df1;01a02690-22e8-7496-8881-bf51b0ae2583
01a02690-0cc2-7141-b12f-30dd309a7df1;01a02690-22e8-7496-8881-bf525b1c896a
01a02690-0cc2-7141-b12f-30dd309a7df1;01a02690-22e8-7496-8881-bf5364249bba
01a02690-0cc2-7141-b12f-30de38e021d2;01a02690-22e8-7496-8881-bf546dbe1468
01a02690-0cc2-7141-b12f-30df8ea8db19;01a02690-22e8-7496-8881-bf559227dc82
01a02690-0cc2-7141-b12f-30df8ea8db19;01a02690-22e8-7496-8881-bf56a953b1de
01a02690-0cc2-7141-b12f-30e06f160582;01a02690-22e8-7496-8881-bf573bd4a9f4
01a02690-0cc2-7141-b12f-30e1268b82d6;01a02690-22e8-7496-8881-bf58489ac3d6
01a02690-0cc2-7141-b12f-30e1268b82d6;01a02690-22e8-7496-8881-bf590d99c6b8
01a02690-0cc2-7141-b12f-30e2424dde33;01a02690-22e6-772f-ba89-ed0ea4470d0c
01a02690-0cc2-7141-b12f-30e39ef8930f;01a02690-22e6-772f-ba89-ec6a5920e5af
01a02690-0cc2-7141-b12f-30e43461273f;01a02690-22e5-74eb-8ac8-9f3a870b4064
01a02690-0cc2-7141-b12f-30e5bc7beb03;01a02690-22e8-7496-8881-bf5a711b8156
01a02690-0cc2-7141-b12f-30e6d5f6bde8;01a02690-22e8-7496-8881-bf5bc45140bd
01a02690-0cc2-7141-b12f-30e747d23a97;01a02690-22e3-7064-9388-10554cc4a9ee
01a02690-0cc2-7141-b12f-30e8509641bc;01a02690-22e8-7496-8881-bf5c56f22488
01a02690-0cc2-7141-b12f-30e9cc5f6684;01a02690-22e8-7496-8881-bf5dbd937d22
01a02690-0cc2-7141-b12f-30e9cc5f6684;01a02690-22e8-7496-8881-bf5efbc4ee22
01a02690-0cc2-7141-b12f-30eac8c9ee08;01a02690-22e8-7496-8881-bf5f616ff309
01a02690-0cc2-7141-b12f-30eb56f294b2;01a02690-22e8-7496-8881-bf60342e7463
01a02690-0cc2-7141-b12f-30ecee2d991c;01a02690-22e8-7496-8881-bf61563363d6
01a02690-0cc2-7141-b12f-30ecee2d991c;01a02690-22e3-7064-9388-0fe433bc2b22
01a02690-0cc2-7141-b12f-30ed57660d34;01a02690-22e5-74eb-8ac8-9f4843c64556
01a02690-0cc2-7141-b12f-30ed57660d34;01a02690-22e6-772f-ba89-ecab5ab66070
01a02690-0cc2-7141-b12f-30ed57660d34;01a02690-22e8-7496-8881-bf629d62b336
01a02690-0cc2-7141-b12f-30eec7dc5ba8;01a02690-22e8-7496-8881-bf631abe8678
01a02690-0cc2-7141-b12f-30ef44c6f9f6;01a02690-22e8-7496-8881-bf6492d5e110
01a02690-0cc2-7141-b12f-30f001018a17;01a02690-22e8-7496-8881-bf656c29c2ae
01a02690-0cc2-7141-b12f-30f11edf3695;01a02690-22e8-7496-8881-bf662da3b6cd
01a02690-0cc2-7141-b12f-30f269a7fccc;01a02690-22e8-7496-8881-bf67123a46e1
01a02690-0cc2-7141-b12f-30f3c756249f;01a02690-22e7-71eb-b833-30e7204c74f6
01a02690-0cc2-7141-b12f-30f3c756249f;01a02690-22e8-7496-8881-bf683e04c86c
01a02690-0cc2-7141-b12f-30f3c756249f;01a02690-22e8-7496-8881-bf69ca58df21
01a02690-0cc2-7141-b12f-30f3c756249f;01a02690-22e8-7496-8881-bf6abcdc69b4
01a02690-0cc2-7141-b12f-30f4d1317c10;01a02690-22e8-7496-8881-bf6b79d8ca3d
01a02690-0cc2-7141-b12f-30f51acb8cea;01a02690-22e8-7496-8881-bf6cabd229f6
01a02690-0cc2-7141-b12f-30f66db94cc5;01a02690-22e8-7496-8881-bf6d3c0cb063
01a02690-0cc2-7141-b12f-30f7ef509399;01a02690-22e8-7496-8881-bf6ecba1fc33
01a02690-0cc2-7141-b12f-30f7ef509399;01a02690-22e8-7496-8881-bf6f016d28a0
01a02690-0cc2-7141-b12f-30f7ef509399;01a02690-22e8-7496-8881-bf707fd02d73
01a02690-0cc2-7141-b12f-30f84cdfeb50;01a02690-22e8-7496-8881-bf715796e3c5
01a02690-0cc2-7141-b12f-30f84cdfeb50;01a02690-22e3-7064-9388-1011e1b3fb91
01a02690-0cc2-7141-b12f-30f9fc179076;01a02690-22e8-7496-8881-bf728acfe6f9
01a02690-0cc2-7141-b12f-30fa1eeb4b94;01a02690-22e8-7496-8881-bf7370e9627b
01a02690-0cc2-7141-b12f-30fb425d7a90;01a02690-22e8-7496-8881-bf74201f817a
01a02690-0cc2-7141-b12f-30fcb7820868;01a02690-22e8-7496-8881-bf751bd68d34
01a02690-0cc2-7141-b12f-30fcb7820868;01a02690-22e8-7496-8881-bf767ee6e922
01a02690-0cc2-7141-b12f-30fd4f66a56f;01a02690-22e8-7496-8881-bf77426824cb
01a02690-0cc2-7141-b12f-30fe29acee34;01a02690-22e8-7496-8881-bf78e856d316
01a02690-0cc2-7141-b12f-30fe29acee34;01a02690-22e8-7496-8881-bf7984b2ae0d
01a02690-0cc2-7141-b12f-30fe29acee34;01a02690-22e8-7496-8881-bf7a43a3625b
01a02690-0cc2-7141-b12f-30fe29acee34;01a02690-22e8-7496-8881-bf7b22e8415c
01a02690-0cc2-7141-b12f-30fe29acee34;01a02690-22e8-7496-8881-bf7c3a4c4f90
01a02690-0cc2-7141-b12f-30fe29acee34;01a02690-22e8-7496-8881-bf7d458c7b2b
01a02690-0cc2-7141-b12f-30ff4f94d069;01a02690-22e8-7496-8881-bf7e7c524040
01a02690-0cc2-7141-b12f-3100c0044844;01a02690-22e4-7376-a60c-b95dda7e7a89
01a02690-0cc2-7141-b12f-3101cd0305eb;01a02690-22e8-7496-8881-bf7fb9838585
01a02690-0cc2-7141-b12f-3101cd0305eb;01a02690-22e7-71eb-b833-3088d6e7e067
01a02690-0cc2-7141-b12f-310259a1a1d6;01a02690-22e7-71eb-b833-3060b244f89c
01a02690-0cc2-7141-b12f-31037ed4ff6c;01a02690-22e8-7496-8881-bf808787da98
01a02690-0cc2-7141-b12f-3104ad2d5010;01a02690-22e8-7496-8881-bf8175fb4e64
01a02690-0cc2-7141-b12f-3104ad2d5010;01a02690-22e8-7496-8881-bf821d86e9d3
01a02690-0cc2-7141-b12f-3105b689cd28;01a02690-22e3-7064-9388-1038fa2bd0d3
01a02690-0cc2-7141-b12f-3106272cbfb5;01a02690-22e8-7496-8881-bf837d17708f
01a02690-0cc2-7141-b12f-310797673713;01a02690-22e8-7496-8881-bf84d42f4ec4
01a02690-0cc2-7141-b12f-3108022fd934;01a02690-22e8-7496-8881-bf8587457638
01a02690-0cc2-7141-b12f-31090512cf5a;01a02690-22e8-7496-8881-bf863cd4cc6a
01a02690-0cc2-7141-b12f-31090512cf5a;01a02690-22e8-7496-8881-bf8797495982
01a02690-0cc2-7141-b12f-31090512cf5a;01a02690-22e8-7496-8881-bf8874d7dcc7
01a02690-0cc2-7141-b12f-31090512cf5a;01a02690-22e8-7496-8881-bf89ca890bf7
01a02690-0cc2-7141-b12f-310a17107ded;01a02690-22e5-74eb-8ac8-9efe311fd00d
01a02690-0cc2-7141-b12f-310b0e790d8a;01a02690-22e8-7496-8881-bf8a6afe14b1
01a02690-0cc2-7141-b12f-310c599934a4;01a02690-22e8-7496-8881-bf8b0ce58d45
01a02690-0cc2-7141-b12f-310da53faa79;01a02690-22e8-7496-8881-bf8ced128650
01a02690-0cc2-7141-b12f-310e7e862e9a;01a02690-22e8-7496-8881-bf8da66d324b
01a02690-0cc2-7141-b12f-310e7e862e9a;01a02690-22e8-7496-8881-bf8e5f9ff548
01a02690-0cc2-7141-b12f-310e7e862e9a;01a02690-22e8-7496-8881-bf8f3165b188
01a02690-0cc2-7141-b12f-310e7e862e9a;01a02690-22e8-7496-8881-bf907011656d
01a02690-0cc2-7141-b12f-310f1bdfe99b;01a02690-22e8-7496-8881-bf91cfe81ca0
01a02690-0cc2-7141-b12f-31105a2ad913;01a02690-22e8-7496-8881-bf9209022348
01a02690-0cc2-7141-b12f-311109623f5f;01a02690-22e4-7376-a60c-b9fde1e71d55
01a02690-0cc2-7141-b12f-31127e591653;01a02690-22e3-7064-9388-1020f0f08e72
01a02690-0cc2-7141-b12f-311351702803;01a02690-22e8-7496-8881-bf93561444ca
01a02690-0cc2-7141-b12f-311351702803;01a02690-22e8-7496-8881-bf94feef4dad
01a02690-0cc2-7141-b12f-311351702803;01a02690-22e8-7496-8881-bf956e2ae81f
01a02690-0cc2-7141-b12f-3114f4463a39;01a02690-22e8-7496-8881-bf9695902aa6
01a02690-0cc2-7141-b12f-311537568e86;01a02690-22e8-7496-8881-bf97698b9512
01a02690-0cc2-7141-b12f-3116e2423b3c;01a02690-22e8-7496-8881-bf98e0fc70ec
01a02690-0cc2-7141-b12f-31170af37177;01a02690-22e8-7496-8881-bf990b5f4c65
01a02690-0cc2-7141-b12f-31187aac1b83;01a02690-22e8-7496-8881-bf9a912c3ed8
01a02690-0cc2-7141-b12f-31187aac1b83;01a02690-22e8-7496-8881-bf9b293350c3
01a02690-0cc2-7141-b12f-311984cfd39a;01a02690-22e3-7064-9388-1002a50742dc
01a02690-0cc2-7141-b12f-311ad0f20778;01a02690-22e8-7496-8881-bf9c5e4dfd76
01a02690-0cc2-7141-b12f-311ad0f20778;01a02690-22e8-7496-8881-bf9ddb0487e9
01a02690-0cc2-7141-b12f-311be44c8124;01a02690-22e8-7496-8881-bf9e8ea95c88
01a02690-0cc2-7141-b12f-311c17768f4a;01a02690-22e8-7496-8881-bf9f1aec5fca
01a02690-0cc2-7141-b12f-311c17768f4a;01a02690-22e8-7496-8881-bfa019c61478
01a02690-0cc2-7141-b12f-311c17768f4a;01a02690-22e8-7496-8881-bfa171138334
01a02690-0cc2-7141-b12f-311c17768f4a;01a02690-22e8-7496-8881-bfa24c0a354a
01a02690-0cc2-7141-b12f-311ddb28c6dd;01a02690-22e5-74eb-8ac8-9f63e5dc3d1a
01a02690-0cc2-7141-b12f-311ddb28c6dd;01a02690-22e8-7496-8881-bfa36d0dff85
01a02690-0cc2-7141-b12f-311ee460c03e;01a02690-22e8-7496-8881-bfa4451b6d60
01a02690-0cc2-7141-b12f-311ee460c03e;01a02690-22e8-7496-8881-bfa50c1c0e20
01a02690-0cc2-7141-b12f-311ee460c03e;01a02690-22e8-7496-8881-bf6492d5e110
01a02690-0cc2-7141-b12f-311f35325c79;01a02690-22e8-7496-8881-bfa639f5ad95
01a02690-0cc2-7141-b12f-31204eb2d3ba;01a02690-22e8-7496-8881-bfa7973cd48d
01a02690-0cc2-7141-b12f-3121245869a6;01a02690-22e5-74eb-8ac8-9f63e5dc3d1a
01a02690-0cc2-7141-b12f-3122107f371b;01a02690-22e8-7496-8881-bfa832f1ecee
01a02690-0cc2-7141-b12f-312398d4f89a;01a02690-22e8-7496-8881-bfa9980fdc06
01a02690-0cc2-7141-b12f-312398d4f89a;01a02690-22e8-7496-8881-bfaa254af85d
01a02690-0cc2-7141-b12f-312398d4f89a;01a02690-22e8-7496-8881-bfab5465992b
01a02690-0cc2-7141-b12f-312398d4f89a;01a02690-22e8-7496-8881-bfacc64e51fa
01a02690-0cc2-7141-b12f-3124e53e0115;01a02690-22e6-772f-ba89-ec4344e1d294
01a02690-0cc2-7141-b12f-312518535cd0;01a02690-22e8-7496-8881-bfad5501ee7f
01a02690-0cc2-7141-b12f-3126512f394a;01a02690-22e8-7496-8881-bfae4df66b15
01a02690-0cc2-7141-b12f-3127f5a5b8cd;01a02690-22e8-7496-8881-bfaf70278722
01a02690-0cc2-7141-b12f-31280d60e375;01a02690-22e3-7064-9388-101e02287ea7
01a02690-0cc2-7141-b12f-31297adbb6ae;01a02690-22e8-7496-8881-bfb0d1cea791
01a02690-0cc2-7141-b12f-312a9d1b0ab8;01a02690-22e6-772f-ba89-ecc34eda1018
01a02690-0cc2-7141-b12f-312b05696d98;01a02690-22e8-7496-8881-bfb1a658f55e
01a02690-0cc2-7141-b12f-312c060e94ce;01a02690-22e8-7496-8881-bfb20e2562d4
01a02690-0cc2-7141-b12f-312d00c51d8d;01a02690-22e8-7496-8881-bfb334ea881e
01a02690-0cc2-7141-b12f-312e4806a3a5;01a02690-22e8-7496-8881-bfb4ac8f5d17
01a02690-0cc2-7141-b12f-312fc6ad0c40;01a02690-22e8-7496-8881-bfb549f7ee4c
01a02690-0cc2-7141-b12f-312fc6ad0c40;01a02690-22e8-7496-8881-bfb651dcb5f8
01a02690-0cc2-7141-b12f-312fc6ad0c40;01a02690-22e6-772f-ba89-ed213d415fa6
01a02690-0cc2-7141-b12f-312fc6ad0c40;01a02690-22e8-7496-8881-bfb7f6ae20a3
01a02690-0cc2-7141-b12f-312fc6ad0c40;01a02690-22e8-7496-8881-bfb8c07974ef
01a02690-0cc2-7141-b12f-312fc6ad0c40;01a02690-22e8-7496-8881-bfb9263575b6
01a02690-0cc2-7141-b12f-312fc6ad0c40;01a02690-22e8-7496-8881-bfba2d91e71f
01a02690-0cc2-7141-b12f-312fc6ad0c40;01a02690-22e8-7496-8881-bfbba45be136
01a02690-0cc2-7141-b12f-31306df209fb;01a02690-22e8-7496-8881-bfbc58440c8c
01a02690-0cc2-7141-b12f-3131539aea85;01a02690-22e8-7496-8881-bfbd7c6b49e3
01a02690-0cc2-7141-b12f-3132daaccc84;01a02690-22e8-7496-8881-bfbece85a2d2
01a02690-0cc2-7141-b12f-3132daaccc84;01a02690-22e8-7496-8881-bfbf0e261ec3
01a02690-0cc2-7141-b12f-3132daaccc84;01a02690-22e8-7496-8881-bfc080dab045
01a02690-0cc2-7141-b12f-3132daaccc84;01a02690-22e8-7496-8881-bfc17ea7b2b8
01a02690-0cc2-7141-b12f-3132daaccc84;01a02690-22e8-7496-8881-bfc2705468d1
01a02690-0cc2-7141-b12f-3133a7f76ec6;01a02690-22e8-7496-8881-bfc36c0b6ee0
01a02690-0cc2-7141-b12f-3133a7f76ec6;01a02690-22e8-7496-8881-bfc42dc9bc51
01a02690-0cc2-7141-b12f-3133a7f76ec6;01a02690-22e8-7496-8881-bfc5f09a1e95
01a02690-0cc2-7141-b12f-3134cecc76fa;01a02690-22e8-7496-8881-bfc6f889fc8c
01a02690-0cc2-7141-b12f-3135b02fb69c;01a02690-22e8-7496-8881-bfbece85a2d2
01a02690-0cc2-7141-b12f-3135b02fb69c;01a02690-22e8-7496-8881-bfbf0e261ec3
01a02690-0cc2-7141-b12f-3135b02fb69c;01a02690-22e8-7496-8881-bfc080dab045
01a02690-0cc2-7141-b12f-3135b02fb69c;01a02690-22e8-7496-8881-bfc17ea7b2b8
01a02690-0cc2-7141-b12f-3135b02fb69c;01a02690-22e8-7496-8881-bfc2705468d1
01a02690-0cc2-7141-b12f-31368701d773;01a02690-22e8-7496-8881-bfc7ecf5e973
01a02690-0cc2-7141-b12f-313780519322;01a02690-22e8-7496-8881-bf20e36ebd16
01a02690-0cc2-7141-b12f-313875530e7b;01a02690-22e8-7496-8881-bfc81cfb7594
01a02690-0cc2-7141-b12f-313875530e7b;01a02690-22e8-7496-8881-bfc9668f4052
01a02690-0cc2-7141-b12f-313875530e7b;01a02690-22e8-7496-8881-bfcab891c6e0
01a02690-0cc2-7141-b12f-313875530e7b;01a02690-22e8-7496-8881-bfcb0f13c8f4
01a02690-0cc2-7141-b12f-313875530e7b;01a02690-22e8-7496-8881-bfcc8abd265a
01a02690-0cc2-7141-b12f-313875530e7b;01a02690-22e8-7496-8881-bfcd745e77e8
01a02690-0cc2-7141-b12f-3139a839c178;01a02690-22e7-71eb-b833-31148e5bc3c7
01a02690-0cc2-7141-b12f-313a73b6a320;01a02690-22e8-7496-8881-bfce2722962c
01a02690-0cc2-7141-b12f-313bf309036a;01a02690-22e8-7496-8881-bfcfe5301cb5
01a02690-0cc2-7141-b12f-313c8fea91e4;01a02690-22e6-772f-ba89-ece916341585
01a02690-0cc2-7141-b12f-313c8fea91e4;01a02690-22e8-7496-8881-bfd0cbcefdfd
01a02690-0cc2-7141-b12f-313ddcba71e2;01a02690-22e7-71eb-b833-304d1d2663ef
01a02690-0cc2-7141-b12f-313e8d4aa74f;01a02690-22e8-7496-8881-bfd179a44e5b
01a02690-0cc2-7141-b12f-313fb9b73d1e;01a02690-22e8-7496-8881-bfd2c0687297
01a02690-0cc2-7141-b12f-3140268814dc;01a02690-22e8-7496-8881-bfd30e98b79b
01a02690-0cc2-7141-b12f-31418d226974;01a02690-22e6-772f-ba89-ec5f7e7aefa7
01a02690-0cc2-7141-b12f-31428f1b7382;01a02690-22e8-7496-8881-bfd41ff46b45
01a02690-0cc2-7141-b12f-3143e8fa8b35;01a02690-22e8-7496-8881-bfd581da705d
01a02690-0cc2-7141-b12f-3143e8fa8b35;01a02690-22e3-7064-9388-105f534d86a5
01a02690-0cc2-7141-b12f-3144e8b70015;01a02690-22e8-7496-8881-bfd664ef58d3
01a02690-0cc2-7141-b12f-3145975b9e9b;01a02690-22e8-7496-8881-bfd78f2b50ad
01a02690-0cc2-7141-b12f-3146e80b7d9e;01a02690-22e8-7496-8881-bfd82fb3ef70
01a02690-0cc2-7141-b12f-3146e80b7d9e;01a02690-22e8-7496-8881-bfd9064e27ce
01a02690-0cc2-7141-b12f-31478fcb9337;01a02690-22e8-7496-8881-bfda804fe56f
01a02690-0cc2-7141-b12f-3148693f955f;01a02690-22e8-7496-8881-bfdb2b3c52bc
01a02690-0cc2-7141-b12f-3148693f955f;01a02690-22e8-7496-8881-bfdcc669c1da
01a02690-0cc2-7141-b12f-3149a18a4e2b;01a02690-22e8-7496-8881-bf715796e3c5
01a02690-0cc2-7141-b12f-3149a18a4e2b;01a02690-22e8-7496-8881-bfdd5b4e817f
01a02690-0cc2-7141-b12f-3149a18a4e2b;01a02690-22e8-7496-8881-bfde7aac85ba
01a02690-0cc2-7141-b12f-3149a18a4e2b;01a02690-22e8-7496-8881-bfdfb702cdbc
01a02690-0cc2-7141-b12f-3149a18a4e2b;01a02690-22e8-7496-8881-bfe00aa531e8
01a02690-0cc2-7141-b12f-3149a18a4e2b;01a02690-22e8-7496-8881-bfe153408dd1
01a02690-0cc2-7141-b12f-3149a18a4e2b;01a02690-22e8-7496-8881-bfe2045f2a07
01a02690-0cc2-7141-b12f-3149a18a4e2b;01a02690-22e8-7496-8881-bfe3d44fe14b
01a02690-0cc2-7141-b12f-3149a18a4e2b;01a02690-22e8-7496-8881-bfe48440e842
01a02690-0cc2-7141-b12f-314aa5339b96;01a02690-22e7-71eb-b833-30fd381a7027
01a02690-0cc2-7141-b12f-314bb95dcd13;01a02690-22e8-7496-8881-bfe55a25814b
01a02690-0cc2-7141-b12f-314bb95dcd13;01a02690-22e8-7496-8881-bfe6fb815b12
01a02690-0cc2-7141-b12f-314ca51f0ab6;01a02690-22e8-7496-8881-bfe7ff68bc60
01a02690-0cc2-7141-b12f-314d98782b81;01a02690-22e6-772f-ba89-eccdadd1e0f2
01a02690-0cc2-7141-b12f-314e121eb3e6;01a02690-22e8-7496-8881-bfe8b65968c3
01a02690-0cc2-7141-b12f-314f1c3a0a03;01a02690-22e8-7496-8881-bfe916a0b1e0
01a02690-0cc2-7141-b12f-3150683d9bfb;01a02690-22e8-7496-8881-bfea2d8dcbd4
01a02690-0cc2-7141-b12f-3150683d9bfb;01a02690-22e8-7496-8881-bfeb91f7f897
01a02690-0cc2-7141-b12f-31519ba1b627;01a02690-22e8-7496-8881-bfec48486d56
01a02690-0cc2-7141-b12f-31519ba1b627;01a02690-22e8-7496-8881-bfed1063b742
01a02690-0cc2-7141-b12f-315224116948;01a02690-22e8-7496-8881-bfee1cfdd485
01a02690-0cc2-7141-b12f-3153d59957be;01a02690-22e3-7064-9388-1071ba90c3a6
01a02690-0cc2-7141-b12f-3153d59957be;01a02690-22e8-7496-8881-bfef361b23c2
01a02690-0cc2-7141-b12f-3153d59957be;01a02690-22e8-7496-8881-bff02aac5245
01a02690-0cc2-7141-b12f-3153d59957be;01a02690-22e3-7064-9388-0fe433bc2b22
01a02690-0cc2-7141-b12f-3153d59957be;01a02690-22e8-7496-8881-bff1e33c8ec8
01a02690-0cc2-7141-b12f-315461673f2f;01a02690-22e3-7064-9388-0fae31a8f398
01a02690-0cc2-7141-b12f-315461673f2f;01a02690-22e3-7064-9388-0faf96ca2d6c
01a02690-0cc2-7141-b12f-315461673f2f;01a02690-22e3-7064-9388-0fb066baf4b5
01a02690-0cc2-7141-b12f-315461673f2f;01a02690-22e3-7064-9388-0fb17a8aaad3
01a02690-0cc2-7141-b12f-315520b72e14;01a02690-22e8-7496-8881-bff24637d150
01a02690-0cc2-7141-b12f-315520b72e14;01a02690-22e8-7496-8881-bff30959b14c
01a02690-0cc2-7141-b12f-31563f3a8d5c;01a02690-22e8-7496-8881-bff43972c807
01a02690-0cc2-7141-b12f-31573559a788;01a02690-22e8-7496-8881-bff596054506
01a02690-0cc2-7141-b12f-3158ca2a6b25;01a02690-22e8-7496-8881-bfe8b65968c3
01a02690-0cc2-7141-b12f-3159bcc4269d;01a02690-22e8-7496-8881-bfe8b65968c3
01a02690-0cc2-7141-b12f-315a931fd5a4;01a02690-22e9-71a4-af72-5bded4c66358
01a02690-0cc2-7141-b12f-315be05b0fe6;01a02690-22e9-71a4-af72-5bdf9ec4899a
01a02690-0cc2-7141-b12f-315c5a4fe614;01a02690-22e9-71a4-af72-5bded4c66358
01a02690-0cc2-7141-b12f-315d54504e41;01a02690-22e9-71a4-af72-5bdf9ec4899a
01a02690-0cc3-70e2-9a00-dc0fe3966d10;01a02690-22e9-71a4-af72-5be0adabcccc
01a02690-0cc3-70e2-9a00-dc0fe3966d10;01a02690-22e9-71a4-af72-5be15b7c559a
01a02690-0cc3-70e2-9a00-dc1011828e3a;01a02690-22e9-71a4-af72-5be2fe09194e
01a02690-0cc3-70e2-9a00-dc1131079646;01a02690-22e9-71a4-af72-5be3e2bd73ae
01a02690-0cc3-70e2-9a00-dc126ee4d156;01a02690-22e3-7064-9388-0feeb0b91fdf
01a02690-0cc3-70e2-9a00-dc133fd11a25;01a02690-22e9-71a4-af72-5be43c9f555c
01a02690-0cc3-70e2-9a00-dc14f02c831a;01a02690-22e8-7496-8881-bfa639f5ad95
01a02690-0cc3-70e2-9a00-dc15b1cb4a27;01a02690-22e9-71a4-af72-5be5092b35b8
01a02690-0cc3-70e2-9a00-dc1605ec718e;01a02690-22e9-71a4-af72-5be6379ea705
01a02690-0cc3-70e2-9a00-dc17f5d21827;01a02690-22e9-71a4-af72-5be7ad4d0e62
01a02690-0cc3-70e2-9a00-dc17f5d21827;01a02690-22e9-71a4-af72-5be819b79890
01a02690-0cc3-70e2-9a00-dc17f5d21827;01a02690-22e5-74eb-8ac8-9efe311fd00d
01a02690-0cc3-70e2-9a00-dc17f5d21827;01a02690-22e9-71a4-af72-5be983dbbcf0
01a02690-0cc3-70e2-9a00-dc189dae4f1f;01a02690-22e4-7376-a60c-b9a1c625b954
01a02690-0cc3-70e2-9a00-dc19f340d48a;01a02690-22e7-71eb-b833-311a200849f9
01a02690-0cc3-70e2-9a00-dc1ace3b257b;01a02690-22e7-71eb-b833-307b99a49830
01a02690-0cc3-70e2-9a00-dc1b8911ffa5;01a02690-22e3-7064-9388-1010b6cc6f70
01a02690-0cc3-70e2-9a00-dc1ca2c3b5c1;01a02690-22e9-71a4-af72-5beadaf7b1c0
01a02690-0cc3-70e2-9a00-dc1d02d52634;01a02690-22e9-71a4-af72-5beb652f11ed
01a02690-0cc3-70e2-9a00-dc1e03a6d33a;01a02690-22e9-71a4-af72-5becc89e54fa
01a02690-0cc3-70e2-9a00-dc1f41958e37;01a02690-22e9-71a4-af72-5bed931f8293
01a02690-0cc3-70e2-9a00-dc1f41958e37;01a02690-22e9-71a4-af72-5beed1d39e7b
01a02690-0cc3-70e2-9a00-dc1f41958e37;01a02690-22e9-71a4-af72-5befc32e435d
01a02690-0cc3-70e2-9a00-dc1f41958e37;01a02690-22e9-71a4-af72-5bf0195ce73d
01a02690-0cc3-70e2-9a00-dc1f41958e37;01a02690-22e9-71a4-af72-5bf1b87a3430
01a02690-0cc3-70e2-9a00-dc1f41958e37;01a02690-22e9-71a4-af72-5bf26f8fde43
01a02690-0cc3-70e2-9a00-dc1f41958e37;01a02690-22e9-71a4-af72-5bf32e7f2ed3
01a02690-0cc3-70e2-9a00-dc1f41958e37;01a02690-22e9-71a4-af72-5bf4dc7bf070
01a02690-0cc3-70e2-9a00-dc1f41958e37;01a02690-22e9-71a4-af72-5bf552c4a89a
01a02690-0cc3-70e2-9a00-dc1f41958e37;01a02690-22e9-71a4-af72-5bf650eef5db
01a02690-0cc3-70e2-9a00-dc2001f9658a;01a02690-22e9-71a4-af72-5bf70579584f
01a02690-0cc3-70e2-9a00-dc21ae750da5;01a02690-22e9-71a4-af72-5bf8539b21f3
01a02690-0cc3-70e2-9a00-dc21ae750da5;01a02690-22e9-71a4-af72-5bf9f372d929
01a02690-0cc3-70e2-9a00-dc22a20a964b;01a02690-22e9-71a4-af72-5bfa89078825
01a02690-0cc3-70e2-9a00-dc22a20a964b;01a02690-22e9-71a4-af72-5bfb2f3a4d50
01a02690-0cc3-70e2-9a00-dc22a20a964b;01a02690-22e9-71a4-af72-5bfc54edd906
01a02690-0cc3-70e2-9a00-dc22a20a964b;01a02690-22e9-71a4-af72-5bfd369573f9
01a02690-0cc3-70e2-9a00-dc22a20a964b;01a02690-22e9-71a4-af72-5bfe47b6c8d1
01a02690-0cc3-70e2-9a00-dc22a20a964b;01a02690-22e9-71a4-af72-5bffb10b4e58
01a02690-0cc3-70e2-9a00-dc22a20a964b;01a02690-22e9-71a4-af72-5c00cedec017
01a02690-0cc3-70e2-9a00-dc22a20a964b;01a02690-22e9-71a4-af72-5c01942f51e3
01a02690-0cc3-70e2-9a00-dc22a20a964b;01a02690-22e9-71a4-af72-5c0267351e28
01a02690-0cc3-70e2-9a00-dc22a20a964b;01a02690-22e9-71a4-af72-5c035d72869c
01a02690-0cc3-70e2-9a00-dc22a20a964b;01a02690-22e6-772f-ba89-ec56753efc89
01a02690-0cc3-70e2-9a00-dc22a20a964b;01a02690-22e9-71a4-af72-5c04b2ba46fb
01a02690-0cc3-70e2-9a00-dc22a20a964b;01a02690-22e9-71a4-af72-5c054d98d3dc
01a02690-0cc3-70e2-9a00-dc22a20a964b;01a02690-22e9-71a4-af72-5c06149385cd
01a02690-0cc3-70e2-9a00-dc22a20a964b;01a02690-22e9-71a4-af72-5c0719c0464a
01a02690-0cc3-70e2-9a00-dc23b18cd385;01a02690-22e9-71a4-af72-5c0835c8a4e8
01a02690-0cc3-70e2-9a00-dc24b48baa68;01a02690-22e8-7496-8881-bf11ca65e0c4
01a02690-0cc3-70e2-9a00-dc257cefdc78;01a02690-22e7-71eb-b833-3075ab58a479
01a02690-0cc3-70e2-9a00-dc2648dbda40;01a02690-22e9-71a4-af72-5c092f93e508
01a02690-0cc3-70e2-9a00-dc2648dbda40;01a02690-22e9-71a4-af72-5c0a610531d0
01a02690-0cc3-70e2-9a00-dc2648dbda40;01a02690-22e9-71a4-af72-5c0b43cb59ee
01a02690-0cc3-70e2-9a00-dc27cec1ee9c;01a02690-22e3-7064-9388-104b79d82fef
01a02690-0cc3-70e2-9a00-dc28dcb2d258;01a02690-22e9-71a4-af72-5c0ccffcd5f2
01a02690-0cc3-70e2-9a00-dc29a5a4bd73;01a02690-22e4-7376-a60c-b9d5fcd9f7ba
01a02690-0cc3-70e2-9a00-dc2a76414074;01a02690-22e9-71a4-af72-5c0d6d36c892
01a02690-0cc3-70e2-9a00-dc2bff326913;01a02690-22e3-7064-9388-104b79d82fef
01a02690-0cc3-70e2-9a00-dc2bff326913;01a02690-22e3-7064-9388-104da8a9f11d
01a02690-0cc3-70e2-9a00-dc2bff326913;01a02690-22e3-7064-9388-104ef269fb4c
01a02690-0cc3-70e2-9a00-dc2cf7a54f22;01a02690-22e6-772f-ba89-ecc59d52e948
01a02690-0cc3-70e2-9a00-dc2d827c75dc;01a02690-22e9-71a4-af72-5c0e48af67f4
01a02690-0cc3-70e2-9a00-dc2d827c75dc;01a02690-22e9-71a4-af72-5c0f5059abae
01a02690-0cc3-70e2-9a00-dc2d827c75dc;01a02690-22e9-71a4-af72-5c103f685e29
01a02690-0cc3-70e2-9a00-dc2e3e826e26;01a02690-22e9-71a4-af72-5c1180dd4419
01a02690-0cc3-70e2-9a00-dc2e3e826e26;01a02690-22e8-7496-8881-bf43b6304ab3
01a02690-0cc3-70e2-9a00-dc2f136f04cd;01a02690-22e9-71a4-af72-5c129f16d42c
01a02690-0cc3-70e2-9a00-dc30d7dd9007;01a02690-22e9-71a4-af72-5c13bfa80dcf
01a02690-0cc3-70e2-9a00-dc30d7dd9007;01a02690-22e9-71a4-af72-5c146a8a5860
01a02690-0cc3-70e2-9a00-dc30d7dd9007;01a02690-22e9-71a4-af72-5c15a8d15c1a
01a02690-0cc3-70e2-9a00-dc30d7dd9007;01a02690-22e9-71a4-af72-5c167e731a4f
01a02690-0cc3-70e2-9a00-dc30d7dd9007;01a02690-22e9-71a4-af72-5c17a5bb4cbd
01a02690-0cc3-70e2-9a00-dc30d7dd9007;01a02690-22e9-71a4-af72-5c18d722dd43
01a02690-0cc3-70e2-9a00-dc30d7dd9007;01a02690-22e9-71a4-af72-5c1982ef16d4
01a02690-0cc3-70e2-9a00-dc30d7dd9007;01a02690-22e9-71a4-af72-5c1a1996345b
01a02690-0cc3-70e2-9a00-dc30d7dd9007;01a02690-22e9-71a4-af72-5c1b79302b84
01a02690-0cc3-70e2-9a00-dc30d7dd9007;01a02690-22e9-71a4-af72-5c1c41b8ab08
01a02690-0cc3-70e2-9a00-dc31105a43c8;01a02690-22e9-71a4-af72-5c1d13279405
01a02690-0cc3-70e2-9a00-dc3214ca7fc2;01a02690-22e3-7064-9388-0feeb0b91fdf
01a02690-0cc3-70e2-9a00-dc331200776f;01a02690-22e9-71a4-af72-5c1ecc4994a4
01a02690-0cc3-70e2-9a00-dc331200776f;01a02690-22e9-71a4-af72-5c1f0212b3e7
01a02690-0cc3-70e2-9a00-dc342f7e2bec;01a02690-22e9-71a4-af72-5c203bfae11b
01a02690-0cc3-70e2-9a00-dc342f7e2bec;01a02690-22e9-71a4-af72-5c21318be1f8
01a02690-0cc3-70e2-9a00-dc354889171a;01a02690-22e9-71a4-af72-5c22cfb5515a
01a02690-0cc3-70e2-9a00-dc366949f40a;01a02690-22e9-71a4-af72-5c2357250519
01a02690-0cc3-70e2-9a00-dc366949f40a;01a02690-22e9-71a4-af72-5c247098a06b
01a02690-0cc3-70e2-9a00-dc366949f40a;01a02690-22e9-71a4-af72-5c255fbf8ecd
01a02690-0cc3-70e2-9a00-dc37f3fe88f8;01a02690-22e9-71a4-af72-5c26200d8e56
01a02690-0cc3-70e2-9a00-dc38e989ba82;01a02690-22e6-772f-ba89-ec4344e1d294
01a02690-0cc3-70e2-9a00-dc38e989ba82;01a02690-22e9-71a4-af72-5c27fdd08a29
01a02690-0cc3-70e2-9a00-dc38e989ba82;01a02690-22e9-71a4-af72-5c28ff3e25bd
01a02690-0cc3-70e2-9a00-dc3945d970fb;01a02690-22e9-71a4-af72-5c29ba845e36
01a02690-0cc3-70e2-9a00-dc3945d970fb;01a02690-22e9-71a4-af72-5c2ad3c1cc1b
01a02690-0cc3-70e2-9a00-dc3945d970fb;01a02690-22e9-71a4-af72-5c2b052ce581
01a02690-0cc3-70e2-9a00-dc3945d970fb;01a02690-22e9-71a4-af72-5c2c6687de39
01a02690-0cc3-70e2-9a00-dc3a4bccaab1;01a02690-22e9-71a4-af72-5c2dc1350d37
01a02690-0cc3-70e2-9a00-dc3a4bccaab1;01a02690-22e9-71a4-af72-5c2edbffdaa7
01a02690-0cc3-70e2-9a00-dc3bb4173c57;01a02690-22e9-71a4-af72-5c2f369a9c6d
01a02690-0cc3-70e2-9a00-dc3c62340e27;01a02690-22e6-772f-ba89-ec56753efc89
01a02690-0cc3-70e2-9a00-dc3ddca203f0;01a02690-22e9-71a4-af72-5c30f3546d4b
01a02690-0cc3-70e2-9a00-dc3e80da3200;01a02690-22e9-71a4-af72-5c3121d0db41
01a02690-0cc3-70e2-9a00-dc3f54b229c7;01a02690-22e9-71a4-af72-5c322ea7e0ab
01a02690-0cc3-70e2-9a00-dc3f54b229c7;01a02690-22e9-71a4-af72-5c33307a7121
01a02690-0cc3-70e2-9a00-dc40de4b9cd7;01a02690-22e9-71a4-af72-5c3432827fe5
01a02690-0cc3-70e2-9a00-dc4188fce080;01a02690-22e7-71eb-b833-3098fbb4852f
01a02690-0cc3-70e2-9a00-dc42dbe8aaa3;01a02690-22e9-71a4-af72-5c356cf3392c
01a02690-0cc3-70e2-9a00-dc4396fd1817;01a02690-22e9-71a4-af72-5c36b7704546
01a02690-0cc3-70e2-9a00-dc4396fd1817;01a02690-22e9-71a4-af72-5c37b36ca524
01a02690-0cc3-70e2-9a00-dc4470c18dbf;01a02690-22e9-71a4-af72-5c38571f617b
01a02690-0cc3-70e2-9a00-dc45288a73c1;01a02690-22e9-71a4-af72-5c390154a809
01a02690-0cc3-70e2-9a00-dc4602c7a8a3;01a02690-22e9-71a4-af72-5c3a55cfd84b
01a02690-0cc3-70e2-9a00-dc4707a38f7d;01a02690-22e9-71a4-af72-5c3bbba2662e
01a02690-0cc3-70e2-9a00-dc48873fc719;01a02690-22e9-71a4-af72-5c3c75ba592e
01a02690-0cc3-70e2-9a00-dc48873fc719;01a02690-22e9-71a4-af72-5c3d639ed6ec
01a02690-0cc3-70e2-9a00-dc48873fc719;01a02690-22e9-71a4-af72-5c3ef463a73c
01a02690-0cc3-70e2-9a00-dc48873fc719;01a02690-22e9-71a4-af72-5c3f54bacd4e
01a02690-0cc3-70e2-9a00-dc498412c315;01a02690-22e9-71a4-af72-5c408dc23850
01a02690-0cc3-70e2-9a00-dc4a59262ab7;01a02690-22e9-71a4-af72-5c41841b91db
01a02690-0cc3-70e2-9a00-dc4b65967466;01a02690-22e9-71a4-af72-5c42a9a1abaa
01a02690-0cc3-70e2-9a00-dc4cb7f7443f;01a02690-22e9-71a4-af72-5c43951df2f6
01a02690-0cc3-70e2-9a00-dc4d8d1d4faf;01a02690-22e9-71a4-af72-5c3c75ba592e
01a02690-0cc3-70e2-9a00-dc4e72d7be13;01a02690-22e9-71a4-af72-5c44ef5128d6
01a02690-0cc3-70e2-9a00-dc4e72d7be13;01a02690-22e9-71a4-af72-5c458bd6ced0
01a02690-0cc3-70e2-9a00-dc4fdf5566f7;01a02690-22e9-71a4-af72-5c4659d32f05
01a02690-0cc3-70e2-9a00-dc4fdf5566f7;01a02690-22e9-71a4-af72-5c47abaed3c8
01a02690-0cc3-70e2-9a00-dc4fdf5566f7;01a02690-22e9-71a4-af72-5c48a7b890bd
01a02690-0cc3-70e2-9a00-dc503642edb3;01a02690-22e9-71a4-af72-5c49d9fdba9c
01a02690-0cc3-70e2-9a00-dc51789bf1c7;01a02690-22e9-71a4-af72-5c4ab1d6dd08
01a02690-0cc3-70e2-9a00-dc5281e6705c;01a02690-22e9-71a4-af72-5c4b991c2be3
01a02690-0cc3-70e2-9a00-dc5307cfb0c1;01a02690-22e9-71a4-af72-5c4c91c6f09b
01a02690-0cc3-70e2-9a00-dc542e5c075b;01a02690-22e5-74eb-8ac8-9ecd10f3a4ef
01a02690-0cc3-70e2-9a00-dc542e5c075b;01a02690-22e6-772f-ba89-ed1a1528cf89
01a02690-0cc3-70e2-9a00-dc55af50cfc5;01a02690-22e9-71a4-af72-5c4d7e5e74e4
01a02690-0cc3-70e2-9a00-dc568999bc56;01a02690-22e9-71a4-af72-5c4ef5b0cea4
01a02690-0cc3-70e2-9a00-dc568999bc56;01a02690-22e9-71a4-af72-5c4f4badbee1
01a02690-0cc3-70e2-9a00-dc574e258d03;01a02690-22e6-772f-ba89-ecf7aaa795d3
01a02690-0cc3-70e2-9a00-dc5897e3d7f1;01a02690-22e9-71a4-af72-5c503023df70
01a02690-0cc3-70e2-9a00-dc59834483f5;01a02690-22e9-71a4-af72-5c5128ff7a5d
01a02690-0cc3-70e2-9a00-dc5a232c3eec;01a02690-22e9-71a4-af72-5c52ed1bcf0d
01a02690-0cc3-70e2-9a00-dc5b091f2096;01a02690-22e9-71a4-af72-5c53be7d5d0e
01a02690-0cc3-70e2-9a00-dc5b091f2096;01a02690-22e9-71a4-af72-5c54827edb29
01a02690-0cc3-70e2-9a00-dc5cb8403224;01a02690-22e9-71a4-af72-5c552fdd3879
01a02690-0cc3-70e2-9a00-dc5d4cdeaaca;01a02690-22e3-7064-9388-0feeb0b91fdf
01a02690-0cc3-70e2-9a00-dc5e66a1013c;01a02690-22e4-7376-a60c-b9c43432de93
01a02690-0cc3-70e2-9a00-dc5f81b4b823;01a02690-22e9-71a4-af72-5c563ac22aa0
01a02690-0cc3-70e2-9a00-dc5f81b4b823;01a02690-22e8-7496-8881-bfe153408dd1
01a02690-0cc3-70e2-9a00-dc5f81b4b823;01a02690-22e9-71a4-af72-5c571ac22d3a
01a02690-0cc3-70e2-9a00-dc5f81b4b823;01a02690-22e9-71a4-af72-5c588b79db33
01a02690-0cc3-70e2-9a00-dc5f81b4b823;01a02690-22e9-71a4-af72-5c59cf1c7fd6
01a02690-0cc3-70e2-9a00-dc5f81b4b823;01a02690-22e9-71a4-af72-5c5a9dc70e8a
01a02690-0cc3-70e2-9a00-dc60fe3827d0;01a02690-22e9-71a4-af72-5c5bbff8bbf9
01a02690-0cc3-70e2-9a00-dc61a74650be;01a02690-22e9-71a4-af72-5c5c6a52f15b
01a02690-0cc3-70e2-9a00-dc61a74650be;01a02690-22e9-71a4-af72-5c5de9e96204
01a02690-0cc3-70e2-9a00-dc622c29401d;01a02690-22e9-71a4-af72-5c5ef824cbca
01a02690-0cc3-70e2-9a00-dc622c29401d;01a02690-22e9-71a4-af72-5c5f69b67729
01a02690-0cc3-70e2-9a00-dc622c29401d;01a02690-22e9-71a4-af72-5c602453cfcf
01a02690-0cc3-70e2-9a00-dc622c29401d;01a02690-22e9-71a4-af72-5c6162eb4797
01a02690-0cc3-70e2-9a00-dc63d1e144fe;01a02690-22e9-71a4-af72-5c62739deebe
01a02690-0cc3-70e2-9a00-dc64485a4621;01a02690-22e5-74eb-8ac8-9ebc8b76e822
01a02690-0cc3-70e2-9a00-dc64485a4621;01a02690-22e9-71a4-af72-5c63b6e7913b
01a02690-0cc3-70e2-9a00-dc64485a4621;01a02690-22e9-71a4-af72-5c649948276b
01a02690-0cc3-70e2-9a00-dc64485a4621;01a02690-22e9-71a4-af72-5c65ee6059fb
01a02690-0cc3-70e2-9a00-dc655250ebc9;01a02690-22e9-71a4-af72-5c66841c2311
01a02690-0cc3-70e2-9a00-dc660c06cdb5;01a02690-22e6-772f-ba89-ec499f3fc58e
01a02690-0cc3-70e2-9a00-dc673bac07c0;01a02690-22e9-71a4-af72-5c6707cc67da
01a02690-0cc3-70e2-9a00-dc673bac07c0;01a02690-22e9-71a4-af72-5c68886c76eb
01a02690-0cc3-70e2-9a00-dc683f7e656d;01a02690-22e9-71a4-af72-5c6974daad2a
01a02690-0cc3-70e2-9a00-dc69638c40f9;01a02690-22e2-7774-a1a3-e4d2e7cdd23d
01a02690-0cc3-70e2-9a00-dc6adc3a2c31;01a02690-22e9-71a4-af72-5c6a9c7c38d2
01a02690-0cc3-70e2-9a00-dc6b487c8fd0;01a02690-22e9-71a4-af72-5c6ba45f50b2
01a02690-0cc3-70e2-9a00-dc6c1566973d;01a02690-22e9-71a4-af72-5c6c78dd6df7
01a02690-0cc3-70e2-9a00-dc6d2974348e;01a02690-22e9-71a4-af72-5c6d16ffff3f
01a02690-0cc3-70e2-9a00-dc6e2d8ebfa7;01a02690-22e9-71a4-af72-5c6e80fbe8ba
01a02690-0cc3-70e2-9a00-dc6f4a6a80cb;01a02690-22e9-71a4-af72-5c6f021865fd
01a02690-0cc3-70e2-9a00-dc6f4a6a80cb;01a02690-22e6-772f-ba89-ecb5cb73c3dc
01a02690-0cc3-70e2-9a00-dc6f4a6a80cb;01a02690-22e8-7496-8881-bff02aac5245
01a02690-0cc3-70e2-9a00-dc7087b09d70;01a02690-22e9-71a4-af72-5c70d055a651
01a02690-0cc3-70e2-9a00-dc7087b09d70;01a02690-22e9-71a4-af72-5c715b5d4bb5
01a02690-0cc3-70e2-9a00-dc7087b09d70;01a02690-22e9-71a4-af72-5c721d0fc72f
01a02690-0cc3-70e2-9a00-dc71f2fba558;01a02690-22e9-71a4-af72-5c7368b2129f
01a02690-0cc3-70e2-9a00-dc72c7226a72;01a02690-22e9-71a4-af72-5c741c674a9b
01a02690-0cc3-70e2-9a00-dc732dbfed4d;01a02690-22e9-71a4-af72-5c75746c2a9b
01a02690-0cc3-70e2-9a00-dc748df16672;01a02690-22e9-71a4-af72-5c76c35d8760
01a02690-0cc3-70e2-9a00-dc748df16672;01a02690-22e9-71a4-af72-5c77ed99092c
01a02690-0cc3-70e2-9a00-dc7551d3b5b7;01a02690-22e3-7064-9388-1065df51a3a6
01a02690-0cc3-70e2-9a00-dc763fd14b91;01a02690-22e9-71a4-af72-5c7821e082a1
01a02690-0cc3-70e2-9a00-dc77cac2a39d;01a02690-22e9-71a4-af72-5c79c67d1c17
01a02690-0cc3-70e2-9a00-dc784e6eba02;01a02690-22e9-71a4-af72-5c7aeb19c25d
01a02690-0cc3-70e2-9a00-dc784e6eba02;01a02690-22e9-71a4-af72-5c7bb460dad5
01a02690-0cc3-70e2-9a00-dc784e6eba02;01a02690-22e9-71a4-af72-5c7c2a2d5346
01a02690-0cc3-70e2-9a00-dc784e6eba02;01a02690-22e9-71a4-af72-5c7d1a5a5e1b
01a02690-0cc3-70e2-9a00-dc784e6eba02;01a02690-22e9-71a4-af72-5c7e85e0ad06
01a02690-0cc3-70e2-9a00-dc784e6eba02;01a02690-22e9-71a4-af72-5c7fdf85ab93
01a02690-0cc3-70e2-9a00-dc797fdfb5de;01a02690-22e9-71a4-af72-5c80089a016b
01a02690-0cc3-70e2-9a00-dc7a71851d28;01a02690-22e6-772f-ba89-ec669b9ee7ba
01a02690-0cc3-70e2-9a00-dc7a71851d28;01a02690-22e6-772f-ba89-ec671e55eb2f
01a02690-0cc3-70e2-9a00-dc7a71851d28;01a02690-22e6-772f-ba89-ec6810a841f6
01a02690-0cc3-70e2-9a00-dc7babe53908;01a02690-22e9-71a4-af72-5c81f29bef97
01a02690-0cc3-70e2-9a00-dc7babe53908;01a02690-22e9-71a4-af72-5c82d1bbef86
01a02690-0cc3-70e2-9a00-dc7babe53908;01a02690-22e9-71a4-af72-5c83efd8001a
01a02690-0cc3-70e2-9a00-dc7c02e381de;01a02690-22e5-74eb-8ac8-9eba69d98c67
01a02690-0cc3-70e2-9a00-dc7c02e381de;01a02690-22e4-7376-a60c-b929ebd0aef5
01a02690-0cc3-70e2-9a00-dc7c02e381de;01a02690-22e4-7376-a60c-b92be389c4d2
01a02690-0cc3-70e2-9a00-dc7d1652dfdd;01a02690-22e8-7496-8881-bf629d62b336
01a02690-0cc3-70e2-9a00-dc7ec533ae50;01a02690-22e9-71a4-af72-5be15b7c559a
01a02690-0cc3-70e2-9a00-dc7ec533ae50;01a02690-22e9-71a4-af72-5c84aa3f4c2d
01a02690-0cc3-70e2-9a00-dc7f6c274143;01a02690-22e9-71a4-af72-5c8568cef41b
01a02690-0cc3-70e2-9a00-dc80a8112a9e;01a02690-22e9-71a4-af72-5c866f717898
01a02690-0cc3-70e2-9a00-dc814b854530;01a02690-22e9-71a4-af72-5c87ab0e10ce
01a02690-0cc3-70e2-9a00-dc82af9cd0c5;01a02690-22e9-71a4-af72-5c886dfedfb1
01a02690-0cc3-70e2-9a00-dc83dd32d0fb;01a02690-22e9-71a4-af72-5c897b0f83a3
01a02690-0cc3-70e2-9a00-dc84891b183a;01a02690-22e9-71a4-af72-5c8a4b3d03e7
01a02690-0cc3-70e2-9a00-dc84891b183a;01a02690-22e4-7376-a60c-b9aed199bc22
01a02690-0cc3-70e2-9a00-dc84891b183a;01a02690-22e4-7376-a60c-ba064d0d8fd0
01a02690-0cc3-70e2-9a00-dc84891b183a;01a02690-22e4-7376-a60c-b9af26888e71
01a02690-0cc3-70e2-9a00-dc84891b183a;01a02690-22e6-772f-ba89-eccb040a13a9
01a02690-0cc3-70e2-9a00-dc8535af0af1;01a02690-22e9-71a4-af72-5c8b0f1cedf4
01a02690-0cc3-70e2-9a00-dc8535af0af1;01a02690-22e9-71a4-af72-5c8c9cd548f2
01a02690-0cc3-70e2-9a00-dc868580d8db;01a02690-22e9-71a4-af72-5c8d62ac6850
01a02690-0cc3-70e2-9a00-dc8784cb8040;01a02690-22e9-71a4-af72-5c8e1e30a844
01a02690-0cc3-70e2-9a00-dc88100b6971;01a02690-22e9-71a4-af72-5c8ff06dfa67
01a02690-0cc3-70e2-9a00-dc8918f00746;01a02690-22e9-71a4-af72-5c908cc84fba
01a02690-0cc3-70e2-9a00-dc8aae497ad4;01a02690-22e9-71a4-af72-5c918476341d
01a02690-0cc3-70e2-9a00-dc8b17f90595;01a02690-22e9-71a4-af72-5c927656b14e
01a02690-0cc3-70e2-9a00-dc8ca04621bc;01a02690-22e9-71a4-af72-5c9315a2a9da
01a02690-0cc3-70e2-9a00-dc8d64da4632;01a02690-22e9-71a4-af72-5c944baea620
01a02690-0cc3-70e2-9a00-dc8e015cebd7;01a02690-22e9-71a4-af72-5c9508c368b3
01a02690-0cc3-70e2-9a00-dc8e015cebd7;01a02690-22e9-71a4-af72-5c9637791502
01a02690-0cc3-70e2-9a00-dc8f68951bcc;01a02690-22e9-71a4-af72-5c97895f2116
01a02690-0cc3-70e2-9a00-dc90dfae18c7;01a02690-22e9-71a4-af72-5c98801727d6
01a02690-0cc3-70e2-9a00-dc90dfae18c7;01a02690-22e9-71a4-af72-5c99263e8885
01a02690-0cc3-70e2-9a00-dc90dfae18c7;01a02690-22e9-71a4-af72-5c9aa96ab65f
01a02690-0cc3-70e2-9a00-dc90dfae18c7;01a02690-22e9-71a4-af72-5c9b4351f353
01a02690-0cc3-70e2-9a00-dc90dfae18c7;01a02690-22e9-71a4-af72-5c9c32015575
01a02690-0cc3-70e2-9a00-dc90dfae18c7;01a02690-22e9-71a4-af72-5c9d25487657
01a02690-0cc3-70e2-9a00-dc90dfae18c7;01a02690-22e9-71a4-af72-5c9ebfd6c6a2
01a02690-0cc3-70e2-9a00-dc90dfae18c7;01a02690-22e9-71a4-af72-5c9fa6291226
01a02690-0cc3-70e2-9a00-dc916175b0ba;01a02690-22e9-71a4-af72-5ca06771c742
01a02690-0cc3-70e2-9a00-dc916175b0ba;01a02690-22e9-71a4-af72-5ca1eb627535
01a02690-0cc3-70e2-9a00-dc916175b0ba;01a02690-22e9-71a4-af72-5ca28d3a0146
01a02690-0cc3-70e2-9a00-dc916175b0ba;01a02690-22e9-71a4-af72-5ca3da40c4dd
01a02690-0cc3-70e2-9a00-dc916175b0ba;01a02690-22e9-71a4-af72-5ca4cd16b1a0
01a02690-0cc3-70e2-9a00-dc92db8acdcd;01a02690-22e9-71a4-af72-5ca5f55eb5f6
01a02690-0cc3-70e2-9a00-dc92db8acdcd;01a02690-22e5-74eb-8ac8-9f439f1468b1
01a02690-0cc3-70e2-9a00-dc93bb165fbe;01a02690-22e4-7376-a60c-b9ab99590d69
01a02690-0cc3-70e2-9a00-dc93bb165fbe;01a02690-22e9-71a4-af72-5ca68bbabee2
01a02690-0cc3-70e2-9a00-dc946127dd71;01a02690-22e7-71eb-b833-30edce5cb040
01a02690-0cc3-70e2-9a00-dc95ed1e06c9;01a02690-22e9-71a4-af72-5c5f69b67729
01a02690-0cc3-70e2-9a00-dc962b4a267a;01a02690-22e9-71a4-af72-5ca779629ab6
01a02690-0cc3-70e2-9a00-dc9732f8705c;01a02690-22e3-7064-9388-103f098d9f2c
01a02690-0cc3-70e2-9a00-dc98a33a505f;01a02690-22e9-71a4-af72-5ca8dc44918a
01a02690-0cc3-70e2-9a00-dc994a44c01d;01a02690-22e9-71a4-af72-5ca9284d45aa
01a02690-0cc3-70e2-9a00-dc9a5b3dfd7c;01a02690-22e8-7496-8881-bf44c6783dfd
01a02690-0cc3-70e2-9a00-dc9b63c33e96;01a02690-22e9-71a4-af72-5caad76b6631
01a02690-0cc3-70e2-9a00-dc9b63c33e96;01a02690-22e9-71a4-af72-5cab057da9e9
01a02690-0cc3-70e2-9a00-dc9b63c33e96;01a02690-22e9-71a4-af72-5c5f69b67729
01a02690-0cc3-70e2-9a00-dc9b63c33e96;01a02690-22e9-71a4-af72-5cacaf82a032
01a02690-0cc3-70e2-9a00-dc9b63c33e96;01a02690-22e9-71a4-af72-5cad5f290ded
01a02690-0cc3-70e2-9a00-dc9ca3016a99;01a02690-22e9-71a4-af72-5caeed23bb40
01a02690-0cc3-70e2-9a00-dc9ca3016a99;01a02690-22e9-71a4-af72-5caf0f9d3453
01a02690-0cc3-70e2-9a00-dc9dbcc5c6c3;01a02690-22e9-71a4-af72-5caeed23bb40
01a02690-0cc3-70e2-9a00-dc9e9209a14d;01a02690-22e9-71a4-af72-5cb017f9b868
01a02690-0cc3-70e2-9a00-dc9fc66124e7;01a02690-22e6-772f-ba89-ec320fc5dd55
01a02690-0cc3-70e2-9a00-dca0d7de9828;01a02690-22e5-74eb-8ac8-9ec18842e755
01a02690-0cc3-70e2-9a00-dca197db1620;01a02690-22e9-71a4-af72-5cb11ba6522d
01a02690-0cc3-70e2-9a00-dca197db1620;01a02690-22e9-71a4-af72-5cb239692329
01a02690-0cc3-70e2-9a00-dca249dc739a;01a02690-22e9-71a4-af72-5cb3ac492ea4
01a02690-0cc3-70e2-9a00-dca38c5c89e6;01a02690-22e9-71a4-af72-5cb4ebe4ac1e
01a02690-0cc3-70e2-9a00-dca4f8ec8026;01a02690-22e5-74eb-8ac8-9ead0c3b3439
01a02690-0cc3-70e2-9a00-dca5654f6109;01a02690-22e6-772f-ba89-ed19e27429be
01a02690-0cc3-70e2-9a00-dca6b21ea228;01a02690-22e5-74eb-8ac8-9eeb207647cd
01a02690-0cc3-70e2-9a00-dca7b1d9b01b;01a02690-22e9-71a4-af72-5cb54cccc6f3
01a02690-0cc3-70e2-9a00-dca7b1d9b01b;01a02690-22e9-71a4-af72-5cb698f59b7a
01a02690-0cc3-70e2-9a00-dca7b1d9b01b;01a02690-22e9-71a4-af72-5cb76e629321
01a02690-0cc3-70e2-9a00-dca7b1d9b01b;01a02690-22e9-71a4-af72-5cb8dd88dc02
01a02690-0cc3-70e2-9a00-dca8f1fb64f3;01a02690-22e5-74eb-8ac8-9efe311fd00d
01a02690-0cc3-70e2-9a00-dca974426737;01a02690-22e9-71a4-af72-5cb978234908
01a02690-0cc3-70e2-9a00-dcaa634f34f9;01a02690-22e9-71a4-af72-5cba8ae7173a
01a02690-0cc3-70e2-9a00-dcabe503e5bd;01a02690-22e9-71a4-af72-5cbbc96fba96
01a02690-0cc3-70e2-9a00-dcac44933f6e;01a02690-22e9-71a4-af72-5cbc8b0d4aba
01a02690-0cc3-70e2-9a00-dcade71b6f9e;01a02690-22e9-71a4-af72-5cbdec661c52
01a02690-0cc3-70e2-9a00-dcaef54657a8;01a02690-22e9-71a4-af72-5cbe56707c98
01a02690-0cc3-70e2-9a00-dcaef54657a8;01a02690-22e9-71a4-af72-5cbf51dfa550
01a02690-0cc3-70e2-9a00-dcaef54657a8;01a02690-22e9-71a4-af72-5cc09ee0ffa8
01a02690-0cc3-70e2-9a00-dcaef54657a8;01a02690-22e9-71a4-af72-5cc1667fb68b
01a02690-0cc3-70e2-9a00-dcaef54657a8;01a02690-22e9-71a4-af72-5cc2e77f5707
01a02690-0cc3-70e2-9a00-dcaef54657a8;01a02690-22e9-71a4-af72-5cc38e6ce5c9
01a02690-0cc3-70e2-9a00-dcaf62d4a9ae;01a02690-22e6-772f-ba89-ed19e27429be
01a02690-0cc3-70e2-9a00-dcb01d268403;01a02690-22e9-71a4-af72-5cc4089cd57e
01a02690-0cc3-70e2-9a00-dcb17aad1867;01a02690-22e9-71a4-af72-5cc5ae733dd9
01a02690-0cc3-70e2-9a00-dcb232309a52;01a02690-22e9-71a4-af72-5cc6862367cd
01a02690-0cc3-70e2-9a00-dcb33a81ec77;01a02690-22e9-71a4-af72-5cc76120a8d8
01a02690-0cc3-70e2-9a00-dcb4b7f32d43;01a02690-22e9-71a4-af72-5cc8615c5704
01a02690-0cc3-70e2-9a00-dcb5954c4d25;01a02690-22e9-71a4-af72-5cc9d4ee67e0
01a02690-0cc3-70e2-9a00-dcb5954c4d25;01a02690-22e9-71a4-af72-5ccae1709a98
01a02690-0cc3-70e2-9a00-dcb6cb89169a;01a02690-22e9-71a4-af72-5ccb6cb316df
01a02690-0cc3-70e2-9a00-dcb71287f2a9;01a02690-22e9-71a4-af72-5cccc5518dda
01a02690-0cc3-70e2-9a00-dcb71287f2a9;01a02690-22e9-71a4-af72-5ccd053373cf
01a02690-0cc3-70e2-9a00-dcb8e649591d;01a02690-22e9-71a4-af72-5cced6cba77e
01a02690-0cc3-70e2-9a00-dcb8e649591d;01a02690-22e9-71a4-af72-5ccfa5fca9dc
01a02690-0cc3-70e2-9a00-dcb8e649591d;01a02690-22e9-71a4-af72-5cd0e5e2c08c
01a02690-0cc3-70e2-9a00-dcb9d52f7ac5;01a02690-22e9-71a4-af72-5cd1f79952ce
01a02690-0cc3-70e2-9a00-dcbac59cf167;01a02690-22e9-71a4-af72-5cd267f57625
01a02690-0cc3-70e2-9a00-dcbb6dbbfef4;01a02690-22e9-71a4-af72-5cd31453b778
01a02690-0cc3-70e2-9a00-dcbc11a354ce;01a02690-22e8-7496-8881-bf5dbd937d22
01a02690-0cc3-70e2-9a00-dcbdadc580f3;01a02690-22e7-71eb-b833-30e96b72ee5b
01a02690-0cc3-70e2-9a00-dcbdadc580f3;01a02690-22e7-71eb-b833-30eaeec496e5
01a02690-0cc3-70e2-9a00-dcbe1dba14f7;01a02690-22e9-71a4-af72-5cd4b32ff868
01a02690-0cc3-70e2-9a00-dcbfa53c728c;01a02690-22e8-7496-8881-bf5a711b8156
01a02690-0cc3-70e2-9a00-dcc0ee2028b9;01a02690-22e4-7376-a60c-b955a5c3e1c9
01a02690-0cc3-70e2-9a00-dcc18df399c3;01a02690-22e9-71a4-af72-5cd53520e9b7
01a02690-0cc3-70e2-9a00-dcc27cfe91d3;01a02690-22e5-74eb-8ac8-9eba69d98c67
01a02690-0cc3-70e2-9a00-dcc27cfe91d3;01a02690-22e9-71a4-af72-5cd6bac3f30c
01a02690-0cc3-70e2-9a00-dcc27cfe91d3;01a02690-22e4-7376-a60c-b9a1c625b954
01a02690-0cc3-70e2-9a00-dcc388d520f2;01a02690-22e9-71a4-af72-5cd7f689a83a
01a02690-0cc3-70e2-9a00-dcc388d520f2;01a02690-22e9-71a4-af72-5cd88e6a0eef
01a02690-0cc3-70e2-9a00-dcc388d520f2;01a02690-22e6-772f-ba89-ed1c8b793778
01a02690-0cc3-70e2-9a00-dcc388d520f2;01a02690-22e5-74eb-8ac8-9ef3daec4321
01a02690-0cc3-70e2-9a00-dcc388d520f2;01a02690-22e9-71a4-af72-5cd9fc88b736
01a02690-0cc3-70e2-9a00-dcc388d520f2;01a02690-22e9-71a4-af72-5cdaae2c0a6a
01a02690-0cc3-70e2-9a00-dcc388d520f2;01a02690-22e9-71a4-af72-5cdb82ee1cb5
01a02690-0cc3-70e2-9a00-dcc4db795fea;01a02690-22e6-772f-ba89-ecc405d7872b
01a02690-0cc3-70e2-9a00-dcc5d79c2b99;01a02690-22e9-71a4-af72-5cdc4c84dd7c
01a02690-0cc3-70e2-9a00-dcc6ec2a3629;01a02690-22e6-772f-ba89-ec9f87f95494
01a02690-0cc3-70e2-9a00-dcc7bb143ff5;01a02690-22e9-71a4-af72-5cdd51ea264e
01a02690-0cc3-70e2-9a00-dcc8eb730d6c;01a02690-22e3-7064-9388-0feeb0b91fdf
01a02690-0cc3-70e2-9a00-dcc95e5e8216;01a02690-22e9-71a4-af72-5cdececf5cd2
01a02690-0cc3-70e2-9a00-dccac103283d;01a02690-22e9-71a4-af72-5cdffe9e936c
01a02690-0cc3-70e2-9a00-dccac103283d;01a02690-22e9-71a4-af72-5ce0f79c6adc
01a02690-0cc3-70e2-9a00-dccb540df5a3;01a02690-22e9-71a4-af72-5ce1ac4d21d4
01a02690-0cc3-70e2-9a00-dccc3cabdee8;01a02690-22e9-71a4-af72-5ce29bc119d3
01a02690-0cc3-70e2-9a00-dccda13699f6;01a02690-22e5-74eb-8ac8-9f477e2ec218
01a02690-0cc3-70e2-9a00-dcce578d41ff;01a02690-22e9-71a4-af72-5ce36b770fa1
01a02690-0cc3-70e2-9a00-dccf60a60dca;01a02690-22e9-71a4-af72-5ce4b7d79737
01a02690-0cc3-70e2-9a00-dcd01ed22e7b;01a02690-22e9-71a4-af72-5ce59d417576
01a02690-0cc3-70e2-9a00-dcd1ce23df0e;01a02690-22e5-74eb-8ac8-9f560272ece6
01a02690-0cc3-70e2-9a00-dcd1ce23df0e;01a02690-22e5-74eb-8ac8-9f57d187fd39
01a02690-0cc3-70e2-9a00-dcd2cbe8c064;01a02690-22e9-71a4-af72-5ce6eba82f80
01a02690-0cc3-70e2-9a00-dcd36e2d4e9b;01a02690-22e9-71a4-af72-5ce70cdf69e0
01a02690-0cc3-70e2-9a00-dcd36e2d4e9b;01a02690-22e3-7064-9388-0fde1bf3606c
01a02690-0cc3-70e2-9a00-dcd4ef79b89c;01a02690-22e9-71a4-af72-5ce81c0dab0f
01a02690-0cc3-70e2-9a00-dcd564b12dd6;01a02690-22e9-71a4-af72-5ce942681731
01a02690-0cc3-70e2-9a00-dcd564b12dd6;01a02690-22e3-7064-9388-10084abaa255
01a02690-0cc3-70e2-9a00-dcd564b12dd6;01a02690-22e9-71a4-af72-5cead1eed04d
01a02690-0cc3-70e2-9a00-dcd564b12dd6;01a02690-22e5-74eb-8ac8-9ee0d8f35826
01a02690-0cc3-70e2-9a00-dcd564b12dd6;01a02690-22e9-71a4-af72-5ceb8cd73d03
01a02690-0cc3-70e2-9a00-dcd564b12dd6;01a02690-22e9-71a4-af72-5cec1729950b
01a02690-0cc3-70e2-9a00-dcd564b12dd6;01a02690-22e9-71a4-af72-5ced6b327c52
01a02690-0cc3-70e2-9a00-dcd64d747ff5;01a02690-22e5-74eb-8ac8-9ebb7704718d
01a02690-0cc3-70e2-9a00-dcd7596fef42;01a02690-22e3-7064-9388-1021e5d4a96e
01a02690-0cc3-70e2-9a00-dcd7596fef42;01a02690-22e9-71a4-af72-5cee9b58b1a8
01a02690-0cc3-70e2-9a00-dcd7596fef42;01a02690-22e6-772f-ba89-ed174b3cbf55
01a02690-0cc3-70e2-9a00-dcd83e1d77c7;01a02690-22ea-7193-8a3e-1b98bf5f5a24
01a02690-0cc3-70e2-9a00-dcd83e1d77c7;01a02690-22ea-7193-8a3e-1b9970aedbac
01a02690-0cc3-70e2-9a00-dcd83e1d77c7;01a02690-22ea-7193-8a3e-1b9ae6da8b30
01a02690-0cc3-70e2-9a00-dcd9af3a975c;01a02690-22ea-7193-8a3e-1b9b406884b0
01a02690-0cc3-70e2-9a00-dcdac78bd4bf;01a02690-22e7-71eb-b833-308b4ab187fd
01a02690-0cc3-70e2-9a00-dcdb166f4106;01a02690-22ea-7193-8a3e-1b9c9b7a6b59
01a02690-0cc3-70e2-9a00-dcdb166f4106;01a02690-22ea-7193-8a3e-1b9d8c76c718
01a02690-0cc3-70e2-9a00-dcdb166f4106;01a02690-22ea-7193-8a3e-1b9eeb665572
01a02690-0cc3-70e2-9a00-dcdb166f4106;01a02690-22ea-7193-8a3e-1b9f9b35b623
01a02690-0cc3-70e2-9a00-dcdb166f4106;01a02690-22ea-7193-8a3e-1ba079747253
01a02690-0cc3-70e2-9a00-dcdcf84687b9;01a02690-22ea-7193-8a3e-1ba1f1c133c8
01a02690-0cc3-70e2-9a00-dcdd310f928c;01a02690-22ea-7193-8a3e-1ba2e9a34671
01a02690-0cc3-70e2-9a00-dcde0e0a2d6f;01a02690-22ea-7193-8a3e-1ba322e6f011
01a02690-0cc3-70e2-9a00-dcde0e0a2d6f;01a02690-22ea-7193-8a3e-1ba4015c62e1
01a02690-0cc3-70e2-9a00-dcdf9a73eeee;01a02690-22ea-7193-8a3e-1ba5291f95c1
01a02690-0cc3-70e2-9a00-dce0fd28c0c9;01a02690-22ea-7193-8a3e-1ba659af15c3
01a02690-0cc3-70e2-9a00-dce14cf38e44;01a02690-22ea-7193-8a3e-1ba7d7e9334d
01a02690-0cc3-70e2-9a00-dce14cf38e44;01a02690-22ea-7193-8a3e-1ba81ed3ad1d
01a02690-0cc3-70e2-9a00-dce2550d19ae;01a02690-22ea-7193-8a3e-1ba97f15d4c3
01a02690-0cc3-70e2-9a00-dce2550d19ae;01a02690-22ea-7193-8a3e-1baa07882231
01a02690-0cc3-70e2-9a00-dce2550d19ae;01a02690-22ea-7193-8a3e-1babcb3fbbb0
01a02690-0cc3-70e2-9a00-dce2550d19ae;01a02690-22ea-7193-8a3e-1bac900973a9
01a02690-0cc3-70e2-9a00-dce30dfdd32a;01a02690-22ea-7193-8a3e-1bad52445168
01a02690-0cc3-70e2-9a00-dce43583b6c4;01a02690-22ea-7193-8a3e-1bae6d03b78a
01a02690-0cc3-70e2-9a00-dce5c8114474;01a02690-22e5-74eb-8ac8-9f2657fe1a9c
01a02690-0cc3-70e2-9a00-dce6f8e75e35;01a02690-22e7-71eb-b833-30ec8bac93eb
01a02690-0cc3-70e2-9a00-dce7e923c8b3;01a02690-22ea-7193-8a3e-1bafa7a08134
01a02690-0cc3-70e2-9a00-dce7e923c8b3;01a02690-22ea-7193-8a3e-1bb0c3947f71
01a02690-0cc3-70e2-9a00-dce8d5c279ab;01a02690-22ea-7193-8a3e-1bb11dd37b9e
01a02690-0cc3-70e2-9a00-dce965fd3552;01a02690-22ea-7193-8a3e-1bb22eb702b7
01a02690-0cc3-70e2-9a00-dcea4b09ae27;01a02690-22ea-7193-8a3e-1bb3aca35ec7
01a02690-0cc3-70e2-9a00-dceb873d3256;01a02690-22ea-7193-8a3e-1bb4fc5cbbb3
01a02690-0cc3-70e2-9a00-dcecaefc97e6;01a02690-22e4-7376-a60c-b95dda7e7a89
01a02690-0cc3-70e2-9a00-dcedb8fccdc0;01a02690-22ea-7193-8a3e-1bb5684155a8
01a02690-0cc3-70e2-9a00-dcee354b77bf;01a02690-22ea-7193-8a3e-1bb6bb2abd10
01a02690-0cc3-70e2-9a00-dcef216c7876;01a02690-22ea-7193-8a3e-1bb709463316
01a02690-0cc3-70e2-9a00-dcef216c7876;01a02690-22ea-7193-8a3e-1bb8a7cb4920
01a02690-0cc3-70e2-9a00-dcef216c7876;01a02690-22ea-7193-8a3e-1bb9ee2971b8
01a02690-0cc3-70e2-9a00-dcef216c7876;01a02690-22ea-7193-8a3e-1bba25ef3c12
01a02690-0cc3-70e2-9a00-dcef216c7876;01a02690-22ea-7193-8a3e-1bbb679b115b
01a02690-0cc3-70e2-9a00-dcef216c7876;01a02690-22ea-7193-8a3e-1bbc144c0a56
01a02690-0cc3-70e2-9a00-dcef216c7876;01a02690-22ea-7193-8a3e-1bbd78ad5b5c
01a02690-0cc3-70e2-9a00-dcf07174a9bf;01a02690-22ea-7193-8a3e-1bbe6d6f9499
01a02690-0cc3-70e2-9a00-dcf19e0e744c;01a02690-22ea-7193-8a3e-1bbfd9e4aba9
01a02690-0cc3-70e2-9a00-dcf297ef8dc8;01a02690-22ea-7193-8a3e-1bc098a9a04d
01a02690-0cc3-70e2-9a00-dcf297ef8dc8;01a02690-22ea-7193-8a3e-1bc1cb1d4d04
01a02690-0cc3-70e2-9a00-dcf297ef8dc8;01a02690-22ea-7193-8a3e-1bc2e05fd4de
01a02690-0cc3-70e2-9a00-dcf297ef8dc8;01a02690-22ea-7193-8a3e-1bc38b761d97
01a02690-0cc3-70e2-9a00-dcf3ef97a0ad;01a02690-22e6-772f-ba89-ed14623d9cbd
01a02690-0cc3-70e2-9a00-dcf4d199ff0e;01a02690-22ea-7193-8a3e-1bc45ec3bfed
01a02690-0cc3-70e2-9a00-dcf5c5d50724;01a02690-22ea-7193-8a3e-1bc56f91f1a5
01a02690-0cc3-70e2-9a00-dcf69ecdc2de;01a02690-22ea-7193-8a3e-1bc653ae4bb2
01a02690-0cc3-70e2-9a00-dcf7e9150479;01a02690-22e3-7064-9388-1067b8e2a0cb
01a02690-0cc3-70e2-9a00-dcf7e9150479;01a02690-22ea-7193-8a3e-1bc77b85c6af
01a02690-0cc3-70e2-9a00-dcf7e9150479;01a02690-22ea-7193-8a3e-1bc8e4b746d6
01a02690-0cc3-70e2-9a00-dcf8b57c78d5;01a02690-22e9-71a4-af72-5ce1ac4d21d4
01a02690-0cc3-70e2-9a00-dcf8b57c78d5;01a02690-22ea-7193-8a3e-1bc91e966c39
01a02690-0cc3-70e2-9a00-dcf994165a33;01a02690-22ea-7193-8a3e-1bca7d0537d4
01a02690-0cc3-70e2-9a00-dcfad15dc7ec;01a02690-22ea-7193-8a3e-1bcba0fb1372
01a02690-0cc3-70e2-9a00-dcfb4f1d7255;01a02690-22ea-7193-8a3e-1bccf14744ee
01a02690-0cc3-70e2-9a00-dcfc2a65b0a5;01a02690-22e5-74eb-8ac8-9e9ee9026d43
01a02690-0cc3-70e2-9a00-dcfc2a65b0a5;01a02690-22e5-74eb-8ac8-9e9fbb56d4fc
01a02690-0cc3-70e2-9a00-dcfc2a65b0a5;01a02690-22e5-74eb-8ac8-9ea072da9f39
01a02690-0cc3-70e2-9a00-dcfdae79086d;01a02690-22ea-7193-8a3e-1bcda7ff9e8d
01a02690-0cc3-70e2-9a00-dcfed237c37e;01a02690-22ea-7193-8a3e-1bce56215a73
01a02690-0cc3-70e2-9a00-dcffcf567ec5;01a02690-22e7-71eb-b833-30edce5cb040
01a02690-0cc3-70e2-9a00-dd003cf907c9;01a02690-22ea-7193-8a3e-1bcf460f7320
01a02690-0cc3-70e2-9a00-dd0145efcb29;01a02690-22ea-7193-8a3e-1bd051ff4cf5
01a02690-0cc3-70e2-9a00-dd02cbf5ae26;01a02690-22ea-7193-8a3e-1bd16d91f1d2
01a02690-0cc3-70e2-9a00-dd02cbf5ae26;01a02690-22ea-7193-8a3e-1bd299225083
01a02690-0cc3-70e2-9a00-dd03917035a6;01a02690-22ea-7193-8a3e-1bd35dc3dd52
01a02690-0cc3-70e2-9a00-dd03917035a6;01a02690-22ea-7193-8a3e-1bd4a464f0c3
01a02690-0cc3-70e2-9a00-dd03917035a6;01a02690-22e2-7774-a1a3-e4cb5b1d8380
01a02690-0cc3-70e2-9a00-dd03917035a6;01a02690-22ea-7193-8a3e-1bd577724172
01a02690-0cc3-70e2-9a00-dd04f2573f75;01a02690-22e7-71eb-b833-301c2295d4b7
01a02690-0cc3-70e2-9a00-dd05ca5611b2;01a02690-22ea-7193-8a3e-1bd6d9a2f7ea
01a02690-0cc3-70e2-9a00-dd06193c34fd;01a02690-22ea-7193-8a3e-1bd75a60ab84
01a02690-0cc3-70e2-9a00-dd0775526b13;01a02690-22ea-7193-8a3e-1bd85312566b
01a02690-0cc3-70e2-9a00-dd08ec48fde2;01a02690-22ea-7193-8a3e-1bd908cb3eaf
01a02690-0cc3-70e2-9a00-dd08ec48fde2;01a02690-22ea-7193-8a3e-1bda48393d50
01a02690-0cc3-70e2-9a00-dd0995f1babb;01a02690-22e3-7064-9388-10144c75f7a5
01a02690-0cc3-70e2-9a00-dd0995f1babb;01a02690-22e3-7064-9388-1038fa2bd0d3
01a02690-0cc3-70e2-9a00-dd0a585ac24c;01a02690-22e4-7376-a60c-b9b61764a9c1
01a02690-0cc3-70e2-9a00-dd0b9ccf421b;01a02690-22e8-7496-8881-bf4fc48fd1da
01a02690-0cc3-70e2-9a00-dd0c524e4463;01a02690-22e9-71a4-af72-5becc89e54fa
01a02690-0cc3-70e2-9a00-dd0d0aecad9f;01a02690-22ea-7193-8a3e-1bdb628ecf1a
01a02690-0cc3-70e2-9a00-dd0d0aecad9f;01a02690-22ea-7193-8a3e-1bdc6e45b90a
01a02690-0cc3-70e2-9a00-dd0e2323372d;01a02690-22ea-7193-8a3e-1bddb3a69a39
01a02690-0cc3-70e2-9a00-dd0fb1c5f771;01a02690-22ea-7193-8a3e-1bde67f006d1
01a02690-0cc3-70e2-9a00-dd1062b29b6f;01a02690-22ea-7193-8a3e-1bdfee5f914c
01a02690-0cc3-70e2-9a00-dd113c5b370c;01a02690-22ea-7193-8a3e-1be0407b965c
01a02690-0cc3-70e2-9a00-dd12e57ded4c;01a02690-22e3-7064-9388-1046a704f36b
01a02690-0cc3-70e2-9a00-dd133636c259;01a02690-22e5-74eb-8ac8-9f4843c64556
01a02690-0cc3-70e2-9a00-dd133636c259;01a02690-22ea-7193-8a3e-1be1796aafe2
01a02690-0cc3-70e2-9a00-dd133636c259;01a02690-22ea-7193-8a3e-1be2c17f833a
01a02690-0cc3-70e2-9a00-dd133636c259;01a02690-22ea-7193-8a3e-1be3ee96be7b
01a02690-0cc3-70e2-9a00-dd133636c259;01a02690-22e3-7064-9388-10347bbe84d2
01a02690-0cc3-70e2-9a00-dd1403fa7a1f;01a02690-22ea-7193-8a3e-1be4b744be4d
01a02690-0cc3-70e2-9a00-dd15ba23cb4f;01a02690-22ea-7193-8a3e-1be59d5c7512
01a02690-0cc3-70e2-9a00-dd16720d624c;01a02690-22ea-7193-8a3e-1be6bdd2a344
01a02690-0cc3-70e2-9a00-dd178b107b2d;01a02690-22ea-7193-8a3e-1be7289af5f3
01a02690-0cc3-70e2-9a00-dd178b107b2d;01a02690-22ea-7193-8a3e-1be881590217
01a02690-0cc3-70e2-9a00-dd18b01ec385;01a02690-22e4-7376-a60c-b97e225ce13c
01a02690-0cc3-70e2-9a00-dd18b01ec385;01a02690-22e6-772f-ba89-ecca38440731
01a02690-0cc3-70e2-9a00-dd18b01ec385;01a02690-22ea-7193-8a3e-1be96d1882c6
01a02690-0cc3-70e2-9a00-dd18b01ec385;01a02690-22ea-7193-8a3e-1beabd2f2151
01a02690-0cc3-70e2-9a00-dd1916acf0b9;01a02690-22ea-7193-8a3e-1bebcca8ba12
01a02690-0cc3-70e2-9a00-dd1aa895b657;01a02690-22ea-7193-8a3e-1bec3f6cfcb8
01a02690-0cc3-70e2-9a00-dd1aa895b657;01a02690-22ea-7193-8a3e-1bed86d9816a
01a02690-0cc3-70e2-9a00-dd1aa895b657;01a02690-22ea-7193-8a3e-1beee8ce98bb
01a02690-0cc3-70e2-9a00-dd1bdf15f6db;01a02690-22e5-74eb-8ac8-9ed73371d1d6
01a02690-0cc3-70e2-9a00-dd1cc2cc1030;01a02690-22ea-7193-8a3e-1bef7f2aa1d0
01a02690-0cc3-70e2-9a00-dd1db31f42f2;01a02690-22e3-7064-9388-10498c1798c8
01a02690-0cc3-70e2-9a00-dd1ea2161701;01a02690-22ea-7193-8a3e-1bf07a4edc2e
01a02690-0cc3-70e2-9a00-dd1ea2161701;01a02690-22ea-7193-8a3e-1bf124219acd
01a02690-0cc3-70e2-9a00-dd1ea2161701;01a02690-22ea-7193-8a3e-1bf2a1b7b14d
01a02690-0cc3-70e2-9a00-dd1ea2161701;01a02690-22ea-7193-8a3e-1bf317ffb78e
01a02690-0cc3-70e2-9a00-dd1ea2161701;01a02690-22ea-7193-8a3e-1bf401700761
01a02690-0cc3-70e2-9a00-dd1ea2161701;01a02690-22ea-7193-8a3e-1bf55a45d4f0
01a02690-0cc3-70e2-9a00-dd1ea2161701;01a02690-22ea-7193-8a3e-1bf6d457d253
01a02690-0cc3-70e2-9a00-dd1ea2161701;01a02690-22ea-7193-8a3e-1bf746aa2349
01a02690-0cc3-70e2-9a00-dd1ea2161701;01a02690-22ea-7193-8a3e-1bf8cb4d1a14
01a02690-0cc3-70e2-9a00-dd1ea2161701;01a02690-22ea-7193-8a3e-1bf9765c806f
01a02690-0cc3-70e2-9a00-dd1ea2161701;01a02690-22e5-74eb-8ac8-9f439f1468b1
01a02690-0cc3-70e2-9a00-dd1ea2161701;01a02690-22ea-7193-8a3e-1bfa658e0638
01a02690-0cc3-70e2-9a00-dd1ea2161701;01a02690-22ea-7193-8a3e-1bfbfb6e5bcf
01a02690-0cc3-70e2-9a00-dd1f657bc95f;01a02690-22e9-71a4-af72-5ce1ac4d21d4
01a02690-0cc3-70e2-9a00-dd202df13c3b;01a02690-22ea-7193-8a3e-1bfcf65929cb
01a02690-0cc3-70e2-9a00-dd2188f1747b;01a02690-22ea-7193-8a3e-1bfd9799042b
01a02690-0cc3-70e2-9a00-dd22243d6a4a;01a02690-22ea-7193-8a3e-1bfe0fd86394
01a02690-0cc3-70e2-9a00-dd2356c3a7d9;01a02690-22ea-7193-8a3e-1bff0ac2c1a8
01a02690-0cc3-70e2-9a00-dd2356c3a7d9;01a02690-22ea-7193-8a3e-1c00171d6c35
01a02690-0cc3-70e2-9a00-dd249f8bea10;01a02690-22e9-71a4-af72-5cccc5518dda
01a02690-0cc3-70e2-9a00-dd249f8bea10;01a02690-22ea-7193-8a3e-1c010a762489
01a02690-0cc3-70e2-9a00-dd25ff7e3c2a;01a02690-22ea-7193-8a3e-1c02a93ea9c0
01a02690-0cc3-70e2-9a00-dd25ff7e3c2a;01a02690-22ea-7193-8a3e-1c03708b70f1
01a02690-0cc3-70e2-9a00-dd265fcb5d29;01a02690-22ea-7193-8a3e-1c04fdec1b14
01a02690-0cc3-70e2-9a00-dd265fcb5d29;01a02690-22e5-74eb-8ac8-9f439f1468b1
01a02690-0cc3-70e2-9a00-dd276a21b7cd;01a02690-22ea-7193-8a3e-1c057117e22e
01a02690-0cc3-70e2-9a00-dd288680628d;01a02690-22e7-71eb-b833-306bf83e20f5
01a02690-0cc3-70e2-9a00-dd288680628d;01a02690-22ea-7193-8a3e-1c06773325a6
01a02690-0cc3-70e2-9a00-dd288680628d;01a02690-22ea-7193-8a3e-1bdfee5f914c
01a02690-0cc3-70e2-9a00-dd288680628d;01a02690-22e8-7496-8881-bfce2722962c
01a02690-0cc3-70e2-9a00-dd288680628d;01a02690-22ea-7193-8a3e-1c07dabaf6ec
01a02690-0cc3-70e2-9a00-dd288680628d;01a02690-22ea-7193-8a3e-1c081fb16764
01a02690-0cc3-70e2-9a00-dd288680628d;01a02690-22ea-7193-8a3e-1c09aed10ba0
01a02690-0cc3-70e2-9a00-dd288680628d;01a02690-22e5-74eb-8ac8-9f10664bfb0c
01a02690-0cc3-70e2-9a00-dd288680628d;01a02690-22ea-7193-8a3e-1c0a11e27cdd
01a02690-0cc3-70e2-9a00-dd299d3d8a7a;01a02690-22ea-7193-8a3e-1c0b931c6f43
01a02690-0cc3-70e2-9a00-dd299d3d8a7a;01a02690-22ea-7193-8a3e-1c0c22ceeeb2
01a02690-0cc3-70e2-9a00-dd299d3d8a7a;01a02690-22ea-7193-8a3e-1c0d5e61be9a
01a02690-0cc3-70e2-9a00-dd299d3d8a7a;01a02690-22ea-7193-8a3e-1c0ed09d3b56
01a02690-0cc3-70e2-9a00-dd299d3d8a7a;01a02690-22ea-7193-8a3e-1c0f5c306449
01a02690-0cc3-70e2-9a00-dd299d3d8a7a;01a02690-22ea-7193-8a3e-1c102c5622e9
01a02690-0cc3-70e2-9a00-dd299d3d8a7a;01a02690-22ea-7193-8a3e-1c11c2d73404
01a02690-0cc3-70e2-9a00-dd299d3d8a7a;01a02690-22ea-7193-8a3e-1c12e000e35c
01a02690-0cc3-70e2-9a00-dd299d3d8a7a;01a02690-22ea-7193-8a3e-1c1361e3517b
01a02690-0cc3-70e2-9a00-dd299d3d8a7a;01a02690-22ea-7193-8a3e-1c1432f191a8
01a02690-0cc3-70e2-9a00-dd2a95e98e81;01a02690-22ea-7193-8a3e-1bc91e966c39
01a02690-0cc3-70e2-9a00-dd2b7b0d0aa5;01a02690-22ea-7193-8a3e-1c157b937f3a
01a02690-0cc3-70e2-9a00-dd2b7b0d0aa5;01a02690-22ea-7193-8a3e-1c163cf024ff
01a02690-0cc3-70e2-9a00-dd2b7b0d0aa5;01a02690-22ea-7193-8a3e-1c17676e5e5e
01a02690-0cc3-70e2-9a00-dd2b7b0d0aa5;01a02690-22e9-71a4-af72-5c571ac22d3a
01a02690-0cc3-70e2-9a00-dd2b7b0d0aa5;01a02690-22ea-7193-8a3e-1c181955f3e5
01a02690-0cc3-70e2-9a00-dd2b7b0d0aa5;01a02690-22ea-7193-8a3e-1c1904525e4f
01a02690-0cc3-70e2-9a00-dd2cd8b42579;01a02690-22ea-7193-8a3e-1c1a023b4262
01a02690-0cc3-70e2-9a00-dd2d6017c074;01a02690-22ea-7193-8a3e-1c1bcf2565e9
01a02690-0cc3-70e2-9a00-dd2ea1a910ae;01a02690-22e2-7774-a1a3-e4d49c9b6ca3
01a02690-0cc3-70e2-9a00-dd2f49afe045;01a02690-22ea-7193-8a3e-1c1c9bc5bdbd
01a02690-0cc3-70e2-9a00-dd2f49afe045;01a02690-22ea-7193-8a3e-1c1d45a36bd6
01a02690-0cc3-70e2-9a00-dd306c63ab4f;01a02690-22ea-7193-8a3e-1c1ef2e65ef1
01a02690-0cc3-70e2-9a00-dd306c63ab4f;01a02690-22ea-7193-8a3e-1c1f453f65aa
01a02690-0cc3-70e2-9a00-dd31a85362b3;01a02690-22e2-7774-a1a3-e4d2e7cdd23d
01a02690-0cc3-70e2-9a00-dd32b5e08500;01a02690-22ea-7193-8a3e-1c20fc1bcf57
01a02690-0cc3-70e2-9a00-dd32b5e08500;01a02690-22ea-7193-8a3e-1c21871e13bd
01a02690-0cc3-70e2-9a00-dd33b13cf11a;01a02690-22e5-74eb-8ac8-9ead0c3b3439
01a02690-0cc3-70e2-9a00-dd34e2eb580b;01a02690-22ea-7193-8a3e-1c22864715d0
01a02690-0cc3-70e2-9a00-dd35ca778b0c;01a02690-22ea-7193-8a3e-1c23ef47eff7
01a02690-0cc3-70e2-9a00-dd36b117ff0c;01a02690-22e3-7064-9388-103f098d9f2c
01a02690-0cc3-70e2-9a00-dd36b117ff0c;01a02690-22e3-7064-9388-0fae31a8f398
01a02690-0cc3-70e2-9a00-dd36b117ff0c;01a02690-22e3-7064-9388-0faf96ca2d6c
01a02690-0cc3-70e2-9a00-dd36b117ff0c;01a02690-22e3-7064-9388-10407539abd7
01a02690-0cc3-70e2-9a00-dd36b117ff0c;01a02690-22e3-7064-9388-0fb066baf4b5
01a02690-0cc3-70e2-9a00-dd36b117ff0c;01a02690-22e3-7064-9388-0fb17a8aaad3
01a02690-0cc3-70e2-9a00-dd37da96b156;01a02690-22e8-7496-8881-bf5f616ff309
01a02690-0cc3-70e2-9a00-dd37da96b156;01a02690-22ea-7193-8a3e-1c24da5005e4
01a02690-0cc3-70e2-9a00-dd3861d67684;01a02690-22ea-7193-8a3e-1c25d96fe823
01a02690-0cc3-70e2-9a00-dd39e128b393;01a02690-22ea-7193-8a3e-1c26662b9c0d
01a02690-0cc3-70e2-9a00-dd39e128b393;01a02690-22ea-7193-8a3e-1c272da7ba16
01a02690-0cc3-70e2-9a00-dd3a44675ee9;01a02690-22e6-772f-ba89-ece916341585
01a02690-0cc3-70e2-9a00-dd3b0d7c2543;01a02690-22ea-7193-8a3e-1c282759bd93
01a02690-0cc3-70e2-9a00-dd3b0d7c2543;01a02690-22ea-7193-8a3e-1c29624bf5f4
01a02690-0cc3-70e2-9a00-dd3b0d7c2543;01a02690-22ea-7193-8a3e-1c2aacf46116
01a02690-0cc3-70e2-9a00-dd3c8aa5b4a2;01a02690-22ea-7193-8a3e-1c2bdc351e40
01a02690-0cc3-70e2-9a00-dd3c8aa5b4a2;01a02690-22ea-7193-8a3e-1c2c29203d87
01a02690-0cc3-70e2-9a00-dd3dcfb7e23f;01a02690-22ea-7193-8a3e-1c2dfbc7a214
01a02690-0cc3-70e2-9a00-dd3dcfb7e23f;01a02690-22ea-7193-8a3e-1c2e3dae7e00
01a02690-0cc3-70e2-9a00-dd3dcfb7e23f;01a02690-22ea-7193-8a3e-1c2fa3bd927a
01a02690-0cc3-70e2-9a00-dd3ebfd1a015;01a02690-22e8-7496-8881-bfe7ff68bc60
01a02690-0cc3-70e2-9a00-dd3fb0aa9930;01a02690-22ea-7193-8a3e-1c3073523d9e
01a02690-0cc3-70e2-9a00-dd4030a8b58b;01a02690-22ea-7193-8a3e-1c315736443a
01a02690-0cc3-70e2-9a00-dd41e7ec086b;01a02690-22ea-7193-8a3e-1c323966383a
01a02690-0cc3-70e2-9a00-dd42ef87d696;01a02690-22ea-7193-8a3e-1c33294c6b55
01a02690-0cc3-70e2-9a00-dd43017c5a58;01a02690-22ea-7193-8a3e-1c3450e2535e
01a02690-0cc3-70e2-9a00-dd44aef1e5cb;01a02690-22ea-7193-8a3e-1c351db4c492
01a02690-0cc3-70e2-9a00-dd44aef1e5cb;01a02690-22ea-7193-8a3e-1c363a804dcd
01a02690-0cc3-70e2-9a00-dd45aa76386a;01a02690-22ea-7193-8a3e-1c37c7d83227
01a02690-0cc3-70e2-9a00-dd45aa76386a;01a02690-22ea-7193-8a3e-1c38ac46ce73
01a02690-0cc3-70e2-9a00-dd461c79165c;01a02690-22ea-7193-8a3e-1c39f244c0e4
01a02690-0cc3-70e2-9a00-dd461c79165c;01a02690-22ea-7193-8a3e-1c3aeda4bc50
01a02690-0cc3-70e2-9a00-dd461c79165c;01a02690-22ea-7193-8a3e-1c3b73c480b5
01a02690-0cc3-70e2-9a00-dd47e3edb245;01a02690-22e3-7064-9388-10354d0b0598
01a02690-0cc3-70e2-9a00-dd47e3edb245;01a02690-22ea-7193-8a3e-1c3c9a464b8a
01a02690-0cc3-70e2-9a00-dd47e3edb245;01a02690-22ea-7193-8a3e-1c3deeaccac6
01a02690-0cc3-70e2-9a00-dd47e3edb245;01a02690-22ea-7193-8a3e-1c3e1f8a164d
01a02690-0cc3-70e2-9a00-dd48d56fea51;01a02690-22e8-7496-8881-bf84d42f4ec4
01a02690-0cc3-70e2-9a00-dd498c9cb887;01a02690-22ea-7193-8a3e-1c3f5a9e45b6
01a02690-0cc3-70e2-9a00-dd498c9cb887;01a02690-22ea-7193-8a3e-1c4001984034
01a02690-0cc3-70e2-9a00-dd4a55e45579;01a02690-22e5-74eb-8ac8-9ecb7de1c14b
01a02690-0cc3-70e2-9a00-dd4bfa96e49d;01a02690-22ea-7193-8a3e-1c41990d18df
01a02690-0cc3-70e2-9a00-dd4c7aceac82;01a02690-22ea-7193-8a3e-1c423117e2a2
01a02690-0cc3-70e2-9a00-dd4d7f3fae89;01a02690-22ea-7193-8a3e-1c4323db63d0
01a02690-0cc3-70e2-9a00-dd4d7f3fae89;01a02690-22e5-74eb-8ac8-9f46ad51d533
01a02690-0cc3-70e2-9a00-dd4e066ad858;01a02690-22ea-7193-8a3e-1c44b5ed22c8
01a02690-0cc3-70e2-9a00-dd4f3e19ca94;01a02690-22e8-7496-8881-bf8e5f9ff548
01a02690-0cc3-70e2-9a00-dd4f3e19ca94;01a02690-22ea-7193-8a3e-1c455db88704
01a02690-0cc3-70e2-9a00-dd4f3e19ca94;01a02690-22ea-7193-8a3e-1c46cb25ab0b
01a02690-0cc3-70e2-9a00-dd506883b7ef;01a02690-22ea-7193-8a3e-1c475ea817b2
01a02690-0cc3-70e2-9a00-dd506883b7ef;01a02690-22e5-74eb-8ac8-9ea19cd45cf6
01a02690-0cc3-70e2-9a00-dd506883b7ef;01a02690-22ea-7193-8a3e-1c48dd5cbc14
01a02690-0cc3-70e2-9a00-dd512b0990b2;01a02690-22ea-7193-8a3e-1c49a433f972
01a02690-0cc3-70e2-9a00-dd525c545d66;01a02690-22ea-7193-8a3e-1bc91e966c39
01a02690-0cc3-70e2-9a00-dd5370b849cb;01a02690-22ea-7193-8a3e-1c4afc57f3b8
01a02690-0cc3-70e2-9a00-dd5370b849cb;01a02690-22ea-7193-8a3e-1c4b201fa785
01a02690-0cc3-70e2-9a00-dd5370b849cb;01a02690-22ea-7193-8a3e-1c4cc3edefbe
01a02690-0cc3-70e2-9a00-dd5370b849cb;01a02690-22ea-7193-8a3e-1c4d5bbf6444
01a02690-0cc3-70e2-9a00-dd5370b849cb;01a02690-22ea-7193-8a3e-1c4ecd3c81be
01a02690-0cc3-70e2-9a00-dd5370b849cb;01a02690-22ea-7193-8a3e-1c4f1768fd61
01a02690-0cc3-70e2-9a00-dd5408a78497;01a02690-22e3-7064-9388-104828cbff47
01a02690-0cc3-70e2-9a00-dd5408a78497;01a02690-22ea-7193-8a3e-1c507ec48771
01a02690-0cc3-70e2-9a00-dd559ae143a9;01a02690-22ea-7193-8a3e-1c512cb63732
01a02690-0cc3-70e2-9a00-dd559ae143a9;01a02690-22ea-7193-8a3e-1c52c86760df
01a02690-0cc3-70e2-9a00-dd5605c7e563;01a02690-22ea-7193-8a3e-1c5350258ba0
01a02690-0cc3-70e2-9a00-dd5605c7e563;01a02690-22ea-7193-8a3e-1c546ac0b99b
01a02690-0cc3-70e2-9a00-dd5605c7e563;01a02690-22ea-7193-8a3e-1c55f5747834
01a02690-0cc3-70e2-9a00-dd57c67d8cb0;01a02690-22ea-7193-8a3e-1c5656b0cbed
01a02690-0cc3-70e2-9a00-dd58608a04b1;01a02690-22e6-772f-ba89-ec2413f8f676
01a02690-0cc3-70e2-9a00-dd597fdf6654;01a02690-22ea-7193-8a3e-1c5713e703bf
01a02690-0cc3-70e2-9a00-dd5a0c75a8af;01a02690-22ea-7193-8a3e-1c58f91ae2ba
01a02690-0cc3-70e2-9a00-dd5b6ee2dc87;01a02690-22ea-7193-8a3e-1c59fbedaca0
01a02690-0cc3-70e2-9a00-dd5b6ee2dc87;01a02690-22ea-7193-8a3e-1c5a109e3005
01a02690-0cc3-70e2-9a00-dd5b6ee2dc87;01a02690-22ea-7193-8a3e-1c5b7b8e51e9
01a02690-0cc3-70e2-9a00-dd5c1810d57e;01a02690-22ea-7193-8a3e-1c5c9268d8c2
01a02690-0cc3-70e2-9a00-dd5c1810d57e;01a02690-22ea-7193-8a3e-1c5d276933d1
01a02690-0cc3-70e2-9a00-dd5d08bcf918;01a02690-22ea-7193-8a3e-1c5e18747710
01a02690-0cc3-70e2-9a00-dd5d08bcf918;01a02690-22ea-7193-8a3e-1c5f002d82a9
01a02690-0cc3-70e2-9a00-dd5d08bcf918;01a02690-22e6-772f-ba89-eca67b8412e2
01a02690-0cc3-70e2-9a00-dd5d08bcf918;01a02690-22ea-7193-8a3e-1c60813d64ea
01a02690-0cc3-70e2-9a00-dd5e3b91a787;01a02690-22ea-7193-8a3e-1c61f09f3a87
01a02690-0cc3-70e2-9a00-dd5e3b91a787;01a02690-22ea-7193-8a3e-1c628a036e7f
01a02690-0cc3-70e2-9a00-dd5f53427130;01a02690-22ea-7193-8a3e-1c6326491b2e
01a02690-0cc3-70e2-9a00-dd60652bf357;01a02690-22ea-7193-8a3e-1c640bfb2abe
01a02690-0cc3-70e2-9a00-dd60652bf357;01a02690-22ea-7193-8a3e-1c650bc105da
01a02690-0cc3-70e2-9a00-dd60652bf357;01a02690-22ea-7193-8a3e-1c66eab34030
01a02690-0cc3-70e2-9a00-dd614878a356;01a02690-22ea-7193-8a3e-1c6776d8c394
01a02690-0cc3-70e2-9a00-dd614878a356;01a02690-22ea-7193-8a3e-1c68de929061
01a02690-0cc3-70e2-9a00-dd624e759c3b;01a02690-22ea-7193-8a3e-1c69f9bdc12b
01a02690-0cc3-70e2-9a00-dd624e759c3b;01a02690-22ea-7193-8a3e-1c6af62fcf57
01a02690-0cc3-70e2-9a00-dd624e759c3b;01a02690-22ea-7193-8a3e-1c6bfd109a98
01a02690-0cc3-70e2-9a00-dd624e759c3b;01a02690-22ea-7193-8a3e-1c6ca216d90a
01a02690-0cc3-70e2-9a00-dd632df9391d;01a02690-22ea-7193-8a3e-1c6df8ab9eb3
01a02690-0cc3-70e2-9a00-dd632df9391d;01a02690-22ea-7193-8a3e-1c6e4f7de6f5
01a02690-0cc3-70e2-9a00-dd632df9391d;01a02690-22ea-7193-8a3e-1c6fff8ec5ad
01a02690-0cc3-70e2-9a00-dd632df9391d;01a02690-22ea-7193-8a3e-1c7047c0a398
01a02690-0cc3-70e2-9a00-dd64949d9fe0;01a02690-22ea-7193-8a3e-1c71e09d9810
01a02690-0cc3-70e2-9a00-dd64949d9fe0;01a02690-22ea-7193-8a3e-1bec3f6cfcb8
01a02690-0cc3-70e2-9a00-dd64949d9fe0;01a02690-22ea-7193-8a3e-1c72286c77b4
01a02690-0cc3-70e2-9a00-dd65b1229f48;01a02690-22e6-772f-ba89-ec42a4841831
01a02690-0cc3-70e2-9a00-dd666f436959;01a02690-22ea-7193-8a3e-1c7306356dc0
01a02690-0cc3-70e2-9a00-dd666f436959;01a02690-22e6-772f-ba89-ec4407595092
01a02690-0cc3-70e2-9a00-dd67c805f77c;01a02690-22e7-71eb-b833-30589fb14f1b
01a02690-0cc3-70e2-9a00-dd68da69d812;01a02690-22ea-7193-8a3e-1c7491645dca
01a02690-0cc3-70e2-9a00-dd68da69d812;01a02690-22e9-71a4-af72-5c27fdd08a29
01a02690-0cc3-70e2-9a00-dd68da69d812;01a02690-22ea-7193-8a3e-1c75d8704604
01a02690-0cc3-70e2-9a00-dd69475fdf43;01a02690-22ea-7193-8a3e-1c76fd7688f2
01a02690-0cc3-70e2-9a00-dd6a6a4abfbb;01a02690-22ea-7193-8a3e-1c772950d9e6
01a02690-0cc3-70e2-9a00-dd6b1a7a4221;01a02690-22ea-7193-8a3e-1c780b04617a
01a02690-0cc3-70e2-9a00-dd6b1a7a4221;01a02690-22ea-7193-8a3e-1c7976ebd0e2
01a02690-0cc3-70e2-9a00-dd6b1a7a4221;01a02690-22ea-7193-8a3e-1c7a9335f7a0
01a02690-0cc3-70e2-9a00-dd6c805723dd;01a02690-22ea-7193-8a3e-1c7bc87cbba2
01a02690-0cc3-70e2-9a00-dd6daef506d0;01a02690-22ea-7193-8a3e-1c7cbf1559ce
01a02690-0cc3-70e2-9a00-dd6e1910b8ca;01a02690-22ea-7193-8a3e-1c7d83a244b6
01a02690-0cc3-70e2-9a00-dd6f6d286571;01a02690-22ea-7193-8a3e-1c7e366b8bb8
01a02690-0cc3-70e2-9a00-dd70260b87e4;01a02690-22ea-7193-8a3e-1c7f006d134b
01a02690-0cc3-70e2-9a00-dd71ff07a942;01a02690-22e3-7064-9388-10407539abd7
01a02690-0cc3-70e2-9a00-dd72921271ff;01a02690-22ea-7193-8a3e-1c80c4c1c77f
01a02690-0cc3-70e2-9a00-dd734ed24e40;01a02690-22e8-7496-8881-bfd179a44e5b
01a02690-0cc3-70e2-9a00-dd734ed24e40;01a02690-22ea-7193-8a3e-1c8143d26bb8
01a02690-0cc3-70e2-9a00-dd74ac0803df;01a02690-22e5-74eb-8ac8-9eba69d98c67
01a02690-0cc3-70e2-9a00-dd75476c66c7;01a02690-22e7-71eb-b833-302b4c91c66c
01a02690-0cc3-70e2-9a00-dd76053370be;01a02690-22e6-772f-ba89-ec7db5d546b6
01a02690-0cc3-70e2-9a00-dd76053370be;01a02690-22ea-7193-8a3e-1c823f69baf0
01a02690-0cc3-70e2-9a00-dd76053370be;01a02690-22ea-7193-8a3e-1c83b545ed62
01a02690-0cc3-70e2-9a00-dd77327276fa;01a02690-22ea-7193-8a3e-1c846d562d82
01a02690-0cc3-70e2-9a00-dd78ffb21d52;01a02690-22e5-74eb-8ac8-9eb7983a2478
01a02690-0cc3-70e2-9a00-dd78ffb21d52;01a02690-22ea-7193-8a3e-1c85201ebdef
01a02690-0cc3-70e2-9a00-dd7918af9110;01a02690-22ea-7193-8a3e-1c868cc738e3
01a02690-0cc3-70e2-9a00-dd7aba74734a;01a02690-22ea-7193-8a3e-1c87c670f726
01a02690-0cc3-70e2-9a00-dd7b5866a008;01a02690-22e6-772f-ba89-ed15455e5f91
01a02690-0cc3-70e2-9a00-dd7cdb4d0302;01a02690-22e7-71eb-b833-304d1d2663ef
01a02690-0cc3-70e2-9a00-dd7d00e5df25;01a02690-22e6-772f-ba89-ecdb3a7b51ac
01a02690-0cc3-70e2-9a00-dd7d00e5df25;01a02690-22ea-7193-8a3e-1c8884f88870
01a02690-0cc3-70e2-9a00-dd7d00e5df25;01a02690-22ea-7193-8a3e-1c89257c0e48
01a02690-0cc3-70e2-9a00-dd7d00e5df25;01a02690-22ea-7193-8a3e-1c8a63425f07
01a02690-0cc3-70e2-9a00-dd7e7cd20a08;01a02690-22ea-7193-8a3e-1c8bb8bdd6c6
01a02690-0cc3-70e2-9a00-dd7f1d1dd782;01a02690-22ea-7193-8a3e-1c8cb2a1a54b
01a02690-0cc3-70e2-9a00-dd80334febdc;01a02690-22ea-7193-8a3e-1c8dc51db198
01a02690-0cc3-70e2-9a00-dd80334febdc;01a02690-22ea-7193-8a3e-1c8e70d2a53b
01a02690-0cc3-70e2-9a00-dd80334febdc;01a02690-22ea-7193-8a3e-1c8f62306131
01a02690-0cc3-70e2-9a00-dd80334febdc;01a02690-22ea-7193-8a3e-1c90b482afb5
01a02690-0cc3-70e2-9a00-dd80334febdc;01a02690-22ea-7193-8a3e-1c91b1a65bd0
01a02690-0cc3-70e2-9a00-dd80334febdc;01a02690-22ea-7193-8a3e-1c9257a564f5
01a02690-0cc3-70e2-9a00-dd80334febdc;01a02690-22ea-7193-8a3e-1c93a5f1e4ad
01a02690-0cc3-70e2-9a00-dd80334febdc;01a02690-22ea-7193-8a3e-1c949f42ff76
01a02690-0cc3-70e2-9a00-dd813fb31843;01a02690-22ea-7193-8a3e-1c95741f5fff
01a02690-0cc3-70e2-9a00-dd813fb31843;01a02690-22ea-7193-8a3e-1c964e16d527
01a02690-0cc3-70e2-9a00-dd82b3981992;01a02690-22ea-7193-8a3e-1c975d5291ae
01a02690-0cc3-70e2-9a00-dd82b3981992;01a02690-22eb-71cc-a5a4-2fb491e31518
01a02690-0cc3-70e2-9a00-dd83c67ad1b3;01a02690-22eb-71cc-a5a4-2fb5aafe64d8
01a02690-0cc3-70e2-9a00-dd849404a116;01a02690-22eb-71cc-a5a4-2fb6199073f5
01a02690-0cc3-70e2-9a00-dd849404a116;01a02690-22eb-71cc-a5a4-2fb7782c9299
01a02690-0cc3-70e2-9a00-dd849404a116;01a02690-22eb-71cc-a5a4-2fb8533e432f
01a02690-0cc3-70e2-9a00-dd85fc557c0f;01a02690-22e9-71a4-af72-5c7368b2129f
01a02690-0cc3-70e2-9a00-dd86b9622bc2;01a02690-22eb-71cc-a5a4-2fb9b9279620
01a02690-0cc3-70e2-9a00-dd86b9622bc2;01a02690-22eb-71cc-a5a4-2fba2e08a16f
01a02690-0cc3-70e2-9a00-dd872c4560be;01a02690-22e6-772f-ba89-ec5826e0cce8
01a02690-0cc3-70e2-9a00-dd880b189f90;01a02690-22eb-71cc-a5a4-2fbb0b6e4871
01a02690-0cc3-70e2-9a00-dd8949af7251;01a02690-22eb-71cc-a5a4-2fbcfa97e73f
01a02690-0cc3-70e2-9a00-dd8949af7251;01a02690-22eb-71cc-a5a4-2fbdc44e7953
01a02690-0cc3-70e2-9a00-dd8949af7251;01a02690-22eb-71cc-a5a4-2fbedd5a8a4f
01a02690-0cc3-70e2-9a00-dd8949af7251;01a02690-22eb-71cc-a5a4-2fbfe564be7b
01a02690-0cc3-70e2-9a00-dd8949af7251;01a02690-22eb-71cc-a5a4-2fc082371525
01a02690-0cc3-70e2-9a00-dd8949af7251;01a02690-22eb-71cc-a5a4-2fc187854305
01a02690-0cc3-70e2-9a00-dd8949af7251;01a02690-22eb-71cc-a5a4-2fc25948e536
01a02690-0cc3-70e2-9a00-dd8949af7251;01a02690-22eb-71cc-a5a4-2fc3547855eb
01a02690-0cc3-70e2-9a00-dd8949af7251;01a02690-22eb-71cc-a5a4-2fc4aa77d115
01a02690-0cc3-70e2-9a00-dd8a972f1598;01a02690-22e3-7064-9388-101f2afd6f0d
01a02690-0cc3-70e2-9a00-dd8a972f1598;01a02690-22e3-7064-9388-1020f0f08e72
01a02690-0cc3-70e2-9a00-dd8b9f1c8715;01a02690-22eb-71cc-a5a4-2fc5f4297b54
01a02690-0cc3-70e2-9a00-dd8c3936f1ce;01a02690-22eb-71cc-a5a4-2fc6775ee95d
01a02690-0cc3-70e2-9a00-dd8d8ed8d173;01a02690-22e6-772f-ba89-ecc34eda1018
01a02690-0cc3-70e2-9a00-dd8eec974eb2;01a02690-22eb-71cc-a5a4-2fc7e60b5515
01a02690-0cc3-70e2-9a00-dd8f9d05dcf2;01a02690-22e6-772f-ba89-ecbc0f2cdafd
01a02690-0cc3-70e2-9a00-dd90cee78251;01a02690-22eb-71cc-a5a4-2fc8320aeb8a
01a02690-0cc3-70e2-9a00-dd90cee78251;01a02690-22eb-71cc-a5a4-2fc95b4fec78
01a02690-0cc3-70e2-9a00-dd90cee78251;01a02690-22eb-71cc-a5a4-2fca1a323042
01a02690-0cc3-70e2-9a00-dd91bf0eba77;01a02690-22e7-71eb-b833-309bf3ecb413
01a02690-0cc3-70e2-9a00-dd928924fde7;01a02690-22eb-71cc-a5a4-2fcba2e9cc4e
01a02690-0cc3-70e2-9a00-dd9337399fe8;01a02690-22eb-71cc-a5a4-2fcc865a3e4b
01a02690-0cc3-70e2-9a00-dd9337399fe8;01a02690-22eb-71cc-a5a4-2fcdba8f5ba5
01a02690-0cc3-70e2-9a00-dd947025b738;01a02690-22eb-71cc-a5a4-2fceb895c4ee
01a02690-0cc3-70e2-9a00-dd959fbf8c90;01a02690-22e7-71eb-b833-30ded7e7676d
01a02690-0cc3-70e2-9a00-dd959fbf8c90;01a02690-22eb-71cc-a5a4-2fcf72a9a895
01a02690-0cc3-70e2-9a00-dd964f3f2fd0;01a02690-22eb-71cc-a5a4-2fd0e096a602
01a02690-0cc3-70e2-9a00-dd9709edb022;01a02690-22eb-71cc-a5a4-2fd134d5c15a
01a02690-0cc3-70e2-9a00-dd98e5612d11;01a02690-22e4-7376-a60c-b933951d367b
01a02690-0cc3-70e2-9a00-dd98e5612d11;01a02690-22e3-7064-9388-0fb77f2d582d
01a02690-0cc3-70e2-9a00-dd999b4659ea;01a02690-22eb-71cc-a5a4-2fd23e0b2e73
01a02690-0cc3-70e2-9a00-dd9af629a89d;01a02690-22eb-71cc-a5a4-2fd390d7e06b
01a02690-0cc3-70e2-9a00-dd9af629a89d;01a02690-22eb-71cc-a5a4-2fd420b7f964
01a02690-0cc3-70e2-9a00-dd9b22b92f4e;01a02690-22eb-71cc-a5a4-2fd58d2a2df4
01a02690-0cc3-70e2-9a00-dd9ca296a175;01a02690-22eb-71cc-a5a4-2fd6a080d00f
01a02690-0cc3-70e2-9a00-dd9da86fd57f;01a02690-22eb-71cc-a5a4-2fd7ea250d1c
01a02690-0cc3-70e2-9a00-dd9e7dc2d13e;01a02690-22e8-7496-8881-bf5a711b8156
01a02690-0cc3-70e2-9a00-dd9f0f607814;01a02690-22e4-7376-a60c-b94a6ab498dd
01a02690-0cc3-70e2-9a00-dda0c5a55629;01a02690-22eb-71cc-a5a4-2fd83ec16e76
01a02690-0cc3-70e2-9a00-dda1a6bb73e6;01a02690-22e8-7496-8881-bf44c6783dfd
01a02690-0cc3-70e2-9a00-dda1a6bb73e6;01a02690-22e8-7496-8881-bfd179a44e5b
01a02690-0cc3-70e2-9a00-dda1a6bb73e6;01a02690-22e6-772f-ba89-ec499f3fc58e
01a02690-0cc3-70e2-9a00-dda1a6bb73e6;01a02690-22e6-772f-ba89-ec213ab4681c
01a02690-0cc3-70e2-9a00-dda2ef2a0bbf;01a02690-22eb-71cc-a5a4-2fd97d3c3b8b
01a02690-0cc3-70e2-9a00-dda2ef2a0bbf;01a02690-22e4-7376-a60c-b9bde905cddd
01a02690-0cc3-70e2-9a00-dda301ec3c45;01a02690-22e7-71eb-b833-302b4c91c66c
01a02690-0cc3-70e2-9a00-dda476b9062b;01a02690-22eb-71cc-a5a4-2fda978b23e6
01a02690-0cc3-70e2-9a00-dda476b9062b;01a02690-22eb-71cc-a5a4-2fdb1f588cd4
01a02690-0cc3-70e2-9a00-dda591e9454e;01a02690-22e7-71eb-b833-3029a8a3875f
01a02690-0cc3-70e2-9a00-dda591e9454e;01a02690-22eb-71cc-a5a4-2fdceacd8658
01a02690-0cc3-70e2-9a00-dda670c8adda;01a02690-22eb-71cc-a5a4-2fdddd1a4c09
01a02690-0cc3-70e2-9a00-dda71974a7af;01a02690-22e3-7064-9388-0feeb0b91fdf
01a02690-0cc3-70e2-9a00-dda84086e1c0;01a02690-22e3-7064-9388-10560e9565e8
01a02690-0cc3-70e2-9a00-dda95cc70e1c;01a02690-22eb-71cc-a5a4-2fde205ccfa7
01a02690-0cc3-70e2-9a00-ddaa53f4e0e2;01a02690-22eb-71cc-a5a4-2fdf0031e7d0
01a02690-0cc3-70e2-9a00-ddab73fbb40e;01a02690-22eb-71cc-a5a4-2fe0d4df77da
01a02690-0cc3-70e2-9a00-ddab73fbb40e;01a02690-22eb-71cc-a5a4-2fe13cd41ac2
01a02690-0cc3-70e2-9a00-ddab73fbb40e;01a02690-22eb-71cc-a5a4-2fe296ab4fb9
01a02690-0cc3-70e2-9a00-ddac8a07dd18;01a02690-22eb-71cc-a5a4-2fe31b4dc17c
01a02690-0cc3-70e2-9a00-ddad4452cce2;01a02690-22e3-7064-9388-0ff4c0bafb2f
01a02690-0cc3-70e2-9a00-ddaefbe36e0d;01a02690-22eb-71cc-a5a4-2fe481c614cc
01a02690-0cc3-70e2-9a00-ddaefbe36e0d;01a02690-22eb-71cc-a5a4-2fe558a4a566
01a02690-0cc3-70e2-9a00-ddaefbe36e0d;01a02690-22e9-71a4-af72-5c571ac22d3a
01a02690-0cc3-70e2-9a00-ddaf6ddee347;01a02690-22eb-71cc-a5a4-2fe68a6b57cd
01a02690-0cc3-70e2-9a00-ddb0ef0e2690;01a02690-22eb-71cc-a5a4-2fe79b890eb4
01a02690-0cc3-70e2-9a00-ddb12bda974e;01a02690-22eb-71cc-a5a4-2fe8031006c2
01a02690-0cc3-70e2-9a00-ddb2c4dd730d;01a02690-22eb-71cc-a5a4-2fe9d59c8813
01a02690-0cc3-70e2-9a00-ddb30cf54dae;01a02690-22e3-7064-9388-10665d1d067a
01a02690-0cc3-70e2-9a00-ddb30cf54dae;01a02690-22e3-7064-9388-1054f8237de4
01a02690-0cc3-70e2-9a00-ddb4343cf461;01a02690-22eb-71cc-a5a4-2fea70914a24
01a02690-0cc3-70e2-9a00-ddb55c4320e6;01a02690-22eb-71cc-a5a4-2febdb22105b
01a02690-0cc3-70e2-9a00-ddb55c4320e6;01a02690-22eb-71cc-a5a4-2fec7d149e7c
01a02690-0cc3-70e2-9a00-ddb62142afa1;01a02690-22eb-71cc-a5a4-2fede8aac479
01a02690-0cc3-70e2-9a00-ddb7c73cba40;01a02690-22eb-71cc-a5a4-2fee682d4c09
01a02690-0cc3-70e2-9a00-ddb80db36b7b;01a02690-22e8-7496-8881-bf50fbee7d56
01a02690-0cc3-70e2-9a00-ddb91018fa15;01a02690-22eb-71cc-a5a4-2fef8488a7d6
01a02690-0cc3-70e2-9a00-ddbad2f86d8b;01a02690-22eb-71cc-a5a4-2ff0eb7bc71f
01a02690-0cc3-70e2-9a00-ddbad2f86d8b;01a02690-22eb-71cc-a5a4-2ff14194e4e9
01a02690-0cc3-70e2-9a00-ddbbef6c508b;01a02690-22eb-71cc-a5a4-2ff2396f2c5e
01a02690-0cc3-70e2-9a00-ddbced9884a1;01a02690-22eb-71cc-a5a4-2ff2396f2c5e
01a02690-0cc3-70e2-9a00-ddbced9884a1;01a02690-22eb-71cc-a5a4-2ff3f3a379bb
01a02690-0cc3-70e2-9a00-ddbd81e40c8c;01a02690-22e5-74eb-8ac8-9ea4b6c52681
01a02690-0cc3-70e2-9a00-ddbeee4685dd;01a02690-22eb-71cc-a5a4-2ff432393c6c
01a02690-0cc3-70e2-9a00-ddbf5755642d;01a02690-22eb-71cc-a5a4-2ff57e44a102
01a02690-0cc3-70e2-9a00-ddc06bb51f63;01a02690-22eb-71cc-a5a4-2ff6a440c2c7
01a02690-0cc3-70e2-9a00-ddc13297db29;01a02690-22e8-7496-8881-bf7b22e8415c
01a02690-0cc3-70e2-9a00-ddc23eb5f25e;01a02690-22eb-71cc-a5a4-2ff7e243fe70
01a02690-0cc3-70e2-9a00-ddc31b956056;01a02690-22eb-71cc-a5a4-2ff807c7ebce
01a02690-0cc3-70e2-9a00-ddc48c8345a2;01a02690-22e8-7496-8881-bff1e33c8ec8
01a02690-0cc3-70e2-9a00-ddc53dfb231e;01a02690-22e5-74eb-8ac8-9efe311fd00d
01a02690-0cc3-70e2-9a00-ddc63fda50ea;01a02690-22eb-71cc-a5a4-2ff9a63b3462
01a02690-0cc3-70e2-9a00-ddc63fda50ea;01a02690-22eb-71cc-a5a4-2ffacd5f10cb
01a02690-0cc3-70e2-9a00-ddc63fda50ea;01a02690-22e5-74eb-8ac8-9f085772af1a
01a02690-0cc3-70e2-9a00-ddc63fda50ea;01a02690-22ea-7193-8a3e-1ba5291f95c1
01a02690-0cc3-70e2-9a00-ddc63fda50ea;01a02690-22e7-71eb-b833-3054461fcbc0
01a02690-0cc3-70e2-9a00-ddc63fda50ea;01a02690-22e5-74eb-8ac8-9edc97b7e905
01a02690-0cc3-70e2-9a00-ddc63fda50ea;01a02690-22eb-71cc-a5a4-2ffbe078cae0
01a02690-0cc3-70e2-9a00-ddc782220f64;01a02690-22eb-71cc-a5a4-2ffc4e2b8a25
01a02690-0cc3-70e2-9a00-ddc8fe7825b3;01a02690-22eb-71cc-a5a4-2ffd7d15f530
01a02690-0cc3-70e2-9a00-ddc9cbb01360;01a02690-22eb-71cc-a5a4-2ffe5c00a00b
01a02690-0cc3-70e2-9a00-ddc9cbb01360;01a02690-22eb-71cc-a5a4-2fff79c0063b
01a02690-0cc3-70e2-9a00-ddc9cbb01360;01a02690-22ea-7193-8a3e-1bc45ec3bfed
01a02690-0cc3-70e2-9a00-ddc9cbb01360;01a02690-22e5-74eb-8ac8-9ee16341ed1b
01a02690-0cc3-70e2-9a00-ddc9cbb01360;01a02690-22eb-71cc-a5a4-30004c3d0df0
01a02690-0cc3-70e2-9a00-ddca6c8d917e;01a02690-22eb-71cc-a5a4-30015e09c29f
01a02690-0cc3-70e2-9a00-ddca6c8d917e;01a02690-22eb-71cc-a5a4-300210af3eed
01a02690-0cc3-70e2-9a00-ddca6c8d917e;01a02690-22eb-71cc-a5a4-3003ff44934a
01a02690-0cc3-70e2-9a00-ddca6c8d917e;01a02690-22eb-71cc-a5a4-3004eff18f6e
01a02690-0cc3-70e2-9a00-ddcb8498fa44;01a02690-22eb-71cc-a5a4-3005ee8acf55
01a02690-0cc3-70e2-9a00-ddcce5e74e72;01a02690-22eb-71cc-a5a4-3006992b663a
01a02690-0cc3-70e2-9a00-ddcce5e74e72;01a02690-22eb-71cc-a5a4-30079c9806a5
01a02690-0cc3-70e2-9a00-ddcce5e74e72;01a02690-22eb-71cc-a5a4-3008c3ec1260
01a02690-0cc3-70e2-9a00-ddcce5e74e72;01a02690-22eb-71cc-a5a4-300963f189e3
01a02690-0cc3-70e2-9a00-ddcd0633a21c;01a02690-22e8-7496-8881-bfd0cbcefdfd
01a02690-0cc3-70e2-9a00-ddceac0e0c15;01a02690-22eb-71cc-a5a4-300a96e61567
01a02690-0cc3-70e2-9a00-ddcf40b494bd;01a02690-22eb-71cc-a5a4-300b160e73b0
01a02690-0cc3-70e2-9a00-ddd01b39527b;01a02690-22eb-71cc-a5a4-300ce23ab7ec
01a02690-0cc3-70e2-9a00-ddd12ce7d8ab;01a02690-22eb-71cc-a5a4-300d8c658aa2
01a02690-0cc3-70e2-9a00-ddd204dda3f9;01a02690-22eb-71cc-a5a4-300e5b9adaf3
01a02690-0cc3-70e2-9a00-ddd315377fa0;01a02690-22eb-71cc-a5a4-300fefa8c58d
01a02690-0cc3-70e2-9a00-ddd4bef465dc;01a02690-22eb-71cc-a5a4-301037701b6c
01a02690-0cc3-70e2-9a00-ddd4bef465dc;01a02690-22eb-71cc-a5a4-30116238a87a
01a02690-0cc3-70e2-9a00-ddd4bef465dc;01a02690-22eb-71cc-a5a4-301261698ce8
01a02690-0cc3-70e2-9a00-ddd5a9534cb4;01a02690-22eb-71cc-a5a4-301309c42a7d
01a02690-0cc3-70e2-9a00-ddd672e3204c;01a02690-22eb-71cc-a5a4-3014ac29dfec
01a02690-0cc3-70e2-9a00-ddd672e3204c;01a02690-22eb-71cc-a5a4-3015fc3a8b70
01a02690-0cc3-70e2-9a00-ddd672e3204c;01a02690-22eb-71cc-a5a4-301684ce6e7a
01a02690-0cc3-70e2-9a00-ddd672e3204c;01a02690-22eb-71cc-a5a4-3017f610ac50
01a02690-0cc3-70e2-9a00-ddd672e3204c;01a02690-22eb-71cc-a5a4-301859f60e71
01a02690-0cc3-70e2-9a00-ddd672e3204c;01a02690-22eb-71cc-a5a4-30198f8cc8b2
01a02690-0cc3-70e2-9a00-ddd672e3204c;01a02690-22eb-71cc-a5a4-301aaf52d1b9
01a02690-0cc3-70e2-9a00-ddd7839c0106;01a02690-22ea-7193-8a3e-1c37c7d83227
01a02690-0cc3-70e2-9a00-ddd8a93d5004;01a02690-22eb-71cc-a5a4-301b365d90ba
01a02690-0cc3-70e2-9a00-ddd9b9fb0f51;01a02690-22eb-71cc-a5a4-301c330674ef
01a02690-0cc3-70e2-9a00-dddab048c4d9;01a02690-22eb-71cc-a5a4-301d5ff674d5
01a02690-0cc3-70e2-9a00-dddb282b43b3;01a02690-22eb-71cc-a5a4-301e7cd9cc9e
01a02690-0cc3-70e2-9a00-dddc1e265ba7;01a02690-22eb-71cc-a5a4-301f9e85a70d
01a02690-0cc3-70e2-9a00-dddc1e265ba7;01a02690-22eb-71cc-a5a4-30204f50a79c
01a02690-0cc3-70e2-9a00-dddd5cf1d16d;01a02690-22eb-71cc-a5a4-3021cc7179ac
01a02690-0cc3-70e2-9a00-dddea0a9cf15;01a02690-22e6-772f-ba89-ec6b79fcb9d8
01a02690-0cc3-70e2-9a00-dddf10c1428b;01a02690-22e5-74eb-8ac8-9f2bf80ca39f
01a02690-0cc3-70e2-9a00-dde0b5553b5a;01a02690-22eb-71cc-a5a4-3022c15102d7
01a02690-0cc3-70e2-9a00-dde0b5553b5a;01a02690-22eb-71cc-a5a4-302378a93db9
01a02690-0cc3-70e2-9a00-dde17467bd26;01a02690-22eb-71cc-a5a4-3024ce77f0ee
01a02690-0cc3-70e2-9a00-dde2c274b60d;01a02690-22eb-71cc-a5a4-302555bd6473
01a02690-0cc3-70e2-9a00-dde2c274b60d;01a02690-22eb-71cc-a5a4-30265d96408f
01a02690-0cc3-70e2-9a00-dde2c274b60d;01a02690-22eb-71cc-a5a4-3027e1fb311c
01a02690-0cc3-70e2-9a00-dde2c274b60d;01a02690-22eb-71cc-a5a4-302883657bc1
01a02690-0cc3-70e2-9a00-dde2c274b60d;01a02690-22eb-71cc-a5a4-30292dfe402f
01a02690-0cc3-70e2-9a00-dde2c274b60d;01a02690-22eb-71cc-a5a4-302a92c03c0c
01a02690-0cc3-70e2-9a00-dde3ace08774;01a02690-22e7-71eb-b833-3073727bc565
01a02690-0cc3-70e2-9a00-dde4ace37393;01a02690-22eb-71cc-a5a4-302b96166b6f
01a02690-0cc3-70e2-9a00-dde5e2bc381f;01a02690-22eb-71cc-a5a4-302cf752af62
01a02690-0cc3-70e2-9a00-dde631fbe7ad;01a02690-22eb-71cc-a5a4-302d4f5dcf10
01a02690-0cc3-70e2-9a00-dde7ac1c103c;01a02690-22eb-71cc-a5a4-302e935b5821
01a02690-0cc3-70e2-9a00-dde8c0ca838d;01a02690-22eb-71cc-a5a4-302fa5076f70
01a02690-0cc3-70e2-9a00-dde94712cdaf;01a02690-22ea-7193-8a3e-1c49a433f972
01a02690-0cc3-70e2-9a00-ddea127f9f43;01a02690-22eb-71cc-a5a4-303086150bba
01a02690-0cc3-70e2-9a00-ddebee6985ac;01a02690-22eb-71cc-a5a4-30319aca7002
01a02690-0cc3-70e2-9a00-ddec1b1d7fa2;01a02690-22eb-71cc-a5a4-3032ec17b3db
01a02690-0cc3-70e2-9a00-ddec1b1d7fa2;01a02690-22e5-74eb-8ac8-9f439f1468b1
01a02690-0cc3-70e2-9a00-dded69acf084;01a02690-22eb-71cc-a5a4-30339ca9daa3
01a02690-0cc3-70e2-9a00-dded69acf084;01a02690-22eb-71cc-a5a4-303428b6d43e
01a02690-0cc3-70e2-9a00-dded69acf084;01a02690-22eb-71cc-a5a4-30354f9d9186
01a02690-0cc3-70e2-9a00-dded69acf084;01a02690-22eb-71cc-a5a4-3036f0f4cd84
01a02690-0cc3-70e2-9a00-ddee1e3aae6b;01a02690-22e9-71a4-af72-5becc89e54fa
01a02690-0cc3-70e2-9a00-ddeffad3c66c;01a02690-22eb-71cc-a5a4-303728387d9b
01a02690-0cc3-70e2-9a00-ddf0275437ec;01a02690-22eb-71cc-a5a4-303893affee9
01a02690-0cc3-70e2-9a00-ddf1482cf69c;01a02690-22e6-772f-ba89-ecbd8afe49b3
01a02690-0cc3-70e2-9a00-ddf1482cf69c;01a02690-22eb-71cc-a5a4-30399394dd37
01a02690-0cc3-70e2-9a00-ddf2d72fffe7;01a02690-22eb-71cc-a5a4-303aee43bbcc
01a02690-0cc3-70e2-9a00-ddf2d72fffe7;01a02690-22eb-71cc-a5a4-303b1d18441d
01a02690-0cc3-70e2-9a00-ddf2d72fffe7;01a02690-22eb-71cc-a5a4-303c6e45db85
01a02690-0cc3-70e2-9a00-ddf2d72fffe7;01a02690-22eb-71cc-a5a4-303d0ddfb973
01a02690-0cc3-70e2-9a00-ddf31e9b0b10;01a02690-22eb-71cc-a5a4-303e169430c3
01a02690-0cc3-70e2-9a00-ddf45ece04e0;01a02690-22eb-71cc-a5a4-303f9c8358f3
01a02690-0cc3-70e2-9a00-ddf45ece04e0;01a02690-22eb-71cc-a5a4-304090774b1c
01a02690-0cc3-70e2-9a00-ddf56ff73dd6;01a02690-22e7-71eb-b833-302b4c91c66c
01a02690-0cc3-70e2-9a00-ddf6005b6773;01a02690-22eb-71cc-a5a4-30416082a2a0
01a02690-0cc3-70e2-9a00-ddf7a1aed5da;01a02690-22e5-74eb-8ac8-9f085772af1a
01a02690-0cc3-70e2-9a00-ddf8b961946c;01a02690-22e6-772f-ba89-ecc6ce771fb6
01a02690-0cc3-70e2-9a00-ddf934a67ad8;01a02690-22eb-71cc-a5a4-304295dc059e
01a02690-0cc3-70e2-9a00-ddf934a67ad8;01a02690-22eb-71cc-a5a4-30438fad0ba1
01a02690-0cc3-70e2-9a00-ddf934a67ad8;01a02690-22eb-71cc-a5a4-3044f0e2065f
01a02690-0cc3-70e2-9a00-ddf934a67ad8;01a02690-22e6-772f-ba89-ed20edf6d0be
01a02690-0cc3-70e2-9a00-ddfaf06c6991;01a02690-22eb-71cc-a5a4-30455d32671b
01a02690-0cc3-70e2-9a00-ddfbeefa3fff;01a02690-22eb-71cc-a5a4-304647c0200b
01a02690-0cc3-70e2-9a00-ddfc3780faef;01a02690-22eb-71cc-a5a4-304796a0bb4e
01a02690-0cc3-70e2-9a00-ddfc3780faef;01a02690-22eb-71cc-a5a4-30483162f859
01a02690-0cc3-70e2-9a00-ddfc3780faef;01a02690-22eb-71cc-a5a4-3049f4296adc
01a02690-0cc3-70e2-9a00-ddfdf4396493;01a02690-22e9-71a4-af72-5c035d72869c
01a02690-0cc3-70e2-9a00-ddfeb73dbe40;01a02690-22eb-71cc-a5a4-304a91eeb1e8
01a02690-0cc3-70e2-9a00-ddff5ca92868;01a02690-22e8-7496-8881-bf58489ac3d6
01a02690-0cc3-70e2-9a00-de00991eb7b3;01a02690-22eb-71cc-a5a4-304b7efc4185
01a02690-0cc3-70e2-9a00-de018dfc37be;01a02690-22eb-71cc-a5a4-304c8f6591af
01a02690-0cc3-70e2-9a00-de02c7e522ab;01a02690-22eb-71cc-a5a4-304d426d0729
01a02690-0cc3-70e2-9a00-de03760e8afd;01a02690-22eb-71cc-a5a4-304e9b4ad958
01a02690-0cc3-70e2-9a00-de03760e8afd;01a02690-22eb-71cc-a5a4-304fd4e9526b
01a02690-0cc3-70e2-9a00-de043379d620;01a02690-22eb-71cc-a5a4-305046ddc113
01a02690-0cc3-70e2-9a00-de051db2239a;01a02690-22e5-74eb-8ac8-9efe311fd00d
01a02690-0cc3-70e2-9a00-de06224697b4;01a02690-22eb-71cc-a5a4-30513a701d9c
01a02690-0cc3-70e2-9a00-de07fe6c332a;01a02690-22ea-7193-8a3e-1c68de929061
01a02690-0cc3-70e2-9a00-de07fe6c332a;01a02690-22eb-71cc-a5a4-30522d8686e3
01a02690-0cc3-70e2-9a00-de085425e0d3;01a02690-22eb-71cc-a5a4-3053717d4ccd
01a02690-0cc3-70e2-9a00-de085425e0d3;01a02690-22eb-71cc-a5a4-30545fb1f345
01a02690-0cc3-70e2-9a00-de085425e0d3;01a02690-22eb-71cc-a5a4-30553ad6c27a
01a02690-0cc3-70e2-9a00-de09b40417ea;01a02690-22ea-7193-8a3e-1c282759bd93
01a02690-0cc3-70e2-9a00-de0a78f695bf;01a02690-22eb-71cc-a5a4-305641b8c743
01a02690-0cc3-70e2-9a00-de0bf21f172f;01a02690-22eb-71cc-a5a4-3057ca387250
01a02690-0cc3-70e2-9a00-de0c8cb2f678;01a02690-22e3-7064-9388-0fe0f6aabf71
01a02690-0cc3-70e2-9a00-de0d7509a9a9;01a02690-22e3-7064-9388-101f2afd6f0d
01a02690-0cc3-70e2-9a00-de0e881408cf;01a02690-22eb-71cc-a5a4-30584387b255
01a02690-0cc3-70e2-9a00-de0f7e8de9a4;01a02690-22ea-7193-8a3e-1c6e4f7de6f5
01a02690-0cc3-70e2-9a00-de1018cc2d6e;01a02690-22eb-71cc-a5a4-3059e324b72c
01a02690-0cc3-70e2-9a00-de1102d6a0e7;01a02690-22eb-71cc-a5a4-305ae3daad64
01a02690-0cc3-70e2-9a00-de12848e7470;01a02690-22eb-71cc-a5a4-2fe8031006c2
01a02690-0cc3-70e2-9a00-de137b8269dd;01a02690-22ea-7193-8a3e-1bcda7ff9e8d
01a02690-0cc3-70e2-9a00-de14bfa983b0;01a02690-22eb-71cc-a5a4-305bd7b13932
01a02690-0cc3-70e2-9a00-de15fd10f57b;01a02690-22eb-71cc-a5a4-305ce38706e4
01a02690-0cc3-70e2-9a00-de15fd10f57b;01a02690-22eb-71cc-a5a4-305da12f1bfb
01a02690-0cc3-70e2-9a00-de15fd10f57b;01a02690-22eb-71cc-a5a4-305ee3ffc67b
01a02690-0cc3-70e2-9a00-de15fd10f57b;01a02690-22eb-71cc-a5a4-305fdf289669
01a02690-0cc3-70e2-9a00-de15fd10f57b;01a02690-22e8-7496-8881-bf956e2ae81f
01a02690-0cc3-70e2-9a00-de16b260f901;01a02690-22e9-71a4-af72-5c7368b2129f
01a02690-0cc3-70e2-9a00-de17e7364321;01a02690-22e3-7064-9388-1064a9a8399a
01a02690-0cc3-70e2-9a00-de186d43b75d;01a02690-22e4-7376-a60c-b9a93c0e31f9
01a02690-0cc3-70e2-9a00-de19595e3dac;01a02690-22eb-71cc-a5a4-3060b232cb90
01a02690-0cc3-70e2-9a00-de1a5ccfde8c;01a02690-22eb-71cc-a5a4-306194710a62
01a02690-0cc3-70e2-9a00-de1bb02c6d8e;01a02690-22eb-71cc-a5a4-3062358973ba
01a02690-0cc3-70e2-9a00-de1cbf57b10e;01a02690-22eb-71cc-a5a4-30636860c566
01a02690-0cc3-70e2-9a00-de1cbf57b10e;01a02690-22eb-71cc-a5a4-3064ae20543f
01a02690-0cc3-70e2-9a00-de1dd695bbd0;01a02690-22eb-71cc-a5a4-3065e50216a1
01a02690-0cc3-70e2-9a00-de1e31b6e24c;01a02690-22eb-71cc-a5a4-306659c03a55
01a02690-0cc3-70e2-9a00-de1f64851ac8;01a02690-22eb-71cc-a5a4-303e169430c3
01a02690-0cc3-70e2-9a00-de20b42483fc;01a02690-22eb-71cc-a5a4-30671b8cae6a
01a02690-0cc3-70e2-9a00-de21ccf2348f;01a02690-22eb-71cc-a5a4-30687e21b51a
01a02690-0cc3-70e2-9a00-de21ccf2348f;01a02690-22eb-71cc-a5a4-3069cf5707ae
01a02690-0cc3-70e2-9a00-de22a4243823;01a02690-22eb-71cc-a5a4-306aff05a832
01a02690-0cc3-70e2-9a00-de23990bd314;01a02690-22e5-74eb-8ac8-9f15a134293b
01a02690-0cc3-70e2-9a00-de23990bd314;01a02690-22eb-71cc-a5a4-306bdf2db52c
01a02690-0cc3-70e2-9a00-de241903925d;01a02690-22e3-7064-9388-101f2afd6f0d
01a02690-0cc3-70e2-9a00-de25715bf241;01a02690-22eb-71cc-a5a4-306cd4617242
01a02690-0cc3-70e2-9a00-de26ee59c1b2;01a02690-22e4-7376-a60c-b93af99076f5
01a02690-0cc3-70e2-9a00-de27a9ea1336;01a02690-22ea-7193-8a3e-1be3ee96be7b
01a02690-0cc3-70e2-9a00-de27a9ea1336;01a02690-22e3-7064-9388-10347bbe84d2
01a02690-0cc3-70e2-9a00-de287bacf089;01a02690-22eb-71cc-a5a4-306d046bbb6f
01a02690-0cc3-70e2-9a00-de291548061d;01a02690-22eb-71cc-a5a4-306ee0bf54f7
01a02690-0cc3-70e2-9a00-de2ae50d6327;01a02690-22ea-7193-8a3e-1bd85312566b
01a02690-0cc3-70e2-9a00-de2bcabddc03;01a02690-22e3-7064-9388-101f2afd6f0d
01a02690-0cc3-70e2-9a00-de2c2f99d329;01a02690-22eb-71cc-a5a4-306fca7827ba
01a02690-0cc3-70e2-9a00-de2ddc7ddb35;01a02690-22e6-772f-ba89-ecf7aaa795d3
01a02690-0cc3-70e2-9a00-de2ddc7ddb35;01a02690-22e5-74eb-8ac8-9f3ba72be3db
01a02690-0cc3-70e2-9a00-de2eded7288a;01a02690-22eb-71cc-a5a4-3070ecc85b29
01a02690-0cc3-70e2-9a00-de2eded7288a;01a02690-22eb-71cc-a5a4-30710b8d3378
01a02690-0cc3-70e2-9a00-de2f88db3fe3;01a02690-22e8-7496-8881-bf26e71e2370
01a02690-0cc3-70e2-9a00-de2f88db3fe3;01a02690-22eb-71cc-a5a4-3072b71f8ca7
01a02690-0cc3-70e2-9a00-de30befd6903;01a02690-22e6-772f-ba89-eca4f4fdf6d6
01a02690-0cc3-70e2-9a00-de31f15db566;01a02690-22eb-71cc-a5a4-307396659876
01a02690-0cc3-70e2-9a00-de31f15db566;01a02690-22eb-71cc-a5a4-3074e7c4b4ed
01a02690-0cc3-70e2-9a00-de31f15db566;01a02690-22eb-71cc-a5a4-30751d3a7501
01a02690-0cc3-70e2-9a00-de3281479caf;01a02690-22eb-71cc-a5a4-3076654836a0
01a02690-0cc3-70e2-9a00-de3281479caf;01a02690-22eb-71cc-a5a4-3077db48aa32
01a02690-0cc3-70e2-9a00-de3281479caf;01a02690-22eb-71cc-a5a4-3078bcb17516
01a02690-0cc3-70e2-9a00-de3281479caf;01a02690-22eb-71cc-a5a4-307933a62b2c
01a02690-0cc3-70e2-9a00-de3281479caf;01a02690-22eb-71cc-a5a4-307a4de985f7
01a02690-0cc3-70e2-9a00-de3281479caf;01a02690-22eb-71cc-a5a4-307b1a79d3bf
01a02690-0cc3-70e2-9a00-de3281479caf;01a02690-22eb-71cc-a5a4-307c2000e638
01a02690-0cc3-70e2-9a00-de3281479caf;01a02690-22eb-71cc-a5a4-307d5ab15101
01a02690-0cc3-70e2-9a00-de3281479caf;01a02690-22eb-71cc-a5a4-307e448c6331
01a02690-0cc3-70e2-9a00-de3281479caf;01a02690-22eb-71cc-a5a4-307fe0057081
01a02690-0cc3-70e2-9a00-de3281479caf;01a02690-22eb-71cc-a5a4-3080524eb862
01a02690-0cc3-70e2-9a00-de3281479caf;01a02690-22eb-71cc-a5a4-30818a395059
01a02690-0cc3-70e2-9a00-de33947763af;01a02690-22eb-71cc-a5a4-308206baa1e6
01a02690-0cc3-70e2-9a00-de33947763af;01a02690-22eb-71cc-a5a4-3083dc753195
01a02690-0cc3-70e2-9a00-de34f1f5e9ff;01a02690-22e5-74eb-8ac8-9f1a013b5bd3
01a02690-0cc3-70e2-9a00-de3500fbba3e;01a02690-22eb-71cc-a5a4-308448691ae8
01a02690-0cc3-70e2-9a00-de36bbefd422;01a02690-22e6-772f-ba89-ec499f3fc58e
01a02690-0cc3-70e2-9a00-de3707965d4a;01a02690-22eb-71cc-a5a4-3085e72051b0
01a02690-0cc3-70e2-9a00-de38dc6872c2;01a02690-22eb-71cc-a5a4-3086f93786bc
01a02690-0cc3-70e2-9a00-de38dc6872c2;01a02690-22eb-71cc-a5a4-30874c7f570e
01a02690-0cc3-70e2-9a00-de38dc6872c2;01a02690-22eb-71cc-a5a4-30887951035a
01a02690-0cc3-70e2-9a00-de38dc6872c2;01a02690-22eb-71cc-a5a4-308909cc89ed
01a02690-0cc3-70e2-9a00-de39ac1ccd82;01a02690-22eb-71cc-a5a4-308a25e4e893
01a02690-0cc3-70e2-9a00-de3aaa1b358b;01a02690-22eb-71cc-a5a4-308b7647c47e
01a02690-0cc3-70e2-9a00-de3b016c551c;01a02690-22eb-71cc-a5a4-308c41ab6ef3
01a02690-0cc3-70e2-9a00-de3c977e7d99;01a02690-22e5-74eb-8ac8-9f1ba565fb8e
01a02690-0cc3-70e2-9a00-de3dc90d452d;01a02690-22e7-71eb-b833-30ccddf15f5f
01a02690-0cc3-70e2-9a00-de3e800dc565;01a02690-22eb-71cc-a5a4-308de86ec36f
01a02690-0cc3-70e2-9a00-de3e800dc565;01a02690-22eb-71cc-a5a4-308e787612e4
01a02690-0cc3-70e2-9a00-de3e800dc565;01a02690-22eb-71cc-a5a4-308fba706b54
01a02690-0cc3-70e2-9a00-de3e800dc565;01a02690-22eb-71cc-a5a4-30908becd784
01a02690-0cc3-70e2-9a00-de3e800dc565;01a02690-22eb-71cc-a5a4-3091c4e1e2bf
01a02690-0cc3-70e2-9a00-de3e800dc565;01a02690-22eb-71cc-a5a4-3092dcaafaa7
01a02690-0cc3-70e2-9a00-de3e800dc565;01a02690-22eb-71cc-a5a4-3093bb9ef342
01a02690-0cc3-70e2-9a00-de3e800dc565;01a02690-22e7-71eb-b833-3088d6e7e067
01a02690-0cc3-70e2-9a00-de3e800dc565;01a02690-22e7-71eb-b833-30871d2bae5d
01a02690-0cc3-70e2-9a00-de3e800dc565;01a02690-22eb-71cc-a5a4-3094b68ecd55
01a02690-0cc3-70e2-9a00-de3e800dc565;01a02690-22eb-71cc-a5a4-30956d83586b
01a02690-0cc3-70e2-9a00-de3e800dc565;01a02690-22eb-71cc-a5a4-3096b525dc58
01a02690-0cc3-70e2-9a00-de3fc924c2e5;01a02690-22eb-71cc-a5a4-3097f3d44c22
01a02690-0cc3-70e2-9a00-de40484af13d;01a02690-22eb-71cc-a5a4-309856959f13
01a02690-0cc3-70e2-9a00-de41c2db7e9d;01a02690-22eb-71cc-a5a4-3099029b6bb1
01a02690-0cc3-70e2-9a00-de422d9c1467;01a02690-22eb-71cc-a5a4-309afaff3846
01a02690-0cc3-70e2-9a00-de422d9c1467;01a02690-22eb-71cc-a5a4-309bad23b483
01a02690-0cc3-70e2-9a00-de4311f47297;01a02690-22e2-7774-a1a3-e4d2e7cdd23d
01a02690-0cc3-70e2-9a00-de44f274cd6e;01a02690-22e8-7496-8881-bf479f2730d3
01a02690-0cc3-70e2-9a00-de453b23d864;01a02690-22eb-71cc-a5a4-309c7401644e
01a02690-0cc3-70e2-9a00-de453b23d864;01a02690-22eb-71cc-a5a4-309df2222672
01a02690-0cc3-70e2-9a00-de453b23d864;01a02690-22eb-71cc-a5a4-309eda516135
01a02690-0cc3-70e2-9a00-de4673943967;01a02690-22e5-74eb-8ac8-9ef64ce8174f
01a02690-0cc3-70e2-9a00-de4769d728d1;01a02690-22eb-71cc-a5a4-309fa142435b
01a02690-0cc3-70e2-9a00-de4769d728d1;01a02690-22eb-71cc-a5a4-30a05baded9e
01a02690-0cc3-70e2-9a00-de4769d728d1;01a02690-22eb-71cc-a5a4-30a1789ec3ad
01a02690-0cc3-70e2-9a00-de4769d728d1;01a02690-22eb-71cc-a5a4-30a2854b8fa7
01a02690-0cc3-70e2-9a00-de48a3889b7a;01a02690-22eb-71cc-a5a4-30a3587195c1
01a02690-0cc3-70e2-9a00-de48a3889b7a;01a02690-22e7-71eb-b833-308407ad2bc4
01a02690-0cc3-70e2-9a00-de48a3889b7a;01a02690-22ea-7193-8a3e-1c8143d26bb8
01a02690-0cc3-70e2-9a00-de4964b1714b;01a02690-22eb-71cc-a5a4-30a4ce6a200c
01a02690-0cc3-70e2-9a00-de4abb49a505;01a02690-22eb-71cc-a5a4-30a5f0e7a773
01a02690-0cc3-70e2-9a00-de4abb49a505;01a02690-22eb-71cc-a5a4-30a6a5b72036
01a02690-0cc3-70e2-9a00-de4abb49a505;01a02690-22eb-71cc-a5a4-30a7bed4e64b
01a02690-0cc3-70e2-9a00-de4abb49a505;01a02690-22eb-71cc-a5a4-30a8c966b27a
01a02690-0cc3-70e2-9a00-de4abb49a505;01a02690-22eb-71cc-a5a4-30a939343a7a
01a02690-0cc3-70e2-9a00-de4abb49a505;01a02690-22e7-71eb-b833-309c83690e6c
01a02690-0cc3-70e2-9a00-de4b5b6c6054;01a02690-22e6-772f-ba89-ece429b41179
01a02690-0cc3-70e2-9a00-de4c941fafd8;01a02690-22e8-7496-8881-bf479f2730d3
01a02690-0cc3-70e2-9a00-de4d69c1e885;01a02690-22eb-71cc-a5a4-30aadc546226
01a02690-0cc3-70e2-9a00-de4d69c1e885;01a02690-22eb-71cc-a5a4-30abbfa332ca
01a02690-0cc3-70e2-9a00-de4eb913f807;01a02690-22eb-71cc-a5a4-30ac797beb9e
01a02690-0cc3-70e2-9a00-de4eb913f807;01a02690-22eb-71cc-a5a4-30ade4a9f31f
01a02690-0cc3-70e2-9a00-de4eb913f807;01a02690-22eb-71cc-a5a4-30ae0a1f57f4
01a02690-0cc3-70e2-9a00-de4fc4069ffd;01a02690-22eb-71cc-a5a4-30af53634867
01a02690-0cc3-70e2-9a00-de4fc4069ffd;01a02690-22eb-71cc-a5a4-30b0029f0126
01a02690-0cc3-70e2-9a00-de4fc4069ffd;01a02690-22eb-71cc-a5a4-30b160a0d256
01a02690-0cc3-70e2-9a00-de4fc4069ffd;01a02690-22eb-71cc-a5a4-30b221f44d20
01a02690-0cc3-70e2-9a00-de4fc4069ffd;01a02690-22eb-71cc-a5a4-30b33969e913
01a02690-0cc3-70e2-9a00-de5045001a57;01a02690-22eb-71cc-a5a4-30b4a94d556a
01a02690-0cc3-70e2-9a00-de51471b3d12;01a02690-22eb-71cc-a5a4-30b52ee1712f
01a02690-0cc3-70e2-9a00-de5217d5be0e;01a02690-22eb-71cc-a5a4-30b6cf040ea4
01a02690-0cc3-70e2-9a00-de537d3cc9da;01a02690-22eb-71cc-a5a4-30b7d46c4bd6
01a02690-0cc3-70e2-9a00-de5404efb71c;01a02690-22eb-71cc-a5a4-30b8fa2e1393
01a02690-0cc3-70e2-9a00-de5543ef5f74;01a02690-22ea-7193-8a3e-1c1a023b4262
01a02690-0cc3-70e2-9a00-de56bf8f40b5;01a02690-22eb-71cc-a5a4-30b91a9cdaaf
01a02690-0cc3-70e2-9a00-de573ecb5803;01a02690-22eb-71cc-a5a4-30ba5c865471
01a02690-0cc3-70e2-9a00-de584c95d600;01a02690-22eb-71cc-a5a4-30bb7ed66fe1
01a02690-0cc3-70e2-9a00-de5936fb9cb3;01a02690-22eb-71cc-a5a4-30bcd53d57ed
01a02690-0cc3-70e2-9a00-de5a59699f38;01a02690-22eb-71cc-a5a4-30bd720de647
01a02690-0cc3-70e2-9a00-de5b7a6d03f2;01a02690-22eb-71cc-a5a4-30be2f9d2992
01a02690-0cc3-70e2-9a00-de5ce7403b74;01a02690-22e3-7064-9388-1060d87fee89
01a02690-0cc3-70e2-9a00-de5d1d92fe08;01a02690-22e5-74eb-8ac8-9e9a6b7e9262
01a02690-0cc3-70e2-9a00-de5ea0f35aa6;01a02690-22eb-71cc-a5a4-30bf657ad041
01a02690-0cc3-70e2-9a00-de5f2c85652a;01a02690-22eb-71cc-a5a4-30c09d73b7f0
01a02690-0cc3-70e2-9a00-de60df6be1f0;01a02690-22eb-71cc-a5a4-30c13425df51
01a02690-0cc3-70e2-9a00-de61cfcd3029;01a02690-22eb-71cc-a5a4-30c2fe4b0466
01a02690-0cc3-70e2-9a00-de61cfcd3029;01a02690-22eb-71cc-a5a4-30c3b0bfef60
01a02690-0cc3-70e2-9a00-de61cfcd3029;01a02690-22e9-71a4-af72-5c3a55cfd84b
01a02690-0cc3-70e2-9a00-de61cfcd3029;01a02690-22eb-71cc-a5a4-30c42387dd23
01a02690-0cc3-70e2-9a00-de61cfcd3029;01a02690-22eb-71cc-a5a4-30c5bb28b45e
01a02690-0cc3-70e2-9a00-de61cfcd3029;01a02690-22eb-71cc-a5a4-30c693a4e097
01a02690-0cc3-70e2-9a00-de61cfcd3029;01a02690-22eb-71cc-a5a4-30c7bc023b19
01a02690-0cc3-70e2-9a00-de61cfcd3029;01a02690-22eb-71cc-a5a4-30c88201cd4e
01a02690-0cc3-70e2-9a00-de61cfcd3029;01a02690-22eb-71cc-a5a4-30c9abc47761
01a02690-0cc3-70e2-9a00-de61cfcd3029;01a02690-22eb-71cc-a5a4-30ca3f078eb1
01a02690-0cc3-70e2-9a00-de61cfcd3029;01a02690-22eb-71cc-a5a4-30cb6573b84d
01a02690-0cc3-70e2-9a00-de61cfcd3029;01a02690-22ea-7193-8a3e-1bd16d91f1d2
01a02690-0cc3-70e2-9a00-de61cfcd3029;01a02690-22eb-71cc-a5a4-30cce3a02761
01a02690-0cc3-70e2-9a00-de61cfcd3029;01a02690-22eb-71cc-a5a4-2fda978b23e6
01a02690-0cc3-70e2-9a00-de61cfcd3029;01a02690-22eb-71cc-a5a4-30cd0c04145b
01a02690-0cc3-70e2-9a00-de61cfcd3029;01a02690-22eb-71cc-a5a4-30cec50305af
01a02690-0cc3-70e2-9a00-de61cfcd3029;01a02690-22eb-71cc-a5a4-30cf202a2c36
01a02690-0cc3-70e2-9a00-de61cfcd3029;01a02690-22e8-7496-8881-bf27ec0b770c
01a02690-0cc3-70e2-9a00-de61cfcd3029;01a02690-22eb-71cc-a5a4-30d0d07e15f9
01a02690-0cc3-70e2-9a00-de62429efe58;01a02690-22eb-71cc-a5a4-30d1780d5d79
01a02690-0cc3-70e2-9a00-de639dfe559b;01a02690-22e9-71a4-af72-5beadaf7b1c0
01a02690-0cc3-70e2-9a00-de639dfe559b;01a02690-22eb-71cc-a5a4-30d2e5e95d6c
01a02690-0cc3-70e2-9a00-de639dfe559b;01a02690-22eb-71cc-a5a4-30d334e48df5
01a02690-0cc3-70e2-9a00-de64cd14a742;01a02690-22e8-7496-8881-bf28f0af784a
01a02690-0cc3-70e2-9a00-de65fa0d223c;01a02690-22eb-71cc-a5a4-30d43a9da99f
01a02690-0cc3-70e2-9a00-de65fa0d223c;01a02690-22eb-71cc-a5a4-30d5ffe53a48
01a02690-0cc3-70e2-9a00-de6653c8d96e;01a02690-22eb-71cc-a5a4-30d691f7cc21
01a02690-0cc3-70e2-9a00-de6653c8d96e;01a02690-22eb-71cc-a5a4-30d7179ad188
01a02690-0cc3-70e2-9a00-de6653c8d96e;01a02690-22eb-71cc-a5a4-30d86cdb4de3
01a02690-0cc3-70e2-9a00-de6653c8d96e;01a02690-22eb-71cc-a5a4-30d910e71034
01a02690-0cc4-742e-86ec-7dabb5d20b95;01a02690-22eb-71cc-a5a4-30daf4e26a57
01a02690-0cc4-742e-86ec-7dac0f4d4d97;01a02690-22e7-71eb-b833-302b4c91c66c
01a02690-0cc4-742e-86ec-7dad71b25c8a;01a02690-22eb-71cc-a5a4-30dbb584cf7e
01a02690-0cc4-742e-86ec-7dae9d219496;01a02690-22ea-7193-8a3e-1bccf14744ee
01a02690-0cc4-742e-86ec-7daf0f9a45f8;01a02690-22eb-71cc-a5a4-30dc95cae6e3
01a02690-0cc4-742e-86ec-7db05b45219d;01a02690-22ea-7193-8a3e-1c39f244c0e4
01a02690-0cc4-742e-86ec-7db05b45219d;01a02690-22eb-71cc-a5a4-30dd4536cf7b
01a02690-0cc4-742e-86ec-7db05b45219d;01a02690-22eb-71cc-a5a4-30de270e37de
01a02690-0cc4-742e-86ec-7db05b45219d;01a02690-22e8-7496-8881-bf28f0af784a
01a02690-0cc4-742e-86ec-7db1d9775cf6;01a02690-22eb-71cc-a5a4-30dfee103a6f
01a02690-0cc4-742e-86ec-7db2dddfb682;01a02690-22eb-71cc-a5a4-30e0eaba9f44
01a02690-0cc4-742e-86ec-7db3871f070f;01a02690-22eb-71cc-a5a4-30e19f9a36a5
01a02690-0cc4-742e-86ec-7db4f4368cf0;01a02690-22e7-71eb-b833-301c2295d4b7
01a02690-0cc4-742e-86ec-7db59609cd49;01a02690-22ea-7193-8a3e-1c0a11e27cdd
01a02690-0cc4-742e-86ec-7db657457249;01a02690-22eb-71cc-a5a4-30dd4536cf7b
01a02690-0cc4-742e-86ec-7db657457249;01a02690-22eb-71cc-a5a4-30e2f9124592
01a02690-0cc4-742e-86ec-7db76ade3add;01a02690-22e9-71a4-af72-5c01942f51e3
01a02690-0cc4-742e-86ec-7db8ea06b2f5;01a02690-22e4-7376-a60c-b99d956a11e0
01a02690-0cc4-742e-86ec-7db9b2eaf263;01a02690-22eb-71cc-a5a4-30e318d004b9
01a02690-0cc4-742e-86ec-7db9b2eaf263;01a02690-22eb-71cc-a5a4-30e419e0dc04
01a02690-0cc4-742e-86ec-7dba102dc2ce;01a02690-22eb-71cc-a5a4-30e56daad36e
01a02690-0cc4-742e-86ec-7dbb804031fc;01a02690-22eb-71cc-a5a4-30e6ff2661fc
01a02690-0cc4-742e-86ec-7dbc38aa6135;01a02690-22e8-7496-8881-bf9209022348
01a02690-0cc4-742e-86ec-7dbd91674ee9;01a02690-22eb-71cc-a5a4-30e70df0110c
01a02690-0cc4-742e-86ec-7dbe7ad00419;01a02690-22e3-7064-9388-0fd05b9d3bf6
01a02690-0cc4-742e-86ec-7dbf3c343d59;01a02690-22eb-71cc-a5a4-30e8a9b825cf
01a02690-0cc4-742e-86ec-7dc056175a03;01a02690-22eb-71cc-a5a4-30e9a09e2643
01a02690-0cc4-742e-86ec-7dc13bc719cc;01a02690-22eb-71cc-a5a4-30ea30489416
01a02690-0cc4-742e-86ec-7dc27c2c5d9f;01a02690-22e3-7064-9388-101f2afd6f0d
01a02690-0cc4-742e-86ec-7dc390829684;01a02690-22eb-71cc-a5a4-30eb75282778
01a02690-0cc4-742e-86ec-7dc4c58b46d3;01a02690-22e8-7496-8881-bf255473dd50
01a02690-0cc4-742e-86ec-7dc5456f1c40;01a02690-22eb-71cc-a5a4-30ecef3d328a
01a02690-0cc4-742e-86ec-7dc5456f1c40;01a02690-22eb-71cc-a5a4-30ed9dea025d
01a02690-0cc4-742e-86ec-7dc5456f1c40;01a02690-22eb-71cc-a5a4-30ee7cec2421
01a02690-0cc4-742e-86ec-7dc5456f1c40;01a02690-22e6-772f-ba89-ecc7abb00dc0
01a02690-0cc4-742e-86ec-7dc605483a95;01a02690-22eb-71cc-a5a4-30ef6a276c85
01a02690-0cc4-742e-86ec-7dc7a1873452;01a02690-22eb-71cc-a5a4-30dfee103a6f
01a02690-0cc4-742e-86ec-7dc86379a4df;01a02690-22e3-7064-9388-0feeb0b91fdf
01a02690-0cc4-742e-86ec-7dc94037a9e4;01a02690-22eb-71cc-a5a4-2fde205ccfa7
01a02690-0cc4-742e-86ec-7dcabedbf26b;01a02690-22eb-71cc-a5a4-30f0f8a34f45
01a02690-0cc4-742e-86ec-7dcabedbf26b;01a02690-22eb-71cc-a5a4-30f1c3e1d3fe
01a02690-0cc4-742e-86ec-7dcabedbf26b;01a02690-22eb-71cc-a5a4-30f2c7c52b26
01a02690-0cc4-742e-86ec-7dcb5a8934bf;01a02690-22ea-7193-8a3e-1c3073523d9e
01a02690-0cc4-742e-86ec-7dcc69945853;01a02690-22eb-71cc-a5a4-30f387ae2780
01a02690-0cc4-742e-86ec-7dcc69945853;01a02690-22eb-71cc-a5a4-30f4773ab4ed
01a02690-0cc4-742e-86ec-7dcdc8c41205;01a02690-22eb-71cc-a5a4-30f5ed500d40
01a02690-0cc4-742e-86ec-7dce8bee2b85;01a02690-22eb-71cc-a5a4-30f6df7a0d1f
01a02690-0cc4-742e-86ec-7dcf0aff2708;01a02690-22eb-71cc-a5a4-301309c42a7d
01a02690-0cc4-742e-86ec-7dd09a020e87;01a02690-22eb-71cc-a5a4-30f7942d9490
01a02690-0cc4-742e-86ec-7dd09a020e87;01a02690-22e7-71eb-b833-31221fc31cca
01a02690-0cc4-742e-86ec-7dd09a020e87;01a02690-22eb-71cc-a5a4-30f851160f7f
01a02690-0cc4-742e-86ec-7dd09a020e87;01a02690-22ec-7440-b13d-637a5ba91fcb
01a02690-0cc4-742e-86ec-7dd1d4d17f81;01a02690-22ec-7440-b13d-637b701af121
01a02690-0cc4-742e-86ec-7dd1d4d17f81;01a02690-22ec-7440-b13d-637c37ead0b8
01a02690-0cc4-742e-86ec-7dd2d0dd6cbf;01a02690-22ec-7440-b13d-637d16ea3610
01a02690-0cc4-742e-86ec-7dd3c3c2e615;01a02690-22ec-7440-b13d-637ebb4b7076
01a02690-0cc4-742e-86ec-7dd4dd7b1175;01a02690-22ec-7440-b13d-637f265604a5
01a02690-0cc4-742e-86ec-7dd5b88be174;01a02690-22e6-772f-ba89-ecc7abb00dc0
01a02690-0cc4-742e-86ec-7dd606f87bf9;01a02690-22ec-7440-b13d-63803ded08b6
01a02690-0cc4-742e-86ec-7dd7ff1183f6;01a02690-22e8-7496-8881-bfaa254af85d
01a02690-0cc4-742e-86ec-7dd850a1db77;01a02690-22e5-74eb-8ac8-9f085772af1a
01a02690-0cc4-742e-86ec-7dd9bd9c45bb;01a02690-22e6-772f-ba89-ecc6ce771fb6
01a02690-0cc4-742e-86ec-7ddaae1ddec6;01a02690-22e9-71a4-af72-5c5a9dc70e8a
01a02690-0cc4-742e-86ec-7ddb86aab2ed;01a02690-22e8-7496-8881-bf9a912c3ed8
01a02690-0cc4-742e-86ec-7ddcccefe13e;01a02690-22ec-7440-b13d-63813144b0fa
01a02690-0cc4-742e-86ec-7ddd0f8ece0f;01a02690-22ea-7193-8a3e-1c6776d8c394
01a02690-0cc4-742e-86ec-7ddd0f8ece0f;01a02690-22ec-7440-b13d-6382ade89ab9
01a02690-0cc4-742e-86ec-7dde51a4c62f;01a02690-22e4-7376-a60c-b9fc20fef342
01a02690-0cc4-742e-86ec-7dde51a4c62f;01a02690-22ec-7440-b13d-63834de901f9
01a02690-0cc4-742e-86ec-7ddf03a64265;01a02690-22ec-7440-b13d-6384f2c03eae
01a02690-0cc4-742e-86ec-7ddf03a64265;01a02690-22ec-7440-b13d-6385a33bfb6d
01a02690-0cc4-742e-86ec-7de05e530e5a;01a02690-22ec-7440-b13d-6386c6a9eaf9
01a02690-0cc4-742e-86ec-7de15d3d1723;01a02690-22eb-71cc-a5a4-30c3b0bfef60
01a02690-0cc4-742e-86ec-7de15d3d1723;01a02690-22ec-7440-b13d-6387b2f58a1c
01a02690-0cc4-742e-86ec-7de15d3d1723;01a02690-22ec-7440-b13d-6388a61913f4
01a02690-0cc4-742e-86ec-7de15d3d1723;01a02690-22ec-7440-b13d-6389faec2c8b
01a02690-0cc4-742e-86ec-7de15d3d1723;01a02690-22e7-71eb-b833-30b672590737
01a02690-0cc4-742e-86ec-7de2af376826;01a02690-22ec-7440-b13d-638a3dabe9f3
01a02690-0cc4-742e-86ec-7de3440a4464;01a02690-22ec-7440-b13d-638bc44aec8d
01a02690-0cc4-742e-86ec-7de3440a4464;01a02690-22ec-7440-b13d-638c546969f4
01a02690-0cc4-742e-86ec-7de414737099;01a02690-22ec-7440-b13d-638deca0a3cb
01a02690-0cc4-742e-86ec-7de5d42ec1b0;01a02690-22ec-7440-b13d-638ea5fe3da6
01a02690-0cc4-742e-86ec-7de6dd183375;01a02690-22ec-7440-b13d-638f8963d6c2
01a02690-0cc4-742e-86ec-7de6dd183375;01a02690-22ec-7440-b13d-6390c50115a4
01a02690-0cc4-742e-86ec-7de7053ea586;01a02690-22ec-7440-b13d-639168083e5d
01a02690-0cc4-742e-86ec-7de7053ea586;01a02690-22ec-7440-b13d-63923f0eaac2
01a02690-0cc4-742e-86ec-7de8d3123cd3;01a02690-22ec-7440-b13d-63933125501e
01a02690-0cc4-742e-86ec-7de91c45b8ae;01a02690-22ec-7440-b13d-6394ff9c7c0c
01a02690-0cc4-742e-86ec-7de91c45b8ae;01a02690-22ec-7440-b13d-6395ada6bd80
01a02690-0cc4-742e-86ec-7de91c45b8ae;01a02690-22ec-7440-b13d-639669e684aa
01a02690-0cc4-742e-86ec-7dea6cc0fb78;01a02690-22ec-7440-b13d-6397b738dc4d
01a02690-0cc4-742e-86ec-7deb75a6de5c;01a02690-22ec-7440-b13d-6398bdec6351
01a02690-0cc4-742e-86ec-7decc0bae661;01a02690-22ec-7440-b13d-6399cea1bb6f
01a02690-0cc4-742e-86ec-7decc0bae661;01a02690-22ec-7440-b13d-639a4c9aa5b5
01a02690-0cc4-742e-86ec-7decc0bae661;01a02690-22ec-7440-b13d-639b897b5d5b
01a02690-0cc4-742e-86ec-7dedd243a5f9;01a02690-22e8-7496-8881-bfbc58440c8c
01a02690-0cc4-742e-86ec-7dedd243a5f9;01a02690-22ec-7440-b13d-639cb445405c
01a02690-0cc4-742e-86ec-7dee9eb5ee8d;01a02690-22e8-7496-8881-bf61563363d6
01a02690-0cc4-742e-86ec-7def6cac2244;01a02690-22ec-7440-b13d-639d6f217387
01a02690-0cc4-742e-86ec-7def6cac2244;01a02690-22ec-7440-b13d-639e22eaa589
01a02690-0cc4-742e-86ec-7df0ed358747;01a02690-22ec-7440-b13d-639f176c8f3d
01a02690-0cc4-742e-86ec-7df0ed358747;01a02690-22ec-7440-b13d-63a0f0889ab8
01a02690-0cc4-742e-86ec-7df0ed358747;01a02690-22ec-7440-b13d-63a1ddb016f8
01a02690-0cc4-742e-86ec-7df0ed358747;01a02690-22e6-772f-ba89-ec499f3fc58e
01a02690-0cc4-742e-86ec-7df0ed358747;01a02690-22ec-7440-b13d-63a2cb651b58
01a02690-0cc4-742e-86ec-7df1b451df2f;01a02690-22e5-74eb-8ac8-9f65f1430d29
01a02690-0cc4-742e-86ec-7df299febe41;01a02690-22ec-7440-b13d-63a31ebfe43c
01a02690-0cc4-742e-86ec-7df299febe41;01a02690-22ec-7440-b13d-63a4af243937
01a02690-0cc4-742e-86ec-7df299febe41;01a02690-22ec-7440-b13d-63a511e1eda2
01a02690-0cc4-742e-86ec-7df3147066f0;01a02690-22ec-7440-b13d-63a6424d8188
01a02690-0cc4-742e-86ec-7df4bc76dbda;01a02690-22ec-7440-b13d-63a732619a77
01a02690-0cc4-742e-86ec-7df5699fdb37;01a02690-22eb-71cc-a5a4-2fdddd1a4c09
01a02690-0cc4-742e-86ec-7df6df065467;01a02690-22ec-7440-b13d-63a8035b578a
01a02690-0cc4-742e-86ec-7df74fb14e7c;01a02690-22ec-7440-b13d-63a965ecb41e
01a02690-0cc4-742e-86ec-7df88aa80d17;01a02690-22ec-7440-b13d-63aa6dae2d96
01a02690-0cc4-742e-86ec-7df9d40d9d8e;01a02690-22e5-74eb-8ac8-9f3e58024661
01a02690-0cc4-742e-86ec-7df9d40d9d8e;01a02690-22ec-7440-b13d-63ab774183fa
01a02690-0cc4-742e-86ec-7df9d40d9d8e;01a02690-22ec-7440-b13d-63ac04ba38c4
01a02690-0cc4-742e-86ec-7df9d40d9d8e;01a02690-22ec-7440-b13d-63ad964b4f40
01a02690-0cc4-742e-86ec-7df9d40d9d8e;01a02690-22ec-7440-b13d-63ae3456f019
01a02690-0cc4-742e-86ec-7dfab3d80e09;01a02690-22ec-7440-b13d-63afd418bf2f
01a02690-0cc4-742e-86ec-7dfab3d80e09;01a02690-22ec-7440-b13d-63b0d254fd34
01a02690-0cc4-742e-86ec-7dfb821ce327;01a02690-22ea-7193-8a3e-1bfcf65929cb
01a02690-0cc4-742e-86ec-7dfb821ce327;01a02690-22e3-7064-9388-1038fa2bd0d3
01a02690-0cc4-742e-86ec-7dfcf6f5d85a;01a02690-22ec-7440-b13d-63b1e1d9777f
01a02690-0cc4-742e-86ec-7dfd2856adda;01a02690-22e5-74eb-8ac8-9f414871ab1c
01a02690-0cc4-742e-86ec-7dfe6e3b2aba;01a02690-22ec-7440-b13d-63b2958f8926
01a02690-0cc4-742e-86ec-7dfe6e3b2aba;01a02690-22ec-7440-b13d-63b394d00389
01a02690-0cc4-742e-86ec-7dfe6e3b2aba;01a02690-22ec-7440-b13d-63b492b07675
01a02690-0cc4-742e-86ec-7dfe6e3b2aba;01a02690-22ec-7440-b13d-63b562de57b8
01a02690-0cc4-742e-86ec-7dff223a330b;01a02690-22ec-7440-b13d-63b6ebf2e118
01a02690-0cc4-742e-86ec-7dff223a330b;01a02690-22ec-7440-b13d-63b7f703dee4
01a02690-0cc4-742e-86ec-7e00fae987fd;01a02690-22ec-7440-b13d-63b8eddf48d8
01a02690-0cc4-742e-86ec-7e01d46c1b3d;01a02690-22ec-7440-b13d-63b92537735c
01a02690-0cc4-742e-86ec-7e027ad2f72b;01a02690-22e6-772f-ba89-ecc405d7872b
01a02690-0cc4-742e-86ec-7e03032cf970;01a02690-22ec-7440-b13d-63baaaf2c960
01a02690-0cc4-742e-86ec-7e04248c782e;01a02690-22ec-7440-b13d-63bb4b3d3fc9
01a02690-0cc4-742e-86ec-7e053fed5915;01a02690-22ec-7440-b13d-63bce3188959
01a02690-0cc4-742e-86ec-7e06f196240c;01a02690-22ec-7440-b13d-63bddfa8ac33
01a02690-0cc4-742e-86ec-7e075e4cc593;01a02690-22ec-7440-b13d-63bec389f15e
01a02690-0cc4-742e-86ec-7e08ccb93818;01a02690-22eb-71cc-a5a4-2fd7ea250d1c
01a02690-0cc4-742e-86ec-7e09b45dab88;01a02690-22e9-71a4-af72-5c84aa3f4c2d
01a02690-0cc4-742e-86ec-7e09b45dab88;01a02690-22ec-7440-b13d-63bf8b78bf65
01a02690-0cc4-742e-86ec-7e0a21b2b1d2;01a02690-22e9-71a4-af72-5c84aa3f4c2d
01a02690-0cc4-742e-86ec-7e0a21b2b1d2;01a02690-22ec-7440-b13d-63bf8b78bf65
01a02690-0cc4-742e-86ec-7e0b4d9d092b;01a02690-22ec-7440-b13d-63c0c304d6b7
01a02690-0cc4-742e-86ec-7e0b4d9d092b;01a02690-22ec-7440-b13d-63c168ee8ba5
01a02690-0cc4-742e-86ec-7e0b4d9d092b;01a02690-22ec-7440-b13d-63c2d5ed6e8f
01a02690-0cc4-742e-86ec-7e0c5ef2149f;01a02690-22ec-7440-b13d-63c3d805b615
01a02690-0cc4-742e-86ec-7e0c5ef2149f;01a02690-22ec-7440-b13d-63c47f2c95c8
01a02690-0cc4-742e-86ec-7e0c5ef2149f;01a02690-22ec-7440-b13d-63c546dfe415
01a02690-0cc4-742e-86ec-7e0d69e7605a;01a02690-22e8-7496-8881-bf3e0616b116
01a02690-0cc4-742e-86ec-7e0e463fa8bc;01a02690-22ec-7440-b13d-63c6003559cb
01a02690-0cc4-742e-86ec-7e0e463fa8bc;01a02690-22ec-7440-b13d-63c7b66809c5
01a02690-0cc4-742e-86ec-7e0fd3e76681;01a02690-22ec-7440-b13d-63c884462148
01a02690-0cc4-742e-86ec-7e0fd3e76681;01a02690-22ec-7440-b13d-63c99150e224
01a02690-0cc4-742e-86ec-7e10c6f9c6ed;01a02690-22ec-7440-b13d-63ca7f7113d4
01a02690-0cc4-742e-86ec-7e11fde5ccaf;01a02690-22ec-7440-b13d-63cb41539f68
01a02690-0cc4-742e-86ec-7e12ad31d3c8;01a02690-22ec-7440-b13d-63ccc45f33b0
01a02690-0cc4-742e-86ec-7e135de21471;01a02690-22e4-7376-a60c-b93707622b80
01a02690-0cc4-742e-86ec-7e135de21471;01a02690-22ec-7440-b13d-63cda29a3c1f
01a02690-0cc4-742e-86ec-7e1433d43390;01a02690-22ec-7440-b13d-63ce74b72b79
01a02690-0cc4-742e-86ec-7e1433d43390;01a02690-22ec-7440-b13d-63cf06b34926
01a02690-0cc4-742e-86ec-7e1433d43390;01a02690-22ec-7440-b13d-63d0fdedc858
01a02690-0cc4-742e-86ec-7e1433d43390;01a02690-22ec-7440-b13d-63d11e7ab6f2
01a02690-0cc4-742e-86ec-7e1433d43390;01a02690-22e8-7496-8881-bf74201f817a
01a02690-0cc4-742e-86ec-7e1433d43390;01a02690-22ec-7440-b13d-63d20d3e59cf
01a02690-0cc4-742e-86ec-7e1433d43390;01a02690-22ec-7440-b13d-63d329bbc932
01a02690-0cc4-742e-86ec-7e1433d43390;01a02690-22ec-7440-b13d-63d4324bf7ba
01a02690-0cc4-742e-86ec-7e1433d43390;01a02690-22ec-7440-b13d-63d5d745ff0c
01a02690-0cc4-742e-86ec-7e1433d43390;01a02690-22ec-7440-b13d-63d6f13f08b8
01a02690-0cc4-742e-86ec-7e1433d43390;01a02690-22ec-7440-b13d-63d7254177d3
01a02690-0cc4-742e-86ec-7e1433d43390;01a02690-22ec-7440-b13d-63d8eac93dbd
01a02690-0cc4-742e-86ec-7e1433d43390;01a02690-22ec-7440-b13d-63d91e9881d5
01a02690-0cc4-742e-86ec-7e1433d43390;01a02690-22ec-7440-b13d-63dad3400a0c
01a02690-0cc4-742e-86ec-7e1433d43390;01a02690-22ec-7440-b13d-63db66bdd6ba
01a02690-0cc4-742e-86ec-7e1433d43390;01a02690-22ec-7440-b13d-63dc9754473f
01a02690-0cc4-742e-86ec-7e1433d43390;01a02690-22ec-7440-b13d-63dda0599c63
01a02690-0cc4-742e-86ec-7e1433d43390;01a02690-22ec-7440-b13d-63de668e3429
01a02690-0cc4-742e-86ec-7e1433d43390;01a02690-22ec-7440-b13d-63df26dbd174
01a02690-0cc4-742e-86ec-7e1587f2f91d;01a02690-22e6-772f-ba89-ec4407595092
01a02690-0cc4-742e-86ec-7e163cdb964e;01a02690-22ec-7440-b13d-63e01fe2528c
01a02690-0cc4-742e-86ec-7e163cdb964e;01a02690-22ec-7440-b13d-63e101c037d9
01a02690-0cc4-742e-86ec-7e163cdb964e;01a02690-22e8-7496-8881-bf956e2ae81f
01a02690-0cc4-742e-86ec-7e163cdb964e;01a02690-22ea-7193-8a3e-1bbd78ad5b5c
01a02690-0cc4-742e-86ec-7e1778a3b05e;01a02690-22ec-7440-b13d-63e28231580b
01a02690-0cc4-742e-86ec-7e18e213026d;01a02690-22ec-7440-b13d-63e3a3a4ec5b
01a02690-0cc4-742e-86ec-7e18e213026d;01a02690-22ec-7440-b13d-63e4d98cbecb
01a02690-0cc4-742e-86ec-7e19cd3dac66;01a02690-22eb-71cc-a5a4-2fd97d3c3b8b
01a02690-0cc4-742e-86ec-7e19cd3dac66;01a02690-22e4-7376-a60c-b9bde905cddd
01a02690-0cc4-742e-86ec-7e1a4a7c7581;01a02690-22e3-7064-9388-10412236357f
01a02690-0cc4-742e-86ec-7e1b0fa49b63;01a02690-22ec-7440-b13d-63e559454db4
01a02690-0cc4-742e-86ec-7e1b0fa49b63;01a02690-22ec-7440-b13d-63e633d54b58
01a02690-0cc4-742e-86ec-7e1c012bbf9a;01a02690-22ec-7440-b13d-63e746048fb2
01a02690-0cc4-742e-86ec-7e1d3295f2a5;01a02690-22e9-71a4-af72-5c7368b2129f
01a02690-0cc4-742e-86ec-7e1e5e980300;01a02690-22ec-7440-b13d-63e81313f4dc
01a02690-0cc4-742e-86ec-7e1e5e980300;01a02690-22ec-7440-b13d-63e9ed5fddcf
01a02690-0cc4-742e-86ec-7e1f6705f0a5;01a02690-22ec-7440-b13d-63eae9556684
01a02690-0cc4-742e-86ec-7e2040932c47;01a02690-22ec-7440-b13d-63eb690b33b7
01a02690-0cc4-742e-86ec-7e21bd7e94e2;01a02690-22ec-7440-b13d-63ecba6cf052
01a02690-0cc4-742e-86ec-7e21bd7e94e2;01a02690-22ec-7440-b13d-63ed8a5f2df1
01a02690-0cc4-742e-86ec-7e228ae98b96;01a02690-22ec-7440-b13d-63ee44709ffe
01a02690-0cc4-742e-86ec-7e239b0bee2e;01a02690-22e4-7376-a60c-b93707622b80
01a02690-0cc4-742e-86ec-7e239b0bee2e;01a02690-22ec-7440-b13d-63ef016d32d0
01a02690-0cc4-742e-86ec-7e239b0bee2e;01a02690-22ec-7440-b13d-63f0887ff21b
01a02690-0cc4-742e-86ec-7e24c517ce3c;01a02690-22ec-7440-b13d-63f1c8e3a144
01a02690-0cc4-742e-86ec-7e2582aba19c;01a02690-22e9-71a4-af72-5c41841b91db
01a02690-0cc4-742e-86ec-7e26279e2406;01a02690-22ec-7440-b13d-63f2ac3b96bd
01a02690-0cc4-742e-86ec-7e27a5812c48;01a02690-22ec-7440-b13d-63f3c06c65af
01a02690-0cc4-742e-86ec-7e286a87b437;01a02690-22ec-7440-b13d-63f4a2e79354
01a02690-0cc4-742e-86ec-7e29ad3d8c81;01a02690-22ec-7440-b13d-63f51493458e
01a02690-0cc4-742e-86ec-7e29ad3d8c81;01a02690-22ec-7440-b13d-63f648e80f09
01a02690-0cc4-742e-86ec-7e29ad3d8c81;01a02690-22ec-7440-b13d-63f7505b9853
01a02690-0cc4-742e-86ec-7e29ad3d8c81;01a02690-22ec-7440-b13d-63f88903c3f5
01a02690-0cc4-742e-86ec-7e29ad3d8c81;01a02690-22ec-7440-b13d-63f9147949f7
01a02690-0cc4-742e-86ec-7e29ad3d8c81;01a02690-22eb-71cc-a5a4-30004c3d0df0
01a02690-0cc4-742e-86ec-7e2aa9563db6;01a02690-22e8-7496-8881-bff1e33c8ec8
01a02690-0cc4-742e-86ec-7e2b44e0d308;01a02690-22ec-7440-b13d-63fa343ec64e
01a02690-0cc4-742e-86ec-7e2c360af30e;01a02690-22eb-71cc-a5a4-306aff05a832
01a02690-0cc4-742e-86ec-7e2d5c015cad;01a02690-22eb-71cc-a5a4-30dc95cae6e3
01a02690-0cc4-742e-86ec-7e2d5c015cad;01a02690-22e5-74eb-8ac8-9f0bcf3f0f59
01a02690-0cc4-742e-86ec-7e2ecd262373;01a02690-22e7-71eb-b833-304d1d2663ef
01a02690-0cc4-742e-86ec-7e2f64eeedc5;01a02690-22eb-71cc-a5a4-3044f0e2065f
01a02690-0cc4-742e-86ec-7e30df44d984;01a02690-22ec-7440-b13d-63fbee3be543
01a02690-0cc4-742e-86ec-7e31efdb5321;01a02690-22e9-71a4-af72-5c5bbff8bbf9
01a02690-0cc4-742e-86ec-7e32ef39db13;01a02690-22e6-772f-ba89-ec631357e49f
01a02690-0cc4-742e-86ec-7e32ef39db13;01a02690-22ec-7440-b13d-63fc311c605f
01a02690-0cc4-742e-86ec-7e33ff6e9a47;01a02690-22ec-7440-b13d-63fd1988e314
01a02690-0cc4-742e-86ec-7e3484266c31;01a02690-22e3-7064-9388-0feeb0b91fdf
01a02690-0cc4-742e-86ec-7e35a0ac37ae;01a02690-22ec-7440-b13d-63fe9039e062
01a02690-0cc4-742e-86ec-7e36551572aa;01a02690-22e9-71a4-af72-5c0267351e28
01a02690-0cc4-742e-86ec-7e36551572aa;01a02690-22e9-71a4-af72-5c04b2ba46fb
01a02690-0cc4-742e-86ec-7e36551572aa;01a02690-22e9-71a4-af72-5c0719c0464a
01a02690-0cc4-742e-86ec-7e370f588a92;01a02690-22ec-7440-b13d-63ff68a8922b
01a02690-0cc4-742e-86ec-7e370f588a92;01a02690-22ec-7440-b13d-6400e5e6dffa
01a02690-0cc4-742e-86ec-7e370f588a92;01a02690-22ec-7440-b13d-6401df695f91
01a02690-0cc4-742e-86ec-7e370f588a92;01a02690-22ec-7440-b13d-640247c0dd6d
01a02690-0cc4-742e-86ec-7e38f02e0dd2;01a02690-22ec-7440-b13d-64033e8ed945
01a02690-0cc4-742e-86ec-7e399b549bf5;01a02690-22ec-7440-b13d-6404021e4c89
01a02690-0cc4-742e-86ec-7e3aaba77b07;01a02690-22e5-74eb-8ac8-9f5a7fe8c388
01a02690-0cc4-742e-86ec-7e3b3e1f8d93;01a02690-22ec-7440-b13d-640555d68900
01a02690-0cc4-742e-86ec-7e3b3e1f8d93;01a02690-22ec-7440-b13d-640685d7248a
01a02690-0cc4-742e-86ec-7e3cf64e6e92;01a02690-22ec-7440-b13d-63bf8b78bf65
01a02690-0cc4-742e-86ec-7e3d9bd9b651;01a02690-22ec-7440-b13d-6407ca720e75
01a02690-0cc4-742e-86ec-7e3ebd103d10;01a02690-22ec-7440-b13d-6408143e2acf
01a02690-0cc4-742e-86ec-7e3f1aaca10e;01a02690-22ec-7440-b13d-64090c1a0ae6
01a02690-0cc4-742e-86ec-7e409fd5ae2b;01a02690-22ec-7440-b13d-640af63ad71b
01a02690-0cc4-742e-86ec-7e419f1e18f7;01a02690-22ec-7440-b13d-640b2499b0d6
01a02690-0cc4-742e-86ec-7e419f1e18f7;01a02690-22ec-7440-b13d-640c5f86fbc1
01a02690-0cc4-742e-86ec-7e419f1e18f7;01a02690-22ec-7440-b13d-640d1c4338a0
01a02690-0cc4-742e-86ec-7e419f1e18f7;01a02690-22ec-7440-b13d-640e30980d2a
01a02690-0cc4-742e-86ec-7e42391db918;01a02690-22ec-7440-b13d-640f9d11ffac
01a02690-0cc4-742e-86ec-7e433959e0fc;01a02690-22ec-7440-b13d-64105002c517
01a02690-0cc4-742e-86ec-7e4466e54271;01a02690-22ec-7440-b13d-6411e495a3ae
01a02690-0cc4-742e-86ec-7e45649851f7;01a02690-22ec-7440-b13d-64126a73d4f5
01a02690-0cc4-742e-86ec-7e468b2e703d;01a02690-22ec-7440-b13d-6413acfe0c0e
01a02690-0cc4-742e-86ec-7e468b2e703d;01a02690-22e7-71eb-b833-30ddde5662c8
01a02690-0cc4-742e-86ec-7e468b2e703d;01a02690-22ec-7440-b13d-64142e0d41cc
01a02690-0cc4-742e-86ec-7e468b2e703d;01a02690-22ec-7440-b13d-6415d0fdea06
01a02690-0cc4-742e-86ec-7e468b2e703d;01a02690-22e7-71eb-b833-30fd381a7027
01a02690-0cc4-742e-86ec-7e4700e224f1;01a02690-22ec-7440-b13d-64167003984b
01a02690-0cc4-742e-86ec-7e4700e224f1;01a02690-22ec-7440-b13d-64170a7849e0
01a02690-0cc4-742e-86ec-7e4700e224f1;01a02690-22ec-7440-b13d-641862f7109d
01a02690-0cc4-742e-86ec-7e489261b50b;01a02690-22ec-7440-b13d-64196bfd4087
01a02690-0cc4-742e-86ec-7e498de08909;01a02690-22ec-7440-b13d-641a1606cff1
01a02690-0cc4-742e-86ec-7e498de08909;01a02690-22ec-7440-b13d-641bd0c2b7cb
01a02690-0cc4-742e-86ec-7e4a676f6149;01a02690-22ec-7440-b13d-641cae9e8363
01a02690-0cc4-742e-86ec-7e4a676f6149;01a02690-22ec-7440-b13d-641d3dd6f695
01a02690-0cc4-742e-86ec-7e4bc0deaf08;01a02690-22ec-7440-b13d-641e014070f9
01a02690-0cc4-742e-86ec-7e4cfadb0b6c;01a02690-22ec-7440-b13d-641f91a35412
01a02690-0cc4-742e-86ec-7e4cfadb0b6c;01a02690-22ec-7440-b13d-64204d3568ec
01a02690-0cc4-742e-86ec-7e4cfadb0b6c;01a02690-22ec-7440-b13d-6421db6f9ef7
01a02690-0cc4-742e-86ec-7e4cfadb0b6c;01a02690-22ec-7440-b13d-64228f164cb6
01a02690-0cc4-742e-86ec-7e4d808fbcc3;01a02690-22ec-7440-b13d-6423ced5b19d
01a02690-0cc4-742e-86ec-7e4d808fbcc3;01a02690-22ec-7440-b13d-6424144c5d55
01a02690-0cc4-742e-86ec-7e4d808fbcc3;01a02690-22ec-7440-b13d-6425bbb8b3cc
01a02690-0cc4-742e-86ec-7e4d808fbcc3;01a02690-22ec-7440-b13d-64269e543d77
01a02690-0cc4-742e-86ec-7e4d808fbcc3;01a02690-22ec-7440-b13d-6427ea966c1b
01a02690-0cc4-742e-86ec-7e4d808fbcc3;01a02690-22ec-7440-b13d-642847aa36b5
01a02690-0cc4-742e-86ec-7e4d808fbcc3;01a02690-22ec-7440-b13d-642909ce4303
01a02690-0cc4-742e-86ec-7e4d808fbcc3;01a02690-22ec-7440-b13d-642a871029f5
01a02690-0cc4-742e-86ec-7e4d808fbcc3;01a02690-22ec-7440-b13d-642b6b4dfd92
01a02690-0cc4-742e-86ec-7e4e0a6fc39d;01a02690-22ec-7440-b13d-642c79b660b2
01a02690-0cc4-742e-86ec-7e4e0a6fc39d;01a02690-22ec-7440-b13d-642d97dcb8de
01a02690-0cc4-742e-86ec-7e4e0a6fc39d;01a02690-22ec-7440-b13d-642ec1e7a8df
01a02690-0cc4-742e-86ec-7e4e0a6fc39d;01a02690-22ec-7440-b13d-642f8935f6a9
01a02690-0cc4-742e-86ec-7e4e0a6fc39d;01a02690-22ec-7440-b13d-643026926e7f
01a02690-0cc4-742e-86ec-7e4e0a6fc39d;01a02690-22ec-7440-b13d-6431c4770056
01a02690-0cc4-742e-86ec-7e4e0a6fc39d;01a02690-22ec-7440-b13d-6432727232bd
01a02690-0cc4-742e-86ec-7e4f09436b4f;01a02690-22e4-7376-a60c-b9a1c625b954
01a02690-0cc4-742e-86ec-7e50ebd64d41;01a02690-22ec-7440-b13d-64333ca4b931
01a02690-0cc4-742e-86ec-7e50ebd64d41;01a02690-22ec-7440-b13d-6434774787f5
01a02690-0cc4-742e-86ec-7e51d62f60e1;01a02690-22e6-772f-ba89-ec64d02c9adb
01a02690-0cc4-742e-86ec-7e51d62f60e1;01a02690-22e9-71a4-af72-5c4659d32f05
01a02690-0cc4-742e-86ec-7e521123e02b;01a02690-22ec-7440-b13d-64350822e04c
01a02690-0cc4-742e-86ec-7e521123e02b;01a02690-22ec-7440-b13d-64366b5acf60
01a02690-0cc4-742e-86ec-7e521123e02b;01a02690-22ec-7440-b13d-6437c7b09d8f
01a02690-0cc4-742e-86ec-7e521123e02b;01a02690-22ec-7440-b13d-6438db2ad4c9
01a02690-0cc4-742e-86ec-7e521123e02b;01a02690-22ec-7440-b13d-64393c600196
01a02690-0cc4-742e-86ec-7e5375297e55;01a02690-22ec-7440-b13d-643a5f743de6
01a02690-0cc4-742e-86ec-7e5408fc3c31;01a02690-22ec-7440-b13d-643b07494c8e
01a02690-0cc4-742e-86ec-7e55d5f854dc;01a02690-22e4-7376-a60c-b9db54cf073a
01a02690-0cc4-742e-86ec-7e56b1f63fc1;01a02690-22ec-7440-b13d-643c30eb50d2
01a02690-0cc4-742e-86ec-7e57ad9a46f1;01a02690-22ec-7440-b13d-643d96033e53
01a02690-0cc4-742e-86ec-7e57ad9a46f1;01a02690-22ec-7440-b13d-643e2ab49917
01a02690-0cc4-742e-86ec-7e57ad9a46f1;01a02690-22ec-7440-b13d-643f0bd1396b
01a02690-0cc4-742e-86ec-7e57ad9a46f1;01a02690-22ec-7440-b13d-64404e93bc74
01a02690-0cc4-742e-86ec-7e57ad9a46f1;01a02690-22ec-7440-b13d-6441618e8663
01a02690-0cc4-742e-86ec-7e57ad9a46f1;01a02690-22e5-74eb-8ac8-9f439f1468b1
01a02690-0cc4-742e-86ec-7e58e7d04a31;01a02690-22ec-7440-b13d-6442fc2ea974
01a02690-0cc4-742e-86ec-7e58e7d04a31;01a02690-22ec-7440-b13d-644397e9ce83
01a02690-0cc4-742e-86ec-7e58e7d04a31;01a02690-22ec-7440-b13d-6444d49d67cd
01a02690-0cc4-742e-86ec-7e5987af113b;01a02690-22e7-71eb-b833-304e3a939849
01a02690-0cc4-742e-86ec-7e5af3539b81;01a02690-22ec-7440-b13d-6445fe7590c0
01a02690-0cc4-742e-86ec-7e5b1aaf95d1;01a02690-22e7-71eb-b833-308ae0bb37f3
01a02690-0cc4-742e-86ec-7e5c1925a45f;01a02690-22ec-7440-b13d-6446f2a7138f
01a02690-0cc4-742e-86ec-7e5da46730d4;01a02690-22e3-7064-9388-10729fb91cf4
01a02690-0cc4-742e-86ec-7e5e6cd27925;01a02690-22ec-7440-b13d-6447b2c82aee
01a02690-0cc4-742e-86ec-7e5e6cd27925;01a02690-22ec-7440-b13d-644842f40bd6
01a02690-0cc4-742e-86ec-7e5e6cd27925;01a02690-22ec-7440-b13d-6449dfc79335
01a02690-0cc4-742e-86ec-7e5e6cd27925;01a02690-22ec-7440-b13d-644a416fcf1f
01a02690-0cc4-742e-86ec-7e5e6cd27925;01a02690-22ec-7440-b13d-644ba4ca57fc
01a02690-0cc4-742e-86ec-7e5e6cd27925;01a02690-22ec-7440-b13d-644c3ec7c15b
01a02690-0cc4-742e-86ec-7e5fb082ed9f;01a02690-22ec-7440-b13d-644d488f53a4
01a02690-0cc4-742e-86ec-7e5fb082ed9f;01a02690-22ec-7440-b13d-644ebc960217
01a02690-0cc4-742e-86ec-7e5fb082ed9f;01a02690-22ec-7440-b13d-644fe398abd4
01a02690-0cc4-742e-86ec-7e6098739fa6;01a02690-22ec-7440-b13d-6450e84418cf
01a02690-0cc4-742e-86ec-7e614bb7b29a;01a02690-22ec-7440-b13d-645123ad928e
01a02690-0cc4-742e-86ec-7e629879a4ec;01a02690-22ec-7440-b13d-645246a40d04
01a02690-0cc4-742e-86ec-7e639c516692;01a02690-22ec-7440-b13d-64531ce7b441
01a02690-0cc4-742e-86ec-7e64edbded6a;01a02690-22ec-7440-b13d-64541b699f5e
01a02690-0cc4-742e-86ec-7e65e73b4297;01a02690-22e7-71eb-b833-304d1d2663ef
01a02690-0cc4-742e-86ec-7e66ef373207;01a02690-22ec-7440-b13d-64554206b15c
01a02690-0cc4-742e-86ec-7e6704ed4dde;01a02690-22e4-7376-a60c-ba025c4be098
01a02690-0cc4-742e-86ec-7e6873cafcc5;01a02690-22e9-71a4-af72-5c41841b91db
01a02690-0cc4-742e-86ec-7e69c8c0965c;01a02690-22e3-7064-9388-1020f0f08e72
01a02690-0cc4-742e-86ec-7e6a0a0ca9ac;01a02690-22e8-7496-8881-bf2eb20c31fe
01a02690-0cc4-742e-86ec-7e6b0f7ca254;01a02690-22ec-7440-b13d-6456850a8225
01a02690-0cc4-742e-86ec-7e6cd1700764;01a02690-22ec-7440-b13d-64575a4d25bb
01a02690-0cc4-742e-86ec-7e6d4ccd0c9d;01a02690-22e7-71eb-b833-3076879c5976
01a02690-0cc4-742e-86ec-7e6ec061c4fc;01a02690-22ec-7440-b13d-6458f6505d04
01a02690-0cc4-742e-86ec-7e6fe8f234be;01a02690-22ec-7440-b13d-64593c320445
01a02690-0cc4-742e-86ec-7e7086a943c6;01a02690-22e5-74eb-8ac8-9f414871ab1c
01a02690-0cc4-742e-86ec-7e71b741ee66;01a02690-22ec-7440-b13d-645a6fa8ed72
01a02690-0cc4-742e-86ec-7e71b741ee66;01a02690-22ec-7440-b13d-645b60c594e2
01a02690-0cc4-742e-86ec-7e71b741ee66;01a02690-22ec-7440-b13d-645ca8766228
01a02690-0cc4-742e-86ec-7e71b741ee66;01a02690-22ec-7440-b13d-645d91a86821
01a02690-0cc4-742e-86ec-7e71b741ee66;01a02690-22ec-7440-b13d-645e897afa18
01a02690-0cc4-742e-86ec-7e72585c5ec1;01a02690-22ec-7440-b13d-645f7302e481
01a02690-0cc4-742e-86ec-7e738e3d534c;01a02690-22ec-7440-b13d-646078c811cd
01a02690-0cc4-742e-86ec-7e738e3d534c;01a02690-22ec-7440-b13d-6461dfb2d81d
01a02690-0cc4-742e-86ec-7e738e3d534c;01a02690-22e6-772f-ba89-ed19e27429be
01a02690-0cc4-742e-86ec-7e74f1a9e806;01a02690-22ec-7440-b13d-6462473a0703
01a02690-0cc4-742e-86ec-7e75de53c97f;01a02690-22ec-7440-b13d-6463f3c1cb24
01a02690-0cc4-742e-86ec-7e75de53c97f;01a02690-22ec-7440-b13d-646473574f96
01a02690-0cc4-742e-86ec-7e7686c83ba4;01a02690-22ec-7440-b13d-64651393bdb8
01a02690-0cc4-742e-86ec-7e7686c83ba4;01a02690-22e6-772f-ba89-ec4344e1d294
01a02690-0cc4-742e-86ec-7e7686c83ba4;01a02690-22ec-7440-b13d-64665cb35a87
01a02690-0cc4-742e-86ec-7e77fb487ead;01a02690-22eb-71cc-a5a4-306194710a62
01a02690-0cc4-742e-86ec-7e782ba802f7;01a02690-22ec-7440-b13d-64674fe1bc0e
01a02690-0cc4-742e-86ec-7e79a0e630eb;01a02690-22eb-71cc-a5a4-30e70df0110c
01a02690-0cc4-742e-86ec-7e7afc544808;01a02690-22e5-74eb-8ac8-9f2657fe1a9c
01a02690-0cc4-742e-86ec-7e7b13df79ed;01a02690-22e5-74eb-8ac8-9eba69d98c67
01a02690-0cc4-742e-86ec-7e7c2d7e0fdb;01a02690-22ec-7440-b13d-646845a75340
01a02690-0cc4-742e-86ec-7e7d5d552f8b;01a02690-22ec-7440-b13d-6469f05f2a0f
01a02690-0cc4-742e-86ec-7e7e24b0702b;01a02690-22ec-7440-b13d-646a74f0132f
01a02690-0cc4-742e-86ec-7e7f224706ad;01a02690-22e3-7064-9388-10407539abd7
01a02690-0cc4-742e-86ec-7e80647260be;01a02690-22ec-7440-b13d-646be5d92fc7
01a02690-0cc4-742e-86ec-7e80647260be;01a02690-22ec-7440-b13d-646ca99ec4c8
01a02690-0cc4-742e-86ec-7e80647260be;01a02690-22ec-7440-b13d-646d3b5e7784
01a02690-0cc4-742e-86ec-7e80647260be;01a02690-22ec-7440-b13d-646e7072cd09
01a02690-0cc4-742e-86ec-7e80647260be;01a02690-22ec-7440-b13d-646f69490cfa
01a02690-0cc4-742e-86ec-7e80647260be;01a02690-22ec-7440-b13d-647057c74be4
01a02690-0cc4-742e-86ec-7e80647260be;01a02690-22ec-7440-b13d-6471cd570ab7
01a02690-0cc4-742e-86ec-7e80647260be;01a02690-22ec-7440-b13d-64728c011f34
01a02690-0cc4-742e-86ec-7e814ee95119;01a02690-22ec-7440-b13d-64737dcaadfb
01a02690-0cc4-742e-86ec-7e814ee95119;01a02690-22ec-7440-b13d-6474477fbe98
01a02690-0cc4-742e-86ec-7e814ee95119;01a02690-22ec-7440-b13d-647531f51e20
01a02690-0cc4-742e-86ec-7e814ee95119;01a02690-22ec-7440-b13d-647654a4b0ce
01a02690-0cc4-742e-86ec-7e814ee95119;01a02690-22e6-772f-ba89-ed0196d6b77d
01a02690-0cc4-742e-86ec-7e814ee95119;01a02690-22ec-7440-b13d-6477025946dd
01a02690-0cc4-742e-86ec-7e814ee95119;01a02690-22ec-7440-b13d-647826f3bffe
01a02690-0cc4-742e-86ec-7e82b85e1902;01a02690-22ec-7440-b13d-64790536068c
01a02690-0cc4-742e-86ec-7e8340f9278e;01a02690-22ec-7440-b13d-647a3469acb7
01a02690-0cc4-742e-86ec-7e845ec3f240;01a02690-22ec-7440-b13d-647b2c9cf259
01a02690-0cc4-742e-86ec-7e85b777ac2f;01a02690-22ec-7440-b13d-647c57dcc2a2
01a02690-0cc4-742e-86ec-7e86f6570c2f;01a02690-22ec-7440-b13d-647d1341ee85
01a02690-0cc4-742e-86ec-7e879ac283bb;01a02690-22ec-7440-b13d-63e746048fb2
01a02690-0cc4-742e-86ec-7e879ac283bb;01a02690-22ec-7440-b13d-647ef83c7fa2
01a02690-0cc4-742e-86ec-7e88899bcd4d;01a02690-22e7-71eb-b833-30d4f529de85
01a02690-0cc4-742e-86ec-7e88899bcd4d;01a02690-22ec-7440-b13d-647f6f7c5004
01a02690-0cc4-742e-86ec-7e88899bcd4d;01a02690-22ec-7440-b13d-643d96033e53
01a02690-0cc4-742e-86ec-7e88899bcd4d;01a02690-22ec-7440-b13d-6480e0d8728b
01a02690-0cc4-742e-86ec-7e897b96b4ec;01a02690-22e5-74eb-8ac8-9f414871ab1c
01a02690-0cc4-742e-86ec-7e8a244c3ffa;01a02690-22ec-7440-b13d-6481f9896b0e
01a02690-0cc4-742e-86ec-7e8bf6acf080;01a02690-22ec-7440-b13d-64824003094b
01a02690-0cc4-742e-86ec-7e8cd35c31d7;01a02690-22ec-7440-b13d-64839a5fd2d7
01a02690-0cc4-742e-86ec-7e8cd35c31d7;01a02690-22ec-7440-b13d-6484106c2df2
01a02690-0cc4-742e-86ec-7e8d3d8c8895;01a02690-22ec-7440-b13d-6485705b2016
01a02690-0cc4-742e-86ec-7e8e5c937583;01a02690-22ec-7440-b13d-64865b12de54
01a02690-0cc4-742e-86ec-7e8f89dc19fe;01a02690-22ec-7440-b13d-64870f29e54e
01a02690-0cc4-742e-86ec-7e90d0a38d0e;01a02690-22ec-7440-b13d-6488670b475d
01a02690-0cc4-742e-86ec-7e91c9c11a6a;01a02690-22ec-7440-b13d-6489a0f6153c
01a02690-0cc4-742e-86ec-7e91c9c11a6a;01a02690-22ec-7440-b13d-648a308ee0c6
01a02690-0cc4-742e-86ec-7e91c9c11a6a;01a02690-22e7-71eb-b833-305da526f3e2
01a02690-0cc4-742e-86ec-7e91c9c11a6a;01a02690-22ec-7440-b13d-648b80ed87f6
01a02690-0cc4-742e-86ec-7e92a00d6bfc;01a02690-22ec-7440-b13d-648c66a231c5
01a02690-0cc4-742e-86ec-7e92a00d6bfc;01a02690-22eb-71cc-a5a4-306fca7827ba
01a02690-0cc4-742e-86ec-7e930ebf67d0;01a02690-22ec-7440-b13d-648df293f744
01a02690-0cc4-742e-86ec-7e930ebf67d0;01a02690-22e8-7496-8881-bf316a3236f7
01a02690-0cc4-742e-86ec-7e930ebf67d0;01a02690-22e3-7064-9388-105a56e6771a
01a02690-0cc4-742e-86ec-7e94ea7dda44;01a02690-22ec-7440-b13d-648e98169bc0
01a02690-0cc4-742e-86ec-7e94ea7dda44;01a02690-22ec-7440-b13d-648fc3c376a2
01a02690-0cc4-742e-86ec-7e95173ab210;01a02690-22ec-7440-b13d-6490a0f2dad0
01a02690-0cc4-742e-86ec-7e968c1cdcd0;01a02690-22e7-71eb-b833-3049f28bab9a
01a02690-0cc4-742e-86ec-7e968c1cdcd0;01a02690-22e6-772f-ba89-ece6cdaa2aed
01a02690-0cc4-742e-86ec-7e97a138b63a;01a02690-22ec-7440-b13d-6491d685194c
01a02690-0cc4-742e-86ec-7e98dcbadb79;01a02690-22eb-71cc-a5a4-30f5ed500d40
01a02690-0cc4-742e-86ec-7e99fbc29f39;01a02690-22e7-71eb-b833-30ccddf15f5f
01a02690-0cc4-742e-86ec-7e9a0f273262;01a02690-22e4-7376-a60c-ba03d4a94f86
01a02690-0cc4-742e-86ec-7e9bb4fb51e9;01a02690-22ec-7440-b13d-6492ccf11029
01a02690-0cc4-742e-86ec-7e9c6b2428b0;01a02690-22ec-7440-b13d-6484106c2df2
01a02690-0cc4-742e-86ec-7e9dbea8bd6d;01a02690-22ec-7440-b13d-6493ee27574e
01a02690-0cc4-742e-86ec-7e9dbea8bd6d;01a02690-22ec-7440-b13d-649485de82fb
01a02690-0cc4-742e-86ec-7e9ef062bd64;01a02690-22ec-7440-b13d-64955dc52a75
01a02690-0cc4-742e-86ec-7e9fecb65bfd;01a02690-22e4-7376-a60c-b9ff856bba0c
01a02690-0cc4-742e-86ec-7e9fecb65bfd;01a02690-22e3-7064-9388-101c00369893
01a02690-0cc4-742e-86ec-7ea032f1f90d;01a02690-22ec-7440-b13d-6496d520a273
01a02690-0cc4-742e-86ec-7ea132ea6442;01a02690-22ec-7440-b13d-649717106dc0
01a02690-0cc4-742e-86ec-7ea132ea6442;01a02690-22ec-7440-b13d-649837873751
01a02690-0cc4-742e-86ec-7ea132ea6442;01a02690-22ec-7440-b13d-6499ebab1cfc
01a02690-0cc4-742e-86ec-7ea132ea6442;01a02690-22ec-7440-b13d-649a3d319f3b
01a02690-0cc4-742e-86ec-7ea132ea6442;01a02690-22ec-7440-b13d-649bc5b2c49b
01a02690-0cc4-742e-86ec-7ea132ea6442;01a02690-22ec-7440-b13d-649cb6ac7a29
01a02690-0cc4-742e-86ec-7ea132ea6442;01a02690-22ec-7440-b13d-649d3dcb05e3
01a02690-0cc4-742e-86ec-7ea2ab26ec12;01a02690-22ec-7440-b13d-649ea903b344
01a02690-0cc4-742e-86ec-7ea2ab26ec12;01a02690-22ec-7440-b13d-637f265604a5
01a02690-0cc4-742e-86ec-7ea2ab26ec12;01a02690-22ec-7440-b13d-649f2dadc8ca
01a02690-0cc4-742e-86ec-7ea2ab26ec12;01a02690-22ec-7440-b13d-64a0bda4ad3d
01a02690-0cc4-742e-86ec-7ea2ab26ec12;01a02690-22ec-7440-b13d-64a16cb6b061
01a02690-0cc4-742e-86ec-7ea2ab26ec12;01a02690-22ec-7440-b13d-64a2d320b2cc
01a02690-0cc4-742e-86ec-7ea2ab26ec12;01a02690-22ec-7440-b13d-64a36282e4b0
01a02690-0cc4-742e-86ec-7ea3541e7260;01a02690-22ec-7440-b13d-64a4b24590f8
01a02690-0cc4-742e-86ec-7ea4ec0efb6e;01a02690-22eb-71cc-a5a4-304295dc059e
01a02690-0cc4-742e-86ec-7ea59e470b6c;01a02690-22ec-7440-b13d-64a54c85dcae
01a02690-0cc4-742e-86ec-7ea681e3118a;01a02690-22ec-7440-b13d-64a6b0ce7e0d
01a02690-0cc4-742e-86ec-7ea721aec94c;01a02690-22ec-7440-b13d-64a750edc4e2
01a02690-0cc4-742e-86ec-7ea846f93bad;01a02690-22ec-7440-b13d-64a8cf4c3245
01a02690-0cc4-742e-86ec-7ea9938aa176;01a02690-22ec-7440-b13d-64a9b40cf8e9
01a02690-0cc4-742e-86ec-7ea9938aa176;01a02690-22ec-7440-b13d-64aa853e7703
01a02690-0cc4-742e-86ec-7ea9938aa176;01a02690-22ec-7440-b13d-64abcf05285a
01a02690-0cc4-742e-86ec-7ea9938aa176;01a02690-22ec-7440-b13d-64ac642b3e32
01a02690-0cc4-742e-86ec-7ea9938aa176;01a02690-22ec-7440-b13d-64ad210876fb
01a02690-0cc4-742e-86ec-7ea9938aa176;01a02690-22ec-7440-b13d-64aeeacf362c
01a02690-0cc4-742e-86ec-7ea9938aa176;01a02690-22ec-7440-b13d-64afab537440
01a02690-0cc4-742e-86ec-7ea9938aa176;01a02690-22ec-7440-b13d-64b02a4ffc4b
01a02690-0cc4-742e-86ec-7ea9938aa176;01a02690-22ec-7440-b13d-64b1e811a217
01a02690-0cc4-742e-86ec-7ea9938aa176;01a02690-22ec-7440-b13d-64b2d1852e47
01a02690-0cc4-742e-86ec-7ea9938aa176;01a02690-22ec-7440-b13d-64b34c096229
01a02690-0cc4-742e-86ec-7ea9938aa176;01a02690-22ec-7440-b13d-64b4a71d3caf
01a02690-0cc4-742e-86ec-7ea9938aa176;01a02690-22ec-7440-b13d-64b5911442ff
01a02690-0cc4-742e-86ec-7ea9938aa176;01a02690-22ec-7440-b13d-64b6955685eb
01a02690-0cc4-742e-86ec-7ea9938aa176;01a02690-22ec-7440-b13d-64b7a8bcacf1
01a02690-0cc4-742e-86ec-7eaa621aea4e;01a02690-22ec-7440-b13d-64b8966287fa
01a02690-0cc4-742e-86ec-7eabd9febd2e;01a02690-22ec-7440-b13d-64b92ee7e1af
01a02690-0cc4-742e-86ec-7eaca88f42d0;01a02690-22ec-7440-b13d-64ba2e20f093
01a02690-0cc4-742e-86ec-7eaca88f42d0;01a02690-22ec-7440-b13d-64bbda7f88f6
01a02690-0cc4-742e-86ec-7eada741e014;01a02690-22ec-7440-b13d-64bca3e3994a
01a02690-0cc4-742e-86ec-7eada741e014;01a02690-22ec-7440-b13d-64bd1687ec7f
01a02690-0cc4-742e-86ec-7eae15e64300;01a02690-22ec-7440-b13d-64be691f1e26
01a02690-0cc4-742e-86ec-7eae15e64300;01a02690-22ec-7440-b13d-64bf613cda44
01a02690-0cc4-742e-86ec-7eaf40651123;01a02690-22ec-7440-b13d-64c00670c6b2
01a02690-0cc4-742e-86ec-7eb0185102b0;01a02690-22ec-7440-b13d-64c1255823d0
01a02690-0cc4-742e-86ec-7eb0185102b0;01a02690-22ec-7440-b13d-64c2b0270f50
01a02690-0cc4-742e-86ec-7eb1e9cfad4a;01a02690-22ea-7193-8a3e-1c282759bd93
01a02690-0cc4-742e-86ec-7eb29a75b669;01a02690-22ed-76b9-941f-32242442bc06
01a02690-0cc4-742e-86ec-7eb29a75b669;01a02690-22ed-76b9-941f-32258530bf65
01a02690-0cc4-742e-86ec-7eb29a75b669;01a02690-22ed-76b9-941f-322633143f59
01a02690-0cc4-742e-86ec-7eb29a75b669;01a02690-22ed-76b9-941f-3227e22367d0
01a02690-0cc4-742e-86ec-7eb29a75b669;01a02690-22ed-76b9-941f-322837cebcd8
01a02690-0cc4-742e-86ec-7eb29a75b669;01a02690-22ed-76b9-941f-32291b01eceb
01a02690-0cc4-742e-86ec-7eb29a75b669;01a02690-22ed-76b9-941f-322abb172b29
01a02690-0cc4-742e-86ec-7eb3b4c285d4;01a02690-22ed-76b9-941f-322b69cfd14d
01a02690-0cc4-742e-86ec-7eb3b4c285d4;01a02690-22ed-76b9-941f-322c334dc425
01a02690-0cc4-742e-86ec-7eb3b4c285d4;01a02690-22ed-76b9-941f-322d961e55aa
01a02690-0cc4-742e-86ec-7eb3b4c285d4;01a02690-22ed-76b9-941f-322e6381dcf6
01a02690-0cc4-742e-86ec-7eb3b4c285d4;01a02690-22ed-76b9-941f-322f47265ee9
01a02690-0cc4-742e-86ec-7eb4fe2fec36;01a02690-22ed-76b9-941f-3230ac26e7c5
01a02690-0cc4-742e-86ec-7eb5124fba68;01a02690-22ed-76b9-941f-3231d82c5837
01a02690-0cc4-742e-86ec-7eb652b3c4da;01a02690-22ed-76b9-941f-323278c130da
01a02690-0cc4-742e-86ec-7eb7e4776a40;01a02690-22e8-7496-8881-bf479f2730d3
01a02690-0cc4-742e-86ec-7eb8d646a38a;01a02690-22e7-71eb-b833-308ae0bb37f3
01a02690-0cc4-742e-86ec-7eb96198fafc;01a02690-22ed-76b9-941f-3233afec9800
01a02690-0cc4-742e-86ec-7eb96198fafc;01a02690-22ed-76b9-941f-32341369e2de
01a02690-0cc4-742e-86ec-7eba2e585c5d;01a02690-22e8-7496-8881-bf479f2730d3
01a02690-0cc4-742e-86ec-7ebba51d03ef;01a02690-22ed-76b9-941f-3235687d9e58
01a02690-0cc4-742e-86ec-7ebcfcf93883;01a02690-22ed-76b9-941f-32369960d37f
01a02690-0cc4-742e-86ec-7ebcfcf93883;01a02690-22ed-76b9-941f-3237b5bb965e
01a02690-0cc4-742e-86ec-7ebcfcf93883;01a02690-22ed-76b9-941f-3238ed10623e
01a02690-0cc4-742e-86ec-7ebcfcf93883;01a02690-22ea-7193-8a3e-1bd299225083
01a02690-0cc4-742e-86ec-7ebd7511a68b;01a02690-22ed-76b9-941f-323997f6372a
01a02690-0cc4-742e-86ec-7ebd7511a68b;01a02690-22ed-76b9-941f-323ae9798a6c
01a02690-0cc4-742e-86ec-7ebedb1e0eca;01a02690-22ed-76b9-941f-323b3c3d2ec8
01a02690-0cc4-742e-86ec-7ebedb1e0eca;01a02690-22ed-76b9-941f-323caca78711
01a02690-0cc4-742e-86ec-7ebf2d277f4b;01a02690-22e3-7064-9388-101e02287ea7
01a02690-0cc4-742e-86ec-7ec0bcfeba34;01a02690-22ec-7440-b13d-639d6f217387
01a02690-0cc4-742e-86ec-7ec0bcfeba34;01a02690-22ed-76b9-941f-323dc06dfbe8
01a02690-0cc4-742e-86ec-7ec1924c1e23;01a02690-22ed-76b9-941f-323e3a23e2df
01a02690-0cc4-742e-86ec-7ec2d5dbcc20;01a02690-22ed-76b9-941f-323fd59dbd08
01a02690-0cc4-742e-86ec-7ec370ee6659;01a02690-22ed-76b9-941f-3240d812ac4f
01a02690-0cc4-742e-86ec-7ec4a0d96d23;01a02690-22ed-76b9-941f-3241765e65be
01a02690-0cc4-742e-86ec-7ec4a0d96d23;01a02690-22ed-76b9-941f-324244223444
01a02690-0cc4-742e-86ec-7ec4a0d96d23;01a02690-22ed-76b9-941f-3243b1078de1
01a02690-0cc4-742e-86ec-7ec5fc2a3d71;01a02690-22ed-76b9-941f-3244024b5d51
01a02690-0cc4-742e-86ec-7ec5fc2a3d71;01a02690-22ed-76b9-941f-3245e84f6595
01a02690-0cc4-742e-86ec-7ec6233b4a4d;01a02690-22ed-76b9-941f-3246096d2dcc
01a02690-0cc4-742e-86ec-7ec6233b4a4d;01a02690-22ed-76b9-941f-3247a7a84149
01a02690-0cc4-742e-86ec-7ec6233b4a4d;01a02690-22ed-76b9-941f-3248cc2d8c63
01a02690-0cc4-742e-86ec-7ec6233b4a4d;01a02690-22ed-76b9-941f-3249b0c52cfd
01a02690-0cc4-742e-86ec-7ec6233b4a4d;01a02690-22ed-76b9-941f-324ae61c283b
01a02690-0cc4-742e-86ec-7ec6233b4a4d;01a02690-22ed-76b9-941f-324b6612a40a
01a02690-0cc4-742e-86ec-7ec7caadeb08;01a02690-22ed-76b9-941f-324c6617d8e5
01a02690-0cc4-742e-86ec-7ec7caadeb08;01a02690-22ed-76b9-941f-324d76156602
01a02690-0cc4-742e-86ec-7ec7caadeb08;01a02690-22ed-76b9-941f-324e114215d7
01a02690-0cc4-742e-86ec-7ec7caadeb08;01a02690-22ed-76b9-941f-324f062c008e
01a02690-0cc4-742e-86ec-7ec7caadeb08;01a02690-22ed-76b9-941f-325080069c7e
01a02690-0cc4-742e-86ec-7ec7caadeb08;01a02690-22ed-76b9-941f-3251168718c8
01a02690-0cc4-742e-86ec-7ec7caadeb08;01a02690-22ed-76b9-941f-32520e9bf674
01a02690-0cc4-742e-86ec-7ec8853d00b6;01a02690-22e6-772f-ba89-ed15455e5f91
01a02690-0cc4-742e-86ec-7ec95ec0d350;01a02690-22ed-76b9-941f-32536368052d
01a02690-0cc4-742e-86ec-7eca3f9c059b;01a02690-22ed-76b9-941f-3254cbc92b10
01a02690-0cc4-742e-86ec-7eca3f9c059b;01a02690-22ed-76b9-941f-3255c783692a
01a02690-0cc4-742e-86ec-7eca3f9c059b;01a02690-22e3-7064-9388-10059d422d30
01a02690-0cc4-742e-86ec-7eca3f9c059b;01a02690-22ed-76b9-941f-32560c9b08f9
01a02690-0cc4-742e-86ec-7ecb6c8ec301;01a02690-22ed-76b9-941f-325751d6a580
01a02690-0cc4-742e-86ec-7ecc22d6b6d6;01a02690-22ed-76b9-941f-3258a05f37f0
01a02690-0cc4-742e-86ec-7ecdb8c763aa;01a02690-22ed-76b9-941f-3259151aaa66
01a02690-0cc4-742e-86ec-7ecdb8c763aa;01a02690-22ed-76b9-941f-325ac48ac5b9
01a02690-0cc4-742e-86ec-7ecec98bc90f;01a02690-22ed-76b9-941f-325b4c80787a
01a02690-0cc4-742e-86ec-7ecf5332906e;01a02690-22ea-7193-8a3e-1bd85312566b
01a02690-0cc4-742e-86ec-7ed089f7050f;01a02690-22ed-76b9-941f-325cb08a1c9b
01a02690-0cc4-742e-86ec-7ed1ac120a92;01a02690-22ed-76b9-941f-325d91b69843
01a02690-0cc4-742e-86ec-7ed223ae869b;01a02690-22eb-71cc-a5a4-2fde205ccfa7
01a02690-0cc4-742e-86ec-7ed223ae869b;01a02690-22e4-7376-a60c-b9e731f97834
01a02690-0cc4-742e-86ec-7ed223ae869b;01a02690-22ed-76b9-941f-325e5c958f29
01a02690-0cc4-742e-86ec-7ed3464e870c;01a02690-22e5-74eb-8ac8-9ef5df21ee3f
01a02690-0cc4-742e-86ec-7ed468229446;01a02690-22eb-71cc-a5a4-304d426d0729
01a02690-0cc4-742e-86ec-7ed50a0d3622;01a02690-22e3-7064-9388-103a24eb5042
01a02690-0cc4-742e-86ec-7ed50a0d3622;01a02690-22e3-7064-9388-103b0cf1ae2c
01a02690-0cc4-742e-86ec-7ed62d4d9d3e;01a02690-22ed-76b9-941f-325fb09439fd
01a02690-0cc4-742e-86ec-7ed62d4d9d3e;01a02690-22e3-7064-9388-101c00369893
01a02690-0cc4-742e-86ec-7ed62d4d9d3e;01a02690-22ed-76b9-941f-3260516a2a75
01a02690-0cc4-742e-86ec-7ed7878deb87;01a02690-22ed-76b9-941f-32610b3bee30
01a02690-0cc4-742e-86ec-7ed7878deb87;01a02690-22ed-76b9-941f-32624ffc665a
01a02690-0cc4-742e-86ec-7ed843616ea8;01a02690-22ed-76b9-941f-3263e4da696b
01a02690-0cc4-742e-86ec-7ed954cba444;01a02690-22ed-76b9-941f-32644d20e25b
01a02690-0cc4-742e-86ec-7eda1b702573;01a02690-22ea-7193-8a3e-1bef7f2aa1d0
01a02690-0cc4-742e-86ec-7eda1b702573;01a02690-22ed-76b9-941f-32658db11cbb
01a02690-0cc4-742e-86ec-7edbc85304d9;01a02690-22ed-76b9-941f-3266f96adb44
01a02690-0cc4-742e-86ec-7edc3d085b53;01a02690-22ed-76b9-941f-326789aae8bc
01a02690-0cc4-742e-86ec-7edc3d085b53;01a02690-22ed-76b9-941f-3268fc63416b
01a02690-0cc4-742e-86ec-7edc3d085b53;01a02690-22ed-76b9-941f-3269d9e310ab
01a02690-0cc4-742e-86ec-7edd10bf445e;01a02690-22ed-76b9-941f-326a84550c82
01a02690-0cc4-742e-86ec-7ede0e87b4ca;01a02690-22ed-76b9-941f-326bfac59d41
01a02690-0cc4-742e-86ec-7edfc2d083b7;01a02690-22ed-76b9-941f-326bfac59d41
01a02690-0cc4-742e-86ec-7ee08edf89fe;01a02690-22e3-7064-9388-0feeb0b91fdf
01a02690-0cc4-742e-86ec-7ee15d561d99;01a02690-22ed-76b9-941f-326c8affb940
01a02690-0cc4-742e-86ec-7ee15d561d99;01a02690-22ed-76b9-941f-326dcd3ef3e7
01a02690-0cc4-742e-86ec-7ee21a6943bd;01a02690-22ed-76b9-941f-326e63ed8d2b
01a02690-0cc4-742e-86ec-7ee33e267e02;01a02690-22ed-76b9-941f-326faf8c72d3
01a02690-0cc4-742e-86ec-7ee40be8c60c;01a02690-22ed-76b9-941f-3270aa81350f
01a02690-0cc4-742e-86ec-7ee5db541130;01a02690-22ea-7193-8a3e-1c1f453f65aa
01a02690-0cc4-742e-86ec-7ee6190ba15f;01a02690-22ed-76b9-941f-3271639cf26b
01a02690-0cc4-742e-86ec-7ee75a30fd8c;01a02690-22e4-7376-a60c-b9a5235609ed
01a02690-0cc4-742e-86ec-7ee8b78f8caa;01a02690-22ed-76b9-941f-32722e843d5a
01a02690-0cc4-742e-86ec-7ee9b15abcd4;01a02690-22ed-76b9-941f-3273aec47027
01a02690-0cc4-742e-86ec-7ee9b15abcd4;01a02690-22ed-76b9-941f-327417314d21
01a02690-0cc4-742e-86ec-7eea656c4a5f;01a02690-22ed-76b9-941f-3275fd094992
01a02690-0cc4-742e-86ec-7eeb68bb0c94;01a02690-22ed-76b9-941f-327674c7f456
01a02690-0cc4-742e-86ec-7eeb68bb0c94;01a02690-22ed-76b9-941f-3277a8930bc0
01a02690-0cc4-742e-86ec-7eec8138d890;01a02690-22ed-76b9-941f-3278ae27deae
01a02690-0cc4-742e-86ec-7eec8138d890;01a02690-22ed-76b9-941f-327985fecde0
01a02690-0cc4-742e-86ec-7eec8138d890;01a02690-22ed-76b9-941f-327a62d8cd81
01a02690-0cc4-742e-86ec-7eede30dd079;01a02690-22ec-7440-b13d-64554206b15c
01a02690-0cc4-742e-86ec-7eeee7279b89;01a02690-22ed-76b9-941f-327b6d8a5466
01a02690-0cc4-742e-86ec-7eeee7279b89;01a02690-22ea-7193-8a3e-1c846d562d82
01a02690-0cc4-742e-86ec-7eef20e8737d;01a02690-22ed-76b9-941f-327c33a7f029
01a02690-0cc4-742e-86ec-7ef01101f64a;01a02690-22ed-76b9-941f-327d0f0aa40f
01a02690-0cc4-742e-86ec-7ef1de8276f1;01a02690-22ed-76b9-941f-327e7ad648bd
01a02690-0cc4-742e-86ec-7ef2ba6047fa;01a02690-22ed-76b9-941f-327f4f9ae957
01a02690-0cc4-742e-86ec-7ef3412fcaf1;01a02690-22ed-76b9-941f-3280cf3931e6
01a02690-0cc4-742e-86ec-7ef401cf5bb1;01a02690-22ed-76b9-941f-3281491e52a8
01a02690-0cc4-742e-86ec-7ef401cf5bb1;01a02690-22ed-76b9-941f-3282f952fb22
01a02690-0cc4-742e-86ec-7ef5e4c9abd5;01a02690-22eb-71cc-a5a4-2fede8aac479
01a02690-0cc4-742e-86ec-7ef6a30bc647;01a02690-22e8-7496-8881-bf573bd4a9f4
01a02690-0cc4-742e-86ec-7ef6a30bc647;01a02690-22ed-76b9-941f-3283817b999c
01a02690-0cc4-742e-86ec-7ef7747dc85d;01a02690-22ed-76b9-941f-32846b1abb58
01a02690-0cc4-742e-86ec-7ef8c7da882f;01a02690-22ed-76b9-941f-32855028245b
01a02690-0cc4-742e-86ec-7ef8c7da882f;01a02690-22e9-71a4-af72-5c52ed1bcf0d
01a02690-0cc4-742e-86ec-7ef996a9b8db;01a02690-22e7-71eb-b833-3043a54f7513
01a02690-0cc4-742e-86ec-7efac91b00a0;01a02690-22ed-76b9-941f-325e5c958f29
01a02690-0cc4-742e-86ec-7efb876b10a6;01a02690-22ed-76b9-941f-32658db11cbb
01a02690-0cc4-742e-86ec-7efccc7eba3c;01a02690-22e3-7064-9388-0fd05b9d3bf6
01a02690-0cc4-742e-86ec-7efd84f0d80b;01a02690-22ed-76b9-941f-3286bc896f5f
01a02690-0cc4-742e-86ec-7efee9f8638a;01a02690-22e8-7496-8881-bf656c29c2ae
01a02690-0cc4-742e-86ec-7effdc6faf90;01a02690-22e3-7064-9388-100a0f859188
01a02690-0cc4-742e-86ec-7f003ad4bf5a;01a02690-22ed-76b9-941f-328751417bc1
01a02690-0cc4-742e-86ec-7f003ad4bf5a;01a02690-22ed-76b9-941f-32885a3e73f4
01a02690-0cc4-742e-86ec-7f01dd165e0a;01a02690-22e3-7064-9388-0feeb0b91fdf
01a02690-0cc4-742e-86ec-7f02609939e6;01a02690-22ed-76b9-941f-32896f9c3853
01a02690-0cc4-742e-86ec-7f03f7169ae9;01a02690-22ed-76b9-941f-328a72a8af7f
01a02690-0cc4-742e-86ec-7f04f59e5358;01a02690-22ed-76b9-941f-328b3c72db70
01a02690-0cc4-742e-86ec-7f05bcec2a0d;01a02690-22ed-76b9-941f-328ce9bafa9b
01a02690-0cc4-742e-86ec-7f05bcec2a0d;01a02690-22e6-772f-ba89-ecb00aa469fb
01a02690-0cc4-742e-86ec-7f05bcec2a0d;01a02690-22ed-76b9-941f-328d3a40174a
01a02690-0cc4-742e-86ec-7f05bcec2a0d;01a02690-22ed-76b9-941f-328e17bcb2e1
01a02690-0cc4-742e-86ec-7f05bcec2a0d;01a02690-22ed-76b9-941f-328f4d20a343
01a02690-0cc4-742e-86ec-7f05bcec2a0d;01a02690-22ed-76b9-941f-3290cc406134
01a02690-0cc4-742e-86ec-7f06b6986094;01a02690-22e3-7064-9388-1004c291f4c8
01a02690-0cc4-742e-86ec-7f073a867d44;01a02690-22ed-76b9-941f-329161b22960
01a02690-0cc4-742e-86ec-7f083e38c8d1;01a02690-22ed-76b9-941f-329226355027
01a02690-0cc4-742e-86ec-7f09759b745a;01a02690-22ed-76b9-941f-329345b6c293
01a02690-0cc4-742e-86ec-7f0a8fd1db94;01a02690-22ed-76b9-941f-3294c3147494
01a02690-0cc4-742e-86ec-7f0b789b6723;01a02690-22ed-76b9-941f-32952346198e
01a02690-0cc4-742e-86ec-7f0cd1d7e633;01a02690-22ed-76b9-941f-329698b9a555
01a02690-0cc4-742e-86ec-7f0df75fe700;01a02690-22eb-71cc-a5a4-304b7efc4185
01a02690-0cc4-742e-86ec-7f0eaf326320;01a02690-22ed-76b9-941f-3297e4ec66d6
01a02690-0cc4-742e-86ec-7f0fbb753613;01a02690-22ed-76b9-941f-32987aa671b1
01a02690-0cc4-742e-86ec-7f106df2992e;01a02690-22ed-76b9-941f-32990e35d4c5
01a02690-0cc4-742e-86ec-7f111b433370;01a02690-22ed-76b9-941f-329afd44f6f3
01a02690-0cc4-742e-86ec-7f111b433370;01a02690-22ed-76b9-941f-329bf111c543
01a02690-0cc4-742e-86ec-7f111b433370;01a02690-22ed-76b9-941f-329cf462e69e
01a02690-0cc4-742e-86ec-7f111b433370;01a02690-22ed-76b9-941f-329d0ab152ff
01a02690-0cc4-742e-86ec-7f111b433370;01a02690-22ed-76b9-941f-329e9b9bcf4f
01a02690-0cc4-742e-86ec-7f111b433370;01a02690-22ed-76b9-941f-329f5049f0fc
01a02690-0cc4-742e-86ec-7f111b433370;01a02690-22ed-76b9-941f-32a0a10e1cf0
01a02690-0cc4-742e-86ec-7f129cef3bb2;01a02690-22ed-76b9-941f-32a13c8f7e18
01a02690-0cc4-742e-86ec-7f137a64f4d1;01a02690-22ea-7193-8a3e-1bb709463316
01a02690-0cc4-742e-86ec-7f1463481e30;01a02690-22ed-76b9-941f-32a27ccfca6d
01a02690-0cc4-742e-86ec-7f1463481e30;01a02690-22ed-76b9-941f-32a33a75b012
01a02690-0cc4-742e-86ec-7f154ac376f5;01a02690-22ed-76b9-941f-32a47f5aef72
01a02690-0cc4-742e-86ec-7f16ffddb40e;01a02690-22ed-76b9-941f-32a5c2dc3fcb
01a02690-0cc4-742e-86ec-7f1797de053c;01a02690-22ed-76b9-941f-32a6af18fb13
01a02690-0cc4-742e-86ec-7f185f483593;01a02690-22ed-76b9-941f-32a77ae93039
01a02690-0cc4-742e-86ec-7f19860fc136;01a02690-22ed-76b9-941f-32a8a5b9aaba
01a02690-0cc4-742e-86ec-7f19860fc136;01a02690-22ed-76b9-941f-32a97aea09ed
01a02690-0cc4-742e-86ec-7f19860fc136;01a02690-22ed-76b9-941f-32aa84ce206d
01a02690-0cc4-742e-86ec-7f19860fc136;01a02690-22ed-76b9-941f-32abc80e2484
01a02690-0cc4-742e-86ec-7f19860fc136;01a02690-22ed-76b9-941f-32ac85739252
01a02690-0cc4-742e-86ec-7f1aaa218b19;01a02690-22ed-76b9-941f-32adde8c2438
01a02690-0cc4-742e-86ec-7f1aaa218b19;01a02690-22e6-772f-ba89-eca9f14a2cdb
01a02690-0cc4-742e-86ec-7f1aaa218b19;01a02690-22ed-76b9-941f-32aee9366116
01a02690-0cc4-742e-86ec-7f1b2811213e;01a02690-22e8-7496-8881-bfd581da705d
01a02690-0cc4-742e-86ec-7f1b2811213e;01a02690-22e3-7064-9388-105f534d86a5
01a02690-0cc4-742e-86ec-7f1cd5fe25c4;01a02690-22e4-7376-a60c-b9c636079304
01a02690-0cc4-742e-86ec-7f1d6da7d5d6;01a02690-22ed-76b9-941f-32af9e16fff9
01a02690-0cc4-742e-86ec-7f1e31f86163;01a02690-22e6-772f-ba89-ec4344e1d294
01a02690-0cc4-742e-86ec-7f1f41c404aa;01a02690-22ed-76b9-941f-32b00d55b862
01a02690-0cc4-742e-86ec-7f20f600be85;01a02690-22e3-7064-9388-104828cbff47
01a02690-0cc4-742e-86ec-7f21e12a1f7f;01a02690-22ed-76b9-941f-32b13814ec78
01a02690-0cc4-742e-86ec-7f21e12a1f7f;01a02690-22ed-76b9-941f-32b2cde575c9
01a02690-0cc4-742e-86ec-7f21e12a1f7f;01a02690-22ed-76b9-941f-32b3e2148589
01a02690-0cc4-742e-86ec-7f21e12a1f7f;01a02690-22ed-76b9-941f-32b46788191a
01a02690-0cc4-742e-86ec-7f21e12a1f7f;01a02690-22ed-76b9-941f-32b543564ba4
01a02690-0cc4-742e-86ec-7f2212b72789;01a02690-22ed-76b9-941f-32b603f47c2f
01a02690-0cc4-742e-86ec-7f239538fa15;01a02690-22ed-76b9-941f-32b7a5c7da4a
01a02690-0cc4-742e-86ec-7f239538fa15;01a02690-22ed-76b9-941f-32b83f72c673
01a02690-0cc4-742e-86ec-7f239538fa15;01a02690-22ed-76b9-941f-32b9072018bd
01a02690-0cc4-742e-86ec-7f2449a3fecd;01a02690-22ed-76b9-941f-32ba06ce162a
01a02690-0cc4-742e-86ec-7f258511a16c;01a02690-22ed-76b9-941f-32bb078d3fc1
01a02690-0cc4-742e-86ec-7f258511a16c;01a02690-22ed-76b9-941f-32bc98c528f1
01a02690-0cc4-742e-86ec-7f258511a16c;01a02690-22ed-76b9-941f-32bd476860be
01a02690-0cc4-742e-86ec-7f258511a16c;01a02690-22ed-76b9-941f-32be18b3da17
01a02690-0cc4-742e-86ec-7f258511a16c;01a02690-22e3-7064-9388-103d8b6c741e
01a02690-0cc4-742e-86ec-7f265b28a3ee;01a02690-22ea-7193-8a3e-1bfd9799042b
01a02690-0cc4-742e-86ec-7f265b28a3ee;01a02690-22ed-76b9-941f-32bfa985cbe3
01a02690-0cc4-742e-86ec-7f265b28a3ee;01a02690-22ea-7193-8a3e-1be2c17f833a
01a02690-0cc4-742e-86ec-7f265b28a3ee;01a02690-22ed-76b9-941f-32c0f5a01664
01a02690-0cc4-742e-86ec-7f271230ec1f;01a02690-22ed-76b9-941f-32c147cd50d4
01a02690-0cc4-742e-86ec-7f2808350b9b;01a02690-22ed-76b9-941f-32c2a4988ebc
01a02690-0cc4-742e-86ec-7f296c77810b;01a02690-22ed-76b9-941f-32c3804fdd00
01a02690-0cc4-742e-86ec-7f2add6a1b6f;01a02690-22ed-76b9-941f-32c4a3fa0512
01a02690-0cc4-742e-86ec-7f2add6a1b6f;01a02690-22e3-7064-9388-1075d63adbe0
01a02690-0cc4-742e-86ec-7f2add6a1b6f;01a02690-22ed-76b9-941f-32c5e14b14bf
01a02690-0cc4-742e-86ec-7f2add6a1b6f;01a02690-22e8-7496-8881-bf2f683b2e83
01a02690-0cc4-742e-86ec-7f2bf2e17675;01a02690-22ed-76b9-941f-32c6e482020b
01a02690-0cc4-742e-86ec-7f2c3638820a;01a02690-22ed-76b9-941f-32c79c1694d6
01a02690-0cc4-742e-86ec-7f2d1e66eaae;01a02690-22e6-772f-ba89-ece112700e6a
01a02690-0cc4-742e-86ec-7f2ea0a2d8b2;01a02690-22ed-76b9-941f-32c8645f96e7
01a02690-0cc4-742e-86ec-7f2f883d03b4;01a02690-22ed-76b9-941f-32c9090cc2a6
01a02690-0cc4-742e-86ec-7f3075f90a43;01a02690-22ed-76b9-941f-32ca156a5cdd
01a02690-0cc4-742e-86ec-7f31d368993f;01a02690-22ed-76b9-941f-32cbd7c7a630
01a02690-0cc4-742e-86ec-7f31d368993f;01a02690-22ed-76b9-941f-32cc34a61b5b
01a02690-0cc4-742e-86ec-7f3299d66f8c;01a02690-22ed-76b9-941f-32cd891499ad
01a02690-0cc4-742e-86ec-7f3299d66f8c;01a02690-22ed-76b9-941f-32b3e2148589
01a02690-0cc4-742e-86ec-7f3299d66f8c;01a02690-22ed-76b9-941f-32b46788191a
01a02690-0cc4-742e-86ec-7f3376d03cc3;01a02690-22e6-772f-ba89-ecb872eb6ac9
01a02690-0cc4-742e-86ec-7f348db43e90;01a02690-22ed-76b9-941f-32cec1880d5c
01a02690-0cc4-742e-86ec-7f352c6cf8fe;01a02690-22e9-71a4-af72-5cc6862367cd
01a02690-0cc4-742e-86ec-7f352c6cf8fe;01a02690-22ed-76b9-941f-32cf2e25a6f7
01a02690-0cc4-742e-86ec-7f352c6cf8fe;01a02690-22ed-76b9-941f-32d095a3c9fc
01a02690-0cc4-742e-86ec-7f352c6cf8fe;01a02690-22ed-76b9-941f-32d1f277d5bb
01a02690-0cc4-742e-86ec-7f3640a79651;01a02690-22ec-7440-b13d-6491d685194c
01a02690-0cc4-742e-86ec-7f378bbc1c69;01a02690-22ed-76b9-941f-32d214285092
01a02690-0cc4-742e-86ec-7f378bbc1c69;01a02690-22ed-76b9-941f-32d3c802354d
01a02690-0cc4-742e-86ec-7f3814e150d9;01a02690-22ed-76b9-941f-32d4795f5a60
01a02690-0cc4-742e-86ec-7f39955f7e69;01a02690-22e3-7064-9388-0feeb0b91fdf
01a02690-0cc4-742e-86ec-7f3aaca48b83;01a02690-22ed-76b9-941f-32d5d6781ccd
01a02690-0cc4-742e-86ec-7f3aaca48b83;01a02690-22ed-76b9-941f-32d638fd19c7
01a02690-0cc4-742e-86ec-7f3aaca48b83;01a02690-22ea-7193-8a3e-1c95741f5fff
01a02690-0cc4-742e-86ec-7f3aaca48b83;01a02690-22ea-7193-8a3e-1c964e16d527
01a02690-0cc4-742e-86ec-7f3aaca48b83;01a02690-22ed-76b9-941f-32d71719d2c9
01a02690-0cc4-742e-86ec-7f3aaca48b83;01a02690-22ed-76b9-941f-32d88931da21
01a02690-0cc4-742e-86ec-7f3bba8dd2a3;01a02690-22ed-76b9-941f-32d93037516e
01a02690-0cc4-742e-86ec-7f3c90b60b77;01a02690-22ed-76b9-941f-32da9804400f
01a02690-0cc4-742e-86ec-7f3d0b6ce14d;01a02690-22ed-76b9-941f-32db08fe7699
01a02690-0cc4-742e-86ec-7f3e370bd6e0;01a02690-22e6-772f-ba89-ec79441ee527
01a02690-0cc4-742e-86ec-7f3f24c4e75a;01a02690-22ed-76b9-941f-32dc2725bbe4
01a02690-0cc4-742e-86ec-7f409e5f28a1;01a02690-22e6-772f-ba89-ec34fb21b554
01a02690-0cc4-742e-86ec-7f41dac5f17c;01a02690-22ed-76b9-941f-32dddcac9405
01a02690-0cc4-742e-86ec-7f41dac5f17c;01a02690-22ec-7440-b13d-64a6b0ce7e0d
01a02690-0cc4-742e-86ec-7f42c6dd6be9;01a02690-22e7-71eb-b833-305b14c11b62
01a02690-0cc4-742e-86ec-7f43e21e3211;01a02690-22ed-76b9-941f-32de978ad4e0
01a02690-0cc4-742e-86ec-7f44c9e2af19;01a02690-22ed-76b9-941f-32dfb892c54c
01a02690-0cc4-742e-86ec-7f45eac59ab6;01a02690-22e9-71a4-af72-5bded4c66358
01a02690-0cc4-742e-86ec-7f464907454c;01a02690-22ed-76b9-941f-32e0e4a950b5
01a02690-0cc4-742e-86ec-7f464907454c;01a02690-22ed-76b9-941f-32e1d9050b2d
01a02690-0cc4-742e-86ec-7f464907454c;01a02690-22ed-76b9-941f-32e20303e704
01a02690-0cc4-742e-86ec-7f464907454c;01a02690-22ed-76b9-941f-32e3b5edb96e
01a02690-0cc4-742e-86ec-7f47bab8a826;01a02690-22ed-76b9-941f-32e4f32dcc83
01a02690-0cc4-742e-86ec-7f47bab8a826;01a02690-22ed-76b9-941f-32e5d1ecbf0b
01a02690-0cc4-742e-86ec-7f4868c0eb77;01a02690-22e7-71eb-b833-3099c51cc00c
01a02690-0cc4-742e-86ec-7f49d80a4e98;01a02690-22e8-7496-8881-bf94feef4dad
01a02690-0cc4-742e-86ec-7f4ab52f1263;01a02690-22ed-76b9-941f-32e6693c062c
01a02690-0cc4-742e-86ec-7f4b9b0bc977;01a02690-22e7-71eb-b833-30e8892df000
01a02690-0cc4-742e-86ec-7f4c0aca7971;01a02690-22ed-76b9-941f-32610b3bee30
01a02690-0cc4-742e-86ec-7f4dff9c7f61;01a02690-22ed-76b9-941f-32e728d1f294
01a02690-0cc4-742e-86ec-7f4ed5ec05d5;01a02690-22ea-7193-8a3e-1be0407b965c
01a02690-0cc4-742e-86ec-7f4ed5ec05d5;01a02690-22e6-772f-ba89-ed020293cd05
01a02690-0cc4-742e-86ec-7f4ed5ec05d5;01a02690-22ed-76b9-941f-32e8c180f4cc
01a02690-0cc4-742e-86ec-7f4ed5ec05d5;01a02690-22eb-71cc-a5a4-2fd23e0b2e73
01a02690-0cc4-742e-86ec-7f4f9717659c;01a02690-22ed-76b9-941f-32e962315160
01a02690-0cc4-742e-86ec-7f50ff670601;01a02690-22ea-7193-8a3e-1bb5684155a8
01a02690-0cc4-742e-86ec-7f51fdbfb4ee;01a02690-22e7-71eb-b833-308407ad2bc4
01a02690-0cc4-742e-86ec-7f52ae3c62ee;01a02690-22ed-76b9-941f-32ea3ee7337f
01a02690-0cc4-742e-86ec-7f52ae3c62ee;01a02690-22ed-76b9-941f-32eb29c98879
01a02690-0cc4-742e-86ec-7f52ae3c62ee;01a02690-22e5-74eb-8ac8-9f2657fe1a9c
01a02690-0cc4-742e-86ec-7f53ed8f1896;01a02690-22ed-76b9-941f-32ec1e1b0fe8
01a02690-0cc4-742e-86ec-7f54a6a688bb;01a02690-22ed-76b9-941f-32ed39c7a1e7
01a02690-0cc4-742e-86ec-7f54a6a688bb;01a02690-22ed-76b9-941f-32eedcf744e5
01a02690-0cc4-742e-86ec-7f54a6a688bb;01a02690-22ed-76b9-941f-32ef0a5791ec
01a02690-0cc4-742e-86ec-7f54a6a688bb;01a02690-22ed-76b9-941f-32f08038fc95
01a02690-0cc4-742e-86ec-7f54a6a688bb;01a02690-22ed-76b9-941f-32f1d85aac15
01a02690-0cc4-742e-86ec-7f55d28e27f9;01a02690-22e3-7064-9388-0fae31a8f398
01a02690-0cc4-742e-86ec-7f55d28e27f9;01a02690-22e3-7064-9388-0faf96ca2d6c
01a02690-0cc4-742e-86ec-7f55d28e27f9;01a02690-22e3-7064-9388-0fb066baf4b5
01a02690-0cc4-742e-86ec-7f55d28e27f9;01a02690-22e3-7064-9388-0fb17a8aaad3
01a02690-0cc4-742e-86ec-7f5638efb5b6;01a02690-22ed-76b9-941f-32f220c9f92f
01a02690-0cc4-742e-86ec-7f5638efb5b6;01a02690-22e7-71eb-b833-308ae0bb37f3
01a02690-0cc4-742e-86ec-7f5638efb5b6;01a02690-22ed-76b9-941f-32f360877d9e
01a02690-0cc4-742e-86ec-7f579e9f1de6;01a02690-22ed-76b9-941f-32f4c9035864
01a02690-0cc4-742e-86ec-7f58efc64504;01a02690-22ed-76b9-941f-32f56606a52e
01a02690-0cc4-742e-86ec-7f599fc14e34;01a02690-22ed-76b9-941f-32f648fd9859
01a02690-0cc4-742e-86ec-7f599fc14e34;01a02690-22ed-76b9-941f-32f72ed14aa3
01a02690-0cc4-742e-86ec-7f599fc14e34;01a02690-22ed-76b9-941f-32f84d016eba
01a02690-0cc4-742e-86ec-7f599fc14e34;01a02690-22ed-76b9-941f-32f9a5641bd0
01a02690-0cc4-742e-86ec-7f599fc14e34;01a02690-22ed-76b9-941f-32fa59a917e1
01a02690-0cc4-742e-86ec-7f599fc14e34;01a02690-22ed-76b9-941f-32fb290a7e61
01a02690-0cc4-742e-86ec-7f5affddef19;01a02690-22ea-7193-8a3e-1c868cc738e3
01a02690-0cc4-742e-86ec-7f5affddef19;01a02690-22ed-76b9-941f-32fc7622a5e5
01a02690-0cc4-742e-86ec-7f5b92c220dc;01a02690-22ed-76b9-941f-32fd704ca469
01a02690-0cc4-742e-86ec-7f5cf05ceb79;01a02690-22ed-76b9-941f-32fe21de9445
01a02690-0cc4-742e-86ec-7f5da85851fe;01a02690-22eb-71cc-a5a4-30bcd53d57ed
01a02690-0cc4-742e-86ec-7f5eedb88bcf;01a02690-22ed-76b9-941f-32ff09a6d99b
01a02690-0cc4-742e-86ec-7f5eedb88bcf;01a02690-22ed-76b9-941f-33001d3e37cc
01a02690-0cc4-742e-86ec-7f5f05264225;01a02690-22ed-76b9-941f-330127933f77
01a02690-0cc4-742e-86ec-7f5f05264225;01a02690-22ed-76b9-941f-3302591d0f0d
01a02690-0cc4-742e-86ec-7f5f05264225;01a02690-22ed-76b9-941f-33036023f006
01a02690-0cc4-742e-86ec-7f60b48b5b4e;01a02690-22e5-74eb-8ac8-9e9321fb36b3
01a02690-0cc4-742e-86ec-7f60b48b5b4e;01a02690-22ed-76b9-941f-33042a7eebb6
01a02690-0cc4-742e-86ec-7f60b48b5b4e;01a02690-22ed-76b9-941f-330587a506e9
01a02690-0cc4-742e-86ec-7f60b48b5b4e;01a02690-22ed-76b9-941f-3306e9c3e12e
01a02690-0cc4-742e-86ec-7f60b48b5b4e;01a02690-22ed-76b9-941f-33078d21ef5e
01a02690-0cc4-742e-86ec-7f60b48b5b4e;01a02690-22ed-76b9-941f-33085a978005
01a02690-0cc4-742e-86ec-7f618ec5ae06;01a02690-22e5-74eb-8ac8-9f045f69ded8
01a02690-0cc4-742e-86ec-7f62367b5476;01a02690-22ea-7193-8a3e-1c3e1f8a164d
01a02690-0cc4-742e-86ec-7f63df52be7c;01a02690-22ed-76b9-941f-3309c6876a1e
01a02690-0cc4-742e-86ec-7f63df52be7c;01a02690-22ed-76b9-941f-330a13f7e617
01a02690-0cc4-742e-86ec-7f6491c74b27;01a02690-22ed-76b9-941f-330b4f10916d
01a02690-0cc4-742e-86ec-7f6491c74b27;01a02690-22ed-76b9-941f-330ca1150baa
01a02690-0cc4-742e-86ec-7f6507008959;01a02690-22ed-76b9-941f-330dac0e91c2
01a02690-0cc4-742e-86ec-7f665fd7f7e6;01a02690-22ed-76b9-941f-330e65c095ad
01a02690-0cc4-742e-86ec-7f665fd7f7e6;01a02690-22ed-76b9-941f-330f2ed6f3a4
01a02690-0cc4-742e-86ec-7f67bcc53055;01a02690-22ed-76b9-941f-3310b1e191cc
01a02690-0cc4-742e-86ec-7f68d343503f;01a02690-22ed-76b9-941f-3311bc03c4cd
01a02690-0cc4-742e-86ec-7f69bb57cef6;01a02690-22ed-76b9-941f-3312c88775e8
01a02690-0cc4-742e-86ec-7f6a8658f0e7;01a02690-22ed-76b9-941f-3313da1ccafb
01a02690-0cc4-742e-86ec-7f6bddb18c7b;01a02690-22ed-76b9-941f-331412920048
01a02690-0cc4-742e-86ec-7f6caae0f8d5;01a02690-22ed-76b9-941f-3315880e2b89
01a02690-0cc4-742e-86ec-7f6d3261bd09;01a02690-22ed-76b9-941f-3316dbc87f38
01a02690-0cc4-742e-86ec-7f6eba5aef94;01a02690-22e4-7376-a60c-b9a1c625b954
01a02690-0cc4-742e-86ec-7f6fa8267844;01a02690-22ed-76b9-941f-3317c04d09f4
01a02690-0cc4-742e-86ec-7f70ac59870a;01a02690-22ed-76b9-941f-3318f33022ab
01a02690-0cc4-742e-86ec-7f719ddf346b;01a02690-22e9-71a4-af72-5ca68bbabee2
01a02690-0cc4-742e-86ec-7f72f7c2f653;01a02690-22ed-76b9-941f-331941269ebe
01a02690-0cc4-742e-86ec-7f734697f3b4;01a02690-22ed-76b9-941f-331a971b9718
01a02690-0cc4-742e-86ec-7f743ea143f1;01a02690-22ed-76b9-941f-331bb09995a4
01a02690-0cc4-742e-86ec-7f743ea143f1;01a02690-22ed-76b9-941f-331cdf65a8ff
01a02690-0cc4-742e-86ec-7f75d10cbd76;01a02690-22ed-76b9-941f-331d3240110e
01a02690-0cc4-742e-86ec-7f76511e19c6;01a02690-22e9-71a4-af72-5c75746c2a9b
01a02690-0cc4-742e-86ec-7f77371aac11;01a02690-22ec-7440-b13d-645123ad928e
01a02690-0cc4-742e-86ec-7f77371aac11;01a02690-22e6-772f-ba89-ecdab5797a9e
01a02690-0cc4-742e-86ec-7f78a6df09cf;01a02690-22ed-76b9-941f-331eaa665a5f
01a02690-0cc4-742e-86ec-7f7995301787;01a02690-22e5-74eb-8ac8-9eba69d98c67
01a02690-0cc4-742e-86ec-7f7a5aa681ea;01a02690-22ed-76b9-941f-331f6d4d361e
01a02690-0cc4-742e-86ec-7f7b923b114b;01a02690-22ed-76b9-941f-3320b69971f7
01a02690-0cc4-742e-86ec-7f7cb85b4546;01a02690-22ec-7440-b13d-64955dc52a75
01a02690-0cc4-742e-86ec-7f7d052345b5;01a02690-22ed-76b9-941f-3321139ac053
01a02690-0cc4-742e-86ec-7f7e7ccec09c;01a02690-22ed-76b9-941f-3322069cfd7e
01a02690-0cc4-742e-86ec-7f7fa65dd6a2;01a02690-22e8-7496-8881-bf5efbc4ee22
01a02690-0cc4-742e-86ec-7f80cc483c25;01a02690-22ed-76b9-941f-328ce9bafa9b
01a02690-0cc4-742e-86ec-7f81e7a0d616;01a02690-22e8-7496-8881-bfb334ea881e
01a02690-0cc4-742e-86ec-7f82b5d45b29;01a02690-22e3-7064-9388-1054f8237de4
01a02690-0cc4-742e-86ec-7f83d9d902bf;01a02690-22ed-76b9-941f-33235cf3d361
01a02690-0cc4-742e-86ec-7f8407efdbb2;01a02690-22e8-7496-8881-bf61563363d6
01a02690-0cc4-742e-86ec-7f85e00fc81a;01a02690-22e6-772f-ba89-ec669b9ee7ba
01a02690-0cc4-742e-86ec-7f85e00fc81a;01a02690-22e6-772f-ba89-ec671e55eb2f
01a02690-0cc4-742e-86ec-7f85e00fc81a;01a02690-22e6-772f-ba89-ec6810a841f6
01a02690-0cc4-742e-86ec-7f8619756ac1;01a02690-22ed-76b9-941f-3324b5aaea64
01a02690-0cc4-742e-86ec-7f878c18c622;01a02690-22ed-76b9-941f-332560a881b9
01a02690-0cc4-742e-86ec-7f878c18c622;01a02690-22ed-76b9-941f-3326301794cf
01a02690-0cc4-742e-86ec-7f878c18c622;01a02690-22ed-76b9-941f-3327901cc036
01a02690-0cc4-742e-86ec-7f878c18c622;01a02690-22ed-76b9-941f-3328c1c07fdd
01a02690-0cc4-742e-86ec-7f880ad762a5;01a02690-22ed-76b9-941f-33296e5b8b9f
01a02690-0cc4-742e-86ec-7f89a55f3e1f;01a02690-22ed-76b9-941f-332a0a52d237
01a02690-0cc4-742e-86ec-7f89a55f3e1f;01a02690-22ed-76b9-941f-332bacac154c
01a02690-0cc4-742e-86ec-7f8a5cabc5ad;01a02690-22e6-772f-ba89-ecc59d52e948
01a02690-0cc4-742e-86ec-7f8b75dc308d;01a02690-22e4-7376-a60c-b9e262e79eac
01a02690-0cc4-742e-86ec-7f8c222c98ab;01a02690-22ed-76b9-941f-332c4f724765
01a02690-0cc4-742e-86ec-7f8c222c98ab;01a02690-22ed-76b9-941f-332de0ba8331
01a02690-0cc4-742e-86ec-7f8de94a41ce;01a02690-22ed-76b9-941f-32d4795f5a60
01a02690-0cc4-742e-86ec-7f8e594f62c9;01a02690-22e4-7376-a60c-b9471300e26a
01a02690-0cc4-742e-86ec-7f8e594f62c9;01a02690-22ec-7440-b13d-6445fe7590c0
01a02690-0cc4-742e-86ec-7f8fbf90a716;01a02690-22e4-7376-a60c-b92cb1c8290f
01a02690-0cc4-742e-86ec-7f909a81d044;01a02690-22e4-7376-a60c-b9bf5f87d22d
01a02690-0cc4-742e-86ec-7f9161874e7a;01a02690-22ed-76b9-941f-332e0035fc4f
01a02690-0cc4-742e-86ec-7f9161874e7a;01a02690-22ed-76b9-941f-332f7cebb150
01a02690-0cc4-742e-86ec-7f92cbd07e97;01a02690-22eb-71cc-a5a4-3060b232cb90
01a02690-0cc4-742e-86ec-7f930c1c4a44;01a02690-22ed-76b9-941f-33302d6fde42
01a02690-0cc4-742e-86ec-7f946b3b3049;01a02690-22ed-76b9-941f-33311e7425a5
01a02690-0cc4-742e-86ec-7f946b3b3049;01a02690-22ed-76b9-941f-3332c3621471
01a02690-0cc4-742e-86ec-7f946b3b3049;01a02690-22e5-74eb-8ac8-9f593808a173
01a02690-0cc4-742e-86ec-7f946b3b3049;01a02690-22ed-76b9-941f-3333398acbe0
01a02690-0cc4-742e-86ec-7f946b3b3049;01a02690-22e8-7496-8881-bf58489ac3d6
01a02690-0cc4-742e-86ec-7f946b3b3049;01a02690-22ed-76b9-941f-3334b6b217fd
01a02690-0cc4-742e-86ec-7f946b3b3049;01a02690-22ed-76b9-941f-33353546ca9e
01a02690-0cc4-742e-86ec-7f946b3b3049;01a02690-22e7-71eb-b833-30e1d45ce04f
01a02690-0cc4-742e-86ec-7f95b588cf11;01a02690-22e9-71a4-af72-5c01942f51e3
01a02690-0cc4-742e-86ec-7f96696b206a;01a02690-22ed-76b9-941f-333695b3fdcc
01a02690-0cc4-742e-86ec-7f978db57faa;01a02690-22ee-7495-b83f-96db6f28a862
01a02690-0cc4-742e-86ec-7f986e37a5fc;01a02690-22ee-7495-b83f-96dc073a1228
01a02690-0cc4-742e-86ec-7f986e37a5fc;01a02690-22ed-76b9-941f-32885a3e73f4
01a02690-0cc4-742e-86ec-7f99e42bb149;01a02690-22eb-71cc-a5a4-3085e72051b0
01a02690-0cc4-742e-86ec-7f9a6170d063;01a02690-22ee-7495-b83f-96ddce45bb06
01a02690-0cc4-742e-86ec-7f9a6170d063;01a02690-22ee-7495-b83f-96de2f5ee340
01a02690-0cc4-742e-86ec-7f9a6170d063;01a02690-22ee-7495-b83f-96df841b4ba0
01a02690-0cc4-742e-86ec-7f9bdd224b30;01a02690-22e7-71eb-b833-30f298e33390
01a02690-0cc4-742e-86ec-7f9cb3ee8b43;01a02690-22ee-7495-b83f-96e0ab3e0ded
01a02690-0cc4-742e-86ec-7f9dc8c3d0b7;01a02690-22ee-7495-b83f-96e10f0362af
01a02690-0cc4-742e-86ec-7f9ec0f4d237;01a02690-22ee-7495-b83f-96e2b0a74ee6
01a02690-0cc4-742e-86ec-7f9f9f440a18;01a02690-22ee-7495-b83f-96e33b046648
01a02690-0cc4-742e-86ec-7fa0ca760f33;01a02690-22ee-7495-b83f-96e4804de53a
01a02690-0cc4-742e-86ec-7fa0ca760f33;01a02690-22ee-7495-b83f-96e55bc05419
01a02690-0cc4-742e-86ec-7fa0ca760f33;01a02690-22ee-7495-b83f-96e6f9023201
01a02690-0cc4-742e-86ec-7fa0ca760f33;01a02690-22e6-772f-ba89-ed14623d9cbd
01a02690-0cc4-742e-86ec-7fa0ca760f33;01a02690-22ee-7495-b83f-96e7b5215856
01a02690-0cc4-742e-86ec-7fa0ca760f33;01a02690-22ee-7495-b83f-96e88f8125bb
01a02690-0cc4-742e-86ec-7fa0ca760f33;01a02690-22ee-7495-b83f-96e9b77b44c7
01a02690-0cc4-742e-86ec-7fa0ca760f33;01a02690-22ee-7495-b83f-96ea85562447
01a02690-0cc4-742e-86ec-7fa1d0300183;01a02690-22ee-7495-b83f-96eb718ed4ab
01a02690-0cc4-742e-86ec-7fa229860b87;01a02690-22ed-76b9-941f-32520e9bf674
01a02690-0cc4-742e-86ec-7fa3993a9b37;01a02690-22eb-71cc-a5a4-2fe8031006c2
01a02690-0cc4-742e-86ec-7fa4b7e8bc15;01a02690-22e7-71eb-b833-3066fac30e7d
01a02690-0cc4-742e-86ec-7fa4b7e8bc15;01a02690-22e3-7064-9388-1042555778e6
01a02690-0cc4-742e-86ec-7fa4b7e8bc15;01a02690-22ee-7495-b83f-96ecfbdf2e31
01a02690-0cc4-742e-86ec-7fa5c9521e12;01a02690-22ee-7495-b83f-96ed72214db2
01a02690-0cc4-742e-86ec-7fa5c9521e12;01a02690-22ee-7495-b83f-96eeb957a0b1
01a02690-0cc4-742e-86ec-7fa5c9521e12;01a02690-22ed-76b9-941f-3290cc406134
01a02690-0cc4-742e-86ec-7fa6befd786e;01a02690-22ee-7495-b83f-96ef06e33f73
01a02690-0cc4-742e-86ec-7fa6befd786e;01a02690-22ee-7495-b83f-96f0891a534a
01a02690-0cc4-742e-86ec-7fa6befd786e;01a02690-22ed-76b9-941f-3243b1078de1
01a02690-0cc4-742e-86ec-7fa6befd786e;01a02690-22ee-7495-b83f-96f1210c81a4
01a02690-0cc4-742e-86ec-7fa747299893;01a02690-22ee-7495-b83f-96f26743f2d1
01a02690-0cc4-742e-86ec-7fa747299893;01a02690-22ee-7495-b83f-96f39545ce33
01a02690-0cc4-742e-86ec-7fa747299893;01a02690-22ee-7495-b83f-96f4d1c8a9c9
01a02690-0cc4-742e-86ec-7fa747299893;01a02690-22ee-7495-b83f-96f5fcdf11f0
01a02690-0cc4-742e-86ec-7fa747299893;01a02690-22ee-7495-b83f-96f67a603e62
01a02690-0cc4-742e-86ec-7fa747299893;01a02690-22ee-7495-b83f-96f7e0af3fb6
01a02690-0cc4-742e-86ec-7fa8103a2d69;01a02690-22ee-7495-b83f-96f87ed5391f
01a02690-0cc4-742e-86ec-7fa8103a2d69;01a02690-22ee-7495-b83f-96f915bb6a68
01a02690-0cc4-742e-86ec-7fa9af746793;01a02690-22ee-7495-b83f-96fab51bdda6
01a02690-0cc4-742e-86ec-7faaa14902a5;01a02690-22ee-7495-b83f-96fbe3ced208
01a02690-0cc4-742e-86ec-7fab2a0addc6;01a02690-22ec-7440-b13d-6407ca720e75
01a02690-0cc4-742e-86ec-7fac176c1df7;01a02690-22ee-7495-b83f-96fcc5b2e4dd
01a02690-0cc4-742e-86ec-7fad7db88c42;01a02690-22ee-7495-b83f-96fd848aed18
01a02690-0cc4-742e-86ec-7faec0edd779;01a02690-22e3-7064-9388-0fb3d25f51a3
01a02690-0cc4-742e-86ec-7faec0edd779;01a02690-22e3-7064-9388-0fb4954a72af
01a02690-0cc4-742e-86ec-7faf8ffc4ccb;01a02690-22ee-7495-b83f-96fe38fbc886
01a02690-0cc4-742e-86ec-7faf8ffc4ccb;01a02690-22ee-7495-b83f-96ffa0cdbe27
01a02690-0cc4-742e-86ec-7faf8ffc4ccb;01a02690-22eb-71cc-a5a4-30d910e71034
01a02690-0cc4-742e-86ec-7fb0474d3595;01a02690-22ee-7495-b83f-970040cc1cfe
01a02690-0cc4-742e-86ec-7fb1bba4a1df;01a02690-22ee-7495-b83f-9701077f9596
01a02690-0cc4-742e-86ec-7fb2d93670b7;01a02690-22ee-7495-b83f-970265be72c5
01a02690-0cc4-742e-86ec-7fb33c4d40a7;01a02690-22ed-76b9-941f-32d93037516e
01a02690-0cc4-742e-86ec-7fb462d94275;01a02690-22ee-7495-b83f-970381beb70b
01a02690-0cc4-742e-86ec-7fb581e47e31;01a02690-22ee-7495-b83f-97041c8e739c
01a02690-0cc4-742e-86ec-7fb68159a83d;01a02690-22ee-7495-b83f-9705371bf85a
01a02690-0cc4-742e-86ec-7fb68159a83d;01a02690-22ee-7495-b83f-97061ba67021
01a02690-0cc4-742e-86ec-7fb68159a83d;01a02690-22ee-7495-b83f-97078e97ef5d
01a02690-0cc4-742e-86ec-7fb76e3e1a61;01a02690-22ee-7495-b83f-970040cc1cfe
01a02690-0cc4-742e-86ec-7fb8cd3328f2;01a02690-22ee-7495-b83f-9708445530a8
01a02690-0cc4-742e-86ec-7fb9a71964b1;01a02690-22e9-71a4-af72-5be43c9f555c
01a02690-0cc4-742e-86ec-7fbaf66195c3;01a02690-22e3-7064-9388-101f2afd6f0d
01a02690-0cc4-742e-86ec-7fbbf0b9feef;01a02690-22ee-7495-b83f-9709f7cfbd23
01a02690-0cc4-742e-86ec-7fbbf0b9feef;01a02690-22ee-7495-b83f-970aacab5075
01a02690-0cc4-742e-86ec-7fbc17623f41;01a02690-22e4-7376-a60c-b92be389c4d2
01a02690-0cc4-742e-86ec-7fbdb6efb021;01a02690-22e8-7496-8881-bfa36d0dff85
01a02690-0cc4-742e-86ec-7fbe8f29f6a9;01a02690-22e7-71eb-b833-303631054306
01a02690-0cc4-742e-86ec-7fbf6ed3f133;01a02690-22ee-7495-b83f-970ba5fd3863
01a02690-0cc4-742e-86ec-7fc028043d87;01a02690-22ee-7495-b83f-970c65b4474a
01a02690-0cc4-742e-86ec-7fc19db239eb;01a02690-22eb-71cc-a5a4-2fe8031006c2
01a02690-0cc4-742e-86ec-7fc2ea3e2202;01a02690-22ee-7495-b83f-970d2f73ddc6
01a02690-0cc4-742e-86ec-7fc3ec6ff5d0;01a02690-22e3-7064-9388-101f2afd6f0d
01a02690-0cc4-742e-86ec-7fc485eead41;01a02690-22e3-7064-9388-103f098d9f2c
01a02690-0cc4-742e-86ec-7fc5d4f63562;01a02690-22ee-7495-b83f-970e301fd8b0
01a02690-0cc4-742e-86ec-7fc6f6375383;01a02690-22ee-7495-b83f-970fb96585b8
01a02690-0cc4-742e-86ec-7fc7ab92087f;01a02690-22ee-7495-b83f-97109f1d9143
01a02690-0cc4-742e-86ec-7fc7ab92087f;01a02690-22ee-7495-b83f-9711b8b08dbc
01a02690-0cc4-742e-86ec-7fc85379b3f7;01a02690-22ee-7495-b83f-97123b5dff3d
01a02690-0cc4-742e-86ec-7fc95f2ca46b;01a02690-22ee-7495-b83f-97139236ba1e
01a02690-0cc4-742e-86ec-7fca9990d5b0;01a02690-22ee-7495-b83f-97145fd0581f
01a02690-0cc4-742e-86ec-7fcb5b2c80f7;01a02690-22e8-7496-8881-bf84d42f4ec4
01a02690-0cc4-742e-86ec-7fcb5b2c80f7;01a02690-22e6-772f-ba89-eccb040a13a9
01a02690-0cc4-742e-86ec-7fcc5b498039;01a02690-22ed-76b9-941f-3324b5aaea64
01a02690-0cc4-742e-86ec-7fcd49b84534;01a02690-22ee-7495-b83f-9715f2eefe61
01a02690-0cc4-742e-86ec-7fce5f449326;01a02690-22ee-7495-b83f-9716234d96e7
01a02690-0cc4-742e-86ec-7fce5f449326;01a02690-22ee-7495-b83f-97179087e273
01a02690-0cc4-742e-86ec-7fce5f449326;01a02690-22ee-7495-b83f-97189a3886d6
01a02690-0cc4-742e-86ec-7fce5f449326;01a02690-22ee-7495-b83f-9719b2f20099
01a02690-0cc4-742e-86ec-7fcfe6b79a62;01a02690-22ee-7495-b83f-971a1c9a7d83
01a02690-0cc4-742e-86ec-7fd0e6beb23f;01a02690-22ee-7495-b83f-971b855209f7
01a02690-0cc4-742e-86ec-7fd1e4ea757e;01a02690-22ed-76b9-941f-32624ffc665a
01a02690-0cc4-742e-86ec-7fd2813ca16d;01a02690-22e4-7376-a60c-b92d27fc6673
01a02690-0cc4-742e-86ec-7fd3d107d94c;01a02690-22ec-7440-b13d-64651393bdb8
01a02690-0cc4-742e-86ec-7fd3d107d94c;01a02690-22e6-772f-ba89-ec4344e1d294
01a02690-0cc4-742e-86ec-7fd49c9fb12f;01a02690-22ee-7495-b83f-971c49674f8a
01a02690-0cc4-742e-86ec-7fd5e74e8f92;01a02690-22e4-7376-a60c-b974774111f2
01a02690-0cc4-742e-86ec-7fd6cd875b7b;01a02690-22ee-7495-b83f-971d877e6f0e
01a02690-0cc4-742e-86ec-7fd7ee5ac121;01a02690-22ee-7495-b83f-971e6ce8caec
01a02690-0cc4-742e-86ec-7fd7ee5ac121;01a02690-22ee-7495-b83f-971f785bf8b5
01a02690-0cc4-742e-86ec-7fd7ee5ac121;01a02690-22ee-7495-b83f-9720aa6b9a62
01a02690-0cc4-742e-86ec-7fd7ee5ac121;01a02690-22e9-71a4-af72-5caeed23bb40
01a02690-0cc4-742e-86ec-7fd7ee5ac121;01a02690-22ee-7495-b83f-972119e6204a
01a02690-0cc4-742e-86ec-7fd7ee5ac121;01a02690-22ee-7495-b83f-97228a8b887a
01a02690-0cc4-742e-86ec-7fd7ee5ac121;01a02690-22ee-7495-b83f-9723519cfaa7
01a02690-0cc4-742e-86ec-7fd7ee5ac121;01a02690-22ee-7495-b83f-9724164c1f41
01a02690-0cc4-742e-86ec-7fd7ee5ac121;01a02690-22ee-7495-b83f-9725dd50ae00
01a02690-0cc4-742e-86ec-7fd7ee5ac121;01a02690-22ee-7495-b83f-97261f78c23a
01a02690-0cc4-742e-86ec-7fd7ee5ac121;01a02690-22ee-7495-b83f-9727d145fc09
01a02690-0cc4-742e-86ec-7fd7ee5ac121;01a02690-22ee-7495-b83f-972850021cb9
01a02690-0cc4-742e-86ec-7fd7ee5ac121;01a02690-22ee-7495-b83f-9729884453c5
01a02690-0cc4-742e-86ec-7fd7ee5ac121;01a02690-22e4-7376-a60c-b958e747f396
01a02690-0cc4-742e-86ec-7fd7ee5ac121;01a02690-22ee-7495-b83f-972acef38275
01a02690-0cc4-742e-86ec-7fd7ee5ac121;01a02690-22ee-7495-b83f-972b8cbbb63a
01a02690-0cc4-742e-86ec-7fd7ee5ac121;01a02690-22ee-7495-b83f-972cd39a4b47
01a02690-0cc4-742e-86ec-7fd7ee5ac121;01a02690-22ee-7495-b83f-972dde08dbc5
01a02690-0cc4-742e-86ec-7fd84471de3a;01a02690-22ee-7495-b83f-972ed8c1971c
01a02690-0cc4-742e-86ec-7fd9ba754afb;01a02690-22ee-7495-b83f-972f6e54fd9e
01a02690-0cc4-742e-86ec-7fda85303e01;01a02690-22ee-7495-b83f-97306ded0ff2
01a02690-0cc4-742e-86ec-7fdb2fc84eb0;01a02690-22ee-7495-b83f-9731b11218b1
01a02690-0cc4-742e-86ec-7fdc68eb1a80;01a02690-22ea-7193-8a3e-1c1f453f65aa
01a02690-0cc4-742e-86ec-7fdd65c6ff98;01a02690-22ee-7495-b83f-9732e26af654
01a02690-0cc4-742e-86ec-7fde7088f629;01a02690-22ee-7495-b83f-973360ea8493
01a02690-0cc4-742e-86ec-7fdf5be394f7;01a02690-22ee-7495-b83f-9734e78b2017
01a02690-0cc4-742e-86ec-7fe013d66a19;01a02690-22e2-7774-a1a3-e4d2e7cdd23d
01a02690-0cc4-742e-86ec-7fe1a60977ed;01a02690-22ee-7495-b83f-97352cdebf7f
01a02690-0cc4-742e-86ec-7fe28fc4180b;01a02690-22ee-7495-b83f-973657bc5726
01a02690-0cc4-742e-86ec-7fe28fc4180b;01a02690-22ee-7495-b83f-97370d2b736d
01a02690-0cc4-742e-86ec-7fe28fc4180b;01a02690-22ee-7495-b83f-9738784bfff4
01a02690-0cc4-742e-86ec-7fe28fc4180b;01a02690-22ee-7495-b83f-973926836331
01a02690-0cc4-742e-86ec-7fe3889a7ccd;01a02690-22ee-7495-b83f-973a31d7eb34
01a02690-0cc4-742e-86ec-7fe44b36b32f;01a02690-22e9-71a4-af72-5c8a4b3d03e7
01a02690-0cc4-742e-86ec-7fe5aa99e646;01a02690-22e8-7496-8881-bfef361b23c2
01a02690-0cc4-742e-86ec-7fe6df3d1554;01a02690-22ee-7495-b83f-973b9584e570
01a02690-0cc4-742e-86ec-7fe6df3d1554;01a02690-22ee-7495-b83f-973c975646e9
01a02690-0cc4-742e-86ec-7fe790efbd43;01a02690-22ee-7495-b83f-973d02545e76
01a02690-0cc4-742e-86ec-7fe790efbd43;01a02690-22e8-7496-8881-bf4084c17750
01a02690-0cc4-742e-86ec-7fe8a664934c;01a02690-22ee-7495-b83f-973ea98d8ebc
01a02690-0cc4-742e-86ec-7fe8a664934c;01a02690-22ee-7495-b83f-973ff3752cf8
01a02690-0cc4-742e-86ec-7fe8a664934c;01a02690-22ee-7495-b83f-974020c449e2
01a02690-0cc4-742e-86ec-7fe8a664934c;01a02690-22ee-7495-b83f-97414caf4654
01a02690-0cc4-742e-86ec-7fe8a664934c;01a02690-22ee-7495-b83f-9742c11ffeb6
01a02690-0cc4-742e-86ec-7fe8a664934c;01a02690-22ee-7495-b83f-97438739fd29
01a02690-0cc4-742e-86ec-7fe8a664934c;01a02690-22ee-7495-b83f-9744416f0fa3
01a02690-0cc4-742e-86ec-7fe9c7ae6279;01a02690-22ee-7495-b83f-97456c20668a
01a02690-0cc4-742e-86ec-7fea8eeb3d9d;01a02690-22ee-7495-b83f-974662d2bcb7
01a02690-0cc4-742e-86ec-7fea8eeb3d9d;01a02690-22ee-7495-b83f-974711f1a7d4
01a02690-0cc4-742e-86ec-7fea8eeb3d9d;01a02690-22ee-7495-b83f-9748bbc59101
01a02690-0cc4-742e-86ec-7fea8eeb3d9d;01a02690-22ee-7495-b83f-974933902c69
01a02690-0cc4-742e-86ec-7feb6a5ad32f;01a02690-22ee-7495-b83f-974aa95eb8d2
01a02690-0cc4-742e-86ec-7fec36a400e0;01a02690-22ee-7495-b83f-974b6d50fcdd
01a02690-0cc4-742e-86ec-7fec36a400e0;01a02690-22ee-7495-b83f-974cc06aa942
01a02690-0cc4-742e-86ec-7feda612711a;01a02690-22eb-71cc-a5a4-2ff2396f2c5e
01a02690-0cc4-742e-86ec-7feea3f5dae8;01a02690-22e9-71a4-af72-5bdf9ec4899a
01a02690-0cc4-742e-86ec-7fefb1f05ada;01a02690-22ee-7495-b83f-974d5a8d76d8
01a02690-0cc4-742e-86ec-7ff0d5131b5f;01a02690-22ee-7495-b83f-974e9867eae6
01a02690-0cc4-742e-86ec-7ff12d50e511;01a02690-22ee-7495-b83f-974f14befdb0
01a02690-0cc4-742e-86ec-7ff12d50e511;01a02690-22ee-7495-b83f-975058941c3a
01a02690-0cc4-742e-86ec-7ff260c3e9f9;01a02690-22ee-7495-b83f-97510b57152e
01a02690-0cc4-742e-86ec-7ff260c3e9f9;01a02690-22ee-7495-b83f-9752c4f3ed02
01a02690-0cc4-742e-86ec-7ff260c3e9f9;01a02690-22ee-7495-b83f-9753f8df8602
01a02690-0cc4-742e-86ec-7ff3d4e7325a;01a02690-22eb-71cc-a5a4-301261698ce8
01a02690-0cc4-742e-86ec-7ff49d0921c9;01a02690-22ea-7193-8a3e-1c69f9bdc12b
01a02690-0cc4-742e-86ec-7ff49d0921c9;01a02690-22ee-7495-b83f-97548a460ea5
01a02690-0cc4-742e-86ec-7ff49d0921c9;01a02690-22ee-7495-b83f-9755e07ecf50
01a02690-0cc4-742e-86ec-7ff5560a5f97;01a02690-22ee-7495-b83f-9756306c44b9
01a02690-0cc4-742e-86ec-7ff608239fc7;01a02690-22e9-71a4-af72-5c3a55cfd84b
01a02690-0cc4-742e-86ec-7ff608239fc7;01a02690-22ee-7495-b83f-975799d02d0e
01a02690-0cc4-742e-86ec-7ff608239fc7;01a02690-22ee-7495-b83f-975890cb555f
01a02690-0cc4-742e-86ec-7ff608239fc7;01a02690-22ee-7495-b83f-9759e71fe224
01a02690-0cc4-742e-86ec-7ff78fa26cbe;01a02690-22ee-7495-b83f-975aeccefe5d
01a02690-0cc4-742e-86ec-7ff885ce793e;01a02690-22ee-7495-b83f-975b08e51cd5
01a02690-0cc4-742e-86ec-7ff91a5ee45a;01a02690-22e4-7376-a60c-b92be389c4d2
01a02690-0cc4-742e-86ec-7ffabfd94e5a;01a02690-22ee-7495-b83f-975c88513ab1
01a02690-0cc4-742e-86ec-7ffba987897f;01a02690-22e3-7064-9388-10407539abd7
01a02690-0cc4-742e-86ec-7ffc0e1c8aa2;01a02690-22e9-71a4-af72-5c06149385cd
01a02690-0cc4-742e-86ec-7ffd3504369f;01a02690-22ee-7495-b83f-975d0b247284
01a02690-0cc4-742e-86ec-7ffed084bfdf;01a02690-22ee-7495-b83f-975ebe529021
01a02690-0cc4-742e-86ec-7ffed084bfdf;01a02690-22ee-7495-b83f-975f975b3dd8
01a02690-0cc4-742e-86ec-7fff36fda951;01a02690-22ee-7495-b83f-9760faeaf83f
01a02690-0cc4-742e-86ec-7fff36fda951;01a02690-22ee-7495-b83f-9761066aec62
01a02690-0cc4-742e-86ec-8000095e2877;01a02690-22ee-7495-b83f-9762b2a39115
01a02690-0cc4-742e-86ec-8001914524c0;01a02690-22ee-7495-b83f-9763771d7322
01a02690-0cc4-742e-86ec-8002a5f44d2d;01a02690-22ee-7495-b83f-97649f83ed57
01a02690-0cc4-742e-86ec-8002a5f44d2d;01a02690-22ee-7495-b83f-9765ce0ffbfa
01a02690-0cc4-742e-86ec-80039d473bf8;01a02690-22e3-7064-9388-0feeb0b91fdf
01a02690-0cc4-742e-86ec-8004cb9116f2;01a02690-22ee-7495-b83f-97665f889ee4
01a02690-0cc4-742e-86ec-8004cb9116f2;01a02690-22ed-76b9-941f-324ae61c283b
01a02690-0cc4-742e-86ec-80059dfa92c6;01a02690-22e3-7064-9388-10068bafc6f3
01a02690-0cc4-742e-86ec-8006e22c2c7a;01a02690-22ee-7495-b83f-9767072b0007
01a02690-0cc4-742e-86ec-8006e22c2c7a;01a02690-22ee-7495-b83f-97680ad389f6
01a02690-0cc4-742e-86ec-8006e22c2c7a;01a02690-22ee-7495-b83f-9769f367d109
01a02690-0cc4-742e-86ec-8007f4b9c975;01a02690-22e8-7496-8881-bf5efbc4ee22
01a02690-0cc4-742e-86ec-80080cf478c5;01a02690-22e5-74eb-8ac8-9f53f4042307
01a02690-0cc4-742e-86ec-80080cf478c5;01a02690-22e5-74eb-8ac8-9f54c62cdd95
01a02690-0cc4-742e-86ec-800921f6894a;01a02690-22e6-772f-ba89-ed20edf6d0be
01a02690-0cc4-742e-86ec-800921f6894a;01a02690-22e4-7376-a60c-b9c0a58b0a5a
01a02690-0cc4-742e-86ec-800aa500a1f4;01a02690-22ee-7495-b83f-976a45d7b582
01a02690-0cc4-742e-86ec-800b5bf8d959;01a02690-22ee-7495-b83f-976b7292489e
01a02690-0cc4-742e-86ec-800c063d0eb8;01a02690-22ee-7495-b83f-976c35e6aa6e
01a02690-0cc4-742e-86ec-800dc237f7bf;01a02690-22e6-772f-ba89-ec4344e1d294
01a02690-0cc4-742e-86ec-800dc237f7bf;01a02690-22ee-7495-b83f-976dac20c012
01a02690-0cc4-742e-86ec-800dc237f7bf;01a02690-22ee-7495-b83f-976e5d8769b1
01a02690-0cc4-742e-86ec-800e4456327f;01a02690-22ee-7495-b83f-976fcb1f8e25
01a02690-0cc4-742e-86ec-800e4456327f;01a02690-22ee-7495-b83f-9770bcb3c6e4
01a02690-0cc4-742e-86ec-800e4456327f;01a02690-22e9-71a4-af72-5c741c674a9b
01a02690-0cc4-742e-86ec-800e4456327f;01a02690-22ec-7440-b13d-63f2ac3b96bd
01a02690-0cc4-742e-86ec-800e4456327f;01a02690-22ee-7495-b83f-9771c7654ab5
01a02690-0cc4-742e-86ec-800e4456327f;01a02690-22ea-7193-8a3e-1bbb679b115b
01a02690-0cc4-742e-86ec-800e4456327f;01a02690-22ee-7495-b83f-97720633d495
01a02690-0cc4-742e-86ec-800e4456327f;01a02690-22ee-7495-b83f-9773092869ea
01a02690-0cc4-742e-86ec-800ff59f0440;01a02690-22ee-7495-b83f-9774ea42b1c1
01a02690-0cc4-742e-86ec-80108ad8bbea;01a02690-22ee-7495-b83f-97755d9d950e
01a02690-0cc4-742e-86ec-8011599524f3;01a02690-22e6-772f-ba89-ed2cb5723e8d
01a02690-0cc4-742e-86ec-80126c7d6850;01a02690-22ee-7495-b83f-9776b177fd22
01a02690-0cc4-742e-86ec-801363a4f1ad;01a02690-22e8-7496-8881-bfaf70278722
01a02690-0cc4-742e-86ec-80144121fbb5;01a02690-22e6-772f-ba89-ecfaf143d82d
01a02690-0cc4-742e-86ec-8015be1b10fb;01a02690-22e9-71a4-af72-5cd6bac3f30c
01a02690-0cc4-742e-86ec-8016ce7e0885;01a02690-22ee-7495-b83f-9777e21c4c90
01a02690-0cc4-742e-86ec-8017cad5527d;01a02690-22ee-7495-b83f-97782ee832c3
01a02690-0cc4-742e-86ec-80186d3291cd;01a02690-22ee-7495-b83f-977946e6e824
01a02690-0cc4-742e-86ec-8019fa9d950d;01a02690-22e6-772f-ba89-ece429b41179
01a02690-0cc4-742e-86ec-801a1b14d479;01a02690-22ee-7495-b83f-977aae715f80
01a02690-0cc4-742e-86ec-801bf8c7baff;01a02690-22ee-7495-b83f-977b0c13b25e
01a02690-0cc4-742e-86ec-801cc8e81268;01a02690-22e7-71eb-b833-3025c28fef99
01a02690-0cc4-742e-86ec-801d371fb39c;01a02690-22ee-7495-b83f-977c064ac1dc
01a02690-0cc4-742e-86ec-801d371fb39c;01a02690-22ee-7495-b83f-977d31ebe3b1
01a02690-0cc4-742e-86ec-801e47975824;01a02690-22ee-7495-b83f-977eb1e1d3bb
01a02690-0cc4-742e-86ec-801f0efafd4f;01a02690-22ee-7495-b83f-977fef38c976
01a02690-0cc5-74ee-b745-0bcb91c1acdb;01a02690-22ee-7495-b83f-978031dc00fe
01a02690-0cc5-74ee-b745-0bcb91c1acdb;01a02690-22ee-7495-b83f-97819b181c83
01a02690-0cc5-74ee-b745-0bcc910a4271;01a02690-22e6-772f-ba89-eca505cadf60
01a02690-0cc5-74ee-b745-0bcc910a4271;01a02690-22e6-772f-ba89-eca67b8412e2
01a02690-0cc5-74ee-b745-0bcc910a4271;01a02690-22e6-772f-ba89-eca7e377535e
01a02690-0cc5-74ee-b745-0bcd41de2567;01a02690-22ee-7495-b83f-97823295230f
01a02690-0cc5-74ee-b745-0bce0850d54b;01a02690-22ee-7495-b83f-97836c882a31
01a02690-0cc5-74ee-b745-0bcf1dd66751;01a02690-22e4-7376-a60c-b9deb0e6c7ba
01a02690-0cc5-74ee-b745-0bd066041ddc;01a02690-22ee-7495-b83f-978496bf72f0
01a02690-0cc5-74ee-b745-0bd1d5bcc633;01a02690-22e9-71a4-af72-5bfc54edd906
01a02690-0cc5-74ee-b745-0bd1d5bcc633;01a02690-22e9-71a4-af72-5c00cedec017
01a02690-0cc5-74ee-b745-0bd28b1c9023;01a02690-22ee-7495-b83f-9785126a4827
01a02690-0cc5-74ee-b745-0bd3c5ecfe6e;01a02690-22e9-71a4-af72-5c322ea7e0ab
01a02690-0cc5-74ee-b745-0bd3c5ecfe6e;01a02690-22e9-71a4-af72-5c33307a7121
01a02690-0cc5-74ee-b745-0bd48beda7bf;01a02690-22ee-7495-b83f-97864ffbfe1e
01a02690-0cc5-74ee-b745-0bd5cd2ccb9e;01a02690-22e6-772f-ba89-ecbd8afe49b3
01a02690-0cc5-74ee-b745-0bd5cd2ccb9e;01a02690-22ee-7495-b83f-9787cdeeae22
01a02690-0cc5-74ee-b745-0bd6464046fd;01a02690-22ee-7495-b83f-9788ad644f80
01a02690-0cc5-74ee-b745-0bd70dc95a1e;01a02690-22ec-7440-b13d-64955dc52a75
01a02690-0cc5-74ee-b745-0bd88bdebd4f;01a02690-22e8-7496-8881-bfd581da705d
01a02690-0cc5-74ee-b745-0bd958653033;01a02690-22e3-7064-9388-0feeb0b91fdf
01a02690-0cc5-74ee-b745-0bda643ac6f5;01a02690-22ee-7495-b83f-9789ef91bb9e
01a02690-0cc5-74ee-b745-0bda643ac6f5;01a02690-22ee-7495-b83f-978abfb41da5
01a02690-0cc5-74ee-b745-0bda643ac6f5;01a02690-22ee-7495-b83f-978b1eefc273
01a02690-0cc5-74ee-b745-0bda643ac6f5;01a02690-22ee-7495-b83f-978cb35ee481
01a02690-0cc5-74ee-b745-0bdbacff8379;01a02690-22e6-772f-ba89-ec9c98ca325a
01a02690-0cc5-74ee-b745-0bdbacff8379;01a02690-22e9-71a4-af72-5ce942681731
01a02690-0cc5-74ee-b745-0bdbacff8379;01a02690-22ee-7495-b83f-978d7000a62e
01a02690-0cc5-74ee-b745-0bdbacff8379;01a02690-22eb-71cc-a5a4-302fa5076f70
01a02690-0cc5-74ee-b745-0bdbacff8379;01a02690-22ee-7495-b83f-978eb3373d2f
01a02690-0cc5-74ee-b745-0bdbacff8379;01a02690-22ee-7495-b83f-978ff2f30e7c
01a02690-0cc5-74ee-b745-0bdc9b3009f0;01a02690-22ee-7495-b83f-9790485debe5
01a02690-0cc5-74ee-b745-0bdd3c4131ed;01a02690-22e4-7376-a60c-b92be389c4d2
01a02690-0cc5-74ee-b745-0bde8fbed934;01a02690-22e5-74eb-8ac8-9f439f1468b1
01a02690-0cc5-74ee-b745-0bdf65c849c8;01a02690-22e4-7376-a60c-b9f584ac3e9d
01a02690-0cc5-74ee-b745-0bdf65c849c8;01a02690-22e3-7064-9388-1053ea517d95
01a02690-0cc5-74ee-b745-0bdf65c849c8;01a02690-22e5-74eb-8ac8-9f1ba565fb8e
01a02690-0cc5-74ee-b745-0bdf65c849c8;01a02690-22ee-7495-b83f-9791293583a9
01a02690-0cc5-74ee-b745-0bdf65c849c8;01a02690-22ee-7495-b83f-9792a1410e84
01a02690-0cc5-74ee-b745-0bdf65c849c8;01a02690-22ee-7495-b83f-9793bb4e4c64
01a02690-0cc5-74ee-b745-0bdf65c849c8;01a02690-22e7-71eb-b833-304b5f88f8cf
01a02690-0cc5-74ee-b745-0be08097f061;01a02690-22ee-7495-b83f-97941002e144
01a02690-0cc5-74ee-b745-0be105072480;01a02690-22ee-7495-b83f-9795f4572189
01a02690-0cc5-74ee-b745-0be105072480;01a02690-22ee-7495-b83f-9796b3e101ea
01a02690-0cc5-74ee-b745-0be105072480;01a02690-22ee-7495-b83f-9797f02d3846
01a02690-0cc5-74ee-b745-0be22a693c1d;01a02690-22e5-74eb-8ac8-9eba69d98c67
01a02690-0cc5-74ee-b745-0be22a693c1d;01a02690-22e4-7376-a60c-b929ebd0aef5
01a02690-0cc5-74ee-b745-0be22a693c1d;01a02690-22e9-71a4-af72-5cd6bac3f30c
01a02690-0cc5-74ee-b745-0be22a693c1d;01a02690-22e4-7376-a60c-b92be389c4d2
01a02690-0cc5-74ee-b745-0be22a693c1d;01a02690-22e4-7376-a60c-b9a1c625b954
01a02690-0cc5-74ee-b745-0be317e4c961;01a02690-22ee-7495-b83f-9798625c556d
01a02690-0cc5-74ee-b745-0be410b5fcc1;01a02690-22ee-7495-b83f-9799908a4c2c
01a02690-0cc5-74ee-b745-0be52a56f22f;01a02690-22ee-7495-b83f-979a01e53434
01a02690-0cc5-74ee-b745-0be6b10746cc;01a02690-22ee-7495-b83f-979b0c9748b8
01a02690-0cc5-74ee-b745-0be763f5175f;01a02690-22ee-7495-b83f-979c2bb931c2
01a02690-0cc5-74ee-b745-0be85bb5aa23;01a02690-22ee-7495-b83f-979da07895b9
01a02690-0cc5-74ee-b745-0be9699fcab6;01a02690-22eb-71cc-a5a4-30b6cf040ea4
01a02690-0cc5-74ee-b745-0be9699fcab6;01a02690-22ee-7495-b83f-97139236ba1e
01a02690-0cc5-74ee-b745-0bea13f8e2d9;01a02690-22ee-7495-b83f-979e8d5436a0
01a02690-0cc5-74ee-b745-0beb4a2c4e16;01a02690-22ee-7495-b83f-979f6cadd05a
01a02690-0cc5-74ee-b745-0bec2545fdb8;01a02690-22ee-7495-b83f-97a08147c870
01a02690-0cc5-74ee-b745-0bede990fd85;01a02690-22ed-76b9-941f-3240d812ac4f
01a02690-0cc5-74ee-b745-0bee5f65ad5c;01a02690-22ee-7495-b83f-97a1ace33a44
01a02690-0cc5-74ee-b745-0befa1f2be47;01a02690-22ee-7495-b83f-97a2c523da8f
01a02690-0cc5-74ee-b745-0bf05a264435;01a02690-22e9-71a4-af72-5be15b7c559a
01a02690-0cc5-74ee-b745-0bf1c4da717d;01a02690-22ee-7495-b83f-97a3cb69b5bc
01a02690-0cc5-74ee-b745-0bf1c4da717d;01a02690-22ee-7495-b83f-97a41b055df5
01a02690-0cc5-74ee-b745-0bf1c4da717d;01a02690-22ee-7495-b83f-9762b2a39115
01a02690-0cc5-74ee-b745-0bf25005131a;01a02690-22ee-7495-b83f-97a5a20ec753
01a02690-0cc5-74ee-b745-0bf25005131a;01a02690-22ee-7495-b83f-97a623bc2624
01a02690-0cc5-74ee-b745-0bf25005131a;01a02690-22ee-7495-b83f-97a72b77cabe
01a02690-0cc5-74ee-b745-0bf25005131a;01a02690-22ee-7495-b83f-97a8d8f40c52
01a02690-0cc5-74ee-b745-0bf25005131a;01a02690-22ee-7495-b83f-97a9c1b5d8f6
01a02690-0cc5-74ee-b745-0bf25005131a;01a02690-22ee-7495-b83f-97aa51fffd34
01a02690-0cc5-74ee-b745-0bf38cdbf144;01a02690-22ee-7495-b83f-97ab567a7ed2
01a02690-0cc5-74ee-b745-0bf4f6983cec;01a02690-22e5-74eb-8ac8-9ead0c3b3439
01a02690-0cc5-74ee-b745-0bf4f6983cec;01a02690-22ee-7495-b83f-97ac1fc3ce3a
01a02690-0cc5-74ee-b745-0bf56d0abd7c;01a02690-22e9-71a4-af72-5be15b7c559a
01a02690-0cc5-74ee-b745-0bf6bed3f9e3;01a02690-22ee-7495-b83f-97adbc7aed16
01a02690-0cc5-74ee-b745-0bf6bed3f9e3;01a02690-22ed-76b9-941f-325e5c958f29
01a02690-0cc5-74ee-b745-0bf74fe09e88;01a02690-22ed-76b9-941f-3324b5aaea64
01a02690-0cc5-74ee-b745-0bf74fe09e88;01a02690-22ed-76b9-941f-3318f33022ab
01a02690-0cc5-74ee-b745-0bf8bd549a99;01a02690-22ee-7495-b83f-97ae93b384d3
01a02690-0cc5-74ee-b745-0bf8bd549a99;01a02690-22ee-7495-b83f-97afb9dfee7a
01a02690-0cc5-74ee-b745-0bf94b47504c;01a02690-22ea-7193-8a3e-1c48dd5cbc14
01a02690-0cc5-74ee-b745-0bfa0fb02155;01a02690-22e7-71eb-b833-309a1e901ba5
01a02690-0cc5-74ee-b745-0bfbc0cbfacf;01a02690-22ee-7495-b83f-97b0b1575f3a
01a02690-0cc5-74ee-b745-0bfbc0cbfacf;01a02690-22ee-7495-b83f-97b1a91b83ab
01a02690-0cc5-74ee-b745-0bfc38077ad9;01a02690-22ee-7495-b83f-97b27e50ad2b
01a02690-0cc5-74ee-b745-0bfd268d355e;01a02690-22e2-7774-a1a3-e4cc8ac73abc
01a02690-0cc5-74ee-b745-0bfd268d355e;01a02690-22e6-772f-ba89-ed12b39d9eb4
01a02690-0cc5-74ee-b745-0bfd268d355e;01a02690-22e6-772f-ba89-ed16f144a888
01a02690-0cc5-74ee-b745-0bfd268d355e;01a02690-22ee-7495-b83f-97b3adfdcca2
01a02690-0cc5-74ee-b745-0bfd268d355e;01a02690-22e6-772f-ba89-ed1848867b7a
01a02690-0cc5-74ee-b745-0bfd268d355e;01a02690-22ea-7193-8a3e-1c1a023b4262
01a02690-0cc5-74ee-b745-0bfe813aeb51;01a02690-22ee-7495-b83f-97b4eb9a1207
01a02690-0cc5-74ee-b745-0bff704f5bcd;01a02690-22e2-7774-a1a3-e4d49c9b6ca3
01a02690-0cc5-74ee-b745-0bff704f5bcd;01a02690-22ec-7440-b13d-640b2499b0d6
01a02690-0cc5-74ee-b745-0bff704f5bcd;01a02690-22e9-71a4-af72-5c741c674a9b
01a02690-0cc5-74ee-b745-0c00877b3b9c;01a02690-22ee-7495-b83f-97b5de0d6a94
01a02690-0cc5-74ee-b745-0c01fdeb4502;01a02690-22ee-7495-b83f-97b66dadb71d
01a02690-0cc5-74ee-b745-0c021f492bc4;01a02690-22eb-71cc-a5a4-30b6cf040ea4
01a02690-0cc5-74ee-b745-0c03aa1a7ca7;01a02690-22ee-7495-b83f-97b7dc9a4e52
01a02690-0cc5-74ee-b745-0c04cd9c4354;01a02690-22ee-7495-b83f-97b8068e7559
01a02690-0cc5-74ee-b745-0c055d8113a7;01a02690-22e4-7376-a60c-b92e881750ee
01a02690-0cc5-74ee-b745-0c0630281373;01a02690-22ee-7495-b83f-97b9b591145c
01a02690-0cc5-74ee-b745-0c070f4ba0e3;01a02690-22ee-7495-b83f-97ba122ff625
01a02690-0cc5-74ee-b745-0c070f4ba0e3;01a02690-22ee-7495-b83f-97bb9a4e16f7
01a02690-0cc5-74ee-b745-0c08c29ddac9;01a02690-22ee-7495-b83f-97bc8211c194
01a02690-0cc5-74ee-b745-0c090924ffbc;01a02690-22e8-7496-8881-bfd581da705d
01a02690-0cc5-74ee-b745-0c0a308dd5b8;01a02690-22e9-71a4-af72-5c84aa3f4c2d
01a02690-0cc5-74ee-b745-0c0b3e2d8335;01a02690-22ee-7495-b83f-97bd097c262a
01a02690-0cc5-74ee-b745-0c0cc78f6548;01a02690-22ee-7495-b83f-97bed3186d32
01a02690-0cc5-74ee-b745-0c0d3acdfcd7;01a02690-22ee-7495-b83f-97bf4af5f9a7
01a02690-0cc5-74ee-b745-0c0d3acdfcd7;01a02690-22ee-7495-b83f-97c02b4e9bed
01a02690-0cc5-74ee-b745-0c0d3acdfcd7;01a02690-22ee-7495-b83f-97c11c432a93
01a02690-0cc5-74ee-b745-0c0d3acdfcd7;01a02690-22ee-7495-b83f-97c2a30bd977
01a02690-0cc5-74ee-b745-0c0d3acdfcd7;01a02690-22e3-7064-9388-0fae31a8f398
01a02690-0cc5-74ee-b745-0c0d3acdfcd7;01a02690-22ee-7495-b83f-97c3f70eb42d
01a02690-0cc5-74ee-b745-0c0d3acdfcd7;01a02690-22ee-7495-b83f-97c4b0bfee1d
01a02690-0cc5-74ee-b745-0c0d3acdfcd7;01a02690-22ee-7495-b83f-97c5841c0f4c
01a02690-0cc5-74ee-b745-0c0d3acdfcd7;01a02690-22ee-7495-b83f-97c666e10d75
01a02690-0cc5-74ee-b745-0c0d3acdfcd7;01a02690-22ee-7495-b83f-9755e07ecf50
01a02690-0cc5-74ee-b745-0c0d3acdfcd7;01a02690-22ee-7495-b83f-97c72f1918a8
01a02690-0cc5-74ee-b745-0c0e6fe58988;01a02690-22ee-7495-b83f-97c82f0f4263
01a02690-0cc5-74ee-b745-0c0fe1566606;01a02690-22ee-7495-b83f-97c9da374c8f
01a02690-0cc5-74ee-b745-0c10da8a50f8;01a02690-22ee-7495-b83f-97ca8a78e324
01a02690-0cc5-74ee-b745-0c10da8a50f8;01a02690-22ee-7495-b83f-97cb54268b91
01a02690-0cc5-74ee-b745-0c11e361b129;01a02690-22eb-71cc-a5a4-30b6cf040ea4
01a02690-0cc5-74ee-b745-0c12d31d4f2e;01a02690-22ee-7495-b83f-97cccb7cddc7
01a02690-0cc5-74ee-b745-0c12d31d4f2e;01a02690-22ee-7495-b83f-97cdb39e897a
01a02690-0cc5-74ee-b745-0c139429a0be;01a02690-22e4-7376-a60c-b99ca0c73ca8
01a02690-0cc5-74ee-b745-0c14d3370892;01a02690-22ee-7495-b83f-97ce0f37c8fa
01a02690-0cc5-74ee-b745-0c1560daed61;01a02690-22ee-7495-b83f-97cfbb7c185c
01a02690-0cc5-74ee-b745-0c1560daed61;01a02690-22ee-7495-b83f-97d09ffb5a5d
01a02690-0cc5-74ee-b745-0c16b5066c3a;01a02690-22ec-7440-b13d-641bd0c2b7cb
01a02690-0cc5-74ee-b745-0c173dd4f6bf;01a02690-22ee-7495-b83f-97d13c0cf130
01a02690-0cc5-74ee-b745-0c173dd4f6bf;01a02690-22ee-7495-b83f-97d21cdf83b1
01a02690-0cc5-74ee-b745-0c181d25d67b;01a02690-22ee-7495-b83f-97d38e9782a1
01a02690-0cc5-74ee-b745-0c198932e6e6;01a02690-22ee-7495-b83f-97d43f8ec1d9
01a02690-0cc5-74ee-b745-0c1ada522221;01a02690-22ee-7495-b83f-97d5c2f11f6f
01a02690-0cc5-74ee-b745-0c1ba3356ff6;01a02690-22ee-7495-b83f-97d6bcb4d50f
01a02690-0cc5-74ee-b745-0c1ba3356ff6;01a02690-22ee-7495-b83f-97d7d214396e
01a02690-0cc5-74ee-b745-0c1c7973f562;01a02690-22e6-772f-ba89-ec2da7720f60
01a02690-0cc5-74ee-b745-0c1d2017d71e;01a02690-22ee-7495-b83f-97d8cb937e87
01a02690-0cc5-74ee-b745-0c1d2017d71e;01a02690-22ee-7495-b83f-97d97dd544e9
01a02690-0cc5-74ee-b745-0c1d2017d71e;01a02690-22ee-7495-b83f-97dafe16718c
01a02690-0cc5-74ee-b745-0c1d2017d71e;01a02690-22ee-7495-b83f-97db4dedb829
01a02690-0cc5-74ee-b745-0c1d2017d71e;01a02690-22ee-7495-b83f-97dc6bce411c
01a02690-0cc5-74ee-b745-0c1d2017d71e;01a02690-22ee-7495-b83f-97ddb7a2ca03
01a02690-0cc5-74ee-b745-0c1d2017d71e;01a02690-22ee-7495-b83f-97de5162ff75
01a02690-0cc5-74ee-b745-0c1d2017d71e;01a02690-22ee-7495-b83f-97df0d6265b2
01a02690-0cc5-74ee-b745-0c1d2017d71e;01a02690-22ee-7495-b83f-97e072df5939
01a02690-0cc5-74ee-b745-0c1d2017d71e;01a02690-22ee-7495-b83f-97e1274dbfe3
01a02690-0cc5-74ee-b745-0c1d2017d71e;01a02690-22ee-7495-b83f-97e2887dbc86
01a02690-0cc5-74ee-b745-0c1d2017d71e;01a02690-22ee-7495-b83f-97e3d835c474
01a02690-0cc5-74ee-b745-0c1d2017d71e;01a02690-22ee-7495-b83f-97e48df0e8c9
01a02690-0cc5-74ee-b745-0c1e6168551c;01a02690-22ee-7495-b83f-97e50d4b99a2
01a02690-0cc5-74ee-b745-0c1e6168551c;01a02690-22eb-71cc-a5a4-2fdb1f588cd4
01a02690-0cc5-74ee-b745-0c1fb3e653a9;01a02690-22ee-7495-b83f-97e60f90055f
01a02690-0cc5-74ee-b745-0c205ee6be6b;01a02690-22ee-7495-b83f-97e700e9289c
01a02690-0cc5-74ee-b745-0c205ee6be6b;01a02690-22ee-7495-b83f-97e8091c265b
01a02690-0cc5-74ee-b745-0c211c3a5d92;01a02690-22ee-7495-b83f-97e914273997
01a02690-0cc5-74ee-b745-0c2264eef6ea;01a02690-22e3-7064-9388-0fc3f03b21fd
01a02690-0cc5-74ee-b745-0c239e74f339;01a02690-22ee-7495-b83f-97ea922916d1
01a02690-0cc5-74ee-b745-0c246f2c1aeb;01a02690-22ee-7495-b83f-97eb5650bab0
01a02690-0cc5-74ee-b745-0c2569af3adc;01a02690-22ee-7495-b83f-97ec8a680335
01a02690-0cc5-74ee-b745-0c2696f62732;01a02690-22e3-7064-9388-0feeb0b91fdf
01a02690-0cc5-74ee-b745-0c275dfbce30;01a02690-22e3-7064-9388-1068ee5010a0
01a02690-0cc5-74ee-b745-0c2852987d3b;01a02690-22e7-71eb-b833-3029a8a3875f
01a02690-0cc5-74ee-b745-0c2944dbda31;01a02690-22ee-7495-b83f-97ed22162ee6
01a02690-0cc5-74ee-b745-0c2afb74d649;01a02690-22ee-7495-b83f-97eee679c000
01a02690-0cc5-74ee-b745-0c2afb74d649;01a02690-22ee-7495-b83f-97ef0da944ff
01a02690-0cc5-74ee-b745-0c2b694831b9;01a02690-22e6-772f-ba89-ecb872eb6ac9
01a02690-0cc5-74ee-b745-0c2c00cbd2d3;01a02690-22ee-7495-b83f-97f052305912
01a02690-0cc5-74ee-b745-0c2da6cad3ce;01a02690-22ec-7440-b13d-64333ca4b931
01a02690-0cc5-74ee-b745-0c2da6cad3ce;01a02690-22ec-7440-b13d-6434774787f5
01a02690-0cc5-74ee-b745-0c2e1f61458b;01a02690-22ee-7495-b83f-97f1f9a8a59c
01a02690-0cc5-74ee-b745-0c2e1f61458b;01a02690-22ee-7495-b83f-97f2538a65d9
01a02690-0cc5-74ee-b745-0c2fd41955bd;01a02690-22e7-71eb-b833-3049f28bab9a
01a02690-0cc5-74ee-b745-0c30b0b504c9;01a02690-22ea-7193-8a3e-1c282759bd93
01a02690-0cc5-74ee-b745-0c31adde3a6a;01a02690-22e6-772f-ba89-ed058dfcd866
01a02690-0cc5-74ee-b745-0c32a4f2c76b;01a02690-22e3-7064-9388-0fe0f6aabf71
01a02690-0cc5-74ee-b745-0c33113c8c05;01a02690-22e4-7376-a60c-b93c1d1f8103
01a02690-0cc5-74ee-b745-0c34157a73d4;01a02690-22ee-7495-b83f-97f3f77dd96b
01a02690-0cc5-74ee-b745-0c34157a73d4;01a02690-22ee-7495-b83f-97b5de0d6a94
01a02690-0cc5-74ee-b745-0c35038e2ca5;01a02690-22ee-7495-b83f-97f41414086d
01a02690-0cc5-74ee-b745-0c3681158d1b;01a02690-22ec-7440-b13d-63ef016d32d0
01a02690-0cc5-74ee-b745-0c3681158d1b;01a02690-22ec-7440-b13d-63f0887ff21b
01a02690-0cc5-74ee-b745-0c3701804841;01a02690-22e3-7064-9388-101f2afd6f0d
01a02690-0cc5-74ee-b745-0c3843dceaf6;01a02690-22ee-7495-b83f-97f531328eb3
01a02690-0cc5-74ee-b745-0c392df7b77e;01a02690-22ee-7495-b83f-97f63a1ca624
01a02690-0cc5-74ee-b745-0c3af4f18b66;01a02690-22ee-7495-b83f-97f7bfa9b5b2
01a02690-0cc5-74ee-b745-0c3b47c55b01;01a02690-22ee-7495-b83f-97f8c37b757b
01a02690-0cc5-74ee-b745-0c3b47c55b01;01a02690-22ee-7495-b83f-97f976e90ec6
01a02690-0cc5-74ee-b745-0c3cd0aab4c4;01a02690-22ee-7495-b83f-97fa3c81dcb0
01a02690-0cc5-74ee-b745-0c3d0180c502;01a02690-22ee-7495-b83f-97fbb50e62f6
01a02690-0cc5-74ee-b745-0c3e3e908680;01a02690-22ee-7495-b83f-97fc0fcc524e
01a02690-0cc5-74ee-b745-0c3f61e124b2;01a02690-22ed-76b9-941f-323997f6372a
01a02690-0cc5-74ee-b745-0c4062d13d7f;01a02690-22ee-7495-b83f-97fd309e52df
01a02690-0cc5-74ee-b745-0c41ac3a3550;01a02690-22e6-772f-ba89-ec4c02a8513c
01a02690-0cc5-74ee-b745-0c42f1f9186a;01a02690-22ee-7495-b83f-97fe26ef699d
01a02690-0cc5-74ee-b745-0c43743f0ce5;01a02690-22ee-7495-b83f-97ff9bb757b5
01a02690-0cc5-74ee-b745-0c4478f968fa;01a02690-22ee-7495-b83f-980013bb74d3
01a02690-0cc5-74ee-b745-0c4592dd20e0;01a02690-22e9-71a4-af72-5cb76e629321
01a02690-0cc5-74ee-b745-0c46184300d0;01a02690-22ee-7495-b83f-9801659f448d
01a02690-0cc5-74ee-b745-0c474777218a;01a02690-22ee-7495-b83f-980291d2c872
01a02690-0cc5-74ee-b745-0c474777218a;01a02690-22ee-7495-b83f-9803b8b321bf
01a02690-0cc5-74ee-b745-0c474777218a;01a02690-22ee-7495-b83f-980434209957
01a02690-0cc5-74ee-b745-0c483b3a89ed;01a02690-22e6-772f-ba89-eccc8398235c
01a02690-0cc5-74ee-b745-0c49e0ad9d7f;01a02690-22e6-772f-ba89-ece112700e6a
01a02690-0cc5-74ee-b745-0c49e0ad9d7f;01a02690-22e8-7496-8881-bf20e36ebd16
01a02690-0cc5-74ee-b745-0c4a2b2ece20;01a02690-22ee-7495-b83f-98057e3e467b
01a02690-0cc5-74ee-b745-0c4b79a32a13;01a02690-22ee-7495-b83f-9806b8b61da0
01a02690-0cc5-74ee-b745-0c4cc7921529;01a02690-22ea-7193-8a3e-1bda48393d50
01a02690-0cc5-74ee-b745-0c4d04a062cb;01a02690-22e7-71eb-b833-305e29c018df
01a02690-0cc5-74ee-b745-0c4e20b1c2df;01a02690-22ee-7495-b83f-98078abbdce6
01a02690-0cc5-74ee-b745-0c4f1e13da0a;01a02690-22e7-71eb-b833-303f00700fab
01a02690-0cc5-74ee-b745-0c4f1e13da0a;01a02690-22e5-74eb-8ac8-9ef64ce8174f
01a02690-0cc5-74ee-b745-0c4f1e13da0a;01a02690-22e3-7064-9388-1022bd995fb5
01a02690-0cc5-74ee-b745-0c5067917afa;01a02690-22e3-7064-9388-101e02287ea7
01a02690-0cc5-74ee-b745-0c51cf4d8958;01a02690-22ee-7495-b83f-9808f271f0fb
01a02690-0cc5-74ee-b745-0c51cf4d8958;01a02690-22e4-7376-a60c-b9a73f1b0787
01a02690-0cc5-74ee-b745-0c5225f0e6cd;01a02690-22ee-7495-b83f-98096a7a99e9
01a02690-0cc5-74ee-b745-0c53d984a2d5;01a02690-22ee-7495-b83f-980a05a60cd6
01a02690-0cc5-74ee-b745-0c53d984a2d5;01a02690-22ee-7495-b83f-980b5f2d9538
01a02690-0cc5-74ee-b745-0c53d984a2d5;01a02690-22ee-7495-b83f-980c23791d15
01a02690-0cc5-74ee-b745-0c53d984a2d5;01a02690-22ee-7495-b83f-980d63ebd0e5
01a02690-0cc5-74ee-b745-0c53d984a2d5;01a02690-22ee-7495-b83f-980e290ff0fc
01a02690-0cc5-74ee-b745-0c53d984a2d5;01a02690-22ee-7495-b83f-980f5bcda4d5
01a02690-0cc5-74ee-b745-0c53d984a2d5;01a02690-22ee-7495-b83f-9810a5521994
01a02690-0cc5-74ee-b745-0c53d984a2d5;01a02690-22e9-71a4-af72-5c5bbff8bbf9
01a02690-0cc5-74ee-b745-0c53d984a2d5;01a02690-22ee-7495-b83f-98110289dce1
01a02690-0cc5-74ee-b745-0c5469fbe063;01a02690-22e3-7064-9388-0fe0f6aabf71
01a02690-0cc5-74ee-b745-0c5469fbe063;01a02690-22ee-7495-b83f-9812d037e220
01a02690-0cc5-74ee-b745-0c55ca5d4de8;01a02690-22ee-7495-b83f-9813b62333cf
01a02690-0cc5-74ee-b745-0c5619dfa327;01a02690-22e4-7376-a60c-b92be389c4d2
01a02690-0cc5-74ee-b745-0c57845914de;01a02690-22e5-74eb-8ac8-9eba69d98c67
01a02690-0cc5-74ee-b745-0c57845914de;01a02690-22e4-7376-a60c-b9a1c625b954
01a02690-0cc5-74ee-b745-0c5880435cfd;01a02690-22ee-7495-b83f-9814bde97a9a
01a02690-0cc5-74ee-b745-0c591427c939;01a02690-22e9-71a4-af72-5c035d72869c
01a02690-0cc5-74ee-b745-0c5ac2a7f2cb;01a02690-22e4-7376-a60c-b965babeb0f9
01a02690-0cc5-74ee-b745-0c5ac2a7f2cb;01a02690-22ee-7495-b83f-97ac1fc3ce3a
01a02690-0cc5-74ee-b745-0c5b05e844c0;01a02690-22ee-7495-b83f-9815ce00ed3e
01a02690-0cc5-74ee-b745-0c5c7b907e92;01a02690-22ee-7495-b83f-981687bf30a9
01a02690-0cc5-74ee-b745-0c5d0837c6f6;01a02690-22ee-7495-b83f-98179e025694
01a02690-0cc5-74ee-b745-0c5ed929a823;01a02690-22ee-7495-b83f-981811fee206
01a02690-0cc5-74ee-b745-0c5fd525dcba;01a02690-22e8-7496-8881-bf60342e7463
01a02690-0cc5-74ee-b745-0c60d9178e6f;01a02690-22ed-76b9-941f-329226355027
01a02690-0cc5-74ee-b745-0c60d9178e6f;01a02690-22ee-7495-b83f-98193dc86eb0
01a02690-0cc5-74ee-b745-0c610980cfec;01a02690-22ee-7495-b83f-981a7422329f
01a02690-0cc5-74ee-b745-0c610980cfec;01a02690-22e6-772f-ba89-ec624891a17b
01a02690-0cc5-74ee-b745-0c6214b827c3;01a02690-22ed-76b9-941f-32d3c802354d
01a02690-0cc5-74ee-b745-0c63830f9273;01a02690-22e5-74eb-8ac8-9ea94930d313
01a02690-0cc5-74ee-b745-0c64fa8518cd;01a02690-22eb-71cc-a5a4-3086f93786bc
01a02690-0cc5-74ee-b745-0c65bc31033e;01a02690-22e4-7376-a60c-b99154537df6
01a02690-0cc5-74ee-b745-0c66c2ee6391;01a02690-22e7-71eb-b833-3043a54f7513
01a02690-0cc5-74ee-b745-0c67ba90cc1c;01a02690-22ee-7495-b83f-970381beb70b
01a02690-0cc5-74ee-b745-0c6874f59e5c;01a02690-22e3-7064-9388-1020f0f08e72
01a02690-0cc5-74ee-b745-0c69b5a37edb;01a02690-22e9-71a4-af72-5cc8615c5704
01a02690-0cc5-74ee-b745-0c6a06e916a8;01a02690-22e7-71eb-b833-308ae0bb37f3
01a02690-0cc5-74ee-b745-0c6bbe66bdfb;01a02690-22ea-7193-8a3e-1be4b744be4d
01a02690-0cc5-74ee-b745-0c6c6aa3ee06;01a02690-22ee-7495-b83f-981b2b13a825
01a02690-0cc5-74ee-b745-0c6c6aa3ee06;01a02690-22ee-7495-b83f-981cd9642bad
01a02690-0cc5-74ee-b745-0c6d3656866c;01a02690-22ee-7495-b83f-981d099d085b
01a02690-0cc5-74ee-b745-0c6e04a2829c;01a02690-22ee-7495-b83f-981e336f2925
01a02690-0cc5-74ee-b745-0c6f30431e77;01a02690-22ee-7495-b83f-981f33284e0d
01a02690-0cc5-74ee-b745-0c70975b95a2;01a02690-22e8-7496-8881-bfd82fb3ef70
01a02690-0cc5-74ee-b745-0c70975b95a2;01a02690-22ee-7495-b83f-98206bdc27a5
01a02690-0cc5-74ee-b745-0c71a1aa2292;01a02690-22ee-7495-b83f-9821bcc22783
01a02690-0cc5-74ee-b745-0c71a1aa2292;01a02690-22e7-71eb-b833-308b4ab187fd
01a02690-0cc5-74ee-b745-0c71a1aa2292;01a02690-22ee-7495-b83f-982297eec374
01a02690-0cc5-74ee-b745-0c71a1aa2292;01a02690-22ee-7495-b83f-973b9584e570
01a02690-0cc5-74ee-b745-0c71a1aa2292;01a02690-22ee-7495-b83f-982304f5c674
01a02690-0cc5-74ee-b745-0c72b1338913;01a02690-22ee-7495-b83f-982406b599ca
01a02690-0cc5-74ee-b745-0c73ccd80f83;01a02690-22ee-7495-b83f-9825f2acc5eb
01a02690-0cc5-74ee-b745-0c73ccd80f83;01a02690-22ee-7495-b83f-9826f05caaca
01a02690-0cc5-74ee-b745-0c74b338d640;01a02690-22e8-7496-8881-bfda804fe56f
01a02690-0cc5-74ee-b745-0c74b338d640;01a02690-22ee-7495-b83f-9827a5feb13e
01a02690-0cc5-74ee-b745-0c75516486bc;01a02690-22ee-7495-b83f-9828dc302625
01a02690-0cc5-74ee-b745-0c75516486bc;01a02690-22ee-7495-b83f-9829fda129da
01a02690-0cc5-74ee-b745-0c76ec75562f;01a02690-22ee-7495-b83f-982a531b0249
01a02690-0cc5-74ee-b745-0c77cfb9e72e;01a02690-22e9-71a4-af72-5c0835c8a4e8
01a02690-0cc5-74ee-b745-0c78d5c9ea11;01a02690-22ea-7193-8a3e-1c25d96fe823
01a02690-0cc5-74ee-b745-0c79386eff68;01a02690-22ee-7495-b83f-982bd295bd31
01a02690-0cc5-74ee-b745-0c7a4b25e89b;01a02690-22ee-7495-b83f-982c082138b0
01a02690-0cc5-74ee-b745-0c7b7cef6bc5;01a02690-22ee-7495-b83f-982d0106a166
01a02690-0cc5-74ee-b745-0c7c17d76e3c;01a02690-22ee-7495-b83f-982eca9536ff
01a02690-0cc5-74ee-b745-0c7d2aae67ee;01a02690-22ee-7495-b83f-982fde911f92
01a02690-0cc5-74ee-b745-0c7d2aae67ee;01a02690-22ee-7495-b83f-98307a4dd1e7
01a02690-0cc5-74ee-b745-0c7ec8321be7;01a02690-22ee-7495-b83f-983137e1ac38
01a02690-0cc5-74ee-b745-0c7fa74fe6a2;01a02690-22eb-71cc-a5a4-3060b232cb90
01a02690-0cc5-74ee-b745-0c8084b00f38;01a02690-22ee-7495-b83f-98327c5c6e4c
01a02690-0cc5-74ee-b745-0c810662ad62;01a02690-22eb-71cc-a5a4-30bd720de647
01a02690-0cc5-74ee-b745-0c82a70dba9e;01a02690-22eb-71cc-a5a4-30bd720de647
01a02690-0cc5-74ee-b745-0c83f2424c2e;01a02690-22e8-7496-8881-bf32203408a0
01a02690-0cc5-74ee-b745-0c846db3a4bb;01a02690-22ee-7495-b83f-98338553047a
01a02690-0cc5-74ee-b745-0c85aef1f9a1;01a02690-22ee-7495-b83f-98347f8fb94a
01a02690-0cc5-74ee-b745-0c86c4c82997;01a02690-22ee-7495-b83f-98356f7d140c
01a02690-0cc5-74ee-b745-0c86c4c82997;01a02690-22ee-7495-b83f-983645f24df1
01a02690-0cc5-74ee-b745-0c86c4c82997;01a02690-22ee-7495-b83f-9837bb093a5f
01a02690-0cc5-74ee-b745-0c86c4c82997;01a02690-22ee-7495-b83f-973b9584e570
01a02690-0cc5-74ee-b745-0c86c4c82997;01a02690-22ee-7495-b83f-9838317f33ce
01a02690-0cc5-74ee-b745-0c86c4c82997;01a02690-22ee-7495-b83f-98392ba57e43
01a02690-0cc5-74ee-b745-0c86c4c82997;01a02690-22ee-7495-b83f-983a32b1857c
01a02690-0cc5-74ee-b745-0c86c4c82997;01a02690-22eb-71cc-a5a4-30bb7ed66fe1
01a02690-0cc5-74ee-b745-0c86c4c82997;01a02690-22ee-7495-b83f-983bb178b2be
01a02690-0cc5-74ee-b745-0c86c4c82997;01a02690-22ee-7495-b83f-983c72e24103
01a02690-0cc5-74ee-b745-0c87127a3f9b;01a02690-22ee-7495-b83f-983dde8f727c
01a02690-0cc5-74ee-b745-0c88026ba4b8;01a02690-22ee-7495-b83f-983e7b76ecfb
01a02690-0cc5-74ee-b745-0c88026ba4b8;01a02690-22ee-7495-b83f-983ff2a82c04
01a02690-0cc5-74ee-b745-0c88026ba4b8;01a02690-22ee-7495-b83f-98404781d7c2
01a02690-0cc5-74ee-b745-0c88026ba4b8;01a02690-22ee-7495-b83f-98419e4fb686
01a02690-0cc5-74ee-b745-0c89c85d9e80;01a02690-22ee-7495-b83f-98420cdfe8f8
01a02690-0cc5-74ee-b745-0c8a2549fe43;01a02690-22ee-7495-b83f-98438c310f65
01a02690-0cc5-74ee-b745-0c8b5e7811ee;01a02690-22ee-7495-b83f-98443b273263
01a02690-0cc5-74ee-b745-0c8b5e7811ee;01a02690-22ee-7495-b83f-9845182ca685
01a02690-0cc5-74ee-b745-0c8c0bd2b866;01a02690-22ee-7495-b83f-9846d43b13c2
01a02690-0cc5-74ee-b745-0c8dcc803213;01a02690-22ee-7495-b83f-984799971867
01a02690-0cc5-74ee-b745-0c8dcc803213;01a02690-22ee-7495-b83f-9848f2ea2e02
01a02690-0cc5-74ee-b745-0c8e84bd6354;01a02690-22ee-7495-b83f-98493c7e5cd4
01a02690-0cc5-74ee-b745-0c8e84bd6354;01a02690-22ee-7495-b83f-984ac766e537
01a02690-0cc5-74ee-b745-0c8e84bd6354;01a02690-22ee-7495-b83f-984bfbf64bd2
01a02690-0cc5-74ee-b745-0c8e84bd6354;01a02690-22ee-7495-b83f-984c7a1a0157
01a02690-0cc5-74ee-b745-0c8f95a25d1d;01a02690-22ee-7495-b83f-984de71ad0d8
01a02690-0cc5-74ee-b745-0c8f95a25d1d;01a02690-22ee-7495-b83f-984e137e7ba1
01a02690-0cc5-74ee-b745-0c90a4b6c315;01a02690-22e9-71a4-af72-5ca68bbabee2
01a02690-0cc5-74ee-b745-0c912b001bfb;01a02690-22ee-7495-b83f-984fb83b7f5d
01a02690-0cc5-74ee-b745-0c92d9bdf57c;01a02690-22ee-7495-b83f-9850ee67e73f
01a02690-0cc5-74ee-b745-0c93336af327;01a02690-22e7-71eb-b833-3034a38c7656
01a02690-0cc5-74ee-b745-0c93336af327;01a02690-22ee-7495-b83f-985136bf88a1
01a02690-0cc5-74ee-b745-0c93336af327;01a02690-22e9-71a4-af72-5cdececf5cd2
01a02690-0cc5-74ee-b745-0c93336af327;01a02690-22ee-7495-b83f-985246be72ac
01a02690-0cc5-74ee-b745-0c93336af327;01a02690-22ee-7495-b83f-98538d37650f
01a02690-0cc5-74ee-b745-0c9400759940;01a02690-22ee-7495-b83f-9854ab8bba30
01a02690-0cc5-74ee-b745-0c9400759940;01a02690-22ee-7495-b83f-98556123cbf0
01a02690-0cc5-74ee-b745-0c95f811c967;01a02690-22ee-7495-b83f-98569c7036cc
01a02690-0cc5-74ee-b745-0c9699c71939;01a02690-22e9-71a4-af72-5c99263e8885
01a02690-0cc5-74ee-b745-0c9699c71939;01a02690-22e2-7774-a1a3-e4b056d8c0d1
01a02690-0cc5-74ee-b745-0c9731e91160;01a02690-22ee-7495-b83f-9857518791bd
01a02690-0cc5-74ee-b745-0c987791e641;01a02690-22ee-7495-b83f-98589bedb76b
01a02690-0cc5-74ee-b745-0c996a269010;01a02690-22ee-7495-b83f-98592985aad5
01a02690-0cc5-74ee-b745-0c9a61ff6573;01a02690-22e7-71eb-b833-30ec8bac93eb
01a02690-0cc5-74ee-b745-0c9bea520b41;01a02690-22e8-7496-8881-bf525b1c896a
01a02690-0cc5-74ee-b745-0c9cca5dd6a7;01a02690-22ee-7495-b83f-985af541e2e7
01a02690-0cc5-74ee-b745-0c9d88a739c1;01a02690-22ed-76b9-941f-3318f33022ab
01a02690-0cc5-74ee-b745-0c9e693eb62d;01a02690-22ee-7495-b83f-985b28cd8882
01a02690-0cc5-74ee-b745-0c9e693eb62d;01a02690-22ee-7495-b83f-985c089378bf
01a02690-0cc5-74ee-b745-0c9e693eb62d;01a02690-22ee-7495-b83f-985d18f6ae27
01a02690-0cc5-74ee-b745-0c9fe18ceb15;01a02690-22ee-7495-b83f-985e337a4aa4
01a02690-0cc5-74ee-b745-0c9fe18ceb15;01a02690-22ee-7495-b83f-985f6c105ee4
01a02690-0cc5-74ee-b745-0c9fe18ceb15;01a02690-22e4-7376-a60c-b99ca0c73ca8
01a02690-0cc5-74ee-b745-0c9fe18ceb15;01a02690-22ee-7495-b83f-98602c121eed
01a02690-0cc5-74ee-b745-0c9fe18ceb15;01a02690-22eb-71cc-a5a4-306659c03a55
01a02690-0cc5-74ee-b745-0c9fe18ceb15;01a02690-22ee-7495-b83f-982bd295bd31
01a02690-0cc5-74ee-b745-0c9fe18ceb15;01a02690-22ee-7495-b83f-9861fdc34ec4
01a02690-0cc5-74ee-b745-0ca022bacda0;01a02690-22e5-74eb-8ac8-9ea94930d313
01a02690-0cc5-74ee-b745-0ca1bd1b11dc;01a02690-22ee-7495-b83f-9862a56cad6e
01a02690-0cc5-74ee-b745-0ca2932e4b2a;01a02690-22ee-7495-b83f-9863b436d91b
01a02690-0cc5-74ee-b745-0ca363109b46;01a02690-22ee-7495-b83f-98647df4f549
01a02690-0cc5-74ee-b745-0ca363109b46;01a02690-22ee-7495-b83f-98653388074d
01a02690-0cc5-74ee-b745-0ca363109b46;01a02690-22e6-772f-ba89-ed13de22fa4e
01a02690-0cc5-74ee-b745-0ca363109b46;01a02690-22ee-7495-b83f-98665e004bbf
01a02690-0cc5-74ee-b745-0ca363109b46;01a02690-22ee-7495-b83f-9867410ec039
01a02690-0cc5-74ee-b745-0ca363109b46;01a02690-22e3-7064-9388-0fb9d9b7fb24
01a02690-0cc5-74ee-b745-0ca45a6fc8f6;01a02690-22ee-7495-b83f-98689a345044
01a02690-0cc5-74ee-b745-0ca593f980fa;01a02690-22ee-7495-b83f-98690d4ca488
01a02690-0cc5-74ee-b745-0ca593f980fa;01a02690-22ee-7495-b83f-986a1f982b77
01a02690-0cc5-74ee-b745-0ca6ae7bf2d2;01a02690-22e9-71a4-af72-5c5bbff8bbf9
01a02690-0cc5-74ee-b745-0ca782bcbf24;01a02690-22e9-71a4-af72-5bfd369573f9
01a02690-0cc5-74ee-b745-0ca8070a08ca;01a02690-22ee-7495-b83f-986be57d189c
01a02690-0cc5-74ee-b745-0ca9230ad21c;01a02690-22e6-772f-ba89-ed0af519c0fe
01a02690-0cc5-74ee-b745-0ca9230ad21c;01a02690-22ee-7495-b83f-986c64b62c5f
01a02690-0cc5-74ee-b745-0caab9d4782b;01a02690-22e4-7376-a60c-b9ba402ce7c3
01a02690-0cc5-74ee-b745-0cab5b902792;01a02690-22ee-7495-b83f-986d43b2e750
01a02690-0cc5-74ee-b745-0cac595a3ba7;01a02690-22ee-7495-b83f-986e191a05f5
01a02690-0cc5-74ee-b745-0cad2617c0c9;01a02690-22ee-7495-b83f-972850021cb9
01a02690-0cc5-74ee-b745-0caed1a64cce;01a02690-22ee-7495-b83f-986fb117f2f9
01a02690-0cc5-74ee-b745-0cafd878bb2d;01a02690-22e2-7774-a1a3-e4c47b3f92b6
01a02690-0cc5-74ee-b745-0cb03bd09706;01a02690-22ee-7495-b83f-987088cc1ddd
01a02690-0cc5-74ee-b745-0cb1488e44d3;01a02690-22ee-7495-b83f-9871eb1307af
01a02690-0cc5-74ee-b745-0cb2527f45dc;01a02690-22ee-7495-b83f-98720d983172
01a02690-0cc5-74ee-b745-0cb2527f45dc;01a02690-22ee-7495-b83f-9873e6791aac
01a02690-0cc5-74ee-b745-0cb2527f45dc;01a02690-22ee-7495-b83f-987459d8ee0c
01a02690-0cc5-74ee-b745-0cb390c6ef54;01a02690-22ee-7495-b83f-98758afb1d06
01a02690-0cc5-74ee-b745-0cb49eb1bd90;01a02690-22ec-7440-b13d-6485705b2016
01a02690-0cc5-74ee-b745-0cb5eed1441d;01a02690-22ee-7495-b83f-9876ea7a9c80
01a02690-0cc5-74ee-b745-0cb5eed1441d;01a02690-22e4-7376-a60c-b9c5d78b91a7
01a02690-0cc5-74ee-b745-0cb6369ba643;01a02690-22ee-7495-b83f-98772613e3b6
01a02690-0cc5-74ee-b745-0cb7ae9131fd;01a02690-22ee-7495-b83f-9878fe6931e6
01a02690-0cc5-74ee-b745-0cb7ae9131fd;01a02690-22ee-7495-b83f-987945fd8552
01a02690-0cc5-74ee-b745-0cb7ae9131fd;01a02690-22ee-7495-b83f-987a038656bc
01a02690-0cc5-74ee-b745-0cb7ae9131fd;01a02690-22ee-7495-b83f-987b1d3082f1
01a02690-0cc5-74ee-b745-0cb7ae9131fd;01a02690-22ec-7440-b13d-64a4b24590f8
01a02690-0cc5-74ee-b745-0cb852195486;01a02690-22ee-7495-b83f-987c3d71fafa
01a02690-0cc5-74ee-b745-0cb9e06afb13;01a02690-22ee-7495-b83f-987defeecf00
01a02690-0cc5-74ee-b745-0cb9e06afb13;01a02690-22ee-7495-b83f-987e1feda3e8
01a02690-0cc5-74ee-b745-0cb9e06afb13;01a02690-22ee-7495-b83f-987f699d59fc
01a02690-0cc5-74ee-b745-0cba1e814427;01a02690-22ee-7495-b83f-98800725dca0
01a02690-0cc5-74ee-b745-0cbb001ce056;01a02690-22ee-7495-b83f-988176f964f1
01a02690-0cc5-74ee-b745-0cbb001ce056;01a02690-22ee-7495-b83f-9882340916f3
01a02690-0cc5-74ee-b745-0cbcfd0131f6;01a02690-22ee-7495-b83f-9883e8525592
01a02690-0cc5-74ee-b745-0cbd1f524c2b;01a02690-22ee-7495-b83f-9884f74aef09
01a02690-0cc5-74ee-b745-0cbe161c4a1f;01a02690-22e7-71eb-b833-30b1ec40d88b
01a02690-0cc5-74ee-b745-0cbf8ea1bc22;01a02690-22e9-71a4-af72-5c886dfedfb1
01a02690-0cc5-74ee-b745-0cbf8ea1bc22;01a02690-22ed-76b9-941f-3235687d9e58
01a02690-0cc5-74ee-b745-0cbf8ea1bc22;01a02690-22ee-7495-b83f-982bd295bd31
01a02690-0cc5-74ee-b745-0cc0afad6d9b;01a02690-22ee-7495-b83f-9885b769bc09
01a02690-0cc5-74ee-b745-0cc1f034318a;01a02690-22ee-7495-b83f-9886b630f626
01a02690-0cc5-74ee-b745-0cc2e50b375c;01a02690-22ee-7495-b83f-98874a2874da
01a02690-0cc5-74ee-b745-0cc31e32a790;01a02690-22ee-7495-b83f-9888048bcd70
01a02690-0cc5-74ee-b745-0cc49f7be166;01a02690-22ee-7495-b83f-98897e5bf3ab
01a02690-0cc5-74ee-b745-0cc514c16a17;01a02690-22ee-7495-b83f-988a56aff6b6
01a02690-0cc5-74ee-b745-0cc514c16a17;01a02690-22ee-7495-b83f-988b6436f1a0
01a02690-0cc5-74ee-b745-0cc686b4143b;01a02690-22e8-7496-8881-bf3afa71a077
01a02690-0cc5-74ee-b745-0cc686b4143b;01a02690-22ee-7495-b83f-988cfcf0fe99
01a02690-0cc5-74ee-b745-0cc686b4143b;01a02690-22ee-7495-b83f-988dcd4b2735
01a02690-0cc5-74ee-b745-0cc76b0d00d8;01a02690-22ee-7495-b83f-988e5c16e8cf
01a02690-0cc5-74ee-b745-0cc84aef668f;01a02690-22ee-7495-b83f-988ff517ed87
01a02690-0cc5-74ee-b745-0cc938bf638c;01a02690-22ee-7495-b83f-98907a4e167f
01a02690-0cc5-74ee-b745-0cca44cdd1c5;01a02690-22ee-7495-b83f-98914fbc1614
01a02690-0cc5-74ee-b745-0ccb13176f52;01a02690-22e8-7496-8881-bfaa254af85d
01a02690-0cc5-74ee-b745-0cccd420fa4f;01a02690-22ee-7495-b83f-98929480fc5d
01a02690-0cc5-74ee-b745-0ccd2c72d490;01a02690-22ee-7495-b83f-9893b57e8a23
01a02690-0cc5-74ee-b745-0cce8ef8acc6;01a02690-22ee-7495-b83f-989407243f98
01a02690-0cc5-74ee-b745-0ccfdc3218c7;01a02690-22ee-7495-b83f-9895fe52d39d
01a02690-0cc5-74ee-b745-0cd0f732b6f4;01a02690-22ee-7495-b83f-9896923874df
01a02690-0cc5-74ee-b745-0cd16be9b7fe;01a02690-22ee-7495-b83f-9897ffb33816
01a02690-0cc5-74ee-b745-0cd29c667664;01a02690-22ee-7495-b83f-9898ee6b3610
01a02690-0cc5-74ee-b745-0cd30f405169;01a02690-22ee-7495-b83f-98992aa9fd7a
01a02690-0cc5-74ee-b745-0cd497a4659c;01a02690-22ee-7495-b83f-989a6afed29b
01a02690-0cc5-74ee-b745-0cd50957a213;01a02690-22ee-7495-b83f-989b5ce4ac68
01a02690-0cc5-74ee-b745-0cd50957a213;01a02690-22e5-74eb-8ac8-9f439f1468b1
01a02690-0cc5-74ee-b745-0cd6eaa23834;01a02690-22ee-7495-b83f-97b4eb9a1207
01a02690-0cc5-74ee-b745-0cd70e7c5172;01a02690-22ee-7495-b83f-989cb50e4b3f
01a02690-0cc5-74ee-b745-0cd8b8bbb331;01a02690-22ee-7495-b83f-989d08d6272e
01a02690-0cc5-74ee-b745-0cd9172c23d4;01a02690-22ee-7495-b83f-989e82417d70
01a02690-0cc5-74ee-b745-0cd9172c23d4;01a02690-22ee-7495-b83f-989f56d45ac5
01a02690-0cc5-74ee-b745-0cda3d6c583f;01a02690-22ee-7495-b83f-98a013d8c551
01a02690-0cc5-74ee-b745-0cdb42330d26;01a02690-22e6-772f-ba89-ed0ea4470d0c
01a02690-0cc5-74ee-b745-0cdc58ea5426;01a02690-22ea-7193-8a3e-1bdb628ecf1a
01a02690-0cc5-74ee-b745-0cdc58ea5426;01a02690-22ea-7193-8a3e-1bdc6e45b90a
01a02690-0cc5-74ee-b745-0cdde0266841;01a02690-22e5-74eb-8ac8-9efe311fd00d
01a02690-0cc5-74ee-b745-0cdee5532045;01a02690-22ee-7495-b83f-98a15fa46770
01a02690-0cc5-74ee-b745-0cdf884ab9a9;01a02690-22ee-7495-b83f-98a27277aba7
01a02690-0cc5-74ee-b745-0cdf884ab9a9;01a02690-22ee-7495-b83f-98a39e8c3833
01a02690-0cc5-74ee-b745-0ce03c1d61c5;01a02690-22ee-7495-b83f-98a4c5b6f258
01a02690-0cc5-74ee-b745-0ce135c57971;01a02690-22ee-7495-b83f-98a5d0e2dd04
01a02690-0cc5-74ee-b745-0ce135c57971;01a02690-22ee-7495-b83f-98a6e2b8d879
01a02690-0cc5-74ee-b745-0ce2b8840531;01a02690-22ee-7495-b83f-98a77d127a06
01a02690-0cc5-74ee-b745-0ce2b8840531;01a02690-22ee-7495-b83f-98a8780dc593
01a02690-0cc5-74ee-b745-0ce2b8840531;01a02690-22ee-7495-b83f-98a9ce928cca
01a02690-0cc5-74ee-b745-0ce3a2d8ffa4;01a02690-22ee-7495-b83f-98aaf4ffaf06
01a02690-0cc5-74ee-b745-0ce4083c1e3e;01a02690-22ee-7495-b83f-98ab5496f764
01a02690-0cc5-74ee-b745-0ce4083c1e3e;01a02690-22ee-7495-b83f-98acedb00d77
01a02690-0cc5-74ee-b745-0ce5796891b6;01a02690-22ee-7495-b83f-98ad445618ae
01a02690-0cc5-74ee-b745-0ce63cb7f903;01a02690-22ee-7495-b83f-98ae04f6e695
01a02690-0cc5-74ee-b745-0ce63cb7f903;01a02690-22ee-7495-b83f-98afdf28068d
01a02690-0cc5-74ee-b745-0ce76b3c4058;01a02690-22ee-7495-b83f-98b03707d1c6
01a02690-0cc5-74ee-b745-0ce8c293a6f7;01a02690-22eb-71cc-a5a4-303e169430c3
01a02690-0cc5-74ee-b745-0ce995abecb5;01a02690-22ee-7495-b83f-98b1f2ab41c0
01a02690-0cc5-74ee-b745-0cead8a0be3c;01a02690-22ee-7495-b83f-98b2c5febcf1
01a02690-0cc5-74ee-b745-0cead8a0be3c;01a02690-22ee-7495-b83f-98b3c7aee14e
01a02690-0cc5-74ee-b745-0cead8a0be3c;01a02690-22ee-7495-b83f-98b42e858fb7
01a02690-0cc5-74ee-b745-0ceb2e6c6ebf;01a02690-22ee-7495-b83f-98b568968ccd
01a02690-0cc5-74ee-b745-0cecbba606f1;01a02690-22ee-7495-b83f-98b624db4461
01a02690-0cc5-74ee-b745-0ced65bc19ed;01a02690-22ee-7495-b83f-98b731dd46e6
01a02690-0cc5-74ee-b745-0ced65bc19ed;01a02690-22ee-7495-b83f-98b851762166
01a02690-0cc5-74ee-b745-0ced65bc19ed;01a02690-22ee-7495-b83f-98b9fa46ddab
01a02690-0cc5-74ee-b745-0ced65bc19ed;01a02690-22ee-7495-b83f-98ba787c0758
01a02690-0cc5-74ee-b745-0ceeccf4ba62;01a02690-22ee-7495-b83f-98bb2516373d
01a02690-0cc5-74ee-b745-0ceff8f0c03d;01a02690-22ed-76b9-941f-32d5d6781ccd
01a02690-0cc5-74ee-b745-0ceff8f0c03d;01a02690-22ed-76b9-941f-32d71719d2c9
01a02690-0cc5-74ee-b745-0cf0bf82a91b;01a02690-22ee-7495-b83f-98bc648493c8
01a02690-0cc5-74ee-b745-0cf0bf82a91b;01a02690-22ee-7495-b83f-98bdb31ac331
01a02690-0cc5-74ee-b745-0cf0bf82a91b;01a02690-22e4-7376-a60c-b9ec59decd17
01a02690-0cc5-74ee-b745-0cf0bf82a91b;01a02690-22ee-7495-b83f-98be093b8787
01a02690-0cc5-74ee-b745-0cf0bf82a91b;01a02690-22ee-7495-b83f-98bf27929ced
01a02690-0cc5-74ee-b745-0cf0bf82a91b;01a02690-22ee-7495-b83f-98c01dab720d
01a02690-0cc5-74ee-b745-0cf0bf82a91b;01a02690-22ee-7495-b83f-98c1c145793a
01a02690-0cc5-74ee-b745-0cf0bf82a91b;01a02690-22ee-7495-b83f-98c20914f1c9
01a02690-0cc5-74ee-b745-0cf1f408996a;01a02690-22ee-7495-b83f-98c3490f4051
01a02690-0cc5-74ee-b745-0cf277152c3e;01a02690-22eb-71cc-a5a4-306d046bbb6f
01a02690-0cc5-74ee-b745-0cf3a59eedeb;01a02690-22ee-7495-b83f-98c41cfa18e3
01a02690-0cc5-74ee-b745-0cf43231fede;01a02690-22ee-7495-b83f-98c5d17314cf
01a02690-0cc5-74ee-b745-0cf5f2e1fb38;01a02690-22e9-71a4-af72-5c6e80fbe8ba
01a02690-0cc5-74ee-b745-0cf63b286712;01a02690-22ee-7495-b83f-98c69cb0698f
01a02690-0cc5-74ee-b745-0cf76a704491;01a02690-22ee-7495-b83f-98c739b7d1c0
01a02690-0cc5-74ee-b745-0cf76a704491;01a02690-22ee-7495-b83f-98c86917b6a2
01a02690-0cc5-74ee-b745-0cf8b8bdb65c;01a02690-22ee-7495-b83f-98c9a35b1085
01a02690-0cc5-74ee-b745-0cf9689b91d5;01a02690-22ec-7440-b13d-642f8935f6a9
01a02690-0cc5-74ee-b745-0cfaa57d655f;01a02690-22ee-7495-b83f-988dcd4b2735
01a02690-0cc5-74ee-b745-0cfbe5a8f2a6;01a02690-22ee-7495-b83f-98caecc2b94a
01a02690-0cc5-74ee-b745-0cfce67ee1b5;01a02690-22ee-7495-b83f-98cb961833b2
01a02690-0cc5-74ee-b745-0cfd638fefce;01a02690-22ee-7495-b83f-98cc8345ebf6
01a02690-0cc5-74ee-b745-0cfe5d1d51fa;01a02690-22e8-7496-8881-bfaa254af85d
01a02690-0cc5-74ee-b745-0cffa09b45ef;01a02690-22ee-7495-b83f-98cd206e4d41
01a02690-0cc5-74ee-b745-0cffa09b45ef;01a02690-22ee-7495-b83f-98ceb5821f06
01a02690-0cc5-74ee-b745-0d00578cf494;01a02690-22ee-7495-b83f-98cfc5c6d918
01a02690-0cc5-74ee-b745-0d01d5d5d01a;01a02690-22ee-7495-b83f-98d086a3f84b
01a02690-0cc5-74ee-b745-0d01d5d5d01a;01a02690-22ee-7495-b83f-98d1a5df8134
01a02690-0cc5-74ee-b745-0d01d5d5d01a;01a02690-22ee-7495-b83f-98d2b80733d2
01a02690-0cc5-74ee-b745-0d01d5d5d01a;01a02690-22ee-7495-b83f-98d3c47a03a9
01a02690-0cc5-74ee-b745-0d0248fa588a;01a02690-22ee-7495-b83f-98d4930e482a
01a02690-0cc5-74ee-b745-0d03808a6afd;01a02690-22ee-7495-b83f-98d594cf1bff
01a02690-0cc5-74ee-b745-0d03808a6afd;01a02690-22ee-7495-b83f-98d63adbcfde
01a02690-0cc5-74ee-b745-0d043c2685e6;01a02690-22ee-7495-b83f-98d72fa82be3
01a02690-0cc5-74ee-b745-0d05db48aa34;01a02690-22e5-74eb-8ac8-9eb55074ccd7
01a02690-0cc5-74ee-b745-0d06a230852f;01a02690-22ee-7495-b83f-98d83460a703
01a02690-0cc5-74ee-b745-0d06a230852f;01a02690-22ee-7495-b83f-98d9177ff157
01a02690-0cc5-74ee-b745-0d06a230852f;01a02690-22e6-772f-ba89-ec23eb9e57fb
01a02690-0cc5-74ee-b745-0d06a230852f;01a02690-22ee-7495-b83f-98dac7ce758a
01a02690-0cc5-74ee-b745-0d07a729fcc3;01a02690-22ee-7495-b83f-98db97eb5b9b
01a02690-0cc5-74ee-b745-0d07a729fcc3;01a02690-22ee-7495-b83f-98dc884e5d02
01a02690-0cc5-74ee-b745-0d08102e0af1;01a02690-22ee-7495-b83f-98ddfbafe360
01a02690-0cc5-74ee-b745-0d09ce37be24;01a02690-22ee-7495-b83f-98dec7031b25
01a02690-0cc5-74ee-b745-0d0a17dce94a;01a02690-22ee-7495-b83f-98df5013a976
01a02690-0cc5-74ee-b745-0d0b9f46630b;01a02690-22e2-7774-a1a3-e4e4f6a419f9
01a02690-0cc5-74ee-b745-0d0cdfe1b431;01a02690-22ee-7495-b83f-98e079cb1193
01a02690-0cc5-74ee-b745-0d0d2ac95b55;01a02690-22e8-7496-8881-bf7c3a4c4f90
01a02690-0cc5-74ee-b745-0d0d2ac95b55;01a02690-22ee-7495-b83f-98e10166f8a0
01a02690-0cc5-74ee-b745-0d0e7ef5f4e6;01a02690-22ee-7495-b83f-98e2364a1422
01a02690-0cc5-74ee-b745-0d0e7ef5f4e6;01a02690-22ee-7495-b83f-98e364fbe2d5
01a02690-0cc5-74ee-b745-0d0fdaf2afab;01a02690-22e6-772f-ba89-ed14623d9cbd
01a02690-0cc5-74ee-b745-0d10dda868e0;01a02690-22ee-7495-b83f-98e4c6c496be
01a02690-0cc5-74ee-b745-0d10dda868e0;01a02690-22ee-7495-b83f-98e5a395f4eb
01a02690-0cc5-74ee-b745-0d10dda868e0;01a02690-22ee-7495-b83f-98e61af6f472
01a02690-0cc5-74ee-b745-0d1136981b4b;01a02690-22ef-7395-8393-6a51ef04bdeb
01a02690-0cc5-74ee-b745-0d12d3217247;01a02690-22ef-7395-8393-6a523c63b18a
01a02690-0cc5-74ee-b745-0d13777ee888;01a02690-22ef-7395-8393-6a539042356a
01a02690-0cc5-74ee-b745-0d13777ee888;01a02690-22ec-7440-b13d-6382ade89ab9
01a02690-0cc5-74ee-b745-0d143882a355;01a02690-22ef-7395-8393-6a545d877dd1
01a02690-0cc5-74ee-b745-0d157ba9634a;01a02690-22ef-7395-8393-6a55207bb72b
01a02690-0cc5-74ee-b745-0d16872ce2f4;01a02690-22ef-7395-8393-6a5661b3f7d0
01a02690-0cc5-74ee-b745-0d171aa2acb6;01a02690-22ef-7395-8393-6a5716e6b35d
01a02690-0cc5-74ee-b745-0d1818ebb119;01a02690-22e3-7064-9388-0fb9d9b7fb24
01a02690-0cc5-74ee-b745-0d19b4c32e9b;01a02690-22ef-7395-8393-6a58b943acf1
01a02690-0cc5-74ee-b745-0d1a114b04d8;01a02690-22ef-7395-8393-6a59cadd7c2a
01a02690-0cc5-74ee-b745-0d1b0841d021;01a02690-22ef-7395-8393-6a5a8f5669fa
01a02690-0cc5-74ee-b745-0d1c05672605;01a02690-22e7-71eb-b833-30fd381a7027
01a02690-0cc5-74ee-b745-0d1d46c2abdc;01a02690-22ef-7395-8393-6a5b1d441b38
01a02690-0cc5-74ee-b745-0d1e6585846d;01a02690-22ea-7193-8a3e-1c49a433f972
01a02690-0cc5-74ee-b745-0d1fd0e5ca26;01a02690-22e5-74eb-8ac8-9ea2d0a22f14
01a02690-0cc5-74ee-b745-0d2044aac0ea;01a02690-22ef-7395-8393-6a5c4c38eb0b
01a02690-0cc5-74ee-b745-0d2044aac0ea;01a02690-22ea-7193-8a3e-1c1a023b4262
01a02690-0cc5-74ee-b745-0d21ce4a1bc0;01a02690-22ef-7395-8393-6a5d5fde09b0
01a02690-0cc5-74ee-b745-0d21ce4a1bc0;01a02690-22e7-71eb-b833-304aa5f2e6eb
01a02690-0cc5-74ee-b745-0d22d67b0038;01a02690-22ef-7395-8393-6a5edec3f892
01a02690-0cc5-74ee-b745-0d23f58b4923;01a02690-22e3-7064-9388-1007f6f94105
01a02690-0cc5-74ee-b745-0d24e2efac49;01a02690-22ed-76b9-941f-32952346198e
01a02690-0cc5-74ee-b745-0d25d608c403;01a02690-22e8-7496-8881-bfa36d0dff85
01a02690-0cc5-74ee-b745-0d266e85ffcb;01a02690-22e5-74eb-8ac8-9eefe41e9d4b
01a02690-0cc5-74ee-b745-0d266e85ffcb;01a02690-22ef-7395-8393-6a5feff5edff
01a02690-0cc5-74ee-b745-0d278f137427;01a02690-22e3-7064-9388-0fd05b9d3bf6
01a02690-0cc5-74ee-b745-0d28c65283e8;01a02690-22ef-7395-8393-6a6085999acc
01a02690-0cc5-74ee-b745-0d28c65283e8;01a02690-22ef-7395-8393-6a611b0296e9
01a02690-0cc5-74ee-b745-0d28c65283e8;01a02690-22ef-7395-8393-6a62a6a50617
01a02690-0cc5-74ee-b745-0d29fd7ca544;01a02690-22ef-7395-8393-6a63bdbcfe8d
01a02690-0cc5-74ee-b745-0d2a7083c99e;01a02690-22ef-7395-8393-6a64ed656c02
01a02690-0cc5-74ee-b745-0d2bd6922e59;01a02690-22e3-7064-9388-101e02287ea7
01a02690-0cc5-74ee-b745-0d2cbeb91aff;01a02690-22e5-74eb-8ac8-9eba69d98c67
01a02690-0cc5-74ee-b745-0d2ddd5be8ba;01a02690-22ef-7395-8393-6a658cad4a85
01a02690-0cc5-74ee-b745-0d2e8eb706ef;01a02690-22ef-7395-8393-6a66858adafc
01a02690-0cc5-74ee-b745-0d2f2b379b94;01a02690-22e3-7064-9388-0fea61f46da5
01a02690-0cc5-74ee-b745-0d30a32a5124;01a02690-22eb-71cc-a5a4-2fe8031006c2
01a02690-0cc5-74ee-b745-0d3143410de9;01a02690-22ef-7395-8393-6a6753bc2d8c
01a02690-0cc5-74ee-b745-0d3143410de9;01a02690-22ef-7395-8393-6a68ed746af4
01a02690-0cc5-74ee-b745-0d3143410de9;01a02690-22ef-7395-8393-6a691523cc0a
01a02690-0cc5-74ee-b745-0d3143410de9;01a02690-22ef-7395-8393-6a6a1a92db43
01a02690-0cc5-74ee-b745-0d3230222a03;01a02690-22ef-7395-8393-6a6b2eeb4830
01a02690-0cc5-74ee-b745-0d3340476ae8;01a02690-22ef-7395-8393-6a6c9e2c59dd
01a02690-0cc5-74ee-b745-0d3413da0b18;01a02690-22ef-7395-8393-6a6d44486489
01a02690-0cc5-74ee-b745-0d35a9989e86;01a02690-22ee-7495-b83f-9896923874df
01a02690-0cc5-74ee-b745-0d3602713db3;01a02690-22ef-7395-8393-6a6e58452bba
01a02690-0cc5-74ee-b745-0d375c9f304b;01a02690-22ec-7440-b13d-63933125501e
01a02690-0cc5-74ee-b745-0d38afaaf94b;01a02690-22e6-772f-ba89-ec4344e1d294
01a02690-0cc5-74ee-b745-0d38afaaf94b;01a02690-22ef-7395-8393-6a6f742899bc
01a02690-0cc5-74ee-b745-0d39bb6333a8;01a02690-22ef-7395-8393-6a7066ff389d
01a02690-0cc5-74ee-b745-0d3a2563c7d7;01a02690-22ef-7395-8393-6a714c26bbc8
01a02690-0cc5-74ee-b745-0d3a2563c7d7;01a02690-22ef-7395-8393-6a72079c6280
01a02690-0cc5-74ee-b745-0d3b39a469c0;01a02690-22eb-71cc-a5a4-30e6ff2661fc
01a02690-0cc5-74ee-b745-0d3b39a469c0;01a02690-22ea-7193-8a3e-1bcba0fb1372
01a02690-0cc5-74ee-b745-0d3b39a469c0;01a02690-22ea-7193-8a3e-1b9b406884b0
01a02690-0cc5-74ee-b745-0d3b39a469c0;01a02690-22e6-772f-ba89-ecaa6a2d11ef
01a02690-0cc5-74ee-b745-0d3c509d49bc;01a02690-22ef-7395-8393-6a73fed1bbaa
01a02690-0cc5-74ee-b745-0d3d1a90e2fb;01a02690-22ec-7440-b13d-63bb4b3d3fc9
01a02690-0cc5-74ee-b745-0d3d1a90e2fb;01a02690-22e6-772f-ba89-ed13de22fa4e
01a02690-0cc5-74ee-b745-0d3eb9c8be72;01a02690-22ef-7395-8393-6a7464bc4903
01a02690-0cc5-74ee-b745-0d3f64485294;01a02690-22e8-7496-8881-bfd664ef58d3
01a02690-0cc5-74ee-b745-0d40973dc74b;01a02690-22ea-7193-8a3e-1bcf460f7320
01a02690-0cc5-74ee-b745-0d4120453370;01a02690-22ef-7395-8393-6a75b115c259
01a02690-0cc5-74ee-b745-0d42558ac292;01a02690-22e8-7496-8881-bf316a3236f7
01a02690-0cc5-74ee-b745-0d42558ac292;01a02690-22e3-7064-9388-1071ba90c3a6
01a02690-0cc5-74ee-b745-0d42558ac292;01a02690-22e4-7376-a60c-b9dd5e3d7502
01a02690-0cc5-74ee-b745-0d435e644bba;01a02690-22ef-7395-8393-6a763b9e6c1d
01a02690-0cc5-74ee-b745-0d435e644bba;01a02690-22ef-7395-8393-6a770f4f2725
01a02690-0cc5-74ee-b745-0d435e644bba;01a02690-22ef-7395-8393-6a78ef6cb9e3
01a02690-0cc5-74ee-b745-0d44fe6a179c;01a02690-22ef-7395-8393-6a798858db7d
01a02690-0cc5-74ee-b745-0d45b9b67132;01a02690-22ef-7395-8393-6a7a02ca3103
01a02690-0cc5-74ee-b745-0d46d313e967;01a02690-22ef-7395-8393-6a7b3cf8e1a1
01a02690-0cc5-74ee-b745-0d477a1b35fe;01a02690-22ee-7495-b83f-9762b2a39115
01a02690-0cc5-74ee-b745-0d48b11ce8e9;01a02690-22ef-7395-8393-6a7c5252c835
01a02690-0cc5-74ee-b745-0d48b11ce8e9;01a02690-22ef-7395-8393-6a7d313bd34e
01a02690-0cc5-74ee-b745-0d49fb66c2c3;01a02690-22e8-7496-8881-bfaf70278722
01a02690-0cc5-74ee-b745-0d49fb66c2c3;01a02690-22ef-7395-8393-6a7c5252c835
01a02690-0cc5-74ee-b745-0d49fb66c2c3;01a02690-22ef-7395-8393-6a7d313bd34e
01a02690-0cc5-74ee-b745-0d49fb66c2c3;01a02690-22ef-7395-8393-6a7e116a56c4
01a02690-0cc5-74ee-b745-0d4af75a6e57;01a02690-22ef-7395-8393-6a7f2b3328d9
01a02690-0cc5-74ee-b745-0d4af75a6e57;01a02690-22ee-7495-b83f-9812d037e220
01a02690-0cc5-74ee-b745-0d4be4a7e222;01a02690-22e3-7064-9388-0fb8918bda04
01a02690-0cc5-74ee-b745-0d4ca28893e6;01a02690-22ea-7193-8a3e-1bd85312566b
01a02690-0cc5-74ee-b745-0d4d771922c4;01a02690-22e5-74eb-8ac8-9ef412f0c399
01a02690-0cc5-74ee-b745-0d4e2b158cd6;01a02690-22ef-7395-8393-6a801f1f2687
01a02690-0cc5-74ee-b745-0d4f773d9c48;01a02690-22ef-7395-8393-6a811ea00be1
01a02690-0cc5-74ee-b745-0d4f773d9c48;01a02690-22ef-7395-8393-6a828aa37129
01a02690-0cc5-74ee-b745-0d4f773d9c48;01a02690-22ef-7395-8393-6a83c2183f68
01a02690-0cc5-74ee-b745-0d4f773d9c48;01a02690-22ef-7395-8393-6a845e396608
01a02690-0cc5-74ee-b745-0d4f773d9c48;01a02690-22ef-7395-8393-6a854dc2840a
01a02690-0cc5-74ee-b745-0d4f773d9c48;01a02690-22ef-7395-8393-6a866b5c5378
01a02690-0cc5-74ee-b745-0d4f773d9c48;01a02690-22ef-7395-8393-6a87c662f44f
01a02690-0cc5-74ee-b745-0d4f773d9c48;01a02690-22ef-7395-8393-6a8846238918
01a02690-0cc5-74ee-b745-0d502f86edef;01a02690-22ea-7193-8a3e-1c3c9a464b8a
01a02690-0cc5-74ee-b745-0d51da67c631;01a02690-22ef-7395-8393-6a89677c4dd0
01a02690-0cc5-74ee-b745-0d51da67c631;01a02690-22ef-7395-8393-6a8add072ae9
01a02690-0cc5-74ee-b745-0d51da67c631;01a02690-22e5-74eb-8ac8-9eaeacae2b38
01a02690-0cc5-74ee-b745-0d5279aa72ae;01a02690-22ef-7395-8393-6a8bee832e82
01a02690-0cc5-74ee-b745-0d5305205f00;01a02690-22e3-7064-9388-0feeb0b91fdf
01a02690-0cc5-74ee-b745-0d545aa68263;01a02690-22ef-7395-8393-6a8c0fec1e04
01a02690-0cc5-74ee-b745-0d5578b66ec6;01a02690-22e6-772f-ba89-ec306d4d3daf
01a02690-0cc5-74ee-b745-0d563caf6c3c;01a02690-22e6-772f-ba89-ecf0597fa26e
01a02690-0cc5-74ee-b745-0d57c99519be;01a02690-22e9-71a4-af72-5bfe47b6c8d1
01a02690-0cc5-74ee-b745-0d58d540fcf4;01a02690-22ef-7395-8393-6a8d3359d39d
01a02690-0cc5-74ee-b745-0d59fa7541e9;01a02690-22ef-7395-8393-6a8e97e36c29
01a02690-0cc5-74ee-b745-0d5ad4acc2ae;01a02690-22ef-7395-8393-6a8f0e1b73b2
01a02690-0cc5-74ee-b745-0d5bd55b1467;01a02690-22e3-7064-9388-0feeb0b91fdf
01a02690-0cc5-74ee-b745-0d5c0b129bd5;01a02690-22ef-7395-8393-6a90a3976b68
01a02690-0cc5-74ee-b745-0d5ddf659439;01a02690-22ef-7395-8393-6a915439b627
01a02690-0cc5-74ee-b745-0d5e7971fb69;01a02690-22ef-7395-8393-6a923452d2b5
01a02690-0cc5-74ee-b745-0d5f5a7c2755;01a02690-22ef-7395-8393-6a93aa2c3fde
01a02690-0cc5-74ee-b745-0d5f5a7c2755;01a02690-22ef-7395-8393-6a94808eedd5
01a02690-0cc5-74ee-b745-0d5f5a7c2755;01a02690-22e6-772f-ba89-ece6cdaa2aed
01a02690-0cc5-74ee-b745-0d60876052f3;01a02690-22e9-71a4-af72-5cbc8b0d4aba
01a02690-0cc5-74ee-b745-0d61caf5d4fe;01a02690-22ee-7495-b83f-9709f7cfbd23
01a02690-0cc5-74ee-b745-0d629e06b24e;01a02690-22ef-7395-8393-6a953a6f9439
01a02690-0cc5-74ee-b745-0d6307fbc649;01a02690-22ef-7395-8393-6a963a853e87
01a02690-0cc5-74ee-b745-0d6307fbc649;01a02690-22ec-7440-b13d-6388a61913f4
01a02690-0cc5-74ee-b745-0d6307fbc649;01a02690-22ef-7395-8393-6a97e094b145
01a02690-0cc5-74ee-b745-0d6307fbc649;01a02690-22ef-7395-8393-6a98d74db687
01a02690-0cc5-74ee-b745-0d6307fbc649;01a02690-22ef-7395-8393-6a99baccaa99
01a02690-0cc5-74ee-b745-0d6307fbc649;01a02690-22ef-7395-8393-6a9aa5fa1a48
01a02690-0cc5-74ee-b745-0d6307fbc649;01a02690-22ef-7395-8393-6a9b8df36aef
01a02690-0cc5-74ee-b745-0d6307fbc649;01a02690-22ef-7395-8393-6a9c37d10f0c
01a02690-0cc5-74ee-b745-0d6307fbc649;01a02690-22ef-7395-8393-6a9d95aa3355
01a02690-0cc5-74ee-b745-0d6307fbc649;01a02690-22ef-7395-8393-6a9ee011708a
01a02690-0cc5-74ee-b745-0d6307fbc649;01a02690-22ef-7395-8393-6a9f1ced1522
01a02690-0cc5-74ee-b745-0d6307fbc649;01a02690-22ef-7395-8393-6aa05ecd0eee
01a02690-0cc5-74ee-b745-0d646522046b;01a02690-22e6-772f-ba89-ec9f87f95494
01a02690-0cc5-74ee-b745-0d65208855c0;01a02690-22ef-7395-8393-6aa14d730deb
01a02690-0cc5-74ee-b745-0d6676080f38;01a02690-22ef-7395-8393-6aa24c513a6d
01a02690-0cc5-74ee-b745-0d67efa67869;01a02690-22ef-7395-8393-6aa3568a4d6b
01a02690-0cc5-74ee-b745-0d67efa67869;01a02690-22ef-7395-8393-6aa4aa9eebe8
01a02690-0cc5-74ee-b745-0d68d0019c32;01a02690-22ef-7395-8393-6aa5fad059c6
01a02690-0cc5-74ee-b745-0d696b647409;01a02690-22e3-7064-9388-106af16808b6
01a02690-0cc5-74ee-b745-0d6a91e0af36;01a02690-22ef-7395-8393-6aa6e75f6e9c
01a02690-0cc5-74ee-b745-0d6b6d63aa86;01a02690-22ef-7395-8393-6aa6e75f6e9c
01a02690-0cc5-74ee-b745-0d6b6d63aa86;01a02690-22ef-7395-8393-6aa7d1bf0f1f
01a02690-0cc5-74ee-b745-0d6c02654db8;01a02690-22ef-7395-8393-6aa8bcd21764
01a02690-0cc5-74ee-b745-0d6c02654db8;01a02690-22ef-7395-8393-6aa94da02a44
01a02690-0cc5-74ee-b745-0d6c02654db8;01a02690-22ef-7395-8393-6aaa6b2ba02d
01a02690-0cc5-74ee-b745-0d6c02654db8;01a02690-22ef-7395-8393-6aab758a88f6
01a02690-0cc5-74ee-b745-0d6d18c9f1d0;01a02690-22e8-7496-8881-bff02aac5245
01a02690-0cc5-74ee-b745-0d6ec29704d6;01a02690-22ee-7495-b83f-97fe26ef699d
01a02690-0cc5-74ee-b745-0d6ec29704d6;01a02690-22e4-7376-a60c-b9e262e79eac
01a02690-0cc5-74ee-b745-0d6ec29704d6;01a02690-22e5-74eb-8ac8-9f40803483fe
01a02690-0cc5-74ee-b745-0d6ec29704d6;01a02690-22e5-74eb-8ac8-9f414871ab1c
01a02690-0cc5-74ee-b745-0d6ec29704d6;01a02690-22e3-7064-9388-1020f0f08e72
01a02690-0cc5-74ee-b745-0d6fab377e5b;01a02690-22e9-71a4-af72-5bfb2f3a4d50
01a02690-0cc5-74ee-b745-0d70691378ad;01a02690-22ef-7395-8393-6aac49041bde
01a02690-0cc5-74ee-b745-0d7156ad5850;01a02690-22ef-7395-8393-6aadcace8283
01a02690-0cc5-74ee-b745-0d72899be3e1;01a02690-22ef-7395-8393-6aae7f9a3c6e
01a02690-0cc5-74ee-b745-0d72899be3e1;01a02690-22ef-7395-8393-6aaf87e8b39e
01a02690-0cc5-74ee-b745-0d72899be3e1;01a02690-22e8-7496-8881-bfa4451b6d60
01a02690-0cc5-74ee-b745-0d72899be3e1;01a02690-22ef-7395-8393-6ab00f6345fd
01a02690-0cc5-74ee-b745-0d72899be3e1;01a02690-22ef-7395-8393-6ab1477b085d
01a02690-0cc5-74ee-b745-0d72899be3e1;01a02690-22ef-7395-8393-6ab2c952562c
01a02690-0cc5-74ee-b745-0d72899be3e1;01a02690-22ef-7395-8393-6ab39a2ae7eb
01a02690-0cc5-74ee-b745-0d72899be3e1;01a02690-22ef-7395-8393-6ab44936c531
01a02690-0cc5-74ee-b745-0d72899be3e1;01a02690-22eb-71cc-a5a4-30f851160f7f
01a02690-0cc5-74ee-b745-0d72899be3e1;01a02690-22ef-7395-8393-6ab52e0c1f38
01a02690-0cc5-74ee-b745-0d72899be3e1;01a02690-22ef-7395-8393-6ab63852830d
01a02690-0cc5-74ee-b745-0d73dde812cd;01a02690-22ef-7395-8393-6ab78528fa00
01a02690-0cc5-74ee-b745-0d74bcf77b34;01a02690-22e3-7064-9388-0fe0f6aabf71
01a02690-0cc5-74ee-b745-0d75769ebb9d;01a02690-22ef-7395-8393-6ab866399e35
01a02690-0cc5-74ee-b745-0d75769ebb9d;01a02690-22ef-7395-8393-6ab9491b147f
01a02690-0cc5-74ee-b745-0d75769ebb9d;01a02690-22ef-7395-8393-6aba0bf243bc
01a02690-0cc5-74ee-b745-0d75769ebb9d;01a02690-22ef-7395-8393-6abbb808ff35
01a02690-0cc5-74ee-b745-0d76b8707666;01a02690-22ec-7440-b13d-63bf8b78bf65
01a02690-0cc5-74ee-b745-0d77eabb277c;01a02690-22ef-7395-8393-6abc6ac2276b
01a02690-0cc5-74ee-b745-0d7862f7ef68;01a02690-22e5-74eb-8ac8-9f2657fe1a9c
01a02690-0cc5-74ee-b745-0d79a247809f;01a02690-22ef-7395-8393-6abdf81a4d86
01a02690-0cc5-74ee-b745-0d79a247809f;01a02690-22ef-7395-8393-6abe32604963
01a02690-0cc5-74ee-b745-0d79a247809f;01a02690-22ef-7395-8393-6abf7f443d4e
01a02690-0cc5-74ee-b745-0d79a247809f;01a02690-22ef-7395-8393-6ac06ec2a1a6
01a02690-0cc5-74ee-b745-0d7a42021ff1;01a02690-22ef-7395-8393-6ac1ce3d7a00
01a02690-0cc5-74ee-b745-0d7b2d446b56;01a02690-22ee-7495-b83f-98307a4dd1e7
01a02690-0cc5-74ee-b745-0d7c6cf41901;01a02690-22e2-7774-a1a3-e4b25e349414
01a02690-0cc5-74ee-b745-0d7c6cf41901;01a02690-22ef-7395-8393-6ac2053a3055
01a02690-0cc5-74ee-b745-0d7c6cf41901;01a02690-22ef-7395-8393-6ac38cf2d242
01a02690-0cc5-74ee-b745-0d7dce8bb627;01a02690-22e4-7376-a60c-b92cb1c8290f
01a02690-0cc5-74ee-b745-0d7eb67db86c;01a02690-22ef-7395-8393-6ac41289ad64
01a02690-0cc5-74ee-b745-0d7f0ebefc2f;01a02690-22ef-7395-8393-6ac50217d5da
01a02690-0cc5-74ee-b745-0d802f487eeb;01a02690-22ef-7395-8393-6ac668643f37
01a02690-0cc5-74ee-b745-0d81af952bfb;01a02690-22e7-71eb-b833-309c83690e6c
01a02690-0cc5-74ee-b745-0d822d9b382c;01a02690-22ef-7395-8393-6ac7dfa68b1b
01a02690-0cc5-74ee-b745-0d822d9b382c;01a02690-22ef-7395-8393-6ac8f6edb876
01a02690-0cc5-74ee-b745-0d836ca08f68;01a02690-22e7-71eb-b833-30275e10ffba
01a02690-0cc5-74ee-b745-0d84793ee8e7;01a02690-22ef-7395-8393-6ac95634ce52
01a02690-0cc5-74ee-b745-0d84793ee8e7;01a02690-22ef-7395-8393-6aca58ce5baa
01a02690-0cc5-74ee-b745-0d85dd6c8e92;01a02690-22ef-7395-8393-6acb67230fa2
01a02690-0cc5-74ee-b745-0d85dd6c8e92;01a02690-22e3-7064-9388-0fe433bc2b22
01a02690-0cc5-74ee-b745-0d8675448536;01a02690-22ef-7395-8393-6accbc556da2
01a02690-0cc5-74ee-b745-0d87df5f63f8;01a02690-22ef-7395-8393-6acde7974992
01a02690-0cc5-74ee-b745-0d8873e192ec;01a02690-22e6-772f-ba89-ec9f87f95494
01a02690-0cc5-74ee-b745-0d8989a88dea;01a02690-22ef-7395-8393-6ace9a347fda
01a02690-0cc5-74ee-b745-0d8a1c26bf21;01a02690-22ef-7395-8393-6acf0cd7c355
01a02690-0cc5-74ee-b745-0d8a1c26bf21;01a02690-22ef-7395-8393-6ad03313a48e
01a02690-0cc5-74ee-b745-0d8a1c26bf21;01a02690-22ef-7395-8393-6ad16847d4d3
01a02690-0cc5-74ee-b745-0d8a1c26bf21;01a02690-22ef-7395-8393-6ad2891a858f
01a02690-0cc5-74ee-b745-0d8b9d1e4762;01a02690-22e7-71eb-b833-303bdc81a311
01a02690-0cc5-74ee-b745-0d8c6873bd22;01a02690-22e3-7064-9388-101f2afd6f0d
01a02690-0cc5-74ee-b745-0d8d9224e6a6;01a02690-22ef-7395-8393-6ad3ca297d8e
01a02690-0cc5-74ee-b745-0d8ef34ccf4d;01a02690-22ef-7395-8393-6ad44b9966a8
01a02690-0cc5-74ee-b745-0d8f0412df77;01a02690-22ef-7395-8393-6ad51e82607e
01a02690-0cc5-74ee-b745-0d90a4296f3b;01a02690-22e6-772f-ba89-ec499f3fc58e
01a02690-0cc5-74ee-b745-0d91ff6ccead;01a02690-22ef-7395-8393-6ad697e9d998
01a02690-0cc5-74ee-b745-0d92fff6e216;01a02690-22ef-7395-8393-6ad78c476e44
01a02690-0cc5-74ee-b745-0d93baf7cb8d;01a02690-22e7-71eb-b833-310206ef9d01
01a02690-0cc5-74ee-b745-0d93baf7cb8d;01a02690-22ef-7395-8393-6ad8ccd2e362
01a02690-0cc5-74ee-b745-0d93baf7cb8d;01a02690-22ef-7395-8393-6a5b1d441b38
01a02690-0cc5-74ee-b745-0d94514fa3a1;01a02690-22ec-7440-b13d-64a8cf4c3245
01a02690-0cc5-74ee-b745-0d95f3df9f0d;01a02690-22e3-7064-9388-104f338cf42b
01a02690-0cc5-74ee-b745-0d95f3df9f0d;01a02690-22e3-7064-9388-1051dda49c41
01a02690-0cc5-74ee-b745-0d96be3bc1f5;01a02690-22ef-7395-8393-6ad95fff4d46
01a02690-0cc5-74ee-b745-0d9701225c88;01a02690-22e3-7064-9388-0feeb0b91fdf
01a02690-0cc5-74ee-b745-0d98f96f38e6;01a02690-22ee-7495-b83f-97139236ba1e
01a02690-0cc5-74ee-b745-0d99710c77b5;01a02690-22ef-7395-8393-6ada4388fa1f
01a02690-0cc5-74ee-b745-0d9a7e548d58;01a02690-22ee-7495-b83f-977d31ebe3b1
01a02690-0cc5-74ee-b745-0d9b65f9c452;01a02690-22ef-7395-8393-6adbe709a929
01a02690-0cc5-74ee-b745-0d9ce9fe5b93;01a02690-22ef-7395-8393-6adc42dab047
01a02690-0cc5-74ee-b745-0d9d22b6e7e7;01a02690-22ef-7395-8393-6add202f1776
01a02690-0cc5-74ee-b745-0d9d22b6e7e7;01a02690-22ef-7395-8393-6ade6a254063
01a02690-0cc5-74ee-b745-0d9e1bf841c1;01a02690-22ef-7395-8393-6adfeb8408ca
01a02690-0cc5-74ee-b745-0d9fa5793407;01a02690-22ef-7395-8393-6a55207bb72b
01a02690-0cc5-74ee-b745-0da098b071be;01a02690-22ef-7395-8393-6ae04e698b0f
01a02690-0cc5-74ee-b745-0da17cc177ee;01a02690-22ef-7395-8393-6ae172d6ef6f
01a02690-0cc5-74ee-b745-0da2f2973cf8;01a02690-22ef-7395-8393-6ae299ea0554
01a02690-0cc5-74ee-b745-0da3ac6de47f;01a02690-22ef-7395-8393-6ae39423c897
01a02690-0cc5-74ee-b745-0da45e12673e;01a02690-22ef-7395-8393-6ae47bebe284
01a02690-0cc5-74ee-b745-0da5df2c8944;01a02690-22ef-7395-8393-6ae521d3228a
01a02690-0cc5-74ee-b745-0da6af5ccae8;01a02690-22e5-74eb-8ac8-9efe311fd00d
01a02690-0cc5-74ee-b745-0da7721a4b10;01a02690-22ed-76b9-941f-32369960d37f
01a02690-0cc5-74ee-b745-0da7721a4b10;01a02690-22ed-76b9-941f-32dc2725bbe4
01a02690-0cc5-74ee-b745-0da7721a4b10;01a02690-22e6-772f-ba89-ece916341585
01a02690-0cc5-74ee-b745-0da7721a4b10;01a02690-22e7-71eb-b833-31148e5bc3c7
01a02690-0cc5-74ee-b745-0da7721a4b10;01a02690-22ee-7495-b83f-98a013d8c551
01a02690-0cc5-74ee-b745-0da7721a4b10;01a02690-22e3-7064-9388-10796d188615
01a02690-0cc5-74ee-b745-0da7721a4b10;01a02690-22e7-71eb-b833-3024ede91b07
01a02690-0cc5-74ee-b745-0da8fa9f977d;01a02690-22ef-7395-8393-6ae60e952e6b
01a02690-0cc5-74ee-b745-0da9f9109b31;01a02690-22ee-7495-b83f-96f1210c81a4
01a02690-0cc5-74ee-b745-0daace6a64cb;01a02690-22ef-7395-8393-6ae737b8289f
01a02690-0cc5-74ee-b745-0dabbd1bff3d;01a02690-22ef-7395-8393-6ae82abdf367
01a02690-0cc5-74ee-b745-0dacd211d93a;01a02690-22ef-7395-8393-6ae98225b064
01a02690-0cc5-74ee-b745-0dadddc4fb37;01a02690-22ef-7395-8393-6aeac70e7f3a
01a02690-0cc5-74ee-b745-0dae18b1e003;01a02690-22ef-7395-8393-6aeb7916d873
01a02690-0cc5-74ee-b745-0daf4ccb9161;01a02690-22e3-7064-9388-0fbe24834d3e
01a02690-0cc5-74ee-b745-0db074ca0190;01a02690-22ef-7395-8393-6aec91413f3e
01a02690-0cc5-74ee-b745-0db153e74395;01a02690-22ef-7395-8393-6aed208204a7
01a02690-0cc5-74ee-b745-0db2b3473703;01a02690-22ef-7395-8393-6aeedd568e78
01a02690-0cc5-74ee-b745-0db3175591a8;01a02690-22ef-7395-8393-6aeff1b4c14b
01a02690-0cc5-74ee-b745-0db413d12dca;01a02690-22ef-7395-8393-6af09bd37b85
01a02690-0cc5-74ee-b745-0db5b6919d49;01a02690-22e9-71a4-af72-5c5bbff8bbf9
01a02690-0cc5-74ee-b745-0db64a0d46f0;01a02690-22ef-7395-8393-6af1a9a3faf1
01a02690-0cc5-74ee-b745-0db7638a87c9;01a02690-22ef-7395-8393-6af285c319ab
01a02690-0cc5-74ee-b745-0db7638a87c9;01a02690-22ef-7395-8393-6af3f59bbc68
01a02690-0cc5-74ee-b745-0db7638a87c9;01a02690-22ef-7395-8393-6af488bc2ae8
01a02690-0cc5-74ee-b745-0db898a35106;01a02690-22ef-7395-8393-6af58310e526
01a02690-0cc5-74ee-b745-0db9c94fdcd2;01a02690-22ef-7395-8393-6af669737c6a
01a02690-0cc5-74ee-b745-0db9c94fdcd2;01a02690-22ef-7395-8393-6af709fdfb9c
01a02690-0cc5-74ee-b745-0db9c94fdcd2;01a02690-22ef-7395-8393-6af89c9b2f3c
01a02690-0cc5-74ee-b745-0db9c94fdcd2;01a02690-22ef-7395-8393-6af9144d8711
01a02690-0cc5-74ee-b745-0dba795a0cf4;01a02690-22e7-71eb-b833-30ae3b51d9e5
01a02690-0cc5-74ee-b745-0dbb53657135;01a02690-22ee-7495-b83f-97d43f8ec1d9
01a02690-0cc5-74ee-b745-0dbc74eda904;01a02690-22ef-7395-8393-6afa924d201b
01a02690-0cc5-74ee-b745-0dbd3986a790;01a02690-22ef-7395-8393-6afbd4edc361
01a02690-0cc5-74ee-b745-0dbee2151696;01a02690-22ef-7395-8393-6afcdb74dafd
01a02690-0cc5-74ee-b745-0dbfe8badf4b;01a02690-22ef-7395-8393-6afd6ae7ee3a
01a02690-0cc5-74ee-b745-0dc0e36ed424;01a02690-22eb-71cc-a5a4-301261698ce8
01a02690-0cc5-74ee-b745-0dc1725e50ce;01a02690-22e3-7064-9388-0feeb0b91fdf
01a02690-0cc5-74ee-b745-0dc2522f5434;01a02690-22e8-7496-8881-bf397a9d069b
01a02690-0cc5-74ee-b745-0dc2522f5434;01a02690-22e7-71eb-b833-30ec8bac93eb
01a02690-0cc5-74ee-b745-0dc3d4af4cc3;01a02690-22ef-7395-8393-6afe7dbf031c
01a02690-0cc5-74ee-b745-0dc44753822c;01a02690-22ef-7395-8393-6aff509f5869
01a02690-0cc5-74ee-b745-0dc44753822c;01a02690-22ef-7395-8393-6b00a30aa327
01a02690-0cc5-74ee-b745-0dc44753822c;01a02690-22ef-7395-8393-6b01cd957f1f
01a02690-0cc5-74ee-b745-0dc44753822c;01a02690-22ef-7395-8393-6b021f0e3add
01a02690-0cc5-74ee-b745-0dc44753822c;01a02690-22ef-7395-8393-6b0352e00711
01a02690-0cc5-74ee-b745-0dc5afe23601;01a02690-22ee-7495-b83f-972850021cb9
01a02690-0cc5-74ee-b745-0dc6bd5d3bcf;01a02690-22ee-7495-b83f-982bd295bd31
01a02690-0cc5-74ee-b745-0dc705ebeb86;01a02690-22ef-7395-8393-6b04a62ac4fc
01a02690-0cc5-74ee-b745-0dc873e886ae;01a02690-22e5-74eb-8ac8-9f1f569eb7df
01a02690-0cc5-74ee-b745-0dc9501dc0f9;01a02690-22ec-7440-b13d-63ccc45f33b0
01a02690-0cc5-74ee-b745-0dca09b81f7e;01a02690-22e7-71eb-b833-308ae0bb37f3
01a02690-0cc5-74ee-b745-0dcb520f2c49;01a02690-22ef-7395-8393-6b05b188af76
01a02690-0cc5-74ee-b745-0dcc865ad37f;01a02690-22ef-7395-8393-6b0638703d37
01a02690-0cc5-74ee-b745-0dcc865ad37f;01a02690-22ef-7395-8393-6b071c84dfe2
01a02690-0cc5-74ee-b745-0dcc865ad37f;01a02690-22ef-7395-8393-6b0851ee5f3c
01a02690-0cc5-74ee-b745-0dcc865ad37f;01a02690-22e4-7376-a60c-b9db54cf073a
01a02690-0cc5-74ee-b745-0dcc865ad37f;01a02690-22ef-7395-8393-6b09621b6c6d
01a02690-0cc5-74ee-b745-0dcdc4035f64;01a02690-22ef-7395-8393-6b0a1a328ce6
01a02690-0cc5-74ee-b745-0dcecbba5a4a;01a02690-22ef-7395-8393-6b0bf1f582ed
01a02690-0cc5-74ee-b745-0dcf752768da;01a02690-22ef-7395-8393-6b0ca61b510a
01a02690-0cc5-74ee-b745-0dcf752768da;01a02690-22ef-7395-8393-6b0dff4ed2c0
01a02690-0cc5-74ee-b745-0dcf752768da;01a02690-22ef-7395-8393-6b0e69d415b1
01a02690-0cc5-74ee-b745-0dcf752768da;01a02690-22ef-7395-8393-6b0f82b27b5e
01a02690-0cc5-74ee-b745-0dcf752768da;01a02690-22ef-7395-8393-6b103291805e
01a02690-0cc5-74ee-b745-0dcf752768da;01a02690-22ef-7395-8393-6b11e6342a20
01a02690-0cc5-74ee-b745-0dd004d2adb4;01a02690-22ef-7395-8393-6b123da40f82
01a02690-0cc5-74ee-b745-0dd16ba11e61;01a02690-22ef-7395-8393-6b071c84dfe2
01a02690-0cc5-74ee-b745-0dd26e389ce3;01a02690-22ef-7395-8393-6b1332fade29
01a02690-0cc5-74ee-b745-0dd26e389ce3;01a02690-22ef-7395-8393-6b147d9c5a3a
01a02690-0cc5-74ee-b745-0dd26e389ce3;01a02690-22e3-7064-9388-0fdc25a2d5ec
01a02690-0cc5-74ee-b745-0dd26e389ce3;01a02690-22ef-7395-8393-6b1535db3e27
01a02690-0cc5-74ee-b745-0dd26e389ce3;01a02690-22ef-7395-8393-6b16aa8ddd13
01a02690-0cc5-74ee-b745-0dd26e389ce3;01a02690-22e9-71a4-af72-5be983dbbcf0
01a02690-0cc5-74ee-b745-0dd26e389ce3;01a02690-22ef-7395-8393-6b17b8a39f57
01a02690-0cc5-74ee-b745-0dd26e389ce3;01a02690-22ee-7495-b83f-988dcd4b2735
01a02690-0cc5-74ee-b745-0dd3cb830a66;01a02690-22ef-7395-8393-6b1802f3ed67
01a02690-0cc5-74ee-b745-0dd3cb830a66;01a02690-22ef-7395-8393-6b197b12fb4b
01a02690-0cc5-74ee-b745-0dd404f4e25d;01a02690-22ef-7395-8393-6b1afff089b8
01a02690-0cc5-74ee-b745-0dd404f4e25d;01a02690-22ef-7395-8393-6b1bd0eb888b
01a02690-0cc5-74ee-b745-0dd404f4e25d;01a02690-22ef-7395-8393-6b1c15b6c346
01a02690-0cc5-74ee-b745-0dd5607c606b;01a02690-22e6-772f-ba89-ecc59d52e948
01a02690-0cc5-74ee-b745-0dd62a3301bc;01a02690-22ea-7193-8a3e-1c2bdc351e40
01a02690-0cc5-74ee-b745-0dd62a3301bc;01a02690-22e3-7064-9388-106ec8bbf451
01a02690-0cc5-74ee-b745-0dd62a3301bc;01a02690-22ea-7193-8a3e-1c2c29203d87
01a02690-0cc5-74ee-b745-0dd79203f6c5;01a02690-22ed-76b9-941f-3306e9c3e12e
01a02690-0cc5-74ee-b745-0dd8b809bd72;01a02690-22ef-7395-8393-6a7e116a56c4
01a02690-0cc5-74ee-b745-0dd92528afaf;01a02690-22e3-7064-9388-1000c7ec7aab
01a02690-0cc5-74ee-b745-0dd92528afaf;01a02690-22eb-71cc-a5a4-3015fc3a8b70
01a02690-0cc5-74ee-b745-0ddaadf97b8c;01a02690-22e6-772f-ba89-ed1d30cc2132
01a02690-0cc5-74ee-b745-0ddaadf97b8c;01a02690-22e9-71a4-af72-5c1d13279405
01a02690-0cc5-74ee-b745-0ddb10d62f02;01a02690-22ef-7395-8393-6b1d2aea19ed
01a02690-0cc5-74ee-b745-0ddc49c0c1d5;01a02690-22ed-76b9-941f-3283817b999c
01a02690-0cc5-74ee-b745-0ddd0f52b97b;01a02690-22eb-71cc-a5a4-30de270e37de
01a02690-0cc5-74ee-b745-0dde9d049fe4;01a02690-22ee-7495-b83f-98dac7ce758a
01a02690-0cc5-74ee-b745-0ddfd10adc56;01a02690-22ef-7395-8393-6b1e9d33b8d6
01a02690-0cc5-74ee-b745-0de0f10d3ac3;01a02690-22ef-7395-8393-6b1f38e86a55
01a02690-0cc5-74ee-b745-0de17d54789c;01a02690-22ef-7395-8393-6b20a4e21521
01a02690-0cc5-74ee-b745-0de2b6da881b;01a02690-22e9-71a4-af72-5c33307a7121
01a02690-0cc5-74ee-b745-0de340219063;01a02690-22ef-7395-8393-6b21ff394f9c
01a02690-0cc5-74ee-b745-0de340219063;01a02690-22ef-7395-8393-6b220cf8d62b
01a02690-0cc5-74ee-b745-0de340219063;01a02690-22ef-7395-8393-6b230e3779b2
01a02690-0cc5-74ee-b745-0de340219063;01a02690-22ef-7395-8393-6b24ba6eb2a5
01a02690-0cc5-74ee-b745-0de340219063;01a02690-22ef-7395-8393-6b25bc0984f0
01a02690-0cc5-74ee-b745-0de340219063;01a02690-22ef-7395-8393-6b2600e052e6
01a02690-0cc5-74ee-b745-0de340219063;01a02690-22ef-7395-8393-6b275e3e28c1
01a02690-0cc5-74ee-b745-0de340219063;01a02690-22ef-7395-8393-6b28d19bf223
01a02690-0cc5-74ee-b745-0de340219063;01a02690-22ef-7395-8393-6b29a35b7bab
01a02690-0cc5-74ee-b745-0de340219063;01a02690-22ef-7395-8393-6b2a5b85453f
01a02690-0cc5-74ee-b745-0de340219063;01a02690-22ef-7395-8393-6b2b63183f17
01a02690-0cc5-74ee-b745-0de340219063;01a02690-22ef-7395-8393-6b2cee583771
01a02690-0cc5-74ee-b745-0de340219063;01a02690-22ef-7395-8393-6b2d74df0539
01a02690-0cc5-74ee-b745-0de43014486c;01a02690-22ef-7395-8393-6b2ef3936464
01a02690-0cc5-74ee-b745-0de5e7a91599;01a02690-22ef-7395-8393-6b2f6867a2d5
01a02690-0cc5-74ee-b745-0de6c17c442a;01a02690-22ef-7395-8393-6b30a6fbdd28
01a02690-0cc5-74ee-b745-0de74b86f4a5;01a02690-22ef-7395-8393-6b31d026651f
01a02690-0cc5-74ee-b745-0de8ed6ddae3;01a02690-22ef-7395-8393-6b3216a00eb4
01a02690-0cc5-74ee-b745-0de95a8bdc98;01a02690-22ef-7395-8393-6b339f888c12
01a02690-0cc5-74ee-b745-0deae0c0c137;01a02690-22ef-7395-8393-6b349916839b
01a02690-0cc5-74ee-b745-0debfec5d68d;01a02690-22ed-76b9-941f-32e962315160
01a02690-0cc5-74ee-b745-0deca323b83e;01a02690-22ef-7395-8393-6b35d7d55584
01a02690-0cc5-74ee-b745-0deca323b83e;01a02690-22e9-71a4-af72-5c41841b91db
01a02690-0cc5-74ee-b745-0ded42323c9a;01a02690-22eb-71cc-a5a4-2fdddd1a4c09
01a02690-0cc5-74ee-b745-0deeb63529a1;01a02690-22e8-7496-8881-bf751bd68d34
01a02690-0cc5-74ee-b745-0deeb63529a1;01a02690-22e8-7496-8881-bf767ee6e922
01a02690-0cc5-74ee-b745-0defa43e0749;01a02690-22ef-7395-8393-6b362e30d20e
01a02690-0cc5-74ee-b745-0df0aa919819;01a02690-22ea-7193-8a3e-1c3b73c480b5
01a02690-0cc5-74ee-b745-0df1f44fdb74;01a02690-22ef-7395-8393-6b37d6ab5abe
01a02690-0cc5-74ee-b745-0df2f1c2015d;01a02690-22ef-7395-8393-6b386ab2f4e8
01a02690-0cc5-74ee-b745-0df3685e1275;01a02690-22ef-7395-8393-6b39756df5bd
01a02690-0cc5-74ee-b745-0df43a5126ae;01a02690-22ef-7395-8393-6b3af5f45b25
01a02690-0cc5-74ee-b745-0df43a5126ae;01a02690-22ef-7395-8393-6b3ba354c50d
01a02690-0cc5-74ee-b745-0df43a5126ae;01a02690-22ef-7395-8393-6b3c26a72b64
01a02690-0cc5-74ee-b745-0df5ed6400ca;01a02690-22ef-7395-8393-6b3dcd63800a
01a02690-0cc5-74ee-b745-0df656734a75;01a02690-22ef-7395-8393-6b3e08bb0fe0
01a02690-0cc5-74ee-b745-0df656734a75;01a02690-22ef-7395-8393-6b3fd2829493
01a02690-0cc5-74ee-b745-0df76471a8b5;01a02690-22e5-74eb-8ac8-9e9321fb36b3
01a02690-0cc5-74ee-b745-0df87a0638e8;01a02690-22e5-74eb-8ac8-9efe311fd00d
01a02690-0cc5-74ee-b745-0df9d8a11ce2;01a02690-22ef-7395-8393-6b40d341bc40
01a02690-0cc5-74ee-b745-0dfa06c1f6bb;01a02690-22ef-7395-8393-6b41346e2c20
01a02690-0cc5-74ee-b745-0dfa06c1f6bb;01a02690-22ef-7395-8393-6b426a8450e1
01a02690-0cc5-74ee-b745-0dfa06c1f6bb;01a02690-22ef-7395-8393-6b436ad33405
01a02690-0cc5-74ee-b745-0dfa06c1f6bb;01a02690-22ef-7395-8393-6b44cbd5b26c
01a02690-0cc5-74ee-b745-0dfbf214519b;01a02690-22ef-7395-8393-6b458cfec77f
01a02690-0cc5-74ee-b745-0dfc73885953;01a02690-22ef-7395-8393-6b466e8d2905
01a02690-0cc5-74ee-b745-0dfc73885953;01a02690-22ef-7395-8393-6b47f547e96e
01a02690-0cc5-74ee-b745-0dfc73885953;01a02690-22ef-7395-8393-6b481bbe7e5e
01a02690-0cc5-74ee-b745-0dfd281dcc8c;01a02690-22ef-7395-8393-6b49af67376c
01a02690-0cc5-74ee-b745-0dfe3e985eb8;01a02690-22ef-7395-8393-6b4a2d469168
01a02690-0cc5-74ee-b745-0dfe3e985eb8;01a02690-22ef-7395-8393-6b4b901f84e3
01a02690-0cc5-74ee-b745-0dfe3e985eb8;01a02690-22ef-7395-8393-6b4ccffec789
01a02690-0cc5-74ee-b745-0dfe3e985eb8;01a02690-22ef-7395-8393-6b4d03d5473a
01a02690-0cc5-74ee-b745-0dfe3e985eb8;01a02690-22ef-7395-8393-6b4e4fabec73
01a02690-0cc5-74ee-b745-0dfe3e985eb8;01a02690-22ef-7395-8393-6b4fe98acfe7
01a02690-0cc5-74ee-b745-0dfe3e985eb8;01a02690-22ef-7395-8393-6b50af954416
01a02690-0cc5-74ee-b745-0dfe3e985eb8;01a02690-22ef-7395-8393-6b512222d16b
01a02690-0cc5-74ee-b745-0dff591fd34b;01a02690-22ef-7395-8393-6b52543abc33
01a02690-0cc5-74ee-b745-0dff591fd34b;01a02690-22ef-7395-8393-6b53a5cceb45
01a02690-0cc5-74ee-b745-0dff591fd34b;01a02690-22ef-7395-8393-6b547350e624
01a02690-0cc5-74ee-b745-0e00ca4b199e;01a02690-22e8-7496-8881-bf50fbee7d56
01a02690-0cc5-74ee-b745-0e01dbe291ef;01a02690-22ef-7395-8393-6b55d3179f0b
01a02690-0cc5-74ee-b745-0e028cca4147;01a02690-22ef-7395-8393-6b5612c45e3b
01a02690-0cc5-74ee-b745-0e03822b8bf8;01a02690-22ef-7395-8393-6b5760e1b6f1
01a02690-0cc5-74ee-b745-0e03822b8bf8;01a02690-22ef-7395-8393-6b587e87622a
01a02690-0cc5-74ee-b745-0e03822b8bf8;01a02690-22ef-7395-8393-6b599ef63c07
01a02690-0cc5-74ee-b745-0e046b7e6e6d;01a02690-22e8-7496-8881-bf97698b9512
01a02690-0cc5-74ee-b745-0e0525a1340b;01a02690-22ef-7395-8393-6b5a05870213
01a02690-0cc5-74ee-b745-0e0525a1340b;01a02690-22ef-7395-8393-6b5b7462e6f3
01a02690-0cc5-74ee-b745-0e0525a1340b;01a02690-22ef-7395-8393-6b5c984ba416
01a02690-0cc5-74ee-b745-0e065705d12f;01a02690-22ef-7395-8393-6b5dbe1ab167
01a02690-0cc5-74ee-b745-0e065705d12f;01a02690-22ef-7395-8393-6b5e8c2cf7db
01a02690-0cc5-74ee-b745-0e065705d12f;01a02690-22ef-7395-8393-6b5f1882bb70
01a02690-0cc5-74ee-b745-0e07e1f9e267;01a02690-22ef-7395-8393-6b60a9f13ea3
01a02690-0cc5-74ee-b745-0e08164ea096;01a02690-22ef-7395-8393-6b612458a6fa
01a02690-0cc5-74ee-b745-0e09fa8ce895;01a02690-22ef-7395-8393-6b62513d7048
01a02690-0cc5-74ee-b745-0e0a732366fd;01a02690-22ef-7395-8393-6b63cf6e77b2
01a02690-0cc5-74ee-b745-0e0a732366fd;01a02690-22ef-7395-8393-6b64a1d8251c
01a02690-0cc5-74ee-b745-0e0bd5e80bc4;01a02690-22ef-7395-8393-6b659c0ccef4
01a02690-0cc5-74ee-b745-0e0cd13af513;01a02690-22e6-772f-ba89-ed0398ec3cd4
01a02690-0cc5-74ee-b745-0e0d0d282c82;01a02690-22ef-7395-8393-6b66eafbf98a
01a02690-0cc5-74ee-b745-0e0e538b903f;01a02690-22ef-7395-8393-6b67edafedf4
01a02690-0cc5-74ee-b745-0e0fd85f2f8b;01a02690-22ed-76b9-941f-332a0a52d237
01a02690-0cc5-74ee-b745-0e0fd85f2f8b;01a02690-22ed-76b9-941f-332bacac154c
01a02690-0cc5-74ee-b745-0e0fd85f2f8b;01a02690-22ef-7395-8393-6b0bf1f582ed
01a02690-0cc5-74ee-b745-0e105d7576e3;01a02690-22ef-7395-8393-6ab78528fa00
01a02690-0cc5-74ee-b745-0e105d7576e3;01a02690-22ef-7395-8393-6b68d16764bb
01a02690-0cc5-74ee-b745-0e105d7576e3;01a02690-22ef-7395-8393-6b699fbd141e
01a02690-0cc5-74ee-b745-0e105d7576e3;01a02690-22ec-7440-b13d-63a732619a77
01a02690-0cc5-74ee-b745-0e105d7576e3;01a02690-22ef-7395-8393-6b6a79567c6d
01a02690-0cc5-74ee-b745-0e105d7576e3;01a02690-22ef-7395-8393-6b6b6450b930
01a02690-0cc5-74ee-b745-0e1181cefdca;01a02690-22ef-7395-8393-6b6c88344081
01a02690-0cc5-74ee-b745-0e1181cefdca;01a02690-22ec-7440-b13d-63bce3188959
01a02690-0cc5-74ee-b745-0e127bbbb18e;01a02690-22ef-7395-8393-6b6dbe0e69e6
01a02690-0cc5-74ee-b745-0e13b4dce865;01a02690-22ef-7395-8393-6b6eda718bf9
01a02690-0cc5-74ee-b745-0e141394ec75;01a02690-22e3-7064-9388-103a24eb5042
01a02690-0cc5-74ee-b745-0e141394ec75;01a02690-22e3-7064-9388-103b0cf1ae2c
01a02690-0cc5-74ee-b745-0e1544079cf5;01a02690-22ef-7395-8393-6b6f4917164f
01a02690-0cc5-74ee-b745-0e1606d66818;01a02690-22eb-71cc-a5a4-30319aca7002
01a02690-0cc5-74ee-b745-0e17cb209558;01a02690-22ef-7395-8393-6b70952c2c25
01a02690-0cc5-74ee-b745-0e187cb3153d;01a02690-22ef-7395-8393-6b71a7eaa973
01a02690-0cc5-74ee-b745-0e187cb3153d;01a02690-22ef-7395-8393-6b7248e18623
01a02690-0cc5-74ee-b745-0e187cb3153d;01a02690-22e3-7064-9388-10336607aeae
01a02690-0cc5-74ee-b745-0e187cb3153d;01a02690-22ef-7395-8393-6b73492e2513
01a02690-0cc5-74ee-b745-0e187cb3153d;01a02690-22ef-7395-8393-6b74d67f732f
01a02690-0cc5-74ee-b745-0e187cb3153d;01a02690-22ef-7395-8393-6b7560dd7ab1
01a02690-0cc5-74ee-b745-0e19c1be0476;01a02690-22ef-7395-8393-6b76b932229d
01a02690-0cc5-74ee-b745-0e1af5911051;01a02690-22ef-7395-8393-6b775aafb534
01a02690-0cc5-74ee-b745-0e1bb99f2340;01a02690-22ef-7395-8393-6b788bee5667
01a02690-0cc5-74ee-b745-0e1bb99f2340;01a02690-22ef-7395-8393-6b7951ef0299
01a02690-0cc5-74ee-b745-0e1bb99f2340;01a02690-22ef-7395-8393-6b7a997862df
01a02690-0cc5-74ee-b745-0e1bb99f2340;01a02690-22ef-7395-8393-6b7bb5587665
01a02690-0cc5-74ee-b745-0e1cef42f0f5;01a02690-22e5-74eb-8ac8-9eb987bcb4ea
01a02690-0cc5-74ee-b745-0e1d76d29d33;01a02690-22e4-7376-a60c-b9deb0e6c7ba
01a02690-0cc5-74ee-b745-0e1ecaad354a;01a02690-22ef-7395-8393-6b7c7f0fcb56
01a02690-0cc5-74ee-b745-0e1ecaad354a;01a02690-22ef-7395-8393-6b7d937e6aca
01a02690-0cc5-74ee-b745-0e1ecaad354a;01a02690-22ef-7395-8393-6b7e7c7d3dc9
01a02690-0cc5-74ee-b745-0e1fcaa45b30;01a02690-22e7-71eb-b833-3088d6e7e067
01a02690-0cc5-74ee-b745-0e206d8c9d14;01a02690-22ef-7395-8393-6b7f50db83ca
01a02690-0cc5-74ee-b745-0e21249ba3ab;01a02690-22ef-7395-8393-6b80ed0e16f8
01a02690-0cc5-74ee-b745-0e224153da35;01a02690-22ef-7395-8393-6b81e6d2d778
01a02690-0cc5-74ee-b745-0e23dd44eafc;01a02690-22ee-7495-b83f-98e10166f8a0
01a02690-0cc5-74ee-b745-0e24dac0d353;01a02690-22ef-7395-8393-6b82ff183072
01a02690-0cc5-74ee-b745-0e25cb249fff;01a02690-22ef-7395-8393-6b83f63860b5
01a02690-0cc5-74ee-b745-0e261bf22e75;01a02690-22ef-7395-8393-6b848e89e0ba
01a02690-0cc5-74ee-b745-0e27002c53c4;01a02690-22e3-7064-9388-0fe0f6aabf71
01a02690-0cc5-74ee-b745-0e283c2ed8cc;01a02690-22ee-7495-b83f-98420cdfe8f8
01a02690-0cc5-74ee-b745-0e29b735bbf4;01a02690-22ef-7395-8393-6b85e640efe8
01a02690-0cc5-74ee-b745-0e2af6776581;01a02690-22ed-76b9-941f-32536368052d
01a02690-0cc5-74ee-b745-0e2b26b2f88b;01a02690-22ea-7193-8a3e-1be6bdd2a344
01a02690-0cc5-74ee-b745-0e2c5791d78b;01a02690-22e5-74eb-8ac8-9f359476b76b
01a02690-0cc5-74ee-b745-0e2c5791d78b;01a02690-22e5-74eb-8ac8-9f3664da25ac
01a02690-0cc5-74ee-b745-0e2c5791d78b;01a02690-22e5-74eb-8ac8-9f37eb56c1d3
01a02690-0cc5-74ee-b745-0e2df7652416;01a02690-22ef-7395-8393-6b861e2ac684
01a02690-0cc5-74ee-b745-0e2e9bf70c19;01a02690-22ef-7395-8393-6b8752996f7a
01a02690-0cc5-74ee-b745-0e2fde56bff3;01a02690-22ef-7395-8393-6afa924d201b
01a02690-0cc5-74ee-b745-0e3085bd5985;01a02690-22ef-7395-8393-6b88b2f32e23
01a02690-0cc5-74ee-b745-0e3085bd5985;01a02690-22ef-7395-8393-6b891b15dedb
01a02690-0cc5-74ee-b745-0e3085bd5985;01a02690-22ef-7395-8393-6b8a94804db8
01a02690-0cc5-74ee-b745-0e3085bd5985;01a02690-22ef-7395-8393-6b8b92506f0a
01a02690-0cc5-74ee-b745-0e315297cc70;01a02690-22ef-7395-8393-6b8c3c3394f0
01a02690-0cc5-74ee-b745-0e315297cc70;01a02690-22ef-7395-8393-6b8dd3d8e766
01a02690-0cc5-74ee-b745-0e3272fff9fd;01a02690-22ef-7395-8393-6b8ed09b76dc
01a02690-0cc5-74ee-b745-0e3272fff9fd;01a02690-22ef-7395-8393-6b8f7adf7f21
01a02690-0cc5-74ee-b745-0e33effc5631;01a02690-22e8-7496-8881-bf397a9d069b
01a02690-0cc5-74ee-b745-0e33effc5631;01a02690-22e7-71eb-b833-30ec8bac93eb
01a02690-0cc5-74ee-b745-0e343c6c5d8f;01a02690-22ef-7395-8393-6b90acb96dbe
01a02690-0cc5-74ee-b745-0e351e6eb03c;01a02690-22ef-7395-8393-6b918abf183f
01a02690-0cc5-74ee-b745-0e36be533eb7;01a02690-22ef-7395-8393-6b90acb96dbe
01a02690-0cc5-74ee-b745-0e376ef6e4e9;01a02690-22ef-7395-8393-6b925b03fcd5
01a02690-0cc5-74ee-b745-0e38c37c1052;01a02690-22e9-71a4-af72-5c0835c8a4e8
01a02690-0cc5-74ee-b745-0e39d45b10d9;01a02690-22ef-7395-8393-6b93061256cd
01a02690-0cc5-74ee-b745-0e3a4ed6715c;01a02690-22ef-7395-8393-6b9461e0f8bd
01a02690-0cc5-74ee-b745-0e3b79a24544;01a02690-22ef-7395-8393-6b8752996f7a
01a02690-0cc5-74ee-b745-0e3b79a24544;01a02690-22e8-7496-8881-bf5c56f22488
01a02690-0cc5-74ee-b745-0e3b79a24544;01a02690-22ef-7395-8393-6b956e2de024
01a02690-0cc5-74ee-b745-0e3cc0777e37;01a02690-22e3-7064-9388-0fe0f6aabf71
01a02690-0cc5-74ee-b745-0e3d213963b3;01a02690-22ef-7395-8393-6b2d74df0539
01a02690-0cc5-74ee-b745-0e3d213963b3;01a02690-22ef-7395-8393-6b9610d58da1
01a02690-0cc5-74ee-b745-0e3d213963b3;01a02690-22ef-7395-8393-6b97576bb2ab
01a02690-0cc5-74ee-b745-0e3edadb1d27;01a02690-22ef-7395-8393-6b9835b82baf
01a02690-0cc5-74ee-b745-0e3edadb1d27;01a02690-22ef-7395-8393-6b99c900ba11
01a02690-0cc5-74ee-b745-0e3edadb1d27;01a02690-22ef-7395-8393-6b9a852cea28
01a02690-0cc5-74ee-b745-0e3edadb1d27;01a02690-22ef-7395-8393-6b9b7212f783
01a02690-0cc5-74ee-b745-0e3edadb1d27;01a02690-22ef-7395-8393-6b9cac9a491a
01a02690-0cc5-74ee-b745-0e3fabb0ed9e;01a02690-22ef-7395-8393-6b9d8138ca1c
01a02690-0cc5-74ee-b745-0e40b1b0775c;01a02690-22ef-7395-8393-6b9ebc8371c1
01a02690-0cc5-74ee-b745-0e40b1b0775c;01a02690-22ef-7395-8393-6b7560dd7ab1
01a02690-0cc5-74ee-b745-0e41ff87db9e;01a02690-22ef-7395-8393-6b9f7cfaa369
01a02690-0cc5-74ee-b745-0e42b128f233;01a02690-22ef-7395-8393-6ba050ae2b80
01a02690-0cc5-74ee-b745-0e42b128f233;01a02690-22ef-7395-8393-6ba177992e7e
01a02690-0cc5-74ee-b745-0e43bbb2c89b;01a02690-22ef-7395-8393-6ba2321ddbfa
01a02690-0cc5-74ee-b745-0e44be3adfd1;01a02690-22e6-772f-ba89-ec9f87f95494
01a02690-0cc5-74ee-b745-0e45120738d3;01a02690-22ef-7395-8393-6ba3b0400d3c
01a02690-0cc5-74ee-b745-0e46d7cdb8ac;01a02690-22e7-71eb-b833-30edce5cb040
01a02690-0cc5-74ee-b745-0e47760a9134;01a02690-22ea-7193-8a3e-1bdfee5f914c
01a02690-0cc5-74ee-b745-0e48c43864c4;01a02690-22ea-7193-8a3e-1c2c29203d87
01a02690-0cc5-74ee-b745-0e48c43864c4;01a02690-22ef-7395-8393-6ba4e94c04e8
01a02690-0cc5-74ee-b745-0e49f04e497b;01a02690-22ef-7395-8393-6ba5412843b2
01a02690-0cc5-74ee-b745-0e49f04e497b;01a02690-22ef-7395-8393-6ba68b45d544
01a02690-0cc5-74ee-b745-0e49f04e497b;01a02690-22ef-7395-8393-6ba78f1c2135
01a02690-0cc5-74ee-b745-0e49f04e497b;01a02690-22ef-7395-8393-6ba8c019807b
01a02690-0cc5-74ee-b745-0e4aa43a6634;01a02690-22e3-7064-9388-10407539abd7
01a02690-0cc5-74ee-b745-0e4b08d14772;01a02690-22ef-7395-8393-6ba962800de3
01a02690-0cc5-74ee-b745-0e4c941fdd2c;01a02690-22ef-7395-8393-6baab1fbbb58
01a02690-0cc5-74ee-b745-0e4d2e1db72e;01a02690-22ef-7395-8393-6b5612c45e3b
01a02690-0cc5-74ee-b745-0e4ecdba460c;01a02690-22ef-7395-8393-6babf3d70d24
01a02690-0cc5-74ee-b745-0e4ecdba460c;01a02690-22ef-7395-8393-6bace34dea8e
01a02690-0cc5-74ee-b745-0e4ecdba460c;01a02690-22ef-7395-8393-6bad1147e0cb
01a02690-0cc5-74ee-b745-0e4ecdba460c;01a02690-22ef-7395-8393-6bae621fec7c
01a02690-0cc5-74ee-b745-0e4ecdba460c;01a02690-22ef-7395-8393-6bafc1fce5dd
01a02690-0cc5-74ee-b745-0e4ecdba460c;01a02690-22ef-7395-8393-6bb033a9dfa1
01a02690-0cc5-74ee-b745-0e4f839b30f6;01a02690-22ef-7395-8393-6bb11f50fb87
01a02690-0cc5-74ee-b745-0e50743c1a53;01a02690-22ef-7395-8393-6bb257d00a6f
01a02690-0cc5-74ee-b745-0e50743c1a53;01a02690-22ef-7395-8393-6bb3a20f91ee
01a02690-0cc5-74ee-b745-0e5189dcf31e;01a02690-22ef-7395-8393-6bb49590de6b
01a02690-0cc5-74ee-b745-0e5189dcf31e;01a02690-22ef-7395-8393-6bb5e5de8a06
01a02690-0cc5-74ee-b745-0e5189dcf31e;01a02690-22ef-7395-8393-6bb635cce853
01a02690-0cc5-74ee-b745-0e52bde366ec;01a02690-22ef-7395-8393-6bb73ea35e6a
01a02690-0cc5-74ee-b745-0e53851f3e8a;01a02690-22e9-71a4-af72-5beb652f11ed
01a02690-0cc5-74ee-b745-0e54f48edcb0;01a02690-22ef-7395-8393-6bb8ca931127
01a02690-0cc5-74ee-b745-0e557ace104e;01a02690-22ef-7395-8393-6a89677c4dd0
01a02690-0cc5-74ee-b745-0e557ace104e;01a02690-22ef-7395-8393-6a8add072ae9
01a02690-0cc5-74ee-b745-0e557ace104e;01a02690-22ef-7395-8393-6bb961a22c3d
01a02690-0cc5-74ee-b745-0e557ace104e;01a02690-22ef-7395-8393-6bbaf1ec8ee2
01a02690-0cc5-74ee-b745-0e56d566e6e1;01a02690-22ef-7395-8393-6bbbfc22eed7
01a02690-0cc5-74ee-b745-0e57899a5d2a;01a02690-22ef-7395-8393-6bbc253a5214
01a02690-0cc5-74ee-b745-0e584a1fc319;01a02690-22ef-7395-8393-6bbdba1fc739
01a02690-0cc5-74ee-b745-0e59916dd10a;01a02690-22ef-7395-8393-6bbe88086c8f
01a02690-0cc5-74ee-b745-0e59916dd10a;01a02690-22ef-7395-8393-6bbf16a3b026
01a02690-0cc5-74ee-b745-0e59916dd10a;01a02690-22ef-7395-8393-6bc08b7db3c9
01a02690-0cc6-761d-b6e8-f51d2581d87c;01a02690-22ef-7395-8393-6bc12bb8819d
01a02690-0cc6-761d-b6e8-f51e6c6f79ac;01a02690-22e5-74eb-8ac8-9ef64ce8174f
01a02690-0cc6-761d-b6e8-f51fe80cb68a;01a02690-22ef-7395-8393-6bc2b4f893e8
01a02690-0cc6-761d-b6e8-f5208ae494ce;01a02690-22e4-7376-a60c-b93af99076f5
01a02690-0cc6-761d-b6e8-f521dcc80971;01a02690-22ef-7395-8393-6abe32604963
01a02690-0cc6-761d-b6e8-f522053d64a1;01a02690-22ea-7193-8a3e-1be7289af5f3
01a02690-0cc6-761d-b6e8-f522053d64a1;01a02690-22ea-7193-8a3e-1be881590217
01a02690-0cc6-761d-b6e8-f523792611f9;01a02690-22e6-772f-ba89-ec9f87f95494
01a02690-0cc6-761d-b6e8-f524f5f29ceb;01a02690-22ef-7395-8393-6bc3d4a170b9
01a02690-0cc6-761d-b6e8-f525b4b7b39f;01a02690-22ef-7395-8393-6bc4356d1a2b
01a02690-0cc6-761d-b6e8-f526cdae32b7;01a02690-22e4-7376-a60c-b9b61764a9c1
01a02690-0cc6-761d-b6e8-f5273f42f011;01a02690-22e5-74eb-8ac8-9efd57420af2
01a02690-0cc6-761d-b6e8-f528c9e0b641;01a02690-22ef-7395-8393-6bc574550fb1
01a02690-0cc6-761d-b6e8-f5298b320dba;01a02690-22ef-7395-8393-6bc685710f3f
01a02690-0cc6-761d-b6e8-f5298b320dba;01a02690-22ef-7395-8393-6bc7bc4697b0
01a02690-0cc6-761d-b6e8-f52a7bc0462d;01a02690-22ef-7395-8393-6bc86636ca6a
01a02690-0cc6-761d-b6e8-f52b3a41c236;01a02690-22e5-74eb-8ac8-9f1f569eb7df
01a02690-0cc6-761d-b6e8-f52c14079876;01a02690-22ec-7440-b13d-64a4b24590f8
01a02690-0cc6-761d-b6e8-f52d4cc1baf2;01a02690-22ef-7395-8393-6bc901a87049
01a02690-0cc6-761d-b6e8-f52ef8edc3f6;01a02690-22ef-7395-8393-6bcac8c64233
01a02690-0cc6-761d-b6e8-f52ef8edc3f6;01a02690-22ef-7395-8393-6ba4e94c04e8
01a02690-0cc6-761d-b6e8-f52f813167f3;01a02690-22ef-7395-8393-6bcb8473953d
01a02690-0cc6-761d-b6e8-f530c2e14e13;01a02690-22e6-772f-ba89-ec316277255e
01a02690-0cc6-761d-b6e8-f530c2e14e13;01a02690-22e6-772f-ba89-ec333f3f2d16
01a02690-0cc6-761d-b6e8-f5319ae3830d;01a02690-22ef-7395-8393-6bccb2e0c6fa
01a02690-0cc6-761d-b6e8-f532cf39da9c;01a02690-22e3-7064-9388-0fe825664e3f
01a02690-0cc6-761d-b6e8-f533f7ad4b5f;01a02690-22e3-7064-9388-0fe93707c70f
01a02690-0cc6-761d-b6e8-f5343e9bfeca;01a02690-22ef-7395-8393-6aa24c513a6d
01a02690-0cc6-761d-b6e8-f5355e44f242;01a02690-22ef-7395-8393-6bcd003727a3
01a02690-0cc6-761d-b6e8-f536642798af;01a02690-22ee-7495-b83f-985d18f6ae27
01a02690-0cc6-761d-b6e8-f536642798af;01a02690-22ef-7395-8393-6bce3e25a199
01a02690-0cc6-761d-b6e8-f5371f70659a;01a02690-22ef-7395-8393-6bcf6eb9dabd
01a02690-0cc6-761d-b6e8-f5389f8a4f5d;01a02690-22ef-7395-8393-6bd062d77fa3
01a02690-0cc6-761d-b6e8-f5398fd0ef39;01a02690-22ef-7395-8393-6aa24c513a6d
01a02690-0cc6-761d-b6e8-f53ad4f5742b;01a02690-22ef-7395-8393-6bd17b576188
01a02690-0cc6-761d-b6e8-f53ad4f5742b;01a02690-22ef-7395-8393-6bd2a226d61a
01a02690-0cc6-761d-b6e8-f53ad4f5742b;01a02690-22ef-7395-8393-6bd3692e7d9f
01a02690-0cc6-761d-b6e8-f53bde411a2a;01a02690-22e7-71eb-b833-304b5f88f8cf
01a02690-0cc6-761d-b6e8-f53c6cd2b8d0;01a02690-22e4-7376-a60c-b955a5c3e1c9
01a02690-0cc6-761d-b6e8-f53dd9fa8452;01a02690-22ef-7395-8393-6bd4f96da2fb
01a02690-0cc6-761d-b6e8-f53eded99167;01a02690-22ef-7395-8393-6bd5657d5fac
01a02690-0cc6-761d-b6e8-f53f732bc3fe;01a02690-22e4-7376-a60c-b9db54cf073a
01a02690-0cc6-761d-b6e8-f5408072c33a;01a02690-22ef-7395-8393-6bd66521ec9c
01a02690-0cc6-761d-b6e8-f541a2d6991e;01a02690-22ef-7395-8393-6bd750d193c7
01a02690-0cc6-761d-b6e8-f541a2d6991e;01a02690-22ef-7395-8393-6bd8a9afe614
01a02690-0cc6-761d-b6e8-f542c8f7d93e;01a02690-22ef-7395-8393-6bd987a15106
01a02690-0cc6-761d-b6e8-f543888b0fcc;01a02690-22ef-7395-8393-6aa24c513a6d
01a02690-0cc6-761d-b6e8-f54490b86f4c;01a02690-22ef-7395-8393-6bda688c5bc0
01a02690-0cc6-761d-b6e8-f54525c284a2;01a02690-22ef-7395-8393-6bdb83fde926
01a02690-0cc6-761d-b6e8-f5460f11a130;01a02690-22e9-71a4-af72-5c8c9cd548f2
01a02690-0cc6-761d-b6e8-f547a54f568f;01a02690-22ee-7495-b83f-97ab567a7ed2
01a02690-0cc6-761d-b6e8-f54816371b9b;01a02690-22ea-7193-8a3e-1c7a9335f7a0
01a02690-0cc6-761d-b6e8-f54816371b9b;01a02690-22ef-7395-8393-6bdc30c02628
01a02690-0cc6-761d-b6e8-f5491d653ffd;01a02690-22ef-7395-8393-6bdd29609c30
01a02690-0cc6-761d-b6e8-f5491d653ffd;01a02690-22ef-7395-8393-6bde3be94a34
01a02690-0cc6-761d-b6e8-f5491d653ffd;01a02690-22ef-7395-8393-6bdfdd197991
01a02690-0cc6-761d-b6e8-f5491d653ffd;01a02690-22ef-7395-8393-6be0d87fc9c6
01a02690-0cc6-761d-b6e8-f54ade1dda4f;01a02690-22ef-7395-8393-6be19fc57b80
01a02690-0cc6-761d-b6e8-f54b117aa6c0;01a02690-22ef-7395-8393-6be2cc46ed2b
01a02690-0cc6-761d-b6e8-f54c5b42a0d5;01a02690-22e7-71eb-b833-30871d2bae5d
01a02690-0cc6-761d-b6e8-f54dbc7bff2f;01a02690-22ef-7395-8393-6be32e9aa340
01a02690-0cc6-761d-b6e8-f54e3ef2f05f;01a02690-22ef-7395-8393-6be4e08ced7d
01a02690-0cc6-761d-b6e8-f54fcce60594;01a02690-22ef-7395-8393-6be57bcb98ac
01a02690-0cc6-761d-b6e8-f550a13c3e9a;01a02690-22ef-7395-8393-6be6c357e0c2
01a02690-0cc6-761d-b6e8-f551e68406f3;01a02690-22e9-71a4-af72-5c27fdd08a29
01a02690-0cc6-761d-b6e8-f5520e57e1d1;01a02690-22ef-7395-8393-6be7060d96db
01a02690-0cc6-761d-b6e8-f553ce922687;01a02690-22e9-71a4-af72-5c3c75ba592e
01a02690-0cc6-761d-b6e8-f5544172fd5f;01a02690-22ef-7395-8393-6be846e89104
01a02690-0cc6-761d-b6e8-f5544172fd5f;01a02690-22ef-7395-8393-6be99a787733
01a02690-0cc6-761d-b6e8-f5544172fd5f;01a02690-22ef-7395-8393-6bea28caaafa
01a02690-0cc6-761d-b6e8-f5544172fd5f;01a02690-22ef-7395-8393-6bebad00b262
01a02690-0cc6-761d-b6e8-f5544172fd5f;01a02690-22ef-7395-8393-6bec045fc08f
01a02690-0cc6-761d-b6e8-f555c6935355;01a02690-22ef-7395-8393-6bdc30c02628
01a02690-0cc6-761d-b6e8-f55666c72772;01a02690-22ef-7395-8393-6be4e08ced7d
01a02690-0cc6-761d-b6e8-f5579b082597;01a02690-22e2-7774-a1a3-e4de2cb68e51
01a02690-0cc6-761d-b6e8-f5579b082597;01a02690-22e2-7774-a1a3-e4e081549972
01a02690-0cc6-761d-b6e8-f5584c4d9476;01a02690-22e9-71a4-af72-5c33307a7121
01a02690-0cc6-761d-b6e8-f55949753fd1;01a02690-22ef-7395-8393-6bedfbd7f760
01a02690-0cc6-761d-b6e8-f55a92a1a6a7;01a02690-22ef-7395-8393-6bee0a5b14f1
01a02690-0cc6-761d-b6e8-f55b4c3350c6;01a02690-22ef-7395-8393-6befaf975ba8
01a02690-0cc6-761d-b6e8-f55c8317f87a;01a02690-22e9-71a4-af72-5c3c75ba592e
01a02690-0cc6-761d-b6e8-f55dd0c20fe4;01a02690-22ef-7395-8393-6bf0230dbc51
01a02690-0cc6-761d-b6e8-f55e86e70d5d;01a02690-22ef-7395-8393-6bcac8c64233
01a02690-0cc6-761d-b6e8-f55e86e70d5d;01a02690-22ef-7395-8393-6ba4e94c04e8
01a02690-0cc6-761d-b6e8-f55f7d9d6a4b;01a02690-22ef-7395-8393-6bf1eb357782
01a02690-0cc6-761d-b6e8-f5602364b02d;01a02690-22ef-7395-8393-6bf2eda61143
01a02690-0cc6-761d-b6e8-f56109151084;01a02690-22ef-7395-8393-6bf308bc1edf
01a02690-0cc6-761d-b6e8-f5623043ccde;01a02690-22ee-7495-b83f-975f975b3dd8
01a02690-0cc6-761d-b6e8-f563f3437bbe;01a02690-22ef-7395-8393-6bd987a15106
01a02690-0cc6-761d-b6e8-f5640498267e;01a02690-22ef-7395-8393-6bd987a15106
01a02690-0cc6-761d-b6e8-f565c2f6fe21;01a02690-22e9-71a4-af72-5c33307a7121
01a02690-0cc6-761d-b6e8-f5662e9d8ad1;01a02690-22ef-7395-8393-6bf4339d3f20
01a02690-0cc6-761d-b6e8-f5662e9d8ad1;01a02690-22ef-7395-8393-6bf5d44877a9
01a02690-0cc6-761d-b6e8-f567a2b7e82d;01a02690-22ef-7395-8393-6be4e08ced7d
01a02690-0cc6-761d-b6e8-f56822ec08b6;01a02690-22ef-7395-8393-6bf6c2c7171c
01a02690-0cc6-761d-b6e8-f56822ec08b6;01a02690-22ef-7395-8393-6bf75716c7f6
01a02690-0cc6-761d-b6e8-f569999ffd77;01a02690-22ef-7395-8393-6bf88b738149
01a02690-0cc6-761d-b6e8-f569999ffd77;01a02690-22ef-7395-8393-6bf9d667e371
01a02690-0cc6-761d-b6e8-f569999ffd77;01a02690-22ef-7395-8393-6bfafa16b8ab
01a02690-0cc6-761d-b6e8-f56a8d756b82;01a02690-22ef-7395-8393-6bfb1e7b41ad
01a02690-0cc6-761d-b6e8-f56a8d756b82;01a02690-22ef-7395-8393-6bfcff3c1522
01a02690-0cc6-761d-b6e8-f56bcb8b529f;01a02690-22ef-7395-8393-6bfd7ca77710
01a02690-0cc6-761d-b6e8-f56c8f1f9f69;01a02690-22ea-7193-8a3e-1c7491645dca
01a02690-0cc6-761d-b6e8-f56c8f1f9f69;01a02690-22e9-71a4-af72-5c27fdd08a29
01a02690-0cc6-761d-b6e8-f56d77e186a8;01a02690-22ea-7193-8a3e-1c75d8704604
01a02690-0cc6-761d-b6e8-f56e6f9f8a04;01a02690-22ea-7193-8a3e-1c76fd7688f2
01a02690-0cc6-761d-b6e8-f56f352c26ff;01a02690-22ef-7395-8393-6bfe1b5fb7e3
01a02690-0cc6-761d-b6e8-f56f352c26ff;01a02690-22ef-7395-8393-6bff9018cc46
01a02690-0cc6-761d-b6e8-f57095a920a8;01a02690-22ef-7395-8393-6b3216a00eb4
01a02690-0cc6-761d-b6e8-f571da1fc316;01a02690-22ef-7395-8393-6b699fbd141e
01a02690-0cc6-761d-b6e8-f572107b8a47;01a02690-22e7-71eb-b833-30c92175fc5e
01a02690-0cc6-761d-b6e8-f572107b8a47;01a02690-22ef-7395-8393-6c0042639f0e
01a02690-0cc6-761d-b6e8-f573b9e48297;01a02690-22e8-7496-8881-bf683e04c86c
01a02690-0cc6-761d-b6e8-f573b9e48297;01a02690-22ef-7395-8393-6c01b8fcd74f
01a02690-0cc6-761d-b6e8-f574027d71a7;01a02690-22e7-71eb-b833-30871d2bae5d
01a02690-0cc6-761d-b6e8-f57532be5c8f;01a02690-22ef-7395-8393-6c029f0a3360
01a02690-0cc6-761d-b6e8-f576673e9aac;01a02690-22e6-772f-ba89-ecdb3a7b51ac
01a02690-0cc6-761d-b6e8-f576673e9aac;01a02690-22ea-7193-8a3e-1c8884f88870
01a02690-0cc6-761d-b6e8-f577ef756127;01a02690-22ef-7395-8393-6c037074166c
01a02690-0cc6-761d-b6e8-f5788b858ea5;01a02690-22e4-7376-a60c-b933951d367b
01a02690-0cc6-761d-b6e8-f57935da153e;01a02690-22ef-7395-8393-6c0485c89d17
01a02690-0cc6-761d-b6e8-f57a39c7670c;01a02690-22e7-71eb-b833-30ec8bac93eb
01a02690-0cc6-761d-b6e8-f57b6ad19134;01a02690-22ef-7395-8393-6c029f0a3360
