artista;musica;pontos;pts_ganho;pts_calc;data
Ariana Grande;hate that i made you love me;19982;-1562;0.087;20260601
The Chemical Brothers;Go;12533;231;0.775;20260601
The Second Voice;LET ME BE;11649;-1663;0.965;20260601
Shakira;Dai Dai;11220;796;0.182;20260601
Burna Boy;Dai Dai;11220;796;0.182;20260601
Michael Jackson;Billie Jean;10645;1830;1.118;20260601
RAYE;WHERE IS MY HUSBAND;8997;70;2.681;20260601
HUNTR/X;Golden;8694;-1868;5.032;20260601
EJAE;Golden;8694;-1868;5.032;20260601
AUDREY NUNA;Golden;8694;-1868;5.032;20260601
REI AMI;Golden;8694;-1868;5.032;20260601
KPop Demon Hunters Cast;Golden;8694;-1868;5.032;20260601
HUGEL;Movin' To The Sun;8477;-1251;0.085;20260601
Imael Angel;Movin' To The Sun;8477;-1251;0.085;20260601
Ultra Naté;Movin' To The Sun;8477;-1251;0.085;20260601
Taylor Swift;The Fate of Ophelia;8230;2200;3.394;20260601
MDB;Angels Above Me;7990;-276;0.065;20260601
Alex Warren;FEVER DREAM;7892;1121;0.812;20260601
Alex Warren;Ordinary;7629;-895;5.766;20260601
Benny Rivers;Step by Step in Time;7489;-1259;0.198;20260601
Michael Jackson;Beat It;7478;1069;0.635;20260601
Bruno Mars;I Just Might;7059;-23;1.675;20260601
Olivia Rodrigo;drop dead;6958;1075;0.41;20260601
Ella Langley;Choosin' Texas;6912;-289;1.194;20260601
Olivia Dean;So Easy;6630;641;1.514;20260601
Michael Jackson;Human Nature;6463;1572;0.294;20260601
BTS;SWIM;6317;-295;0.84;20260601
Justin Bieber;Beauty and a Beat;6303;172;2.51;20260601
Bebe Rexha;New Religion;5927;-353;0.647;20260601
Faithless;New Religion;5927;-353;0.647;20260601
Olivia Dean;Man I Need;5903;993;2.436;20260601
Teddy Swims;Mr. Know It All;5828;97;0.265;20260601
HUGEL;Jamaican;5734;-777;0.459;20260601
SOLTO (FR);Jamaican;5734;-777;0.459;20260601
Bruno Mars;Risk It All;5669;1501;0.59;20260601
Olivia Rodrigo;the cure;5340;613;0.103;20260601
Dust;You Problem;5174;-233;0.078;20260601
Harmony;You Problem;5174;-233;0.078;20260601
Jernblod;Greenland;5171;3075;0.024;20260601
aespa;LEMONADE;5098;-1469;0.026;20260601
The Beaches;Edge of the Earth;5009;1652;0.073;20260601
Dara;Bangaranga;4831;407;0.143;20260601
Tame Impala;Dracula;4780;-1046;0.53;20260601
JENNIE;Dracula;4780;-1046;0.53;20260601
G Flip;Bed on Fire;4616;946;0.059;20260601
Harry Styles;American Girls;4588;207;0.41;20260601
Josh Fawaz;Like a Prayer;4510;470;0.333;20260601
Zara Larsson;Lush Life;4489;909;2.773;20260601
STELLA LEFTY;Boston;4487;48;0.125;20260601
Saxboy Billy;The Puerto Rico Song;4409;177;0.098;20260601
sombr;Homewrecker;4356;34;0.411;20260601
Taylor Swift;Opalite;4129;1015;1.852;20260601
Cameron Whitcomb;Kingdom of Fear;4093;283;0.298;20260601
Harry Styles;Sign of the Times;4010;168;4.878;20260601
Ragal Ironbull;VALHALLA CALLING;3907;536;0.289;20260601
Tame Impala;Dracula;3677;185;0.398;20260601
Michael Jackson;Thriller;3634;-387;1.076;20260601
ANOTR;Talk To You;3553;-116;0.227;20260601
DHENYS R J;All Night Long;3546;121;0.114;20260601
Ella Bright;Baby Now That I Found You;3472;-231;0.065;20260601
Drake;Janice STFU;3413;1118;0.058;20260601
VELCHEVA VIBE;I call it life;3379;1170;0.021;20260601
Sam Fender;Rein Me In;3271;-274;0.627;20260601
Olivia Dean;Rein Me In;3271;-274;0.627;20260601
Michael Jackson;Don't Stop 'Til You Get Enough;3257;972;0.247;20260601
SOUL ARCHIVE ROOM;Breathing;3190;3103;0.008;20260601
Paul McCartney;Days We Left Behind;3131;129;0.124;20260601
Michael Jackson;Smooth Criminal;3116;-677;0.439;20260601
Disney;Zoo;3035;223;0.561;20260601
Shakira;Zoo;3035;223;0.561;20260601
Helene Fischer;Heute Nacht;3005;-1255;0.016;20260601
Peter Gabriel;A Hard Lesson;2911;-304;0.006;20260601
Shaboozey;A Bar Song;2908;299;4.839;20260601
Eddie Dalton;Somewhere Along The Way;2869;216;0.225;20260601
Ella Langley;Be Her;2840;-661;0.366;20260601
Slayyyter;DANCE...;2839;-117;0.019;20260601
Elton John;The Bitch Is Back;2705;123;0.046;20260601
Mylène Farmer;C'est à qui le tour;2701;306;0.013;20260601
Lady Gaga;Die With A Smile;2611;8;7.482;20260601
Bruno Mars;Die With A Smile;2611;8;7.482;20260601
TREASURE;IF I;2594;2594;0.003;20260601
The Killers;Mr. Brightside;2545;-564;1.715;20260601
DJ Chris Bernard;Die Engel Singen;2502;-228;0.023;20260601
Bad Bunny;NUEVAYoL;2486;32;0.898;20260601
Nash Blackwood;Love Me At My Lowest;2462;107;0.026;20260601
The Bausa;Magnetic;2445;-307;0.13;20260601
DJ.ILHAM;DIGIDI DIGIDI;2421;-303;0.073;20260601
sombr;12 to 12;2420;911;1.147;20260601
Bebe Rexha;Sad Girls;2374;-1238;0.022;20260601
David Guetta;Sad Girls;2374;-1238;0.022;20260601
Ella Langley;you look like you love me;2326;-323;1.244;20260601
Riley Green;you look like you love me;2326;-323;1.244;20260601
Ella Langley;I Can't Love You Anymore;2307;-210;0.13;20260601
Morgan Wallen;I Can't Love You Anymore;2307;-210;0.13;20260601
ARASHI;Five;2306;200;0.136;20260601
LE SSERAFIM;BOOMPALA;2296;-1068;0.055;20260601
Christina Perri;A Thousand Years;2264;697;8.297;20260601
Djo;End of Beginning;2260;355;1.907;20260601
SIENNA SPIRO;Material Lover;2256;207;0.041;20260601
Zara Larsson;Midnight Sun;2251;461;0.219;20260601
Benson Boone;Beautiful Things;2181;769;7.228;20260601
The Kid LAROI;GIRLS;2158;735;0.109;20260601
Ac/Dc;Thunderstruck;2138;811;4.117;20260601
Lola Young;Messy;2115;104;4.133;20260601
Draugr Balled;North wind calls;2050;-125;0.094;20260601
IngaRose;Celebrate Me;2045;-312;0.411;20260601
The Goo Goo Dolls;Iris;1921;-228;1.991;20260601
Temper City;Self Aware;1895;-68;0.038;20260601
Coldplay;Viva la Vida;1862;915;6.998;20260601
mikeeysmind;Papaoutai;1762;-83;0.9;20260601
Chill77;Papaoutai;1762;-83;0.9;20260601
Unjaps;Papaoutai;1762;-83;0.9;20260601
The Rolling Stones;In The Stars;1754;592;0.128;20260601
B'z;完全無欠;1748;180;0.003;20260601
XXXTENTACION;Moonlight;1746;721;0.756;20260601
Elevation Worship;God I'm Just Grateful;1733;563;0.084;20260601
Chandler Moore;God I'm Just Grateful;1733;563;0.084;20260601
Riley Green;Think As You Drunk;1732;-541;0.01;20260601
Gracie Abrams;Hit the Wall;1726;993;0.05;20260601
TREASURE;ZOOM ZOOM;1719;1719;0.002;20260601
ARASHI;Happiness;1695;1695;0.032;20260601
Martin Garrix;Repeat It;1661;-180;0.058;20260601
Ed Sheeran;Repeat It;1661;-180;0.058;20260601
Shota Watanabe;360m;1660;1201;0.002;20260601
Ryohei Abe;360m;1660;1201;0.002;20260601
Ren Meguro;360m;1660;1201;0.002;20260601
Ae! Group;DEKOBOKO LIFE;1659;1659;0.008;20260601
ROSÉ;APT.;1645;-938;6.405;20260601
Bruno Mars;APT.;1645;-938;6.405;20260601
Sal da Vinci;Per sempre sì;1640;-729;0.237;20260601
I.O.I;Suddenly;1624;138;0.021;20260601
Justin Bieber;DAISIES;1619;202;1.013;20260601
Red Grizz;ASSHOLE ANTHEM;1607;-517;0.015;20260601
Billie Eilish;BIRDS OF A FEATHER;1602;-372;5.923;20260601
Noah Kahan;The Great Divide;1589;123;0.228;20260601
Justen de Wildt;Cheerio;1569;-31;0.074;20260601
TREASURE;NALLY-NA;1560;1560;0.002;20260601
Stick Figure;Angel Above Me;1558;950;0.064;20260601
Die WBL;Angel Above Me;1558;950;0.064;20260601
ARASHI;One Love;1553;512;0.036;20260601
TREASURE;DANGER;1549;1549;0.002;20260601
ARASHI;Love so Sweet;1523;258;0.041;20260601
Teddy Swims;Lose Control;1522;-202;7.395;20260601
Fleetwood Mac;Dreams;1520;-98;1.537;20260601
Evanescence;Who Will You Follow;1518;-115;0.117;20260601
BABYMONSTER;CHOOM;1508;-523;0.077;20260601
ILLIT;It's Me;1491;-85;0.067;20260601
Dave;Raindance;1487;714;0.364;20260601
Tems;Raindance;1487;714;0.364;20260601
Nash Blackwood;I'm Not Perfect;1486;-163;0.033;20260601
BTS;Hooligan;1485;167;0.242;20260601
sakanaction;Yoru No Odoriko;1479;-59;0.065;20260601
Luke Combs;Be By You;1477;90;0.235;20260601
Lady Gaga;Always Remember Us This Way;1474;200;9.48;20260601
November Kid;You're The Only Place I Need;1470;-271;0.005;20260601
Jernblod;Valkyria Calling;1456;565;0.006;20260601
ARASHI;感謝カンゲキ雨嵐;1450;109;0.011;20260601
Louis Dunford;The Angel;1437;134;0.066;20260601
Kato;Turn the Lights Off;1424;426;0.396;20260601
Jon;Turn the Lights Off;1424;426;0.396;20260601
ARASHI;Monster;1422;107;0.02;20260601
Bruno Mars;Count On Me;1412;1168;1.91;20260601
Die Toten Hosen;Ich liebe das Leben;1399;-170;0.006;20260601
Vicky Leandros;Ich liebe das Leben;1399;-170;0.006;20260601
Gordo;Loco Loco;1396;-10;0.185;20260601
Reinier Zonneveld;Loco Loco;1396;-10;0.185;20260601
Bad Bunny;DtMF;1394;-471;1.101;20260601
Ricchi;Sarà perché ti amo;1386;-551;1.57;20260601
Poveri;Sarà perché ti amo;1386;-551;1.57;20260601
BTS;Body to Body;1370;296;0.337;20260601
Michael Jackson;Man In the Mirror;1368;-194;0.244;20260601
The Weeknd;Blinding Lights;1358;473;10.048;20260601
Myles Smith;Stargazing;1356;517;2.595;20260601
ARASHI;A・RA・SHI;1348;107;0.019;20260601
ARASHI;マイガール;1334;459;0.006;20260601
Harry Styles;Aperture;1322;328;0.607;20260601
Metallica;Nothing Else Matters;1322;472;4.496;20260601
Dermot Kennedy;Funeral;1321;336;0.212;20260601
ARASHI;カイト;1315;190;0.049;20260601
Die Toten Hosen;Die Show muss weitergehen;1308;-349;0.088;20260601
深澤辰哉;ガラライキュ;1285;1285;0.001;20260601
ラウール;ガラライキュ;1285;1285;0.001;20260601
渡辺翔太;ガラライキュ;1285;1285;0.001;20260601
By Индия;Шадэ;1284;199;0.034;20260601
Xcho;Шадэ;1284;199;0.034;20260601
МОТ;Шадэ;1284;199;0.034;20260601
Drake;NOKIA;1279;632;1.868;20260601
Zhang Zi Ning;A Heartbeat's Turn;1274;298;0.018;20260601
Rex;A Heartbeat's Turn;1274;298;0.018;20260601
David Guetta;Gone Gone Gone;1270;237;1.012;20260601
Teddy Swims;Gone Gone Gone;1270;237;1.012;20260601
Tones And I;Gone Gone Gone;1270;237;1.012;20260601
Aitana;SUPERESTRELLA;1268;-109;0.255;20260601
T.I.;LET 'EM KNOW;1265;224;0.159;20260601
Julius Legend;To The Sun;1258;647;0.002;20260601
Ella Bright;Girl That I Am;1245;-479;0.03;20260601
KAROL G;Si Antes Te Hubiera Conocido;1244;638;1.877;20260601
Noah Nine;Mama, I still call your name;1234;-162;0.01;20260601
Snow Man;ばきゅん;1232;1232;0.001;20260601
Myles Smith;Stay;1226;185;0.337;20260601
Snow Man;Snow World;1217;1217;0.001;20260601
MIZMO;Hello;1213;22;0.023;20260601
ARASHI;truth;1204;312;0.013;20260601
Fred De Palma;LA TESTA GIRA;1197;309;0.053;20260601
Anitta;LA TESTA GIRA;1197;309;0.053;20260601
Emis Killa;LA TESTA GIRA;1197;309;0.053;20260601
Tobee;Mon Amour;1193;-97;0.048;20260601
Snow Man;Make It Hot;1190;1190;0.001;20260601
Metallica;Enter Sandman;1187;143;1.646;20260601
Fleetwood Mac;Landslide;1185;573;0.403;20260601
Madonna;Bring Your Love;1183;58;0.183;20260601
Sabrina Carpenter;Bring Your Love;1183;58;0.183;20260601
Snow Man;リンディーララ;1177;1177;0.001;20260601
M!LK;Sukisugite METSU;1170;-309;0.269;20260601
Tom Odell;Another Love;1169;348;2.717;20260601
BTS;Into the Sun;1166;-453;0.183;20260601
Jovanotti;Buon Vento;1161;-68;0.013;20260601
Alfa;Buon Vento;1161;-68;0.013;20260601
Riley Green;My Way;1157;-388;0.058;20260601
Stick Figure;Angels Above Me;1157;-402;0.194;20260601
Noah Kahan;Orbiter;1147;499;0.021;20260601
Milky;Just the Way You Are;1136;10;0.114;20260601
Prospa;Free Your Mind;1135;-503;0.027;20260601
Cloonee;Free Your Mind;1135;-503;0.027;20260601
Ankara Echoes;Beni Al;1127;387;0.002;20260601
Kürşad Kahraman;Beni Al;1127;387;0.002;20260601
CortexUS;Not Broken;1120;-221;0.056;20260601
Kygo;Save My Love;1117;87;0.087;20260601
Khalid;Save My Love;1117;87;0.087;20260601
Gryffin;Save My Love;1117;87;0.087;20260601
Myles Smith;Drive Safe;1103;1048;0.165;20260601
Niall Horan;Drive Safe;1103;1048;0.165;20260601
Noano;Ewa Safi;1087;-63;0.019;20260601
Lil Kleine;Ewa Safi;1087;-63;0.019;20260601
ARASHI;Løve Rainbow;1083;616;0.002;20260601
BTS;2.0;1073;728;0.284;20260601
ARASHI;果てない空;1068;288;0.011;20260601
Snow Man;SAVE YOUR HEART;1068;6;0.016;20260601
Glass Animals;Heat Waves;1065;827;3.149;20260601
Calvin Harris;Satisfy;1062;130;0.037;20260601
Jazzy;Satisfy;1062;130;0.037;20260601
Snow Man;Dress&Tuxedo;1062;1062;0.001;20260601
Ella Langley;Dandelion;1041;58;0.205;20260601
ARASHI;Guts;1041;409;0.012;20260601
The Cranberries;Dreams;1039;-87;0.93;20260601
SHINee;Atmos;1037;1037;0.001;20260601
Toto;Africa;1031;346;0.953;20260601
Becky Hill;More More More;1028;64;0.006;20260601
Ariana Grande;hate that i made you love me;21707;1725;0.109;20260602
The Chemical Brothers;Go;11915;-618;0.787;20260602
The Second Voice;LET ME BE;11732;83;0.976;20260602
Shakira;Dai Dai;11090;-130;0.193;20260602
Burna Boy;Dai Dai;11090;-130;0.193;20260602
Michael Jackson;Billie Jean;9157;-1488;1.127;20260602
RAYE;WHERE IS MY HUSBAND;8729;-268;2.689;20260602
HUNTR/X;Golden;8596;-98;5.04;20260602
EJAE;Golden;8596;-98;5.04;20260602
AUDREY NUNA;Golden;8596;-98;5.04;20260602
REI AMI;Golden;8596;-98;5.04;20260602
KPop Demon Hunters Cast;Golden;8596;-98;5.04;20260602
HUGEL;Movin' To The Sun;8384;-93;0.094;20260602
Imael Angel;Movin' To The Sun;8384;-93;0.094;20260602
Ultra Naté;Movin' To The Sun;8384;-93;0.094;20260602
Alex Warren;FEVER DREAM;7960;68;0.82;20260602
Alex Warren;Ordinary;7858;229;5.774;20260602
Olivia Rodrigo;drop dead;7350;392;0.417;20260602
Benny Rivers;Step by Step in Time;7287;-202;0.206;20260602
MDB;Angels Above Me;7211;-779;0.072;20260602
Ella Langley;Choosin' Texas;7155;243;1.201;20260602
Michael Jackson;Beat It;6935;-543;0.642;20260602
Bruno Mars;I Just Might;6579;-480;1.681;20260602
Bebe Rexha;New Religion;6440;513;0.653;20260602
Faithless;New Religion;6440;513;0.653;20260602
Olivia Dean;So Easy;6307;-323;1.521;20260602
Jernblod;Greenland;6298;1127;0.03;20260602
Teddy Swims;Mr. Know It All;6275;447;0.271;20260602
Taylor Swift;The Fate of Ophelia;6059;-2171;3.4;20260602
Michael Jackson;Human Nature;5717;-746;0.3;20260602
Saxboy Billy;The Puerto Rico Song;5654;1245;0.104;20260602
Tame Impala;Dracula;5408;628;0.535;20260602
JENNIE;Dracula;5408;628;0.535;20260602
aespa;LEMONADE;5292;194;0.032;20260602
BTS;SWIM;5264;-1053;0.846;20260602
Dust;You Problem;5238;64;0.083;20260602
Harmony;You Problem;5238;64;0.083;20260602
Justin Bieber;Beauty and a Beat;5130;-1173;2.515;20260602
Death Cab for Cutie;Stone Over Water;5030;5030;0.005;20260602
Harry Styles;American Girls;4989;401;0.415;20260602
Olivia Rodrigo;the cure;4873;-467;0.108;20260602
Olivia Dean;Man I Need;4835;-1068;2.441;20260602
Bruno Mars;Risk It All;4835;-834;0.595;20260602
sombr;Homewrecker;4784;428;0.415;20260602
STELLA LEFTY;Boston;4766;279;0.13;20260602
Ragal Ironbull;VALHALLA CALLING;4587;680;0.293;20260602
DHENYS R J;All Night Long;4558;1012;0.119;20260602
HUGEL;Jamaican;4456;-1278;0.463;20260602
SOLTO (FR);Jamaican;4456;-1278;0.463;20260602
Zara Larsson;Lush Life;4390;-99;2.777;20260602
Michael Jackson;Smooth Criminal;4378;1262;0.443;20260602
The Beaches;Edge of the Earth;4333;-676;0.077;20260602
G Flip;Bed on Fire;4153;-463;0.063;20260602
Cameron Whitcomb;Kingdom of Fear;4109;16;0.302;20260602
Taylor Swift;Opalite;3974;-155;1.856;20260602
Sam Fender;Rein Me In;3825;554;0.631;20260602
Olivia Dean;Rein Me In;3825;554;0.631;20260602
Josh Fawaz;Like a Prayer;3813;-697;0.337;20260602
Stick Figure;Angels Above Me;3807;2650;0.197;20260602
VELCHEVA VIBE;I call it life;3607;228;0.025;20260602
Harry Styles;Sign of the Times;3564;-446;4.881;20260602
Dara;Bangaranga;3348;-1483;0.146;20260602
The Bausa;Magnetic;3063;618;0.133;20260602
DJ.ILHAM;DIGIDI DIGIDI;3055;634;0.076;20260602
Michael Jackson;Don't Stop 'Til You Get Enough;3021;-236;0.25;20260602
LE SSERAFIM;BOOMPALA;3007;711;0.058;20260602
SOUL ARCHIVE ROOM;Breathing;2879;-311;0.01;20260602
ANOTR;Talk To You;2863;-690;0.23;20260602
Ella Bright;Baby Now That I Found You;2850;-622;0.068;20260602
Lady Gaga;Die With A Smile;2764;153;7.484;20260602
Bruno Mars;Die With A Smile;2764;153;7.484;20260602
Helene Fischer;Heute Nacht;2752;-253;0.019;20260602
Mastodon;Your Ghost Again;2749;2749;0.003;20260602
Tame Impala;Dracula;2715;-962;0.401;20260602
Djo;End of Beginning;2653;393;1.909;20260602
Shaboozey;A Bar Song;2647;-261;4.842;20260602
Michael Jackson;Thriller;2628;-1006;1.079;20260602
Ella Langley;Be Her;2578;-262;0.369;20260602
Elton John;The Bitch Is Back;2577;-128;0.048;20260602
sombr;12 to 12;2495;75;1.149;20260602
Drake;Janice STFU;2455;-958;0.061;20260602
TREASURE;IF I;2444;-150;0.005;20260602
IngaRose;Celebrate Me;2393;348;0.413;20260602
Eddie Dalton;Somewhere Along The Way;2389;-480;0.227;20260602
Dermot Kennedy;Funeral;2377;1056;0.214;20260602
Disney;Zoo;2362;-673;0.563;20260602
Shakira;Zoo;2362;-673;0.563;20260602
Nash Blackwood;Love Me At My Lowest;2330;-132;0.028;20260602
mikeeysmind;Papaoutai;2312;550;0.902;20260602
Chill77;Papaoutai;2312;550;0.902;20260602
Unjaps;Papaoutai;2312;550;0.902;20260602
Slayyyter;DANCE...;2304;-535;0.022;20260602
Paul McCartney;Days We Left Behind;2285;-846;0.127;20260602
Benson Boone;Beautiful Things;2284;103;7.23;20260602
Dave;Raindance;2269;782;0.366;20260602
Tems;Raindance;2269;782;0.366;20260602
嵐;Five;2244;2244;0.003;20260602
Sia;Unstoppable;2094;1346;7.618;20260602
The Kid LAROI;GIRLS;2089;-69;0.111;20260602
Ac/Dc;Thunderstruck;2083;-55;4.119;20260602
Zara Larsson;Midnight Sun;2081;-170;0.222;20260602
Ella Langley;I Can't Love You Anymore;2069;-238;0.132;20260602
Morgan Wallen;I Can't Love You Anymore;2069;-238;0.132;20260602
Bebe Rexha;Sad Girls;2061;-313;0.024;20260602
David Guetta;Sad Girls;2061;-313;0.024;20260602
Bad Bunny;DtMF;2049;655;1.103;20260602
Vince Staples;Cotton;2034;2034;0.002;20260602
Ella Bright;Girl That I Am;1990;745;0.032;20260602
Bad Bunny;NUEVAYoL;1977;-509;0.9;20260602
Luke Combs;Be By You;1926;449;0.237;20260602
DJ Chris Bernard;Die Engel Singen;1926;-576;0.025;20260602
The Goo Goo Dolls;Iris;1918;-3;1.993;20260602
Martin Garrix;Repeat It;1907;246;0.06;20260602
Ed Sheeran;Repeat It;1907;246;0.06;20260602
Ella Langley;you look like you love me;1884;-442;1.246;20260602
Riley Green;you look like you love me;1884;-442;1.246;20260602
SHINee;Atmos;1858;821;0.003;20260602
Mylène Farmer;C'est à qui le tour;1852;-849;0.015;20260602
Billie Eilish;BIRDS OF A FEATHER;1821;219;5.924;20260602
Noah Kahan;Orbiter;1812;665;0.022;20260602
Madonna;Bring Your Love;1782;599;0.184;20260602
Sabrina Carpenter;Bring Your Love;1782;599;0.184;20260602
TREASURE;ZOOM ZOOM;1771;52;0.003;20260602
Justin Bieber;DAISIES;1734;115;1.014;20260602
Christina Perri;A Thousand Years;1716;-548;8.299;20260602
Elevation Worship;God I'm Just Grateful;1681;-52;0.086;20260602
Chandler Moore;God I'm Just Grateful;1681;-52;0.086;20260602
BTS;Into the Sun;1674;508;0.184;20260602
Evanescence;Who Will You Follow;1664;146;0.118;20260602
Metallica;Enter Sandman;1650;463;1.647;20260602
Draugr Balled;North wind calls;1643;-407;0.096;20260602
Shota Watanabe;360m;1639;-21;0.004;20260602
Ryohei Abe;360m;1639;-21;0.004;20260602
Ren Meguro;360m;1639;-21;0.004;20260602
KAROL G;Si Antes Te Hubiera Conocido;1622;378;1.878;20260602
Noah Kahan;The Great Divide;1612;23;0.23;20260602
The Rolling Stones;In The Stars;1603;-151;0.129;20260602
Fleetwood Mac;Dreams;1594;74;1.539;20260602
SIENNA SPIRO;Material Lover;1594;-662;0.043;20260602
Justen de Wildt;Cheerio;1584;15;0.076;20260602
Paul McCartney;Home to Us;1576;735;0.069;20260602
Ringo Starr;Home to Us;1576;735;0.069;20260602
B'z;完全無欠;1568;-180;0.005;20260602
TREASURE;DANGER;1553;4;0.003;20260602
Gracie Abrams;Hit the Wall;1551;-175;0.051;20260602
Ae! Group;DEKOBOKO LIFE;1538;-121;0.01;20260602
Zhang Zi Ning;A Heartbeat's Turn;1534;260;0.02;20260602
Rex;A Heartbeat's Turn;1534;260;0.02;20260602
Teddy Swims;Bad Dreams;1511;545;3.561;20260602
ARASHI;Happiness;1508;-187;0.034;20260602
TREASURE;NALLY-NA;1502;-58;0.003;20260602
ARASHI;Love so Sweet;1493;-30;0.043;20260602
SIENNA SPIRO;Die On This Hill;1483;571;0.66;20260602
sakanaction;Yoru No Odoriko;1479;0;0.066;20260602
ARASHI;感謝カンゲキ雨嵐;1474;24;0.013;20260602
Teddy Swims;Lose Control;1467;-55;7.397;20260602
ARASHI;Monster;1450;28;0.022;20260602
ROSÉ;APT.;1427;-218;6.406;20260602
Bruno Mars;APT.;1427;-218;6.406;20260602
ARASHI;One Love;1413;-140;0.038;20260602
Aitana;SUPERESTRELLA;1383;115;0.256;20260602
Drake;NOKIA;1381;102;1.87;20260602
Sal da Vinci;Per sempre sì;1377;-263;0.239;20260602
Bad Bunny;BAILE INoLVIDABLE;1376;527;0.506;20260602
Jovanotti;Buon Vento;1362;201;0.014;20260602
Alfa;Buon Vento;1362;201;0.014;20260602
Shakira;Zoo;1348;1050;0.617;20260602
Lady Gaga;Runway;1345;467;0.395;20260602
Doechii;Runway;1345;467;0.395;20260602
ARASHI;A・RA・SHI;1335;-13;0.02;20260602
Louis Dunford;The Angel;1335;-102;0.067;20260602
Milky;Just the Way You Are;1331;195;0.115;20260602
Michael Jackson;Heal the World;1329;379;0.229;20260602
ARASHI;マイガール;1315;-19;0.007;20260602
ILLIT;It's Me;1313;-178;0.068;20260602
Kimo Sounds;Rise Slow;1296;577;0.003;20260602
ARASHI;カイト;1290;-25;0.05;20260602
By Индия;Шадэ;1283;-1;0.035;20260602
Xcho;Шадэ;1283;-1;0.035;20260602
МОТ;Шадэ;1283;-1;0.035;20260602
XXXTENTACION;Moonlight;1273;-473;0.758;20260602
ARASHI;truth;1241;37;0.015;20260602
Nash Blackwood;We Don't Need To Be Perfect;1234;376;0.013;20260602
Marc Eggers;Mon Amour;1217;218;0.04;20260602
Aditotoro;Mon Amour;1217;218;0.04;20260602
Paul Frege;Mon Amour;1217;218;0.04;20260602
Five;Keep On Movin';1217;197;0.043;20260602
M!LK;Sukisugite METSU;1217;47;0.27;20260602
Myles Smith;Stay;1205;-21;0.339;20260602
BABYMONSTER;CHOOM;1202;-306;0.078;20260602
The Cranberries;Dreams;1196;157;0.932;20260602
Gordo;Loco Loco;1193;-203;0.187;20260602
Reinier Zonneveld;Loco Loco;1193;-203;0.187;20260602
ARASHI;Løve Rainbow;1193;110;0.003;20260602
Arctic Monkeys;Do I Wanna Know;1185;984;1.389;20260602
Jalen Ngonda;Burning Temptation;1180;1180;0.001;20260602
ARASHI;果てない空;1170;102;0.012;20260602
Peter Gabriel;A Hard Lesson;1170;-1741;0.007;20260602
The Killers;Mr. Brightside;1167;-1378;1.716;20260602
MIZMO;Hello;1164;-49;0.024;20260602
Kygo;Save My Love;1157;40;0.088;20260602
Khalid;Save My Love;1157;40;0.088;20260602
Gryffin;Save My Love;1157;40;0.088;20260602
I.O.I;Suddenly;1155;-469;0.022;20260602
Linkin Park;In the End;1154;688;1.318;20260602
Survivor;Eye of the Tiger;1152;404;2.468;20260602
VAUNDY;fly away;1148;221;0.06;20260602
Bruno Mars;Count On Me;1139;-273;1.911;20260602
Jernblod;Valkyria Calling;1138;-318;0.008;20260602
CortexUS;Not Broken;1138;18;0.057;20260602
Ed Sheeran;Perfect;1137;551;15.702;20260602
ROSALÍA;Berghain;1136;608;0.609;20260602
Björk;Berghain;1136;608;0.609;20260602
Yves Tumor;Berghain;1136;608;0.609;20260602
Snow Man;Bakyun;1131;1131;0.001;20260602
岩本照;HYPNOSIS;1129;1129;0.001;20260602
向井康二;HYPNOSIS;1129;1129;0.001;20260602
目黒蓮;HYPNOSIS;1129;1129;0.001;20260602
ARASHI;Guts;1125;84;0.013;20260602
Bleu Soleil;Soleil Bleu;1116;487;0.644;20260602
LUIZA;Soleil Bleu;1116;487;0.644;20260602
Journey;Don't Stop Believin';1110;116;3.683;20260602
Lola Young;Messy;1108;-1007;4.134;20260602
Tobee;Mon Amour;1104;-89;0.049;20260602
Tatsuya Fukazawa;gararaikyu;1104;1104;0.001;20260602
Raul;gararaikyu;1104;1104;0.001;20260602
Shota Watanabe;gararaikyu;1104;1104;0.001;20260602
Die Toten Hosen;Ich liebe das Leben;1090;-309;0.007;20260602
Vicky Leandros;Ich liebe das Leben;1090;-309;0.007;20260602
T.I.;LET 'EM KNOW;1083;-182;0.161;20260602
ARASHI;迷宮ラブソング;1083;257;0.01;20260602
Becky Hill;More More More;1073;45;0.007;20260602
Snow Man;Snow World;1062;-155;0.002;20260602
Angèle;What You Want;1053;590;0.104;20260602
Justice;What You Want;1053;590;0.104;20260602
The Weeknd;Blinding Lights;1053;-305;10.049;20260602
M!LK;Bakuretsu Aishiteru;1041;433;0.144;20260602
Pinguini Tattici Nucleari;Sorry Scusa Lo Siento;1041;384;0.016;20260602
Frank Sinatra;My Way;1035;872;0.923;20260602
Fleetwood Mac;Landslide;1034;-151;0.404;20260602
BTS;Hooligan;1031;-454;0.243;20260602
Riley Green;Think As You Drunk;1027;-705;0.011;20260602
Thiago Navarro Music;Quédate con lo sencillo;1016;43;0.041;20260602
LISA;Goals;1015;74;0.033;20260602
Anitta;Goals;1015;74;0.033;20260602
Rema;Goals;1015;74;0.033;20260602
FIFA Sound;Goals;1015;74;0.033;20260602
Michael Jackson;The Way You Make Me Feel;1009;14;0.143;20260602
Luna Azul;Butterflies;1004;66;0.008;20260602
Ariana Grande;hate that i made you love me;23701;1994;0.133;20260603
The Second Voice;LET ME BE;11508;-224;0.988;20260603
The Chemical Brothers;Go;10140;-1775;0.797;20260603
Shakira;Dai Dai;10132;-958;0.204;20260603
Burna Boy;Dai Dai;10132;-958;0.204;20260603
Michael Jackson;Billie Jean;9127;-30;1.136;20260603
RAYE;WHERE IS MY HUSBAND;8863;134;2.698;20260603
Alex Warren;Ordinary;8383;525;5.782;20260603
HUGEL;Movin' To The Sun;8363;-21;0.102;20260603
Imael Angel;Movin' To The Sun;8363;-21;0.102;20260603
Ultra Naté;Movin' To The Sun;8363;-21;0.102;20260603
HUNTR/X;Golden;7841;-755;5.048;20260603
EJAE;Golden;7841;-755;5.048;20260603
AUDREY NUNA;Golden;7841;-755;5.048;20260603
REI AMI;Golden;7841;-755;5.048;20260603
KPop Demon Hunters Cast;Golden;7841;-755;5.048;20260603
Alex Warren;FEVER DREAM;7366;-594;0.827;20260603
MDB;Angels Above Me;7213;2;0.08;20260603
Ella Langley;Choosin' Texas;7121;-34;1.209;20260603
Benny Rivers;Step by Step in Time;6924;-363;0.213;20260603
Bruno Mars;I Just Might;6704;125;1.688;20260603
Tame Impala;Dracula;6284;876;0.542;20260603
JENNIE;Dracula;6284;876;0.542;20260603
Bebe Rexha;New Religion;6134;-306;0.659;20260603
Faithless;New Religion;6134;-306;0.659;20260603
Jernblod;Greenland;6115;-183;0.036;20260603
Michael Jackson;Beat It;6086;-849;0.648;20260603
Taylor Swift;The Fate of Ophelia;5997;-62;3.406;20260603
Saxboy Billy;The Puerto Rico Song;5644;-10;0.109;20260603
Europe;The Cult of Ignorance;5465;5465;0.005;20260603
Olivia Rodrigo;drop dead;5431;-1919;0.423;20260603
Olivia Dean;So Easy;5320;-987;1.526;20260603
BTS;SWIM;5230;-34;0.851;20260603
Teddy Swims;Mr. Know It All;5160;-1115;0.276;20260603
Dust;You Problem;5137;-101;0.088;20260603
Harmony;You Problem;5137;-101;0.088;20260603
aespa;LEMONADE;5012;-280;0.037;20260603
Olivia Rodrigo;the cure;4883;10;0.113;20260603
Josh Fawaz;Like a Prayer;4704;891;0.341;20260603
Ragal Ironbull;VALHALLA CALLING;4587;0;0.298;20260603
Dara;Bangaranga;4523;1175;0.151;20260603
STELLA LEFTY;Boston;4447;-319;0.135;20260603
Bruno Mars;Risk It All;4383;-452;0.599;20260603
HUGEL;Jamaican;4257;-199;0.467;20260603
SOLTO (FR);Jamaican;4257;-199;0.467;20260603
Olivia Dean;Man I Need;4167;-668;2.445;20260603
Cameron Whitcomb;Kingdom of Fear;4161;52;0.306;20260603
The Beaches;Edge of the Earth;3913;-420;0.081;20260603
G Flip;Bed on Fire;3849;-304;0.067;20260603
Céline Dion;Beauty and the Beast;3839;3839;0.067;20260603
Peabo Bryson;Beauty and the Beast;3839;3839;0.067;20260603
Taylor Swift;Opalite;3836;-138;1.859;20260603
Justin Bieber;Beauty and a Beat;3775;-1355;2.519;20260603
Peabo Bryson;If Ever You're In My Arms Again;3740;3740;0.021;20260603
sombr;Homewrecker;3735;-1049;0.419;20260603
Michael Jackson;Human Nature;3602;-2115;0.303;20260603
Harry Styles;American Girls;3505;-1484;0.418;20260603
DJ.ILHAM;DIGIDI DIGIDI;3486;431;0.08;20260603
Sam Fender;Rein Me In;3368;-457;0.634;20260603
Olivia Dean;Rein Me In;3368;-457;0.634;20260603
Tame Impala;Dracula;3292;577;0.404;20260603
DHENYS R J;All Night Long;3218;-1340;0.122;20260603
Peabo Bryson;A Whole New World;3170;3170;0.031;20260603
Regina Belle;A Whole New World;3170;3170;0.031;20260603
VELCHEVA VIBE;I call it life;3152;-455;0.028;20260603
Zara Larsson;Lush Life;3099;-1291;2.78;20260603
Slayyyter;DANCE...;3071;767;0.025;20260603
Harry Styles;Sign of the Times;3029;-535;4.884;20260603
Ac/Dc;Thunderstruck;2862;779;4.122;20260603
Michael Jackson;Smooth Criminal;2854;-1524;0.446;20260603
Justin Bieber;DAISIES;2851;1117;1.017;20260603
Djo;End of Beginning;2818;165;1.912;20260603
Elton John;The Bitch Is Back;2803;226;0.051;20260603
Michael Jackson;Thriller;2743;115;1.082;20260603
Shaboozey;A Bar Song;2710;63;4.845;20260603
Peabo Bryson;Tonight I Celebrate My Love;2698;2698;0.003;20260603
Roberta Flack;Tonight I Celebrate My Love;2698;2698;0.003;20260603
Draugr Balled;North wind calls;2678;1035;0.098;20260603
Evanescence;Who Will You Follow;2658;994;0.121;20260603
Ella Bright;Baby Now That I Found You;2620;-230;0.071;20260603
Ella Langley;I Can't Love You Anymore;2575;506;0.134;20260603
Morgan Wallen;I Can't Love You Anymore;2575;506;0.134;20260603
SIENNA SPIRO;Material Lover;2523;929;0.045;20260603
ANOTR;Talk To You;2513;-350;0.233;20260603
Eddie Dalton;Somewhere Along The Way;2499;110;0.23;20260603
Helene Fischer;Heute Nacht;2407;-345;0.021;20260603
Stick Figure;Angels Above Me;2368;-1439;0.2;20260603
Ella Langley;Be Her;2345;-233;0.371;20260603
Death Cab for Cutie;Stone Over Water;2333;-2697;0.007;20260603
The Bausa;Magnetic;2310;-753;0.135;20260603
Zara Larsson;Midnight Sun;2291;210;0.224;20260603
Bad Bunny;DtMF;2269;220;1.105;20260603
Mastodon;Your Ghost Again;2268;-481;0.005;20260603
Bad Bunny;NUEVAYoL;2266;289;0.902;20260603
Jernblod;Valkyria Calling;2249;1111;0.01;20260603
TREASURE;IF I;2246;-198;0.007;20260603
Lady Gaga;Die With A Smile;2244;-520;7.487;20260603
Bruno Mars;Die With A Smile;2244;-520;7.487;20260603
Sia;Unstoppable;2222;128;7.62;20260603
Dermot Kennedy;Funeral;2205;-172;0.217;20260603
Drake;Janice STFU;2195;-260;0.063;20260603
LE SSERAFIM;BOOMPALA;2185;-822;0.06;20260603
Nash Blackwood;Love Me At My Lowest;2149;-181;0.03;20260603
ARASHI;Five;2136;2136;0.138;20260603
Billie Eilish;BIRDS OF A FEATHER;2082;261;5.926;20260603
Kygo;Save My Love;2055;898;0.09;20260603
Khalid;Save My Love;2055;898;0.09;20260603
Gryffin;Save My Love;2055;898;0.09;20260603
The Goo Goo Dolls;Iris;2020;102;1.995;20260603
Teddy Swims;Lose Control;1930;463;7.399;20260603
Zhang Zi Ning;A Heartbeat's Turn;1897;363;0.022;20260603
Rex;A Heartbeat's Turn;1897;363;0.022;20260603
SOUL ARCHIVE ROOM;Breathing;1891;-988;0.012;20260603
sombr;12 to 12;1883;-612;1.151;20260603
IngaRose;Celebrate Me;1869;-524;0.415;20260603
David Guetta;Run Run River;1837;1612;0.002;20260603
Alok;Run Run River;1837;1612;0.002;20260603
Stick Figure;Run Run River;1837;1612;0.002;20260603
Benson Boone;Beautiful Things;1823;-461;7.232;20260603
Disney;Zoo;1816;-546;0.565;20260603
Shakira;Zoo;1816;-546;0.565;20260603
Drake;NOKIA;1771;390;1.871;20260603
Peabo Bryson;Can You Stop the Rain;1749;1749;0.002;20260603
The Kid LAROI;GIRLS;1714;-375;0.112;20260603
Michael Jackson;Heal the World;1672;343;0.231;20260603
SIENNA SPIRO;Die On This Hill;1644;161;0.662;20260603
Paul McCartney;Days We Left Behind;1625;-660;0.128;20260603
Fleetwood Mac;Dreams;1581;-13;1.541;20260603
Mylène Farmer;C'est à qui le tour;1571;-281;0.017;20260603
B'z;完全無欠;1568;0;0.006;20260603
Eclipse;Sudden Shower;1544;1003;0.451;20260603
-真天地開闢集団-ジグザグ;SonoAide;1538;1538;0.002;20260603
sakanaction;Yoru No Odoriko;1531;52;0.068;20260603
Lady Gaga;Runway;1524;179;0.397;20260603
Doechii;Runway;1524;179;0.397;20260603
Journey;Don't Stop Believin';1520;410;3.685;20260603
Forrest Frank;OKAY;1515;858;0.048;20260603
JI BLUE;KESHIKI;1508;813;0.006;20260603
JO1;KESHIKI;1508;813;0.006;20260603
INI;KESHIKI;1508;813;0.006;20260603
Sal da Vinci;Per sempre sì;1498;121;0.24;20260603
The Killers;Mr. Brightside;1492;325;1.718;20260603
Michael Jackson;Don't Stop 'Til You Get Enough;1480;-1541;0.252;20260603
BABYMONSTER;CHOOM;1474;272;0.079;20260603
Jennifer Lopez;On the Floor;1470;900;5.884;20260603
Justen de Wildt;Cheerio;1466;-118;0.077;20260603
DevilDriver;Dead in the Water;1466;869;0.002;20260603
YUZU;New Beginning;1450;1450;0.001;20260603
Tears for Fears;Everybody Wants to Rule the World;1431;835;1.06;20260603
ARASHI;Love so Sweet;1423;-70;0.044;20260603
DJ Chris Bernard;Die Engel Singen;1422;-504;0.027;20260603
Eikichi Yazawa;BORDER;1422;1422;0.001;20260603
Jernblod;Father, Beyond Valhalla;1406;708;0.007;20260603
ARASHI;Happiness;1395;-113;0.035;20260603
TLE MATIMUN;กลิ่นฝน;1388;1388;0.001;20260603
FirstOne;กลิ่นฝน;1388;1388;0.001;20260603
Luke Combs;Be By You;1375;-551;0.239;20260603
BTS;Into the Sun;1372;-302;0.186;20260603
David Guetta;Gone Gone Gone;1369;1095;1.013;20260603
Teddy Swims;Gone Gone Gone;1369;1095;1.013;20260603
Tones And I;Gone Gone Gone;1369;1095;1.013;20260603
Aitana;SUPERESTRELLA;1369;-14;0.258;20260603
JO1;KESHIKI;1368;1368;0.001;20260603
Dexter and The Moonrocks;Freakin’ Out;1355;624;0.06;20260603
Ae! Group;DEKOBOKO LIFE;1341;-197;0.011;20260603
Martin Garrix;Repeat It;1335;-572;0.061;20260603
Ed Sheeran;Repeat It;1335;-572;0.061;20260603
Shakira;Waka Waka;1323;847;7.335;20260603
ARASHI;Monster;1315;-135;0.023;20260603
ARASHI;One Love;1299;-114;0.039;20260603
Bruno Mars;Count On Me;1285;146;1.912;20260603
TREASURE;ZOOM ZOOM;1272;-499;0.005;20260603
Lola Young;Messy;1270;162;4.135;20260603
The Cranberries;Dreams;1267;71;0.933;20260603
ARASHI;感謝カンゲキ雨嵐;1265;-209;0.014;20260603
K3;De zomer van Oya Lélé;1260;1260;0.001;20260603
Myles Smith;Stay;1259;54;0.34;20260603
Michael Jackson;They Don't Care About Us;1257;330;0.314;20260603
Evanescence;Afterlife;1254;432;0.106;20260603
FRIDA GOLD;Raus an Dich;1245;1245;0.001;20260603
Gracie Abrams;Hit the Wall;1236;-315;0.052;20260603
MIZMO;Hello;1230;66;0.026;20260603
Prospa;Free Your Mind;1227;858;0.028;20260603
Cloonee;Free Your Mind;1227;858;0.028;20260603
Ella Langley;you look like you love me;1219;-665;1.247;20260603
Riley Green;you look like you love me;1219;-665;1.247;20260603
ARASHI;マイガール;1217;-98;0.009;20260603
CortexUS;Not Broken;1209;71;0.059;20260603
Neil Diamond;Sweet Caroline;1206;630;1.435;20260603
Queen;Don't Stop Me Now;1194;693;1.895;20260603
M!LK;Sukisugite METSU;1193;-24;0.271;20260603
ROSÉ;APT.;1176;-251;6.408;20260603
Bruno Mars;APT.;1176;-251;6.408;20260603
The Rolling Stones;In The Stars;1174;-429;0.13;20260603
Peabo Bryson;Feel the Fire;1170;1170;0.001;20260603
Shota Watanabe;360m;1170;-469;0.005;20260603
Ryohei Abe;360m;1170;-469;0.005;20260603
Ren Meguro;360m;1170;-469;0.005;20260603
Nash Blackwood;I Would Say Yes To You;1167;668;0.046;20260603
Survivor;Eye of the Tiger;1155;3;2.469;20260603
VAUNDY;fly away;1149;1;0.061;20260603
ARASHI;カイト;1148;-142;0.051;20260603
JERRY'S SOUND ROOM;Qué Bonito Llegar Así;1147;975;0.011;20260603
I.O.I;Suddenly;1143;-12;0.023;20260603
Bad Bunny;BAILE INoLVIDABLE;1129;-247;0.507;20260603
Anirudh Ravichander;Raga of Revenge;1128;328;0.022;20260603
Deine Cousine;Scheiß auf Ironie;1125;1125;0.001;20260603
SUPER EIGHT;Damdarah;1125;771;0.005;20260603
KAROL G;Si Antes Te Hubiera Conocido;1122;-500;1.88;20260603
Shakira;Zoo;1121;-227;0.618;20260603
DJ-PTG;Angels Above Me;1121;687;0.002;20260603
Michael Jackson;Bad;1111;495;0.181;20260603
Marc Eggers;Mon Amour;1104;-113;0.041;20260603
Aditotoro;Mon Amour;1104;-113;0.041;20260603
Paul Frege;Mon Amour;1104;-113;0.041;20260603
Five;Keep On Movin';1104;-113;0.044;20260603
ARASHI;truth;1104;-137;0.016;20260603
COSMÓ;TANZSCHEIN;1088;123;0.091;20260603
ILLIT;It's Me;1074;-239;0.069;20260603
Becky Hill;More More More;1062;-11;0.008;20260603
ARASHI;Løve Rainbow;1062;-131;0.004;20260603
Michael Jackson;Dirty Diana;1053;532;0.141;20260603
Serena Brancale;AL MIO PAESE;1049;149;0.05;20260603
Levante;AL MIO PAESE;1049;149;0.05;20260603
DELIA;AL MIO PAESE;1049;149;0.05;20260603
Coldplay;Yellow;1047;755;2.097;20260603
XXXTENTACION;Moonlight;1046;-227;0.759;20260603
Elton John;Cold Heart;1044;237;8.029;20260603
Dua Lipa;Cold Heart;1044;237;8.029;20260603
Nathan Evans;Home;1041;143;0.044;20260603
SAINT PHNX;Home;1041;143;0.044;20260603
ARASHI;A・RA・SHI;1041;-294;0.021;20260603
Luna Azul;Butterflies;1038;34;0.009;20260603
BTS;Hooligan;1036;5;0.244;20260603
Christina Perri;A Thousand Years;1023;-693;8.3;20260603
ARASHI;Guts;1021;-104;0.014;20260603
Kimo Sounds;Rise Slow;1004;-292;0.004;20260603
Tobee;Mon Amour;1002;-102;0.05;20260603
FUNKY MONKEY BΛBY'S × いきものがかり;Kisekijanai;1002;1002;0.001;20260603
mikeeysmind;Papaoutai;989;-1323;0.903;20260603
Chill77;Papaoutai;989;-1323;0.903;20260603
Unjaps;Papaoutai;989;-1323;0.903;20260603
Lenin Ramírez;Todo Lo Fue;988;988;0.059;20260603
Ariana Grande;hate that i made you love me;23941;240;0.157;20260604
The Second Voice;LET ME BE;10710;-798;0.999;20260604
The Chemical Brothers;Go;10126;-14;0.807;20260604
Shakira;Dai Dai;9750;-382;0.213;20260604
Burna Boy;Dai Dai;9750;-382;0.213;20260604
Michael Jackson;Billie Jean;9142;15;1.145;20260604
HUGEL;Movin' To The Sun;8923;560;0.111;20260604
Imael Angel;Movin' To The Sun;8923;560;0.111;20260604
Ultra Naté;Movin' To The Sun;8923;560;0.111;20260604
HUNTR/X;Golden;7878;37;5.056;20260604
EJAE;Golden;7878;37;5.056;20260604
AUDREY NUNA;Golden;7878;37;5.056;20260604
REI AMI;Golden;7878;37;5.056;20260604
KPop Demon Hunters Cast;Golden;7878;37;5.056;20260604
Alex Warren;FEVER DREAM;7577;211;0.835;20260604
Alex Warren;Ordinary;7081;-1302;5.789;20260604
Ella Langley;Choosin' Texas;7067;-54;1.216;20260604
RAYE;WHERE IS MY HUSBAND;6971;-1892;2.705;20260604
MDB;Angels Above Me;6629;-584;0.086;20260604
Bruno Mars;I Just Might;6362;-342;1.695;20260604
aespa;LEMONADE;6134;1122;0.043;20260604
Taylor Swift;The Fate of Ophelia;6037;40;3.412;20260604
Bebe Rexha;New Religion;5932;-202;0.665;20260604
Faithless;New Religion;5932;-202;0.665;20260604
BTS;SWIM;5757;527;0.856;20260604
Ragal Ironbull;VALHALLA CALLING;5725;1138;0.303;20260604
Olivia Rodrigo;drop dead;5516;85;0.428;20260604
Jernblod;Greenland;5463;-652;0.042;20260604
Bruno Mars;Risk It All;5381;998;0.605;20260604
Benny Rivers;Step by Step in Time;5348;-1576;0.218;20260604
Dust;You Problem;5335;198;0.094;20260604
Harmony;You Problem;5335;198;0.094;20260604
Michael Jackson;Beat It;5291;-795;0.654;20260604
Teddy Swims;Mr. Know It All;5065;-95;0.281;20260604
Josh Fawaz;Like a Prayer;5031;327;0.346;20260604
Tame Impala;Dracula;5014;-1270;0.547;20260604
JENNIE;Dracula;5014;-1270;0.547;20260604
Olivia Dean;So Easy;4688;-632;1.531;20260604
Michael Jackson;Human Nature;4660;1058;0.308;20260604
Olivia Rodrigo;the cure;4591;-292;0.118;20260604
David Guetta;Run Run River;4569;2732;0.007;20260604
Alok;Run Run River;4569;2732;0.007;20260604
Stick Figure;Run Run River;4569;2732;0.007;20260604
Saxboy Billy;The Puerto Rico Song;4535;-1109;0.114;20260604
Céline Dion;Beauty and the Beast;4269;430;0.071;20260604
Peabo Bryson;Beauty and the Beast;4269;430;0.071;20260604
HUGEL;Jamaican;4239;-18;0.472;20260604
SOLTO (FR);Jamaican;4239;-18;0.472;20260604
Dara;Bangaranga;4227;-296;0.155;20260604
Peabo Bryson;If Ever You're In My Arms Again;4089;349;0.025;20260604
VELCHEVA VIBE;I call it life;3918;766;0.032;20260604
Cameron Whitcomb;Kingdom of Fear;3837;-324;0.31;20260604
Olivia Dean;Man I Need;3781;-386;2.449;20260604
STELLA LEFTY;Boston;3753;-694;0.138;20260604
DHENYS R J;All Night Long;3673;455;0.126;20260604
Peabo Bryson;A Whole New World;3612;442;0.034;20260604
Regina Belle;A Whole New World;3612;442;0.034;20260604
Harry Styles;American Girls;3434;-71;0.422;20260604
G Flip;Bed on Fire;3410;-439;0.071;20260604
The Beaches;Edge of the Earth;3322;-591;0.084;20260604
Justin Bieber;Beauty and a Beat;3144;-631;2.522;20260604
Eddie Dalton;Somewhere Along The Way;3121;622;0.233;20260604
Harry Styles;Sign of the Times;3088;59;4.887;20260604
Taylor Swift;Opalite;3043;-793;1.863;20260604
Tame Impala;Dracula;3029;-263;0.407;20260604
Lady Gaga;Die With A Smile;3026;782;7.49;20260604
Bruno Mars;Die With A Smile;3026;782;7.49;20260604
Michael Jackson;Thriller;3013;270;1.085;20260604
Jernblod;Shieldmaiden;2897;2199;0.004;20260604
sombr;Homewrecker;2882;-853;0.422;20260604
Sam Fender;Rein Me In;2828;-540;0.637;20260604
Olivia Dean;Rein Me In;2828;-540;0.637;20260604
Elton John;The Bitch Is Back;2774;-29;0.054;20260604
Michael Jackson;Smooth Criminal;2764;-90;0.449;20260604
SIENNA SPIRO;Material Lover;2608;85;0.048;20260604
Alex Warren;FINE PLACE TO DIE;2571;2571;0.047;20260604
Teddy Swims;Lose Control;2568;638;7.401;20260604
Forrest Frank;OKAY;2536;1021;0.051;20260604
Zara Larsson;Lush Life;2521;-578;2.783;20260604
Ac/Dc;Thunderstruck;2469;-393;4.124;20260604
Slayyyter;DANCE...;2458;-613;0.027;20260604
Drake;Janice STFU;2456;261;0.065;20260604
Ella Langley;Be Her;2432;87;0.373;20260604
The Rolling Stones;In The Stars;2403;1229;0.133;20260604
Sara Bareilles;Home;2316;2316;0.002;20260604
ANOTR;Talk To You;2303;-210;0.235;20260604
Stick Figure;Angels Above Me;2285;-83;0.202;20260604
The Goo Goo Dolls;Iris;2257;237;1.997;20260604
Kimo Sounds;Rise Slow;2240;1236;0.006;20260604
LE SSERAFIM;BOOMPALA;2214;29;0.063;20260604
Sara Bareilles;Salt Then Sour Then Sweet;2177;2177;0.006;20260604
Shaboozey;A Bar Song;2123;-587;4.847;20260604
The Bausa;Magnetic;2110;-200;0.137;20260604
MAMAMOO;4 Flowers;2083;2083;0.002;20260604
Ella Langley;I Can't Love You Anymore;2066;-509;0.136;20260604
Morgan Wallen;I Can't Love You Anymore;2066;-509;0.136;20260604
Ella Bright;Baby Now That I Found You;2052;-568;0.073;20260604
Helene Fischer;Heute Nacht;2050;-357;0.024;20260604
Europe;The Cult of Ignorance;2041;-3424;0.008;20260604
IngaRose;Celebrate Me;2040;171;0.417;20260604
嵐;Five;2038;2038;0.005;20260604
Peabo Bryson;Tonight I Celebrate My Love;2032;-666;0.005;20260604
Roberta Flack;Tonight I Celebrate My Love;2032;-666;0.005;20260604
TREASURE;IF I;1996;-250;0.009;20260604
Bad Bunny;NUEVAYoL;1968;-298;0.904;20260604
DJ.ILHAM;DIGIDI DIGIDI;1962;-1524;0.082;20260604
Billie Eilish;BIRDS OF A FEATHER;1950;-132;5.928;20260604
Disney;Zoo;1940;124;0.567;20260604
Shakira;Zoo;1940;124;0.567;20260604
Jernblod;Valkyria Calling;1937;-312;0.012;20260604
Djo;End of Beginning;1929;-889;1.914;20260604
DJ Chris Bernard;Die Engel Singen;1910;488;0.028;20260604
Zara Larsson;Midnight Sun;1897;-394;0.226;20260604
DMA'S;Hurracane;1893;1893;0.002;20260604
Muse;Nightshift Superstar;1868;1868;0.002;20260604
sombr;12 to 12;1862;-21;1.153;20260604
Nash Blackwood;Love Me At My Lowest;1830;-319;0.032;20260604
Keith Urban;Magnet And Steel;1810;1810;0.002;20260604
ILLIT;It's Me;1795;721;0.071;20260604
Deine Cousine;Scheiß auf Ironie;1780;655;0.003;20260604
Ella Langley;you look like you love me;1754;535;1.249;20260604
Riley Green;you look like you love me;1754;535;1.249;20260604
Draugr Balled;North wind calls;1751;-927;0.1;20260604
B'z;完全無欠;1720;152;0.008;20260604
TeddyBear;Chaussures Roses;1628;1390;0.002;20260604
Lola Young;Messy;1616;346;4.137;20260604
Peabo Bryson;Can You Stop the Rain;1607;-142;0.003;20260604
SUPER EIGHT;Damdarah;1597;472;0.006;20260604
Bad Bunny;DtMF;1576;-693;1.107;20260604
Evanescence;Who Will You Follow;1556;-1102;0.123;20260604
sakanaction;Yoru No Odoriko;1508;-23;0.069;20260604
Mylène Farmer;C'est à qui le tour;1485;-86;0.018;20260604
YUZU;New Beginning;1479;29;0.003;20260604
Kygo;Save My Love;1478;-577;0.091;20260604
Khalid;Save My Love;1478;-577;0.091;20260604
Gryffin;Save My Love;1478;-577;0.091;20260604
Paul McCartney;Days We Left Behind;1459;-166;0.13;20260604
Justen de Wildt;Cheerio;1453;-13;0.079;20260604
Evanescence;Afterlife;1452;198;0.108;20260604
JI BLUE;KESHIKI;1450;-58;0.008;20260604
JO1;KESHIKI;1450;-58;0.008;20260604
INI;KESHIKI;1450;-58;0.008;20260604
CortexUS;Not Broken;1449;240;0.06;20260604
Eikichi Yazawa;BORDER;1422;0;0.003;20260604
Justin Bieber;DAISIES;1411;-1440;1.019;20260604
Jernblod;Father, Beyond Valhalla;1409;3;0.008;20260604
Dave;Raindance;1402;545;0.368;20260604
Tems;Raindance;1402;545;0.368;20260604
Myles Smith;Stay;1400;141;0.341;20260604
ARASHI;Happiness;1395;0;0.037;20260604
Lady Gaga;Runway;1373;-151;0.398;20260604
Doechii;Runway;1373;-151;0.398;20260604
Mew Suppasit;Entropy;1368;1368;0.001;20260604
ARASHI;Monster;1368;53;0.025;20260604
VYRA~Nova;Always You;1362;1228;0.006;20260604
-真天地開闢集団-ジグザグ;SonoAide;1341;-197;0.003;20260604
ARASHI;感謝カンゲキ雨嵐;1315;50;0.015;20260604
Temper City;Self Aware;1310;620;0.041;20260604
LINKIN PARK;The Emptiness Machine;1297;839;1.826;20260604
Aitana;SUPERESTRELLA;1296;-73;0.259;20260604
K3;De zomer van Oya Lélé;1295;35;0.003;20260604
ARASHI;Love so Sweet;1290;-133;0.046;20260604
Bad Bunny;BAILE INoLVIDABLE;1287;158;0.509;20260604
Luke Combs;Be By You;1287;-88;0.24;20260604
Nash Blackwood;I Would Say Yes To You;1282;115;0.047;20260604
The Killers;Mr. Brightside;1281;-211;1.719;20260604
Michael Jackson;Man In the Mirror;1279;401;0.247;20260604
Ae! Group;DEKOBOKO LIFE;1265;-76;0.013;20260604
Coldplay;Viva la Vida;1261;296;7.001;20260604
Jennifer Lopez;On the Floor;1254;-216;5.885;20260604
Bruno Mars;Count On Me;1248;-37;1.913;20260604
Electric Callboy;Let The Good Times Roll;1241;1241;0.001;20260604
M!LK;Sukisugite METSU;1241;48;0.273;20260604
Ricchi;Sarà perché ti amo;1226;294;1.573;20260604
Poveri;Sarà perché ti amo;1226;294;1.573;20260604
Fleetwood Mac;Dreams;1217;-364;1.542;20260604
ARASHI;One Love;1217;-82;0.04;20260604
Drake;NOKIA;1208;-563;1.873;20260604
Bleu Soleil;Soleil Bleu;1205;704;0.646;20260604
LUIZA;Soleil Bleu;1205;704;0.646;20260604
Adam Lambert;UNDER THE RHYTHM;1202;1202;0.001;20260604
ARASHI;マイガール;1193;-24;0.01;20260604
ROSÉ;APT.;1189;13;6.409;20260604
Bruno Mars;APT.;1189;13;6.409;20260604
Survivor;Eye of the Tiger;1184;29;2.47;20260604
Dexter and The Moonrocks;Freakin’ Out;1178;-177;0.061;20260604
JO1;KESHIKI;1170;-198;0.003;20260604
Zeroworry Music;Better Than Revenge;1168;475;0.02;20260604
VAUNDY;fly away;1148;-1;0.062;20260604
Noah Kahan;The Great Divide;1146;440;0.232;20260604
The xx;Intro;1143;881;0.933;20260604
Benson Boone;Beautiful Things;1136;-687;7.233;20260604
ARASHI;truth;1125;21;0.017;20260604
Michael Jackson;They Don't Care About Us;1123;-134;0.315;20260604
Neil Diamond;Sweet Caroline;1121;-85;1.436;20260604
Dermot Kennedy;Funeral;1111;-1094;0.218;20260604
TLE MATIMUN;กลิ่นฝน;1108;-280;0.002;20260604
FirstOne;กลิ่นฝน;1108;-280;0.002;20260604
ARASHI;カイト;1104;-44;0.052;20260604
SIENNA SPIRO;Die On This Hill;1094;-550;0.663;20260604
COSMÓ;TANZSCHEIN;1090;2;0.092;20260604
ARASHI;A・RA・SHI;1083;42;0.022;20260604
Nash Blackwood;We Don't Need To Be Perfect;1080;280;0.015;20260604
Gala;Freed from Desire;1074;546;0.843;20260604
Becky Hill;More More More;1066;4;0.009;20260604
ARASHI;Løve Rainbow;1062;0;0.005;20260604
Shota Watanabe;360m;1041;-129;0.006;20260604
Ryohei Abe;360m;1041;-129;0.006;20260604
Ren Meguro;360m;1041;-129;0.006;20260604
ROLE MODEL;High Hopes 3000;1041;1041;0.001;20260604
DJ Goja;Mi Chico;1027;124;0.015;20260604
M!LK;Bakuretsu Aishiteru;1021;57;0.146;20260604
Harry Styles;Aperture;1012;403;0.609;20260604
I.O.I;Suddenly;1007;-136;0.024;20260604
ARASHI;Guts;1002;-19;0.015;20260604
Anirudh Ravichander;Raga of Revenge;999;-129;0.023;20260604
Drake;Shabang;986;293;0.025;20260604
ARASHI;迷宮ラブソング;983;91;0.012;20260604
Die Toten Hosen;Die Show muss weitergehen;975;572;0.089;20260604
Marc Eggers;Mon Amour;964;-140;0.042;20260604
Aditotoro;Mon Amour;964;-140;0.042;20260604
Paul Frege;Mon Amour;964;-140;0.042;20260604
Sia;Unstoppable;963;-1259;7.621;20260604
XXXTENTACION;Moonlight;963;-83;0.76;20260604
FRIDA GOLD;Raus an Dich;956;-289;0.002;20260604
Christina Perri;A Thousand Years;953;-70;8.301;20260604
Nathan Evans;Home;945;-96;0.045;20260604
SAINT PHNX;Home;945;-96;0.045;20260604
米津玄師;IRIS OUT;945;945;0.11;20260604
Daou Pittaya;ช้าช้า;944;944;0.001;20260604
Elevation Worship;God I'm Just Grateful;942;100;0.088;20260604
Chandler Moore;God I'm Just Grateful;942;100;0.088;20260604
Deep Purple;Diablo;941;941;0.001;20260604
Die Toten Hosen;Ich liebe das Leben;929;164;0.009;20260604
Vicky Leandros;Ich liebe das Leben;929;164;0.009;20260604
ARASHI;果てない空;927;-56;0.014;20260604
シャキーラ;Zoo;926;926;0.042;20260604
Sal da Vinci;Per sempre sì;921;-577;0.241;20260604
Taylor Swift;I Knew It, I Knew You;24031;24031;0.024;20260605
Madonna;Love Sensation;21479;21479;0.021;20260605
Ariana Grande;hate that i made you love me;20500;-3441;0.177;20260605
Muse;Nightshift Superstar;16361;14493;0.018;20260605
HUGEL;Movin' To The Sun;9699;776;0.121;20260605
Imael Angel;Movin' To The Sun;9699;776;0.121;20260605
Ultra Naté;Movin' To The Sun;9699;776;0.121;20260605
Shakira;Dai Dai;9286;-464;0.223;20260605
Burna Boy;Dai Dai;9286;-464;0.223;20260605
The Second Voice;LET ME BE;9156;-1554;1.008;20260605
Alex Warren;FEVER DREAM;9041;1464;0.844;20260605
The Chemical Brothers;Go;8789;-1337;0.816;20260605
David Guetta;Run Run River;8281;3712;0.015;20260605
Alok;Run Run River;8281;3712;0.015;20260605
Stick Figure;Run Run River;8281;3712;0.015;20260605
Michael Jackson;Billie Jean;7972;-1170;1.153;20260605
HUNTR/X;Golden;7919;41;5.064;20260605
EJAE;Golden;7919;41;5.064;20260605
AUDREY NUNA;Golden;7919;41;5.064;20260605
REI AMI;Golden;7919;41;5.064;20260605
KPop Demon Hunters Cast;Golden;7919;41;5.064;20260605
RAYE;WHERE IS MY HUSBAND;7787;816;2.713;20260605
Alex Warren;PASSENGER;7292;7292;0.007;20260605
Electric Callboy;Let The Good Times Roll;7175;5934;0.008;20260605
Deep Purple;Diablo;7022;6081;0.008;20260605
Alex Warren;Ordinary;6871;-210;5.796;20260605
Bebe Rexha;New Religion;6366;434;0.672;20260605
Faithless;New Religion;6366;434;0.672;20260605
Bruno Mars;I Just Might;6339;-23;1.701;20260605
Ella Langley;Choosin' Texas;6219;-848;1.222;20260605
Shaboozey;Cowgirl;6061;6061;0.006;20260605
Taylor Swift;The Fate of Ophelia;5874;-163;3.418;20260605
MDB;Angels Above Me;5657;-972;0.092;20260605
Madonna;Bring Your Love;5605;5409;0.191;20260605
Sabrina Carpenter;Bring Your Love;5605;5409;0.191;20260605
Michael Jackson;Beat It;5588;297;0.659;20260605
aespa;LEMONADE;5563;-571;0.048;20260605
Olivia Dean;Man I Need;5389;1608;2.454;20260605
Olivia Rodrigo;drop dead;5355;-161;0.434;20260605
BTS;SWIM;5295;-462;0.862;20260605
Benny Rivers;Step by Step in Time;5253;-95;0.223;20260605
Tame Impala;Dracula;5182;168;0.552;20260605
JENNIE;Dracula;5182;168;0.552;20260605
Teddy Swims;Mr. Know It All;5069;4;0.286;20260605
Olivia Dean;So Easy;4902;214;1.536;20260605
HUGEL;Jamaican;4879;640;0.477;20260605
SOLTO (FR);Jamaican;4879;640;0.477;20260605
Josh Fawaz;Like a Prayer;4804;-227;0.351;20260605
Dust;You Problem;4605;-730;0.098;20260605
Harmony;You Problem;4605;-730;0.098;20260605
Madonna;I Feel So Free;4581;4360;0.225;20260605
Bruno Mars;Risk It All;4486;-895;0.609;20260605
Keith Urban;Magnet And Steel;4394;2584;0.006;20260605
Justin Bieber;Beauty and a Beat;4240;1096;2.526;20260605
Jernblod;Greenland;4181;-1282;0.046;20260605
Michael Jackson;Human Nature;4158;-502;0.312;20260605
A*Teens;You Got The Look;4035;4035;0.004;20260605
Saxboy Billy;The Puerto Rico Song;3974;-561;0.118;20260605
Harry Styles;American Girls;3783;349;0.425;20260605
Lainey Wilson;Phone, Keys, Wallet;3775;3775;0.004;20260605
John Mayer;Phone, Keys, Wallet;3775;3775;0.004;20260605
STELLA LEFTY;Boston;3589;-164;0.142;20260605
The Beaches;Edge of the Earth;3561;239;0.088;20260605
Dara;Bangaranga;3553;-674;0.159;20260605
sombr;Homewrecker;3524;642;0.425;20260605
Sam Fender;Rein Me In;3490;662;0.641;20260605
Olivia Dean;Rein Me In;3490;662;0.641;20260605
Adam Lambert;UNDER THE RHYTHM;3485;2283;0.005;20260605
G Flip;Bed on Fire;3409;-1;0.074;20260605
MAMAMOO;4 Flowers;3361;1278;0.005;20260605
DHENYS R J;All Night Long;3325;-348;0.129;20260605
VELCHEVA VIBE;I call it life;3294;-624;0.035;20260605
Prince;Stone;3160;2755;0.004;20260605
DJ.ILHAM;DIGIDI DIGIDI;3097;1135;0.085;20260605
Cameron Whitcomb;Kingdom of Fear;3090;-747;0.313;20260605
Olivia Rodrigo;the cure;3079;-1512;0.121;20260605
Zara Larsson;Lush Life;3038;517;2.786;20260605
Peabo Bryson;If Ever You're In My Arms Again;3010;-1079;0.028;20260605
Drake;Janice STFU;2987;531;0.068;20260605
Taylor Swift;Opalite;2959;-84;1.865;20260605
LE SSERAFIM;BOOMPALA;2931;717;0.066;20260605
Alex Warren;FINE PLACE TO DIE;2885;314;0.05;20260605
Eddie Dalton;Somewhere Along The Way;2868;-253;0.236;20260605
Ella Langley;I Can't Love You Anymore;2855;789;0.139;20260605
Morgan Wallen;I Can't Love You Anymore;2855;789;0.139;20260605
Forrest Frank;OKAY;2766;230;0.053;20260605
Tame Impala;Dracula;2754;-275;0.41;20260605
Michael Jackson;Thriller;2739;-274;1.087;20260605
Ellie Goulding;Black Prada Dress;2718;2718;0.003;20260605
Elton John;The Bitch Is Back;2684;-90;0.057;20260605
Lady Gaga;Die With A Smile;2675;-351;7.492;20260605
Bruno Mars;Die With A Smile;2675;-351;7.492;20260605
Ella Langley;Be Her;2603;171;0.376;20260605
SIENNA SPIRO;Material Lover;2601;-7;0.051;20260605
Bad Bunny;NUEVAYoL;2598;630;0.906;20260605
Kimo Sounds;Rise Slow;2508;268;0.008;20260605
ANOTR;Talk To You;2435;132;0.237;20260605
Slayyyter;DANCE...;2356;-102;0.029;20260605
Ella Bright;Baby Now That I Found You;2345;293;0.075;20260605
ILLIT;It's Me;2324;529;0.074;20260605
Placebo;Nancy Boy;2304;1986;0.003;20260605
Harry Styles;Sign of the Times;2265;-823;4.889;20260605
MAMAMOO;Blooming;2265;2111;0.002;20260605
Michael Jackson;Smooth Criminal;2193;-571;0.451;20260605
Peabo Bryson;A Whole New World;2182;-1430;0.037;20260605
Regina Belle;A Whole New World;2182;-1430;0.037;20260605
The Bausa;Magnetic;2095;-15;0.139;20260605
Justin Bieber;DAISIES;2076;665;1.021;20260605
The Goo Goo Dolls;Iris;2059;-198;1.999;20260605
Ambre;j'me demande;2041;2041;0.002;20260605
Shaboozey;A Bar Song;2041;-82;4.849;20260605
Jernblod;Shieldmaiden;2030;-867;0.006;20260605
Ella Langley;you look like you love me;1987;233;1.251;20260605
Riley Green;you look like you love me;1987;233;1.251;20260605
Nash Blackwood;Love Me At My Lowest;1940;110;0.034;20260605
Ella Bright;Girl That I Am;1936;1685;0.035;20260605
IngaRose;Celebrate Me;1935;-105;0.419;20260605
Billie Eilish;BIRDS OF A FEATHER;1909;-41;5.93;20260605
ARASHI;Five;1884;1884;0.14;20260605
Evanescence;Who Will You Follow;1871;315;0.125;20260605
sombr;12 to 12;1848;-14;1.155;20260605
Alesso;In Your Eyes;1818;1818;0.002;20260605
OneRepublic;In Your Eyes;1818;1818;0.002;20260605
Céline Dion;Beauty and the Beast;1818;-2451;0.073;20260605
Peabo Bryson;Beauty and the Beast;1818;-2451;0.073;20260605
Harry Styles;Aperture;1780;768;0.611;20260605
Zhang Zi Ning;A Heartbeat's Turn;1734;1302;0.024;20260605
Rex;A Heartbeat's Turn;1734;1302;0.024;20260605
VYRA~Nova;Always You;1729;367;0.008;20260605
TREASURE;IF I;1728;-268;0.011;20260605
Stick Figure;Angels Above Me;1726;-559;0.204;20260605
Deine Cousine;Scheiß auf Ironie;1722;-58;0.005;20260605
Helene Fischer;Heute Nacht;1709;-341;0.025;20260605
Lee Brice;What You Know About That;1638;1638;0.002;20260605
Jennifer Lopez;On the Floor;1622;368;5.887;20260605
Benson Boone;Beautiful Things;1619;483;7.235;20260605
Prince;With This Tear;1573;1393;0.024;20260605
B'z;完全無欠;1568;-152;0.01;20260605
Zara Larsson;Midnight Sun;1568;-329;0.227;20260605
Charlotte Cardin;Take Me Back;1563;1563;0.002;20260605
sakanaction;Yoru No Odoriko;1538;30;0.071;20260605
Kygo;Save My Love;1512;34;0.093;20260605
Khalid;Save My Love;1512;34;0.093;20260605
Gryffin;Save My Love;1512;34;0.093;20260605
嵐;Happiness;1509;1509;0.069;20260605
YUZU;New Beginning;1508;29;0.004;20260605
Phantom Siita;Horror Queen;1498;1498;0.001;20260605
Eikichi Yazawa;BORDER;1479;57;0.004;20260605
Sia;Unstoppable;1469;506;7.623;20260605
The Rolling Stones;In The Stars;1469;-934;0.134;20260605
DJ Chris Bernard;Die Engel Singen;1468;-442;0.03;20260605
ZWIRN;A blöde Gschicht;1450;1450;0.001;20260605
Bad Bunny;BAILE INoLVIDABLE;1433;146;0.51;20260605
ARASHI;Monster;1422;54;0.026;20260605
Calen Ward;Nothing Can Break Me Anymore;1417;1417;0.001;20260605
Djo;End of Beginning;1417;-512;1.916;20260605
Jernblod;Valkyria Calling;1409;-528;0.013;20260605
ARASHI;Love so Sweet;1406;116;0.047;20260605
Drake;NOKIA;1406;198;1.874;20260605
Teddy Swims;Lose Control;1403;-1165;7.403;20260605
Justen de Wildt;Cheerio;1397;-56;0.08;20260605
M!LK;Sukisugite METSU;1395;154;0.274;20260605
Sal da Vinci;Per sempre sì;1391;470;0.243;20260605
Jernblod;Father, Beyond Valhalla;1372;-37;0.01;20260605
Michael Jackson;Man In the Mirror;1372;93;0.248;20260605
JI BLUE;KESHIKI;1368;-82;0.009;20260605
JO1;KESHIKI;1368;-82;0.009;20260605
INI;KESHIKI;1368;-82;0.009;20260605
Peabo Bryson;Can You Stop the Rain;1351;-256;0.005;20260605
SUPER EIGHT;Damdarah;1341;-256;0.008;20260605
Afroplugs;Melissa I'M Drunk And Outside;1340;521;0.015;20260605
Dave;Raindance;1335;-67;0.37;20260605
Tems;Raindance;1335;-67;0.37;20260605
Keith Urban;We Go Back;1326;482;0.025;20260605
Michael Jackson;Don't Stop 'Til You Get Enough;1313;399;0.254;20260605
MEDUZA;Silence;1299;1299;0.001;20260605
RANI;Silence;1299;1299;0.001;20260605
ARASHI;感謝カンゲキ雨嵐;1290;-25;0.016;20260605
ARASHI;One Love;1285;68;0.041;20260605
Aitana;SUPERESTRELLA;1274;-22;0.26;20260605
Daniel Pemberton;Eternia;1270;483;0.002;20260605
Brian May;Eternia;1270;483;0.002;20260605
Zeroworry Music;Better Than Revenge;1265;97;0.021;20260605
VAUNDY;fly away;1265;117;0.063;20260605
Bad Bunny;DtMF;1245;-331;1.108;20260605
K3;De zomer van Oya Lélé;1232;-63;0.004;20260605
Merk;PARTENOPE;1227;1227;0.001;20260605
Kremont;PARTENOPE;1227;1227;0.001;20260605
米津玄師;IRIS OUT;1219;274;0.111;20260605
mikeeysmind;Papaoutai;1216;334;0.905;20260605
Chill77;Papaoutai;1216;334;0.905;20260605
Unjaps;Papaoutai;1216;334;0.905;20260605
Peabo Bryson;Tonight I Celebrate My Love;1216;-816;0.006;20260605
Roberta Flack;Tonight I Celebrate My Love;1216;-816;0.006;20260605
Sara Bareilles;Home;1211;-1105;0.004;20260605
Draugr Beatz;Fijord Moonlight;1211;528;0.009;20260605
DMA'S;Hurracane;1210;-683;0.003;20260605
M!LK;Bakuretsu Aishiteru;1193;172;0.147;20260605
SIENNA SPIRO;Die On This Hill;1184;90;0.664;20260605
ARASHI;truth;1170;45;0.018;20260605
Robert van Hemert;Zandloopster;1166;1166;0.001;20260605
Luk3;MELODRAMMATICA;1155;1155;0.001;20260605
Cristina Lora;MELODRAMMATICA;1155;1155;0.001;20260605
ARASHI;カイト;1148;44;0.053;20260605
LISA;Goals;1146;548;0.036;20260605
Anitta;Goals;1146;548;0.036;20260605
Rema;Goals;1146;548;0.036;20260605
FIFA Sound;Goals;1146;548;0.036;20260605
Evanescence;Afterlife;1144;-308;0.109;20260605
BABYMONSTER;CHOOM;1144;530;0.081;20260605
Ricchi;Sarà perché ti amo;1121;-105;1.574;20260605
Poveri;Sarà perché ti amo;1121;-105;1.574;20260605
ARASHI;Guts;1104;102;0.017;20260605
Boney M.;Rasputin;1103;401;0.528;20260605
East Duo;Chubina;1103;991;0.372;20260605
The Cranberries;Dreams;1102;910;0.934;20260605
Tobee;Mon Amour;1098;318;0.052;20260605
Luke Combs;Be By You;1093;-194;0.241;20260605
ARASHI;マイガール;1083;-110;0.011;20260605
Drake;Shabang;1080;94;0.026;20260605
Evanescence;Bring Me to Life;1069;578;1.641;20260605
COSMÓ;TANZSCHEIN;1067;-23;0.093;20260605
TeddyBear;Chaussures Roses;1062;-566;0.003;20260605
Thiago Navarro Music;Quédate con lo sencillo;1059;335;0.043;20260605
ROLE MODEL;High Hopes 3000;1055;14;0.002;20260605
Ac/Dc;Thunderstruck;1054;-1415;4.125;20260605
Christina Perri;A Thousand Years;1050;97;8.302;20260605
Disney;Zoo;1049;-891;0.568;20260605
Shakira;Zoo;1049;-891;0.568;20260605
Ae! Group;DEKOBOKO LIFE;1041;-224;0.014;20260605
Noah Kahan;The Great Divide;1027;-119;0.233;20260605
LINKIN PARK;The Emptiness Machine;1027;-270;1.827;20260605
ROSÉ;APT.;1008;-181;6.41;20260605
Bruno Mars;APT.;1008;-181;6.41;20260605
Mrs. GREEN APPLE;Wind and Town;1002;127;0.071;20260605
FLO;Don’t Break Her Heart;983;983;0.001;20260605
ARASHI;A・RA・SHI;983;-100;0.023;20260605
KAROL G;Si Antes Te Hubiera Conocido;981;126;1.881;20260605
Anirudh Ravichander;Raga of Revenge;976;-23;0.024;20260605
The Kid LAROI;GIRLS;969;399;0.114;20260605
Sara Bareilles;Salt Then Sour Then Sweet;969;-1208;0.007;20260605
Taylor Swift;I Knew It, I Knew You;23264;-767;0.047;20260606
Madonna;Love Sensation;19256;-2223;0.041;20260606
Ariana Grande;hate that i made you love me;17572;-2928;0.195;20260606
Muse;Nightshift Superstar;11750;-4611;0.03;20260606
The Second Voice;LET ME BE;11577;2421;1.019;20260606
The Chemical Brothers;Go;10546;1757;0.826;20260606
Shakira;Dai Dai;9901;615;0.233;20260606
Burna Boy;Dai Dai;9901;615;0.233;20260606
Alex Warren;FEVER DREAM;9425;384;0.853;20260606
HUGEL;Movin' To The Sun;9299;-400;0.13;20260606
Imael Angel;Movin' To The Sun;9299;-400;0.13;20260606
Ultra Naté;Movin' To The Sun;9299;-400;0.13;20260606
RAYE;WHERE IS MY HUSBAND;9092;1305;2.722;20260606
David Guetta;Run Run River;8552;271;0.023;20260606
Alok;Run Run River;8552;271;0.023;20260606
Stick Figure;Run Run River;8552;271;0.023;20260606
Michael Jackson;Billie Jean;8220;248;1.161;20260606
HUNTR/X;Golden;7134;-785;5.071;20260606
EJAE;Golden;7134;-785;5.071;20260606
AUDREY NUNA;Golden;7134;-785;5.071;20260606
REI AMI;Golden;7134;-785;5.071;20260606
KPop Demon Hunters Cast;Golden;7134;-785;5.071;20260606
Ella Langley;Choosin' Texas;6842;623;1.229;20260606
BTS;SWIM;6753;1458;0.869;20260606
Alex Warren;Ordinary;6721;-150;5.803;20260606
Taylor Swift;The Fate of Ophelia;6610;736;3.425;20260606
Bebe Rexha;New Religion;6374;8;0.678;20260606
Faithless;New Religion;6374;8;0.678;20260606
Bruno Mars;I Just Might;6342;3;1.707;20260606
Olivia Dean;So Easy;6220;1318;1.542;20260606
MDB;Angels Above Me;6192;535;0.098;20260606
Alex Warren;PASSENGER;6119;-1173;0.013;20260606
Michael Jackson;Beat It;5890;302;0.665;20260606
Tame Impala;Dracula;5851;669;0.558;20260606
JENNIE;Dracula;5851;669;0.558;20260606
Olivia Dean;Man I Need;5738;349;2.46;20260606
Electric Callboy;Let The Good Times Roll;5656;-1519;0.014;20260606
Teddy Swims;Mr. Know It All;5534;465;0.292;20260606
Justin Bieber;Beauty and a Beat;5523;1283;2.532;20260606
Shaboozey;Cowgirl;5429;-632;0.011;20260606
Olivia Rodrigo;drop dead;5276;-79;0.439;20260606
Michael Jackson;Human Nature;5082;924;0.317;20260606
Cameron Whitcomb;Kingdom of Fear;5030;1940;0.318;20260606
Josh Fawaz;Like a Prayer;4995;191;0.356;20260606
Dust;You Problem;4919;314;0.103;20260606
Harmony;You Problem;4919;314;0.103;20260606
HUGEL;Jamaican;4850;-29;0.481;20260606
SOLTO (FR);Jamaican;4850;-29;0.481;20260606
Benny Rivers;Step by Step in Time;4756;-497;0.228;20260606
Madonna;Bring Your Love;4474;-1131;0.195;20260606
Sabrina Carpenter;Bring Your Love;4474;-1131;0.195;20260606
Saxboy Billy;The Puerto Rico Song;4307;333;0.122;20260606
aespa;LEMONADE;4222;-1341;0.053;20260606
Jernblod;Greenland;4185;4;0.05;20260606
STELLA LEFTY;Boston;4170;581;0.146;20260606
VELCHEVA VIBE;I call it life;4037;743;0.039;20260606
Bruno Mars;Risk It All;3895;-591;0.613;20260606
Taylor Swift;Opalite;3556;597;1.869;20260606
Sam Fender;Rein Me In;3514;24;0.644;20260606
Olivia Dean;Rein Me In;3514;24;0.644;20260606
Keith Urban;Magnet And Steel;3503;-891;0.01;20260606
ANOTR;Talk To You;3484;1049;0.241;20260606
Madonna;I Feel So Free;3443;-1138;0.228;20260606
G Flip;Bed on Fire;3382;-27;0.077;20260606
LE SSERAFIM;BOOMPALA;3381;450;0.069;20260606
Olivia Rodrigo;the cure;3361;282;0.124;20260606
Forrest Frank;OKAY;3174;408;0.056;20260606
Tame Impala;Dracula;3108;354;0.413;20260606
Harry Styles;American Girls;3056;-727;0.428;20260606
Zara Larsson;Lush Life;3040;2;2.789;20260606
Dara;Bangaranga;3036;-517;0.162;20260606
Michael Jackson;Thriller;3012;273;1.09;20260606
Lainey Wilson;Phone, Keys, Wallet;2972;-803;0.007;20260606
John Mayer;Phone, Keys, Wallet;2972;-803;0.007;20260606
The Bausa;Magnetic;2870;775;0.142;20260606
Deep Purple;Diablo;2769;-4253;0.011;20260606
sombr;Homewrecker;2756;-768;0.428;20260606
Evanescence;Who Will You Follow;2748;877;0.127;20260606
Ella Langley;Be Her;2729;126;0.379;20260606
Harry Styles;Sign of the Times;2727;462;4.892;20260606
Drake;Janice STFU;2695;-292;0.071;20260606
MAMAMOO;4 Flowers;2693;-668;0.008;20260606
Adam Lambert;UNDER THE RHYTHM;2625;-860;0.007;20260606
Slayyyter;DANCE...;2613;257;0.032;20260606
Shaboozey;A Bar Song;2603;562;4.851;20260606
Bad Bunny;NUEVAYoL;2461;-137;0.909;20260606
The Goo Goo Dolls;Iris;2431;372;2.002;20260606
Kimo Sounds;Rise Slow;2429;-79;0.011;20260606
IngaRose;Celebrate Me;2376;441;0.422;20260606
Michael Jackson;Smooth Criminal;2371;178;0.454;20260606
Ella Langley;I Can't Love You Anymore;2321;-534;0.142;20260606
Morgan Wallen;I Can't Love You Anymore;2321;-534;0.142;20260606
Daniel Pemberton;Eternia;2292;1022;0.004;20260606
Brian May;Eternia;2292;1022;0.004;20260606
BTS;Hooligan;2285;1500;0.248;20260606
Michael Jackson;Don't Stop 'Til You Get Enough;2268;955;0.256;20260606
Jernblod;Shieldmaiden;2261;231;0.008;20260606
Alex Warren;FINE PLACE TO DIE;2241;-644;0.052;20260606
Laga;RAISE THE BANNER;2195;1233;0.004;20260606
Ella Langley;you look like you love me;2186;199;1.253;20260606
Riley Green;you look like you love me;2186;199;1.253;20260606
DHENYS R J;All Night Long;2165;-1160;0.131;20260606
KAROL G;Si Antes Te Hubiera Conocido;2160;1179;1.884;20260606
Nash Blackwood;Love Me At My Lowest;2147;207;0.036;20260606
The Beaches;Edge of the Earth;2138;-1423;0.09;20260606
A*Teens;You Got The Look;2136;-1899;0.006;20260606
SIENNA SPIRO;Material Lover;2099;-502;0.053;20260606
Eddie Dalton;Somewhere Along The Way;2083;-785;0.238;20260606
Ella Bright;Baby Now That I Found You;2040;-305;0.077;20260606
Djo;End of Beginning;1905;488;1.918;20260606
ARASHI;Five;1904;20;0.142;20260606
DJ.ILHAM;DIGIDI DIGIDI;1903;-1194;0.087;20260606
Myles Smith;Stargazing;1885;1449;2.599;20260606
Helene Fischer;Heute Nacht;1885;176;0.027;20260606
Bad Bunny;DtMF;1870;625;1.11;20260606
Ambre;j'me demande;1856;-185;0.004;20260606
Zara Larsson;Midnight Sun;1766;198;0.229;20260606
Merk;PARTENOPE;1742;515;0.003;20260606
Kremont;PARTENOPE;1742;515;0.003;20260606
Billie Eilish;BIRDS OF A FEATHER;1673;-236;5.932;20260606
ILLIT;It's Me;1617;-707;0.075;20260606
BOWKYLION;สัมผัสรัก;1606;1606;0.002;20260606
Ricchi;Sarà perché ti amo;1600;479;1.576;20260606
Poveri;Sarà perché ti amo;1600;479;1.576;20260606
The Killers;Mr. Brightside;1595;692;1.722;20260606
Prospa;Free Your Mind;1574;1174;0.031;20260606
Cloonee;Free Your Mind;1574;1174;0.031;20260606
YUZU;New Beginning;1568;60;0.006;20260606
VYRA~Nova;Always You;1566;-163;0.009;20260606
SUPER EIGHT;Damdarah;1562;221;0.009;20260606
Steve Aoki;Azukita;1559;1559;0.174;20260606
Daddy Yankee;Azukita;1559;1559;0.174;20260606
Play-N-Skillz;Azukita;1559;1559;0.174;20260606
Elvis Crespo;Azukita;1559;1559;0.174;20260606
ARASHI;Happiness;1558;1558;0.038;20260606
Ragal Ironbull;VALHALLA CALLING;1551;982;0.306;20260606
Disney;Zoo;1549;500;0.569;20260606
Shakira;Zoo;1549;500;0.569;20260606
Justin Bieber;DAISIES;1548;-528;1.022;20260606
sakanaction;Yoru No Odoriko;1538;0;0.072;20260606
Benson Boone;Beautiful Things;1532;-87;7.236;20260606
ARASHI;Monster;1526;104;0.028;20260606
Justen de Wildt;Cheerio;1524;127;0.082;20260606
Jernblod;Father, Beyond Valhalla;1511;139;0.011;20260606
Sia;Unstoppable;1509;40;7.624;20260606
B'z;完全無欠;1508;-60;0.011;20260606
Elton John;The Bitch Is Back;1500;-1184;0.058;20260606
ARASHI;Love so Sweet;1496;90;0.049;20260606
Charlotte Cardin;Take Me Back;1487;-76;0.003;20260606
Sal da Vinci;Per sempre sì;1480;89;0.244;20260606
Temper City;Self Aware;1479;599;0.043;20260606
Lady Gaga;Die With A Smile;1478;-1197;7.494;20260606
Bruno Mars;Die With A Smile;1478;-1197;7.494;20260606
MAMAMOO;Blooming;1477;-788;0.004;20260606
Ac/Dc;Thunderstruck;1461;407;4.127;20260606
Afroplugs;Melissa I'M Drunk And Outside;1457;117;0.016;20260606
Peabo Bryson;If Ever You're In My Arms Again;1440;-1570;0.029;20260606
Bad Bunny;BAILE INoLVIDABLE;1423;-10;0.512;20260606
Keith Urban;Summer Breeze;1414;1127;0.031;20260606
Jernblod;Valkyria Calling;1397;-12;0.014;20260606
Myles Smith;Hold Me In The Dark;1395;924;0.014;20260606
M!LK;Sukisugite METSU;1395;0;0.275;20260606
Zhang Zi Ning;A Heartbeat's Turn;1388;-346;0.025;20260606
Rex;A Heartbeat's Turn;1388;-346;0.025;20260606
K3;De zomer van Oya Lélé;1362;130;0.005;20260606
DJ Chris Bernard;Die Engel Singen;1358;-110;0.031;20260606
BABYMONSTER;CHOOM;1351;207;0.082;20260606
Marc Eggers;Mon Amour;1346;437;0.044;20260606
Aditotoro;Mon Amour;1346;437;0.044;20260606
Paul Frege;Mon Amour;1346;437;0.044;20260606
ZWIRN;A blöde Gschicht;1341;-109;0.003;20260606
ARASHI;感謝カンゲキ雨嵐;1341;51;0.018;20260606
Myles Smith;Drive Safe;1327;1172;0.167;20260606
Niall Horan;Drive Safe;1327;1172;0.167;20260606
ARASHI;One Love;1315;30;0.043;20260606
VAUNDY;fly away;1290;25;0.064;20260606
Ella Bright;Girl That I Am;1289;-647;0.037;20260606
Evanescence;Bring Me to Life;1271;202;1.642;20260606
Eikichi Yazawa;BORDER;1265;-214;0.006;20260606
Myles Smith;Stay;1261;691;0.343;20260606
Zeroworry Music;Better Than Revenge;1261;-4;0.023;20260606
Tobee;Mon Amour;1255;157;0.053;20260606
JI BLUE;KESHIKI;1241;-127;0.01;20260606
JO1;KESHIKI;1241;-127;0.01;20260606
INI;KESHIKI;1241;-127;0.01;20260606
Luke Combs;Be By You;1236;143;0.242;20260606
Golden Earring;Radar Love;1227;534;0.074;20260606
ARASHI;A・RA・SHI;1217;234;0.024;20260606
sombr;12 to 12;1212;-636;1.156;20260606
Calen Ward;Nothing Can Break Me Anymore;1211;-206;0.003;20260606
Ellie Goulding;Black Prada Dress;1208;-1510;0.004;20260606
The Rolling Stones;In The Stars;1207;-262;0.136;20260606
Céline Dion;Beauty and the Beast;1207;-611;0.074;20260606
Peabo Bryson;Beauty and the Beast;1207;-611;0.074;20260606
GroßstadtEngel;Gute Laune;1202;641;0.365;20260606
Mauvais Djo;Pilé;1202;495;0.014;20260606
Drake;NOKIA;1199;-207;1.875;20260606
Myles Smith;Nice To Meet You;1193;1161;0.987;20260606
M!LK;Bakuretsu Aishiteru;1193;0;0.148;20260606
Coldplay;Viva la Vida;1193;428;7.003;20260606
BTS;Body to Body;1178;490;0.341;20260606
ARASHI;truth;1170;0;0.019;20260606
XXXTENTACION;Moonlight;1163;445;0.762;20260606
Jennifer Lopez;On the Floor;1157;-465;5.888;20260606
Gala;Freed from Desire;1155;301;0.845;20260606
SIENNA SPIRO;Die On This Hill;1153;-31;0.665;20260606
Nash Blackwood;We Don't Need To Be Perfect;1152;698;0.016;20260606
ARASHI;マイガール;1148;65;0.012;20260606
Lady Gaga;Always Remember Us This Way;1147;478;9.484;20260606
Alesso;In Your Eyes;1144;-674;0.003;20260606
OneRepublic;In Your Eyes;1144;-674;0.003;20260606
TREASURE;IF I;1140;-588;0.012;20260606
ROSÉ;APT.;1137;129;6.411;20260606
Bruno Mars;APT.;1137;129;6.411;20260606
Eminem;Lose Yourself;1132;919;3.791;20260606
Mrs. GREEN APPLE;Wind and Town;1125;123;0.072;20260606
Ankara Echoes;Beni Al;1124;1124;0.006;20260606
Kürşad Kahraman;Beni Al;1124;1124;0.006;20260606
Sébastien Tellier;Attraction;1121;329;0.002;20260606
Juliette Armanet;Attraction;1121;329;0.002;20260606
Dermot Kennedy;Funeral;1116;182;0.22;20260606
Keith Urban;We Go Back;1112;-214;0.026;20260606
ARASHI;カイト;1104;-44;0.054;20260606
Robert van Hemert;Zandloopster;1087;-79;0.002;20260606
Neil Diamond;Sweet Caroline;1085;779;1.438;20260606
米津玄師;IRIS OUT;1083;-136;0.112;20260606
Ed Sheeran;Perfect;1072;642;15.704;20260606
Baby K;Tucamacarena;1066;456;0.002;20260606
ARASHI;Guts;1062;-42;0.018;20260606
Peabo Bryson;A Whole New World;1060;-1122;0.038;20260606
Regina Belle;A Whole New World;1060;-1122;0.038;20260606
Aitana;SUPERESTRELLA;1058;-216;0.261;20260606
Kygo;Save My Love;1056;-456;0.094;20260606
Khalid;Save My Love;1056;-456;0.094;20260606
Gryffin;Save My Love;1056;-456;0.094;20260606
Thiago Navarro Music;Quédate con lo sencillo;1054;-5;0.044;20260606
mikeeysmind;Papaoutai;1047;-169;0.906;20260606
Chill77;Papaoutai;1047;-169;0.906;20260606
Unjaps;Papaoutai;1047;-169;0.906;20260606
Oimara;GROSSSTADT;1041;276;0.002;20260606
Max Giesinger;GROSSSTADT;1041;276;0.002;20260606
Tatsuya Kitani;HIDANE;1041;77;0.068;20260606
Becky Rebecca;แค่มีเธอก็พอแล้ว;1039;1039;0.001;20260606
Luna Azul;Butterflies;1035;114;0.012;20260606
Taylor Swift;I Knew It, I Knew You;21398;-1866;0.069;20260607
Ariana Grande;hate that i made you love me;16101;-1471;0.211;20260607
Madonna;Love Sensation;15647;-3609;0.056;20260607
The Second Voice;LET ME BE;10687;-890;1.03;20260607
Michael Jackson;Billie Jean;10098;1878;1.171;20260607
The Chemical Brothers;Go;9993;-553;0.836;20260607
RAYE;WHERE IS MY HUSBAND;9200;108;2.731;20260607
HUNTR/X;Golden;8961;1827;5.08;20260607
EJAE;Golden;8961;1827;5.08;20260607
AUDREY NUNA;Golden;8961;1827;5.08;20260607
REI AMI;Golden;8961;1827;5.08;20260607
KPop Demon Hunters Cast;Golden;8961;1827;5.08;20260607
Alex Warren;FEVER DREAM;8819;-606;0.862;20260607
Shakira;Dai Dai;8478;-1423;0.241;20260607
Burna Boy;Dai Dai;8478;-1423;0.241;20260607
HUGEL;Movin' To The Sun;8315;-984;0.138;20260607
Imael Angel;Movin' To The Sun;8315;-984;0.138;20260607
Ultra Naté;Movin' To The Sun;8315;-984;0.138;20260607
David Guetta;Run Run River;8224;-328;0.032;20260607
Alok;Run Run River;8224;-328;0.032;20260607
Stick Figure;Run Run River;8224;-328;0.032;20260607
Benny Rivers;Step by Step in Time;7951;3195;0.236;20260607
Alex Warren;Ordinary;7830;1109;5.811;20260607
Olivia Dean;So Easy;7102;882;1.549;20260607
Ella Langley;Choosin' Texas;7055;213;1.236;20260607
Muse;Nightshift Superstar;6667;-5083;0.037;20260607
Bebe Rexha;New Religion;6372;-2;0.684;20260607
Faithless;New Religion;6372;-2;0.684;20260607
BTS;SWIM;6360;-393;0.875;20260607
Bruno Mars;I Just Might;6341;-1;1.714;20260607
Michael Jackson;Beat It;5941;51;0.671;20260607
Olivia Rodrigo;drop dead;5798;522;0.445;20260607
Taylor Swift;The Fate of Ophelia;5613;-997;3.43;20260607
Alex Warren;PASSENGER;5064;-1055;0.018;20260607
Cameron Whitcomb;Kingdom of Fear;5038;8;0.323;20260607
Teddy Swims;Mr. Know It All;5013;-521;0.297;20260607
Saxboy Billy;The Puerto Rico Song;5005;698;0.127;20260607
HUGEL;Jamaican;4977;127;0.486;20260607
SOLTO (FR);Jamaican;4977;127;0.486;20260607
Olivia Dean;Man I Need;4915;-823;2.465;20260607
Michael Jackson;Human Nature;4857;-225;0.322;20260607
Shaboozey;Cowgirl;4723;-706;0.016;20260607
Justin Bieber;Beauty and a Beat;4719;-804;2.537;20260607
Tame Impala;Dracula;4602;-1249;0.562;20260607
JENNIE;Dracula;4602;-1249;0.562;20260607
Madonna;Bring Your Love;4470;-4;0.2;20260607
Sabrina Carpenter;Bring Your Love;4470;-4;0.2;20260607
MDB;Angels Above Me;4467;-1725;0.102;20260607
Bruno Mars;Risk It All;4457;562;0.617;20260607
VELCHEVA VIBE;I call it life;4434;397;0.044;20260607
STELLA LEFTY;Boston;4331;161;0.15;20260607
Dust;You Problem;4196;-723;0.107;20260607
Harmony;You Problem;4196;-723;0.107;20260607
Harry Styles;American Girls;4187;1131;0.433;20260607
Josh Fawaz;Like a Prayer;4143;-852;0.36;20260607
Evanescence;Who Will You Follow;3817;1069;0.131;20260607
Ragal Ironbull;VALHALLA CALLING;3778;2227;0.309;20260607
Lady Gaga;Die With A Smile;3771;2293;7.498;20260607
Bruno Mars;Die With A Smile;3771;2293;7.498;20260607
Zara Larsson;Lush Life;3672;632;2.792;20260607
Taylor Swift;Opalite;3657;101;1.873;20260607
G Flip;Bed on Fire;3428;46;0.081;20260607
Electric Callboy;Let The Good Times Roll;3385;-2271;0.017;20260607
ANOTR;Talk To You;3379;-105;0.244;20260607
Olivia Rodrigo;the cure;3318;-43;0.127;20260607
Sam Fender;Rein Me In;3247;-267;0.647;20260607
Olivia Dean;Rein Me In;3247;-267;0.647;20260607
The Beaches;Edge of the Earth;3204;1066;0.093;20260607
Laga;RAISE THE BANNER;3194;999;0.007;20260607
Jernblod;Greenland;3142;-1043;0.053;20260607
aespa;LEMONADE;3104;-1118;0.056;20260607
Keith Urban;Magnet And Steel;3096;-407;0.013;20260607
Dara;Bangaranga;3092;56;0.165;20260607
Harry Styles;Sign of the Times;3034;307;4.895;20260607
Ella Langley;you look like you love me;3018;832;1.256;20260607
Riley Green;you look like you love me;3018;832;1.256;20260607
Tame Impala;Dracula;2961;-147;0.416;20260607
Madonna;I Feel So Free;2941;-502;0.231;20260607
Michael Jackson;Thriller;2873;-139;1.093;20260607
Daniel Pemberton;Eternia;2868;576;0.007;20260607
Brian May;Eternia;2868;576;0.007;20260607
Michael Jackson;Smooth Criminal;2865;494;0.456;20260607
The Goo Goo Dolls;Iris;2833;402;2.004;20260607
IngaRose;Celebrate Me;2821;445;0.425;20260607
Billie Eilish;BIRDS OF A FEATHER;2735;1062;5.935;20260607
DJ.ILHAM;DIGIDI DIGIDI;2688;785;0.089;20260607
Bad Bunny;NUEVAYoL;2670;209;0.912;20260607
Jernblod;Shieldmaiden;2648;387;0.011;20260607
sombr;Homewrecker;2643;-113;0.431;20260607
Ricchi;Sarà perché ti amo;2583;983;1.578;20260607
Poveri;Sarà perché ti amo;2583;983;1.578;20260607
Ella Langley;I Can't Love You Anymore;2578;257;0.144;20260607
Morgan Wallen;I Can't Love You Anymore;2578;257;0.144;20260607
Ella Langley;Be Her;2527;-202;0.381;20260607
Shaboozey;A Bar Song;2485;-118;4.854;20260607
The Bausa;Magnetic;2359;-511;0.145;20260607
Zara Larsson;Midnight Sun;2309;543;0.231;20260607
Ella Bright;Baby Now That I Found You;2306;266;0.079;20260607
Nash Blackwood;Love Me At My Lowest;2295;148;0.038;20260607
ROSÉ;APT.;2250;1113;6.413;20260607
Bruno Mars;APT.;2250;1113;6.413;20260607
Djo;End of Beginning;2204;299;1.92;20260607
Michael Jackson;Don't Stop 'Til You Get Enough;2097;-171;0.258;20260607
LE SSERAFIM;BOOMPALA;2050;-1331;0.071;20260607
Ac/Dc;Thunderstruck;2034;573;4.129;20260607
KAROL G;Si Antes Te Hubiera Conocido;2028;-132;1.886;20260607
Drake;Janice STFU;2000;-695;0.073;20260607
SixTONES;Flower Cloud;1975;1975;0.002;20260607
Helene Fischer;Heute Nacht;1973;88;0.029;20260607
SOUL ARCHIVE ROOM;Breathing;1967;1967;0.015;20260607
Elton John;The Bitch Is Back;1943;443;0.06;20260607
Lainey Wilson;Phone, Keys, Wallet;1909;-1063;0.009;20260607
John Mayer;Phone, Keys, Wallet;1909;-1063;0.009;20260607
Evanescence;Bring Me to Life;1880;609;1.644;20260607
Forrest Frank;OKAY;1869;-1305;0.058;20260607
Disney;Zoo;1847;298;0.571;20260607
Shakira;Zoo;1847;298;0.571;20260607
Christina Perri;A Thousand Years;1837;1342;8.304;20260607
Calen Ward;Nothing Can Break Me Anymore;1832;621;0.004;20260607
Kimo Sounds;Rise Slow;1826;-603;0.013;20260607
Slayyyter;DANCE...;1824;-789;0.034;20260607
Eddie Dalton;Somewhere Along The Way;1803;-280;0.239;20260607
XXXTENTACION;Moonlight;1799;636;0.763;20260607
MAMAMOO;4 Flowers;1796;-897;0.01;20260607
Sal da Vinci;Per sempre sì;1789;309;0.246;20260607
ARASHI;Five;1758;-146;0.144;20260607
Myles Smith;Stargazing;1748;-137;2.601;20260607
The Kid LAROI;GIRLS;1732;1256;0.116;20260607
Evanescence;Afterlife;1726;707;0.112;20260607
ILLIT;It's Me;1701;84;0.077;20260607
DJ Goja;Mi Chico;1697;942;0.018;20260607
Keith Urban;We Go Back;1691;579;0.027;20260607
Lady Gaga;Runway;1686;656;0.402;20260607
Doechii;Runway;1686;656;0.402;20260607
Ambre;j'me demande;1611;-245;0.006;20260607
BTS;Hooligan;1597;-688;0.249;20260607
Bad Bunny;DtMF;1586;-284;1.112;20260607
サカナクション;夜の踊り子;1581;1581;0.039;20260607
Justen de Wildt;Cheerio;1568;44;0.083;20260607
ARASHI;Love so Sweet;1548;52;0.05;20260607
B'z;完全無欠;1538;30;0.013;20260607
SixTONES;Houkai Zenya;1536;1536;0.002;20260607
SixTONES;Golden;1531;1531;0.002;20260607
Zhang Zi Ning;A Heartbeat's Turn;1524;136;0.027;20260607
Rex;A Heartbeat's Turn;1524;136;0.027;20260607
Tsunomaki Watame;Haiiro no Shoumei;1522;1522;0.002;20260607
She's All Music;Because We Jive All Night Long;1516;1002;0.002;20260607
SIENNA SPIRO;Material Lover;1502;-597;0.054;20260607
Dermot Kennedy;Funeral;1500;384;0.221;20260607
YUZU;New Beginning;1479;-89;0.007;20260607
Elevation Worship;God I'm Just Grateful;1462;604;0.091;20260607
Chandler Moore;God I'm Just Grateful;1462;604;0.091;20260607
DJ Chris Bernard;Die Engel Singen;1456;98;0.033;20260607
ARASHI;Happiness;1450;-108;0.04;20260607
TREASURE;IF I;1428;288;0.014;20260607
SIENNA SPIRO;Die On This Hill;1426;273;0.667;20260607
M!LK;Sukisugite METSU;1422;27;0.277;20260607
VYRA~Nova;Always You;1422;-144;0.011;20260607
BOWKYLION;สัมผัสรัก;1417;-189;0.003;20260607
sombr;12 to 12;1416;204;1.158;20260607
Teddy Swims;Lose Control;1411;480;7.405;20260607
Luke Combs;Be By You;1411;175;0.244;20260607
Alphaville;Forever Young;1397;872;1.308;20260607
ARASHI;Monster;1395;-131;0.029;20260607
Tom Odell;Another Love;1387;552;2.721;20260607
DHENYS R J;All Night Long;1379;-786;0.133;20260607
VAUNDY;fly away;1374;84;0.066;20260607
SixTONES;Snooze;1374;1374;0.001;20260607
Steve Aoki;Azukita;1367;-192;0.175;20260607
Daddy Yankee;Azukita;1367;-192;0.175;20260607
Play-N-Skillz;Azukita;1367;-192;0.175;20260607
Elvis Crespo;Azukita;1367;-192;0.175;20260607
Myles Smith;Hold Me In The Dark;1356;-39;0.015;20260607
Neil Diamond;Sweet Caroline;1345;260;1.439;20260607
Ella Bright;Girl That I Am;1336;47;0.038;20260607
French Montana;Ever Since U Left Me;1320;393;0.002;20260607
Max B;Ever Since U Left Me;1320;393;0.002;20260607
Remy Ma;Ever Since U Left Me;1320;393;0.002;20260607
Radiohead;Creep;1320;942;1.876;20260607
Myles Smith;Stay;1316;55;0.344;20260607
Marc Eggers;Mon Amour;1315;-31;0.045;20260607
Aditotoro;Mon Amour;1315;-31;0.045;20260607
Paul Frege;Mon Amour;1315;-31;0.045;20260607
Ankara Echoes;Beni Al;1310;186;0.007;20260607
Kürşad Kahraman;Beni Al;1310;186;0.007;20260607
Coldplay;Viva la Vida;1307;114;7.005;20260607
Tobee;Mon Amour;1294;39;0.054;20260607
Eikichi Yazawa;BORDER;1290;25;0.007;20260607
Zaho de Sagazan;Modern Love;1265;1265;0.137;20260607
ARASHI;感謝カンゲキ雨嵐;1265;-76;0.019;20260607
Jackson 5;I Want You Back;1258;1132;0.08;20260607
Fritz Kalkbrenner;Sky and Sand;1257;1257;0.012;20260607
Paul Kalkbrenner;Sky and Sand;1257;1257;0.012;20260607
Merk;PARTENOPE;1254;-488;0.004;20260607
Kremont;PARTENOPE;1254;-488;0.004;20260607
Keith Urban;Steal Away;1236;264;0.023;20260607
Keith Urban;Summer Breeze;1232;-182;0.033;20260607
Boyzlife;Chills;1230;404;0.003;20260607
SixTONES;Are You Mine;1226;1226;0.001;20260607
Michael Jackson;Bad;1224;300;0.184;20260607
Kenshi Yonezu;IRIS OUT;1222;1222;0.37;20260607
The Killers;Mr. Brightside;1221;-374;1.723;20260607
Jernblod;Father, Beyond Valhalla;1216;-295;0.013;20260607
Benson Boone;Beautiful Things;1206;-326;7.238;20260607
Draugr Beatz;Fijord Moonlight;1202;203;0.011;20260607
Milky;Just the Way You Are;1197;272;0.12;20260607
M!LK;Bakuretsu Aishiteru;1193;0;0.15;20260607
OFFICIAL HIGE DANDISM;Stardust;1148;127;0.07;20260607
GroßstadtEngel;Gute Laune;1145;-57;0.366;20260607
Jernblod;Valkyria Calling;1143;-254;0.016;20260607
Evanescence;How Do I Heal;1130;422;0.002;20260607
Prospa;Free Your Mind;1129;-445;0.032;20260607
Cloonee;Free Your Mind;1129;-445;0.032;20260607
Kygo;Save My Love;1129;73;0.095;20260607
Khalid;Save My Love;1129;73;0.095;20260607
Gryffin;Save My Love;1129;73;0.095;20260607
ARASHI;One Love;1125;-190;0.044;20260607
By Индия;Шадэ;1112;195;0.04;20260607
Xcho;Шадэ;1112;195;0.04;20260607
МОТ;Шадэ;1112;195;0.04;20260607
Yung Miami;Spend Dat;1104;102;0.011;20260607
BTS;Into the Sun;1101;123;0.189;20260607
Nash Blackwood;We Don't Need To Be Perfect;1093;-59;0.017;20260607
Golden Earring;Radar Love;1091;-136;0.075;20260607
Afroplugs;Melissa I'M Drunk And Outside;1088;-369;0.017;20260607
Gracie Abrams;Hit the Wall;1087;322;0.056;20260607
TeddyBear;Chaussures Roses;1087;192;0.005;20260607
Maria Paola Ortega;una voz;1084;1084;0.007;20260607
Misión Jatari;una voz;1084;1084;0.007;20260607
OzoresP;una voz;1084;1084;0.007;20260607
Paula Arias;una voz;1084;1084;0.007;20260607
Presencia Project;una voz;1084;1084;0.007;20260607
Salve;una voz;1084;1084;0.007;20260607
Servus Mariae;una voz;1084;1084;0.007;20260607
Somos Shemá;una voz;1084;1084;0.007;20260607
Trigo 13;una voz;1084;1084;0.007;20260607
Volver a Siquem;una voz;1084;1084;0.007;20260607
Tuyo;una voz;1084;1084;0.007;20260607
Worship.cat;una voz;1084;1084;0.007;20260607
Hakuna Group Music;una voz;1084;1084;0.007;20260607
Aisha Ruah;una voz;1084;1084;0.007;20260607
Clara.H.;una voz;1084;1084;0.007;20260607
Ecos Música;una voz;1084;1084;0.007;20260607
Hermanas Pobres;una voz;1084;1084;0.007;20260607
IGNIS;una voz;1084;1084;0.007;20260607
Javier Portela;una voz;1084;1084;0.007;20260607
Kénosis by RC - (Tú) El único rey;una voz;1084;1084;0.007;20260607
Myles Smith;Nice To Meet You;1083;-110;0.988;20260607
Myles Smith;Drive Safe;1079;-248;0.169;20260607
Niall Horan;Drive Safe;1079;-248;0.169;20260607
Five;Keep On Movin';1074;129;0.048;20260607
Charlotte Cardin;Take Me Back;1074;-413;0.004;20260607
I.O.I;Suddenly;1067;53;0.027;20260607
Guns N' Roses;Sweet Child o' Mine;1067;501;2.402;20260607
Aitana;SUPERESTRELLA;1064;6;0.262;20260607
JI BLUE;KESHIKI;1062;-179;0.012;20260607
JO1;KESHIKI;1062;-179;0.012;20260607
INI;KESHIKI;1062;-179;0.012;20260607
Bad Bunny;BAILE INoLVIDABLE;1060;-363;0.513;20260607
Mazzy Star;Fade Into You;1054;89;0.308;20260607
ARASHI;A・RA・SHI;1041;-176;0.025;20260607
Chappell Roan;Pink Pony Club;1036;231;2.723;20260607
Sia;Unstoppable;1031;-478;7.625;20260607
Taylor Swift;I Knew It, I Knew You;23701;2303;0.092;20260608
Ariana Grande;hate that i made you love me;13140;-2961;0.224;20260608
Madonna;Love Sensation;11894;-3753;0.068;20260608
The Second Voice;LET ME BE;11221;534;1.041;20260608
Michael Jackson;Billie Jean;9554;-544;1.181;20260608
The Chemical Brothers;Go;9385;-608;0.846;20260608
BABYMONSTER;SUGAR HONEY ICE TEA;9364;9364;0.009;20260608
RAYE;WHERE IS MY HUSBAND;8811;-389;2.74;20260608
Shakira;Dai Dai;8637;159;0.25;20260608
Burna Boy;Dai Dai;8637;159;0.25;20260608
David Guetta;Run Run River;8129;-95;0.04;20260608
Alok;Run Run River;8129;-95;0.04;20260608
Stick Figure;Run Run River;8129;-95;0.04;20260608
HUNTR/X;Golden;7865;-1096;5.088;20260608
EJAE;Golden;7865;-1096;5.088;20260608
AUDREY NUNA;Golden;7865;-1096;5.088;20260608
REI AMI;Golden;7865;-1096;5.088;20260608
KPop Demon Hunters Cast;Golden;7865;-1096;5.088;20260608
Alex Warren;FEVER DREAM;7801;-1018;0.87;20260608
HUGEL;Movin' To The Sun;7484;-831;0.146;20260608
Imael Angel;Movin' To The Sun;7484;-831;0.146;20260608
Ultra Naté;Movin' To The Sun;7484;-831;0.146;20260608
Ella Langley;Choosin' Texas;6859;-196;1.243;20260608
Alex Warren;Ordinary;6421;-1409;5.817;20260608
Olivia Rodrigo;drop dead;6407;609;0.451;20260608
Bebe Rexha;New Religion;6253;-119;0.691;20260608
Faithless;New Religion;6253;-119;0.691;20260608
Michael Jackson;Beat It;6172;231;0.677;20260608
Benny Rivers;Step by Step in Time;5816;-2135;0.242;20260608
MDB;Angels Above Me;5521;1054;0.108;20260608
BTS;SWIM;5518;-842;0.88;20260608
Bruno Mars;I Just Might;5480;-861;1.719;20260608
Tame Impala;Dracula;5420;818;0.568;20260608
JENNIE;Dracula;5420;818;0.568;20260608
Olivia Dean;Man I Need;5385;470;2.47;20260608
Teddy Swims;Mr. Know It All;5129;116;0.302;20260608
Olivia Dean;So Easy;5082;-2020;1.554;20260608
Taylor Swift;The Fate of Ophelia;5066;-547;3.435;20260608
Shaboozey;Cowgirl;5035;312;0.021;20260608
Michael Jackson;Human Nature;4995;138;0.327;20260608
Justin Bieber;Beauty and a Beat;4895;176;2.542;20260608
STELLA LEFTY;Boston;4800;469;0.155;20260608
The Kid LAROI;GIRLS;4728;2996;0.121;20260608
Saxboy Billy;The Puerto Rico Song;4661;-344;0.132;20260608
Bruno Mars;Risk It All;4540;83;0.622;20260608
VELCHEVA VIBE;I call it life;4505;71;0.048;20260608
Josh Fawaz;Like a Prayer;4469;326;0.365;20260608
HUGEL;Jamaican;4374;-603;0.491;20260608
SOLTO (FR);Jamaican;4374;-603;0.491;20260608
DJ.ILHAM;DIGIDI DIGIDI;4336;1648;0.094;20260608
Alex Warren;PASSENGER;4334;-730;0.023;20260608
Harry Styles;American Girls;4255;68;0.437;20260608
Zara Larsson;Lush Life;4135;463;2.796;20260608
Laga;RAISE THE BANNER;3980;786;0.011;20260608
The Beaches;Edge of the Earth;3932;728;0.097;20260608
Cameron Whitcomb;Kingdom of Fear;3919;-1119;0.327;20260608
Harry Styles;Sign of the Times;3695;661;4.899;20260608
Djo;End of Beginning;3628;1424;1.923;20260608
Lady Gaga;Die With A Smile;3490;-281;7.501;20260608
Bruno Mars;Die With A Smile;3490;-281;7.501;20260608
G Flip;Bed on Fire;3456;28;0.084;20260608
Taylor Swift;Opalite;3433;-224;1.876;20260608
BOYNEXTDOOR;VIRAL;3335;3335;0.003;20260608
Olivia Rodrigo;the cure;3326;8;0.131;20260608
Slayyyter;DANCE...;3211;1387;0.037;20260608
Ragal Ironbull;VALHALLA CALLING;3118;-660;0.312;20260608
Tame Impala;Dracula;3116;155;0.419;20260608
Madonna;Bring Your Love;3102;-1368;0.203;20260608
Sabrina Carpenter;Bring Your Love;3102;-1368;0.203;20260608
Daniel Pemberton;Eternia;3072;204;0.01;20260608
Brian May;Eternia;3072;204;0.01;20260608
Michael Jackson;Smooth Criminal;2983;118;0.459;20260608
Keith Urban;Magnet And Steel;2971;-125;0.016;20260608
Ella Bright;Baby Now That I Found You;2894;588;0.082;20260608
Dust;You Problem;2884;-1312;0.11;20260608
Harmony;You Problem;2884;-1312;0.11;20260608
She's All Music;Because We Jive All Night Long;2883;1367;0.005;20260608
Michael Jackson;Thriller;2852;-21;1.096;20260608
Sam Fender;Rein Me In;2843;-404;0.65;20260608
Olivia Dean;Rein Me In;2843;-404;0.65;20260608
ANOTR;Talk To You;2814;-565;0.247;20260608
Jernblod;Greenland;2773;-369;0.056;20260608
Bad Bunny;NUEVAYoL;2760;90;0.914;20260608
The Goo Goo Dolls;Iris;2645;-188;2.007;20260608
Billie Eilish;BIRDS OF A FEATHER;2580;-155;5.937;20260608
Ricchi;Sarà perché ti amo;2555;-28;1.581;20260608
Poveri;Sarà perché ti amo;2555;-28;1.581;20260608
Elton John;The Bitch Is Back;2520;577;0.063;20260608
Shaboozey;A Bar Song;2459;-26;4.856;20260608
Dara;Bangaranga;2438;-654;0.167;20260608
Muse;Nightshift Superstar;2417;-4250;0.039;20260608
Ella Langley;Be Her;2413;-114;0.384;20260608
Electric Callboy;Let The Good Times Roll;2289;-1096;0.02;20260608
Disney;Zoo;2280;433;0.574;20260608
Shakira;Zoo;2280;433;0.574;20260608
sombr;Homewrecker;2234;-409;0.433;20260608
XXXTENTACION;Moonlight;2229;430;0.766;20260608
Forrest Frank;OKAY;2220;351;0.061;20260608
Ella Langley;I Can't Love You Anymore;2218;-360;0.146;20260608
Morgan Wallen;I Can't Love You Anymore;2218;-360;0.146;20260608
Ella Langley;you look like you love me;2170;-848;1.258;20260608
Riley Green;you look like you love me;2170;-848;1.258;20260608
Michael Jackson;Don't Stop 'Til You Get Enough;2126;29;0.26;20260608
Madonna;I Feel So Free;2120;-821;0.234;20260608
aespa;LEMONADE;2081;-1023;0.058;20260608
DJ Goja;Mi Chico;2078;381;0.02;20260608
Nash Blackwood;We Don't Need To Be Perfect;2075;982;0.019;20260608
Jernblod;Shieldmaiden;2060;-588;0.013;20260608
SIENNA SPIRO;Material Lover;2057;555;0.056;20260608
mikeeysmind;Papaoutai;2034;1204;0.909;20260608
Chill77;Papaoutai;2034;1204;0.909;20260608
Unjaps;Papaoutai;2034;1204;0.909;20260608
IngaRose;Celebrate Me;1977;-844;0.426;20260608
Nash Blackwood;Love Me At My Lowest;1963;-332;0.04;20260608
KAROL G;Si Antes Te Hubiera Conocido;1911;-117;1.887;20260608
Stick Figure;Angels Above Me;1907;1586;0.207;20260608
Kimo Sounds;After the fall;1893;935;0.003;20260608
Drake;Janice STFU;1885;-115;0.075;20260608
ARASHI;Five;1838;80;0.145;20260608
Dave;Raindance;1812;1058;0.373;20260608
Tems;Raindance;1812;1058;0.373;20260608
Zara Larsson;Midnight Sun;1797;-512;0.233;20260608
Kimo Sounds;Rise Slow;1793;-33;0.014;20260608
Bad Bunny;DtMF;1776;190;1.114;20260608
Zhang Zi Ning;A Heartbeat's Turn;1751;227;0.029;20260608
Rex;A Heartbeat's Turn;1751;227;0.029;20260608
Ac/Dc;Thunderstruck;1744;-290;4.131;20260608
Evanescence;Who Will You Follow;1743;-2074;0.133;20260608
SixTONES;Flower Cloud;1723;-252;0.004;20260608
ILLIT;It's Me;1706;5;0.079;20260608
Sia;Unstoppable;1705;674;7.627;20260608
Helene Fischer;Heute Nacht;1691;-282;0.031;20260608
Billy Idol;Dancing With Myself;1646;871;0.009;20260608
Generation X;Dancing With Myself;1646;871;0.009;20260608
sombr;12 to 12;1595;179;1.159;20260608
SIENNA SPIRO;Die On This Hill;1593;167;0.668;20260608
Survivor;Eye of the Tiger;1593;665;2.475;20260608
Keith Urban;We Go Back;1591;-100;0.029;20260608
Todoroki Hajime;Deep Dive;1579;1579;0.002;20260608
sakanaction;Yoru No Odoriko;1538;1538;0.074;20260608
Evanescence;Bring Me to Life;1524;-356;1.646;20260608
LE SSERAFIM;BOOMPALA;1524;-526;0.073;20260608
The Killers;Mr. Brightside;1523;302;1.724;20260608
Keisuke Kuwata;AKANE On My Mind~Scared of Manju;1508;1508;0.002;20260608
Keith Urban;Summer Breeze;1494;262;0.034;20260608
Dermot Kennedy;Funeral;1487;-13;0.223;20260608
Noah Kahan;Orbiter;1485;693;0.028;20260608
B'z;完全無欠;1479;-59;0.014;20260608
The Bausa;Magnetic;1470;-889;0.146;20260608
Justen de Wildt;Cheerio;1466;-102;0.085;20260608
Luke Combs;Be By You;1446;35;0.245;20260608
French Montana;Ever Since U Left Me;1443;123;0.004;20260608
Max B;Ever Since U Left Me;1443;123;0.004;20260608
Remy Ma;Ever Since U Left Me;1443;123;0.004;20260608
VYRA~Nova;Always You;1436;14;0.012;20260608
M!LK;Sukisugite METSU;1422;0;0.278;20260608
Journey;Don't Stop Believin';1411;574;3.689;20260608
Ati242;Her Nerdeysen;1388;488;0.566;20260608
Kara Holt;I Did It Tired;1375;1257;0.001;20260608
Myles Smith;Stay;1370;54;0.346;20260608
Bad Bunny;BAILE INoLVIDABLE;1370;310;0.514;20260608
Dexter and The Moonrocks;Freakin’ Out;1370;822;0.064;20260608
Drake;NOKIA;1369;393;1.878;20260608
ARASHI;Happiness;1368;-82;0.041;20260608
Ambre;j'me demande;1364;-247;0.007;20260608
ARASHI;Love so Sweet;1354;-194;0.051;20260608
SixTONES;Golden;1348;-183;0.003;20260608
SixTONES;Houkai Zenya;1346;-190;0.003;20260608
YUZU;New Beginning;1341;-138;0.009;20260608
Kygo;Save My Love;1337;208;0.096;20260608
Khalid;Save My Love;1337;208;0.096;20260608
Gryffin;Save My Love;1337;208;0.096;20260608
Christina Perri;A Thousand Years;1335;-502;8.305;20260608
Five;Keep On Movin';1315;241;0.049;20260608
ARASHI;Monster;1315;-80;0.03;20260608
Lola Young;Messy;1292;356;4.14;20260608
Little Glee Monster;Ichirin;1265;596;0.03;20260608
DJ Chris Bernard;Die Engel Singen;1256;-200;0.034;20260608
OFFICIAL HIGE DANDISM;Stardust;1241;93;0.072;20260608
Myles Smith;Stargazing;1240;-508;2.602;20260608
S10;Safe and Sound;1225;360;0.008;20260608
Oscar and the Wolf;Safe and Sound;1225;360;0.008;20260608
VAUNDY;fly away;1217;-157;0.067;20260608
BTS;Hooligan;1215;-382;0.251;20260608
Golden Earring;Radar Love;1213;122;0.076;20260608
Ella Bright;Girl That I Am;1200;-136;0.039;20260608
Myles Smith;Hold Me In The Dark;1198;-158;0.017;20260608
Thiago Navarro Music;Quédate con lo sencillo;1184;236;0.046;20260608
Tears for Fears;Everybody Wants to Rule the World;1173;245;1.064;20260608
Disturbed;The Sound of Silence;1172;808;10.313;20260608
BOWKYLION;สัมผัสรัก;1171;-246;0.004;20260608
Tobee;Mon Amour;1170;-124;0.056;20260608
Keisuke Kuwata;HITOTARASHI;1170;462;0.054;20260608
Keith Urban;Steal Away;1161;-75;0.025;20260608
Teddy Swims;Lose Control;1161;-250;7.406;20260608
Marc Eggers;Mon Amour;1148;-167;0.046;20260608
Aditotoro;Mon Amour;1148;-167;0.046;20260608
Paul Frege;Mon Amour;1148;-167;0.046;20260608
M!LK;Bakuretsu Aishiteru;1148;-45;0.151;20260608
Dua Lipa;Training Season;1146;707;1.224;20260608
ROSÉ;APT.;1142;-1108;6.414;20260608
Bruno Mars;APT.;1142;-1108;6.414;20260608
Temper City;Self Aware;1132;135;0.045;20260608
キタニタツヤ;火種;1130;1130;0.007;20260608
ReoNa;CLUTCH;1126;1126;0.001;20260608
MAMAMOO;4 Flowers;1123;-673;0.011;20260608
Aitana;SUPERESTRELLA;1121;57;0.263;20260608
Jovanotti;Buon Vento;1110;319;0.019;20260608
Alfa;Buon Vento;1110;319;0.019;20260608
Leslie Odom;Without You;1104;1104;0.001;20260608
Jr.;Without You;1104;1104;0.001;20260608
ARASHI;感謝カンゲキ雨嵐;1104;-161;0.02;20260608
BOYNEXTDOOR;ddok ddok ddok;1099;1066;0.01;20260608
Queen;Bohemian Rhapsody;1097;91;4.409;20260608
Alphaville;Forever Young;1096;-301;1.31;20260608
Lisa Gerrard;Now We Are Free;1095;452;0.469;20260608
Gavin Greenaway;Now We Are Free;1095;452;0.469;20260608
The Lyndhurst Orchestra;Now We Are Free;1095;452;0.469;20260608
Bruce Fowler;Now We Are Free;1095;452;0.469;20260608
Yvonne S. Moriarty;Now We Are Free;1095;452;0.469;20260608
Walt Fowler;Now We Are Free;1095;452;0.469;20260608
Ladd McIntosh;Now We Are Free;1095;452;0.469;20260608
Elizabeth Finch;Now We Are Free;1095;452;0.469;20260608
Jack Smalley;Now We Are Free;1095;452;0.469;20260608
Hans Zimmer;Now We Are Free;1095;452;0.469;20260608
Elevation Worship;God I'm Just Grateful;1093;-369;0.092;20260608
Chandler Moore;God I'm Just Grateful;1093;-369;0.092;20260608
Sal da Vinci;Per sempre sì;1090;-699;0.247;20260608
SixTONES;Snooze;1083;-291;0.002;20260608
The Rolling Stones;In The Stars;1079;498;0.137;20260608
Shakira;Zoo;1073;465;0.62;20260608
Eikichi Yazawa;BORDER;1062;-228;0.008;20260608
Ankara Echoes;Beni Al;1057;495;0.041;20260608
Draugr Beatz;Fijord Moonlight;1043;-159;0.012;20260608
Maria Paola Ortega;una voz;1040;-44;0.008;20260608
Misión Jatari;una voz;1040;-44;0.008;20260608
OzoresP;una voz;1040;-44;0.008;20260608
Paula Arias;una voz;1040;-44;0.008;20260608
Presencia Project;una voz;1040;-44;0.008;20260608
Salve;una voz;1040;-44;0.008;20260608
Servus Mariae;una voz;1040;-44;0.008;20260608
Somos Shemá;una voz;1040;-44;0.008;20260608
Trigo 13;una voz;1040;-44;0.008;20260608
Volver a Siquem;una voz;1040;-44;0.008;20260608
Tuyo;una voz;1040;-44;0.008;20260608
Worship.cat;una voz;1040;-44;0.008;20260608
Hakuna Group Music;una voz;1040;-44;0.008;20260608
Aisha Ruah;una voz;1040;-44;0.008;20260608
Clara.H.;una voz;1040;-44;0.008;20260608
Ecos Música;una voz;1040;-44;0.008;20260608
Hermanas Pobres;una voz;1040;-44;0.008;20260608
IGNIS;una voz;1040;-44;0.008;20260608
Javier Portela;una voz;1040;-44;0.008;20260608
Kénosis by RC - (Tú) El único rey;una voz;1040;-44;0.008;20260608
米津玄師;IRIS OUT;1032;1032;0.113;20260608
Benson Boone;Beautiful Things;1005;-201;7.239;20260608
JI BLUE;KESHIKI;1002;-60;0.013;20260608
JO1;KESHIKI;1002;-60;0.013;20260608
INI;KESHIKI;1002;-60;0.013;20260608
Coldplay;Viva la Vida;1000;-307;7.006;20260608
Mauvais Djo;Pilé;996;183;0.016;20260608
Evanescence;My Immortal;995;267;0.473;20260608
Yung Miami;Spend Dat;983;-121;0.012;20260608
Judah Earl;Sand Drawing;969;746;0.012;20260608
Affirmation Club;I don’t chase I attract;966;674;0.002;20260608
SixTONES;Are You Mine;964;-262;0.002;20260608
Jernblod;Valkyria Calling;959;-184;0.017;20260608
Taylor Swift;I Knew It, I Knew You;22530;-1171;0.115;20260609
Ariana Grande;hate that i made you love me;12910;-230;0.237;20260609
Madonna;Love Sensation;11480;-414;0.08;20260609
The Second Voice;LET ME BE;11024;-197;1.052;20260609
Shakira;Dai Dai;9441;804;0.259;20260609
Burna Boy;Dai Dai;9441;804;0.259;20260609
Michael Jackson;Billie Jean;9200;-354;1.19;20260609
The Chemical Brothers;Go;9191;-194;0.855;20260609
RAYE;WHERE IS MY HUSBAND;8791;-20;2.749;20260609
HUNTR/X;Golden;8357;492;5.096;20260609
EJAE;Golden;8357;492;5.096;20260609
AUDREY NUNA;Golden;8357;492;5.096;20260609
REI AMI;Golden;8357;492;5.096;20260609
KPop Demon Hunters Cast;Golden;8357;492;5.096;20260609
HUGEL;Movin' To The Sun;7889;405;0.154;20260609
Imael Angel;Movin' To The Sun;7889;405;0.154;20260609
Ultra Naté;Movin' To The Sun;7889;405;0.154;20260609
David Guetta;Run Run River;7843;-286;0.048;20260609
Alok;Run Run River;7843;-286;0.048;20260609
Stick Figure;Run Run River;7843;-286;0.048;20260609
Alex Warren;Ordinary;7820;1399;5.825;20260609
Alex Warren;FEVER DREAM;7208;-593;0.877;20260609
BABYMONSTER;SUGAR HONEY ICE TEA;6982;-2382;0.016;20260609
Bruno Mars;I Just Might;6740;1260;1.726;20260609
Ella Langley;Choosin' Texas;6728;-131;1.249;20260609
Madonna;Bring Your Love;6538;3436;0.209;20260609
Sabrina Carpenter;Bring Your Love;6538;3436;0.209;20260609
Michael Jackson;Beat It;6459;287;0.684;20260609
DJ.ILHAM;DIGIDI DIGIDI;6255;1919;0.1;20260609
Olivia Dean;So Easy;6211;1129;1.56;20260609
Benny Rivers;Step by Step in Time;6142;326;0.248;20260609
Olivia Rodrigo;drop dead;5900;-507;0.457;20260609
Bebe Rexha;New Religion;5501;-752;0.696;20260609
Faithless;New Religion;5501;-752;0.696;20260609
Tame Impala;Dracula;5460;40;0.573;20260609
JENNIE;Dracula;5460;40;0.573;20260609
BTS;SWIM;5383;-135;0.886;20260609
Taylor Swift;The Fate of Ophelia;5172;106;3.44;20260609
Olivia Dean;Man I Need;5139;-246;2.475;20260609
HUGEL;Jamaican;4828;454;0.496;20260609
SOLTO (FR);Jamaican;4828;454;0.496;20260609
STELLA LEFTY;Boston;4726;-74;0.16;20260609
Madonna;I Feel So Free;4641;2521;0.238;20260609
Bruno Mars;Risk It All;4563;23;0.627;20260609
Justin Bieber;Beauty and a Beat;4496;-399;2.546;20260609
Cameron Whitcomb;Kingdom of Fear;4439;520;0.331;20260609
VELCHEVA VIBE;I call it life;4413;-92;0.052;20260609
Saxboy Billy;The Puerto Rico Song;4385;-276;0.136;20260609
Laga;RAISE THE BANNER;4326;346;0.015;20260609
Teddy Swims;Mr. Know It All;4319;-810;0.306;20260609
She's All Music;Because We Jive All Night Long;4297;1414;0.009;20260609
The Kid LAROI;GIRLS;4191;-537;0.125;20260609
Josh Fawaz;Like a Prayer;4122;-347;0.369;20260609
Shaboozey;Cowgirl;3948;-1087;0.025;20260609
Lady Gaga;Die With A Smile;3811;321;7.505;20260609
Bruno Mars;Die With A Smile;3811;321;7.505;20260609
Michael Jackson;Human Nature;3751;-1244;0.331;20260609
BOYNEXTDOOR;VIRAL;3740;405;0.007;20260609
The Beaches;Edge of the Earth;3700;-232;0.101;20260609
Zara Larsson;Lush Life;3678;-457;2.8;20260609
Harry Styles;American Girls;3556;-699;0.44;20260609
Slayyyter;DANCE...;3487;276;0.041;20260609
Shaboozey;A Bar Song;3485;1026;4.86;20260609
Taylor Swift;Opalite;3435;2;1.88;20260609
Olivia Rodrigo;the cure;3407;81;0.134;20260609
MDB;Angels Above Me;3395;-2126;0.111;20260609
ANOTR;Talk To You;3329;515;0.25;20260609
Ragal Ironbull;VALHALLA CALLING;3241;123;0.316;20260609
Harry Styles;Sign of the Times;3086;-609;4.902;20260609
Ella Bright;Baby Now That I Found You;3073;179;0.085;20260609
Disney;Zoo;3043;763;0.577;20260609
Shakira;Zoo;3043;763;0.577;20260609
G Flip;Bed on Fire;3021;-435;0.087;20260609
Alex Warren;PASSENGER;2925;-1409;0.026;20260609
sombr;Homewrecker;2919;685;0.436;20260609
Jernblod;Greenland;2868;95;0.059;20260609
Ella Langley;Be Her;2862;449;0.387;20260609
Jernblod;Shieldmaiden;2860;800;0.015;20260609
Tame Impala;Dracula;2845;-271;0.422;20260609
Djo;End of Beginning;2812;-816;1.926;20260609
DJ Goja;Mi Chico;2755;677;0.023;20260609
Dust;You Problem;2754;-130;0.113;20260609
Harmony;You Problem;2754;-130;0.113;20260609
Michael Jackson;Smooth Criminal;2650;-333;0.462;20260609
The Goo Goo Dolls;Iris;2611;-34;2.01;20260609
Sam Fender;Rein Me In;2509;-334;0.653;20260609
Olivia Dean;Rein Me In;2509;-334;0.653;20260609
Michael Jackson;Don't Stop 'Til You Get Enough;2508;382;0.263;20260609
Daniel Pemberton;Eternia;2492;-580;0.013;20260609
Brian May;Eternia;2492;-580;0.013;20260609
aespa;LEMONADE;2481;400;0.06;20260609
Michael Jackson;Thriller;2419;-433;1.099;20260609
SK.music;Inside My Soul;2400;2045;0.003;20260609
Kimo Sounds;After the fall;2370;477;0.005;20260609
Dara;Bangaranga;2337;-101;0.17;20260609
Evanescence;Bring Me to Life;2260;736;1.648;20260609
Fireball Woman on Fire;Burning down the past;2237;2096;0.002;20260609
Temper City;Self Aware;2175;1043;0.047;20260609
Bad Bunny;NUEVAYoL;2175;-585;0.917;20260609
IngaRose;Celebrate Me;2127;150;0.429;20260609
Keith Urban;Magnet And Steel;2114;-857;0.018;20260609
Forrest Frank;OKAY;2090;-130;0.063;20260609
The Bausa;Magnetic;2081;611;0.148;20260609
SOUL ARCHIVE ROOM;Let Them Talk;2053;2053;0.037;20260609
Ac/Dc;Thunderstruck;2027;283;4.133;20260609
金在中;Burn;2010;2010;0.002;20260609
Elton John;The Bitch Is Back;2001;-519;0.065;20260609
Ella Langley;I Can't Love You Anymore;1994;-224;0.148;20260609
Morgan Wallen;I Can't Love You Anymore;1994;-224;0.148;20260609
Kara Holt;I Did It Tired;1952;577;0.003;20260609
Metallica;Fixxxer;1947;1947;0.002;20260609
Bad Bunny;DtMF;1879;103;1.115;20260609
Nash Blackwood;Love Me At My Lowest;1848;-115;0.042;20260609
Ella Langley;you look like you love me;1817;-353;1.26;20260609
Riley Green;you look like you love me;1817;-353;1.26;20260609
Coldplay;Viva la Vida;1797;797;7.008;20260609
Kimo Sounds;Rise Slow;1784;-9;0.016;20260609
Mauvais Djo;Pilé;1779;783;0.018;20260609
mikeeysmind;Papaoutai;1761;-273;0.911;20260609
Chill77;Papaoutai;1761;-273;0.911;20260609
Unjaps;Papaoutai;1761;-273;0.911;20260609
ARASHI;Five;1726;-112;0.147;20260609
Evanescence;Who Will You Follow;1724;-19;0.135;20260609
Ricchi;Sarà perché ti amo;1684;-871;1.583;20260609
Poveri;Sarà perché ti amo;1684;-871;1.583;20260609
Luke Combs;Be By You;1662;216;0.247;20260609
Lynn Melodi;North Wind Calls;1653;1219;0.003;20260609
Christina Perri;A Thousand Years;1630;295;8.307;20260609
Ae! Group;DEKOBOKO LIFE;1600;1067;0.017;20260609
Justin Bieber;DAISIES;1597;872;1.026;20260609
SixTONES;Flower Cloud;1597;-126;0.005;20260609
XXXTENTACION;Moonlight;1597;-632;0.767;20260609
Bonnie Tyler;Holding Out for a Hero;1595;1502;0.233;20260609
Noah Kahan;Orbiter;1585;100;0.029;20260609
VYRA~Nova;Always You;1567;131;0.014;20260609
sombr;12 to 12;1552;-43;1.161;20260609
Keith Urban;We Go Back;1536;-55;0.03;20260609
Gordo;Loco Loco;1534;764;0.193;20260609
Reinier Zonneveld;Loco Loco;1534;764;0.193;20260609
Survivor;Eye of the Tiger;1533;-60;2.476;20260609
Bad Bunny;BAILE INoLVIDABLE;1529;159;0.516;20260609
Sia;Unstoppable;1520;-185;7.628;20260609
Helene Fischer;Heute Nacht;1510;-181;0.032;20260609
sakanaction;Yoru No Odoriko;1508;-30;0.076;20260609
T.I.;LET 'EM KNOW;1489;562;0.167;20260609
Ati242;Her Nerdeysen;1483;95;0.568;20260609
LE SSERAFIM;BOOMPALA;1482;-42;0.074;20260609
Keisuke Kuwata;AKANE On My Mind~Scared of Manju;1479;-29;0.003;20260609
SIENNA SPIRO;Material Lover;1475;-582;0.058;20260609
Benson Boone;Beautiful Things;1467;462;7.24;20260609
Teddy Swims;Lose Control;1424;263;7.408;20260609
Manon Lisa;Le Petit Pêcheur;1423;511;0.028;20260609
ILLIT;It's Me;1421;-285;0.08;20260609
Justen de Wildt;Cheerio;1396;-70;0.086;20260609
B'z;完全無欠;1395;-84;0.016;20260609
Mauvais Djo;Maladie;1391;441;0.007;20260609
The Rolling Stones;In The Stars;1379;300;0.139;20260609
BABYMONSTER;CHOOM;1375;752;0.085;20260609
Coldplay;A Sky Full of Stars;1352;968;11.283;20260609
Zeroworry Music;Better Than Revenge;1349;554;0.026;20260609
Little Glee Monster;Ichirin;1341;76;0.031;20260609
Dermot Kennedy;Funeral;1338;-149;0.224;20260609
Dave;Raindance;1335;-477;0.374;20260609
Tems;Raindance;1335;-477;0.374;20260609
Eminem;Lose Yourself;1316;553;3.794;20260609
M!LK;Sukisugite METSU;1315;-107;0.279;20260609
Todoroki Hajime;Deep Dive;1311;-268;0.003;20260609
Earth;September;1307;431;1.285;20260609
Wind;September;1307;431;1.285;20260609
Fire;September;1307;431;1.285;20260609
Aitana;SUPERESTRELLA;1303;182;0.265;20260609
The Menzingers;Better Angels;1298;1298;0.001;20260609
VAUNDY;fly away;1290;73;0.068;20260609
DDRMondbasis;Guten Morgen Sportsfreunde;1288;619;0.016;20260609
Klaus Kosmonaut;Guten Morgen Sportsfreunde;1288;619;0.016;20260609
Milky;Just the Way You Are;1265;473;0.122;20260609
ARASHI;Monster;1265;-50;0.031;20260609
Suzane;Je t'accuse;1251;1220;0.043;20260609
SIENNA SPIRO;Die On This Hill;1241;-352;0.67;20260609
ARASHI;Happiness;1241;-127;0.042;20260609
By Индия;Шадэ;1240;290;0.042;20260609
Xcho;Шадэ;1240;290;0.042;20260609
МОТ;Шадэ;1240;290;0.042;20260609
CortexUS;Not Broken;1238;510;0.064;20260609
Ella Bright;Girl That I Am;1232;32;0.04;20260609
Myles Smith;Hold Me In The Dark;1231;33;0.018;20260609
Michael Jackson;Bad;1230;280;0.186;20260609
Zara Larsson;Midnight Sun;1221;-576;0.234;20260609
Lola Young;Messy;1211;-81;4.141;20260609
ReoNa;CLUTCH;1210;84;0.002;20260609
Zhang Zi Ning;A Heartbeat's Turn;1209;-542;0.03;20260609
Rex;A Heartbeat's Turn;1209;-542;0.03;20260609
Myles Smith;Stay;1203;-167;0.347;20260609
Keisuke Kuwata;HITOTARASHI;1193;23;0.055;20260609
Kygo;Save My Love;1184;-153;0.097;20260609
Khalid;Save My Love;1184;-153;0.097;20260609
Gryffin;Save My Love;1184;-153;0.097;20260609
Ankara Echoes;Beni Al;1183;126;0.042;20260609
Drake;NOKIA;1183;-186;1.879;20260609
MAMAMOO;4 Flowers;1173;50;0.012;20260609
Electric Callboy;Let The Good Times Roll;1171;-1118;0.021;20260609
JI BLUE;KESHIKI;1170;168;0.014;20260609
JO1;KESHIKI;1170;168;0.014;20260609
INI;KESHIKI;1170;168;0.014;20260609
BTS;Into the Sun;1165;454;0.191;20260609
Ambre;j'me demande;1153;-211;0.008;20260609
Bleu Soleil;Soleil Bleu;1148;616;0.649;20260609
LUIZA;Soleil Bleu;1148;616;0.649;20260609
OFFICIAL HIGE DANDISM;Stardust;1148;-93;0.073;20260609
S10;Safe and Sound;1147;-78;0.009;20260609
Oscar and the Wolf;Safe and Sound;1147;-78;0.009;20260609
Jackson 5;I Want You Back;1144;308;0.082;20260609
Shakira;Waka Waka;1137;348;7.339;20260609
Justin Bieber;SPEED DEMON;1135;843;0.165;20260609
Five;Keep On Movin';1125;-190;0.05;20260609
ARASHI;Love so Sweet;1125;-229;0.053;20260609
Lady Gaga;Runway;1125;463;0.403;20260609
Doechii;Runway;1125;463;0.403;20260609
Ed Sheeran;Perfect;1123;560;15.706;20260609
wiatra;Angels Above Me;1114;1114;0.001;20260609
EXXCLUSlVE;Angels Above Me;1114;1114;0.001;20260609
Broers;Angels Above Me;1114;1114;0.001;20260609
sakanaction;Kaiju;1101;243;0.47;20260609
SixTONES;Golden;1083;-265;0.004;20260609
Bad Bunny;CAFé CON RON;1078;660;0.118;20260609
Los Pleneros de la Cresta;CAFé CON RON;1078;660;0.118;20260609
Enigma;The Child In Us;1073;362;0.228;20260609
ROSÉ;APT.;1066;-76;6.415;20260609
Bruno Mars;APT.;1066;-76;6.415;20260609
Michael Jackson;They Don't Care About Us;1062;171;0.319;20260609
Elevation Worship;God I'm Just Grateful;1062;-31;0.093;20260609
Chandler Moore;God I'm Just Grateful;1062;-31;0.093;20260609
M!LK;Bakuretsu Aishiteru;1062;-86;0.152;20260609
xaviorthemachine;Her Nerdeysen;1055;324;0.1;20260609
Dev1lHawk;Her Nerdeysen;1055;324;0.1;20260609
Lady Gaga;Always Remember Us This Way;1048;236;9.486;20260609
Tatsuya Kitani;HIDANE;1041;1041;0.07;20260609
David Guetta;Gone Gone Gone;1037;109;1.018;20260609
Teddy Swims;Gone Gone Gone;1037;109;1.018;20260609
Tones And I;Gone Gone Gone;1037;109;1.018;20260609
Myles Smith;Stargazing;1032;-208;2.603;20260609
The Killers;Mr. Brightside;1030;-493;1.725;20260609
French Montana;Ever Since U Left Me;1021;-422;0.005;20260609
Max B;Ever Since U Left Me;1021;-422;0.005;20260609
Remy Ma;Ever Since U Left Me;1021;-422;0.005;20260609
Muse;Nightshift Superstar;1015;-1402;0.04;20260609
Ella Langley;Dandelion;1008;98;0.211;20260609
Natasha Bedingfield;Unwritten;1002;388;1.039;20260609
Taylor Swift;I Knew It, I Knew You;20434;-2096;0.135;20260610
Shakira;Dai Dai;13959;4518;0.273;20260610
Burna Boy;Dai Dai;13959;4518;0.273;20260610
The Second Voice;LET ME BE;11701;677;1.064;20260610
Ariana Grande;hate that i made you love me;10849;-2061;0.248;20260610
Madonna;Love Sensation;9961;-1519;0.09;20260610
The Chemical Brothers;Go;9195;4;0.864;20260610
Michael Jackson;Billie Jean;8292;-908;1.198;20260610
HUNTR/X;Golden;8276;-81;5.105;20260610
EJAE;Golden;8276;-81;5.105;20260610
AUDREY NUNA;Golden;8276;-81;5.105;20260610
REI AMI;Golden;8276;-81;5.105;20260610
KPop Demon Hunters Cast;Golden;8276;-81;5.105;20260610
Ella Langley;Choosin' Texas;7891;1163;1.257;20260610
HUGEL;Movin' To The Sun;7800;-89;0.162;20260610
Imael Angel;Movin' To The Sun;7800;-89;0.162;20260610
Ultra Naté;Movin' To The Sun;7800;-89;0.162;20260610
Michael Jackson;Beat It;7689;1230;0.691;20260610
Alex Warren;FEVER DREAM;7665;457;0.885;20260610
David Guetta;Run Run River;7528;-315;0.055;20260610
Alok;Run Run River;7528;-315;0.055;20260610
Stick Figure;Run Run River;7528;-315;0.055;20260610
Alex Warren;Ordinary;7392;-428;5.832;20260610
Benny Rivers;Step by Step in Time;7353;1211;0.255;20260610
Madonna;Bring Your Love;7315;777;0.217;20260610
Sabrina Carpenter;Bring Your Love;7315;777;0.217;20260610
RAYE;WHERE IS MY HUSBAND;7198;-1593;2.756;20260610
DJ.ILHAM;DIGIDI DIGIDI;6884;629;0.107;20260610
Olivia Dean;So Easy;6404;193;1.567;20260610
Taylor Swift;The Fate of Ophelia;6358;1186;3.447;20260610
Bebe Rexha;New Religion;6191;690;0.702;20260610
Faithless;New Religion;6191;690;0.702;20260610
Olivia Rodrigo;drop dead;5976;76;0.463;20260610
Tame Impala;Dracula;5898;438;0.579;20260610
JENNIE;Dracula;5898;438;0.579;20260610
Teddy Swims;Mr. Know It All;5527;1208;0.312;20260610
Saxboy Billy;The Puerto Rico Song;5523;1138;0.142;20260610
HUGEL;Jamaican;5426;598;0.501;20260610
SOLTO (FR);Jamaican;5426;598;0.501;20260610
Bruno Mars;I Just Might;5400;-1340;1.731;20260610
BABYMONSTER;SUGAR HONEY ICE TEA;5326;-1656;0.022;20260610
She's All Music;Because We Jive All Night Long;5276;979;0.014;20260610
Michael Jackson;Thriller;5250;2831;1.104;20260610
BTS;SWIM;4928;-455;0.891;20260610
Josh Fawaz;Like a Prayer;4838;716;0.374;20260610
Olivia Dean;Man I Need;4713;-426;2.48;20260610
STELLA LEFTY;Boston;4646;-80;0.165;20260610
Bruno Mars;Risk It All;4371;-192;0.631;20260610
Harry Styles;Sign of the Times;4235;1149;4.906;20260610
Olivia Rodrigo;the cure;4228;821;0.138;20260610
Michael Jackson;Human Nature;4211;460;0.335;20260610
Laga;RAISE THE BANNER;4171;-155;0.02;20260610
Madonna;I Feel So Free;4149;-492;0.242;20260610
The Kid LAROI;GIRLS;4064;-127;0.129;20260610
VELCHEVA VIBE;I call it life;4060;-353;0.057;20260610
Cameron Whitcomb;Kingdom of Fear;3762;-677;0.335;20260610
SK.music;Inside My Soul;3754;1354;0.007;20260610
Justin Bieber;Beauty and a Beat;3553;-943;2.55;20260610
BOYNEXTDOOR;VIRAL;3547;-193;0.011;20260610
Michael Jackson;Smooth Criminal;3471;821;0.466;20260610
G Flip;Bed on Fire;3437;416;0.091;20260610
MDB;Angels Above Me;3428;33;0.115;20260610
Shaboozey;Cowgirl;3394;-554;0.029;20260610
DJ Goja;Mi Chico;3392;637;0.026;20260610
Ragal Ironbull;VALHALLA CALLING;3301;60;0.319;20260610
The Beaches;Edge of the Earth;3254;-446;0.104;20260610
sombr;Homewrecker;3219;300;0.439;20260610
Sam Fender;Rein Me In;3141;632;0.656;20260610
Olivia Dean;Rein Me In;3141;632;0.656;20260610
Harry Styles;American Girls;2923;-633;0.443;20260610
Kimo Sounds;After the fall;2894;524;0.008;20260610
Tame Impala;Dracula;2856;11;0.425;20260610
Dust;You Problem;2841;87;0.116;20260610
Harmony;You Problem;2841;87;0.116;20260610
Taylor Swift;Opalite;2808;-627;1.882;20260610
Slayyyter;DANCE...;2724;-763;0.043;20260610
IngaRose;Celebrate Me;2615;488;0.431;20260610
Ella Langley;Be Her;2599;-263;0.389;20260610
sombr;12 to 12;2589;1037;1.163;20260610
Dara;Bangaranga;2569;232;0.172;20260610
Djo;End of Beginning;2552;-260;1.929;20260610
Michael Jackson;Don't Stop 'Til You Get Enough;2541;33;0.265;20260610
Interpol;See Out Loud;2505;1846;0.003;20260610
Ella Langley;you look like you love me;2498;681;1.262;20260610
Riley Green;you look like you love me;2498;681;1.262;20260610
The Goo Goo Dolls;Iris;2444;-167;2.012;20260610
Shaboozey;A Bar Song;2432;-1053;4.862;20260610
The Bausa;Magnetic;2414;333;0.151;20260610
Nash Blackwood;Love Me At My Lowest;2395;547;0.044;20260610
Interpol;This Mirror Weighs a Ton;2367;2063;0.003;20260610
Jernblod;Greenland;2357;-511;0.061;20260610
Ac/Dc;Thunderstruck;2334;307;4.135;20260610
Jernblod;Shieldmaiden;2318;-542;0.018;20260610
Kara Holt;I Did It Tired;2310;358;0.006;20260610
Fireball Woman on Fire;Burning down the past;2119;-118;0.004;20260610
Lady Gaga;Die With A Smile;2114;-1697;7.507;20260610
Bruno Mars;Die With A Smile;2114;-1697;7.507;20260610
Elton John;The Bitch Is Back;2076;75;0.067;20260610
Zara Larsson;Lush Life;2025;-1653;2.802;20260610
Ella Langley;I Can't Love You Anymore;2020;26;0.15;20260610
Morgan Wallen;I Can't Love You Anymore;2020;26;0.15;20260610
ANOTR;Talk To You;1997;-1332;0.252;20260610
Ella Bright;Baby Now That I Found You;1977;-1096;0.087;20260610
Forrest Frank;OKAY;1947;-143;0.065;20260610
Lady Gaga;Always Remember Us This Way;1934;886;9.488;20260610
Alex Warren;PASSENGER;1894;-1031;0.028;20260610
aespa;LEMONADE;1885;-596;0.062;20260610
Temper City;Self Aware;1806;-369;0.049;20260610
BABYMONSTER;CHOOM;1782;407;0.087;20260610
XXXTENTACION;Moonlight;1777;180;0.769;20260610
Bad Bunny;NUEVAYoL;1773;-402;0.918;20260610
Shakira;Zoo;1763;1288;0.622;20260610
ARASHI;Five;1718;-8;0.149;20260610
Guns N' Roses;Sweet Child o' Mine;1712;964;2.405;20260610
Disturbed;The Sound of Silence;1693;810;10.315;20260610
Yusei Yagi;Game Changer;1669;974;0.002;20260610
Kim Jae Joong;Burn;1664;1664;0.002;20260610
Zara Larsson;Midnight Sun;1635;414;0.236;20260610
Dave;Raindance;1632;297;0.376;20260610
Tems;Raindance;1632;297;0.376;20260610
Gordo;Loco Loco;1624;90;0.194;20260610
Reinier Zonneveld;Loco Loco;1624;90;0.194;20260610
SIENNA SPIRO;Die On This Hill;1609;368;0.671;20260610
Ricchi;Sarà perché ti amo;1602;-82;1.584;20260610
Poveri;Sarà perché ti amo;1602;-82;1.584;20260610
Billy Ray Cyrus;You're Not Here;1600;1600;0.002;20260610
Michael Jackson;Bad;1587;357;0.188;20260610
Kimo Sounds;Rise Slow;1587;-197;0.018;20260610
Linkin Park;Numb;1584;627;1.368;20260610
The Killers;Mr. Brightside;1573;543;1.727;20260610
Teddy Swims;Lose Control;1573;149;7.409;20260610
Abdull vocals;Alhamdullilah;1571;1259;0.002;20260610
Evanescence;Bring Me to Life;1569;-691;1.65;20260610
sakanaction;Yoru No Odoriko;1568;60;0.077;20260610
SIENNA SPIRO;Material Lover;1546;71;0.059;20260610
Billie Eilish;BIRDS OF A FEATHER;1541;587;5.94;20260610
Ae! Group;DEKOBOKO LIFE;1538;-62;0.018;20260610
Disney;Zoo;1526;-1517;0.578;20260610
Shakira;Zoo;1526;-1517;0.578;20260610
Justen de Wildt;Cheerio;1524;128;0.088;20260610
Bad Bunny;DtMF;1515;-364;1.117;20260610
Lynn Melodi;North Wind Calls;1511;-142;0.004;20260610
B'z;完全無欠;1508;113;0.017;20260610
Luke Combs;Be By You;1503;-159;0.248;20260610
Drake;NOKIA;1483;300;1.88;20260610
Keisuke Kuwata;AKANE On My Mind~Scared of Manju;1479;0;0.004;20260610
Helene Fischer;Heute Nacht;1475;-35;0.034;20260610
JAY B;Layback;1469;1469;0.001;20260610
mikeeysmind;Papaoutai;1464;-297;0.912;20260610
Chill77;Papaoutai;1464;-297;0.912;20260610
Unjaps;Papaoutai;1464;-297;0.912;20260610
Dermot Kennedy;Funeral;1455;117;0.225;20260610
VAUNDY;fly away;1454;164;0.07;20260610
KAROL G;Si Antes Te Hubiera Conocido;1454;788;1.89;20260610
Coldplay;A Sky Full of Stars;1451;99;11.284;20260610
SixTONES;Flower Cloud;1450;-147;0.007;20260610
Sting;Fields of Gold;1431;1431;0.225;20260610
Keith Urban;Magnet And Steel;1428;-686;0.019;20260610
INI;Sand Castle;1422;1422;0.001;20260610
Shakira;Waka Waka;1415;278;7.341;20260610
Daniel Pemberton;Eternia;1397;-1095;0.014;20260610
Brian May;Eternia;1397;-1095;0.014;20260610
IDOLiSH7;Resonant Pulses;1395;1395;0.001;20260610
Creedence Clearwater Revival;Have You Ever Seen the Rain;1376;774;0.893;20260610
Evanescence;Who Will You Follow;1364;-360;0.136;20260610
Lady Gaga;Runway;1363;238;0.405;20260610
Doechii;Runway;1363;238;0.405;20260610
ILLIT;It's Me;1357;-64;0.081;20260610
Drake;Janice STFU;1345;391;0.077;20260610
Justin Bieber;DAISIES;1342;-255;1.027;20260610
The Beatles;Here Comes the Sun;1335;759;0.836;20260610
Eddie Dalton;Somewhere Along The Way;1335;761;0.241;20260610
Sal da Vinci;Per sempre sì;1335;443;0.249;20260610
JI BLUE;KESHIKI;1290;120;0.015;20260610
JO1;KESHIKI;1290;120;0.015;20260610
INI;KESHIKI;1290;120;0.015;20260610
Aitana;SUPERESTRELLA;1282;-21;0.266;20260610
Gracie Abrams;Hit the Wall;1281;609;0.058;20260610
Draugr Beatz;Fijord Moonlight;1273;387;0.015;20260610
Nakayama Festa (CV: Shino Shimoji);You Aim A;1265;1265;0.001;20260610
Espoir City (CV: Asaka);You Aim A;1265;1265;0.001;20260610
Symboli Kris S (CV: Meiku Harukawa);You Aim A;1265;1265;0.001;20260610
Gentildonna (CV: Yu Serizawa);You Aim A;1265;1265;0.001;20260610
Almond Eye (CV: Kaori Ishihara);You Aim A;1265;1265;0.001;20260610
Kiseki (CV: Seena Hoshiki);You Aim A;1265;1265;0.001;20260610
Forever Young (CV: Shuri Miyumi);You Aim A;1265;1265;0.001;20260610
Umamusume: Pretty Derby;You Aim A;1265;1265;0.001;20260610
Christina Perri;A Thousand Years;1246;-384;8.308;20260610
Sakurazaka46;Lonesome rabbit;1242;344;0.009;20260610
Eikichi Yazawa;BORDER;1241;239;0.01;20260610
Mauvais Djo;Pilé;1222;-557;0.019;20260610
BTS;Into the Sun;1219;54;0.192;20260610
Bad Bunny;BAILE INoLVIDABLE;1219;-310;0.517;20260610
Benson Boone;Beautiful Things;1217;-250;7.241;20260610
Little Glee Monster;Ichirin;1217;-124;0.033;20260610
BEYOOOOONDS;ハイテンション;1193;1193;0.001;20260610
Luna Azul;Butterflies;1180;562;0.014;20260610
Elton John;Cold Heart;1171;310;8.035;20260610
Dua Lipa;Cold Heart;1171;310;8.035;20260610
M!LK;Sukisugite METSU;1170;-145;0.281;20260610
Myles Smith;Stay;1168;-35;0.348;20260610
BTS;Hooligan;1160;371;0.253;20260610
Kenshi Yonezu;IRIS OUT;1151;1151;0.371;20260610
Myles Smith;Stargazing;1149;117;2.604;20260610
Michael Jackson;They Don't Care About Us;1139;77;0.32;20260610
CortexUS;Not Broken;1127;-111;0.065;20260610
ARASHI;Happiness;1125;-116;0.044;20260610
Michael Jackson;Man In the Mirror;1124;466;0.252;20260610
Keith Urban;We Go Back;1121;-415;0.032;20260610
By Индия;Шадэ;1120;-120;0.043;20260610
Xcho;Шадэ;1120;-120;0.043;20260610
МОТ;Шадэ;1120;-120;0.043;20260610
Fred De Palma;LA TESTA GIRA;1085;188;0.06;20260610
Anitta;LA TESTA GIRA;1085;188;0.06;20260610
Emis Killa;LA TESTA GIRA;1085;188;0.06;20260610
ARASHI;Monster;1083;-182;0.033;20260610
VYRA~Nova;Always You;1077;-490;0.015;20260610
Mauvais Djo;Maladie;1075;-316;0.008;20260610
Merk;PARTENOPE;1069;285;0.007;20260610
Kremont;PARTENOPE;1069;285;0.007;20260610
David Guetta;Gone Gone Gone;1067;30;1.019;20260610
Teddy Swims;Gone Gone Gone;1067;30;1.019;20260610
Tones And I;Gone Gone Gone;1067;30;1.019;20260610
Lily Campa;et si je pars;1063;1063;0.001;20260610
KITSCHKRIEG;Gut Genug;1062;658;0.006;20260610
Blumengarten;Gut Genug;1062;658;0.006;20260610
Shirin David;Gut Genug;1062;658;0.006;20260610
OFFICIAL HIGE DANDISM;Stardust;1062;-86;0.074;20260610
Survivor;Eye of the Tiger;1059;-474;2.477;20260610
Zhang Zi Ning;A Heartbeat's Turn;1057;-152;0.031;20260610
Rex;A Heartbeat's Turn;1057;-152;0.031;20260610
Jasser Labidi;Iphone Ringtone Trap;1049;341;0.378;20260610
LE SSERAFIM;BOOMPALA;1047;-435;0.075;20260610
ARASHI;Love so Sweet;1041;-84;0.054;20260610
Prospa;Free Your Mind;1034;279;0.035;20260610
Cloonee;Free Your Mind;1034;279;0.035;20260610
Ati242;Maraton;1029;229;0.094;20260610
Bleu Soleil;Soleil Bleu;1029;-119;0.65;20260610
LUIZA;Soleil Bleu;1029;-119;0.65;20260610
Jennifer Lopez;Save Me Tonight;1028;711;0.124;20260610
David Guetta;Save Me Tonight;1028;711;0.124;20260610
Earth;September;1007;-300;1.286;20260610
Wind;September;1007;-300;1.286;20260610
Fire;September;1007;-300;1.286;20260610
Keisuke Kuwata;HITOTARASHI;1002;-191;0.056;20260610
Ankara Echoes;Beni Al;1000;-183;0.043;20260610
Drake;Shabang;1000;671;0.03;20260610
Jovanotti;Buon Vento;987;47;0.021;20260610
Alfa;Buon Vento;987;47;0.021;20260610
Gala;Freed from Desire;985;368;0.848;20260610
Elevation Worship;God I'm Just Grateful;983;-79;0.094;20260610
Chandler Moore;God I'm Just Grateful;983;-79;0.094;20260610
sakanaction;Kaiju;983;-118;0.471;20260610
Taylor Swift;I Knew It, I Knew You;18053;-2381;0.153;20260611
Shakira;Dai Dai;14517;558;0.288;20260611
Burna Boy;Dai Dai;14517;558;0.288;20260611
Michael Jackson;Billie Jean;9827;1535;1.208;20260611
The Second Voice;LET ME BE;9596;-2105;1.074;20260611
RAYE;WHERE IS MY HUSBAND;9526;2328;2.766;20260611
HUGEL;Movin' To The Sun;9436;1636;0.171;20260611
Imael Angel;Movin' To The Sun;9436;1636;0.171;20260611
Ultra Naté;Movin' To The Sun;9436;1636;0.171;20260611
Ariana Grande;hate that i made you love me;8967;-1882;0.257;20260611
Benny Rivers;Step by Step in Time;8810;1457;0.264;20260611
HAN;back to life;8748;8748;0.009;20260611
Alex Warren;Ordinary;8557;1165;5.841;20260611
The Chemical Brothers;Go;8540;-655;0.873;20260611
DJ.ILHAM;DIGIDI DIGIDI;8146;1262;0.115;20260611
HUNTR/X;Golden;8088;-188;5.113;20260611
EJAE;Golden;8088;-188;5.113;20260611
AUDREY NUNA;Golden;8088;-188;5.113;20260611
REI AMI;Golden;8088;-188;5.113;20260611
KPop Demon Hunters Cast;Golden;8088;-188;5.113;20260611
Madonna;Love Sensation;7731;-2230;0.097;20260611
Ella Langley;Choosin' Texas;7669;-222;1.265;20260611
Michael Jackson;Beat It;7518;-171;0.699;20260611
Alex Warren;FEVER DREAM;7489;-176;0.892;20260611
Olivia Rodrigo;drop dead;6910;934;0.47;20260611
Bebe Rexha;New Religion;6760;569;0.709;20260611
Faithless;New Religion;6760;569;0.709;20260611
David Guetta;Run Run River;6351;-1177;0.062;20260611
Alok;Run Run River;6351;-1177;0.062;20260611
Stick Figure;Run Run River;6351;-1177;0.062;20260611
Laga;RAISE THE BANNER;6192;2021;0.026;20260611
Olivia Dean;So Easy;5889;-515;1.573;20260611
Taylor Swift;The Fate of Ophelia;5885;-473;3.453;20260611
STELLA LEFTY;Boston;5462;816;0.17;20260611
Madonna;Bring Your Love;5238;-2077;0.222;20260611
Sabrina Carpenter;Bring Your Love;5238;-2077;0.222;20260611
Tame Impala;Dracula;5229;-669;0.584;20260611
JENNIE;Dracula;5229;-669;0.584;20260611
She's All Music;Because We Jive All Night Long;5172;-104;0.02;20260611
Saxboy Billy;The Puerto Rico Song;5085;-438;0.147;20260611
SK.music;Inside My Soul;5036;1282;0.012;20260611
Olivia Dean;Man I Need;4938;225;2.485;20260611
HUGEL;Jamaican;4801;-625;0.506;20260611
SOLTO (FR);Jamaican;4801;-625;0.506;20260611
Bruno Mars;Risk It All;4743;372;0.636;20260611
BTS;SWIM;4696;-232;0.895;20260611
Teddy Swims;Mr. Know It All;4649;-878;0.317;20260611
Olivia Rodrigo;the cure;4540;312;0.143;20260611
Justin Bieber;Beauty and a Beat;4532;979;2.554;20260611
Michael Jackson;Human Nature;4485;274;0.339;20260611
VELCHEVA VIBE;I call it life;4414;354;0.061;20260611
Josh Fawaz;Like a Prayer;4365;-473;0.378;20260611
Michael Jackson;Thriller;4316;-934;1.108;20260611
Bruno Mars;I Just Might;4145;-1255;1.735;20260611
Harry Styles;American Girls;4000;1077;0.447;20260611
Cameron Whitcomb;Kingdom of Fear;3918;156;0.339;20260611
DJ Goja;Mi Chico;3817;425;0.03;20260611
The Kid LAROI;GIRLS;3791;-273;0.133;20260611
Shaboozey;Cowgirl;3783;389;0.032;20260611
BABYMONSTER;SUGAR HONEY ICE TEA;3722;-1604;0.025;20260611
Ragal Ironbull;VALHALLA CALLING;3605;304;0.323;20260611
Michael Jackson;Smooth Criminal;3555;84;0.469;20260611
Dust;You Problem;3360;519;0.119;20260611
Harmony;You Problem;3360;519;0.119;20260611
MDB;Angels Above Me;3329;-99;0.118;20260611
Madonna;I Feel So Free;3269;-880;0.246;20260611
Sam Fender;Rein Me In;3171;30;0.659;20260611
Olivia Dean;Rein Me In;3171;30;0.659;20260611
Shakira;Waka Waka;3080;1665;7.344;20260611
Lady Gaga;Die With A Smile;3080;966;7.51;20260611
Bruno Mars;Die With A Smile;3080;966;7.51;20260611
Taylor Swift;Opalite;3064;256;1.885;20260611
G Flip;Bed on Fire;3039;-398;0.094;20260611
ANOTR;Talk To You;3019;1022;0.255;20260611
SAiiLOR;LONG WAY HOME;2846;2846;0.003;20260611
Shaboozey;A Bar Song;2816;384;4.865;20260611
Transformers;The Transformers;2813;2813;0.003;20260611
Brittney Slayes;The Transformers;2813;2813;0.003;20260611
Temper City;Self Aware;2778;972;0.052;20260611
Slayyyter;DANCE...;2743;19;0.046;20260611
Disney;Zoo;2717;1191;0.581;20260611
Shakira;Zoo;2717;1191;0.581;20260611
The Beaches;Edge of the Earth;2685;-569;0.107;20260611
Zara Larsson;Lush Life;2626;601;2.805;20260611
Ella Langley;Be Her;2515;-84;0.392;20260611
Billie Eilish;BIRDS OF A FEATHER;2513;972;5.942;20260611
The Goo Goo Dolls;Iris;2500;56;2.015;20260611
Helene Fischer;Heute Nacht;2422;947;0.036;20260611
Luna Azul;Butterflies;2380;1200;0.017;20260611
sombr;Homewrecker;2366;-853;0.442;20260611
The Bausa;Magnetic;2313;-101;0.153;20260611
Bad Bunny;NUEVAYoL;2297;524;0.921;20260611
Fireball Woman on Fire;Burning down the past;2286;167;0.007;20260611
Forrest Frank;OKAY;2280;333;0.067;20260611
Djo;End of Beginning;2251;-301;1.931;20260611
Ac/Dc;Thunderstruck;2226;-108;4.137;20260611
The Killers;Mr. Brightside;2209;636;1.729;20260611
Bad Bunny;DtMF;2209;694;1.119;20260611
Nash Blackwood;Love Me At My Lowest;2198;-197;0.047;20260611
Benson Boone;Beautiful Things;2158;941;7.243;20260611
Harry Styles;Sign of the Times;2132;-2103;4.908;20260611
Lady Gaga;Always Remember Us This Way;2120;186;9.49;20260611
aespa;LEMONADE;2118;233;0.064;20260611
Jernblod;Shieldmaiden;2092;-226;0.02;20260611
Kimo Sounds;After the fall;2089;-805;0.01;20260611
BOYNEXTDOOR;VIRAL;2021;-1526;0.013;20260611
Stick Figure;Angels Above Me;2004;1071;0.21;20260611
Ella Langley;I Can't Love You Anymore;1970;-50;0.152;20260611
Morgan Wallen;I Can't Love You Anymore;1970;-50;0.152;20260611
Jernblod;Greenland;1951;-406;0.063;20260611
ARASHI;Five;1918;200;0.151;20260611
Ella Langley;you look like you love me;1878;-620;1.264;20260611
Riley Green;you look like you love me;1878;-620;1.264;20260611
Tame Impala;Dracula;1869;-987;0.427;20260611
Ricchi;Sarà perché ti amo;1818;216;1.586;20260611
Poveri;Sarà perché ti amo;1818;216;1.586;20260611
JAY B;Layback;1785;316;0.003;20260611
Dara;Bangaranga;1780;-789;0.174;20260611
Nash Blackwood;We Don't Need To Be Perfect;1746;972;0.023;20260611
SIENNA SPIRO;Material Lover;1715;169;0.061;20260611
Blooz Room;MAMA;1699;986;0.002;20260611
Alex Warren;PASSENGER;1681;-213;0.029;20260611
Summer Cem;KILLY MANJARO;1679;1398;0.002;20260611
BILLA JOE;KILLY MANJARO;1679;1398;0.002;20260611
VYRA~Nova;Always You;1661;584;0.017;20260611
Cody Johnson;Horseback;1651;1651;0.002;20260611
Dirty Thirty;Festivalwecker;1637;1283;0.003;20260611
Eddie Dalton;Somewhere Along The Way;1632;297;0.243;20260611
Zara Larsson;Midnight Sun;1625;-10;0.238;20260611
Billy Ray Cyrus;You're Not Here;1600;0;0.003;20260611
Daniel Pemberton;Eternia;1590;193;0.016;20260611
Brian May;Eternia;1590;193;0.016;20260611
LINKIN PARK;The Emptiness Machine;1573;847;1.832;20260611
Evanescence;Bring Me to Life;1570;1;1.651;20260611
sakanaction;Yoru No Odoriko;1568;0;0.079;20260611
Kara Holt;I Did It Tired;1559;-751;0.007;20260611
Ella Bright;Baby Now That I Found You;1547;-430;0.089;20260611
Justin Bieber;DAISIES;1529;187;1.028;20260611
Justin Bieber;SPEED DEMON;1528;1350;0.167;20260611
IngaRose;Celebrate Me;1511;-1104;0.433;20260611
Randy Newman;You've Got a Friend In Me;1510;653;0.258;20260611
B'z;完全無欠;1508;0;0.019;20260611
Justen de Wildt;Cheerio;1497;-27;0.089;20260611
sombr;12 to 12;1493;-1096;1.165;20260611
Bruno Mars;Count On Me;1483;631;1.918;20260611
Mrs. Green Apple;Tenbyouno Uta;1479;1479;0.252;20260611
Kimo Sounds;Rise Slow;1463;-124;0.019;20260611
Bad Bunny;BAILE INoLVIDABLE;1462;243;0.518;20260611
Luke Combs;Be By You;1462;-41;0.25;20260611
DJ Brit Bangers;The Starmer Song;1450;742;0.005;20260611
Keisuke Kuwata;AKANE On My Mind~Scared of Manju;1450;-29;0.006;20260611
mikeeysmind;Papaoutai;1446;-18;0.914;20260611
Chill77;Papaoutai;1446;-18;0.914;20260611
Unjaps;Papaoutai;1446;-18;0.914;20260611
Michael Jackson;Don't Stop 'Til You Get Enough;1442;-1099;0.267;20260611
LE SSERAFIM;BOOMPALA;1438;391;0.077;20260611
Elton John;The Bitch Is Back;1437;-639;0.068;20260611
M!LK;Sukisugite METSU;1422;252;0.282;20260611
Masaki Suda;Niji;1395;1395;0.207;20260611
KITSCHKRIEG;Gut Genug;1390;328;0.008;20260611
Blumengarten;Gut Genug;1390;328;0.008;20260611
Shirin David;Gut Genug;1390;328;0.008;20260611
Lola Young;Messy;1388;600;4.144;20260611
Ae! Group;DEKOBOKO LIFE;1368;-170;0.02;20260611
Michael Jackson;Bad;1358;-229;0.189;20260611
BTS;Into the Sun;1356;137;0.194;20260611
Draugr Beatz;Fijord Moonlight;1353;80;0.016;20260611
BTS;Hooligan;1349;189;0.254;20260611
Kan;Aiwa Katsu;1341;1341;0.025;20260611
Aitana;SUPERESTRELLA;1341;59;0.267;20260611
Kygo;Save My Love;1333;537;0.1;20260611
Khalid;Save My Love;1333;537;0.1;20260611
Gryffin;Save My Love;1333;537;0.1;20260611
Myles Smith;Stay;1327;159;0.349;20260611
DJ.ILHAM;Big Boom;1320;1224;0.015;20260611
INI;Sand Castle;1315;-107;0.003;20260611
Dermot Kennedy;Funeral;1295;-160;0.227;20260611
SixTONES;Flower Cloud;1290;-160;0.008;20260611
Shakira;Zoo;1287;-476;0.624;20260611
Keith Urban;Magnet And Steel;1281;-147;0.021;20260611
JI BLUE;KESHIKI;1265;-25;0.016;20260611
JO1;KESHIKI;1265;-25;0.016;20260611
INI;KESHIKI;1265;-25;0.016;20260611
ROSÉ;APT.;1264;343;6.418;20260611
Bruno Mars;APT.;1264;343;6.418;20260611
Drake;Janice STFU;1261;-84;0.078;20260611
Coldplay;A Sky Full of Stars;1252;-199;11.286;20260611
Michael Jackson;The Way You Make Me Feel;1244;390;0.149;20260611
Ryokuoushoku Shakai;Shirushi;1241;399;0.049;20260611
Earth;September;1235;228;1.287;20260611
Wind;September;1235;228;1.287;20260611
Fire;September;1235;228;1.287;20260611
Ankara Echoes;Beni Al;1225;225;0.044;20260611
OFFICIAL HIGE DANDISM;115万キロのフィルム;1217;1217;0.042;20260611
Prospa;Free Your Mind;1216;182;0.036;20260611
Cloonee;Free Your Mind;1216;182;0.036;20260611
Keith Urban;We Go Back;1206;85;0.033;20260611
ILLIT;It's Me;1183;-174;0.083;20260611
Five;Keep On Movin';1170;206;0.052;20260611
IDOLiSH7;Resonant Pulses;1170;-225;0.003;20260611
TeddyBear;Chaussures Roses;1159;306;0.008;20260611
XXXTENTACION;Moonlight;1156;-621;0.77;20260611
Little Glee Monster;Ichirin;1148;-69;0.034;20260611
Eikichi Yazawa;BORDER;1125;-116;0.011;20260611
Coldplay;Viva la Vida;1124;216;7.01;20260611
Zhang Zi Ning;A Heartbeat's Turn;1113;56;0.032;20260611
Rex;A Heartbeat's Turn;1113;56;0.032;20260611
Jennifer Lopez;On the Floor;1112;687;5.892;20260611
Sting;Fields of Gold;1104;-327;0.226;20260611
GReeeeN;Aiuta;1104;1104;0.09;20260611
The Chicks;Not Ready to Make Nice;1100;758;0.022;20260611
ARASHI;Happiness;1083;-42;0.045;20260611
Vaundy;飛ぶ時;1071;1071;0.015;20260611
Teddy Swims;Lose Control;1065;-508;7.41;20260611
Misia;Ainokatachi;1062;1062;0.259;20260611
By Индия;Шадэ;1051;-69;0.044;20260611
Xcho;Шадэ;1051;-69;0.044;20260611
МОТ;Шадэ;1051;-69;0.044;20260611
The Rolling Stones;In The Stars;1049;78;0.141;20260611
M!LK;Bakuretsu Aishiteru;1041;77;0.154;20260611
Michael Jackson;Man In the Mirror;1030;-94;0.253;20260611
SIENNA SPIRO;Die On This Hill;1024;-585;0.672;20260611
Aimyon;ai no hana;1021;1021;0.234;20260611
Manon Lisa;Le Petit Pêcheur;1016;49;0.03;20260611
Justin Bieber;Baby;1015;228;0.916;20260611
Drake;NOKIA;1012;-471;1.881;20260611
sakanaction;Kaiju;1002;19;0.472;20260611
Myles Smith;Hold Me In The Dark;1001;159;0.02;20260611
Suzane;Je t'accuse;998;123;0.045;20260611
Blue Swede;Hooked on a Feeling;996;996;0.008;20260611
Björn Skifs;Hooked on a Feeling;996;996;0.008;20260611
Ati242;Maraton;984;-45;0.095;20260611
Kenshi Yonezu;IRIS OUT;978;-173;0.372;20260611
Electric Callboy;Let The Good Times Roll;971;38;0.023;20260611
Adele;Rolling In the Deep;971;228;17.223;20260611
KAROL G;Si Antes Te Hubiera Conocido;971;-483;1.891;20260611
ARASHI;Monster;964;-119;0.034;20260611
BABYMONSTER;CHOOM;956;-826;0.088;20260611
Mrs. GREEN APPLE;Wind and Town;945;53;0.077;20260611
BTS;Come Over;25883;25883;0.026;20260612
Shakira;Dai Dai;19981;5464;0.308;20260612
Burna Boy;Dai Dai;19981;5464;0.308;20260612
Madonna;Bring Your Love;14976;14976;0.015;20260612
Taylor Swift;I Knew It, I Knew You;14463;-3590;0.168;20260612
Andrea Bocelli;DNA;13957;13428;0.014;20260612
David Guetta;DNA;13957;13428;0.014;20260612
EJAE;DNA;13957;13428;0.014;20260612
Megan Thee Stallion;DNA;13957;13428;0.014;20260612
LE SSERAFIM;ICONIC BY MISTAKE;12578;12578;0.013;20260612
ILLIT;ICONIC BY MISTAKE;12578;12578;0.013;20260612
KATSEYE;ICONIC BY MISTAKE;12578;12578;0.013;20260612
HAN;back to life;10581;1833;0.019;20260612
HUGEL;Movin' To The Sun;9338;-98;0.18;20260612
Imael Angel;Movin' To The Sun;9338;-98;0.18;20260612
Ultra Naté;Movin' To The Sun;9338;-98;0.18;20260612
Ariana Grande;hate that i made you love me;8050;-917;0.265;20260612
Michael Jackson;Billie Jean;8032;-1795;1.216;20260612
RAYE;WHERE IS MY HUSBAND;7643;-1883;2.773;20260612
HUNTR/X;Golden;7460;-628;5.12;20260612
EJAE;Golden;7460;-628;5.12;20260612
AUDREY NUNA;Golden;7460;-628;5.12;20260612
REI AMI;Golden;7460;-628;5.12;20260612
KPop Demon Hunters Cast;Golden;7460;-628;5.12;20260612
The Second Voice;LET ME BE;7330;-2266;1.081;20260612
Alex Warren;FEVER DREAM;7073;-416;0.899;20260612
Marilyn Manson;Exit Wound;6715;6715;0.007;20260612
The Chemical Brothers;Go;6681;-1859;0.879;20260612
DJ.ILHAM;DIGIDI DIGIDI;6661;-1485;0.122;20260612
Ella Langley;Choosin' Texas;6643;-1026;1.272;20260612
Alex Warren;Ordinary;6611;-1946;5.848;20260612
David Guetta;Run Run River;6386;35;0.068;20260612
Alok;Run Run River;6386;35;0.068;20260612
Stick Figure;Run Run River;6386;35;0.068;20260612
Michael Jackson;Beat It;6254;-1264;0.705;20260612
Bebe Rexha;New Religion;6202;-558;0.715;20260612
Faithless;New Religion;6202;-558;0.715;20260612
Olivia Rodrigo;drop dead;6128;-782;0.476;20260612
Olivia Rodrigo;stupid song;6095;6095;0.006;20260612
Benny Rivers;Step by Step in Time;5914;-2896;0.27;20260612
Saxboy Billy;The Puerto Rico Song;5226;141;0.152;20260612
STELLA LEFTY;Boston;5213;-249;0.175;20260612
Taylor Swift;The Fate of Ophelia;5206;-679;3.458;20260612
BTS;SWIM;5118;422;0.901;20260612
Backstreet Boys;Bottle Up;5116;5116;0.005;20260612
PAW Patrol;Bottle Up;5116;5116;0.005;20260612
Olivia Rodrigo;the cure;4797;257;0.148;20260612
Madonna;Love Sensation;4727;-3004;0.102;20260612
Olivia Dean;So Easy;4666;-1223;1.577;20260612
Laga;RAISE THE BANNER;4657;-1535;0.03;20260612
SK.music;Inside My Soul;4310;-726;0.016;20260612
Tove Lo;des fleurs;4129;3506;0.005;20260612
Stromae;des fleurs;4129;3506;0.005;20260612
Michael Jackson;Human Nature;4069;-416;0.343;20260612
She's All Music;Because We Jive All Night Long;4042;-1130;0.024;20260612
Ac/Dc;Thunderstruck;3917;1691;4.141;20260612
Bruno Mars;I Just Might;3914;-231;1.739;20260612
The Warning;Ritual;3896;3896;0.004;20260612
Tame Impala;Dracula;3894;-1335;0.588;20260612
JENNIE;Dracula;3894;-1335;0.588;20260612
Justin Bieber;Beauty and a Beat;3849;-683;2.558;20260612
Olivia Dean;Man I Need;3832;-1106;2.489;20260612
HUGEL;Jamaican;3827;-974;0.51;20260612
SOLTO (FR);Jamaican;3827;-974;0.51;20260612
Teddy Swims;Mr. Know It All;3794;-855;0.32;20260612
Shakira;Waka Waka;3729;649;7.348;20260612
Bruno Mars;Risk It All;3546;-1197;0.639;20260612
Josh Fawaz;Like a Prayer;3539;-826;0.382;20260612
Shaboozey;Cowgirl;3449;-334;0.036;20260612
Cameron Whitcomb;Kingdom of Fear;3323;-595;0.342;20260612
BABYMONSTER;SUGAR HONEY ICE TEA;3208;-514;0.029;20260612
Angelina Mango;Canto d’amore;3157;3157;0.003;20260612
The Kid LAROI;GIRLS;3089;-702;0.136;20260612
honestav;Crash First;3086;3086;0.003;20260612
mgk;Crash First;3086;3086;0.003;20260612
Dust;You Problem;3081;-279;0.122;20260612
Harmony;You Problem;3081;-279;0.122;20260612
Cody Johnson;Horseback;3021;1370;0.005;20260612
Madonna;Bring Your Love;2982;-2256;0.225;20260612
Sabrina Carpenter;Bring Your Love;2982;-2256;0.225;20260612
MDB;Angels Above Me;2919;-410;0.121;20260612
Michael Jackson;Smooth Criminal;2917;-638;0.472;20260612
Olivia Rodrigo;what’s wrong with me;2884;2884;0.003;20260612
Robert Smith;what’s wrong with me;2884;2884;0.003;20260612
Michael Jackson;Thriller;2840;-1476;1.111;20260612
The Warning;Ego;2838;2838;0.007;20260612
Helene Fischer;Heute Nacht;2734;312;0.039;20260612
VELCHEVA VIBE;I call it life;2663;-1751;0.064;20260612
Sam Fender;Rein Me In;2641;-530;0.662;20260612
Olivia Dean;Rein Me In;2641;-530;0.662;20260612
DJ Goja;Mi Chico;2634;-1183;0.033;20260612
BTS;Hooligan;2560;1211;0.257;20260612
Jernblod;Shieldmaiden;2542;450;0.022;20260612
Bring Me The Horizon;Black & Blue;2456;2126;0.003;20260612
Ella Langley;Be Her;2455;-60;0.394;20260612
Taylor Swift;Opalite;2450;-614;1.888;20260612
The Bausa;Magnetic;2432;119;0.155;20260612
sombr;Homewrecker;2431;65;0.444;20260612
blink-182;Don't Tell Me It's Over;2405;2405;0.002;20260612
The Warning;Kerosene;2399;2399;0.019;20260612
G Flip;Bed on Fire;2354;-685;0.096;20260612
Ricchi;Sarà perché ti amo;2329;511;1.588;20260612
Poveri;Sarà perché ti amo;2329;511;1.588;20260612
SAiiLOR;LONG WAY HOME;2324;-522;0.005;20260612
Zara Larsson;Lush Life;2278;-348;2.807;20260612
Scooter;No Rewind;2274;2274;0.002;20260612
Harry Styles;American Girls;2241;-1759;0.45;20260612
ANOTR;Talk To You;2213;-806;0.258;20260612
blink-182;Time To Break Up;2188;2188;0.002;20260612
blink-182;What Went Wrong;2178;2178;0.002;20260612
Bad Bunny;NUEVAYoL;2103;-194;0.923;20260612
Disney;Zoo;2085;-632;0.583;20260612
Shakira;Zoo;2085;-632;0.583;20260612
BTS;2.0;2043;1212;0.293;20260612
Kento Nakajima;Fiction Love;2013;2013;0.002;20260612
Billie Eilish;BIRDS OF A FEATHER;2007;-506;5.944;20260612
Temper City;Self Aware;2005;-773;0.054;20260612
Jernblod;Greenland;1970;19;0.065;20260612
Ragal Ironbull;VALHALLA CALLING;1952;-1653;0.325;20260612
Harry Styles;Sign of the Times;1879;-253;4.91;20260612
Michael Jackson;Don't Stop 'Til You Get Enough;1848;406;0.269;20260612
SIENNA SPIRO;Material Lover;1813;98;0.063;20260612
Kimo Sounds;After the fall;1797;-292;0.012;20260612
BTS;Into the Sun;1792;436;0.195;20260612
Mark Medlock;Back into the Sun;1737;1737;0.002;20260612
Ella Langley;I Can't Love You Anymore;1723;-247;0.154;20260612
Morgan Wallen;I Can't Love You Anymore;1723;-247;0.154;20260612
Randy Newman;You've Got a Friend In Me;1717;207;0.26;20260612
The Beaches;Edge of the Earth;1700;-985;0.108;20260612
Djo;End of Beginning;1693;-558;1.933;20260612
ARASHI;Five;1690;-228;0.152;20260612
Gentleman;Wildfire;1652;1652;0.002;20260612
Michael Patrick Kelly;Wildfire;1652;1652;0.002;20260612
ジャネット・ジャクソン;Doesn't Really Matter;1644;1644;0.002;20260612
BE:FIRST;Doesn't Really Matter;1644;1644;0.002;20260612
Alex Warren;PASSENGER;1633;-48;0.031;20260612
Dara;Bangaranga;1591;-189;0.176;20260612
Tame Impala;Dracula;1570;-299;0.428;20260612
DJ Brit Bangers;The Starmer Song;1568;118;0.007;20260612
KITSCHKRIEG;Gut Genug;1565;175;0.009;20260612
Blumengarten;Gut Genug;1565;175;0.009;20260612
Shirin David;Gut Genug;1565;175;0.009;20260612
Summer Cem;KILLY MANJARO;1558;-121;0.004;20260612
BILLA JOE;KILLY MANJARO;1558;-121;0.004;20260612
Matthias Reim;Die Sterne lügen;1552;1552;0.002;20260612
Eddie Dalton;Somewhere Along The Way;1550;-82;0.245;20260612
Hozier;Too Sweet;1549;1424;3.068;20260612
BABYMONSTER;CHOOM;1533;577;0.089;20260612
SIENNA SPIRO;Die On This Hill;1527;503;0.674;20260612
Myles Smith;Stargazing;1527;691;2.607;20260612
XXXTENTACION;Moonlight;1524;368;0.772;20260612
Justen de Wildt;Cheerio;1524;27;0.091;20260612
Forrest Frank;OKAY;1515;-765;0.068;20260612
sakanaction;Yoru No Odoriko;1508;-60;0.08;20260612
Aaron Lewis;The Door;1479;1479;0.001;20260612
Klaus;Viva la México;1479;1479;0.001;20260612
Klaus;Viva la México;1479;1479;0.001;20260612
Goldjungs;Viva la México;1479;1479;0.001;20260612
DJ Fabi Fiesta;Viva la México;1479;1479;0.001;20260612
Nash Blackwood;Love Me At My Lowest;1473;-725;0.048;20260612
Lady Gaga;Die With A Smile;1472;-1608;7.512;20260612
Bruno Mars;Die With A Smile;1472;-1608;7.512;20260612
Madonna;I Feel So Free;1467;-1802;0.247;20260612
B'z;完全無欠;1450;-58;0.02;20260612
Jennifer Lopez;Save Me Tonight;1432;1149;0.126;20260612
David Guetta;Save Me Tonight;1432;1149;0.126;20260612
AHOF;Sugar High;1430;1430;0.001;20260612
Billy Ray Cyrus;You're Not Here;1422;-178;0.005;20260612
Ayaka Sasaki;30 STREET;1422;1422;0.001;20260612
Shaboozey;A Bar Song;1408;-1408;4.866;20260612
LOCASH;Let The Country Music Play;1400;1400;0.001;20260612
Parmalee;Let The Country Music Play;1400;1400;0.001;20260612
Keisuke Kuwata;AKANE On My Mind~Scared of Manju;1395;-55;0.007;20260612
ILLIT;It's Me;1389;206;0.084;20260612
BTS;Body to Body;1388;779;0.346;20260612
M!LK;Sukisugite METSU;1368;-54;0.283;20260612
Lady Gaga;Always Remember Us This Way;1351;-769;9.492;20260612
Ella Langley;you look like you love me;1344;-534;1.265;20260612
Riley Green;you look like you love me;1344;-534;1.265;20260612
Myles Smith;Nice To Meet You;1323;1213;0.991;20260612
Zara Larsson;Midnight Sun;1323;-302;0.239;20260612
Ella Bright;Baby Now That I Found You;1322;-225;0.09;20260612
aespa;LEMONADE;1318;-800;0.066;20260612
Mrs. Green Apple;Tenbyouno Uta;1315;-164;0.253;20260612
Slayyyter;DANCE...;1311;-1432;0.047;20260612
Myles Smith;Stay;1298;-29;0.351;20260612
Little Glee Monster;Ichirin;1290;142;0.035;20260612
My Chemical Romance;Common People;1288;976;0.002;20260612
Candice;Impolie;1285;1285;0.001;20260612
LINKIN PARK;The Emptiness Machine;1275;-298;1.833;20260612
Ae! Group;DEKOBOKO LIFE;1265;-103;0.021;20260612
BearyTunes;Dankbar;1253;1253;0.001;20260612
Kenshi Yonezu;IRIS OUT;1246;268;0.373;20260612
Christina Perri;A Thousand Years;1242;736;8.31;20260612
JAY B;Layback;1228;-557;0.004;20260612
Aitch;RMB;1217;1217;0.001;20260612
ARASHI;Happiness;1217;134;0.046;20260612
Nash Blackwood;We Don't Need To Be Perfect;1214;-532;0.024;20260612
Five;Keep On Movin';1213;43;0.053;20260612
Aitana;SUPERESTRELLA;1212;-129;0.269;20260612
Kygo;Save My Love;1210;-123;0.101;20260612
Khalid;Save My Love;1210;-123;0.101;20260612
Gryffin;Save My Love;1210;-123;0.101;20260612
mikeeysmind;Papaoutai;1206;-240;0.915;20260612
Chill77;Papaoutai;1206;-240;0.915;20260612
Unjaps;Papaoutai;1206;-240;0.915;20260612
Maria Wirries;Now, Forever;1193;1193;0.001;20260612
L.J. Benet;Now, Forever;1193;1193;0.001;20260612
Original Broadway Cast of The Lost Boys;Now, Forever;1193;1193;0.001;20260612
Myles Smith;Hold Me In The Dark;1193;192;0.021;20260612
Wincent Weiss;Kurz für immer;1193;825;0.006;20260612
sombr;12 to 12;1172;-321;1.166;20260612
Mrs. GREEN APPLE;Wind and Town;1170;225;0.078;20260612
CORAY;Esto Es México;1167;316;0.018;20260612
Rosa Walton;I Really Want to Stay At Your House;1166;424;0.128;20260612
Hallie Coggins;I Really Want to Stay At Your House;1166;424;0.128;20260612
Blake Whiten;Barely Gettin' By;1158;1158;0.001;20260612
Bad Bunny;DtMF;1154;-1055;1.12;20260612
Michael Jackson;Bad;1151;-207;0.19;20260612
VAUNDY;fly away;1150;1150;0.071;20260612
M!LK;Bakuretsu Aishiteru;1148;107;0.155;20260612
Bruno Mars;Count On Me;1140;-343;1.919;20260612
The Fizz;A Crazy Shot in the Dark;1127;1038;0.004;20260612
natori;Puppet;1114;1114;0.001;20260612
Dave;Raindance;1108;176;0.378;20260612
Tems;Raindance;1108;176;0.378;20260612
Markus Rotano;Fantastico;1104;1104;0.001;20260612
sakanaction;Kaiju;1104;102;0.473;20260612
Roger Waters;Comfortably Numb Re-Imagined;1097;1097;0.001;20260612
Mona Miari;Comfortably Numb Re-Imagined;1097;1097;0.001;20260612
Prospa;Free Your Mind;1095;-121;0.037;20260612
Cloonee;Free Your Mind;1095;-121;0.037;20260612
Shakira;Zoo;1090;-197;0.625;20260612
Jeffrey Heesen;Loco;1088;1088;0.001;20260612
Myles Smith;Drive Safe;1083;917;0.171;20260612
Niall Horan;Drive Safe;1083;917;0.171;20260612
JI BLUE;KESHIKI;1083;-182;0.017;20260612
JO1;KESHIKI;1083;-182;0.017;20260612
INI;KESHIKI;1083;-182;0.017;20260612
Ati242;Maraton;1076;92;0.096;20260612
Zhou Shen;如煙;1076;1076;0.001;20260612
Mayday;如煙;1076;1076;0.001;20260612
Justen de Wildt;Cheerio;1076;1076;0.001;20260612
Outsiders;Cheerio;1076;1076;0.001;20260612
Blooz Room;MAMA;1066;-633;0.003;20260612
LE SSERAFIM;BOOMPALA;1064;-374;0.078;20260612
Kimo Sounds;Rise Slow;1062;-401;0.02;20260612
Dermot Kennedy;Funeral;1060;-235;0.228;20260612
Lady Gaga;Runway;1058;284;0.407;20260612
Doechii;Runway;1058;284;0.407;20260612
Luke Combs;Be By You;1056;-406;0.251;20260612
Lola Young;Messy;1046;-342;4.145;20260612
Ryokuoushoku Shakai;Shirushi;1041;-200;0.05;20260612
Robert van Hemert;Moët Dat Nou;1040;370;0.087;20260612
Donnie;Moët Dat Nou;1040;370;0.087;20260612
Earth;September;1035;-200;1.288;20260612
Wind;September;1035;-200;1.288;20260612
Fire;September;1035;-200;1.288;20260612
BTS;Come Over;25952;69;0.052;20260613
Shakira;Dai Dai;19613;-368;0.327;20260613
Burna Boy;Dai Dai;19613;-368;0.327;20260613
Taylor Swift;I Knew It, I Knew You;14032;-431;0.182;20260613
Andrea Bocelli;DNA;13888;-69;0.028;20260613
David Guetta;DNA;13888;-69;0.028;20260613
EJAE;DNA;13888;-69;0.028;20260613
Megan Thee Stallion;DNA;13888;-69;0.028;20260613
Madonna;Bring Your Love;13814;-1162;0.029;20260613
Michael Jackson;Billie Jean;11233;3201;1.227;20260613
HUGEL;Movin' To The Sun;11228;1890;0.192;20260613
Imael Angel;Movin' To The Sun;11228;1890;0.192;20260613
Ultra Naté;Movin' To The Sun;11228;1890;0.192;20260613
LE SSERAFIM;ICONIC BY MISTAKE;11146;-1432;0.024;20260613
ILLIT;ICONIC BY MISTAKE;11146;-1432;0.024;20260613
KATSEYE;ICONIC BY MISTAKE;11146;-1432;0.024;20260613
HUNTR/X;Golden;8959;1499;5.129;20260613
EJAE;Golden;8959;1499;5.129;20260613
AUDREY NUNA;Golden;8959;1499;5.129;20260613
REI AMI;Golden;8959;1499;5.129;20260613
KPop Demon Hunters Cast;Golden;8959;1499;5.129;20260613
Alex Warren;FEVER DREAM;8575;1502;0.908;20260613
Ariana Grande;hate that i made you love me;8084;34;0.273;20260613
Katy Perry;WONDER;7847;7847;0.014;20260613
The Second Voice;LET ME BE;7782;452;1.089;20260613
The Chemical Brothers;Go;7744;1063;0.887;20260613
RAYE;WHERE IS MY HUSBAND;7469;-174;2.781;20260613
Olivia Rodrigo;drop dead;7389;1261;0.483;20260613
Olivia Rodrigo;stupid song;7354;1259;0.013;20260613
Michael Jackson;Beat It;7350;1096;0.712;20260613
Alex Warren;Ordinary;7250;639;5.855;20260613
David Guetta;Run Run River;6955;569;0.075;20260613
Alok;Run Run River;6955;569;0.075;20260613
Stick Figure;Run Run River;6955;569;0.075;20260613
Ella Langley;Choosin' Texas;6817;174;1.278;20260613
DJ.ILHAM;DIGIDI DIGIDI;6659;-2;0.128;20260613
Benny Rivers;Step by Step in Time;6331;417;0.276;20260613
Bebe Rexha;New Religion;6261;59;0.721;20260613
Faithless;New Religion;6261;59;0.721;20260613
Taylor Swift;The Fate of Ophelia;5292;86;3.463;20260613
Marilyn Manson;Exit Wound;5236;-1479;0.012;20260613
HUGEL;Jamaican;5090;1263;0.515;20260613
SOLTO (FR);Jamaican;5090;1263;0.515;20260613
HAN;back to life;5084;-5497;0.024;20260613
Saxboy Billy;The Puerto Rico Song;5083;-143;0.157;20260613
BTS;SWIM;4974;-144;0.906;20260613
SK.music;Inside My Soul;4727;417;0.021;20260613
STELLA LEFTY;Boston;4694;-519;0.18;20260613
Olivia Dean;Man I Need;4580;748;2.493;20260613
Tame Impala;Dracula;4483;589;0.593;20260613
JENNIE;Dracula;4483;589;0.593;20260613
Olivia Rodrigo;the cure;4401;-396;0.152;20260613
Justin Bieber;Beauty and a Beat;4363;514;2.562;20260613
Olivia Dean;So Easy;4309;-357;1.582;20260613
Teddy Swims;Mr. Know It All;4288;494;0.325;20260613
Bruno Mars;I Just Might;4286;372;1.744;20260613
Shakira;Waka Waka;4256;527;7.352;20260613
Laga;RAISE THE BANNER;4249;-408;0.035;20260613
She's All Music;Because We Jive All Night Long;4090;48;0.028;20260613
Michael Jackson;Human Nature;4077;8;0.347;20260613
ANOTR;Talk To You;4073;1860;0.262;20260613
Michael Jackson;Smooth Criminal;3900;983;0.476;20260613
Backstreet Boys;Bottle Up;3863;-1253;0.009;20260613
PAW Patrol;Bottle Up;3863;-1253;0.009;20260613
Harry Styles;American Girls;3805;1564;0.453;20260613
Taylor Swift;Opalite;3600;1150;1.891;20260613
Bruno Mars;Risk It All;3478;-68;0.643;20260613
Josh Fawaz;Like a Prayer;3449;-90;0.385;20260613
Madonna;Love Sensation;3391;-1336;0.106;20260613
Michael Jackson;Thriller;3304;464;1.114;20260613
Shaboozey;Cowgirl;3284;-165;0.039;20260613
The Bausa;Magnetic;3191;759;0.158;20260613
Cameron Whitcomb;Kingdom of Fear;3042;-281;0.346;20260613
Bad Bunny;NUEVAYoL;3020;917;0.926;20260613
Sam Fender;Rein Me In;2923;282;0.665;20260613
Olivia Dean;Rein Me In;2923;282;0.665;20260613
VELCHEVA VIBE;I call it life;2841;178;0.066;20260613
The Kid LAROI;GIRLS;2824;-265;0.139;20260613
BABYMONSTER;SUGAR HONEY ICE TEA;2804;-404;0.031;20260613
Zara Larsson;Lush Life;2795;517;2.81;20260613
Madonna;Bring Your Love;2785;-197;0.228;20260613
Sabrina Carpenter;Bring Your Love;2785;-197;0.228;20260613
Dust;You Problem;2699;-382;0.125;20260613
Harmony;You Problem;2699;-382;0.125;20260613
sombr;Homewrecker;2644;213;0.447;20260613
Olivia Rodrigo;what’s wrong with me;2639;-245;0.006;20260613
Robert Smith;what’s wrong with me;2639;-245;0.006;20260613
Ac/Dc;Thunderstruck;2596;-1321;4.144;20260613
Harry Styles;Sign of the Times;2568;689;4.913;20260613
Michael Jackson;Don't Stop 'Til You Get Enough;2439;591;0.271;20260613
Helene Fischer;Heute Nacht;2410;-324;0.041;20260613
DJ Goja;Mi Chico;2391;-243;0.035;20260613
The Beaches;Edge of the Earth;2339;639;0.111;20260613
Ella Langley;Be Her;2334;-121;0.396;20260613
The Warning;Ritual;2322;-1574;0.006;20260613
Cody Johnson;Horseback;2240;-781;0.007;20260613
Olandria;Ola Doll Anthem;2093;1763;0.002;20260613
Temper City;Self Aware;2088;83;0.056;20260613
Disney;Zoo;2065;-20;0.585;20260613
Shakira;Zoo;2065;-20;0.585;20260613
G Flip;Bed on Fire;2062;-292;0.098;20260613
Tame Impala;Dracula;2043;473;0.43;20260613
Ella Langley;you look like you love me;2031;687;1.267;20260613
Riley Green;you look like you love me;2031;687;1.267;20260613
Slayyyter;DANCE...;2028;717;0.049;20260613
honestav;Crash First;2027;-1059;0.005;20260613
mgk;Crash First;2027;-1059;0.005;20260613
Dara;Bangaranga;2017;426;0.178;20260613
LOCASH;Let The Country Music Play;1989;589;0.003;20260613
Parmalee;Let The Country Music Play;1989;589;0.003;20260613
The xx;Intro;1948;1472;0.939;20260613
AHOF;Sugar High;1924;494;0.003;20260613
BTS;Into the Sun;1906;114;0.197;20260613
Bad Bunny;DtMF;1895;741;1.122;20260613
Billie Eilish;BIRDS OF A FEATHER;1880;-127;5.946;20260613
BearyTunes;Dankbar;1872;619;0.003;20260613
Jernblod;Shieldmaiden;1866;-676;0.024;20260613
KITSCHKRIEG;Gut Genug;1850;285;0.011;20260613
Blumengarten;Gut Genug;1850;285;0.011;20260613
Shirin David;Gut Genug;1850;285;0.011;20260613
blink-182;Don't Tell Me It's Over;1836;-569;0.004;20260613
Janet Jackson;Doesn't Really Matter;1825;1825;0.002;20260613
BE:FIRST;Doesn't Really Matter;1825;1825;0.002;20260613
The Killers;Mr. Brightside;1823;870;1.732;20260613
Ella Langley;I Can't Love You Anymore;1791;68;0.156;20260613
Morgan Wallen;I Can't Love You Anymore;1791;68;0.156;20260613
The Warning;Ego;1782;-1056;0.009;20260613
Kimo Sounds;Rise Slow;1780;718;0.022;20260613
Jernblod;Greenland;1765;-205;0.067;20260613
Forrest Frank;OKAY;1752;237;0.07;20260613
sombr;12 to 12;1739;567;1.168;20260613
ARASHI;Five;1732;42;0.154;20260613
Angelina Mango;Canto d’amore;1714;-1443;0.005;20260613
Myles Smith;Stay;1713;415;0.352;20260613
Tove Lo;des fleurs;1713;-2416;0.006;20260613
Stromae;des fleurs;1713;-2416;0.006;20260613
BTS;Hooligan;1708;-852;0.258;20260613
LINKIN PARK;The Emptiness Machine;1669;394;1.835;20260613
LISA;Goals;1653;856;0.043;20260613
Anitta;Goals;1653;856;0.043;20260613
Rema;Goals;1653;856;0.043;20260613
FIFA Sound;Goals;1653;856;0.043;20260613
mikeeysmind;Papaoutai;1645;439;0.917;20260613
Chill77;Papaoutai;1645;439;0.917;20260613
Unjaps;Papaoutai;1645;439;0.917;20260613
Kento Nakajima;Fiction Love;1642;-371;0.004;20260613
KAROL G;Si Antes Te Hubiera Conocido;1627;709;1.893;20260613
Martin Garrix;Repeat It;1609;1304;0.066;20260613
Ed Sheeran;Repeat It;1609;1304;0.066;20260613
Nogizaka46;zehinioyobazu;1604;1604;0.002;20260613
SIENNA SPIRO;Die On This Hill;1604;77;0.676;20260613
Billy Ray Cyrus;You're Not Here;1600;178;0.006;20260613
Shaboozey;A Bar Song;1598;190;4.868;20260613
Madonna;I Feel So Free;1580;113;0.249;20260613
BENNETT;Vois sur ton chemin;1564;1549;1.261;20260613
Mosimann;Soon;1551;615;0.002;20260613
Jennifer Lopez;Save Me Tonight;1550;118;0.127;20260613
David Guetta;Save Me Tonight;1550;118;0.127;20260613
Justen de Wildt;Cheerio;1539;15;0.092;20260613
SAiiLOR;LONG WAY HOME;1538;-786;0.007;20260613
sakanaction;Yoru No Odoriko;1538;30;0.082;20260613
Sia;Unstoppable;1524;530;7.632;20260613
BTS;Body to Body;1511;123;0.347;20260613
DJ Brit Bangers;The Starmer Song;1508;-60;0.008;20260613
SIENNA SPIRO;Material Lover;1506;-307;0.064;20260613
Shakira;Zoo;1488;398;0.626;20260613
Mauvais Djo;Pilé;1478;548;0.022;20260613
The Warning;Kerosene;1477;-922;0.021;20260613
Michael Jackson;Bad;1473;322;0.192;20260613
Kimo Sounds;After the fall;1468;-329;0.014;20260613
B'z;完全無欠;1450;0;0.022;20260613
Zara Larsson;Midnight Sun;1448;125;0.24;20260613
sakanaction;Kaiju;1422;318;0.474;20260613
Djo;End of Beginning;1419;-274;1.934;20260613
Keisuke Kuwata;AKANE On My Mind~Scared of Manju;1395;0;0.009;20260613
IngaRose;Celebrate Me;1383;470;0.435;20260613
Hozier;Too Sweet;1373;-176;3.07;20260613
Alex Warren;PASSENGER;1371;-262;0.032;20260613
Gentleman;Wildfire;1371;-281;0.003;20260613
Michael Patrick Kelly;Wildfire;1371;-281;0.003;20260613
M!LK;Sukisugite METSU;1368;0;0.285;20260613
aespa;LEMONADE;1364;46;0.067;20260613
Justen de Wildt;Cheerio;1358;282;0.002;20260613
Outsiders;Cheerio;1358;282;0.002;20260613
米津玄師;IRIS OUT;1341;1341;0.115;20260613
Mark Medlock;Back into the Sun;1336;-401;0.003;20260613
Journey;Don't Stop Believin';1333;397;3.693;20260613
Little Glee Monster;Ichirin;1315;25;0.036;20260613
BABYMONSTER;CHOOM;1292;-241;0.091;20260613
AI MIKAZE(CV.Shouta Aoi);アンビバレント;1290;1290;0.001;20260613
Scooter;No Rewind;1278;-996;0.004;20260613
Christina Perri;A Thousand Years;1277;35;8.311;20260613
Nash Blackwood;Love Me At My Lowest;1276;-197;0.049;20260613
Prospa;Free Your Mind;1273;178;0.038;20260613
Cloonee;Free Your Mind;1273;178;0.038;20260613
Ricchi;Sarà perché ti amo;1272;-1057;1.59;20260613
Poveri;Sarà perché ti amo;1272;-1057;1.59;20260613
blink-182;What Went Wrong;1272;-906;0.003;20260613
Klaus;Viva la México;1265;-214;0.003;20260613
Klaus;Viva la México;1265;-214;0.003;20260613
Goldjungs;Viva la México;1265;-214;0.003;20260613
DJ Fabi Fiesta;Viva la México;1265;-214;0.003;20260613
Myles Smith;Stargazing;1263;-264;2.608;20260613
Nick Morgan;No Scotland No Party;1263;354;0.016;20260613
ILLIT;It's Me;1248;-141;0.085;20260613
RANMARU KUROSAKI(CV.Tatsuhisa Suzuki);MUSIC FOR LIFE;1241;975;0.002;20260613
Aitana;SUPERESTRELLA;1229;17;0.27;20260613
Achille Lauro;Che tesoro che sei;1224;455;0.002;20260613
Antonello Venditti;Che tesoro che sei;1224;455;0.002;20260613
Blooz Room;MAMA;1221;155;0.005;20260613
Tobee;Mon Amour;1219;550;0.059;20260613
Aitch;RMB;1217;0;0.002;20260613
Wincent Weiss;Kurz für immer;1217;24;0.007;20260613
寿 嶺二(CV.森久保祥太郎)、黒崎蘭丸(CV.鈴木達央)、美風 藍(CV.蒼井翔太)、カミュ(CV.前野智昭);Ready Steady Race;1217;1217;0.001;20260613
Michael Jackson;Man In the Mirror;1210;305;0.255;20260613
Linkin Park;In the End;1203;337;1.326;20260613
Myles Smith;Drive Safe;1203;120;0.172;20260613
Niall Horan;Drive Safe;1203;120;0.172;20260613
Aina The End;On The Way;1198;850;0.38;20260613
CAMUS(CV.Tomoaki Maeno);Frost Dream;1193;1193;0.001;20260613
Eddie Dalton;Somewhere Along The Way;1193;-357;0.246;20260613
BTS;2.0;1173;-870;0.294;20260613
LE SSERAFIM;BOOMPALA;1172;108;0.079;20260613
Aaron Lewis;The Door;1170;-309;0.003;20260613
Nathan Evans;Home;1170;312;0.052;20260613
SAINT PHNX;Home;1170;312;0.052;20260613
Luke Combs;Be By You;1166;110;0.252;20260613
CORTIS;REDRED;1151;560;0.092;20260613
David Guetta;Gone Gone Gone;1143;1068;1.02;20260613
Teddy Swims;Gone Gone Gone;1143;1068;1.02;20260613
Tones And I;Gone Gone Gone;1143;1068;1.02;20260613
Ella Bright;Baby Now That I Found You;1141;-181;0.091;20260613
blink-182;Time To Break Up;1139;-1049;0.003;20260613
Teddy Swims;Lose Control;1132;274;7.412;20260613
REIJI KOTOBUKI(CV.Showtaro Morikubo);Drown in;1125;1125;0.001;20260613
Ankara Echoes;Beni Al;1120;202;0.046;20260613
HWASA;Good Goodbye;1105;172;0.408;20260613
VAUNDY;fly away;1104;-46;0.072;20260613
Jennifer Lopez;On the Floor;1100;861;5.893;20260613
disiz;melodrama;1099;503;0.241;20260613
Theodora;melodrama;1099;503;0.241;20260613
Fleetwood Mac;Landslide;1095;770;0.411;20260613
The Whiskey Brothers;Brown Eyed Girl;1095;1095;0.011;20260613
Chappell Roan;Pink Pony Club;1088;448;2.728;20260613
Jung Kook;Dreamers;1084;694;0.146;20260613
BTS;Dreamers;1084;694;0.146;20260613
ARASHI;Monster;1083;62;0.036;20260613
Keisuke Kuwata;HITOTARASHI;1062;117;0.059;20260613
The Goo Goo Dolls;Iris;1057;210;2.017;20260613
Lola Young;Messy;1042;-4;4.146;20260613
Evanescence;Bring Me to Life;1042;207;1.653;20260613
M!LK;Bakuretsu Aishiteru;1041;-107;0.156;20260613
BTS;Come Over;24674;-1278;0.077;20260614
Shakira;Dai Dai;17331;-2282;0.344;20260614
Burna Boy;Dai Dai;17331;-2282;0.344;20260614
Andrea Bocelli;DNA;12023;-1865;0.04;20260614
David Guetta;DNA;12023;-1865;0.04;20260614
EJAE;DNA;12023;-1865;0.04;20260614
Megan Thee Stallion;DNA;12023;-1865;0.04;20260614
Taylor Swift;I Knew It, I Knew You;11799;-2233;0.194;20260614
Katy Perry;WONDER;11580;3733;0.025;20260614
HUGEL;Movin' To The Sun;11451;223;0.203;20260614
Imael Angel;Movin' To The Sun;11451;223;0.203;20260614
Ultra Naté;Movin' To The Sun;11451;223;0.203;20260614
Michael Jackson;Billie Jean;11000;-233;1.238;20260614
HUNTR/X;Golden;10313;1354;5.14;20260614
EJAE;Golden;10313;1354;5.14;20260614
AUDREY NUNA;Golden;10313;1354;5.14;20260614
REI AMI;Golden;10313;1354;5.14;20260614
KPop Demon Hunters Cast;Golden;10313;1354;5.14;20260614
The Chemical Brothers;Go;8740;996;0.896;20260614
Michael Jackson;Beat It;8692;1342;0.721;20260614
Madonna;Bring Your Love;8621;-5193;0.037;20260614
RAYE;WHERE IS MY HUSBAND;8482;1013;2.789;20260614
LE SSERAFIM;ICONIC BY MISTAKE;8421;-2725;0.032;20260614
ILLIT;ICONIC BY MISTAKE;8421;-2725;0.032;20260614
KATSEYE;ICONIC BY MISTAKE;8421;-2725;0.032;20260614
Ariana Grande;hate that i made you love me;8240;156;0.281;20260614
DJ.ILHAM;DIGIDI DIGIDI;8194;1535;0.137;20260614
Alex Warren;Ordinary;7875;625;5.863;20260614
David Guetta;Run Run River;7849;894;0.083;20260614
Alok;Run Run River;7849;894;0.083;20260614
Stick Figure;Run Run River;7849;894;0.083;20260614
Alex Warren;FEVER DREAM;7709;-866;0.916;20260614
The Second Voice;LET ME BE;7457;-325;1.096;20260614
Ella Langley;Choosin' Texas;7071;254;1.285;20260614
Olivia Rodrigo;drop dead;6668;-721;0.49;20260614
Benny Rivers;Step by Step in Time;6205;-126;0.282;20260614
Olivia Rodrigo;stupid song;6091;-1263;0.02;20260614
Bebe Rexha;New Religion;5990;-271;0.727;20260614
Faithless;New Religion;5990;-271;0.727;20260614
Justin Bieber;Beauty and a Beat;5745;1382;2.568;20260614
BTS;SWIM;5330;356;0.911;20260614
Bruno Mars;I Just Might;5245;959;1.749;20260614
STELLA LEFTY;Boston;4879;185;0.185;20260614
Michael Jackson;Smooth Criminal;4822;922;0.481;20260614
Saxboy Billy;The Puerto Rico Song;4809;-274;0.162;20260614
Tame Impala;Dracula;4685;202;0.597;20260614
JENNIE;Dracula;4685;202;0.597;20260614
HUGEL;Jamaican;4645;-445;0.519;20260614
SOLTO (FR);Jamaican;4645;-445;0.519;20260614
Taylor Swift;The Fate of Ophelia;4582;-710;3.468;20260614
Olivia Dean;So Easy;4511;202;1.586;20260614
Bruno Mars;Risk It All;4470;992;0.647;20260614
Teddy Swims;Mr. Know It All;4391;103;0.329;20260614
Michael Jackson;Human Nature;4272;195;0.352;20260614
Olivia Dean;Man I Need;4214;-366;2.498;20260614
Michael Jackson;Thriller;4206;902;1.119;20260614
Shakira;Waka Waka;4090;-166;7.356;20260614
She's All Music;Because We Jive All Night Long;4088;-2;0.032;20260614
Teddy Swims;The Door;4005;3683;3.936;20260614
Josh Fawaz;Like a Prayer;3819;370;0.389;20260614
Olivia Rodrigo;the cure;3809;-592;0.156;20260614
Harry Styles;American Girls;3734;-71;0.457;20260614
Zara Larsson;Lush Life;3576;781;2.813;20260614
sombr;Homewrecker;3452;808;0.45;20260614
ANOTR;Talk To You;3384;-689;0.265;20260614
SK.music;Inside My Soul;3271;-1456;0.024;20260614
The Bausa;Magnetic;3216;25;0.162;20260614
Shaboozey;Cowgirl;3185;-99;0.042;20260614
BABYMONSTER;SUGAR HONEY ICE TEA;3115;311;0.035;20260614
Bad Bunny;NUEVAYoL;3076;56;0.929;20260614
Sam Fender;Rein Me In;3032;109;0.668;20260614
Olivia Dean;Rein Me In;3032;109;0.668;20260614
Backstreet Boys;Bottle Up;2958;-905;0.012;20260614
PAW Patrol;Bottle Up;2958;-905;0.012;20260614
DJ Goja;Mi Chico;2819;428;0.038;20260614
Laga;RAISE THE BANNER;2792;-1457;0.037;20260614
Madonna;Love Sensation;2767;-624;0.108;20260614
Slayyyter;DANCE...;2722;694;0.052;20260614
The Alan Parsons Project;Sirius;2709;1969;0.073;20260614
Cameron Whitcomb;Kingdom of Fear;2687;-355;0.348;20260614
Ella Langley;you look like you love me;2682;651;1.27;20260614
Riley Green;you look like you love me;2682;651;1.27;20260614
Harry Styles;Sign of the Times;2673;105;4.916;20260614
Michael Jackson;Bad;2622;1149;0.195;20260614
Marilyn Manson;Exit Wound;2610;-2626;0.015;20260614
Bad Bunny;DtMF;2586;691;1.125;20260614
Ella Langley;Be Her;2559;225;0.399;20260614
G Flip;Bed on Fire;2476;414;0.101;20260614
The Kid LAROI;GIRLS;2307;-517;0.141;20260614
Teddy Swims;Lose Control;2286;1154;7.415;20260614
HAN;back to life;2277;-2807;0.027;20260614
Ella Langley;I Can't Love You Anymore;2250;459;0.158;20260614
Morgan Wallen;I Can't Love You Anymore;2250;459;0.158;20260614
Kimo Sounds;Rise Slow;2220;440;0.024;20260614
Michael Jackson;Don't Stop 'Til You Get Enough;2181;-258;0.273;20260614
Disney;Zoo;2157;92;0.587;20260614
Shakira;Zoo;2157;92;0.587;20260614
Madonna;Bring Your Love;2134;-651;0.23;20260614
Sabrina Carpenter;Bring Your Love;2134;-651;0.23;20260614
Dara;Bangaranga;2132;115;0.18;20260614
Shakira;Zoo;2128;640;0.628;20260614
Ricchi;Sarà perché ti amo;2110;838;1.592;20260614
Poveri;Sarà perché ti amo;2110;838;1.592;20260614
Forrest Frank;OKAY;2077;325;0.072;20260614
Dust;You Problem;2023;-676;0.127;20260614
Harmony;You Problem;2023;-676;0.127;20260614
Ragal Ironbull;VALHALLA CALLING;2022;1320;0.327;20260614
Tame Impala;Dracula;1981;-62;0.432;20260614
Jennifer Lopez;Save Me Tonight;1960;410;0.129;20260614
David Guetta;Save Me Tonight;1960;410;0.129;20260614
JAŸ-Z;Empire State Of Mind;1957;1939;0.012;20260614
The Beaches;Edge of the Earth;1929;-410;0.113;20260614
KITSCHKRIEG;Gut Genug;1920;70;0.013;20260614
Blumengarten;Gut Genug;1920;70;0.013;20260614
Shirin David;Gut Genug;1920;70;0.013;20260614
Ac/Dc;Thunderstruck;1889;-707;4.146;20260614
BTS;Hooligan;1858;150;0.26;20260614
Noah Graves;Jesus, I'm afraid;1854;1854;0.002;20260614
Benson Boone;Beautiful Things;1847;872;7.247;20260614
LISA;Goals;1829;176;0.045;20260614
Anitta;Goals;1829;176;0.045;20260614
Rema;Goals;1829;176;0.045;20260614
FIFA Sound;Goals;1829;176;0.045;20260614
BearyTunes;Dankbar;1785;-87;0.005;20260614
Temper City;Self Aware;1782;-306;0.058;20260614
Taylor Swift;Opalite;1775;-1825;1.893;20260614
Shaboozey;A Bar Song;1774;176;4.87;20260614
Nash Blackwood;Love Me At My Lowest;1771;495;0.051;20260614
Helene Fischer;Heute Nacht;1766;-644;0.043;20260614
Lady Gaga;Die With A Smile;1744;734;7.514;20260614
Bruno Mars;Die With A Smile;1744;734;7.514;20260614
Mauvais Djo;Pilé;1742;264;0.024;20260614
ARASHI;Five;1740;8;0.156;20260614
LOCASH;Let The Country Music Play;1729;-260;0.005;20260614
Parmalee;Let The Country Music Play;1729;-260;0.005;20260614
Kenshi Yonezu;IRIS OUT;1728;1728;0.375;20260614
sakanaction;Kaiju;1726;304;0.476;20260614
The Killers;Mr. Brightside;1718;-105;1.734;20260614
VELCHEVA VIBE;I call it life;1716;-1125;0.068;20260614
Myles Smith;Stargazing;1696;433;2.61;20260614
IngaRose;Celebrate Me;1652;269;0.437;20260614
The Whiskey Brothers;Brown Eyed Girl;1637;542;0.013;20260614
Myles Smith;Stay;1625;-88;0.354;20260614
French Montana;Ever Since U Left Me;1608;976;0.009;20260614
Max B;Ever Since U Left Me;1608;976;0.009;20260614
Remy Ma;Ever Since U Left Me;1608;976;0.009;20260614
Cody Johnson;Horseback;1606;-634;0.009;20260614
Mosimann;Soon;1603;52;0.004;20260614
Janet Jackson;Doesn't Really Matter;1600;-225;0.003;20260614
BE:FIRST;Doesn't Really Matter;1600;-225;0.003;20260614
BTS;Body to Body;1595;84;0.349;20260614
Jennifer Lopez;On the Floor;1594;494;5.895;20260614
Justen de Wildt;Cheerio;1554;15;0.094;20260614
Myles Smith;Drive Safe;1546;343;0.174;20260614
Niall Horan;Drive Safe;1546;343;0.174;20260614
Billy Ray Cyrus;You're Not Here;1538;-62;0.008;20260614
sakanaction;Yoru No Odoriko;1538;0;0.083;20260614
Lady Gaga;Always Remember Us This Way;1538;519;9.494;20260614
XXXTENTACION;Moonlight;1509;557;0.774;20260614
DJ Brit Bangers;The Starmer Song;1508;0;0.01;20260614
Michael Jackson;They Don't Care About Us;1507;1025;0.322;20260614
Tom Odell;Another Love;1504;1186;2.725;20260614
Tove Lo;des fleurs;1475;-238;0.008;20260614
Stromae;des fleurs;1475;-238;0.008;20260614
ROSÉ;APT.;1466;731;6.42;20260614
Bruno Mars;APT.;1466;731;6.42;20260614
BABYMONSTER;CHOOM;1452;160;0.092;20260614
B'z;完全無欠;1450;0;0.023;20260614
Survivor;Eye of the Tiger;1436;510;2.481;20260614
Nick Morgan;No Scotland No Party;1422;159;0.017;20260614
M!LK;Sukisugite METSU;1422;54;0.286;20260614
BTS;Into the Sun;1410;-496;0.199;20260614
Billie Eilish;BIRDS OF A FEATHER;1409;-471;5.948;20260614
寿 嶺二(CV.森久保祥太郎)、黒崎蘭丸(CV.鈴木達央)、美風 藍(CV.蒼井翔太)、カミュ(CV.前野智昭);Ready Steady Race;1395;178;0.003;20260614
Justen de Wildt;Cheerio;1393;35;0.004;20260614
Outsiders;Cheerio;1393;35;0.004;20260614
Olivia Rodrigo;what’s wrong with me;1380;-1259;0.007;20260614
Robert Smith;what’s wrong with me;1380;-1259;0.007;20260614
Nogizaka46;zehinioyobazu;1368;-236;0.003;20260614
sombr;back to friends;1368;766;0.622;20260614
SIENNA SPIRO;Material Lover;1362;-144;0.066;20260614
Sade;Cherish the Day;1354;1354;0.01;20260614
Angelina Mango;Canto d’amore;1352;-362;0.006;20260614
Alex Warren;PASSENGER;1345;-26;0.034;20260614
Myles Smith;Nice To Meet You;1334;297;0.993;20260614
Michael Jackson;Dirty Diana;1327;713;0.148;20260614
sombr;12 to 12;1321;-418;1.169;20260614
Keisuke Kuwata;AKANE On My Mind~Scared of Manju;1315;-80;0.01;20260614
Jernblod;Shieldmaiden;1314;-552;0.026;20260614
Kimo Sounds;After the fall;1303;-165;0.015;20260614
ILLIT;It's Me;1299;51;0.087;20260614
LINKIN PARK;The Emptiness Machine;1298;-371;1.836;20260614
Nathan Evans;Home;1290;120;0.054;20260614
SAINT PHNX;Home;1290;120;0.054;20260614
AI MIKAZE(CV.Shouta Aoi);アンビバレント;1290;0;0.003;20260614
寿 嶺二(CV.森久保祥太郎)、黒崎蘭丸(CV.鈴木達央)、美風 藍(CV.蒼井翔太)、カミュ(CV.前野智昭);SONG LETTER;1265;470;0.008;20260614
Gentleman;Wildfire;1253;-118;0.004;20260614
Michael Patrick Kelly;Wildfire;1253;-118;0.004;20260614
Tobee;Mon Amour;1252;33;0.061;20260614
RANMARU KUROSAKI(CV.Tatsuhisa Suzuki);MUSIC FOR LIFE;1241;0;0.003;20260614
Zara Larsson;Midnight Sun;1231;-217;0.242;20260614
Five;Keep On Movin';1230;266;0.056;20260614
DJ Chris Bernard;Die Engel Singen;1229;301;0.039;20260614
aespa;LEMONADE;1228;-136;0.068;20260614
Chappell Roan;Pink Pony Club;1224;136;2.729;20260614
CAMUS(CV.Tomoaki Maeno);Frost Dream;1217;24;0.002;20260614
Myles Smith;Hold Me In The Dark;1214;322;0.023;20260614
Wincent Weiss;Kurz für immer;1201;-16;0.009;20260614
M!LK;Bakuretsu Aishiteru;1193;152;0.157;20260614
BTS;2.0;1190;17;0.295;20260614
AHOF;Sugar High;1189;-735;0.005;20260614
Muse;Be With You;1187;756;0.089;20260614
Ae! Group;DEKOBOKO LIFE;1170;225;0.023;20260614
Eddie Dalton;Somewhere Along The Way;1163;-30;0.247;20260614
blink-182;Don't Tell Me It's Over;1160;-676;0.005;20260614
Marc Eggers;Mon Amour;1150;275;0.051;20260614
Aditotoro;Mon Amour;1150;275;0.051;20260614
Paul Frege;Mon Amour;1150;275;0.051;20260614
Teddy Swims;Bad Dreams;1150;152;3.57;20260614
VAUNDY;fly away;1148;44;0.073;20260614
Queen;Bohemian Rhapsody;1147;1005;4.412;20260614
Ankara Echoes;Beni Al;1133;13;0.047;20260614
GroßstadtEngel;Gute Laune;1130;762;0.371;20260614
Little Glee Monster;Ichirin;1125;-190;0.038;20260614
Muse;Nightshift Superstar;1122;315;0.044;20260614
Aitana;SUPERESTRELLA;1112;-117;0.271;20260614
Blooz Room;MAMA;1104;-117;0.006;20260614
REIJI KOTOBUKI(CV.Showtaro Morikubo);Drown in;1104;-21;0.002;20260614
Noah Nine;Mama, I still call your name;1097;586;0.014;20260614
Luke Combs;Be By You;1094;-72;0.253;20260614
honestav;Crash First;1093;-934;0.006;20260614
mgk;Crash First;1093;-934;0.006;20260614
Tears for Fears;Everybody Wants to Rule the World;1088;743;1.068;20260614
By Индия;Шадэ;1084;175;0.047;20260614
Xcho;Шадэ;1084;175;0.047;20260614
МОТ;Шадэ;1084;175;0.047;20260614
Klaus;Viva la México;1083;-182;0.004;20260614
Klaus;Viva la México;1083;-182;0.004;20260614
Goldjungs;Viva la México;1083;-182;0.004;20260614
DJ Fabi Fiesta;Viva la México;1083;-182;0.004;20260614
寿 嶺二(CV.森久保祥太郎)、黒崎蘭丸(CV.鈴木達央)、美風 藍(CV.蒼井翔太)、カミュ(CV.前野智昭);QUARTET CROWN;1083;388;0.011;20260614
Adieu Aru;Classique;1077;146;0.002;20260614
Stick Figure;Angels Above Me;1073;531;0.212;20260614
Creedence Clearwater Revival;Have You Ever Seen the Rain;1067;637;0.895;20260614
寿 嶺二(CV.森久保祥太郎)、黒崎蘭丸(CV.鈴木達央)、美風 藍(CV.蒼井翔太)、カミュ(CV.前野智昭);THIS IS...;1062;442;0.01;20260614
Frank Sinatra;Theme from New York, New York;1056;1056;0.169;20260614
SIENNA SPIRO;Die On This Hill;1053;-551;0.677;20260614
Bad Bunny;Tití Me Preguntó;1046;607;0.838;20260614
Aitch;RMB;1041;-176;0.003;20260614
ARASHI;Happiness;1041;20;0.048;20260614
Evanescence;Bring Me to Life;1038;-4;1.654;20260614
BTS;Come Over;22269;-2405;0.099;20260615
Shakira;Dai Dai;17403;72;0.362;20260615
Burna Boy;Dai Dai;17403;72;0.362;20260615
Taylor Swift;I Knew It, I Knew You;11662;-137;0.205;20260615
Andrea Bocelli;DNA;10999;-1024;0.051;20260615
David Guetta;DNA;10999;-1024;0.051;20260615
EJAE;DNA;10999;-1024;0.051;20260615
Megan Thee Stallion;DNA;10999;-1024;0.051;20260615
HUGEL;Movin' To The Sun;10550;-901;0.214;20260615
Imael Angel;Movin' To The Sun;10550;-901;0.214;20260615
Ultra Naté;Movin' To The Sun;10550;-901;0.214;20260615
Olivia Rodrigo;never do;9809;9809;0.01;20260615
HUNTR/X;Golden;9718;-595;5.149;20260615
EJAE;Golden;9718;-595;5.149;20260615
AUDREY NUNA;Golden;9718;-595;5.149;20260615
REI AMI;Golden;9718;-595;5.149;20260615
KPop Demon Hunters Cast;Golden;9718;-595;5.149;20260615
Michael Jackson;Billie Jean;9541;-1459;1.248;20260615
Katy Perry;WONDER;9080;-2500;0.034;20260615
The Second Voice;LET ME BE;8838;1381;1.105;20260615
Ariana Grande;hate that i made you love me;8548;308;0.29;20260615
Alex Warren;Ordinary;8497;622;5.871;20260615
Michael Jackson;Beat It;7746;-946;0.729;20260615
DJ.ILHAM;DIGIDI DIGIDI;7741;-453;0.144;20260615
David Guetta;Run Run River;7726;-123;0.09;20260615
Alok;Run Run River;7726;-123;0.09;20260615
Stick Figure;Run Run River;7726;-123;0.09;20260615
Olivia Rodrigo;stupid song;7708;1617;0.027;20260615
Olivia Rodrigo;drop dead;7412;744;0.497;20260615
RAYE;WHERE IS MY HUSBAND;7294;-1188;2.796;20260615
Ella Langley;Choosin' Texas;7208;137;1.293;20260615
The Chemical Brothers;Go;6930;-1810;0.903;20260615
LE SSERAFIM;ICONIC BY MISTAKE;6902;-1519;0.039;20260615
ILLIT;ICONIC BY MISTAKE;6902;-1519;0.039;20260615
KATSEYE;ICONIC BY MISTAKE;6902;-1519;0.039;20260615
Alex Warren;FEVER DREAM;6771;-938;0.922;20260615
Oliver Tree;Miss You;5878;5878;1.109;20260615
Robin Schulz;Miss You;5878;5878;1.109;20260615
Benny Rivers;Step by Step in Time;5860;-345;0.288;20260615
Bebe Rexha;New Religion;5489;-501;0.733;20260615
Faithless;New Religion;5489;-501;0.733;20260615
Taylor Swift;The Fate of Ophelia;5394;812;3.473;20260615
Madonna;Bring Your Love;5033;-3588;0.042;20260615
Saxboy Billy;The Puerto Rico Song;4878;69;0.167;20260615
HUGEL;Jamaican;4864;219;0.524;20260615
SOLTO (FR);Jamaican;4864;219;0.524;20260615
BTS;SWIM;4658;-672;0.916;20260615
Olivia Dean;Man I Need;4634;420;2.502;20260615
Shakira;Waka Waka;4587;497;7.361;20260615
STELLA LEFTY;Boston;4459;-420;0.189;20260615
Bruno Mars;I Just Might;4309;-936;1.753;20260615
Michael Jackson;Thriller;4296;90;1.123;20260615
Tame Impala;Dracula;4273;-412;0.602;20260615
JENNIE;Dracula;4273;-412;0.602;20260615
Olivia Rodrigo;the cure;4181;372;0.16;20260615
She's All Music;Because We Jive All Night Long;4180;92;0.036;20260615
Josh Fawaz;Like a Prayer;4120;301;0.393;20260615
Michael Jackson;Human Nature;4088;-184;0.356;20260615
SK.music;Inside My Soul;3978;707;0.028;20260615
Bruno Mars;Risk It All;3969;-501;0.651;20260615
Justin Bieber;Beauty and a Beat;3963;-1782;2.572;20260615
Teddy Swims;Mr. Know It All;3796;-595;0.333;20260615
Harry Styles;American Girls;3680;-54;0.461;20260615
Oliver Tree;Life Goes On;3673;3673;0.401;20260615
Sam Fender;Rein Me In;3671;639;0.671;20260615
Olivia Dean;Rein Me In;3671;639;0.671;20260615
Olivia Dean;So Easy;3648;-863;1.59;20260615
Teddy Swims;The Door;3639;-366;3.94;20260615
Zara Larsson;Lush Life;3454;-122;2.817;20260615
Michael Jackson;Smooth Criminal;3407;-1415;0.484;20260615
ANOTR;Talk To You;3305;-79;0.268;20260615
Djo;End of Beginning;3151;2246;1.938;20260615
Harry Styles;Sign of the Times;3114;441;4.919;20260615
Michael Jackson;Don't Stop 'Til You Get Enough;3080;899;0.276;20260615
sombr;Homewrecker;3062;-390;0.453;20260615
KITSCHKRIEG;Gut Genug;2986;1066;0.016;20260615
Blumengarten;Gut Genug;2986;1066;0.016;20260615
Shirin David;Gut Genug;2986;1066;0.016;20260615
The Alan Parsons Project;Sirius;2916;207;0.076;20260615
DJ Goja;Mi Chico;2795;-24;0.041;20260615
Taylor Swift;Opalite;2765;990;1.896;20260615
Ella Langley;you look like you love me;2755;73;1.273;20260615
Riley Green;you look like you love me;2755;73;1.273;20260615
Shaboozey;Cowgirl;2675;-510;0.045;20260615
RIIZE;Do your dance;2666;2666;0.003;20260615
Slayyyter;DANCE...;2631;-91;0.055;20260615
The Beaches;Edge of the Earth;2621;692;0.115;20260615
Ella Langley;Be Her;2610;51;0.402;20260615
BearyTunes;Dankbar;2581;796;0.007;20260615
Cameron Whitcomb;Kingdom of Fear;2543;-144;0.351;20260615
Ragal Ironbull;VALHALLA CALLING;2486;464;0.33;20260615
Shaboozey;A Bar Song;2448;674;4.872;20260615
Kimo Sounds;Rise Slow;2418;198;0.027;20260615
G Flip;Bed on Fire;2360;-116;0.103;20260615
Sade;Cherish the Day;2341;987;0.013;20260615
Michael Jackson;Bad;2339;-283;0.197;20260615
The Kid LAROI;GIRLS;2325;18;0.143;20260615
The Bausa;Magnetic;2318;-898;0.164;20260615
Kenshi Yonezu - Karasu;Raven;2300;2300;0.002;20260615
Tame Impala;Dracula;2257;276;0.434;20260615
Ella Langley;I Can't Love You Anymore;2235;-15;0.16;20260615
Morgan Wallen;I Can't Love You Anymore;2235;-15;0.16;20260615
BABYMONSTER;SUGAR HONEY ICE TEA;2233;-882;0.037;20260615
Backstreet Boys;Bottle Up;2180;-778;0.014;20260615
PAW Patrol;Bottle Up;2180;-778;0.014;20260615
Madonna;Love Sensation;2169;-598;0.111;20260615
Zeroworry Music;Better Than Revenge;2147;2147;0.029;20260615
Billie Eilish;BIRDS OF A FEATHER;2064;655;5.95;20260615
Lady Gaga;Die With A Smile;2059;315;7.516;20260615
Bruno Mars;Die With A Smile;2059;315;7.516;20260615
Myles Smith;Stay;2036;411;0.356;20260615
Ac/Dc;Thunderstruck;2009;120;4.148;20260615
Dust;You Problem;1974;-49;0.129;20260615
Harmony;You Problem;1974;-49;0.129;20260615
Laga;RAISE THE BANNER;1969;-823;0.039;20260615
Jennifer Lopez;On the Floor;1965;371;5.897;20260615
Mazzy Star;Fade Into You;1947;1342;0.315;20260615
JAŸ-Z;Empire State Of Mind;1919;-38;0.014;20260615
Temper City;Self Aware;1895;113;0.06;20260615
SIENNA SPIRO;Material Lover;1845;483;0.067;20260615
Ricchi;Sarà perché ti amo;1831;-279;1.594;20260615
Poveri;Sarà perché ti amo;1831;-279;1.594;20260615
Bad Bunny;NUEVAYoL;1813;-1263;0.931;20260615
Forrest Frank;OKAY;1761;-316;0.074;20260615
Shakira;Zoo;1760;-368;0.63;20260615
Teddy Swims;Lose Control;1752;-534;7.416;20260615
VELCHEVA VIBE;I call it life;1734;18;0.07;20260615
Bad Bunny;DtMF;1698;-888;1.126;20260615
Myles Smith;Stargazing;1694;-2;2.611;20260615
Mauvais Djo;Pilé;1687;-55;0.026;20260615
Kenshi Yonezu;IRIS OUT;1683;-45;0.376;20260615
ARASHI;Five;1669;-71;0.158;20260615
Alex Warren;PASSENGER;1665;320;0.035;20260615
Helene Fischer;Heute Nacht;1660;-106;0.045;20260615
Kimo Sounds;After the fall;1632;329;0.016;20260615
BTS;Into the Sun;1615;205;0.2;20260615
Disney;Zoo;1601;-556;0.589;20260615
Shakira;Zoo;1601;-556;0.589;20260615
Luke Combs;Be By You;1595;501;0.255;20260615
Benson Boone;Beautiful Things;1567;-280;7.249;20260615
Madonna;Bring Your Love;1557;-577;0.231;20260615
Sabrina Carpenter;Bring Your Love;1557;-577;0.231;20260615
Janet Jackson;Doesn't Really Matter;1538;-62;0.005;20260615
BE:FIRST;Doesn't Really Matter;1538;-62;0.005;20260615
sakanaction;Yoru No Odoriko;1508;-30;0.085;20260615
ILLIT;It's Me;1507;208;0.088;20260615
Noah Graves;Jesus, I'm afraid;1486;-368;0.003;20260615
BTS;Hooligan;1484;-374;0.262;20260615
サカナクション;怪獣;1484;1484;0.055;20260615
BTS;2.0;1479;289;0.296;20260615
BTS;Body to Body;1477;-118;0.35;20260615
Nash Blackwood;Love Me At My Lowest;1449;-322;0.053;20260615
Lady Gaga;Always Remember Us This Way;1441;-97;9.496;20260615
sombr;12 to 12;1433;112;1.171;20260615
Dara;Bangaranga;1430;-702;0.181;20260615
LOCASH;Let The Country Music Play;1425;-304;0.007;20260615
Parmalee;Let The Country Music Play;1425;-304;0.007;20260615
DJ Brit Bangers;The Starmer Song;1422;-86;0.011;20260615
寿 嶺二(CV.森久保祥太郎)、黒崎蘭丸(CV.鈴木達央)、美風 藍(CV.蒼井翔太)、カミュ(CV.前野智昭);Ready Steady Race;1422;27;0.004;20260615
Jennifer Lopez;Save Me Tonight;1420;-540;0.13;20260615
David Guetta;Save Me Tonight;1420;-540;0.13;20260615
DJ Chris Bernard;Die Engel Singen;1409;180;0.04;20260615
Mosimann;Soon;1396;-207;0.005;20260615
寿 嶺二(CV.森久保祥太郎)、黒崎蘭丸(CV.鈴木達央)、美風 藍(CV.蒼井翔太)、カミュ(CV.前野智昭);SONG LETTER;1395;130;0.009;20260615
XXXTENTACION;Moonlight;1388;-121;0.776;20260615
Justen de Wildt;Cheerio;1374;-180;0.095;20260615
Ella Bright;Baby Now That I Found You;1368;747;0.093;20260615
B'z;完全無欠;1368;-82;0.024;20260615
Aitana;SUPERESTRELLA;1347;235;0.272;20260615
Nick Morgan;No Scotland No Party;1341;-81;0.019;20260615
Ae! Group;DEKOBOKO LIFE;1341;171;0.025;20260615
The Goo Goo Dolls;Iris;1328;459;2.019;20260615
M!LK;Sukisugite METSU;1315;-107;0.288;20260615
LISA;Goals;1312;-517;0.046;20260615
Anitta;Goals;1312;-517;0.046;20260615
Rema;Goals;1312;-517;0.046;20260615
FIFA Sound;Goals;1312;-517;0.046;20260615
HOSHI;SNAPBACK;1306;1306;0.001;20260615
BABYMONSTER;CHOOM;1290;-162;0.093;20260615
Marilyn Manson;Exit Wound;1290;-1320;0.016;20260615
The Killers;Mr. Brightside;1289;-429;1.735;20260615
Blooz Room;MAMA;1286;182;0.007;20260615
Benson Boone;Mystical Magical;1275;1039;1.079;20260615
Aitch;RMB;1266;225;0.005;20260615
寿 嶺二(CV.森久保祥太郎)、黒崎蘭丸(CV.鈴木達央)、美風 藍(CV.蒼井翔太)、カミュ(CV.前野智昭);THIS IS...;1265;203;0.012;20260615
Dermot Kennedy;Funeral;1248;277;0.23;20260615
AI MIKAZE(CV.Shouta Aoi);アンビバレント;1241;-49;0.004;20260615
Nathan Evans;Home;1238;-52;0.055;20260615
SAINT PHNX;Home;1238;-52;0.055;20260615
Myles Smith;Drive Safe;1237;-309;0.175;20260615
Niall Horan;Drive Safe;1237;-309;0.175;20260615
Mark Medlock;Back into the Sun;1217;215;0.005;20260615
RANMARU KUROSAKI(CV.Tatsuhisa Suzuki);MUSIC FOR LIFE;1217;-24;0.004;20260615
Vincent Gross;Amore mit Mio;1214;305;0.003;20260615
Esteriore Brothers;Amore mit Mio;1214;305;0.003;20260615
French Montana;Ever Since U Left Me;1210;-398;0.01;20260615
Max B;Ever Since U Left Me;1210;-398;0.01;20260615
Remy Ma;Ever Since U Left Me;1210;-398;0.01;20260615
Alicia Keys;Empire State of Mind, Pt. 2;1200;971;1.156;20260615
Apotika Bali;JE NE M’EXCUSE PLUS D’EXISTER;1193;571;0.024;20260615
寿 嶺二(CV.森久保祥太郎)、黒崎蘭丸(CV.鈴木達央)、美風 藍(CV.蒼井翔太)、カミュ(CV.前野智昭);QUARTET CROWN;1193;110;0.012;20260615
Peter Schilling;Major Tom;1193;1021;0.268;20260615
Ed Sheeran;Photograph;1192;378;7.183;20260615
The Whiskey Brothers;Brown Eyed Girl;1192;-445;0.014;20260615
Angelina Mango;Canto d’amore;1190;-162;0.007;20260615
LINKIN PARK;The Emptiness Machine;1189;-109;1.838;20260615
Michael Jackson;Dirty Diana;1187;-140;0.149;20260615
GroßstadtEngel;Gute Laune;1185;55;0.372;20260615
Jung Kook;Dreamers;1177;397;0.148;20260615
BTS;Dreamers;1177;397;0.148;20260615
Limp Bizkit;My Way;1175;1164;0.015;20260615
Chappell Roan;Pink Pony Club;1171;-53;2.73;20260615
BTS;Magic Shop;1170;480;0.127;20260615
CAMUS(CV.Tomoaki Maeno);Frost Dream;1170;-47;0.004;20260615
Gala;Freed from Desire;1160;397;0.852;20260615
REIJI KOTOBUKI(CV.Showtaro Morikubo);Drown in;1148;44;0.003;20260615
D12;Tenderism;1147;866;0.001;20260615
Bad Bunny;BAILE INoLVIDABLE;1140;290;0.521;20260615
4 Non Blondes;What's Up;1137;635;1.339;20260615
Teddy Swims;Bad Dreams;1131;-19;3.571;20260615
aespa;LEMONADE;1124;-104;0.069;20260615
Keisuke Kuwata;AKANE On My Mind~Scared of Manju;1104;-211;0.011;20260615
Tove Lo;des fleurs;1097;-378;0.009;20260615
Stromae;des fleurs;1097;-378;0.009;20260615
Bad Bunny;CAFé CON RON;1095;260;0.122;20260615
Los Pleneros de la Cresta;CAFé CON RON;1095;260;0.122;20260615
JUN. K;Midnight Ticket;1086;1086;0.001;20260615
Myles Smith;Hold Me In The Dark;1083;-131;0.024;20260615
Five;Keep On Movin';1083;-147;0.057;20260615
VAUNDY;fly away;1083;-65;0.074;20260615
Justen de Wildt;Cheerio;1070;-323;0.005;20260615
Outsiders;Cheerio;1070;-323;0.005;20260615
Myles Smith;Nice To Meet You;1068;-266;0.994;20260615
M!LK;Bakuretsu Aishiteru;1062;-131;0.158;20260615
Justin Bieber;DAISIES;1059;762;1.031;20260615
Men at Work;Down Under;1056;221;0.398;20260615
Survivor;Eye of the Tiger;1052;-384;2.482;20260615
Madonna;I Feel So Free;1050;279;0.25;20260615
Marc Eggers;Mon Amour;1041;-109;0.052;20260615
Aditotoro;Mon Amour;1041;-109;0.052;20260615
Paul Frege;Mon Amour;1041;-109;0.052;20260615
Little Glee Monster;Ichirin;1041;-84;0.039;20260615
乃木坂46;是非に及ばず;1038;1038;0.001;20260615
Zara Larsson;Midnight Sun;1032;-199;0.243;20260615
mikeeysmind;Papaoutai;1023;416;0.918;20260615
Chill77;Papaoutai;1023;416;0.918;20260615
Unjaps;Papaoutai;1023;416;0.918;20260615
Wincent Weiss;Kurz für immer;1021;-180;0.01;20260615
BTS;Come Over;19108;-3161;0.118;20260616
Shakira;Dai Dai;15880;-1523;0.378;20260616
Burna Boy;Dai Dai;15880;-1523;0.378;20260616
Taylor Swift;I Knew It, I Knew You;11923;261;0.217;20260616
HUGEL;Movin' To The Sun;11060;510;0.225;20260616
Imael Angel;Movin' To The Sun;11060;510;0.225;20260616
Ultra Naté;Movin' To The Sun;11060;510;0.225;20260616
Michael Jackson;Billie Jean;10315;774;1.258;20260616
RAYE;WHERE IS MY HUSBAND;9809;2515;2.806;20260616
HUNTR/X;Golden;9267;-451;5.158;20260616
EJAE;Golden;9267;-451;5.158;20260616
AUDREY NUNA;Golden;9267;-451;5.158;20260616
REI AMI;Golden;9267;-451;5.158;20260616
KPop Demon Hunters Cast;Golden;9267;-451;5.158;20260616
Ariana Grande;hate that i made you love me;9232;684;0.299;20260616
DJ.ILHAM;DIGIDI DIGIDI;8805;1064;0.153;20260616
Oliver Tree;Miss You;8279;2401;1.117;20260616
Robin Schulz;Miss You;8279;2401;1.117;20260616
David Guetta;Run Run River;8271;545;0.099;20260616
Alok;Run Run River;8271;545;0.099;20260616
Stick Figure;Run Run River;8271;545;0.099;20260616
Andrea Bocelli;DNA;8219;-2780;0.06;20260616
David Guetta;DNA;8219;-2780;0.06;20260616
EJAE;DNA;8219;-2780;0.06;20260616
Megan Thee Stallion;DNA;8219;-2780;0.06;20260616
Alex Warren;FEVER DREAM;7944;1173;0.93;20260616
Alex Warren;Ordinary;7633;-864;5.879;20260616
Ella Langley;Choosin' Texas;7382;174;1.3;20260616
The Second Voice;LET ME BE;7370;-1468;1.112;20260616
Michael Jackson;Beat It;6630;-1116;0.735;20260616
The Chemical Brothers;Go;6538;-392;0.909;20260616
Olivia Rodrigo;drop dead;5859;-1553;0.503;20260616
LE SSERAFIM;ICONIC BY MISTAKE;5818;-1084;0.045;20260616
ILLIT;ICONIC BY MISTAKE;5818;-1084;0.045;20260616
KATSEYE;ICONIC BY MISTAKE;5818;-1084;0.045;20260616
Katy Perry;WONDER;5675;-3405;0.04;20260616
Olivia Dean;So Easy;5560;1912;1.595;20260616
Bebe Rexha;New Religion;5234;-255;0.738;20260616
Faithless;New Religion;5234;-255;0.738;20260616
SK.music;Inside My Soul;5123;1145;0.033;20260616
Oliver Tree;Life Goes On;4930;1257;0.406;20260616
Olivia Rodrigo;stupid song;4923;-2785;0.032;20260616
Kimo Sounds;Rise Slow;4874;2456;0.032;20260616
Bruno Mars;I Just Might;4836;527;1.758;20260616
HUGEL;Jamaican;4835;-29;0.529;20260616
SOLTO (FR);Jamaican;4835;-29;0.529;20260616
Olivia Rodrigo;never do;4763;-5046;0.015;20260616
Saxboy Billy;The Puerto Rico Song;4744;-134;0.172;20260616
BTS;SWIM;4692;34;0.92;20260616
STELLA LEFTY;Boston;4502;43;0.194;20260616
Bruno Mars;Risk It All;4282;313;0.655;20260616
Harry Styles;Sign of the Times;4230;1116;4.923;20260616
Teddy Swims;Mr. Know It All;4154;358;0.337;20260616
Olivia Dean;Man I Need;4134;-500;2.506;20260616
Tame Impala;Dracula;4070;-203;0.606;20260616
JENNIE;Dracula;4070;-203;0.606;20260616
Taylor Swift;The Fate of Ophelia;3932;-1462;3.477;20260616
She's All Music;Because We Jive All Night Long;3926;-254;0.04;20260616
ANOTR;Talk To You;3795;490;0.272;20260616
Justin Bieber;Beauty and a Beat;3780;-183;2.576;20260616
Shaboozey;Cowgirl;3695;1020;0.049;20260616
Josh Fawaz;Like a Prayer;3603;-517;0.397;20260616
sombr;Homewrecker;3586;524;0.457;20260616
Zara Larsson;Lush Life;3584;130;2.82;20260616
Michael Jackson;Thriller;3545;-751;1.126;20260616
Michael Jackson;Human Nature;3389;-699;0.359;20260616
The Kid LAROI;GIRLS;3366;1041;0.147;20260616
Cameron Whitcomb;Kingdom of Fear;3302;759;0.354;20260616
Sam Fender;Rein Me In;3256;-415;0.675;20260616
Olivia Dean;Rein Me In;3256;-415;0.675;20260616
Temper City;Self Aware;3253;1358;0.063;20260616
Taylor Swift;Opalite;3157;392;1.899;20260616
DJ Goja;Mi Chico;3112;317;0.044;20260616
Madonna;Bring Your Love;3078;1521;0.235;20260616
Sabrina Carpenter;Bring Your Love;3078;1521;0.235;20260616
Harry Styles;American Girls;3044;-636;0.464;20260616
The Bausa;Magnetic;2970;652;0.167;20260616
Madonna;Love Sensation;2937;768;0.113;20260616
Teddy Swims;The Door;2897;-742;3.943;20260616
Olivia Rodrigo;the cure;2816;-1365;0.163;20260616
Ragal Ironbull;VALHALLA CALLING;2804;318;0.333;20260616
KITSCHKRIEG;Gut Genug;2776;-210;0.019;20260616
Blumengarten;Gut Genug;2776;-210;0.019;20260616
Shirin David;Gut Genug;2776;-210;0.019;20260616
Dust;You Problem;2756;782;0.132;20260616
Harmony;You Problem;2756;782;0.132;20260616
Shakira;Waka Waka;2741;-1846;7.363;20260616
Madonna;Bring Your Love;2741;-2292;0.045;20260616
The Alan Parsons Project;Sirius;2636;-280;0.078;20260616
The Rolling Stones;In The Stars;2580;2141;0.146;20260616
Ella Langley;Be Her;2579;-31;0.404;20260616
Slayyyter;DANCE...;2554;-77;0.057;20260616
Michael Jackson;Smooth Criminal;2539;-868;0.487;20260616
Ella Langley;you look like you love me;2532;-223;1.275;20260616
Riley Green;you look like you love me;2532;-223;1.275;20260616
Shaboozey;A Bar Song;2524;76;4.875;20260616
Dara;Bangaranga;2445;1015;0.184;20260616
Kara Holt;I Did It Tired;2428;2054;0.012;20260616
Bad Bunny;NUEVAYoL;2395;582;0.933;20260616
SIENNA SPIRO;Material Lover;2383;538;0.07;20260616
Ac/Dc;Thunderstruck;2363;354;4.15;20260616
The Beaches;Edge of the Earth;2354;-267;0.118;20260616
Benson Boone;Beautiful Things;2341;774;7.251;20260616
Tame Impala;Dracula;2314;57;0.437;20260616
The Rolling Stones;Rough And Twisted;2267;2015;0.085;20260616
RIIZE;Do your dance;2266;-400;0.005;20260616
G Flip;Bed on Fire;2226;-134;0.105;20260616
Djo;End of Beginning;2169;-982;1.94;20260616
Ella Langley;I Can't Love You Anymore;2163;-72;0.162;20260616
Morgan Wallen;I Can't Love You Anymore;2163;-72;0.162;20260616
Madonna;I Feel So Free;2149;1099;0.253;20260616
Mark Medlock;Back into the Sun;2149;932;0.007;20260616
BearyTunes;Dankbar;2148;-433;0.01;20260616
Tesla;Never Alone;2137;2137;0.002;20260616
Shakira;Zoo;2054;294;0.632;20260616
sombr;12 to 12;2014;581;1.173;20260616
Kenshi Yonezu - Karasu;Raven;2003;-297;0.004;20260616
BTS;Hooligan;1940;456;0.264;20260616
Journey;Don't Stop Believin';1926;1087;3.697;20260616
ILLIT;It's Me;1901;394;0.09;20260616
Sade;Cherish the Day;1898;-443;0.014;20260616
Michael Jackson;Bad;1895;-444;0.199;20260616
Nash Blackwood;We Don't Need To Be Perfect;1875;1269;0.028;20260616
Zeroworry Music;Better Than Revenge;1873;-274;0.031;20260616
Billie Eilish;BIRDS OF A FEATHER;1828;-236;5.952;20260616
BTS;Into the Sun;1809;194;0.202;20260616
Mauvais Djo;Pilé;1800;113;0.027;20260616
BABYMONSTER;SUGAR HONEY ICE TEA;1791;-442;0.039;20260616
BTS;2.0;1786;307;0.298;20260616
The Georgia Satellites;Keep Your Hands to Yourself;1761;1761;0.002;20260616
Oliver Tree;Cowboys Don’t Cry;1754;1385;0.007;20260616
i-dle;Crow;1752;1167;0.002;20260616
Myles Smith;Stargazing;1743;49;2.613;20260616
Helene Fischer;Heute Nacht;1741;81;0.047;20260616
Lady Gaga;Die With A Smile;1726;-333;7.518;20260616
Bruno Mars;Die With A Smile;1726;-333;7.518;20260616
Justin Bieber;DAISIES;1722;663;1.033;20260616
Dave;Raindance;1699;870;0.382;20260616
Tems;Raindance;1699;870;0.382;20260616
Forrest Frank;OKAY;1693;-68;0.076;20260616
IngaRose;Celebrate Me;1682;882;0.439;20260616
SIENNA SPIRO;Die On This Hill;1664;655;0.679;20260616
The Goo Goo Dolls;Iris;1661;333;2.02;20260616
BTS;Body to Body;1661;184;0.352;20260616
Jennifer Lopez;On the Floor;1651;-314;5.899;20260616
Myles Smith;Stay;1645;-391;0.358;20260616
Imael Angel;I'm Alive;1644;1420;0.01;20260616
米津玄師;IRIS OUT;1626;1626;0.117;20260616
Kimo Sounds;After the fall;1619;-13;0.018;20260616
Disney;Zoo;1617;16;0.59;20260616
Shakira;Zoo;1617;16;0.59;20260616
sakanaction;Kaiju;1607;1607;0.478;20260616
Laga;RAISE THE BANNER;1600;-369;0.041;20260616
The Killers;Mr. Brightside;1593;304;1.737;20260616
Ae! Group;DEKOBOKO LIFE;1568;227;0.026;20260616
ARASHI;Five;1558;-111;0.159;20260616
Bad Bunny;DtMF;1550;-148;1.128;20260616
Teddy Swims;Lose Control;1542;-210;7.418;20260616
Dire Straits;Money for Nothing;1524;1344;0.351;20260616
JAŸ-Z;Empire State Of Mind;1518;-401;0.016;20260616
Nash Blackwood;Love Me At My Lowest;1517;68;0.054;20260616
sakanaction;Yoru No Odoriko;1508;0;0.086;20260616
Janet Jackson;Doesn't Really Matter;1479;-59;0.006;20260616
BE:FIRST;Doesn't Really Matter;1479;-59;0.006;20260616
Luke Combs;Be By You;1454;-141;0.256;20260616
Backstreet Boys;Bottle Up;1452;-728;0.016;20260616
PAW Patrol;Bottle Up;1452;-728;0.016;20260616
Survivor;Eye of the Tiger;1445;393;2.483;20260616
mikeeysmind;Papaoutai;1445;422;0.92;20260616
Chill77;Papaoutai;1445;422;0.92;20260616
Unjaps;Papaoutai;1445;422;0.92;20260616
Drake;NOKIA;1433;574;1.885;20260616
Martin Garrix;Repeat It;1430;911;0.069;20260616
Ed Sheeran;Repeat It;1430;911;0.069;20260616
Jennifer Lopez;Save Me Tonight;1428;8;0.132;20260616
David Guetta;Save Me Tonight;1428;8;0.132;20260616
Myles Smith;Hold Me In The Dark;1403;320;0.025;20260616
M!LK;Sukisugite METSU;1395;80;0.289;20260616
Michael Jackson;Don't Stop 'Til You Get Enough;1385;-1695;0.278;20260616
Prospa;Free Your Mind;1376;401;0.041;20260616
Cloonee;Free Your Mind;1376;401;0.041;20260616
Dimash Qudaibergen;Aqerke;1374;1374;0.001;20260616
Hatsuboshi Gakuen;Sugar Flavor;1368;1368;0.001;20260616
Mao Arimura;Sugar Flavor;1368;1368;0.001;20260616
Rinami Himesaki;Sugar Flavor;1368;1368;0.001;20260616
Chappell Roan;Pink Pony Club;1348;177;2.731;20260616
Alex Warren;PASSENGER;1345;-320;0.037;20260616
寿 嶺二(CV.森久保祥太郎)、黒崎蘭丸(CV.鈴木達央)、美風 藍(CV.蒼井翔太)、カミュ(CV.前野智昭);Ready Steady Race;1341;-81;0.005;20260616
Justen de Wildt;Cheerio;1341;-33;0.097;20260616
Five;Keep On Movin';1334;251;0.058;20260616
Coldplay;A Sky Full of Stars;1320;602;11.289;20260616
VELCHEVA VIBE;I call it life;1317;-417;0.071;20260616
Nick Morgan;No Scotland No Party;1315;-26;0.02;20260616
B'z;完全無欠;1315;-53;0.026;20260616
Linkin Park;In the End;1310;534;1.329;20260616
DJ Brit Bangers;The Starmer Song;1290;-132;0.013;20260616
寿 嶺二(CV.森久保祥太郎)、黒崎蘭丸(CV.鈴木達央)、美風 藍(CV.蒼井翔太)、カミュ(CV.前野智昭);SONG LETTER;1290;-105;0.01;20260616
Tones and I;Dance Monkey;1266;1200;9.082;20260616
Evanescence;Bring Me to Life;1261;375;1.656;20260616
VAUNDY;fly away;1250;167;0.075;20260616
XXXTENTACION;Moonlight;1242;-146;0.777;20260616
AI MIKAZE(CV.Shouta Aoi);アンビバレント;1241;0;0.005;20260616
Dermot Kennedy;Funeral;1240;-8;0.232;20260616
Gala;Freed from Desire;1231;71;0.853;20260616
Justen de Wildt;Cheerio;1231;161;0.006;20260616
Outsiders;Cheerio;1231;161;0.006;20260616
Aitch;RMB;1217;-49;0.006;20260616
寿 嶺二(CV.森久保祥太郎)、黒崎蘭丸(CV.鈴木達央)、美風 藍(CV.蒼井翔太)、カミュ(CV.前野智昭);THIS IS...;1217;-48;0.013;20260616
LOCASH;Let The Country Music Play;1216;-209;0.008;20260616
Parmalee;Let The Country Music Play;1216;-209;0.008;20260616
BTS;Like Animals;1211;278;0.222;20260616
Milky;Just the Way You Are;1201;304;0.127;20260616
M!LK;Bakuretsu Aishiteru;1193;131;0.159;20260616
Elton John;The Bitch Is Back;1187;256;0.072;20260616
Myles Smith;Drive Safe;1179;-58;0.176;20260616
Niall Horan;Drive Safe;1179;-58;0.176;20260616
Yung Miami;Spend Dat;1164;162;0.019;20260616
RANMARU KUROSAKI(CV.Tatsuhisa Suzuki);MUSIC FOR LIFE;1148;-69;0.005;20260616
Noah Graves;Jesus, I'm afraid;1144;-342;0.004;20260616
Antonio Banderas;Canción del Mariachi;1141;127;0.022;20260616
Los Lobos;Canción del Mariachi;1141;127;0.022;20260616
Zenar;Te conocí;1135;1104;0.004;20260616
Diane Butler;Stay When I'm Hard To Love;1130;258;0.006;20260616
Earth;September;1126;328;1.291;20260616
Wind;September;1126;328;1.291;20260616
Fire;September;1126;328;1.291;20260616
Queen Butterfly;Piss Em’ Off;1125;198;0.009;20260616
寿 嶺二(CV.森久保祥太郎)、黒崎蘭丸(CV.鈴木達央)、美風 藍(CV.蒼井翔太)、カミュ(CV.前野智昭);QUARTET CROWN;1125;-68;0.013;20260616
Sia;Unstoppable;1121;150;7.635;20260616
Backstreet Boys;Shape of My Heart;1120;137;0.135;20260616
Eddie Dalton;Somewhere Along The Way;1115;127;0.249;20260616
Tove Lo;des fleurs;1110;13;0.01;20260616
Stromae;des fleurs;1110;13;0.01;20260616
REIJI KOTOBUKI(CV.Showtaro Morikubo);Drown in;1104;-44;0.004;20260616
Blooz Room;MAMA;1103;-183;0.008;20260616
Lola Young;Messy;1100;416;4.148;20260616
Elevation Worship;God I'm Just Grateful;1083;119;0.098;20260616
Chandler Moore;God I'm Just Grateful;1083;119;0.098;20260616
CAMUS(CV.Tomoaki Maeno);Frost Dream;1083;-87;0.005;20260616
CORTIS;REDRED;1078;371;0.094;20260616
Eminem;Lose Yourself;1065;751;3.798;20260616
Diane Butler;I Miss You More;1059;517;0.002;20260616
Noah Kahan;Orbiter;1054;291;0.035;20260616
Bruno Mars;Count On Me;1051;891;1.921;20260616
By Индия;Шадэ;1047;271;0.049;20260616
Xcho;Шадэ;1047;271;0.049;20260616
МОТ;Шадэ;1047;271;0.049;20260616
Shakira;Dai Dai;18950;3070;0.397;20260617
Burna Boy;Dai Dai;18950;3070;0.397;20260617
BTS;Come Over;16162;-2946;0.134;20260617
Taylor Swift;I Knew It, I Knew You;12019;96;0.229;20260617
HUGEL;Movin' To The Sun;11419;359;0.236;20260617
Imael Angel;Movin' To The Sun;11419;359;0.236;20260617
Ultra Naté;Movin' To The Sun;11419;359;0.236;20260617
Ariana Grande;hate that i made you love me;10822;1590;0.31;20260617
RAYE;WHERE IS MY HUSBAND;9196;-613;2.815;20260617
HUNTR/X;Golden;9133;-134;5.168;20260617
EJAE;Golden;9133;-134;5.168;20260617
AUDREY NUNA;Golden;9133;-134;5.168;20260617
REI AMI;Golden;9133;-134;5.168;20260617
KPop Demon Hunters Cast;Golden;9133;-134;5.168;20260617
Michael Jackson;Billie Jean;8965;-1350;1.267;20260617
Olivia Rodrigo;drop dead;8717;2858;0.512;20260617
Motionless In White;R.I.P.;8311;8311;0.008;20260617
Skylar Grey;R.I.P.;8311;8311;0.008;20260617
SK.music;Inside My Soul;8004;2881;0.041;20260617
DJ.ILHAM;DIGIDI DIGIDI;7749;-1056;0.161;20260617
Alex Warren;Ordinary;7661;28;5.887;20260617
David Guetta;Run Run River;7597;-674;0.106;20260617
Alok;Run Run River;7597;-674;0.106;20260617
Stick Figure;Run Run River;7597;-674;0.106;20260617
The Chemical Brothers;Go;7553;1015;0.917;20260617
Andrea Bocelli;DNA;7257;-962;0.067;20260617
David Guetta;DNA;7257;-962;0.067;20260617
EJAE;DNA;7257;-962;0.067;20260617
Megan Thee Stallion;DNA;7257;-962;0.067;20260617
Noah Nine;Mama, I still call your name;7093;6851;0.022;20260617
Bruno Mars;I Just Might;6962;2126;1.765;20260617
Alex Warren;FEVER DREAM;6689;-1255;0.937;20260617
Ella Langley;Choosin' Texas;6687;-695;1.307;20260617
Michael Jackson;Beat It;6175;-455;0.742;20260617
Oliver Tree;Miss You;5993;-2286;1.123;20260617
Robin Schulz;Miss You;5993;-2286;1.123;20260617
She's All Music;Because We Jive All Night Long;5803;1877;0.046;20260617
Olivia Dean;So Easy;5792;232;1.601;20260617
Ac/Dc;Thunderstruck;5709;3346;4.156;20260617
Oliver Tree;Life Goes On;5705;775;0.412;20260617
The Second Voice;LET ME BE;5336;-2034;1.118;20260617
BTS;SWIM;5271;579;0.925;20260617
Olivia Dean;Man I Need;5095;961;2.511;20260617
STELLA LEFTY;Boston;4861;359;0.199;20260617
Olivia Rodrigo;stupid song;4804;-119;0.037;20260617
Tame Impala;Dracula;4770;700;0.611;20260617
JENNIE;Dracula;4770;700;0.611;20260617
LE SSERAFIM;ICONIC BY MISTAKE;4755;-1063;0.05;20260617
ILLIT;ICONIC BY MISTAKE;4755;-1063;0.05;20260617
KATSEYE;ICONIC BY MISTAKE;4755;-1063;0.05;20260617
The Alan Parsons Project;Sirius;4637;2001;0.083;20260617
Michael Jackson;Human Nature;4540;1151;0.364;20260617
Bebe Rexha;New Religion;4523;-711;0.743;20260617
Faithless;New Religion;4523;-711;0.743;20260617
DJ Goja;Mi Chico;4498;1386;0.048;20260617
Cameron Whitcomb;Kingdom of Fear;4419;1117;0.358;20260617
Saxboy Billy;The Puerto Rico Song;4303;-441;0.176;20260617
HUGEL;Jamaican;4200;-635;0.533;20260617
SOLTO (FR);Jamaican;4200;-635;0.533;20260617
Teddy Swims;Mr. Know It All;4185;31;0.341;20260617
Kimo Sounds;Rise Slow;4142;-732;0.036;20260617
Shaboozey;Cowgirl;3759;64;0.052;20260617
ANOTR;Talk To You;3705;-90;0.276;20260617
Zara Larsson;Lush Life;3687;103;2.824;20260617
Sam Fender;Rein Me In;3601;345;0.678;20260617
Olivia Dean;Rein Me In;3601;345;0.678;20260617
Harry Styles;American Girls;3577;533;0.467;20260617
Bruno Mars;Risk It All;3523;-759;0.659;20260617
Taylor Swift;The Fate of Ophelia;3424;-508;3.48;20260617
Harry Styles;Sign of the Times;3398;-832;4.926;20260617
Justin Bieber;Beauty and a Beat;3326;-454;2.579;20260617
Ragal Ironbull;VALHALLA CALLING;3319;515;0.336;20260617
Michael Jackson;Thriller;3300;-245;1.13;20260617
BearyTunes;Glaub an dich;3289;3289;0.003;20260617
Katy Perry;WONDER;3280;-2395;0.043;20260617
Josh Fawaz;Like a Prayer;3218;-385;0.4;20260617
The Bausa;Magnetic;3112;142;0.17;20260617
sombr;Homewrecker;3035;-551;0.46;20260617
KITSCHKRIEG;Gut Genug;3030;254;0.022;20260617
Blumengarten;Gut Genug;3030;254;0.022;20260617
Shirin David;Gut Genug;3030;254;0.022;20260617
Kara Holt;I Did It Tired;3024;596;0.015;20260617
BearyTunes;Dankbar;2881;733;0.013;20260617
Djo;End of Beginning;2824;655;1.943;20260617
Tame Impala;Dracula;2790;476;0.44;20260617
Bad Bunny;DtMF;2754;1204;1.131;20260617
Michael Jackson;Smooth Criminal;2750;211;0.489;20260617
Madonna;Bring Your Love;2711;-367;0.237;20260617
Sabrina Carpenter;Bring Your Love;2711;-367;0.237;20260617
Ella Langley;Be Her;2643;64;0.407;20260617
Shakira;Waka Waka;2607;-134;7.366;20260617
SIENNA SPIRO;Material Lover;2551;168;0.072;20260617
Temper City;Self Aware;2515;-738;0.066;20260617
Shakira;Zoo;2461;407;0.635;20260617
Ella Langley;you look like you love me;2449;-83;1.278;20260617
Riley Green;you look like you love me;2449;-83;1.278;20260617
Olivia Rodrigo;the cure;2445;-371;0.165;20260617
Kimo Sounds;After the fall;2429;810;0.021;20260617
Lady Gaga;Die With A Smile;2425;699;7.52;20260617
Bruno Mars;Die With A Smile;2425;699;7.52;20260617
Forrest Frank;OKAY;2352;659;0.078;20260617
The Rolling Stones;In The Stars;2342;-238;0.148;20260617
sombr;12 to 12;2176;162;1.175;20260617
BTS;Aliens;2159;2102;0.113;20260617
IngaRose;Celebrate Me;2146;464;0.441;20260617
Taylor Swift;Opalite;2144;-1013;1.901;20260617
Lingling Kwong;Hurt and Love;2140;2140;0.002;20260617
Orm Kornnaphat;Hurt and Love;2140;2140;0.002;20260617
XXXTENTACION;Moonlight;2116;874;0.779;20260617
The Kid LAROI;GIRLS;2115;-1251;0.149;20260617
Noah Nine;Goodbye;2093;2093;0.002;20260617
Ella Langley;I Can't Love You Anymore;2080;-83;0.165;20260617
Morgan Wallen;I Can't Love You Anymore;2080;-83;0.165;20260617
Nash Blackwood;We Don't Need To Be Perfect;2070;195;0.03;20260617
Dust;You Problem;2069;-687;0.134;20260617
Harmony;You Problem;2069;-687;0.134;20260617
BTS;2.0;2020;234;0.3;20260617
G Flip;Bed on Fire;1980;-246;0.107;20260617
Noah Nine;Alone;1942;1942;0.002;20260617
Nash Blackwood;Love Me At My Lowest;1936;419;0.056;20260617
Mauvais Djo;Pilé;1916;116;0.029;20260617
Gala;Freed from Desire;1912;681;0.855;20260617
Noah Nine;A Man Can Cry;1910;1639;0.002;20260617
Michael Jackson;Don't Stop 'Til You Get Enough;1882;497;0.28;20260617
The Beaches;Edge of the Earth;1853;-501;0.12;20260617
Takuya Kimura;celery;1847;1847;0.002;20260617
BABYMONSTER;SUGAR HONEY ICE TEA;1830;39;0.04;20260617
米津玄師 - 烏;Raven;1793;1793;0.002;20260617
Disney;Zoo;1778;161;0.592;20260617
Shakira;Zoo;1778;161;0.592;20260617
BTS;Hooligan;1766;-174;0.265;20260617
Billie Eilish;BIRDS OF A FEATHER;1765;-63;5.953;20260617
BTS;Into the Sun;1757;-52;0.204;20260617
Myles Smith;Hold Me In The Dark;1752;349;0.027;20260617
aespa;LEMONADE;1725;912;0.072;20260617
Bad Bunny;NUEVAYoL;1676;-719;0.935;20260617
ROSÉ;APT.;1656;666;6.423;20260617
Bruno Mars;APT.;1656;666;6.423;20260617
Dara;Bangaranga;1642;-803;0.185;20260617
Metallica;Nothing Else Matters;1640;1441;4.506;20260617
Sia;Unstoppable;1639;518;7.637;20260617
Lola Young;Messy;1629;529;4.15;20260617
Muse;Be With You;1625;677;0.092;20260617
Jennifer Lopez;Save Me Tonight;1623;195;0.134;20260617
David Guetta;Save Me Tonight;1623;195;0.134;20260617
Madonna;Love Sensation;1612;-1325;0.115;20260617
Alex Warren;PASSENGER;1610;265;0.038;20260617
Shaboozey;A Bar Song;1586;-938;4.876;20260617
The Killers;Mr. Brightside;1583;-10;1.738;20260617
M!LK;Maji Destiny;1568;1568;0.002;20260617
Laga;RAISE THE BANNER;1566;-34;0.043;20260617
sakanaction;Kaiju;1561;-46;0.479;20260617
Ella Bright;Baby Now That I Found You;1555;884;0.096;20260617
Olivia Rodrigo;never do;1544;-3219;0.016;20260617
Jennifer Lopez;On the Floor;1505;-146;5.9;20260617
Kenshi Yonezu;IRIS OUT;1494;1494;0.378;20260617
The Rolling Stones;Rough And Twisted;1491;-776;0.086;20260617
Ae! Group;DEKOBOKO LIFE;1479;-89;0.028;20260617
MONKEY MAJIK;Unstoppable;1456;1456;0.001;20260617
KAWANISHI TAKUMI;Unstoppable;1456;1456;0.001;20260617
sakanaction;Yoru No Odoriko;1450;-58;0.088;20260617
RIIZE;Do your dance;1449;-817;0.006;20260617
Teddy Swims;The Door;1447;-1450;3.944;20260617
Natalie Imbruglia;Algorithm;1442;919;0.002;20260617
Justen de Wildt;Cheerio;1440;99;0.098;20260617
Lisa Gerrard;Now We Are Free;1423;875;0.474;20260617
Gavin Greenaway;Now We Are Free;1423;875;0.474;20260617
The Lyndhurst Orchestra;Now We Are Free;1423;875;0.474;20260617
Bruce Fowler;Now We Are Free;1423;875;0.474;20260617
Yvonne S. Moriarty;Now We Are Free;1423;875;0.474;20260617
Walt Fowler;Now We Are Free;1423;875;0.474;20260617
Ladd McIntosh;Now We Are Free;1423;875;0.474;20260617
Elizabeth Finch;Now We Are Free;1423;875;0.474;20260617
Jack Smalley;Now We Are Free;1423;875;0.474;20260617
Hans Zimmer;Now We Are Free;1423;875;0.474;20260617
Teddy Swims;Lose Control;1423;-119;7.419;20260617
Christina Perri;A Thousand Years;1422;573;8.315;20260617
ARASHI;Five;1422;-136;0.161;20260617
Zara Larsson;Midnight Sun;1411;573;0.245;20260617
Luke Combs;Be By You;1407;-47;0.258;20260617
Mark Medlock;Back into the Sun;1406;-743;0.009;20260617
Markus Rotano;Fantastico;1395;1395;0.003;20260617
amazarashi - I'll Buy You a Brand New Crown;Crown shinsha de katte ageru;1395;1395;0.001;20260617
Janet Jackson;Doesn't Really Matter;1368;-111;0.008;20260617
BE:FIRST;Doesn't Really Matter;1368;-111;0.008;20260617
Nick Morgan;No Scotland No Party;1367;52;0.021;20260617
ILLIT;It's Me;1359;-542;0.091;20260617
Noah Kahan;The Great Divide;1355;776;0.241;20260617
Boney M.;Rasputin;1341;645;0.537;20260617
Myles Smith;Stargazing;1339;-404;2.615;20260617
Kygo;Save My Love;1336;421;0.105;20260617
Khalid;Save My Love;1336;421;0.105;20260617
Gryffin;Save My Love;1336;421;0.105;20260617
John Denver;Take Me Home, Country Roads;1332;935;0.644;20260617
Jovanotti;Buon Vento;1328;544;0.027;20260617
Alfa;Buon Vento;1328;544;0.027;20260617
Helene Fischer;Heute Nacht;1315;-426;0.048;20260617
M!LK;Sukisugite METSU;1315;-80;0.29;20260617
Muse;Nightshift Superstar;1307;339;0.047;20260617
Jernblod;Greenland;1306;294;0.071;20260617
Momoiro Clover Z;SECOND ROUTE;1290;1290;0.001;20260617
Randy Newman;You've Got a Friend In Me;1283;557;0.264;20260617
Drake;NOKIA;1282;-151;1.886;20260617
Myles Smith;Stay;1270;-375;0.359;20260617
Ae! Group;PRIDE;1265;1265;0.001;20260617
sombr;back to friends;1261;488;0.624;20260617
Dermot Kennedy;Funeral;1260;20;0.233;20260617
Survivor;Eye of the Tiger;1253;-192;2.485;20260617
Noah Nine;I Was a Child;1246;1246;0.001;20260617
Ricchi;Sarà perché ti amo;1221;445;1.596;20260617
Poveri;Sarà perché ti amo;1221;445;1.596;20260617
Michael Jackson;Bad;1217;-678;0.2;20260617
M!LK;Bakuretsu Aishiteru;1217;24;0.161;20260617
w-inds.;Give you my heart;1216;1216;0.001;20260617
Justen de Wildt;Cheerio;1195;-36;0.007;20260617
Outsiders;Cheerio;1195;-36;0.007;20260617
Hatsuboshi Gakuen;Sugar Flavor;1193;-175;0.003;20260617
Mao Arimura;Sugar Flavor;1193;-175;0.003;20260617
Rinami Himesaki;Sugar Flavor;1193;-175;0.003;20260617
4 Non Blondes;What's Up;1182;665;1.34;20260617
Tove Lo;des fleurs;1182;72;0.011;20260617
Stromae;des fleurs;1182;72;0.011;20260617
The Goo Goo Dolls;Iris;1177;-484;2.022;20260617
Alphaville;Forever Young;1170;954;1.314;20260617
DJ Brit Bangers;The Starmer Song;1170;-120;0.014;20260617
B'z;完全無欠;1170;-145;0.027;20260617
VAUNDY;fly away;1166;-84;0.077;20260617
Jung Kook;Dreamers;1165;481;0.15;20260617
BTS;Dreamers;1165;481;0.15;20260617
Queen Butterfly;Piss Em’ Off;1148;23;0.01;20260617
Dean Fujioka;Loved One;1148;1148;0.001;20260617
David Baddiel;Three Lions;1147;829;0.148;20260617
Frank Skinner;Three Lions;1147;829;0.148;20260617
The Lightning Seeds;Three Lions;1147;829;0.148;20260617
BTS;Body to Body;1145;-516;0.353;20260617
By Индия;Шадэ;1133;86;0.05;20260617
Xcho;Шадэ;1133;86;0.05;20260617
МОТ;Шадэ;1133;86;0.05;20260617
Milky;Just the Way You Are;1132;-69;0.128;20260617
Mauvais Djo;Maladie;1132;316;0.013;20260617
Noah Nine;Farewell;1131;1131;0.001;20260617
Oyama Mahiro Cv Kono Marika;"Iden ""TeiTei"" Meltdown";1125;1125;0.001;20260617
Oyama Mihari(CV.Ishihara Kaori);"Iden ""TeiTei"" Meltdown";1125;1125;0.001;20260617
Coldplay;Viva la Vida;1125;375;7.013;20260617
Imael Angel;I'm Alive;1125;-519;0.011;20260617
Bonnie Tyler;Total Eclipse of the Heart;1124;138;0.446;20260617
Noah Kahan;Orbiter;1102;48;0.036;20260617
Coldplay;A Sky Full of Stars;1075;-245;11.29;20260617
Zaho;Comme Caroline;1069;422;0.082;20260617
Benson Boone;Beautiful Things;1064;-1277;7.252;20260617
M!LK;IDOLPOWER;1062;170;0.055;20260617
Antonio Banderas;Canción del Mariachi;1049;-92;0.023;20260617
Los Lobos;Canción del Mariachi;1049;-92;0.023;20260617
LE SSERAFIM;BOOMPALA;1046;280;0.082;20260617
寿 嶺二(CV.森久保祥太郎)、黒崎蘭丸(CV.鈴木達央)、美風 藍(CV.蒼井翔太)、カミュ(CV.前野智昭);Ready Steady Race;1041;-300;0.006;20260617
i-dle;Crow;1040;-712;0.003;20260617
Apotika Bali;JE NE M’EXCUSE PLUS D’EXISTER;1034;183;0.026;20260617
Shakira;Dai Dai;18220;-730;0.415;20260618
Burna Boy;Dai Dai;18220;-730;0.415;20260618
BTS;Come Over;13661;-2501;0.148;20260618
HUGEL;Movin' To The Sun;13122;1703;0.249;20260618
Imael Angel;Movin' To The Sun;13122;1703;0.249;20260618
Ultra Naté;Movin' To The Sun;13122;1703;0.249;20260618
Taylor Swift;I Knew It, I Knew You;11314;-705;0.241;20260618
Michael Jackson;Billie Jean;10551;1586;1.278;20260618
Ariana Grande;hate that i made you love me;9354;-1468;0.319;20260618
Andrea Bocelli;DNA;8782;1525;0.076;20260618
David Guetta;DNA;8782;1525;0.076;20260618
EJAE;DNA;8782;1525;0.076;20260618
Megan Thee Stallion;DNA;8782;1525;0.076;20260618
SK.music;Inside My Soul;8632;628;0.05;20260618
RAYE;WHERE IS MY HUSBAND;7849;-1347;2.823;20260618
Motionless In White;R.I.P.;7792;-519;0.016;20260618
Skylar Grey;R.I.P.;7792;-519;0.016;20260618
Ella Langley;Choosin' Texas;7716;1029;1.314;20260618
Olivia Rodrigo;drop dead;7598;-1119;0.52;20260618
The Chemical Brothers;Go;7555;2;0.924;20260618
The Second Voice;LET ME BE;7525;2189;1.125;20260618
DJ.ILHAM;DIGIDI DIGIDI;7461;-288;0.168;20260618
HUNTR/X;Golden;7411;-1722;5.175;20260618
EJAE;Golden;7411;-1722;5.175;20260618
AUDREY NUNA;Golden;7411;-1722;5.175;20260618
REI AMI;Golden;7411;-1722;5.175;20260618
KPop Demon Hunters Cast;Golden;7411;-1722;5.175;20260618
Alex Warren;Ordinary;7239;-422;5.894;20260618
Alex Warren;FEVER DREAM;7158;469;0.944;20260618
Noah Nine;Mama, I still call your name;6937;-156;0.029;20260618
Michael Jackson;Beat It;6413;238;0.748;20260618
Bebe Rexha;New Religion;6399;1876;0.749;20260618
Faithless;New Religion;6399;1876;0.749;20260618
Olivia Dean;So Easy;6112;320;1.607;20260618
Oliver Tree;Miss You;5947;-46;1.129;20260618
Robin Schulz;Miss You;5947;-46;1.129;20260618
Olivia Rodrigo;stupid song;5915;1111;0.043;20260618
David Guetta;Run Run River;5553;-2044;0.112;20260618
Alok;Run Run River;5553;-2044;0.112;20260618
Stick Figure;Run Run River;5553;-2044;0.112;20260618
Tame Impala;Dracula;5337;567;0.616;20260618
JENNIE;Dracula;5337;567;0.616;20260618
The Alan Parsons Project;Sirius;5085;448;0.088;20260618
Harry Styles;American Girls;5056;1479;0.473;20260618
BTS;SWIM;4943;-328;0.93;20260618
She's All Music;Because We Jive All Night Long;4859;-944;0.051;20260618
Olivia Dean;Man I Need;4837;-258;2.516;20260618
STELLA LEFTY;Boston;4749;-112;0.203;20260618
Saxboy Billy;The Puerto Rico Song;4718;415;0.181;20260618
HUGEL;Jamaican;4672;472;0.538;20260618
SOLTO (FR);Jamaican;4672;472;0.538;20260618
Kimo Sounds;Rise Slow;4637;495;0.04;20260618
Taylor Swift;The Fate of Ophelia;4601;1177;3.485;20260618
SOUL ARCHIVE ROOM;Out of the Flame;4449;3716;0.005;20260618
Michael Jackson;Thriller;4449;1149;1.134;20260618
Oliver Tree;Life Goes On;4382;-1323;0.416;20260618
Bruno Mars;I Just Might;4335;-2627;1.769;20260618
Teddy Swims;Mr. Know It All;4294;109;0.346;20260618
Bruno Mars;Risk It All;4178;655;0.663;20260618
DJ Goja;Mi Chico;4131;-367;0.052;20260618
LE SSERAFIM;ICONIC BY MISTAKE;4062;-693;0.054;20260618
ILLIT;ICONIC BY MISTAKE;4062;-693;0.054;20260618
KATSEYE;ICONIC BY MISTAKE;4062;-693;0.054;20260618
Shaboozey;Cowgirl;3916;157;0.056;20260618
Ac/Dc;Thunderstruck;3906;-1803;4.16;20260618
Cameron Whitcomb;Kingdom of Fear;3776;-643;0.362;20260618
KITSCHKRIEG;Gut Genug;3598;568;0.026;20260618
Blumengarten;Gut Genug;3598;568;0.026;20260618
Shirin David;Gut Genug;3598;568;0.026;20260618
Justin Bieber;Beauty and a Beat;3519;193;2.583;20260618
Michael Jackson;Smooth Criminal;3482;732;0.493;20260618
BearyTunes;Glaub an dich;3421;132;0.007;20260618
Michael Jackson;Human Nature;3274;-1266;0.367;20260618
Sam Fender;Rein Me In;3229;-372;0.681;20260618
Olivia Dean;Rein Me In;3229;-372;0.681;20260618
Taylor Swift;Opalite;3222;1078;1.905;20260618
Josh Fawaz;Like a Prayer;3002;-216;0.403;20260618
Shakira;Waka Waka;2973;366;7.369;20260618
The Bausa;Magnetic;2949;-163;0.173;20260618
sombr;Homewrecker;2847;-188;0.463;20260618
Kara Holt;I Did It Tired;2839;-185;0.018;20260618
Ragal Ironbull;VALHALLA CALLING;2837;-482;0.339;20260618
ANOTR;Talk To You;2800;-905;0.279;20260618
XXXTENTACION;Moonlight;2726;610;0.782;20260618
Zara Larsson;Lush Life;2693;-994;2.827;20260618
BearyTunes;Dankbar;2674;-207;0.015;20260618
Katy Perry;WONDER;2577;-703;0.046;20260618
Harry Styles;Sign of the Times;2498;-900;4.929;20260618
Michael Jackson;Bad;2484;1267;0.202;20260618
Ella Langley;Be Her;2474;-169;0.409;20260618
Bad Bunny;NUEVAYoL;2384;708;0.937;20260618
Michael Jackson;Don't Stop 'Til You Get Enough;2353;471;0.282;20260618
Lady Gaga;Die With A Smile;2328;-97;7.523;20260618
Bruno Mars;Die With A Smile;2328;-97;7.523;20260618
Dust;You Problem;2308;239;0.136;20260618
Harmony;You Problem;2308;239;0.136;20260618
Nash Blackwood;Love Me At My Lowest;2302;366;0.058;20260618
SIENNA SPIRO;Material Lover;2263;-288;0.075;20260618
Ella Langley;you look like you love me;2238;-211;1.28;20260618
Riley Green;you look like you love me;2238;-211;1.28;20260618
mikeeysmind;Papaoutai;2213;1416;0.923;20260618
Chill77;Papaoutai;2213;1416;0.923;20260618
Unjaps;Papaoutai;2213;1416;0.923;20260618
Zeroworry Music;Better Than Revenge;2206;1438;0.034;20260618
Kimo Sounds;After the fall;2171;-258;0.023;20260618
Nash Blackwood;We Don't Need To Be Perfect;2074;4;0.032;20260618
G Flip;Bed on Fire;2063;83;0.109;20260618
The Killers;Mr. Brightside;2020;437;1.74;20260618
Billie Eilish;BIRDS OF A FEATHER;1957;192;5.955;20260618
The Beaches;Edge of the Earth;1928;75;0.121;20260618
Ella Langley;I Can't Love You Anymore;1927;-153;0.166;20260618
Morgan Wallen;I Can't Love You Anymore;1927;-153;0.166;20260618
Kygo;Save My Love;1910;574;0.107;20260618
Khalid;Save My Love;1910;574;0.107;20260618
Gryffin;Save My Love;1910;574;0.107;20260618
Shaboozey;A Bar Song;1887;301;4.878;20260618
Kenshi Yonezu - Karasu;Raven;1874;1874;0.006;20260618
BABYMONSTER;SUGAR HONEY ICE TEA;1859;29;0.042;20260618
Ricchi;Sarà perché ti amo;1857;636;1.597;20260618
Poveri;Sarà perché ti amo;1857;636;1.597;20260618
Shakira;Zoo;1841;-620;0.636;20260618
Tame Impala;Dracula;1839;-951;0.441;20260618
Lingling Kwong;Hurt and Love;1831;-309;0.004;20260618
Orm Kornnaphat;Hurt and Love;1831;-309;0.004;20260618
The Rolling Stones;In The Stars;1827;-515;0.15;20260618
The Goo Goo Dolls;Iris;1821;644;2.023;20260618
Jennifer Lopez;On the Floor;1788;283;5.902;20260618
Bad Bunny;DtMF;1757;-997;1.133;20260618
Coldplay;Viva la Vida;1751;626;7.015;20260618
Jenifer;Mourir sur scène;1745;1745;0.002;20260618
Disney;Zoo;1744;-34;0.594;20260618
Shakira;Zoo;1744;-34;0.594;20260618
BTS;Into the Sun;1728;-29;0.206;20260618
Sia;Unstoppable;1721;82;7.639;20260618
Forrest Frank;OKAY;1686;-666;0.08;20260618
The Kid LAROI;GIRLS;1676;-439;0.151;20260618
Bruno Mars;Count On Me;1661;805;1.923;20260618
Slayyyter;DANCE...;1647;697;0.06;20260618
Myles Smith;Stargazing;1630;291;2.616;20260618
BTS;Hooligan;1623;-143;0.267;20260618
Laga;RAISE THE BANNER;1621;55;0.044;20260618
Mauvais Djo;Pilé;1614;-302;0.031;20260618
ILLIT;It's Me;1595;236;0.093;20260618
Gala;Freed from Desire;1573;-339;0.857;20260618
J SOUL BROTHERS III from EXILE TRIBE;KATANA;1568;1568;0.002;20260618
Madonna;Bring Your Love;1562;-1149;0.239;20260618
Sabrina Carpenter;Bring Your Love;1562;-1149;0.239;20260618
ARASHI;Five;1538;116;0.162;20260618
M!LK;Maji Destiny;1538;-30;0.003;20260618
Survivor;Eye of the Tiger;1537;284;2.486;20260618
sakanaction;Kaiju;1517;-44;0.481;20260618
Dave;Raindance;1514;1270;0.383;20260618
Tems;Raindance;1514;1270;0.383;20260618
KAROL G;Si Antes Te Hubiera Conocido;1502;1318;1.897;20260618
Zhang Zi Ning;A Heartbeat's Turn;1496;672;0.039;20260618
Rex;A Heartbeat's Turn;1496;672;0.039;20260618
Kenshi Yonezu;IRIS OUT;1493;-1;0.379;20260618
Jernblod;Greenland;1487;181;0.072;20260618
Myles Smith;Hold Me In The Dark;1486;-266;0.029;20260618
sakanaction;Yoru No Odoriko;1479;29;0.089;20260618
Takuya Kimura;celery;1470;-377;0.003;20260618
ROSÉ;APT.;1451;-205;6.425;20260618
Bruno Mars;APT.;1451;-205;6.425;20260618
Alex Warren;PASSENGER;1436;-174;0.04;20260618
Jennifer Lopez;Save Me Tonight;1434;-189;0.135;20260618
David Guetta;Save Me Tonight;1434;-189;0.135;20260618
Luke Combs;Be By You;1432;25;0.259;20260618
Djo;End of Beginning;1407;-1417;1.945;20260618
M!LK;Sukisugite METSU;1395;80;0.292;20260618
Muse;Be With You;1393;-232;0.094;20260618
David Baddiel;Three Lions;1390;243;0.15;20260618
Frank Skinner;Three Lions;1390;243;0.15;20260618
The Lightning Seeds;Three Lions;1390;243;0.15;20260618
Mark Medlock;Back into the Sun;1387;-19;0.01;20260618
Helene Fischer;Heute Nacht;1384;69;0.049;20260618
LINKIN PARK;The Emptiness Machine;1382;626;1.841;20260618
Marc Eggers;Mon Amour;1377;910;0.055;20260618
Aditotoro;Mon Amour;1377;910;0.055;20260618
Paul Frege;Mon Amour;1377;910;0.055;20260618
Prospa;Free Your Mind;1372;453;0.043;20260618
Cloonee;Free Your Mind;1372;453;0.043;20260618
Neil Diamond;Sweet Caroline;1370;648;1.447;20260618
Teddy Swims;Lose Control;1366;-57;7.421;20260618
Temper City;Self Aware;1362;-1153;0.067;20260618
M!LK;Bakuretsu Aishiteru;1341;124;0.162;20260618
Justen de Wildt;Cheerio;1330;135;0.009;20260618
Outsiders;Cheerio;1330;135;0.009;20260618
BTS;2.0;1326;-694;0.302;20260618
Justen de Wildt;Cheerio;1325;-115;0.099;20260618
SIENNA SPIRO;Die On This Hill;1320;319;0.682;20260618
Ae! Group;DEKOBOKO LIFE;1315;-164;0.029;20260618
BTS;Body to Body;1311;166;0.355;20260618
Aitana;SUPERESTRELLA;1310;286;0.275;20260618
Fleetwood Mac;Dreams;1307;1038;1.548;20260618
Madonna;Love Sensation;1306;-306;0.116;20260618
Myles Smith;Stay;1304;34;0.36;20260618
Lisa Gerrard;Now We Are Free;1303;-120;0.476;20260618
Gavin Greenaway;Now We Are Free;1303;-120;0.476;20260618
The Lyndhurst Orchestra;Now We Are Free;1303;-120;0.476;20260618
Bruce Fowler;Now We Are Free;1303;-120;0.476;20260618
Yvonne S. Moriarty;Now We Are Free;1303;-120;0.476;20260618
Walt Fowler;Now We Are Free;1303;-120;0.476;20260618
Ladd McIntosh;Now We Are Free;1303;-120;0.476;20260618
Elizabeth Finch;Now We Are Free;1303;-120;0.476;20260618
Jack Smalley;Now We Are Free;1303;-120;0.476;20260618
Hans Zimmer;Now We Are Free;1303;-120;0.476;20260618
Oliver Tree;Cowboys Don’t Cry;1302;663;0.009;20260618
Ed Sheeran;Perfect;1301;731;15.712;20260618
amazarashi - I'll Buy You a Brand New Crown;Crown shinsha de katte ageru;1290;-105;0.003;20260618
Teddy Swims;Bad Dreams;1288;465;3.574;20260618
Teddy Swims;The Door;1279;-168;3.946;20260618
Jovanotti;Buon Vento;1270;-58;0.028;20260618
Alfa;Buon Vento;1270;-58;0.028;20260618
DJ Chris Bernard;Die Engel Singen;1267;425;0.043;20260618
Nick Morgan;No Scotland No Party;1265;-102;0.023;20260618
The xx;Intro;1265;519;0.942;20260618
Janet Jackson;Doesn't Really Matter;1241;-127;0.009;20260618
BE:FIRST;Doesn't Really Matter;1241;-127;0.009;20260618
Noah Nine;Goodbye;1235;-858;0.003;20260618
Michael Jackson;Man In the Mirror;1233;361;0.259;20260618
Noah Nine;A Man Can Cry;1232;-678;0.003;20260618
Bad Bunny;CAFé CON RON;1223;390;0.125;20260618
Los Pleneros de la Cresta;CAFé CON RON;1223;390;0.125;20260618
Nanmaider the Buddha Cyborg;Chosen and Guided By Buddha;1217;1217;0.001;20260618
Noah Nine;Alone;1212;-730;0.003;20260618
Zara Larsson;Midnight Sun;1206;-205;0.246;20260618
VAUNDY;fly away;1193;27;0.078;20260618
Antonio Banderas;Canción del Mariachi;1190;141;0.024;20260618
Los Lobos;Canción del Mariachi;1190;141;0.024;20260618
Dean Fujioka;Loved One;1170;22;0.002;20260618
Dara;Bangaranga;1169;-473;0.186;20260618
Coldplay;A Sky Full of Stars;1160;85;11.291;20260618
GroßstadtEngel;Gute Laune;1159;477;0.375;20260618
Benny Rivers Sounds;One Step at a Time;1156;738;0.002;20260618
Momoiro Clover Z;SECOND ROUTE;1148;-142;0.002;20260618
Olivia Rodrigo;honeybee;1136;613;0.004;20260618
Benson Boone;Beautiful Things;1136;72;7.253;20260618
Natasha Bedingfield;Unwritten;1132;850;1.043;20260618
Pinguini Tattici Nucleari;Sorry Scusa Lo Siento;1132;363;0.027;20260618
B'z;完全無欠;1125;-45;0.028;20260618
Lady Gaga;Runway;1107;700;0.411;20260618
Doechii;Runway;1107;700;0.411;20260618
DJ Brit Bangers;The Starmer Song;1104;-66;0.015;20260618
Ae! Group;PRIDE;1104;-161;0.002;20260618
i-dle;Crow;1096;56;0.004;20260618
Noah Kahan;Orbiter;1092;-10;0.037;20260618
Olivia Bay;Sin miedo a caer;1087;1087;0.001;20260618
Drake;NOKIA;1084;-198;1.887;20260618
Mrs. GREEN APPLE;Wind and Town;1083;62;0.083;20260618
Olivia Rodrigo;the cure;1078;-1367;0.166;20260618
CORTIS;REDRED;1076;345;0.096;20260618
Andreas Bourani;Auf uns;1076;281;1.083;20260618
Christina Perri;A Thousand Years;1074;-348;8.316;20260618
John Denver;Take Me Home, Country Roads;1063;-269;0.645;20260618
Five;Keep On Movin';1062;135;0.06;20260618
Rutger Van Barneveld;Zwoele Zomernachten;1061;277;0.006;20260618
Randy Newman;You've Got a Friend In Me;1045;-238;0.265;20260618
Hatsuboshi Gakuen;Sugar Flavor;1041;-152;0.004;20260618
Mao Arimura;Sugar Flavor;1041;-152;0.004;20260618
Rinami Himesaki;Sugar Flavor;1041;-152;0.004;20260618
Shakira;Dai Dai;18145;-75;0.433;20260619
Burna Boy;Dai Dai;18145;-75;0.433;20260619
HUGEL;Movin' To The Sun;12909;-213;0.262;20260619
Imael Angel;Movin' To The Sun;12909;-213;0.262;20260619
Ultra Naté;Movin' To The Sun;12909;-213;0.262;20260619
Madonna;Bring Your Love;12573;12573;0.013;20260619
Sabrina Carpenter;Bring Your Love;12573;12573;0.013;20260619
Honey Dijon;Bring Your Love;12573;12573;0.013;20260619
Taylor Swift;I Knew It, I Knew You;11198;-116;0.252;20260619
BTS;Come Over;10254;-3407;0.158;20260619
Michael Jackson;Billie Jean;9272;-1279;1.287;20260619
SK.music;Inside My Soul;8607;-25;0.058;20260619
Ariana Grande;hate that i made you love me;8533;-821;0.327;20260619
RAYE;WHERE IS MY HUSBAND;8050;201;2.831;20260619
Andrea Bocelli;DNA;7881;-901;0.084;20260619
David Guetta;DNA;7881;-901;0.084;20260619
EJAE;DNA;7881;-901;0.084;20260619
Megan Thee Stallion;DNA;7881;-901;0.084;20260619
HUNTR/X;Golden;7362;-49;5.182;20260619
EJAE;Golden;7362;-49;5.182;20260619
AUDREY NUNA;Golden;7362;-49;5.182;20260619
REI AMI;Golden;7362;-49;5.182;20260619
KPop Demon Hunters Cast;Golden;7362;-49;5.182;20260619
The Second Voice;LET ME BE;7315;-210;1.133;20260619
DJ.ILHAM;DIGIDI DIGIDI;7108;-353;0.175;20260619
Noah Nine;Mama, I still call your name;7099;162;0.036;20260619
Ella Langley;Choosin' Texas;6902;-814;1.321;20260619
Alex Warren;FEVER DREAM;6677;-481;0.951;20260619
David Guetta;Run Run River;6609;1056;0.118;20260619
Alok;Run Run River;6609;1056;0.118;20260619
Stick Figure;Run Run River;6609;1056;0.118;20260619
Michael Jackson;Beat It;6412;-1;0.754;20260619
The Chemical Brothers;Go;6408;-1147;0.931;20260619
Kimo Sounds;Rise Slow;6053;1416;0.046;20260619
BTS;SWIM;5924;981;0.936;20260619
Olivia Rodrigo;drop dead;5689;-1909;0.525;20260619
Alex Warren;Ordinary;5639;-1600;5.899;20260619
She's All Music;Because We Jive All Night Long;5390;531;0.056;20260619
Bruno Mars;I Just Might;5269;934;1.774;20260619
Saxboy Billy;The Puerto Rico Song;5254;536;0.186;20260619
Teddy Swims;Mr. Know It All;5248;954;0.351;20260619
Taylor Swift;The Fate of Ophelia;5097;496;3.49;20260619
Motionless In White;R.I.P.;5040;-2752;0.021;20260619
Skylar Grey;R.I.P.;5040;-2752;0.021;20260619
DJ Goja;Mi Chico;4960;829;0.057;20260619
Bebe Rexha;New Religion;4915;-1484;0.754;20260619
Faithless;New Religion;4915;-1484;0.754;20260619
Olivia Rodrigo;stupid song;4772;-1143;0.048;20260619
Olivia Dean;Man I Need;4751;-86;2.521;20260619
Tame Impala;Dracula;4750;-587;0.621;20260619
JENNIE;Dracula;4750;-587;0.621;20260619
Oliver Tree;Life Goes On;4646;264;0.421;20260619
Olivia Dean;So Easy;4596;-1516;1.612;20260619
HUGEL;Jamaican;4590;-82;0.543;20260619
SOLTO (FR);Jamaican;4590;-82;0.543;20260619
STELLA LEFTY;Boston;4545;-204;0.208;20260619
Oliver Tree;Miss You;4467;-1480;1.133;20260619
Robin Schulz;Miss You;4467;-1480;1.133;20260619
Bruno Mars;Risk It All;4008;-170;0.667;20260619
Michael Jackson;Human Nature;3894;620;0.371;20260619
Cameron Whitcomb;Kingdom of Fear;3740;-36;0.366;20260619
Chaka Khan;Boogie's in My Soul;3619;3619;0.004;20260619
Snoop Dogg;Boogie's in My Soul;3619;3619;0.004;20260619
Harry Styles;American Girls;3499;-1557;0.476;20260619
Noah Nine;A Man Can Cry;3467;2235;0.007;20260619
The Alan Parsons Project;Sirius;3452;-1633;0.091;20260619
SOUL ARCHIVE ROOM;Out of the Flame;3354;-1095;0.009;20260619
Justin Bieber;Beauty and a Beat;3354;-165;2.586;20260619
KITSCHKRIEG;Gut Genug;3281;-317;0.029;20260619
Blumengarten;Gut Genug;3281;-317;0.029;20260619
Shirin David;Gut Genug;3281;-317;0.029;20260619
BearyTunes;Glaub an dich;3184;-237;0.01;20260619
Michael Jackson;Thriller;3132;-1317;1.137;20260619
Michael Jackson;Smooth Criminal;3108;-374;0.496;20260619
Sam Fender;Rein Me In;3061;-168;0.685;20260619
Olivia Dean;Rein Me In;3061;-168;0.685;20260619
Ella Langley;I Can't Love You Anymore;3026;1099;0.17;20260619
Morgan Wallen;I Can't Love You Anymore;3026;1099;0.17;20260619
Ella Langley;Be Her;3019;545;0.412;20260619
Josh Fawaz;Like a Prayer;3014;12;0.406;20260619
Ac/Dc;Thunderstruck;2964;-942;4.163;20260619
Oasis;Wonderwall;2926;2115;1.321;20260619
The Bausa;Magnetic;2883;-66;0.176;20260619
Shaboozey;Cowgirl;2777;-1139;0.059;20260619
BearyTunes;Mut;2764;2764;0.003;20260619
Randy Newman;You've Got a Friend In Me;2681;1636;0.267;20260619
sombr;Homewrecker;2625;-222;0.465;20260619
Taylor Swift;Opalite;2609;-613;1.907;20260619
LE SSERAFIM;ICONIC BY MISTAKE;2572;-1490;0.056;20260619
ILLIT;ICONIC BY MISTAKE;2572;-1490;0.056;20260619
KATSEYE;ICONIC BY MISTAKE;2572;-1490;0.056;20260619
ANOTR;Talk To You;2566;-234;0.281;20260619
Shaboozey;A Bar Song;2547;660;4.881;20260619
Zara Larsson;Lush Life;2507;-186;2.829;20260619
Kara Holt;I Did It Tired;2435;-404;0.02;20260619
BearyTunes;Dankbar;2358;-316;0.018;20260619
Beartooth;Bullshit;2256;1845;0.003;20260619
Harry Styles;Sign of the Times;2255;-243;4.931;20260619
Bad Bunny;NUEVAYoL;2224;-160;0.939;20260619
Ella Langley;you look like you love me;2199;-39;1.282;20260619
Riley Green;you look like you love me;2199;-39;1.282;20260619
Mylène Farmer;C'est à qui le tour;2184;1946;0.027;20260619
The Goo Goo Dolls;Iris;2181;360;2.026;20260619
SIENNA SPIRO;Material Lover;2143;-120;0.077;20260619
Diane Butler;Stay When I'm Hard To Love;2115;1223;0.01;20260619
Disney;Zoo;2073;329;0.596;20260619
Shakira;Zoo;2073;329;0.596;20260619
Dust;You Problem;2042;-266;0.138;20260619
Harmony;You Problem;2042;-266;0.138;20260619
Kimo Sounds;After the fall;2034;-137;0.025;20260619
Noah Nine;Alone;1996;784;0.005;20260619
Teddy Swims;Bad Dreams;1996;708;3.576;20260619
Mauvais Djo;Pilé;1985;371;0.033;20260619
Lady Gaga;Die With A Smile;1982;-346;7.525;20260619
Bruno Mars;Die With A Smile;1982;-346;7.525;20260619
The Rolling Stones;In The Stars;1963;136;0.152;20260619
Michael Jackson;Don't Stop 'Til You Get Enough;1962;-391;0.284;20260619
Kenshi Yonezu - Karasu;Raven;1958;84;0.008;20260619
Forrest Frank;OKAY;1937;251;0.082;20260619
Bad Bunny;DtMF;1879;122;1.134;20260619
BTS;Hooligan;1865;242;0.269;20260619
Billie Eilish;BIRDS OF A FEATHER;1854;-103;5.957;20260619
BTS;2.0;1837;511;0.303;20260619
Shakira;Waka Waka;1837;-1136;7.371;20260619
Tame Impala;Dracula;1828;-11;0.443;20260619
Gala;Freed from Desire;1802;229;0.858;20260619
Ragal Ironbull;VALHALLA CALLING;1764;-1073;0.34;20260619
Elmiene;Comets + Gold;1731;1731;0.002;20260619
Fujii Kaze;Comets + Gold;1731;1731;0.002;20260619
Helene Fischer;Heute Nacht;1723;339;0.051;20260619
Zeroworry Music;Better Than Revenge;1720;-486;0.035;20260619
XXXTENTACION;Moonlight;1712;-1014;0.783;20260619
Prospa;Free Your Mind;1702;330;0.045;20260619
Cloonee;Free Your Mind;1702;330;0.045;20260619
The Bausa;Lose Myself;1695;1695;0.002;20260619
Teddy Swims;The Door;1678;399;3.947;20260619
Madonna;Bring Your Love;1641;79;0.24;20260619
Sabrina Carpenter;Bring Your Love;1641;79;0.24;20260619
Alicia Keys;Empire State of Mind, Pt. 2;1634;1545;1.158;20260619
The Killers;Mr. Brightside;1624;-396;1.742;20260619
Jon Batiste;Gospel Andante;1617;1617;0.002;20260619
Teddy Swims;Lose Control;1617;251;7.422;20260619
Nick Morgan;No Scotland No Party;1607;342;0.024;20260619
Alex Warren;PASSENGER;1595;159;0.041;20260619
Sleep Theory;Bye Bye Bye;1585;1585;0.002;20260619
Myles Smith;Stargazing;1573;-57;2.618;20260619
ILLIT;It's Me;1573;-22;0.094;20260619
Kazama Iroha;Entropy of wind direction;1558;1558;0.002;20260619
G Flip;Bed on Fire;1548;-515;0.111;20260619
BTS;Into the Sun;1539;-189;0.207;20260619
sakanaction;Yoru No Odoriko;1538;59;0.091;20260619
aespa;LEMONADE;1512;1006;0.074;20260619
Zaungast;Landpartie;1508;1508;0.002;20260619
M!LK;Maji Destiny;1508;-30;0.005;20260619
Chris Brown;Just the Bro;1503;1503;0.002;20260619
Michael Jackson;Bad;1495;-989;0.204;20260619
Neil Diamond;Sweet Caroline;1484;114;1.448;20260619
The Beaches;Edge of the Earth;1483;-445;0.123;20260619
J SOUL BROTHERS III from EXILE TRIBE;KATANA;1479;-89;0.003;20260619
Luke Combs;Be By You;1474;42;0.261;20260619
Justen de Wildt;Cheerio;1466;141;0.101;20260619
Nash Blackwood;Love Me At My Lowest;1463;-839;0.06;20260619
Rutger Van Barneveld;Zwoele Zomernachten;1457;396;0.008;20260619
Kenshi Yonezu;IRIS OUT;1454;-39;0.381;20260619
Nicola West;The One And Only Kier Starmer;1450;429;0.002;20260619
ARASHI;Five;1450;-88;0.164;20260619
Nash Blackwood;We Don't Need To Be Perfect;1434;-640;0.034;20260619
Ricchi;Sarà perché ti amo;1431;-426;1.599;20260619
Poveri;Sarà perché ti amo;1431;-426;1.599;20260619
BTS;Body to Body;1431;120;0.356;20260619
Takuya Kimura;celery;1426;-44;0.005;20260619
Noah Nine;Goodbye;1423;188;0.005;20260619
BABYMONSTER;SUGAR HONEY ICE TEA;1420;-439;0.044;20260619
Kygo;Save My Love;1417;-493;0.109;20260619
Khalid;Save My Love;1417;-493;0.109;20260619
Gryffin;Save My Love;1417;-493;0.109;20260619
M!LK;Sukisugite METSU;1395;0;0.293;20260619
Kerstin Ott;1000 x Nein;1389;1389;0.001;20260619
Men at Work;Down Under;1388;900;0.4;20260619
felix jaehn;siren;1386;1386;0.001;20260619
Omar Rudberg;siren;1386;1386;0.001;20260619
Journey;Don't Stop Believin';1375;622;3.699;20260619
sakanaction;Kaiju;1368;-149;0.482;20260619
EMILIA(CV:RIE TAKAHASHI);Stay Alive ～Regain～;1364;538;0.002;20260619
Angèle;Dis-le;1347;1347;0.001;20260619
Harris & Ford;Medizin;1327;1327;0.001;20260619
Alexander Eder;Medizin;1327;1327;0.001;20260619
Aitana;SUPERESTRELLA;1321;11;0.277;20260619
Madonna;Love Sensation;1309;3;0.118;20260619
The Kid LAROI;GIRLS;1297;-379;0.152;20260619
Lingling Kwong;Hurt and Love;1294;-537;0.005;20260619
Orm Kornnaphat;Hurt and Love;1294;-537;0.005;20260619
KAROL G;Si Antes Te Hubiera Conocido;1293;-209;1.898;20260619
Jenifer;Mourir sur scène;1288;-457;0.003;20260619
Dara;Bangaranga;1287;118;0.188;20260619
VAUNDY;fly away;1281;88;0.079;20260619
LOCASH;Let The Country Music Play;1271;563;0.011;20260619
Parmalee;Let The Country Music Play;1271;563;0.011;20260619
Shakira;Zoo;1270;-571;0.638;20260619
M!LK;Bakuretsu Aishiteru;1265;-76;0.163;20260619
Jennifer Lopez;Save Me Tonight;1256;-178;0.136;20260619
David Guetta;Save Me Tonight;1256;-178;0.136;20260619
justin;dahon;1254;1254;0.001;20260619
Harry Styles;Aperture;1245;908;0.62;20260619
Aぇ! group;PRIDE;1243;1243;0.001;20260619
Fleetwood Mac;The Chain;1243;396;0.72;20260619
The Shires;a good life;1241;1241;0.001;20260619
Janet Jackson;Doesn't Really Matter;1217;-24;0.01;20260619
BE:FIRST;Doesn't Really Matter;1217;-24;0.01;20260619
Chris Brown;Nthn2tlkbout;1210;1210;0.001;20260619
Justen de Wildt;Cheerio;1205;-125;0.01;20260619
Outsiders;Cheerio;1205;-125;0.01;20260619
David Baddiel;Three Lions;1195;-195;0.151;20260619
Frank Skinner;Three Lions;1195;-195;0.151;20260619
The Lightning Seeds;Three Lions;1195;-195;0.151;20260619
Sabrina Carpenter;Espresso;1192;236;3.119;20260619
mikeeysmind;Papaoutai;1192;-1021;0.924;20260619
Chill77;Papaoutai;1192;-1021;0.924;20260619
Unjaps;Papaoutai;1192;-1021;0.924;20260619
Mark Medlock;Back into the Sun;1190;-197;0.011;20260619
Christina Perri;A Thousand Years;1189;115;8.317;20260619
Dave;Raindance;1184;-330;0.385;20260619
Tems;Raindance;1184;-330;0.385;20260619
Tommaso Paradiso;Agitare coca cola;1175;1175;0.001;20260619
B'z;完全無欠;1170;45;0.029;20260619
Miley Cyrus;Flowers;1160;400;7.617;20260619
Dj Crocodile;I'm Moving To The Sun;1144;221;0.003;20260619
Temper City;Self Aware;1143;-219;0.068;20260619
Yung Miami;Spend Dat;1141;177;0.022;20260619
Djo;End of Beginning;1140;-267;1.946;20260619
Bad Bunny;BAILE INoLVIDABLE;1134;439;0.524;20260619
Chris Brown;Man On A Mission;1134;1134;0.001;20260619
Slayyyter;DANCE...;1134;-513;0.061;20260619
Mrs. GREEN APPLE;Wind and Town;1125;42;0.085;20260619
Linkin Park;In the End;1123;739;1.332;20260619
Merk;PARTENOPE;1119;150;0.014;20260619
Kremont;PARTENOPE;1119;150;0.014;20260619
Madonna;Bring Your Love;1117;977;0.047;20260619
Queen Butterfly;Piss Em’ Off;1112;110;0.012;20260619
Nanmaider the Buddha Cyborg;Chosen and Guided By Buddha;1104;-113;0.002;20260619
She is Legend;Long Long Magic;1095;1095;0.001;20260619
Myles Smith;Hold Me In The Dark;1093;-393;0.03;20260619
SIENNA SPIRO;Die On This Hill;1088;-232;0.683;20260619
Gianni Morandi;HIT PARADE;1087;1087;0.001;20260619
Alessandra Amoroso;HIT PARADE;1087;1087;0.001;20260619
Tani Yuuki;Ainouta;1083;1083;0.001;20260619
Manon Lisa;Le Petit Pêcheur;1081;196;0.036;20260619
Backstreet Boys;Shape of My Heart;1076;276;0.138;20260619
Zara Larsson;Midnight Sun;1069;-137;0.247;20260619
Jung Kook;Dreamers;1067;363;0.152;20260619
BTS;Dreamers;1067;363;0.152;20260619
Shakira;Dai Dai;18615;470;0.452;20260620
Burna Boy;Dai Dai;18615;470;0.452;20260620
Taylor Swift;I Knew It, I Knew You;11990;792;0.264;20260620
HUGEL;Movin' To The Sun;11943;-966;0.274;20260620
Imael Angel;Movin' To The Sun;11943;-966;0.274;20260620
Ultra Naté;Movin' To The Sun;11943;-966;0.274;20260620
Michael Jackson;Billie Jean;10517;1245;1.298;20260620
Madonna;Bring Your Love;9977;-2596;0.023;20260620
Sabrina Carpenter;Bring Your Love;9977;-2596;0.023;20260620
Honey Dijon;Bring Your Love;9977;-2596;0.023;20260620
BTS;Come Over;8742;-1512;0.167;20260620
SK.music;Inside My Soul;8556;-51;0.067;20260620
DJ.ILHAM;DIGIDI DIGIDI;8453;1345;0.184;20260620
Andrea Bocelli;DNA;8149;268;0.092;20260620
David Guetta;DNA;8149;268;0.092;20260620
EJAE;DNA;8149;268;0.092;20260620
Megan Thee Stallion;DNA;8149;268;0.092;20260620
The Second Voice;LET ME BE;7885;570;1.141;20260620
Ariana Grande;hate that i made you love me;7851;-682;0.335;20260620
RAYE;WHERE IS MY HUSBAND;7603;-447;2.839;20260620
HUNTR/X;Golden;7225;-137;5.19;20260620
EJAE;Golden;7225;-137;5.19;20260620
AUDREY NUNA;Golden;7225;-137;5.19;20260620
REI AMI;Golden;7225;-137;5.19;20260620
KPop Demon Hunters Cast;Golden;7225;-137;5.19;20260620
Ella Langley;Choosin' Texas;7120;218;1.328;20260620
Alex Warren;FEVER DREAM;6971;294;0.958;20260620
The Chemical Brothers;Go;6757;349;0.938;20260620
Michael Jackson;Beat It;6742;330;0.761;20260620
Bebe Rexha;New Religion;6383;1468;0.76;20260620
Faithless;New Religion;6383;1468;0.76;20260620
Olivia Rodrigo;drop dead;6376;687;0.532;20260620
DJ Goja;Mi Chico;6191;1231;0.063;20260620
Robyn;Dancing On My Own;6174;5270;0.464;20260620
Kimo Sounds;Rise Slow;5997;-56;0.052;20260620
Alex Warren;Ordinary;5987;348;5.905;20260620
BTS;SWIM;5807;-117;0.942;20260620
Olivia Rodrigo;stupid song;5784;1012;0.053;20260620
David Guetta;Run Run River;5774;-835;0.124;20260620
Alok;Run Run River;5774;-835;0.124;20260620
Stick Figure;Run Run River;5774;-835;0.124;20260620
HUGEL;Jamaican;5322;732;0.548;20260620
SOLTO (FR);Jamaican;5322;732;0.548;20260620
Justin Bieber;Beauty and a Beat;5317;1963;2.591;20260620
Bruno Mars;I Just Might;5295;26;1.78;20260620
Teddy Swims;Mr. Know It All;4984;-264;0.356;20260620
She's All Music;Because We Jive All Night Long;4842;-548;0.061;20260620
STELLA LEFTY;Boston;4758;213;0.213;20260620
Saxboy Billy;The Puerto Rico Song;4506;-748;0.19;20260620
Taylor Swift;The Fate of Ophelia;4381;-716;3.495;20260620
Tame Impala;Dracula;4351;-399;0.625;20260620
JENNIE;Dracula;4351;-399;0.625;20260620
Cameron Whitcomb;Kingdom of Fear;4326;586;0.37;20260620
Chaka Khan;Boogie's in My Soul;4261;642;0.008;20260620
Snoop Dogg;Boogie's in My Soul;4261;642;0.008;20260620
Olivia Dean;Man I Need;4250;-501;2.525;20260620
Bruno Mars;Risk It All;4172;164;0.671;20260620
Michael Jackson;Thriller;4127;995;1.141;20260620
Olivia Dean;So Easy;4041;-555;1.616;20260620
Noah Nine;Mama, I still call your name;3998;-3101;0.04;20260620
Oliver Tree;Miss You;3776;-691;1.137;20260620
Robin Schulz;Miss You;3776;-691;1.137;20260620
Harry Styles;American Girls;3722;223;0.48;20260620
Motionless In White;R.I.P.;3661;-1379;0.025;20260620
Skylar Grey;R.I.P.;3661;-1379;0.025;20260620
Michael Jackson;Smooth Criminal;3547;439;0.5;20260620
sombr;Homewrecker;3513;888;0.469;20260620
LE SSERAFIM;ICONIC BY MISTAKE;3481;909;0.06;20260620
ILLIT;ICONIC BY MISTAKE;3481;909;0.06;20260620
KATSEYE;ICONIC BY MISTAKE;3481;909;0.06;20260620
Taylor Swift;Opalite;3476;867;1.911;20260620
Oliver Tree;Life Goes On;3472;-1174;0.424;20260620
KITSCHKRIEG;Gut Genug;3417;136;0.032;20260620
Blumengarten;Gut Genug;3417;136;0.032;20260620
Shirin David;Gut Genug;3417;136;0.032;20260620
BearyTunes;Glaub an dich;3315;131;0.013;20260620
ANOTR;Talk To You;3279;713;0.284;20260620
Noah Nine;A Man Can Cry;3246;-221;0.01;20260620
Ragal Ironbull;VALHALLA CALLING;3222;1458;0.344;20260620
The Bausa;Magnetic;3079;196;0.179;20260620
Eddie Rabbitt;Drivin' My Life Away;3027;2671;0.007;20260620
Michael Jackson;Human Nature;3006;-888;0.374;20260620
Sam Fender;Rein Me In;2957;-104;0.687;20260620
Olivia Dean;Rein Me In;2957;-104;0.687;20260620
BearyTunes;Mut;2945;181;0.006;20260620
The Killers;Mr. Brightside;2897;1273;1.745;20260620
Zara Larsson;Lush Life;2767;260;2.832;20260620
Tom MacDonald;Remember Who You Are;2760;2739;0.003;20260620
Bad Bunny;NUEVAYoL;2755;531;0.942;20260620
Harry Styles;Sign of the Times;2731;476;4.934;20260620
SIENNA SPIRO;Material Lover;2715;572;0.08;20260620
Ac/Dc;Thunderstruck;2672;-292;4.165;20260620
Shaboozey;Cowgirl;2589;-188;0.062;20260620
The Alan Parsons Project;Sirius;2571;-881;0.094;20260620
Josh Fawaz;Like a Prayer;2548;-466;0.408;20260620
Tame Impala;Dracula;2490;662;0.446;20260620
Michael Jackson;Don't Stop 'Til You Get Enough;2454;492;0.286;20260620
Shaboozey;A Bar Song;2401;-146;4.883;20260620
Lady Gaga;Die With A Smile;2393;411;7.527;20260620
Bruno Mars;Die With A Smile;2393;411;7.527;20260620
Ella Langley;I Can't Love You Anymore;2373;-653;0.172;20260620
Morgan Wallen;I Can't Love You Anymore;2373;-653;0.172;20260620
SOUL ARCHIVE ROOM;Out of the Flame;2361;-993;0.011;20260620
Ella Langley;Be Her;2268;-751;0.415;20260620
米津玄師 - 烏;Raven;2155;2155;0.004;20260620
ILLIT;It's Me;2095;522;0.097;20260620
Mauvais Djo;Pilé;2059;74;0.035;20260620
Benny Rivers;Step by Step in Time;2048;1845;0.291;20260620
justin;dahon;1967;713;0.003;20260620
Ella Langley;you look like you love me;1952;-247;1.284;20260620
Riley Green;you look like you love me;1952;-247;1.284;20260620
Neil Diamond;Sweet Caroline;1948;464;1.45;20260620
Benson Boone;Beautiful Things;1921;867;7.256;20260620
BearyTunes;Dankbar;1920;-438;0.019;20260620
Temper City;Self Aware;1871;728;0.07;20260620
Shakira;Waka Waka;1866;29;7.373;20260620
Oasis;Wonderwall;1856;-1070;1.323;20260620
Teddy Swims;Lose Control;1834;217;7.424;20260620
Forrest Frank;OKAY;1821;-116;0.083;20260620
XXXTENTACION;Moonlight;1816;104;0.785;20260620
Elmiene;Comets + Gold;1810;79;0.004;20260620
Fujii Kaze;Comets + Gold;1810;79;0.004;20260620
Luke Combs;Be By You;1808;334;0.262;20260620
Jennifer Lopez;Save Me Tonight;1808;552;0.138;20260620
David Guetta;Save Me Tonight;1808;552;0.138;20260620
Ricchi;Sarà perché ti amo;1804;373;1.601;20260620
Poveri;Sarà perché ti amo;1804;373;1.601;20260620
Disney;Zoo;1785;-288;0.598;20260620
Shakira;Zoo;1785;-288;0.598;20260620
John Denver;Take Me Home, Country Roads;1778;1540;0.647;20260620
Dust;You Problem;1756;-286;0.14;20260620
Harmony;You Problem;1756;-286;0.14;20260620
BABYMONSTER;SUGAR HONEY ICE TEA;1741;321;0.045;20260620
Kimo Sounds;After the fall;1738;-296;0.026;20260620
BTS;2.0;1737;-100;0.305;20260620
The Bausa;Lose Myself;1731;36;0.003;20260620
Prospa;Free Your Mind;1721;19;0.047;20260620
Cloonee;Free Your Mind;1721;19;0.047;20260620
Shakira;Zoo;1668;398;0.639;20260620
Zara Larsson;Midnight Sun;1660;591;0.249;20260620
KAROL G;Si Antes Te Hubiera Conocido;1660;367;1.9;20260620
Journey;Don't Stop Believin';1657;282;3.701;20260620
BTS;Hooligan;1634;-231;0.27;20260620
Bad Bunny;DtMF;1618;-261;1.136;20260620
Randy Newman;You've Got a Friend In Me;1617;-1064;0.269;20260620
Kis-My-Ft2;King King;1613;1613;0.002;20260620
Nicola West;The One And Only Kier Starmer;1600;150;0.004;20260620
Justen de Wildt;Cheerio;1584;118;0.102;20260620
Kara Holt;I Did It Tired;1576;-859;0.022;20260620
Teddy Swims;Bad Dreams;1573;-423;3.577;20260620
Rutger Van Barneveld;Zwoele Zomernachten;1569;112;0.009;20260620
Myles Smith;Drive Safe;1529;951;0.18;20260620
Niall Horan;Drive Safe;1529;951;0.18;20260620
Kerstin Ott;1000 x Nein;1529;140;0.003;20260620
sakanaction;Yoru No Odoriko;1508;-30;0.092;20260620
Nona*;Inochi wo eraberuka;1479;1479;0.001;20260620
BTS;Body to Body;1465;34;0.357;20260620
sombr;12 to 12;1455;992;1.177;20260620
Olivia Rodrigo;the cure;1454;450;0.169;20260620
Teddy Swims;The Door;1453;-225;3.949;20260620
G Flip;Bed on Fire;1451;-97;0.112;20260620
M!LK;Sukisugite METSU;1450;55;0.295;20260620
Guns N' Roses;Sweet Child o' Mine;1448;444;2.41;20260620
Mylène Farmer;C'est à qui le tour;1431;-753;0.029;20260620
ARASHI;Five;1422;-28;0.165;20260620
Men at Work;Down Under;1417;29;0.402;20260620
Chappell Roan;Pink Pony Club;1410;854;2.735;20260620
SIENNA SPIRO;Die On This Hill;1404;316;0.684;20260620
Gala;Freed from Desire;1401;-401;0.86;20260620
sakanaction;Kaiju;1395;27;0.484;20260620
Pietro Basile;Hey Musiala;1392;1392;0.001;20260620
The Goo Goo Dolls;Iris;1375;-806;2.027;20260620
Bronski Beat;Smalltown Boy;1373;1205;0.44;20260620
CortexUS;Not Broken;1369;612;0.068;20260620
The Rolling Stones;In The Stars;1363;-600;0.153;20260620
Nick Morgan;No Scotland No Party;1362;-245;0.026;20260620
LISA;Goals;1354;735;0.05;20260620
Anitta;Goals;1354;735;0.05;20260620
Rema;Goals;1354;735;0.05;20260620
FIFA Sound;Goals;1354;735;0.05;20260620
Christina Perri;A Thousand Years;1352;163;8.319;20260620
Helene Fischer;Heute Nacht;1341;-382;0.052;20260620
RANMARU KUROSAKI(CV.Tatsuhisa Suzuki);「WINNER」;1341;980;0.009;20260620
Myles Smith;Stargazing;1335;-238;2.619;20260620
Myles Smith;Hold Me In The Dark;1332;239;0.031;20260620
Justen de Wildt;Cheerio;1319;114;0.011;20260620
Outsiders;Cheerio;1319;114;0.011;20260620
M!LK;Maji Destiny;1315;-193;0.006;20260620
Kenshi Yonezu;IRIS OUT;1305;-149;0.382;20260620
mikeeysmind;Papaoutai;1294;102;0.925;20260620
Chill77;Papaoutai;1294;102;0.925;20260620
Unjaps;Papaoutai;1294;102;0.925;20260620
Madonna;Love Sensation;1294;-15;0.119;20260620
ROSÉ;APT.;1290;581;6.427;20260620
Bruno Mars;APT.;1290;581;6.427;20260620
AI MIKAZE(CV.Shouta Aoi);「紡ぐ日常」;1290;796;0.01;20260620
LOCASH;Let The Country Music Play;1282;11;0.012;20260620
Parmalee;Let The Country Music Play;1282;11;0.012;20260620
REIJI KOTOBUKI(CV.Showtaro Morikubo);「ワンダフルSMILE」;1265;891;0.009;20260620
Boney M.;Rasputin;1255;493;0.54;20260620
Gracie Abrams;Hit the Wall;1241;485;0.065;20260620
CAMUS(CV.Tomoaki Maeno);「Romantic days」;1241;756;0.012;20260620
Angèle;Dis-le;1240;-107;0.003;20260620
The Beaches;Edge of the Earth;1234;-249;0.124;20260620
Diane Butler;Stay When I'm Hard To Love;1233;-882;0.011;20260620
Angelina Mango;Canto d’amore;1233;413;0.012;20260620
DJ Chris Bernard;Die Engel Singen;1229;546;0.045;20260620
JERRY'S SOUND ROOM;Qué Bonito Llegar Así;1220;555;0.014;20260620
B'z;完全無欠;1217;47;0.03;20260620
Nash Blackwood;Love Me At My Lowest;1204;-259;0.061;20260620
Ragnar Bloodclaw;NORTH WIND CALLS;1202;698;0.006;20260620
Michael Jackson;Bad;1198;-297;0.205;20260620
Backstreet Boys;Shape of My Heart;1195;119;0.139;20260620
Zaungast;Landpartie;1193;-315;0.003;20260620
Marc Eggers;Mon Amour;1176;366;0.057;20260620
Aditotoro;Mon Amour;1176;366;0.057;20260620
Paul Frege;Mon Amour;1176;366;0.057;20260620
M!LK;Bakuretsu Aishiteru;1170;-95;0.164;20260620
Tani Yuuki;Ainouta;1148;65;0.002;20260620
T.I.;LET 'EM KNOW;1139;821;0.174;20260620
aespa;LEMONADE;1137;-375;0.075;20260620
J SOUL BROTHERS III from EXILE TRIBE;KATANA;1125;-354;0.004;20260620
Aitana;SUPERESTRELLA;1123;-198;0.278;20260620
Natasha Bedingfield;Unwritten;1119;249;1.045;20260620
Peter Brogan;Overthink;1104;944;0.001;20260620
Luca-Dante Spadafora;WIR SIND DIE DEUTSCHEN;1104;309;0.008;20260620
Julian Sommer;WIR SIND DIE DEUTSCHEN;1104;309;0.008;20260620
Andre Schnura;WIR SIND DIE DEUTSCHEN;1104;309;0.008;20260620
Takuya Kimura;celery;1104;-322;0.006;20260620
Yung Miami;Spend Dat;1103;-38;0.023;20260620
Beartooth;Bullshit;1097;-1159;0.004;20260620
Cole Swindell;Girl Dad;1088;572;0.002;20260620
VAUNDY;fly away;1083;-198;0.08;20260620
Myles Smith;Stay;1082;99;0.362;20260620
Vance Joy;Riptide;1079;958;2.012;20260620
Disco Lines;No Broke Boys;1078;530;1.3;20260620
Tinashe;No Broke Boys;1078;530;1.3;20260620
BTS;Into the Sun;1075;-464;0.208;20260620
Lingling Kwong;Hurt and Love;1068;-226;0.006;20260620
Orm Kornnaphat;Hurt and Love;1068;-226;0.006;20260620
Evanescence;Who Will You Follow;1063;847;0.139;20260620
no na;rollerblade;1057;32;0.021;20260620
Drake;Janice STFU;1051;78;0.086;20260620
HWASA;Good Goodbye;1051;339;0.414;20260620
Tears for Fears;Everybody Wants to Rule the World;1050;832;1.072;20260620
GroßstadtEngel;Gute Laune;1048;41;0.377;20260620
Mazzy Star;Fade Into You;1043;128;0.319;20260620
Little Glee Monster;Ichirin;1041;1041;0.042;20260620
Zhang Zi Ning;A Heartbeat's Turn;1040;286;0.04;20260620
Rex;A Heartbeat's Turn;1040;286;0.04;20260620
Shakira;Dai Dai;17862;-753;0.47;20260621
Burna Boy;Dai Dai;17862;-753;0.47;20260621
HUGEL;Movin' To The Sun;11730;-213;0.286;20260621
Imael Angel;Movin' To The Sun;11730;-213;0.286;20260621
Ultra Naté;Movin' To The Sun;11730;-213;0.286;20260621
Michael Jackson;Billie Jean;10962;445;1.309;20260621
Taylor Swift;I Knew It, I Knew You;10856;-1134;0.275;20260621
Robyn;Dancing On My Own;9794;3620;0.474;20260621
SK.music;Inside My Soul;9124;568;0.076;20260621
Ariana Grande;hate that i made you love me;8416;565;0.344;20260621
HUNTR/X;Golden;8341;1116;5.198;20260621
EJAE;Golden;8341;1116;5.198;20260621
AUDREY NUNA;Golden;8341;1116;5.198;20260621
REI AMI;Golden;8341;1116;5.198;20260621
KPop Demon Hunters Cast;Golden;8341;1116;5.198;20260621
The Second Voice;LET ME BE;8060;175;1.149;20260621
DJ.ILHAM;DIGIDI DIGIDI;7928;-525;0.192;20260621
The Chemical Brothers;Go;7823;1066;0.945;20260621
RAYE;WHERE IS MY HUSBAND;7750;147;2.847;20260621
Michael Jackson;Beat It;7694;952;0.769;20260621
Alex Warren;Ordinary;7199;1212;5.913;20260621
Kimo Sounds;Rise Slow;7191;1194;0.06;20260621
BTS;Come Over;7177;-1565;0.174;20260621
Ella Langley;Choosin' Texas;7168;48;1.336;20260621
Alex Warren;FEVER DREAM;6659;-312;0.965;20260621
DJ Goja;Mi Chico;6253;62;0.07;20260621
Taylor Swift;The Fate of Ophelia;6174;1793;3.501;20260621
Olivia Dean;Man I Need;6054;1804;2.531;20260621
Olivia Rodrigo;drop dead;6041;-335;0.538;20260621
Andrea Bocelli;DNA;5873;-2276;0.098;20260621
David Guetta;DNA;5873;-2276;0.098;20260621
EJAE;DNA;5873;-2276;0.098;20260621
Megan Thee Stallion;DNA;5873;-2276;0.098;20260621
Bruno Mars;I Just Might;5578;283;1.785;20260621
Saxboy Billy;The Puerto Rico Song;5537;1031;0.196;20260621
BTS;SWIM;5519;-288;0.948;20260621
David Guetta;Run Run River;5455;-319;0.13;20260621
Alok;Run Run River;5455;-319;0.13;20260621
Stick Figure;Run Run River;5455;-319;0.13;20260621
Teddy Swims;Mr. Know It All;5308;324;0.361;20260621
Olivia Rodrigo;stupid song;5165;-619;0.059;20260621
Bebe Rexha;New Religion;5144;-1239;0.766;20260621
Faithless;New Religion;5144;-1239;0.766;20260621
HUGEL;Jamaican;5052;-270;0.553;20260621
SOLTO (FR);Jamaican;5052;-270;0.553;20260621
Madonna;Bring Your Love;4929;-5048;0.027;20260621
Sabrina Carpenter;Bring Your Love;4929;-5048;0.027;20260621
Honey Dijon;Bring Your Love;4929;-5048;0.027;20260621
Michael Jackson;Human Nature;4916;1910;0.379;20260621
Michael Jackson;Thriller;4858;731;1.146;20260621
Justin Bieber;Beauty and a Beat;4720;-597;2.596;20260621
Olivia Dean;So Easy;4720;679;1.621;20260621
She's All Music;Because We Jive All Night Long;4657;-185;0.066;20260621
Tame Impala;Dracula;4648;297;0.63;20260621
JENNIE;Dracula;4648;297;0.63;20260621
Michael Jackson;Smooth Criminal;4360;813;0.504;20260621
STELLA LEFTY;Boston;4268;-490;0.217;20260621
Chaka Khan;Boogie's in My Soul;4249;-12;0.012;20260621
Snoop Dogg;Boogie's in My Soul;4249;-12;0.012;20260621
Bruno Mars;Risk It All;4200;28;0.675;20260621
Benson Boone;Beautiful Things;3847;1926;7.26;20260621
Harry Styles;American Girls;3589;-133;0.483;20260621
Cameron Whitcomb;Kingdom of Fear;3581;-745;0.374;20260621
KITSCHKRIEG;Gut Genug;3456;39;0.036;20260621
Blumengarten;Gut Genug;3456;39;0.036;20260621
Shirin David;Gut Genug;3456;39;0.036;20260621
Tom MacDonald;Remember Who You Are;3452;692;0.006;20260621
Ac/Dc;Thunderstruck;3235;563;4.169;20260621
BearyTunes;Glaub an dich;3226;-89;0.016;20260621
The Bausa;Magnetic;3220;141;0.182;20260621
ANOTR;Talk To You;3142;-137;0.288;20260621
Eddie Rabbitt;Drivin' My Life Away;3100;73;0.01;20260621
Shakira;Waka Waka;3096;1230;7.376;20260621
Harry Styles;Sign of the Times;3075;344;4.937;20260621
Sam Fender;Rein Me In;3039;82;0.691;20260621
Olivia Dean;Rein Me In;3039;82;0.691;20260621
Oliver Tree;Life Goes On;3009;-463;0.427;20260621
Taylor Swift;Opalite;2946;-530;1.914;20260621
BearyTunes;Mut;2917;-28;0.009;20260621
Oliver Tree;Miss You;2906;-870;1.14;20260621
Robin Schulz;Miss You;2906;-870;1.14;20260621
Benny Rivers;Step by Step in Time;2800;752;0.293;20260621
Temper City;Self Aware;2769;898;0.073;20260621
Ragal Ironbull;VALHALLA CALLING;2759;-463;0.346;20260621
Michael Jackson;Don't Stop 'Til You Get Enough;2618;164;0.289;20260621
Josh Fawaz;Like a Prayer;2613;65;0.411;20260621
Tame Impala;Dracula;2611;121;0.448;20260621
The Goo Goo Dolls;Iris;2596;1221;2.03;20260621
John Denver;Take Me Home, Country Roads;2562;784;0.65;20260621
Zara Larsson;Lush Life;2541;-226;2.835;20260621
Disney;Zoo;2538;753;0.6;20260621
Shakira;Zoo;2538;753;0.6;20260621
LE SSERAFIM;ICONIC BY MISTAKE;2517;-964;0.062;20260621
ILLIT;ICONIC BY MISTAKE;2517;-964;0.062;20260621
KATSEYE;ICONIC BY MISTAKE;2517;-964;0.062;20260621
Ella Langley;Be Her;2468;200;0.417;20260621
The Killers;Mr. Brightside;2467;-430;1.747;20260621
Shaboozey;A Bar Song;2409;8;4.886;20260621
Ella Langley;you look like you love me;2400;448;1.287;20260621
Riley Green;you look like you love me;2400;448;1.287;20260621
Teddy Swims;Lose Control;2394;560;7.426;20260621
Ella Langley;I Can't Love You Anymore;2344;-29;0.174;20260621
Morgan Wallen;I Can't Love You Anymore;2344;-29;0.174;20260621
ROSÉ;APT.;2332;1042;6.429;20260621
Bruno Mars;APT.;2332;1042;6.429;20260621
Bad Bunny;NUEVAYoL;2317;-438;0.944;20260621
Motionless In White;R.I.P.;2306;-1355;0.027;20260621
Skylar Grey;R.I.P.;2306;-1355;0.027;20260621
SIENNA SPIRO;Material Lover;2305;-410;0.082;20260621
Shaboozey;Cowgirl;2262;-327;0.064;20260621
Teddy Swims;The Door;2253;800;3.951;20260621
Noah Nine;A Man Can Cry;2217;-1029;0.012;20260621
BearyTunes;Dankbar;2211;291;0.022;20260621
Noah Nine;Mama, I still call your name;2186;-1812;0.042;20260621
Hey! Say! JUMP;CUE CUE CUTE;2183;2183;0.002;20260621
Lady Gaga;Die With A Smile;2155;-238;7.529;20260621
Bruno Mars;Die With A Smile;2155;-238;7.529;20260621
Randy Newman;You've Got a Friend In Me;2143;526;0.271;20260621
sombr;Homewrecker;2108;-1405;0.471;20260621
Kenshi Yonezu - Karasu;Raven;2098;2098;0.01;20260621
The Alan Parsons Project;Sirius;2064;-507;0.096;20260621
Neil Diamond;Sweet Caroline;2059;111;1.452;20260621
Kimo Sounds;After the fall;1981;243;0.028;20260621
XXXTENTACION;Moonlight;1979;163;0.787;20260621
The Beaches;Edge of the Earth;1971;737;0.126;20260621
Olivia Rodrigo;the cure;1938;484;0.171;20260621
Mauvais Djo;Pilé;1918;-141;0.037;20260621
Justin Bieber;DAISIES;1905;1009;1.038;20260621
Nockis;Eins;1903;1490;0.002;20260621
Brantley Gilbert;GOOD OL’ BOYS;1892;1892;0.002;20260621
Brantley Gilbert;SINS OF THE FATHER;1888;1888;0.002;20260621
Luke Combs;Be By You;1831;23;0.264;20260621
Madonna;Love Sensation;1822;528;0.121;20260621
Dermot Kennedy;Funeral;1791;836;0.237;20260621
Luther Vandross;Dance With My Father;1772;1703;0.4;20260621
Michael Jackson;Bad;1770;572;0.207;20260621
Nicola West;The One And Only Keir Starmer;1765;1765;0.002;20260621
Jennifer Lopez;Save Me Tonight;1757;-51;0.14;20260621
David Guetta;Save Me Tonight;1757;-51;0.14;20260621
Elmiene;Comets + Gold;1751;-59;0.005;20260621
Fujii Kaze;Comets + Gold;1751;-59;0.005;20260621
Die Toten Hosen;Tage wie diese;1722;949;0.978;20260621
Ricchi;Sarà perché ti amo;1701;-103;1.602;20260621
Poveri;Sarà perché ti amo;1701;-103;1.602;20260621
Christina Perri;A Thousand Years;1652;300;8.32;20260621
sombr;12 to 12;1652;197;1.179;20260621
Kis-My-Ft2;King King;1640;27;0.003;20260621
Billie Eilish;BIRDS OF A FEATHER;1637;783;5.96;20260621
Pietro Basile;Hey Musiala;1613;221;0.003;20260621
Teddy Swims;Bad Dreams;1602;29;3.579;20260621
Kara Holt;I Did It Tired;1601;25;0.024;20260621
Mazzy Star;Fade Into You;1585;542;0.32;20260621
Dust;You Problem;1577;-179;0.141;20260621
Harmony;You Problem;1577;-179;0.141;20260621
Eva Luginger;Heimliche Tränen;1565;1565;0.002;20260621
G Flip;Bed on Fire;1557;106;0.114;20260621
Zara Larsson;Midnight Sun;1549;-111;0.25;20260621
The Cranberries;Dreams;1540;1317;0.942;20260621
Justen de Wildt;Cheerio;1538;-46;0.104;20260621
Rutger Van Barneveld;Zwoele Zomernachten;1525;-44;0.011;20260621
Madonna;Bring Your Love;1524;689;0.243;20260621
Sabrina Carpenter;Bring Your Love;1524;689;0.243;20260621
sakanaction;Yoru No Odoriko;1508;0;0.094;20260621
BTS;Body to Body;1484;19;0.359;20260621
BTS;Hooligan;1475;-159;0.272;20260621
ILLIT;It's Me;1464;-631;0.098;20260621
B'z;完全無欠;1450;233;0.032;20260621
Michael Jackson;Man In the Mirror;1431;436;0.263;20260621
BTS;2.0;1425;-312;0.307;20260621
SIENNA SPIRO;Die On This Hill;1425;21;0.685;20260621
RANMARU KUROSAKI(CV.Tatsuhisa Suzuki);「WINNER」;1422;81;0.01;20260621
BTS;Into the Sun;1416;341;0.21;20260621
SOUL ARCHIVE ROOM;Out of the Flame;1412;-949;0.012;20260621
Gala;Freed from Desire;1408;7;0.861;20260621
Forrest Frank;OKAY;1408;-413;0.085;20260621
AI MIKAZE(CV.Shouta Aoi);「紡ぐ日常」;1395;105;0.012;20260621
Julio Iglesias;Con la Misma Piedra;1371;991;0.038;20260621
Justen de Wildt;Cheerio;1370;51;0.013;20260621
Outsiders;Cheerio;1370;51;0.013;20260621
Helene Fischer;Heute Nacht;1368;27;0.054;20260621
CAMUS(CV.Tomoaki Maeno);「Romantic days」;1368;127;0.013;20260621
BABYMONSTER;SUGAR HONEY ICE TEA;1361;-380;0.047;20260621
M!LK;Sukisugite METSU;1341;-109;0.296;20260621
REIJI KOTOBUKI(CV.Showtaro Morikubo);「ワンダフルSMILE」;1315;50;0.01;20260621
Angèle;Dis-le;1306;66;0.004;20260621
嵐;Five;1303;1303;0.007;20260621
Bad Bunny;DtMF;1297;-321;1.137;20260621
mikeeysmind;Papaoutai;1284;-10;0.926;20260621
Chill77;Papaoutai;1284;-10;0.926;20260621
Unjaps;Papaoutai;1284;-10;0.926;20260621
Mark Medlock;Back into the Sun;1276;331;0.014;20260621
ABBA;Dancing Queen;1273;799;1.133;20260621
aespa;LEMONADE;1270;133;0.076;20260621
Nona*;Inochi wo eraberuka;1265;-214;0.003;20260621
Kenshi Yonezu;IRIS OUT;1246;-59;0.383;20260621
寿 嶺二(CV.森久保祥太郎)、黒崎蘭丸(CV.鈴木達央)、美風 藍(CV.蒼井翔太)、カミュ(CV.前野智昭);Ready Steady Race;1241;220;0.01;20260621
Las Ardillitas de Lalo Guerrero;El Teléfono Carpintero;1234;328;0.007;20260621
Bruno Mars;Count On Me;1226;1012;1.926;20260621
MarEmi2526;Zwischen den Scherben;1226;1085;0.001;20260621
Madonna;I Feel So Free;1223;806;0.256;20260621
Prospa;Free Your Mind;1222;-499;0.048;20260621
Cloonee;Free Your Mind;1222;-499;0.048;20260621
Kerstin Ott;1000 x Nein;1217;-312;0.004;20260621
sakanaction;Kaiju;1217;-178;0.485;20260621
Myles Smith;Stargazing;1211;-124;2.62;20260621
LOCASH;Let The Country Music Play;1201;-81;0.013;20260621
Parmalee;Let The Country Music Play;1201;-81;0.013;20260621
寿 嶺二(CV.森久保祥太郎)、黒崎蘭丸(CV.鈴木達央)、美風 藍(CV.蒼井翔太)、カミュ(CV.前野智昭);SONG LETTER;1193;191;0.015;20260621
JERRY'S SOUND ROOM;Qué Bonito Llegar Así;1192;-28;0.016;20260621
Yann Muller;Est-ce que tu viens pour les vacances;1192;522;0.002;20260621
David et Jonathan;Est-ce que tu viens pour les vacances;1192;522;0.002;20260621
Aitana;SUPERESTRELLA;1182;59;0.279;20260621
no na;rollerblade;1175;118;0.022;20260621
M!LK;Maji Destiny;1170;-145;0.007;20260621
Katy Perry;The One That Got Away;1164;476;1.381;20260621
Noah Kahan;Orbiter;1161;131;0.04;20260621
Chappell Roan;Pink Pony Club;1157;-253;2.736;20260621
Harry Styles;Aperture;1147;128;0.622;20260621
Mylène Farmer;C'est à qui le tour;1138;-293;0.03;20260621
Kendrick Lamar;tv off;1132;849;0.557;20260621
GroßstadtEngel;Gute Laune;1130;82;0.378;20260621
Nick Morgan;No Scotland No Party;1129;-233;0.027;20260621
Tani Yuuki;Ainouta;1125;-23;0.003;20260621
Yung Miami;Spend Dat;1104;1;0.024;20260621
Myles Smith;Hold Me In The Dark;1104;-228;0.032;20260621
寿 嶺二(CV.森久保祥太郎)、黒崎蘭丸(CV.鈴木達央)、美風 藍(CV.蒼井翔太)、カミュ(CV.前野智昭);QUARTET CROWN;1104;422;0.016;20260621
IngaRose;Celebrate Me;1090;539;0.445;20260621
Ed Sheeran;Shape of You;1089;985;12.825;20260621
Nash Blackwood;Love Me At My Lowest;1088;-116;0.062;20260621
寿 嶺二(CV.森久保祥太郎)、黒崎蘭丸(CV.鈴木達央)、美風 藍(CV.蒼井翔太)、カミュ(CV.前野智昭);THIS IS...;1083;414;0.016;20260621
Mark Ronson;Uptown Funk;1076;902;11.247;20260621
Michael Jackson;Black or White;1071;633;0.136;20260621
Shakira;Zoo;1069;-599;0.64;20260621
Adieu Aru;Classique;1067;342;0.008;20260621
Topic;Sorry Papi;1063;118;0.027;20260621
Becky G;Sorry Papi;1063;118;0.027;20260621
M!LK;Bakuretsu Aishiteru;1062;-108;0.165;20260621
Snollebollekes;Links Rechts;1047;923;0.419;20260621
Tom Odell;Another Love;1045;822;2.729;20260621
CORTIS;REDRED;1042;713;0.098;20260621
VAUNDY;fly away;1041;-42;0.081;20260621
Ankara Echoes;Beni Al;1031;428;0.053;20260621
Shakira;Dai Dai;17964;102;0.488;20260622
Burna Boy;Dai Dai;17964;102;0.488;20260622
HUGEL;Movin' To The Sun;11904;174;0.298;20260622
Imael Angel;Movin' To The Sun;11904;174;0.298;20260622
Ultra Naté;Movin' To The Sun;11904;174;0.298;20260622
Robyn;Dancing On My Own;11889;2095;0.486;20260622
Taylor Swift;I Knew It, I Knew You;10746;-110;0.285;20260622
Michael Jackson;Billie Jean;10256;-706;1.319;20260622
EVAN;Ride or Die;10147;10147;0.01;20260622
Ariana Grande;hate that i made you love me;9050;634;0.353;20260622
SK.music;Inside My Soul;8968;-156;0.085;20260622
Alex Warren;Ordinary;8429;1230;5.921;20260622
The Second Voice;LET ME BE;8171;111;1.157;20260622
HUNTR/X;Golden;7821;-520;5.206;20260622
EJAE;Golden;7821;-520;5.206;20260622
AUDREY NUNA;Golden;7821;-520;5.206;20260622
REI AMI;Golden;7821;-520;5.206;20260622
KPop Demon Hunters Cast;Golden;7821;-520;5.206;20260622
Michael Jackson;Beat It;7764;70;0.777;20260622
Olivia Rodrigo;drop dead;7739;1698;0.545;20260622
RAYE;WHERE IS MY HUSBAND;7703;-47;2.854;20260622
The Chemical Brothers;Go;7506;-317;0.953;20260622
Ella Langley;Choosin' Texas;7307;139;1.343;20260622
Andrea Bocelli;DNA;7024;1151;0.105;20260622
David Guetta;DNA;7024;1151;0.105;20260622
EJAE;DNA;7024;1151;0.105;20260622
Megan Thee Stallion;DNA;7024;1151;0.105;20260622
Kimo Sounds;Rise Slow;6706;-485;0.066;20260622
DJ.ILHAM;DIGIDI DIGIDI;6599;-1329;0.198;20260622
Olivia Rodrigo;stupid song;6310;1145;0.065;20260622
Bebe Rexha;New Religion;6203;1059;0.772;20260622
Faithless;New Religion;6203;1059;0.772;20260622
Alex Warren;FEVER DREAM;5764;-895;0.97;20260622
Olivia Dean;Man I Need;5694;-360;2.537;20260622
Olivia Dean;So Easy;5687;967;1.626;20260622
BTS;SWIM;5616;97;0.953;20260622
Taylor Swift;The Fate of Ophelia;5549;-625;3.506;20260622
David Guetta;Run Run River;5527;72;0.135;20260622
Alok;Run Run River;5527;72;0.135;20260622
Stick Figure;Run Run River;5527;72;0.135;20260622
BTS;Come Over;5390;-1787;0.179;20260622
Teddy Swims;Mr. Know It All;5313;5;0.366;20260622
DJ Goja;Mi Chico;5259;-994;0.075;20260622
Bruno Mars;I Just Might;5098;-480;1.79;20260622
Michael Jackson;Human Nature;5035;119;0.384;20260622
Saxboy Billy;The Puerto Rico Song;4946;-591;0.201;20260622
Michael Jackson;Thriller;4691;-167;1.151;20260622
Justin Bieber;Beauty and a Beat;4536;-184;2.601;20260622
She's All Music;Because We Jive All Night Long;4509;-148;0.07;20260622
Bruno Mars;Risk It All;4497;297;0.68;20260622
HUGEL;Jamaican;4351;-701;0.557;20260622
SOLTO (FR);Jamaican;4351;-701;0.557;20260622
STELLA LEFTY;Boston;4315;47;0.221;20260622
Tame Impala;Dracula;4280;-368;0.634;20260622
JENNIE;Dracula;4280;-368;0.634;20260622
Zara Larsson;Lush Life;4242;1701;2.839;20260622
Benson Boone;Beautiful Things;4158;311;7.264;20260622
Chaka Khan;Boogie's in My Soul;3935;-314;0.016;20260622
Snoop Dogg;Boogie's in My Soul;3935;-314;0.016;20260622
Sam Fender;Rein Me In;3791;752;0.694;20260622
Olivia Dean;Rein Me In;3791;752;0.694;20260622
Tom MacDonald;Remember Who You Are;3665;213;0.01;20260622
ANOTR;Talk To You;3588;446;0.291;20260622
KITSCHKRIEG;Gut Genug;3470;14;0.039;20260622
Blumengarten;Gut Genug;3470;14;0.039;20260622
Shirin David;Gut Genug;3470;14;0.039;20260622
Temper City;Self Aware;3368;599;0.076;20260622
Michael Jackson;Smooth Criminal;3357;-1003;0.507;20260622
Cameron Whitcomb;Kingdom of Fear;3348;-233;0.377;20260622
Harry Styles;American Girls;3272;-317;0.487;20260622
BearyTunes;Glaub an dich;3205;-21;0.02;20260622
EVAN;Overflow;3191;3191;0.003;20260622
SIENNA SPIRO;Material Lover;3050;745;0.085;20260622
Ella Langley;you look like you love me;2968;568;1.29;20260622
Riley Green;you look like you love me;2968;568;1.29;20260622
Ella Langley;Be Her;2967;499;0.42;20260622
Josh Fawaz;Like a Prayer;2944;331;0.414;20260622
Tame Impala;Dracula;2932;321;0.451;20260622
Hey! Say! JUMP;CUE CUE CUTE;2923;740;0.005;20260622
BearyTunes;Mut;2890;-27;0.012;20260622
Eddie Rabbitt;Drivin' My Life Away;2848;-252;0.013;20260622
Shakira;Waka Waka;2819;-277;7.379;20260622
Bad Bunny;DtMF;2807;1510;1.14;20260622
Oliver Tree;Life Goes On;2805;-204;0.43;20260622
Ac/Dc;Thunderstruck;2783;-452;4.171;20260622
Disney;Zoo;2708;170;0.603;20260622
Shakira;Zoo;2708;170;0.603;20260622
Ragal Ironbull;VALHALLA CALLING;2689;-70;0.349;20260622
Mauvais Djo;Pilé;2672;754;0.039;20260622
Michael Jackson;Don't Stop 'Til You Get Enough;2672;54;0.292;20260622
Taylor Swift;Opalite;2635;-311;1.916;20260622
Lord Huron;The Night We Met;2598;2161;0.417;20260622
Ella Langley;I Can't Love You Anymore;2541;197;0.177;20260622
Morgan Wallen;I Can't Love You Anymore;2541;197;0.177;20260622
Harry Styles;Sign of the Times;2527;-548;4.939;20260622
Oliver Tree;Miss You;2521;-385;1.143;20260622
Robin Schulz;Miss You;2521;-385;1.143;20260622
The Bausa;Magnetic;2520;-700;0.185;20260622
LE SSERAFIM;ICONIC BY MISTAKE;2505;-12;0.065;20260622
ILLIT;ICONIC BY MISTAKE;2505;-12;0.065;20260622
KATSEYE;ICONIC BY MISTAKE;2505;-12;0.065;20260622
Benny Rivers;Step by Step in Time;2491;-309;0.296;20260622
Madonna;Love Sensation;2470;648;0.123;20260622
John Denver;Take Me Home, Country Roads;2369;-193;0.652;20260622
Olivia Rodrigo;the cure;2364;426;0.173;20260622
Bad Bunny;NUEVAYoL;2330;13;0.947;20260622
Lady Gaga;Die With A Smile;2309;154;7.532;20260622
Bruno Mars;Die With A Smile;2309;154;7.532;20260622
NCT WISH;BOY MEETS GIRL;2199;2199;0.002;20260622
sombr;Homewrecker;2190;82;0.473;20260622
Zara Larsson;Midnight Sun;2182;633;0.253;20260622
The Goo Goo Dolls;Iris;2180;-416;2.032;20260622
Shaboozey;A Bar Song;2158;-251;4.888;20260622
Neil Diamond;Sweet Caroline;2154;95;1.455;20260622
Kenshi Yonezu - Karasu;Raven;2009;-89;0.012;20260622
Dust;You Problem;2003;426;0.143;20260622
Harmony;You Problem;2003;426;0.143;20260622
Teddy Swims;The Door;1999;-254;3.953;20260622
Affirmation Club;I don’t chase I attract;1996;1134;0.009;20260622
MAZZEL;So Strawberry;1982;1982;0.002;20260622
XXXTENTACION;Moonlight;1980;1;0.789;20260622
Hearts2Hearts;Lemon Tang;1963;1963;0.002;20260622
The Beaches;Edge of the Earth;1908;-63;0.128;20260622
Teddy Swims;Lose Control;1900;-494;7.428;20260622
Die Toten Hosen;Tage wie diese;1888;166;0.979;20260622
Madonna;Bring Your Love;1887;-3042;0.029;20260622
Sabrina Carpenter;Bring Your Love;1887;-3042;0.029;20260622
Honey Dijon;Bring Your Love;1887;-3042;0.029;20260622
Billie Eilish;BIRDS OF A FEATHER;1860;223;5.961;20260622
BTS;Into the Sun;1854;438;0.211;20260622
G Flip;Bed on Fire;1820;263;0.116;20260622
Randy Newman;You've Got a Friend In Me;1789;-354;0.273;20260622
BearyTunes;Dankbar;1782;-429;0.023;20260622
Kimo Sounds;After the fall;1753;-228;0.03;20260622
Drake;NOKIA;1748;1344;1.891;20260622
The Killers;Mr. Brightside;1747;-720;1.749;20260622
Dave;Raindance;1739;1070;0.388;20260622
Tems;Raindance;1739;1070;0.388;20260622
Luke Combs;Be By You;1719;-112;0.266;20260622
Shaboozey;Cowgirl;1712;-550;0.066;20260622
Forrest Frank;OKAY;1703;295;0.087;20260622
Shakira;Zoo;1660;591;0.642;20260622
Motionless In White;R.I.P.;1612;-694;0.029;20260622
Skylar Grey;R.I.P.;1612;-694;0.029;20260622
Teddy Swims;Bad Dreams;1603;1;3.581;20260622
Nicola West;The One And Only Keir Starmer;1600;-165;0.003;20260622
Rutger Van Barneveld;Zwoele Zomernachten;1584;59;0.013;20260622
SIENNA SPIRO;Die On This Hill;1583;158;0.687;20260622
GroßstadtEngel;Gute Laune;1577;447;0.38;20260622
Helene Fischer;Heute Nacht;1537;169;0.055;20260622
Justen de Wildt;Cheerio;1523;-15;0.105;20260622
Justin Bieber;DAISIES;1516;-389;1.04;20260622
Kis-My-Ft2;King King;1508;-132;0.005;20260622
Brantley Gilbert;GOOD OL’ BOYS;1507;-385;0.003;20260622
Dermot Kennedy;Funeral;1499;-292;0.238;20260622
sakanaction;Yoru No Odoriko;1479;-29;0.095;20260622
Elmiene;Comets + Gold;1469;-282;0.007;20260622
Fujii Kaze;Comets + Gold;1469;-282;0.007;20260622
mikeeysmind;Papaoutai;1468;184;0.928;20260622
Chill77;Papaoutai;1468;184;0.928;20260622
Unjaps;Papaoutai;1468;184;0.928;20260622
RANMARU KUROSAKI(CV.Tatsuhisa Suzuki);「WINNER」;1450;28;0.012;20260622
B'z;完全無欠;1422;-28;0.033;20260622
Michael Jackson;Man In the Mirror;1422;-9;0.264;20260622
Michael Jackson;Bad;1405;-365;0.208;20260622
Ricchi;Sarà perché ti amo;1402;-299;1.604;20260622
Poveri;Sarà perché ti amo;1402;-299;1.604;20260622
ARASHI;Five;1395;1395;0.166;20260622
ILLIT;It's Me;1381;-83;0.099;20260622
Kenshi Yonezu;IRIS OUT;1368;122;0.385;20260622
AI MIKAZE(CV.Shouta Aoi);「紡ぐ日常」;1368;-27;0.013;20260622
Topic;Sorry Papi;1359;296;0.028;20260622
Becky G;Sorry Papi;1359;296;0.028;20260622
Brantley Gilbert;SINS OF THE FATHER;1354;-534;0.003;20260622
Vance Joy;Riptide;1326;336;2.014;20260622
Noah Kahan;Orbiter;1326;165;0.041;20260622
M!LK;Sukisugite METSU;1315;-26;0.297;20260622
Nash Blackwood;We Don't Need To Be Perfect;1308;378;0.036;20260622
CAMUS(CV.Tomoaki Maeno);「Romantic days」;1290;-78;0.015;20260622
Nockis;Eins;1290;-613;0.004;20260622
TUKI.;SOS;1288;1288;0.001;20260622
Justen de Wildt;Cheerio;1282;-88;0.014;20260622
Outsiders;Cheerio;1282;-88;0.014;20260622
Manon Lisa;Le Petit Pêcheur;1271;532;0.039;20260622
ROSÉ;APT.;1263;-1069;6.43;20260622
Bruno Mars;APT.;1263;-1069;6.43;20260622
Eminem;Lose Yourself;1243;323;3.803;20260622
Daichi Miura;Crave;1241;1241;0.001;20260622
Sabrina Carpenter;Espresso;1234;270;3.122;20260622
Luther Vandross;Dance With My Father;1234;-538;0.402;20260622
Las Ardillitas de Lalo Guerrero;El Teléfono Carpintero;1225;-9;0.009;20260622
aespa;LEMONADE;1222;-48;0.077;20260622
REIJI KOTOBUKI(CV.Showtaro Morikubo);「ワンダフルSMILE」;1217;-98;0.011;20260622
BTS;2.0;1215;-210;0.308;20260622
Madonna;Bring Your Love;1210;-314;0.244;20260622
Sabrina Carpenter;Bring Your Love;1210;-314;0.244;20260622
Chappell Roan;Pink Pony Club;1201;44;2.737;20260622
Alex Warren;PASSENGER;1199;605;0.044;20260622
Pietro Basile;Hey Musiala;1193;-420;0.004;20260622
寿 嶺二(CV.森久保祥太郎)、黒崎蘭丸(CV.鈴木達央)、美風 藍(CV.蒼井翔太)、カミュ(CV.前野智昭);Ready Steady Race;1193;-48;0.011;20260622
Lola Young;Messy;1192;208;4.154;20260622
KAROL G;Si Antes Te Hubiera Conocido;1188;162;1.902;20260622
Oasis;Wonderwall;1177;320;1.325;20260622
sakanaction;Kaiju;1170;-47;0.486;20260622
Survivor;Eye of the Tiger;1170;812;2.489;20260622
Slayyyter;DANCE...;1163;177;0.063;20260622
Kerstin Ott;1000 x Nein;1148;-69;0.005;20260622
寿 嶺二(CV.森久保祥太郎)、黒崎蘭丸(CV.鈴木達央)、美風 藍(CV.蒼井翔太)、カミュ(CV.前野智昭);SONG LETTER;1148;-45;0.016;20260622
Eva Luginger;Heimliche Tränen;1138;-427;0.003;20260622
Angèle;Dis-le;1130;-176;0.005;20260622
Culture Club;Karma Chameleon;1128;348;0.033;20260622
Nona*;Inochi wo eraberuka;1125;-140;0.004;20260622
Jennifer Lopez;Save Me Tonight;1117;-640;0.141;20260622
David Guetta;Save Me Tonight;1117;-640;0.141;20260622
Serena Brancale;AL MIO PAESE;1115;343;0.066;20260622
Levante;AL MIO PAESE;1115;343;0.066;20260622
DELIA;AL MIO PAESE;1115;343;0.066;20260622
Gordo;Loco Loco;1104;186;0.202;20260622
Reinier Zonneveld;Loco Loco;1104;186;0.202;20260622
寿 嶺二(CV.森久保祥太郎)、黒崎蘭丸(CV.鈴木達央)、美風 藍(CV.蒼井翔太)、カミュ(CV.前野智昭);QUARTET CROWN;1104;0;0.017;20260622
Aitana;SUPERESTRELLA;1104;-78;0.28;20260622
Roger Waters;Comfortably Numb Re-Imagined;1103;628;0.006;20260622
Mona Miari;Comfortably Numb Re-Imagined;1103;628;0.006;20260622
Madonna;I Feel So Free;1096;-127;0.257;20260622
Natasha Bedingfield;Unwritten;1090;639;1.047;20260622
Prospa;Free Your Mind;1086;-136;0.049;20260622
Cloonee;Free Your Mind;1086;-136;0.049;20260622
Mark Medlock;Back into the Sun;1084;-192;0.015;20260622
M!LK;Maji Destiny;1083;-87;0.008;20260622
Adieu Aru;Classique;1078;11;0.009;20260622
BTS;Body to Body;1071;-413;0.36;20260622
Zhang Zi Ning;A Heartbeat's Turn;1063;321;0.042;20260622
Rex;A Heartbeat's Turn;1063;321;0.042;20260622
寿 嶺二(CV.森久保祥太郎)、黒崎蘭丸(CV.鈴木達央)、美風 藍(CV.蒼井翔太)、カミュ(CV.前野智昭);THIS IS...;1062;-21;0.017;20260622
no na;rollerblade;1036;-139;0.023;20260622
Noah Nine;A Man Can Cry;1032;-1185;0.013;20260622
CortexUS;Not Broken;1031;328;0.07;20260622
Coldplay;A Sky Full of Stars;1026;791;11.293;20260622
M!LK;Bakuretsu Aishiteru;1021;-41;0.167;20260622
Peter Schilling;Major Tom;1019;38;0.273;20260622
Golden Earring;Radar Love;1015;301;0.085;20260622
Effe Serieus;Baila de Gasolina;1015;116;0.372;20260622
Noah Nine;Mama, I still call your name;1007;-1179;0.043;20260622
寿 嶺二(CV.森久保祥太郎)、黒崎蘭丸(CV.鈴木達央)、美風 藍(CV.蒼井翔太)、カミュ(CV.前野智昭);You're my life;1002;19;0.004;20260622
BTS;Hooligan;991;-484;0.273;20260622
The Alan Parsons Project;Sirius;989;-1075;0.097;20260622
Shakira;Dai Dai;16616;-1348;0.504;20260623
Burna Boy;Dai Dai;16616;-1348;0.504;20260623
Taylor Swift;I Knew It, I Knew You;11450;704;0.297;20260623
Robyn;Dancing On My Own;11254;-635;0.497;20260623
HUGEL;Movin' To The Sun;11052;-852;0.309;20260623
Imael Angel;Movin' To The Sun;11052;-852;0.309;20260623
Ultra Naté;Movin' To The Sun;11052;-852;0.309;20260623
Michael Jackson;Billie Jean;10549;293;1.329;20260623
EVAN;Ride or Die;10248;101;0.02;20260623
Ariana Grande;hate that i made you love me;9810;760;0.363;20260623
HUNTR/X;Golden;8989;1168;5.215;20260623
EJAE;Golden;8989;1168;5.215;20260623
AUDREY NUNA;Golden;8989;1168;5.215;20260623
REI AMI;Golden;8989;1168;5.215;20260623
KPop Demon Hunters Cast;Golden;8989;1168;5.215;20260623
SK.music;Inside My Soul;7838;-1130;0.093;20260623
Michael Jackson;Beat It;7654;-110;0.784;20260623
The Second Voice;LET ME BE;7628;-543;1.164;20260623
Alex Warren;Ordinary;7493;-936;5.929;20260623
Ella Langley;Choosin' Texas;7427;120;1.35;20260623
RAYE;WHERE IS MY HUSBAND;6968;-735;2.861;20260623
The Chemical Brothers;Go;6800;-706;0.96;20260623
Kimo Sounds;Rise Slow;6600;-106;0.073;20260623
Alex Warren;FEVER DREAM;6507;743;0.977;20260623
DJ.ILHAM;DIGIDI DIGIDI;6379;-220;0.205;20260623
Teddy Swims;Mr. Know It All;6304;991;0.373;20260623
Bebe Rexha;New Religion;5965;-238;0.778;20260623
Faithless;New Religion;5965;-238;0.778;20260623
BTS;SWIM;5911;295;0.959;20260623
Olivia Rodrigo;drop dead;5806;-1933;0.551;20260623
Olivia Dean;Man I Need;5603;-91;2.543;20260623
DJ Goja;Mi Chico;5566;307;0.081;20260623
Olivia Rodrigo;stupid song;5496;-814;0.07;20260623
Andrea Bocelli;DNA;5474;-1550;0.11;20260623
David Guetta;DNA;5474;-1550;0.11;20260623
EJAE;DNA;5474;-1550;0.11;20260623
Megan Thee Stallion;DNA;5474;-1550;0.11;20260623
Tame Impala;Dracula;5458;1178;0.639;20260623
JENNIE;Dracula;5458;1178;0.639;20260623
Guesch Patti;Etienne;5424;5268;0.006;20260623
Bruno Mars;I Just Might;5312;214;1.796;20260623
Saxboy Billy;The Puerto Rico Song;4918;-28;0.206;20260623
BTS;Come Over;4759;-631;0.184;20260623
HUGEL;Jamaican;4703;352;0.562;20260623
SOLTO (FR);Jamaican;4703;352;0.562;20260623
Olivia Dean;So Easy;4611;-1076;1.631;20260623
David Guetta;Run Run River;4593;-934;0.14;20260623
Alok;Run Run River;4593;-934;0.14;20260623
Stick Figure;Run Run River;4593;-934;0.14;20260623
Michael Jackson;Human Nature;4583;-452;0.388;20260623
Justin Bieber;Beauty and a Beat;4563;27;2.605;20260623
Chaka Khan;Boogie's in My Soul;4513;578;0.021;20260623
Snoop Dogg;Boogie's in My Soul;4513;578;0.021;20260623
STELLA LEFTY;Boston;4468;153;0.226;20260623
Taylor Swift;The Fate of Ophelia;4163;-1386;3.51;20260623
SIENNA SPIRO;Material Lover;4081;1031;0.089;20260623
Bruno Mars;Risk It All;4025;-472;0.684;20260623
Tom MacDonald;Remember Who You Are;4011;346;0.014;20260623
Cameron Whitcomb;Kingdom of Fear;3962;614;0.381;20260623
Michael Jackson;Thriller;3860;-831;1.155;20260623
Benny Rivers;Step by Step in Time;3800;1309;0.3;20260623
Josh Fawaz;Like a Prayer;3716;772;0.418;20260623
Temper City;Self Aware;3619;251;0.08;20260623
Harry Styles;American Girls;3549;277;0.49;20260623
Michael Jackson;Smooth Criminal;3498;141;0.511;20260623
BearyTunes;Glaub an dich;3429;224;0.023;20260623
Ella Langley;you look like you love me;3417;449;1.293;20260623
Riley Green;you look like you love me;3417;449;1.293;20260623
KITSCHKRIEG;Gut Genug;3404;-66;0.043;20260623
Blumengarten;Gut Genug;3404;-66;0.043;20260623
Shirin David;Gut Genug;3404;-66;0.043;20260623
Ac/Dc;Thunderstruck;3399;616;4.175;20260623
Harry Styles;Sign of the Times;3398;871;4.943;20260623
Bad Bunny;NUEVAYoL;3227;897;0.95;20260623
Christina Perri;A Thousand Years;3207;2596;8.324;20260623
Affirmation Club;I don’t chase I attract;3155;1159;0.013;20260623
Taylor Swift;Opalite;3152;517;1.919;20260623
Benson Boone;Beautiful Things;3135;-1023;7.267;20260623
ANOTR;Talk To You;3074;-514;0.294;20260623
Sam Fender;Rein Me In;3070;-721;0.697;20260623
Olivia Dean;Rein Me In;3070;-721;0.697;20260623
The Bausa;Magnetic;3045;525;0.188;20260623
BearyTunes;Mut;3005;115;0.015;20260623
Randy Newman;You've Got a Friend In Me;2966;1177;0.276;20260623
Oliver Tree;Life Goes On;2965;160;0.433;20260623
SIENNA SPIRO;Die On This Hill;2805;1222;0.69;20260623
Tame Impala;Dracula;2805;-127;0.454;20260623
Ragal Ironbull;VALHALLA CALLING;2780;91;0.352;20260623
Zara Larsson;Lush Life;2722;-1520;2.842;20260623
Lady Gaga;Die With A Smile;2711;402;7.534;20260623
Bruno Mars;Die With A Smile;2711;402;7.534;20260623
Teddy Swims;Lose Control;2650;750;7.431;20260623
John Denver;Take Me Home, Country Roads;2621;252;0.655;20260623
Lord Huron;The Night We Met;2604;6;0.42;20260623
Ella Langley;I Can't Love You Anymore;2546;5;0.179;20260623
Morgan Wallen;I Can't Love You Anymore;2546;5;0.179;20260623
Shaboozey;A Bar Song;2538;380;4.89;20260623
Bread;Everything I Own;2507;1568;0.134;20260623
Ella Langley;Be Her;2498;-469;0.423;20260623
EVAN;Overflow;2445;-746;0.006;20260623
Zara Larsson;Midnight Sun;2431;249;0.255;20260623
Eddie Rabbitt;Drivin' My Life Away;2390;-458;0.015;20260623
Hearts2Hearts;Lemon Tang;2366;403;0.004;20260623
Teddy Swims;The Door;2279;280;3.955;20260623
Dust;You Problem;2278;275;0.146;20260623
Harmony;You Problem;2278;275;0.146;20260623
XXXTENTACION;Moonlight;2228;248;0.791;20260623
Shakira;Zoo;2210;550;0.644;20260623
Olivia Rodrigo;the cure;2209;-155;0.175;20260623
Kenshi Yonezu - Karasu;Raven;2204;195;0.014;20260623
RYEOWOOK;Runaway;2197;2197;0.002;20260623
Hey! Say! JUMP;CUE CUE CUTE;2193;-730;0.007;20260623
Oliver Tree;Miss You;2119;-402;1.145;20260623
Robin Schulz;Miss You;2119;-402;1.145;20260623
Michael Jackson;Don't Stop 'Til You Get Enough;2115;-557;0.294;20260623
SOUL ARCHIVE ROOM;Out of the Flame;2054;1204;0.015;20260623
BearyTunes;Dankbar;1977;195;0.025;20260623
Disney;Zoo;1968;-740;0.605;20260623
Shakira;Zoo;1968;-740;0.605;20260623
Bad Bunny;DtMF;1962;-845;1.142;20260623
Shaboozey;Cowgirl;1941;229;0.068;20260623
sombr;Homewrecker;1906;-284;0.475;20260623
MAZZEL;So Strawberry;1899;-83;0.004;20260623
Editors;The Rush;1892;1892;0.002;20260623
KAROL G;Si Antes Te Hubiera Conocido;1786;598;1.904;20260623
Die Toten Hosen;Tage wie diese;1732;-156;0.981;20260623
Teddy Swims;Bad Dreams;1696;93;3.582;20260623
Myles Smith;Stargazing;1686;700;2.623;20260623
Las Ardillitas de Lalo Guerrero;El Teléfono Carpintero;1675;450;0.01;20260623
Luke Combs;Be By You;1663;-56;0.268;20260623
Deep Purple;Guilt Trippin';1641;1641;0.002;20260623
Rutger Van Barneveld;Zwoele Zomernachten;1600;16;0.014;20260623
GroßstadtEngel;Gute Laune;1588;11;0.381;20260623
Neil Diamond;Sweet Caroline;1585;-569;1.456;20260623
Evanescence;Bring Me to Life;1581;782;1.662;20260623
ILLIT;It's Me;1581;200;0.101;20260623
Noah Kahan;Orbiter;1578;252;0.043;20260623
G Flip;Bed on Fire;1578;-242;0.117;20260623
Justen de Wildt;Cheerio;1568;45;0.107;20260623
Justin Bieber;DAISIES;1563;47;1.041;20260623
The Killers;Mr. Brightside;1560;-187;1.75;20260623
ARASHI;Five;1554;159;0.168;20260623
Angèle;Dis-le;1550;420;0.007;20260623
Kimo Sounds;After the fall;1526;-227;0.032;20260623
Mauvais Djo;Pilé;1511;-1161;0.041;20260623
sakanaction;Yoru No Odoriko;1508;29;0.097;20260623
Shakira;Waka Waka;1502;-1317;7.38;20260623
Kis-My-Ft2;King King;1479;-29;0.006;20260623
Ramin Djawadi;Main Title;1472;549;0.27;20260623
LE SSERAFIM;ICONIC BY MISTAKE;1466;-1039;0.066;20260623
ILLIT;ICONIC BY MISTAKE;1466;-1039;0.066;20260623
KATSEYE;ICONIC BY MISTAKE;1466;-1039;0.066;20260623
sombr;back to friends;1448;1056;0.628;20260623
BTS;Body to Body;1440;369;0.361;20260623
NCT WISH;BOY MEETS GIRL;1433;-766;0.004;20260623
Olivia Rodrigo;honeybee;1429;506;0.007;20260623
M!LK;Sukisugite METSU;1422;107;0.299;20260623
Kenshi Yonezu;IRIS OUT;1410;42;0.386;20260623
Ankara Echoes;Beni Al;1408;421;0.056;20260623
Helene Fischer;Heute Nacht;1398;-139;0.057;20260623
Sabrina Carpenter;Espresso;1382;148;3.124;20260623
Editors;Call It In;1380;1380;0.009;20260623
Jernblod;Shieldmaiden;1379;525;0.032;20260623
sakanaction;Kaiju;1368;198;0.487;20260623
Billie Eilish;BIRDS OF A FEATHER;1366;-494;5.963;20260623
Gala;Freed from Desire;1346;487;0.864;20260623
Kygo;Save My Love;1343;661;0.112;20260623
Khalid;Save My Love;1343;661;0.112;20260623
Gryffin;Save My Love;1343;661;0.112;20260623
B'z;完全無欠;1341;-81;0.035;20260623
The Vampire Lestat;The Loneliness;1333;1333;0.001;20260623
Motionless In White;R.I.P.;1328;-284;0.03;20260623
Skylar Grey;R.I.P.;1328;-284;0.03;20260623
Drake;NOKIA;1327;-421;1.892;20260623
Nicola West;The One And Only Keir Starmer;1315;-285;0.005;20260623
Elmiene;Comets + Gold;1315;-154;0.008;20260623
Fujii Kaze;Comets + Gold;1315;-154;0.008;20260623
Daichi Miura;Crave;1290;49;0.003;20260623
Madonna;Love Sensation;1289;-1181;0.125;20260623
Mark Medlock;Back into the Sun;1280;196;0.016;20260623
2raumwohnung;36Grad;1268;442;0.063;20260623
M!LK;Maji Destiny;1265;182;0.009;20260623
Jernblod;Greenland;1263;484;0.076;20260623
Ella Langley;Loving Life Again;1261;312;0.13;20260623
TUKI.;SOS;1249;-39;0.003;20260623
Eminem;Lose Yourself;1239;-4;3.805;20260623
Michael Jackson;Bad;1237;-168;0.21;20260623
Katy Perry;WONDER;1226;929;0.05;20260623
Golden Earring;Radar Love;1223;208;0.086;20260623
Stick Figure;Angels Above Me;1218;390;0.218;20260623
Madonna;Bring Your Love;1218;8;0.245;20260623
Sabrina Carpenter;Bring Your Love;1218;8;0.245;20260623
M!LK;Bakuretsu Aishiteru;1217;196;0.168;20260623
Slayyyter;DANCE...;1211;48;0.065;20260623
Ricchi;Sarà perché ti amo;1202;-200;1.605;20260623
Poveri;Sarà perché ti amo;1202;-200;1.605;20260623
Angelina Mango;Canto d’amore;1197;340;0.015;20260623
SUPER BEAVER;Climax;1193;596;0.019;20260623
OneRepublic;I Ain't Worried;1188;309;3.459;20260623
Aitana;SUPERESTRELLA;1184;80;0.281;20260623
BOYNEXTDOOR;VIRAL;1178;852;0.002;20260623
SANTOS BRAVOS;VIRAL;1178;852;0.002;20260623
Kara Holt;I Did It Tired;1176;243;0.026;20260623
Snollebollekes;Links Rechts;1172;686;0.42;20260623
RANMARU KUROSAKI(CV.Tatsuhisa Suzuki);「WINNER」;1170;-280;0.013;20260623
Dave;Raindance;1165;-574;0.389;20260623
Tems;Raindance;1165;-574;0.389;20260623
LOVIXX STOSLIV;Don't tell your dreams;1160;662;0.003;20260623
Effe Serieus;Baila de Gasolina;1156;141;0.373;20260623
AI MIKAZE(CV.Shouta Aoi);「紡ぐ日常」;1148;-220;0.014;20260623
Andreas Bourani;Auf uns;1132;628;1.087;20260623
Prospa;Free Your Mind;1129;43;0.05;20260623
Cloonee;Free Your Mind;1129;43;0.05;20260623
寿 嶺二(CV.森久保祥太郎)、黒崎蘭丸(CV.鈴木達央)、美風 藍(CV.蒼井翔太)、カミュ(CV.前野智昭);Ready Steady Race;1125;-68;0.012;20260623
Djo;End of Beginning;1121;167;1.949;20260623
The Goo Goo Dolls;Iris;1117;-1063;2.033;20260623
Noah Nine;A Man Can Cry;1111;79;0.014;20260623
BTS;Into the Sun;1108;-746;0.213;20260623
寿 嶺二(CV.森久保祥太郎)、黒崎蘭丸(CV.鈴木達央)、美風 藍(CV.蒼井翔太)、カミュ(CV.前野智昭);SONG LETTER;1104;-44;0.017;20260623
The Cinematic Orchestra;To Build a Home;1100;328;0.152;20260623
Chappell Roan;Pink Pony Club;1097;-104;2.738;20260623
Oasis;Wonderwall;1091;-86;1.326;20260623
Elevation Worship;God I'm Just Grateful;1083;100;0.104;20260623
Chandler Moore;God I'm Just Grateful;1083;100;0.104;20260623
Keisuke Kuwata;HITOTARASHI;1083;318;0.067;20260623
Noah Nine;Mama, I still call your name;1076;69;0.044;20260623
Beyoncé;Die With You;1076;585;0.272;20260623
Zhang Zi Ning;A Heartbeat's Turn;1054;-9;0.043;20260623
Rex;A Heartbeat's Turn;1054;-9;0.043;20260623
Laga;RAISE THE BANNER;1053;599;0.047;20260623
4 Non Blondes;What's Up;1052;353;1.344;20260623
Journey;Don't Stop Believin';1050;846;3.703;20260623
Forrest Frank;OKAY;1049;-654;0.088;20260623
Bruno Mars;Count On Me;1045;334;1.927;20260623
Orange Range;1000%;1041;215;0.015;20260623
Drake;Janice STFU;1033;209;0.088;20260623
Yung Miami;Spend Dat;1032;52;0.026;20260623
Topic;Sorry Papi;1032;-327;0.029;20260623
Becky G;Sorry Papi;1032;-327;0.029;20260623
Stray Kids;RUN IT;23996;23996;0.024;20260624
Shakira;Dai Dai;15886;-730;0.52;20260624
Burna Boy;Dai Dai;15886;-730;0.52;20260624
Robyn;Dancing On My Own;11343;89;0.509;20260624
Taylor Swift;I Knew It, I Knew You;11205;-245;0.308;20260624
HUGEL;Movin' To The Sun;10448;-604;0.319;20260624
Imael Angel;Movin' To The Sun;10448;-604;0.319;20260624
Ultra Naté;Movin' To The Sun;10448;-604;0.319;20260624
Deep Purple;Guilt Trippin';10052;8411;0.012;20260624
Ariana Grande;hate that i made you love me;9624;-186;0.372;20260624
Michael Jackson;Billie Jean;9016;-1533;1.338;20260624
SK.music;Inside My Soul;8945;1107;0.102;20260624
HUNTR/X;Golden;7497;-1492;5.222;20260624
EJAE;Golden;7497;-1492;5.222;20260624
AUDREY NUNA;Golden;7497;-1492;5.222;20260624
REI AMI;Golden;7497;-1492;5.222;20260624
KPop Demon Hunters Cast;Golden;7497;-1492;5.222;20260624
Alex Warren;Ordinary;7275;-218;5.936;20260624
Ella Langley;Choosin' Texas;7214;-213;1.358;20260624
Kimo Sounds;Rise Slow;7213;613;0.08;20260624
DJ Goja;Mi Chico;7096;1530;0.088;20260624
The Second Voice;LET ME BE;7058;-570;1.171;20260624
RAYE;WHERE IS MY HUSBAND;6957;-11;2.868;20260624
Olivia Rodrigo;drop dead;6669;863;0.558;20260624
DJ.ILHAM;DIGIDI DIGIDI;6615;236;0.211;20260624
Michael Jackson;Beat It;6434;-1220;0.791;20260624
Olivia Rodrigo;stupid song;6267;771;0.077;20260624
Olivia Dean;Man I Need;6142;539;2.549;20260624
Alex Warren;FEVER DREAM;6110;-397;0.983;20260624
David Guetta;Run Run River;6080;1487;0.146;20260624
Alok;Run Run River;6080;1487;0.146;20260624
Stick Figure;Run Run River;6080;1487;0.146;20260624
Teddy Swims;Mr. Know It All;5757;-547;0.378;20260624
The Chemical Brothers;Go;5671;-1129;0.965;20260624
Guesch Patti;Etienne;5356;-68;0.011;20260624
Saxboy Billy;The Puerto Rico Song;5162;244;0.211;20260624
HUGEL;Jamaican;5122;419;0.567;20260624
SOLTO (FR);Jamaican;5122;419;0.567;20260624
Olivia Dean;So Easy;5039;428;1.636;20260624
Cameron Whitcomb;Kingdom of Fear;4999;1037;0.386;20260624
Bruno Mars;I Just Might;4971;-341;1.801;20260624
BTS;SWIM;4955;-956;0.964;20260624
Taylor Swift;The Fate of Ophelia;4930;767;3.515;20260624
Bebe Rexha;New Religion;4710;-1255;0.782;20260624
Faithless;New Religion;4710;-1255;0.782;20260624
EVAN;Ride or Die;4706;-5542;0.025;20260624
Andrea Bocelli;DNA;4322;-1152;0.114;20260624
David Guetta;DNA;4322;-1152;0.114;20260624
EJAE;DNA;4322;-1152;0.114;20260624
Megan Thee Stallion;DNA;4322;-1152;0.114;20260624
STELLA LEFTY;Boston;4195;-273;0.23;20260624
SIENNA SPIRO;Material Lover;4164;83;0.093;20260624
Chaka Khan;Boogie's in My Soul;4032;-481;0.025;20260624
Snoop Dogg;Boogie's in My Soul;4032;-481;0.025;20260624
Tame Impala;Dracula;3981;-1477;0.643;20260624
JENNIE;Dracula;3981;-1477;0.643;20260624
BTS;Come Over;3863;-896;0.188;20260624
Temper City;Self Aware;3710;91;0.083;20260624
KITSCHKRIEG;Gut Genug;3661;257;0.046;20260624
Blumengarten;Gut Genug;3661;257;0.046;20260624
Shirin David;Gut Genug;3661;257;0.046;20260624
Bruno Mars;Risk It All;3587;-438;0.688;20260624
Bad Bunny;NUEVAYoL;3494;267;0.953;20260624
Justin Bieber;Beauty and a Beat;3493;-1070;2.609;20260624
Josh Fawaz;Like a Prayer;3352;-364;0.421;20260624
Michael Jackson;Human Nature;3311;-1272;0.392;20260624
Benny Rivers;Step by Step in Time;3302;-498;0.303;20260624
BearyTunes;Glaub an dich;3274;-155;0.026;20260624
Sam Fender;Rein Me In;3096;26;0.7;20260624
Olivia Dean;Rein Me In;3096;26;0.7;20260624
Tom MacDonald;Remember Who You Are;3074;-937;0.017;20260624
Michael Jackson;Thriller;3032;-828;1.158;20260624
Zara Larsson;Lush Life;2977;255;2.845;20260624
Michael Jackson;Smooth Criminal;2917;-581;0.514;20260624
Benson Boone;Beautiful Things;2896;-239;7.27;20260624
Shaboozey;A Bar Song;2869;331;4.893;20260624
ANOTR;Talk To You;2843;-231;0.297;20260624
Lady Gaga;Die With A Smile;2791;80;7.537;20260624
Bruno Mars;Die With A Smile;2791;80;7.537;20260624
BearyTunes;Mut;2754;-251;0.017;20260624
sombr;Homewrecker;2750;844;0.478;20260624
Ella Langley;you look like you love me;2736;-681;1.296;20260624
Riley Green;you look like you love me;2736;-681;1.296;20260624
RYEOWOOK;Runaway;2717;520;0.005;20260624
Oliver Tree;Life Goes On;2702;-263;0.436;20260624
PJ Harvey;Voyager;2690;2690;0.003;20260624
Ac/Dc;Thunderstruck;2682;-717;4.177;20260624
Harry Styles;American Girls;2674;-875;0.493;20260624
Olivia Rodrigo;the cure;2531;322;0.178;20260624
Bread;Everything I Own;2458;-49;0.136;20260624
Ella Langley;I Can't Love You Anymore;2431;-115;0.182;20260624
Morgan Wallen;I Can't Love You Anymore;2431;-115;0.182;20260624
Bad Bunny;DtMF;2332;370;1.144;20260624
LE SSERAFIM;ICONIC BY MISTAKE;2328;862;0.069;20260624
ILLIT;ICONIC BY MISTAKE;2328;862;0.069;20260624
KATSEYE;ICONIC BY MISTAKE;2328;862;0.069;20260624
Harry Styles;Sign of the Times;2265;-1133;4.945;20260624
Billie Eilish;BIRDS OF A FEATHER;2257;891;5.965;20260624
Jelly Roll;Hands Up;2230;2230;0.002;20260624
Tears for Fears;Everybody Wants to Rule the World;2224;1724;1.076;20260624
Affirmation Club;I don’t chase I attract;2207;-948;0.015;20260624
Michael Jackson;Don't Stop 'Til You Get Enough;2189;74;0.296;20260624
Oliver Tree;Miss You;2185;66;1.147;20260624
Robin Schulz;Miss You;2185;66;1.147;20260624
Disney;Zoo;2169;201;0.607;20260624
Shakira;Zoo;2169;201;0.607;20260624
The Bausa;Magnetic;2165;-880;0.19;20260624
Taylor Swift;Opalite;2164;-988;1.922;20260624
KAROL G;Si Antes Te Hubiera Conocido;2162;376;1.906;20260624
Teddy Swims;Lose Control;2126;-524;7.433;20260624
SixTONES;Dance Forever;2118;2118;0.002;20260624
Ella Langley;Be Her;2086;-412;0.425;20260624
DHENYS R J;All Night Long;2066;1668;0.137;20260624
Tame Impala;Dracula;2065;-740;0.456;20260624
BearyTunes;Dankbar;2059;82;0.028;20260624
Slayyyter;DANCE...;2019;808;0.067;20260624
Christina Perri;A Thousand Years;2014;-1193;8.326;20260624
LOVIXX STOSLIV;Don't tell your dreams;2012;852;0.005;20260624
Michael Jackson;Heal the World;2000;1137;0.245;20260624
Kenshi Yonezu - Karasu;Raven;1997;-207;0.016;20260624
EVAN;Overflow;1985;-460;0.008;20260624
XXXTENTACION;Moonlight;1970;-258;0.793;20260624
Randy Newman;You've Got a Friend In Me;1952;-1014;0.278;20260624
Kimo Sounds;After the fall;1943;417;0.034;20260624
Gala;Freed from Desire;1869;523;0.865;20260624
ILLIT;It's Me;1856;275;0.103;20260624
Eddie Rabbitt;Drivin' My Life Away;1853;-537;0.017;20260624
Mauvais Djo;Pilé;1837;326;0.043;20260624
宇多田ヒカル;パッパパラダイス;1831;1831;0.002;20260624
BearyTunes;Liebe ist das Mutigste auf dieser Welt;1808;1808;0.002;20260624
The Goo Goo Dolls;Iris;1803;686;2.035;20260624
Hey! Say! JUMP;CUE CUE CUTE;1797;-396;0.009;20260624
Shaboozey;Cowgirl;1777;-164;0.069;20260624
Guns N' Roses;Sweet Child o' Mine;1770;773;2.414;20260624
Dust;You Problem;1770;-508;0.147;20260624
Harmony;You Problem;1770;-508;0.147;20260624
Zara Larsson;Midnight Sun;1763;-668;0.257;20260624
John Denver;Take Me Home, Country Roads;1754;-867;0.657;20260624
Ragal Ironbull;VALHALLA CALLING;1732;-1048;0.354;20260624
Michael Jackson;Bad;1699;462;0.211;20260624
Justen de Wildt;Cheerio;1692;124;0.109;20260624
Kara Holt;I Did It Tired;1685;509;0.027;20260624
Ricchi;Sarà perché ti amo;1656;454;1.607;20260624
Poveri;Sarà perché ti amo;1656;454;1.607;20260624
Harry Styles;Aperture;1652;786;0.625;20260624
Hearts2Hearts;Lemon Tang;1612;-754;0.006;20260624
Muse;Nightshift Superstar;1596;779;0.052;20260624
Drake;Janice STFU;1587;554;0.09;20260624
Coldplay;A Sky Full of Stars;1578;1039;11.295;20260624
SIENNA SPIRO;Die On This Hill;1578;-1227;0.691;20260624
mikeeysmind;Papaoutai;1576;1082;0.93;20260624
Chill77;Papaoutai;1576;1082;0.93;20260624
Unjaps;Papaoutai;1576;1082;0.93;20260624
Las Ardillitas de Lalo Guerrero;El Teléfono Carpintero;1575;-100;0.012;20260624
Rutger Van Barneveld;Zwoele Zomernachten;1569;-31;0.016;20260624
Daryl Braithwaite;The Horses;1568;846;0.413;20260624
Shakira;Waka Waka;1547;45;7.382;20260624
Luke Combs;Be By You;1525;-138;0.269;20260624
Survivor;Eye of the Tiger;1523;608;2.491;20260624
DPAK;Together We Rise;1508;1508;0.002;20260624
Real America's Music;Together We Rise;1508;1508;0.002;20260624
Justin Bieber;DAISIES;1502;-61;1.043;20260624
Djo;End of Beginning;1495;374;1.951;20260624
Kazuya Kamenashi;WAVE;1487;1487;0.001;20260624
G Flip;Bed on Fire;1478;-100;0.119;20260624
Editors;The Rush;1476;-416;0.003;20260624
Neil Diamond;Sweet Caroline;1463;-122;1.458;20260624
Michael Jackson;Man In the Mirror;1460;596;0.266;20260624
ROSÉ;APT.;1456;577;6.433;20260624
Bruno Mars;APT.;1456;577;6.433;20260624
Olivia Rodrigo;honeybee;1453;24;0.008;20260624
MAZZEL;So Strawberry;1450;-449;0.005;20260624
Helene Fischer;Heute Nacht;1439;41;0.058;20260624
Motionless In White;R.I.P.;1438;110;0.031;20260624
Skylar Grey;R.I.P.;1438;110;0.031;20260624
The Killers;Mr. Brightside;1437;-123;1.752;20260624
Daryl Braithwaite;As the Days Go By;1422;1422;0.013;20260624
sakanaction;Yoru No Odoriko;1422;-86;0.098;20260624
Forrest Frank;OKAY;1415;366;0.089;20260624
Loathe;Fangs;1414;901;0.002;20260624
2raumwohnung;36Grad;1404;136;0.064;20260624
Touken Danshi formation of Banryohito;新世;1395;1395;0.001;20260624
Touken Danshi from Touken Ranbu:The Musical;新世;1395;1395;0.001;20260624
Sasanuki;Dress Up;1368;1368;0.001;20260624
Goke Kanemitsu;Dress Up;1368;1368;0.001;20260624
Touken Danshi from Touken Ranbu:The Musical;Dress Up;1368;1368;0.001;20260624
BAND-MAID;ENERGETIC;1357;1357;0.001;20260624
OneRepublic;Need Your Love;1341;570;0.068;20260624
Daryl Braithwaite;One Summer;1341;1341;0.014;20260624
Touken Danshi formation of Banryohito;VROOM VROOM;1341;1341;0.001;20260624
Touken Danshi from Touken Ranbu:The Musical;VROOM VROOM;1341;1341;0.001;20260624
SOUL ARCHIVE ROOM;Out of the Flame;1326;-728;0.017;20260624
Kerry Katona;Home Again;1315;1315;0.001;20260624
Keisuke Kuwata;HITOTARASHI;1315;232;0.068;20260624
Aitana;SUPERESTRELLA;1294;110;0.283;20260624
sakanaction;Kaiju;1292;-76;0.489;20260624
B'z;完全無欠;1290;-51;0.036;20260624
Madonna;Love Sensation;1281;-8;0.126;20260624
The Cranberries;Dreams;1274;546;0.945;20260624
Jonas Blue;Edge of Desire;1268;860;0.073;20260624
Malive;Edge of Desire;1268;860;0.073;20260624
M!LK;Sukisugite METSU;1265;-157;0.3;20260624
Madonna;Bring Your Love;1254;36;0.247;20260624
Sabrina Carpenter;Bring Your Love;1254;36;0.247;20260624
sombr;back to friends;1253;-195;0.629;20260624
Lola Young;Messy;1253;717;4.156;20260624
嵐;Five;1248;1248;0.008;20260624
sombr;12 to 12;1218;509;1.182;20260624
Topic;Sorry Papi;1209;177;0.03;20260624
Becky G;Sorry Papi;1209;177;0.03;20260624
Alex Warren;PASSENGER;1202;186;0.046;20260624
aespa;LEMONADE;1194;515;0.079;20260624
Nick Morgan;No Scotland No Party;1193;413;0.03;20260624
Kis-My-Ft2;King King;1193;-286;0.007;20260624
Zhang Zi Ning;A Heartbeat's Turn;1172;118;0.044;20260624
Rex;A Heartbeat's Turn;1172;118;0.044;20260624
米津玄師;IRIS OUT;1170;1170;0.118;20260624
Yung Miami;Spend Dat;1170;138;0.028;20260624
Ella Langley;Loving Life Again;1164;-97;0.132;20260624
SUPER BEAVER;Climax;1148;-45;0.021;20260624
Linkin Park;Numb;1147;524;1.377;20260624
Eminem;Lose Yourself;1137;-102;3.806;20260624
no na;rollerblade;1133;105;0.025;20260624
Ankara Echoes;Beni Al;1132;-276;0.057;20260624
OneRepublic;I Ain't Worried;1130;-58;3.461;20260624
Kerstin Ott;1000 x Nein;1127;125;0.007;20260624
Elmiene;Comets + Gold;1125;-190;0.009;20260624
Fujii Kaze;Comets + Gold;1125;-190;0.009;20260624
C.FIRST;Awakened;1104;1104;0.001;20260624
Evanescence;Bring Me to Life;1101;-480;1.664;20260624
Myles Smith;Stargazing;1087;-599;2.624;20260624
Lord Huron;The Night We Met;1086;-1518;0.421;20260624
Hikaru Utada;PAPPAPARADISE;1083;475;0.038;20260624
Metallica;Enter Sandman;1081;441;1.66;20260624
BABYMONSTER;CHOOM;1071;963;0.099;20260624
Dusty Rivers;Take My Time;1064;946;0.001;20260624
M!LK;Bakuretsu Aishiteru;1062;-155;0.169;20260624
JERRY'S SOUND ROOM;Qué Bonito Llegar Así;1062;331;0.018;20260624
Dave;Raindance;1061;-104;0.39;20260624
Tems;Raindance;1061;-104;0.39;20260624
Tove Lo;des fleurs;1047;415;0.016;20260624
Stromae;des fleurs;1047;415;0.016;20260624
Teddy Swims;Bad Dreams;1046;-650;3.583;20260624
Eddie Dalton;Somewhere Along The Way;1043;197;0.256;20260624
Stray Kids;RUN IT;23831;-165;0.048;20260625
Shakira;Dai Dai;16030;144;0.536;20260625
Burna Boy;Dai Dai;16030;144;0.536;20260625
HUGEL;Movin' To The Sun;10767;319;0.33;20260625
Imael Angel;Movin' To The Sun;10767;319;0.33;20260625
Ultra Naté;Movin' To The Sun;10767;319;0.33;20260625
Taylor Swift;I Knew It, I Knew You;10390;-815;0.318;20260625
SK.music;Inside My Soul;10101;1156;0.112;20260625
Michael Jackson;Billie Jean;9809;793;1.348;20260625
Robyn;Dancing On My Own;9502;-1841;0.518;20260625
Ariana Grande;hate that i made you love me;9414;-210;0.382;20260625
HUNTR/X;Golden;8970;1473;5.231;20260625
EJAE;Golden;8970;1473;5.231;20260625
AUDREY NUNA;Golden;8970;1473;5.231;20260625
REI AMI;Golden;8970;1473;5.231;20260625
KPop Demon Hunters Cast;Golden;8970;1473;5.231;20260625
Kimo Sounds;Rise Slow;8454;1241;0.089;20260625
Michael Jackson;Beat It;7412;978;0.798;20260625
DJ.ILHAM;DIGIDI DIGIDI;6943;328;0.218;20260625
Ella Langley;Choosin' Texas;6922;-292;1.364;20260625
The Second Voice;LET ME BE;6788;-270;1.178;20260625
Olivia Rodrigo;drop dead;6648;-21;0.565;20260625
RAYE;WHERE IS MY HUSBAND;6149;-808;2.874;20260625
Alex Warren;Ordinary;5720;-1555;5.942;20260625
David Guetta;Run Run River;5571;-509;0.151;20260625
Alok;Run Run River;5571;-509;0.151;20260625
Stick Figure;Run Run River;5571;-509;0.151;20260625
Alex Warren;FEVER DREAM;5544;-566;0.988;20260625
Saxboy Billy;The Puerto Rico Song;5449;287;0.216;20260625
DJ Goja;Mi Chico;5424;-1672;0.093;20260625
Tame Impala;Dracula;5353;1372;0.649;20260625
JENNIE;Dracula;5353;1372;0.649;20260625
STELLA LEFTY;Boston;5170;975;0.235;20260625
Bruno Mars;I Just Might;5160;189;1.806;20260625
HUGEL;Jamaican;5080;-42;0.572;20260625
SOLTO (FR);Jamaican;5080;-42;0.572;20260625
Olivia Dean;Man I Need;5066;-1076;2.554;20260625
Olivia Rodrigo;stupid song;5039;-1228;0.082;20260625
The Chemical Brothers;Go;4908;-763;0.97;20260625
Andrea Bocelli;DNA;4580;258;0.119;20260625
David Guetta;DNA;4580;258;0.119;20260625
EJAE;DNA;4580;258;0.119;20260625
Megan Thee Stallion;DNA;4580;258;0.119;20260625
Teddy Swims;Mr. Know It All;4569;-1188;0.383;20260625
Bebe Rexha;New Religion;4341;-369;0.787;20260625
Faithless;New Religion;4341;-369;0.787;20260625
Chaka Khan;Boogie's in My Soul;4190;158;0.029;20260625
Snoop Dogg;Boogie's in My Soul;4190;158;0.029;20260625
Cameron Whitcomb;Kingdom of Fear;4136;-863;0.39;20260625
Lady Gaga;Die With A Smile;4098;1307;7.541;20260625
Bruno Mars;Die With A Smile;4098;1307;7.541;20260625
BTS;SWIM;4071;-884;0.968;20260625
Olivia Dean;So Easy;4007;-1032;1.64;20260625
The Temper Trap;Kuru;3947;3947;0.004;20260625
Michael Jackson;Heal the World;3928;1928;0.249;20260625
Taylor Swift;The Fate of Ophelia;3918;-1012;3.519;20260625
KITSCHKRIEG;Gut Genug;3915;254;0.05;20260625
Blumengarten;Gut Genug;3915;254;0.05;20260625
Shirin David;Gut Genug;3915;254;0.05;20260625
SIENNA SPIRO;Material Lover;3825;-339;0.097;20260625
Michael Jackson;Thriller;3818;786;1.162;20260625
Josh Fawaz;Like a Prayer;3743;391;0.425;20260625
BTS;Come Over;3730;-133;0.192;20260625
Guesch Patti;Etienne;3692;-1664;0.015;20260625
Deep Purple;Guilt Trippin';3641;-6411;0.015;20260625
Tom MacDonald;Remember Who You Are;3584;510;0.021;20260625
Sam Fender;Rein Me In;3492;396;0.704;20260625
Olivia Dean;Rein Me In;3492;396;0.704;20260625
Jelly Roll;Hands Up;3466;1236;0.006;20260625
Michael Jackson;Smooth Criminal;3333;416;0.517;20260625
Benson Boone;Beautiful Things;3330;434;7.274;20260625
BearyTunes;Glaub an dich;3314;40;0.03;20260625
Zara Larsson;Lush Life;3286;309;2.848;20260625
Temper City;Self Aware;3246;-464;0.087;20260625
EVAN;Ride or Die;3244;-1462;0.028;20260625
Bruno Mars;Risk It All;3233;-354;0.691;20260625
Justin Bieber;Beauty and a Beat;3179;-314;2.612;20260625
Harry Styles;Sign of the Times;3132;867;4.948;20260625
BearyTunes;Mut;2874;120;0.02;20260625
Michael Jackson;Human Nature;2857;-454;0.395;20260625
Harry Styles;American Girls;2834;160;0.496;20260625
Bad Bunny;NUEVAYoL;2826;-668;0.956;20260625
ANOTR;Talk To You;2788;-55;0.3;20260625
John Denver;Take Me Home, Country Roads;2766;1012;0.659;20260625
Kimo Sounds;After the fall;2747;804;0.036;20260625
Shaboozey;A Bar Song;2741;-128;4.896;20260625
Ella Langley;Be Her;2722;636;0.427;20260625
Ella Langley;I Can't Love You Anymore;2714;283;0.184;20260625
Morgan Wallen;I Can't Love You Anymore;2714;283;0.184;20260625
Ella Langley;you look like you love me;2697;-39;1.299;20260625
Riley Green;you look like you love me;2697;-39;1.299;20260625
LOVIXX STOSLIV;Don't tell your dreams;2660;648;0.007;20260625
sombr;Homewrecker;2647;-103;0.48;20260625
The Killers;Mr. Brightside;2614;1177;1.755;20260625
Shakira;Waka Waka;2564;1017;7.384;20260625
Muse;Nightshift Superstar;2536;940;0.055;20260625
Ac/Dc;Thunderstruck;2477;-205;4.18;20260625
Muse;Unravelling;2429;1510;0.117;20260625
Muse;Be With You;2378;1499;0.099;20260625
Muse;Hexagons;2314;1408;0.056;20260625
Taylor Swift;Opalite;2301;137;1.924;20260625
Michael Jackson;Don't Stop 'Til You Get Enough;2251;62;0.298;20260625
ROSÉ;APT.;2240;784;6.435;20260625
Bruno Mars;APT.;2240;784;6.435;20260625
Kenshi Yonezu - Karasu;Raven;2232;235;0.019;20260625
The Bausa;Magnetic;2219;54;0.192;20260625
SOUL ARCHIVE ROOM;Out of the Flame;2190;864;0.019;20260625
Benny Rivers;Step by Step in Time;2186;-1116;0.305;20260625
Disney;Zoo;2139;-30;0.609;20260625
Shakira;Zoo;2139;-30;0.609;20260625
Oliver Tree;Life Goes On;2121;-581;0.438;20260625
PJ Harvey;Voyager;2119;-571;0.005;20260625
Oliver Tree;Miss You;2089;-96;1.149;20260625
Robin Schulz;Miss You;2089;-96;1.149;20260625
Neil Diamond;Sweet Caroline;2073;610;1.46;20260625
Tame Impala;Dracula;2052;-13;0.458;20260625
Ragal Ironbull;VALHALLA CALLING;2023;291;0.356;20260625
2raumwohnung;36Grad;2019;615;0.066;20260625
Randy Newman;You've Got a Friend In Me;2018;66;0.28;20260625
BearyTunes;Dankbar;1996;-63;0.03;20260625
Bad Bunny;DtMF;1993;-339;1.146;20260625
Gala;Freed from Desire;1970;101;0.867;20260625
Kara Holt;I Did It Tired;1947;262;0.029;20260625
Noah Nine;Mama, I still call your name;1906;1602;0.047;20260625
Olivia Rodrigo;honeybee;1901;448;0.01;20260625
SixTONES;Dance Forever;1899;-219;0.004;20260625
XXXTENTACION;Moonlight;1892;-78;0.795;20260625
Dust;You Problem;1886;116;0.149;20260625
Harmony;You Problem;1886;116;0.149;20260625
BearyTunes;Liebe ist das Mutigste auf dieser Welt;1883;75;0.004;20260625
Madonna;Bring Your Love;1883;629;0.248;20260625
Sabrina Carpenter;Bring Your Love;1883;629;0.248;20260625
宇多田ヒカル;パッパパラダイス;1873;42;0.004;20260625
DHENYS R J;All Night Long;1870;-196;0.138;20260625
Ankara Echoes;Beni Al;1812;680;0.059;20260625
Teddy Swims;Lose Control;1796;-330;7.435;20260625
RYEOWOOK;Runaway;1791;-926;0.007;20260625
Muse;Cryogen;1761;927;0.065;20260625
Mauvais Djo;Pilé;1750;-87;0.045;20260625
Billie Eilish;BIRDS OF A FEATHER;1741;-516;5.967;20260625
Nash Blackwood;We Don't Need To Be Perfect;1736;1214;0.039;20260625
Michael Jackson;Bad;1731;32;0.213;20260625
Coldplay;Viva la Vida;1707;1283;7.021;20260625
Tears for Fears;Everybody Wants to Rule the World;1686;-538;1.078;20260625
Baccara;Yes Sir, I Can Boogie;1675;980;0.107;20260625
Zara Larsson;Midnight Sun;1665;-98;0.258;20260625
Faouzia;UNETHICAL;1664;1142;0.003;20260625
sombr;12 to 12;1618;400;1.184;20260625
Shakira;Zoo;1616;716;0.647;20260625
Bad Bunny;Tití Me Preguntó;1609;813;0.846;20260625
Hey! Say! JUMP;CUE CUE CUTE;1594;-203;0.011;20260625
Justen de Wildt;Cheerio;1568;-124;0.11;20260625
ILLIT;It's Me;1556;-300;0.104;20260625
Rutger Van Barneveld;Zwoele Zomernachten;1554;-15;0.017;20260625
The Goo Goo Dolls;Iris;1542;-261;2.036;20260625
Djo;End of Beginning;1522;27;1.952;20260625
Daryl Braithwaite;The Horses;1508;-60;0.415;20260625
Slayyyter;DANCE...;1488;-531;0.068;20260625
Nogizaka46;foruteshimo;1487;1487;0.001;20260625
CORTIS;REDRED;1481;832;0.102;20260625
sakanaction;Yoru No Odoriko;1479;57;0.1;20260625
Drake;Janice STFU;1477;-110;0.091;20260625
Sia;Unstoppable;1474;714;7.644;20260625
Bread;Everything I Own;1451;-1007;0.138;20260625
MAZZEL;So Strawberry;1450;0;0.007;20260625
米津玄師;IRIS OUT;1439;269;0.12;20260625
Madonna;Love Sensation;1436;155;0.127;20260625
Shaboozey;Cowgirl;1429;-348;0.071;20260625
OneRepublic;Need Your Love;1421;80;0.069;20260625
Teddy Swims;The Door;1409;758;3.957;20260625
Chappell Roan;Pink Pony Club;1400;698;2.74;20260625
Kenny Chesney;Silver Sands Marina;1395;1395;0.001;20260625
Kerry Katona;Home Again;1395;80;0.003;20260625
ARASHI;Five;1395;1395;0.169;20260625
KAROL G;Si Antes Te Hubiera Conocido;1384;-778;1.907;20260625
Christina Perri;A Thousand Years;1378;-636;8.328;20260625
Kenny Chesney;Carry On;1368;1368;0.011;20260625
M!LK;Sukisugite METSU;1368;103;0.301;20260625
Keisuke Kuwata;HITOTARASHI;1341;26;0.069;20260625
Teddy Swims;Bad Dreams;1325;279;3.585;20260625
DPAK;Together We Rise;1315;-193;0.003;20260625
Real America's Music;Together We Rise;1315;-193;0.003;20260625
Kazuya Kamenashi;WAVE;1314;-173;0.003;20260625
Myles Smith;Stargazing;1299;212;2.625;20260625
Journey;Don't Stop Believin';1292;729;3.705;20260625
sakanaction;Kaiju;1290;-2;0.49;20260625
LISA;Goals;1272;298;0.054;20260625
Anitta;Goals;1272;298;0.054;20260625
Rema;Goals;1272;298;0.054;20260625
FIFA Sound;Goals;1272;298;0.054;20260625
Daryl Braithwaite;As the Days Go By;1265;-157;0.014;20260625
Olivia Rodrigo;the cure;1255;-1276;0.179;20260625
The Whiskey Brothers;Brown Eyed Girl;1255;1255;0.017;20260625
Luke Combs;Be By You;1252;-273;0.27;20260625
Aitana;SUPERESTRELLA;1249;-45;0.284;20260625
Evanescence;Bring Me to Life;1248;147;1.665;20260625
G Flip;Bed on Fire;1248;-230;0.12;20260625
Hikaru Utada;PAPPAPARADISE;1247;164;0.039;20260625
SUPER BEAVER;Climax;1241;93;0.022;20260625
Las Ardillitas de Lalo Guerrero;El Teléfono Carpintero;1239;-336;0.013;20260625
Sam Smith;My Guy;1228;1228;0.001;20260625
Alex Warren;PASSENGER;1220;18;0.048;20260625
Shu Itsuki(CV.Hiroki Takahashi);Sanctuaire du Lys Noir;1217;1217;0.001;20260625
ENSEMBLE STARS!!;Sanctuaire du Lys Noir;1217;1217;0.001;20260625
Mauvais Djo;Maladie;1214;476;0.019;20260625
Jonas Blue;Edge of Desire;1211;-57;0.074;20260625
Malive;Edge of Desire;1211;-57;0.074;20260625
Daryl Braithwaite;One Summer;1193;-148;0.016;20260625
B'z;完全無欠;1193;-97;0.037;20260625
モーニング娘。'26;Lonely...But not Alone;1170;1170;0.001;20260625
M!LK;Bakuretsu Aishiteru;1148;86;0.17;20260625
CortexUS;Not Broken;1144;753;0.072;20260625
Touken Danshi formation of Banryohito;VROOM VROOM;1125;-216;0.002;20260625
Touken Danshi from Touken Ranbu:The Musical;VROOM VROOM;1125;-216;0.002;20260625
Gordo;Loco Loco;1118;356;0.205;20260625
Reinier Zonneveld;Loco Loco;1118;356;0.205;20260625
EVAN;Overflow;1116;-869;0.009;20260625
Angelina Mango;Canto d’amore;1106;337;0.017;20260625
T.I.;LET 'EM KNOW;1104;435;0.179;20260625
Helene Fischer;Heute Nacht;1104;-335;0.059;20260625
Touken Danshi formation of Banryohito;新世;1104;-291;0.002;20260625
Touken Danshi from Touken Ranbu:The Musical;新世;1104;-291;0.002;20260625
Elmiene;Comets + Gold;1101;-24;0.01;20260625
Fujii Kaze;Comets + Gold;1101;-24;0.01;20260625
Dave;Raindance;1100;39;0.391;20260625
Tems;Raindance;1100;39;0.391;20260625
Jovanotti;Buon Vento;1090;336;0.034;20260625
Alfa;Buon Vento;1090;336;0.034;20260625
The Rolling Stones;In The Stars;1085;149;0.157;20260625
Sasanuki;Dress Up;1083;-285;0.002;20260625
Goke Kanemitsu;Dress Up;1083;-285;0.002;20260625
Touken Danshi from Touken Ranbu:The Musical;Dress Up;1083;-285;0.002;20260625
LE SSERAFIM;ICONIC BY MISTAKE;1081;-1247;0.07;20260625
ILLIT;ICONIC BY MISTAKE;1081;-1247;0.07;20260625
KATSEYE;ICONIC BY MISTAKE;1081;-1247;0.07;20260625
OneRepublic;I Ain't Worried;1076;-54;3.462;20260625
Myles Smith;Nice To Meet You;1075;489;1.0;20260625
ABBA;Dancing Queen;1065;612;1.135;20260625
Toby Keith;Courtesy of the Red, White and Blue;1062;801;0.117;20260625
Nick Morgan;No Scotland No Party;1062;-131;0.031;20260625
no na;rollerblade;1061;-72;0.026;20260625
Forrest Frank;OKAY;1059;-356;0.09;20260625
GroßstadtEngel;Gute Laune;1058;113;0.383;20260625
Katy Perry;Watch It Burn;19261;19261;0.019;20260626
Stray Kids;RUN IT;18260;-5571;0.066;20260626
The Rolling Stones;Jealous Lover;16916;16916;0.017;20260626
The Rolling Stones;Divine Intervention;16870;16870;0.017;20260626
Shakira;Dai Dai;15406;-624;0.551;20260626
Burna Boy;Dai Dai;15406;-624;0.551;20260626
Gracie Abrams;Look at My Life;14460;14460;0.014;20260626
Madonna;Read My Lips;12048;12048;0.012;20260626
Feid;Read My Lips;12048;12048;0.012;20260626
Benson Boone;The Time Of My Life;11718;11718;0.012;20260626
HUGEL;Movin' To The Sun;10200;-567;0.34;20260626
Imael Angel;Movin' To The Sun;10200;-567;0.34;20260626
Ultra Naté;Movin' To The Sun;10200;-567;0.34;20260626
ATEEZ;BAD;9367;9367;0.009;20260626
SK.music;Inside My Soul;8946;-1155;0.121;20260626
Taylor Swift;I Knew It, I Knew You;8063;-2327;0.327;20260626
Robyn;Dancing On My Own;8038;-1464;0.526;20260626
Bring Me The Horizon;Dehumanized;7778;7778;0.008;20260626
Charli xcx;Wink Wink;7754;7754;0.008;20260626
Ariana Grande;hate that i made you love me;7542;-1872;0.389;20260626
Kimo Sounds;Rise Slow;6946;-1508;0.095;20260626
Ella Langley;Choosin' Texas;6795;-127;1.371;20260626
Michael Jackson;Billie Jean;6229;-3580;1.354;20260626
Olivia Rodrigo;drop dead;5817;-831;0.57;20260626
Alex Warren;FEVER DREAM;5612;68;0.994;20260626
sombr;My Body Isn't Ready;5593;5593;0.006;20260626
Michael Jackson;Beat It;5510;-1902;0.804;20260626
HUNTR/X;Golden;5510;-3460;5.237;20260626
EJAE;Golden;5510;-3460;5.237;20260626
AUDREY NUNA;Golden;5510;-3460;5.237;20260626
REI AMI;Golden;5510;-3460;5.237;20260626
KPop Demon Hunters Cast;Golden;5510;-3460;5.237;20260626
RAYE;WHERE IS MY HUSBAND;5473;-676;2.88;20260626
The Second Voice;LET ME BE;5415;-1373;1.184;20260626
Madonna;Bring Your Love;5412;3529;0.254;20260626
Sabrina Carpenter;Bring Your Love;5412;3529;0.254;20260626
Madonna;Love Sensation;5345;3909;0.133;20260626
Madonna;I Feel So Free;5222;4282;0.265;20260626
David Guetta;Run Run River;5026;-545;0.157;20260626
Alok;Run Run River;5026;-545;0.157;20260626
Stick Figure;Run Run River;5026;-545;0.157;20260626
STELLA LEFTY;Boston;4782;-388;0.24;20260626
Alex Warren;Ordinary;4699;-1021;5.946;20260626
Delta Goodrem;Hologram;4602;4415;0.005;20260626
The Chemical Brothers;Go;4238;-670;0.975;20260626
Bebe Rexha;New Religion;4215;-126;0.791;20260626
Faithless;New Religion;4215;-126;0.791;20260626
Alok;Everything's Fine;4156;4156;0.004;20260626
Jennifer Lopez;Everything's Fine;4156;4156;0.004;20260626
HUGEL;Jamaican;4152;-928;0.576;20260626
SOLTO (FR);Jamaican;4152;-928;0.576;20260626
Bruno Mars;I Just Might;4123;-1037;1.81;20260626
DJ.ILHAM;DIGIDI DIGIDI;3956;-2987;0.222;20260626
Five Finger Death Punch;De Oppresso Liber;3935;3935;0.004;20260626
Teddy Swims;Mr. Know It All;3755;-814;0.387;20260626
DJ Goja;Mi Chico;3736;-1688;0.097;20260626
KITSCHKRIEG;Gut Genug;3667;-248;0.054;20260626
Blumengarten;Gut Genug;3667;-248;0.054;20260626
Shirin David;Gut Genug;3667;-248;0.054;20260626
Disco Bambino;Dancing Without You;3624;3624;0.004;20260626
Nile Rodgers;Dancing Without You;3624;3624;0.004;20260626
Sophie Ellis-Bextor;Dancing Without You;3624;3624;0.004;20260626
Phoebe Bridgers;Lost Boys;3621;3621;0.004;20260626
Shania Twain;Little Miss Twain;3420;3420;0.003;20260626
Olivia Rodrigo;stupid song;3383;-1656;0.085;20260626
BearyTunes;Glaub an dich;3365;51;0.033;20260626
Brandon Flowers;Plans;3365;3365;0.003;20260626
Tame Impala;Dracula;3356;-1997;0.652;20260626
JENNIE;Dracula;3356;-1997;0.652;20260626
BTS;SWIM;3356;-715;0.972;20260626
Jelly Roll;Hands Up;3268;-198;0.009;20260626
Five Finger Death Punch;Eye of the Storm;3137;3137;0.036;20260626
Marshmello;Another Drink;3077;3077;0.003;20260626
Kelsea Ballerini;Another Drink;3077;3077;0.003;20260626
Shakira;Waka Waka;3065;501;7.387;20260626
Michael Jackson;Human Nature;3049;192;0.398;20260626
Saxboy Billy;The Puerto Rico Song;3042;-2407;0.219;20260626
Chaka Khan;Boogie's in My Soul;3020;-1170;0.032;20260626
Snoop Dogg;Boogie's in My Soul;3020;-1170;0.032;20260626
ICE NINE KILLS;Play Dead;2840;2840;0.003;20260626
Michael Jackson;Smooth Criminal;2832;-501;0.52;20260626
Olivia Dean;Man I Need;2814;-2252;2.557;20260626
Andrea Bocelli;DNA;2730;-1850;0.122;20260626
David Guetta;DNA;2730;-1850;0.122;20260626
EJAE;DNA;2730;-1850;0.122;20260626
Megan Thee Stallion;DNA;2730;-1850;0.122;20260626
Michael Jackson;Heal the World;2729;-1199;0.252;20260626
Sam Fender;Rein Me In;2704;-788;0.707;20260626
Olivia Dean;Rein Me In;2704;-788;0.707;20260626
The Whiskey Brothers;Brown Eyed Girl;2688;1433;0.02;20260626
Carly Rae Jepsen;On Wires;2681;2681;0.003;20260626
Kimo Sounds;After the fall;2624;-123;0.039;20260626
Justin Bieber;Beauty and a Beat;2598;-581;2.614;20260626
Noah Nine;A Man Can Cry;2580;2293;0.018;20260626
Dan + Shay;Marry You Again;2543;2543;0.003;20260626
Ella Langley;Be Her;2535;-187;0.43;20260626
Cameron Whitcomb;Kingdom of Fear;2515;-1621;0.393;20260626
Olivia Dean;So Easy;2500;-1507;1.642;20260626
EVAN;Ride or Die;2493;-751;0.031;20260626
Josh Fawaz;Like a Prayer;2448;-1295;0.427;20260626
DJ Goja;Mi Chico;2433;2433;0.002;20260626
Jason Derulo;Mi Chico;2433;2433;0.002;20260626
Melody;Mi Chico;2433;2433;0.002;20260626
SIENNA SPIRO;Material Lover;2420;-1405;0.099;20260626
The Rolling Stones;In The Stars;2384;1299;0.16;20260626
BearyTunes;Mut;2379;-495;0.023;20260626
Gravel;Sit With Me Lord;2374;1697;0.003;20260626
Grace;Sit With Me Lord;2374;1697;0.003;20260626
RENJUN;同谋者的默契;2352;2352;0.002;20260626
Benson Boone;Beautiful Things;2342;-988;7.276;20260626
Mauvais Djo;Pilé;2337;587;0.047;20260626
YOASOBI;Orion;2319;2319;0.002;20260626
BTS;Come Over;2287;-1443;0.194;20260626
Luke Bryan;Made It A Memory;2286;2286;0.002;20260626
The Bausa;Magnetic;2251;32;0.194;20260626
Bruno Mars;Risk It All;2244;-989;0.693;20260626
Tom MacDonald;Remember Who You Are;2227;-1357;0.023;20260626
Shaboozey;Cowgirl;2199;770;0.073;20260626
Andreas Gabalier;UNA CANZONE PER TE;2141;2141;0.002;20260626
Pietro Basile;UNA CANZONE PER TE;2141;2141;0.002;20260626
Ella Langley;you look like you love me;2118;-579;1.301;20260626
Riley Green;you look like you love me;2118;-579;1.301;20260626
Katy Perry;bandaids;2111;2111;0.108;20260626
Bad Bunny;NUEVAYoL;2093;-733;0.958;20260626
Bad Bunny;DtMF;2085;92;1.149;20260626
XXXTENTACION;Moonlight;2083;191;0.797;20260626
Kenshi Yonezu - Karasu;Raven;2060;-172;0.021;20260626
2raumwohnung;36Grad;2056;37;0.068;20260626
Harry Styles;American Girls;2049;-785;0.498;20260626
Temper City;Self Aware;2040;-1206;0.089;20260626
Harry Styles;Sign of the Times;2005;-1127;4.95;20260626
Blake Shelton;Let Him In Anyway;1990;1859;0.042;20260626
LOVIXX STOSLIV;Don't tell your dreams;1982;-678;0.009;20260626
ANOTR;Talk To You;1979;-809;0.302;20260626
sombr;Homewrecker;1979;-668;0.482;20260626
Ricchi;Sarà perché ti amo;1974;1038;1.61;20260626
Poveri;Sarà perché ti amo;1974;1038;1.61;20260626
Ragal Ironbull;VALHALLA CALLING;1928;-95;0.358;20260626
Peter Maffay;Ein Leben lang ist nicht lang;1900;1900;0.002;20260626
Johannes Oerding;Ein Leben lang ist nicht lang;1900;1900;0.002;20260626
Michael Jackson;Bad;1894;163;0.215;20260626
Zara Larsson;Lush Life;1891;-1395;2.85;20260626
Michael Jackson;Thriller;1850;-1968;1.163;20260626
Kara Holt;I Did It Tired;1823;-124;0.031;20260626
Axwell;Whatever Turns You On;1822;1822;0.002;20260626
Bonn;Whatever Turns You On;1822;1822;0.002;20260626
DHENYS R J;All Night Long;1819;-51;0.14;20260626
Lady Gaga;Die With A Smile;1805;-2293;7.543;20260626
Bruno Mars;Die With A Smile;1805;-2293;7.543;20260626
SixTONES;Dance Forever;1783;-116;0.006;20260626
Amy Shark;It's Kinda Hot;1758;1492;0.002;20260626
Keith Urban;We Go Back;1753;1610;0.037;20260626
HUGEL;Shine;1734;1734;0.002;20260626
French Montana;Shine;1734;1734;0.002;20260626
David Guetta;Shine;1734;1734;0.002;20260626
Aidan Martin;Shine;1734;1734;0.002;20260626
Josh Fawaz;Wonderwall;1659;1659;0.002;20260626
Ella Langley;I Can't Love You Anymore;1599;-1115;0.186;20260626
Morgan Wallen;I Can't Love You Anymore;1599;-1115;0.186;20260626
CORTIS;REDRED;1556;75;0.103;20260626
Guesch Patti;Etienne;1540;-2152;0.016;20260626
Guns N' Roses;Sweet Child o' Mine;1540;1082;2.416;20260626
Alan Walker;FATE;1515;1515;0.002;20260626
Ava Max;FATE;1515;1515;0.002;20260626
Dj Crocodile;I'm Moving To The Sun;1512;748;0.008;20260626
BMSG STRIKERS;Standing Here;1508;1508;0.002;20260626
Juju;KOMM NÄHER;1492;1492;0.001;20260626
RAF Camora;KOMM NÄHER;1492;1492;0.001;20260626
Rutger Van Barneveld;Zwoele Zomernachten;1470;-84;0.019;20260626
Huda Mustafa;Rotation;1459;1459;0.001;20260626
ATEEZ;MAMACITA;1458;1458;0.001;20260626
John Denver;Take Me Home, Country Roads;1457;-1309;0.661;20260626
Justen de Wildt;Cheerio;1451;-117;0.112;20260626
MAZZEL;So Strawberry;1450;0;0.008;20260626
宇多田ヒカル;パッパパラダイス;1447;-426;0.005;20260626
Faust;Bereit für's Leben;1422;1422;0.001;20260626
GroßstadtEngel;Gute Laune;1420;362;0.385;20260626
Michael Jackson;Don't Stop 'Til You Get Enough;1404;-847;0.3;20260626
Taylor Swift;Opalite;1399;-902;1.925;20260626
sakanaction;Yoru No Odoriko;1395;-84;0.101;20260626
Emma;ANTIDROGA;1381;1381;0.001;20260626
Fabri Fibra;ANTIDROGA;1381;1381;0.001;20260626
BearyTunes;Dankbar;1376;-620;0.031;20260626
嵐;Five;1372;1372;0.009;20260626
Hey! Say! JUMP;CUE CUE CUTE;1368;-226;0.012;20260626
ILLIT;It's Me;1363;-193;0.106;20260626
G Flip;Bed on Fire;1356;108;0.121;20260626
Alex Warren;PASSENGER;1356;136;0.049;20260626
Taylor Swift;The Fate of Ophelia;1353;-2565;3.521;20260626
M!LK;Sukisugite METSU;1348;-20;0.303;20260626
Shaboozey;A Bar Song;1346;-1395;4.897;20260626
Kenshi Yonezu;IRIS OUT;1334;1334;0.388;20260626
Tame Impala;Dracula;1325;-727;0.459;20260626
Disney;Zoo;1324;-815;0.611;20260626
Shakira;Zoo;1324;-815;0.611;20260626
B'z;完全無欠;1315;122;0.038;20260626
Gracie Abrams;Hit the Wall;1309;679;0.07;20260626
Bring Me The Horizon;Black & Blue;1299;1170;0.005;20260626
Billie Eilish;BIRDS OF A FEATHER;1297;-444;5.968;20260626
Keisuke Kuwata;HITOTARASHI;1290;-51;0.071;20260626
Stick Figure;Angels Above Me;1286;514;0.221;20260626
Zara Larsson;Midnight Sun;1285;-380;0.26;20260626
The Beaches;Edge of the Earth;1256;346;0.132;20260626
Coldplay;Viva la Vida;1253;-454;7.022;20260626
Carly Pearce;If I Don't Leave I'm Gonna Stay;1241;1241;0.018;20260626
Riley Green;If I Don't Leave I'm Gonna Stay;1241;1241;0.018;20260626
sakanaction;Kaiju;1241;-49;0.491;20260626
Noah Nine;Mama, I still call your name;1239;-667;0.048;20260626
Alan Jackson;Still The One;1233;625;0.002;20260626
Farin Urlaub;Sie;1230;1230;0.001;20260626
Bad Bunny;Tití Me Preguntó;1227;-382;0.848;20260626
BTS;2.0;1217;466;0.311;20260626
EVE;abyss in the world;1217;1217;0.001;20260626
Yves Berendse;Misschien Is Het Tijd;1216;1216;0.001;20260626
The Hu;Grey Hun;1213;1022;0.001;20260626
DANNA;SI SE ACABA EL MUNDO;1179;1179;0.001;20260626
El Malilla;SI SE ACABA EL MUNDO;1179;1179;0.001;20260626
Keith Urban;Steal Away;1176;1176;0.029;20260626
Bleu Soleil;Soleil Bleu;1171;496;0.66;20260626
LUIZA;Soleil Bleu;1171;496;0.66;20260626
SUPER BEAVER;Climax;1170;-71;0.023;20260626
Gabry Ponte;DNA;1159;1159;0.001;20260626
Jovanotti;DNA;1159;1159;0.001;20260626
The Killers;Mr. Brightside;1152;-1462;1.756;20260626
Keisuke Kuwata;AKANE On My Mind~Scared of Manju;1148;221;0.021;20260626
The Rolling Stones;Rough And Twisted;1133;538;0.091;20260626
M!LK;Bakuretsu Aishiteru;1125;-23;0.171;20260626
Benjamin Pajak;Superpower;1104;1104;0.001;20260626
Original Broadway Cast of The Lost Boys;Superpower;1104;1104;0.001;20260626
Nogizaka46;foruteshimo;1104;-383;0.003;20260626
Blood;You've Made Me So Very Happy;1095;1095;0.001;20260626
Sweat;You've Made Me So Very Happy;1095;1095;0.001;20260626
Tears;You've Made Me So Very Happy;1095;1095;0.001;20260626
Stephen Wilson Jr.;Gary;1087;1087;0.024;20260626
BearyTunes;Liebe ist das Mutigste auf dieser Welt;1086;-797;0.005;20260626
Oliver Tree;Life Goes On;1077;-1044;0.439;20260626
Las Ardillitas de Lalo Guerrero;El Teléfono Carpintero;1064;-175;0.014;20260626
Jennifer Rostock;Wir schon wieder;1062;1062;0.001;20260626
Kis-My-Ft2;King King;1062;41;0.01;20260626
Kenny Chesney;Silver Sands Marina;1060;-335;0.002;20260626
Kenny Chesney;Carry On;1058;-310;0.012;20260626
no na;rollerblade;1046;-15;0.027;20260626
BABYMONSTER;SUGAR HONEY ICE TEA;1045;6;0.052;20260626
Hikaru Utada;PAPPAPARADISE;1041;-206;0.04;20260626
Daryl Braithwaite;The Horses;1021;-487;0.416;20260626
VAUNDY;fly away;1021;112;0.086;20260626
Ankara Echoes;Beni Al;1013;-799;0.06;20260626
Jennifer Lopez;Save Me Tonight;1008;611;0.144;20260626
David Guetta;Save Me Tonight;1008;611;0.144;20260626
Linkin Park;Numb;1007;350;1.378;20260626
Katy Perry;Watch It Burn;17759;-1502;0.037;20260627
Shakira;Dai Dai;15832;426;0.567;20260627
Burna Boy;Dai Dai;15832;426;0.567;20260627
Stray Kids;RUN IT;14462;-3798;0.081;20260627
The Rolling Stones;Jealous Lover;12102;-4814;0.029;20260627
The Rolling Stones;Divine Intervention;11590;-5280;0.028;20260627
Benson Boone;The Time Of My Life;11113;-605;0.023;20260627
Madonna;Read My Lips;10535;-1513;0.023;20260627
Feid;Read My Lips;10535;-1513;0.023;20260627
HUGEL;Movin' To The Sun;10457;257;0.351;20260627
Imael Angel;Movin' To The Sun;10457;257;0.351;20260627
Ultra Naté;Movin' To The Sun;10457;257;0.351;20260627
Gracie Abrams;Look at My Life;10067;-4393;0.025;20260627
Robyn;Dancing On My Own;10013;1975;0.536;20260627
Taylor Swift;I Knew It, I Knew You;9393;1330;0.336;20260627
Michael Jackson;Billie Jean;8205;1976;1.363;20260627
Madonna;Bring Your Love;7965;2553;0.262;20260627
Sabrina Carpenter;Bring Your Love;7965;2553;0.262;20260627
Madonna;Love Sensation;7835;2490;0.14;20260627
Ariana Grande;hate that i made you love me;7745;203;0.397;20260627
Madonna;I Feel So Free;7576;2354;0.273;20260627
Kimo Sounds;Rise Slow;7383;437;0.103;20260627
Ella Langley;Choosin' Texas;6921;126;1.378;20260627
The Second Voice;LET ME BE;6615;1200;1.19;20260627
ATEEZ;BAD;6330;-3037;0.016;20260627
Olivia Rodrigo;drop dead;6277;460;0.577;20260627
Alex Warren;FEVER DREAM;6245;633;1.0;20260627
HUNTR/X;Golden;6213;703;5.243;20260627
EJAE;Golden;6213;703;5.243;20260627
AUDREY NUNA;Golden;6213;703;5.243;20260627
REI AMI;Golden;6213;703;5.243;20260627
KPop Demon Hunters Cast;Golden;6213;703;5.243;20260627
RAYE;WHERE IS MY HUSBAND;5901;428;2.886;20260627
David Guetta;Run Run River;5836;810;0.162;20260627
Alok;Run Run River;5836;810;0.162;20260627
Stick Figure;Run Run River;5836;810;0.162;20260627
Bring Me The Horizon;Dehumanized;5626;-2152;0.013;20260627
STELLA LEFTY;Boston;5418;636;0.245;20260627
DJ Goja;Mi Chico;5146;2713;0.008;20260627
Jason Derulo;Mi Chico;5146;2713;0.008;20260627
Melody;Mi Chico;5146;2713;0.008;20260627
The Chemical Brothers;Go;5119;881;0.98;20260627
HUGEL;Jamaican;5057;905;0.581;20260627
SOLTO (FR);Jamaican;5057;905;0.581;20260627
Michael Jackson;Beat It;4854;-656;0.809;20260627
Bebe Rexha;New Religion;4831;616;0.796;20260627
Faithless;New Religion;4831;616;0.796;20260627
Alex Warren;Ordinary;4745;46;5.951;20260627
DJ.ILHAM;DIGIDI DIGIDI;4558;602;0.227;20260627
sombr;My Body Isn't Ready;4529;-1064;0.01;20260627
Olivia Rodrigo;stupid song;4458;1075;0.09;20260627
Cameron Whitcomb;Kingdom of Fear;4436;1921;0.397;20260627
DJ Goja;Mi Chico;4351;615;0.101;20260627
BTS;SWIM;4157;801;0.976;20260627
KITSCHKRIEG;Gut Genug;4102;435;0.058;20260627
Blumengarten;Gut Genug;4102;435;0.058;20260627
Shirin David;Gut Genug;4102;435;0.058;20260627
Bruno Mars;I Just Might;4031;-92;1.814;20260627
Saxboy Billy;The Puerto Rico Song;3942;900;0.223;20260627
Marshmello;Another Drink;3848;771;0.007;20260627
Kelsea Ballerini;Another Drink;3848;771;0.007;20260627
Charli xcx;Wink Wink;3775;-3979;0.012;20260627
Michael Jackson;Smooth Criminal;3679;847;0.524;20260627
Teddy Swims;Mr. Know It All;3617;-138;0.39;20260627
Tame Impala;Dracula;3575;219;0.656;20260627
JENNIE;Dracula;3575;219;0.656;20260627
Olivia Dean;So Easy;3564;1064;1.646;20260627
Five Finger Death Punch;De Oppresso Liber;3478;-457;0.007;20260627
The Bausa;Magnetic;3354;1103;0.198;20260627
Justin Bieber;Beauty and a Beat;3242;644;2.618;20260627
BearyTunes;Glaub an dich;3206;-159;0.036;20260627
The Whiskey Brothers;Brown Eyed Girl;3148;460;0.023;20260627
Sam Fender;Rein Me In;3059;355;0.71;20260627
Olivia Dean;Rein Me In;3059;355;0.71;20260627
Bruno Mars;Risk It All;3041;797;0.696;20260627
Delta Goodrem;Hologram;3022;-1580;0.008;20260627
Olivia Dean;Man I Need;3003;189;2.56;20260627
Andreas Gabalier;UNA CANZONE PER TE;2991;850;0.005;20260627
Pietro Basile;UNA CANZONE PER TE;2991;850;0.005;20260627
Five Finger Death Punch;Eye of the Storm;2975;-162;0.038;20260627
ANOTR;Talk To You;2937;958;0.305;20260627
Ella Langley;you look like you love me;2897;779;1.304;20260627
Riley Green;you look like you love me;2897;779;1.304;20260627
Brandon Flowers;Plans;2882;-483;0.006;20260627
SIENNA SPIRO;Material Lover;2857;437;0.102;20260627
Andrea Bocelli;DNA;2838;108;0.125;20260627
David Guetta;DNA;2838;108;0.125;20260627
EJAE;DNA;2838;108;0.125;20260627
Megan Thee Stallion;DNA;2838;108;0.125;20260627
HUGEL;Shine;2833;1099;0.005;20260627
French Montana;Shine;2833;1099;0.005;20260627
David Guetta;Shine;2833;1099;0.005;20260627
Aidan Martin;Shine;2833;1099;0.005;20260627
Josh Fawaz;Like a Prayer;2824;376;0.43;20260627
Ella Langley;Be Her;2807;272;0.433;20260627
Benson Boone;Beautiful Things;2779;437;7.279;20260627
Jelly Roll;Hands Up;2765;-503;0.012;20260627
Michael Jackson;Human Nature;2722;-327;0.4;20260627
Bad Bunny;DtMF;2721;636;1.151;20260627
LOVIXX STOSLIV;Don't tell your dreams;2711;729;0.012;20260627
Taylor Swift;The Fate of Ophelia;2668;1315;3.523;20260627
Mauvais Djo;Pilé;2647;310;0.05;20260627
ICE NINE KILLS;Play Dead;2634;-206;0.005;20260627
Harry Styles;American Girls;2564;515;0.5;20260627
Michael Jackson;Thriller;2553;703;1.166;20260627
BearyTunes;Mut;2518;139;0.025;20260627
BTS;Come Over;2492;205;0.196;20260627
Kimo Sounds;After the fall;2478;-146;0.042;20260627
Michael Jackson;Bad;2443;549;0.217;20260627
Bad Bunny;NUEVAYoL;2398;305;0.961;20260627
Shaboozey;Cowgirl;2335;136;0.075;20260627
Sarah Hession;My Last Goodbye;2295;2295;0.002;20260627
Alok;Everything's Fine;2285;-1871;0.006;20260627
Jennifer Lopez;Everything's Fine;2285;-1871;0.006;20260627
Dan + Shay;Marry You Again;2282;-261;0.005;20260627
Shaboozey;A Bar Song;2205;859;4.899;20260627
Ella Langley;I Can't Love You Anymore;2202;603;0.188;20260627
Morgan Wallen;I Can't Love You Anymore;2202;603;0.188;20260627
YOASOBI;オリオン;2166;2166;0.002;20260627
Taylor Swift;Opalite;2165;766;1.927;20260627
RENJUN;同谋者的默契;2160;-192;0.005;20260627
DHENYS R J;All Night Long;2090;271;0.142;20260627
Chaka Khan;Boogie's in My Soul;2073;-947;0.034;20260627
Snoop Dogg;Boogie's in My Soul;2073;-947;0.034;20260627
Kara Holt;I Did It Tired;2064;241;0.033;20260627
Tom MacDonald;Remember Who You Are;2063;-164;0.025;20260627
Blake Shelton;Let Him In Anyway;2053;63;0.044;20260627
Kenshi Yonezu - Karasu;Raven;2052;-8;0.023;20260627
Keith Urban;We Go Back;2049;296;0.039;20260627
Shakira;Waka Waka;2016;-1049;7.389;20260627
Noah Nine;A Man Can Cry;2006;-574;0.02;20260627
Michael Jackson;Heal the World;1957;-772;0.254;20260627
Disney;Zoo;1947;623;0.613;20260627
Shakira;Zoo;1947;623;0.613;20260627
sombr;Homewrecker;1939;-40;0.484;20260627
Tame Impala;Dracula;1937;612;0.461;20260627
2raumwohnung;36Grad;1936;-120;0.07;20260627
Peter Maffay;Ein Leben lang ist nicht lang;1891;-9;0.004;20260627
Johannes Oerding;Ein Leben lang ist nicht lang;1891;-9;0.004;20260627
Harry Styles;Sign of the Times;1882;-123;4.952;20260627
Temper City;Self Aware;1845;-195;0.091;20260627
Ac/Dc;Thunderstruck;1827;931;4.183;20260627
Zara Larsson;Lush Life;1825;-66;2.852;20260627
Neil Diamond;Sweet Caroline;1817;1335;1.462;20260627
John Denver;Take Me Home, Country Roads;1812;355;0.663;20260627
Ricchi;Sarà perché ti amo;1795;-179;1.611;20260627
Poveri;Sarà perché ti amo;1795;-179;1.611;20260627
BTS;Into the Sun;1753;934;0.217;20260627
Zara Larsson;Midnight Sun;1739;454;0.262;20260627
Phoebe Bridgers;Lost Boys;1719;-1902;0.005;20260627
G Flip;Bed on Fire;1702;346;0.123;20260627
The Black Eyed Peas;I Gotta Feeling;1693;1477;4.724;20260627
Michael Jackson;Don't Stop 'Til You Get Enough;1671;267;0.301;20260627
Josh Fawaz;Wonderwall;1660;1;0.003;20260627
Lady Gaga;Die With A Smile;1647;-158;7.545;20260627
Bruno Mars;Die With A Smile;1647;-158;7.545;20260627
Carly Pearce;If I Don't Leave I'm Gonna Stay;1646;405;0.02;20260627
Riley Green;If I Don't Leave I'm Gonna Stay;1646;405;0.02;20260627
ILLIT;It's Me;1626;263;0.107;20260627
Hikaru Utada;PAPPAPARADISE;1621;580;0.042;20260627
The Rolling Stones;In The Stars;1620;-764;0.161;20260627
XXXTENTACION;Moonlight;1588;-495;0.799;20260627
Hearts2Hearts;Lemon Tang;1588;616;0.01;20260627
SixTONES;Dance Forever;1568;-215;0.007;20260627
キヨ;SHUNKAN JOURNEY;1538;1538;0.002;20260627
レトルト;SHUNKAN JOURNEY;1538;1538;0.002;20260627
USHIZAWA;SHUNKAN JOURNEY;1538;1538;0.002;20260627
ガッチマン;SHUNKAN JOURNEY;1538;1538;0.002;20260627
Justen de Wildt;Cheerio;1508;57;0.113;20260627
Luke Bryan;Made It A Memory;1489;-797;0.004;20260627
Rutger Van Barneveld;Zwoele Zomernachten;1484;14;0.02;20260627
sakanaction;Yoru No Odoriko;1479;84;0.103;20260627
Disco Bambino;Dancing Without You;1475;-2149;0.005;20260627
Nile Rodgers;Dancing Without You;1475;-2149;0.005;20260627
Sophie Ellis-Bextor;Dancing Without You;1475;-2149;0.005;20260627
Billie Eilish;BIRDS OF A FEATHER;1466;169;5.97;20260627
Prospa;Free Your Mind;1463;583;0.054;20260627
Cloonee;Free Your Mind;1463;583;0.054;20260627
Djo;End of Beginning;1446;659;1.955;20260627
Gravel;Sit With Me Lord;1440;-934;0.004;20260627
Grace;Sit With Me Lord;1440;-934;0.004;20260627
Oliver Tree;Life Goes On;1431;354;0.44;20260627
MAZZEL;So Strawberry;1422;-28;0.01;20260627
LE SSERAFIM;ICONIC BY MISTAKE;1415;417;0.072;20260627
ILLIT;ICONIC BY MISTAKE;1415;417;0.072;20260627
KATSEYE;ICONIC BY MISTAKE;1415;417;0.072;20260627
Hey! Say! JUMP;CUE CUE CUTE;1395;27;0.013;20260627
EVAN;Ride or Die;1391;-1102;0.032;20260627
Carly Rae Jepsen;On Wires;1388;-1293;0.004;20260627
Emma;ANTIDROGA;1381;0;0.003;20260627
Fabri Fibra;ANTIDROGA;1381;0;0.003;20260627
BMSG STRIKERS;Standing Here;1368;-140;0.003;20260627
TUKI.;SOS;1365;432;0.007;20260627
The Proclaimers;I'm Gonna Be;1361;1075;0.488;20260627
Linkin Park;In the End;1345;840;1.337;20260627
Keisuke Kuwata;HITOTARASHI;1341;51;0.072;20260627
Sia;Unstoppable;1335;359;7.646;20260627
ATEEZ;MAMACITA;1332;-126;0.003;20260627
no na;rollerblade;1325;279;0.028;20260627
Katy Perry;bandaids;1322;-789;0.11;20260627
Amy Shark;It's Kinda Hot;1290;-468;0.003;20260627
M!LK;Sukisugite METSU;1290;-58;0.304;20260627
Shakira;Zoo;1280;275;0.649;20260627
B'z;完全無欠;1265;-50;0.04;20260627
The Killers;Mr. Brightside;1261;109;1.757;20260627
Kerstin Ott;1000 x Nein;1256;593;0.01;20260627
Keith Urban;Steal Away;1252;76;0.03;20260627
Faust;Bereit für's Leben;1241;-181;0.003;20260627
ARASHI;Five;1241;1241;0.171;20260627
Shania Twain;Little Miss Twain;1222;-2198;0.005;20260627
米津玄師;IRIS OUT;1217;1217;0.121;20260627
Juju;KOMM NÄHER;1205;-287;0.003;20260627
RAF Camora;KOMM NÄHER;1205;-287;0.003;20260627
BTS;Hooligan;1203;1013;0.276;20260627
Lucenzo;Danza Kuduro;1201;854;4.84;20260627
Roxy Dekker;SUPERSTAR;1198;344;0.002;20260627
Men at Work;Down Under;1195;487;0.406;20260627
M!LK;Bakuretsu Aishiteru;1193;68;0.172;20260627
Forrest Frank;SOMEBODY PRAYED;1170;270;0.002;20260627
Tate Butts;SOMEBODY PRAYED;1170;270;0.002;20260627
SUPER BEAVER;Climax;1170;0;0.024;20260627
Alan Jackson;Still The One;1157;-76;0.003;20260627
M.Sasuke;Gg Ez;1156;701;0.002;20260627
sakanaction;Kaiju;1148;-93;0.492;20260627
aespa;LEMONADE;1139;520;0.082;20260627
Ankara Echoes;Beni Al;1132;119;0.061;20260627
Stephen Wilson Jr.;Gary;1130;43;0.025;20260627
Jennifer Lopez;Save Me Tonight;1126;118;0.145;20260627
David Guetta;Save Me Tonight;1126;118;0.145;20260627
Kenny Chesney;Silver Sands Marina;1124;64;0.004;20260627
Drake;Janice STFU;1110;374;0.093;20260627
Farin Urlaub;Sie;1109;-121;0.002;20260627
Alex Warren;PASSENGER;1105;-251;0.05;20260627
Helene Fischer;Heute Nacht;1104;354;0.061;20260627
Mrs. GREEN APPLE;Wind and Town;1104;212;0.091;20260627
BTS;2.0;1101;-116;0.312;20260627
Forrest Frank;OKAY;1098;101;0.092;20260627
Gracie Abrams;Hit the Wall;1096;-213;0.071;20260627
Merk;PARTENOPE;1095;438;0.02;20260627
Kremont;PARTENOPE;1095;438;0.02;20260627
The Beaches;Edge of the Earth;1091;-165;0.133;20260627
Mauvais Djo;Maladie;1088;264;0.021;20260627
Keisuke Kuwata;AKANE On My Mind~Scared of Manju;1083;-65;0.022;20260627
Teddy Swims;Lose Control;1064;86;7.437;20260627
Luke Combs;Be By You;1063;102;0.272;20260627
EVE;abyss in the world;1062;-155;0.002;20260627
Axwell;Whatever Turns You On;1060;-762;0.003;20260627
Bonn;Whatever Turns You On;1060;-762;0.003;20260627
宇多田ヒカル;パッパパラダイス;1042;-405;0.006;20260627
Linkin Park;Numb;1039;32;1.379;20260627
Vaundy;飛ぶ時;1036;1036;0.016;20260627
Shakira;Dai Dai;17136;1304;0.584;20260628
Burna Boy;Dai Dai;17136;1304;0.584;20260628
Katy Perry;Watch It Burn;12222;-5537;0.049;20260628
HUGEL;Movin' To The Sun;11754;1297;0.362;20260628
Imael Angel;Movin' To The Sun;11754;1297;0.362;20260628
Ultra Naté;Movin' To The Sun;11754;1297;0.362;20260628
Madonna;Love Sensation;11559;3724;0.152;20260628
Madonna;Bring Your Love;11549;3584;0.273;20260628
Sabrina Carpenter;Bring Your Love;11549;3584;0.273;20260628
Madonna;I Feel So Free;11174;3598;0.284;20260628
Robyn;Dancing On My Own;10798;785;0.547;20260628
Taylor Swift;I Knew It, I Knew You;10031;638;0.346;20260628
Stray Kids;RUN IT;9518;-4944;0.09;20260628
Benson Boone;The Time Of My Life;9408;-1705;0.032;20260628
The Second Voice;LET ME BE;8656;2041;1.199;20260628
Kimo Sounds;Rise Slow;8248;865;0.111;20260628
Michael Jackson;Billie Jean;8037;-168;1.371;20260628
Ariana Grande;hate that i made you love me;7940;195;0.405;20260628
The Rolling Stones;Jealous Lover;7103;-4999;0.036;20260628
Ella Langley;Choosin' Texas;6807;-114;1.385;20260628
HUNTR/X;Golden;6793;580;5.25;20260628
EJAE;Golden;6793;580;5.25;20260628
AUDREY NUNA;Golden;6793;580;5.25;20260628
REI AMI;Golden;6793;580;5.25;20260628
KPop Demon Hunters Cast;Golden;6793;580;5.25;20260628
Alex Warren;FEVER DREAM;6353;108;1.007;20260628
Madonna;Read My Lips;6290;-4245;0.029;20260628
Feid;Read My Lips;6290;-4245;0.029;20260628
The Rolling Stones;Divine Intervention;6090;-5500;0.035;20260628
Olivia Rodrigo;drop dead;5890;-387;0.583;20260628
Gracie Abrams;Look at My Life;5672;-4395;0.03;20260628
David Guetta;Run Run River;5448;-388;0.168;20260628
Alok;Run Run River;5448;-388;0.168;20260628
Stick Figure;Run Run River;5448;-388;0.168;20260628
Michael Jackson;Beat It;5389;535;0.814;20260628
DJ.ILHAM;DIGIDI DIGIDI;5383;825;0.232;20260628
The Chemical Brothers;Go;5318;199;0.985;20260628
STELLA LEFTY;Boston;5129;-289;0.251;20260628
BTS;SWIM;5119;962;0.981;20260628
Noah Nine;Mama, I still call your name;5090;4162;0.054;20260628
Bruno Mars;I Just Might;5007;976;1.819;20260628
Bebe Rexha;New Religion;5000;169;0.801;20260628
Faithless;New Religion;5000;169;0.801;20260628
DJ Goja;Mi Chico;4956;-190;0.013;20260628
Jason Derulo;Mi Chico;4956;-190;0.013;20260628
Melody;Mi Chico;4956;-190;0.013;20260628
RAYE;WHERE IS MY HUSBAND;4847;-1054;2.891;20260628
HUGEL;Jamaican;4837;-220;0.586;20260628
SOLTO (FR);Jamaican;4837;-220;0.586;20260628
Alex Warren;Ordinary;4710;-35;5.956;20260628
Sarah Hession;My Last Goodbye;4683;2388;0.007;20260628
DJ Goja;Mi Chico;4609;258;0.106;20260628
Kimo Sounds;After the fall;4569;2091;0.046;20260628
Teddy Swims;Mr. Know It All;4456;839;0.395;20260628
Olivia Rodrigo;stupid song;4127;-331;0.094;20260628
ATEEZ;BAD;4039;-2291;0.02;20260628
Cameron Whitcomb;Kingdom of Fear;4039;-397;0.401;20260628
Olivia Dean;Man I Need;4035;1032;2.564;20260628
Josh Fawaz;Like a Prayer;3957;1133;0.434;20260628
Justin Bieber;Beauty and a Beat;3890;648;2.622;20260628
Taylor Swift;The Fate of Ophelia;3697;1029;3.527;20260628
Saxboy Billy;The Puerto Rico Song;3605;-337;0.227;20260628
Tame Impala;Dracula;3605;30;0.659;20260628
JENNIE;Dracula;3605;30;0.659;20260628
KITSCHKRIEG;Gut Genug;3543;-559;0.062;20260628
Blumengarten;Gut Genug;3543;-559;0.062;20260628
Shirin David;Gut Genug;3543;-559;0.062;20260628
Andreas Gabalier;UNA CANZONE PER TE;3457;466;0.009;20260628
Pietro Basile;UNA CANZONE PER TE;3457;466;0.009;20260628
Bad Bunny;NUEVAYoL;3409;1011;0.964;20260628
ANOTR;Talk To You;3386;449;0.308;20260628
Harry Styles;American Girls;3381;817;0.504;20260628
Bring Me The Horizon;Dehumanized;3331;-2295;0.017;20260628
The Whiskey Brothers;Brown Eyed Girl;3293;145;0.026;20260628
BearyTunes;Glaub an dich;3153;-53;0.039;20260628
Ella Langley;Be Her;3135;328;0.436;20260628
Ella Langley;you look like you love me;3008;111;1.307;20260628
Riley Green;you look like you love me;3008;111;1.307;20260628
Michael Jackson;Smooth Criminal;3007;-672;0.527;20260628
Sam Fender;Rein Me In;2995;-64;0.713;20260628
Olivia Dean;Rein Me In;2995;-64;0.713;20260628
The Bausa;Magnetic;2956;-398;0.201;20260628
sombr;My Body Isn't Ready;2956;-1573;0.013;20260628
Bad Bunny;DtMF;2855;134;1.154;20260628
Ricchi;Sarà perché ti amo;2824;1029;1.614;20260628
Poveri;Sarà perché ti amo;2824;1029;1.614;20260628
Chaka Khan;Boogie's in My Soul;2807;734;0.037;20260628
Snoop Dogg;Boogie's in My Soul;2807;734;0.037;20260628
sombr;Homewrecker;2782;843;0.487;20260628
Benson Boone;Beautiful Things;2781;2;7.282;20260628
Marshmello;Another Drink;2736;-1112;0.01;20260628
Kelsea Ballerini;Another Drink;2736;-1112;0.01;20260628
Mauvais Djo;Pilé;2707;60;0.052;20260628
BearyTunes;Mut;2601;83;0.028;20260628
Bruno Mars;Risk It All;2598;-443;0.699;20260628
LOVIXX STOSLIV;Don't tell your dreams;2528;-183;0.015;20260628
Michael Jackson;Thriller;2511;-42;1.169;20260628
Disney;Zoo;2490;543;0.615;20260628
Shakira;Zoo;2490;543;0.615;20260628
Kerstin Ott;1000 x Nein;2418;1162;0.013;20260628
Ac/Dc;Thunderstruck;2365;538;4.185;20260628
Jelly Roll;Hands Up;2361;-404;0.014;20260628
Olivia Dean;So Easy;2313;-1251;1.648;20260628
Ella Langley;I Can't Love You Anymore;2293;91;0.191;20260628
Morgan Wallen;I Can't Love You Anymore;2293;91;0.191;20260628
Mark Medlock;Back into the Sun;2243;1877;0.02;20260628
XXXTENTACION;Moonlight;2236;648;0.801;20260628
Five Finger Death Punch;De Oppresso Liber;2234;-1244;0.01;20260628
Peter Maffay;Ein Leben lang ist nicht lang;2211;320;0.006;20260628
Johannes Oerding;Ein Leben lang ist nicht lang;2211;320;0.006;20260628
SIENNA SPIRO;Material Lover;2181;-676;0.104;20260628
HUGEL;Shine;2160;-673;0.007;20260628
French Montana;Shine;2160;-673;0.007;20260628
David Guetta;Shine;2160;-673;0.007;20260628
Aidan Martin;Shine;2160;-673;0.007;20260628
BTS;Come Over;2094;-398;0.199;20260628
Levant;Ruf mich nicht mehr an;2084;1630;0.003;20260628
Shaboozey;Cowgirl;2079;-256;0.077;20260628
Blake Shelton;Let Him In Anyway;2059;6;0.046;20260628
Zara Larsson;Lush Life;2046;221;2.854;20260628
Kenshi Yonezu - Karasu;Raven;1995;-57;0.025;20260628
YOASOBI;Orion;1978;1978;0.004;20260628
Delta Goodrem;Hologram;1957;-1065;0.01;20260628
Alok;Everything's Fine;1950;-335;0.008;20260628
Jennifer Lopez;Everything's Fine;1950;-335;0.008;20260628
Michael Jackson;Human Nature;1950;-772;0.402;20260628
Billie Eilish;BIRDS OF A FEATHER;1934;468;5.972;20260628
Harry Styles;Sign of the Times;1934;52;4.954;20260628
Temper City;Self Aware;1927;82;0.092;20260628
ICE NINE KILLS;Play Dead;1880;-754;0.007;20260628
Dave;Raindance;1855;933;0.395;20260628
Tems;Raindance;1855;933;0.395;20260628
Kara Holt;I Did It Tired;1832;-232;0.035;20260628
Dan + Shay;Marry You Again;1792;-490;0.007;20260628
Tom MacDonald;Remember Who You Are;1769;-294;0.027;20260628
Shakira;Waka Waka;1769;-247;7.391;20260628
Noah Nine;A Man Can Cry;1759;-247;0.022;20260628
RENJUN;同谋者的默契;1744;-416;0.006;20260628
John Denver;Take Me Home, Country Roads;1725;-87;0.664;20260628
The Rolling Stones;In The Stars;1721;101;0.163;20260628
2raumwohnung;36Grad;1718;-218;0.072;20260628
Five Finger Death Punch;Eye of the Storm;1687;-1288;0.04;20260628
Brandon Flowers;Plans;1685;-1197;0.008;20260628
Hey! Say! JUMP;CUE CUE CUTE;1673;278;0.015;20260628
Tears for Fears;Everybody Wants to Rule the World;1651;700;1.081;20260628
G Flip;Bed on Fire;1636;-66;0.125;20260628
Neil Diamond;Sweet Caroline;1607;-210;1.464;20260628
Ragal Ironbull;VALHALLA CALLING;1593;582;0.36;20260628
Andrea Bocelli;DNA;1589;-1249;0.126;20260628
David Guetta;DNA;1589;-1249;0.126;20260628
EJAE;DNA;1589;-1249;0.126;20260628
Megan Thee Stallion;DNA;1589;-1249;0.126;20260628
BTS;Into the Sun;1580;-173;0.218;20260628
Rutger Van Barneveld;Zwoele Zomernachten;1569;85;0.022;20260628
20th Century;Bokuraga uwagakisurusekai;1568;1568;0.002;20260628
Hikaru Utada;PAPPAPARADISE;1561;-60;0.043;20260628
Michael Jackson;Don't Stop 'Til You Get Enough;1556;-115;0.303;20260628
Alan Jackson;Still The One;1551;394;0.005;20260628
Drake;Janice STFU;1537;427;0.095;20260628
The Killers;Mr. Brightside;1510;249;1.758;20260628
SixTONES;Dance Forever;1508;-60;0.009;20260628
Justen de Wildt;Cheerio;1508;0;0.115;20260628
Michael Jackson;Bad;1503;-940;0.219;20260628
Carly Pearce;If I Don't Leave I'm Gonna Stay;1499;-147;0.021;20260628
Riley Green;If I Don't Leave I'm Gonna Stay;1499;-147;0.021;20260628
Keith Urban;We Go Back;1482;-567;0.041;20260628
sakanaction;Yoru No Odoriko;1479;0;0.104;20260628
Gala;Freed from Desire;1477;472;0.871;20260628
Jennifer Lopez;Save Me Tonight;1467;341;0.147;20260628
David Guetta;Save Me Tonight;1467;341;0.147;20260628
Ankara Echoes;Beni Al;1465;333;0.062;20260628
キヨ;SHUNKAN JOURNEY;1450;-88;0.003;20260628
レトルト;SHUNKAN JOURNEY;1450;-88;0.003;20260628
USHIZAWA;SHUNKAN JOURNEY;1450;-88;0.003;20260628
ガッチマン;SHUNKAN JOURNEY;1450;-88;0.003;20260628
Oasis;Wonderwall;1447;789;1.33;20260628
Prospa;Free Your Mind;1432;-31;0.056;20260628
Cloonee;Free Your Mind;1432;-31;0.056;20260628
Shaboozey;A Bar Song;1424;-781;4.901;20260628
Kenshi Yonezu;IRIS OUT;1418;1418;0.389;20260628
M.Sasuke;Gg Ez;1403;247;0.003;20260628
MAZZEL;So Strawberry;1395;-27;0.011;20260628
Aitana;SUPERESTRELLA;1374;532;0.287;20260628
M!LK;Sukisugite METSU;1368;78;0.305;20260628
Hearts2Hearts;Lemon Tang;1368;-220;0.011;20260628
Las Ardillitas de Lalo Guerrero;El Teléfono Carpintero;1364;361;0.017;20260628
Tame Impala;Dracula;1342;-595;0.463;20260628
Taylor Swift;Opalite;1325;-840;1.929;20260628
Luke Combs;Be By You;1321;258;0.274;20260628
Alan Jackson;Remember When;1321;1321;0.084;20260628
Keisuke Kuwata;HITOTARASHI;1315;-26;0.073;20260628
ILLIT;It's Me;1311;-315;0.109;20260628
ARASHI;Five;1290;49;0.172;20260628
Gravel;Sit With Me Lord;1280;-160;0.006;20260628
Grace;Sit With Me Lord;1280;-160;0.006;20260628
Radiohead;Creep;1267;674;1.886;20260628
B'z;完全無欠;1265;0;0.041;20260628
TUKI.;SOS;1265;-100;0.008;20260628
no na;rollerblade;1256;-69;0.03;20260628
LE SSERAFIM;ICONIC BY MISTAKE;1243;-172;0.073;20260628
ILLIT;ICONIC BY MISTAKE;1243;-172;0.073;20260628
KATSEYE;ICONIC BY MISTAKE;1243;-172;0.073;20260628
mikeeysmind;Papaoutai;1233;537;0.934;20260628
Chill77;Papaoutai;1233;537;0.934;20260628
Unjaps;Papaoutai;1233;537;0.934;20260628
Zara Larsson;Midnight Sun;1229;-510;0.263;20260628
SIENNA SPIRO;Die On This Hill;1221;212;0.695;20260628
M!LK;Bakuretsu Aishiteru;1217;24;0.173;20260628
Nena;Alles ist gut;1191;426;0.003;20260628
The Beaches;Edge of the Earth;1188;97;0.134;20260628
Yumeoi Kakeru;Beating in Ash;1170;1170;0.001;20260628
Chappell Roan;Pink Pony Club;1160;440;2.743;20260628
Forrest Frank;OKAY;1158;60;0.093;20260628
Steve Gruber and the Freedom Project;One Nation;1148;528;0.002;20260628
SUPER BEAVER;Climax;1148;-22;0.025;20260628
sombr;12 to 12;1144;653;1.185;20260628
Sia;Unstoppable;1143;-192;7.647;20260628
Lucenzo;Danza Kuduro;1138;-63;4.841;20260628
Michelle;Das war's für mich;1134;1134;0.011;20260628
sakanaction;Kaiju;1125;-23;0.493;20260628
Focicatto;Meowmeow Alarm Clock;1118;829;0.008;20260628
Gracie Abrams;Hit the Wall;1104;8;0.072;20260628
Forrest Frank;SOMEBODY PRAYED;1104;-66;0.003;20260628
Tate Butts;SOMEBODY PRAYED;1104;-66;0.003;20260628
Eminem;Lose Yourself;1103;419;3.809;20260628
Olivia Rodrigo;the cure;1098;608;0.182;20260628
Underworld;Born Slippy;1095;805;0.181;20260628
Gordo;Loco Loco;1091;120;0.207;20260628
Reinier Zonneveld;Loco Loco;1091;120;0.207;20260628
The Rolling Stones;Rough And Twisted;1088;210;0.093;20260628
Die Grubertaler;Hier komm ich her, hier will ich sein;1085;980;0.001;20260628
BMSG STRIKERS;Standing Here;1083;-285;0.004;20260628
Keith Urban;Steal Away;1081;-171;0.031;20260628
Harry Styles;As It Was;1075;616;6.676;20260628
The Proclaimers;I'm Gonna Be;1072;-289;0.489;20260628
Eir Aoi;Walk on your way;1070;198;0.002;20260628
Dara;Bangaranga;1068;577;0.193;20260628
Adieu Aru;Classique;1066;266;0.014;20260628
IngaRose;Celebrate Me;1053;367;0.448;20260628
BTS;Body to Body;1053;606;0.364;20260628
Mrs. GREEN APPLE;Wind and Town;1041;-63;0.092;20260628
BTS;Hooligan;1040;-163;0.277;20260628
Topic;Sorry Papi;1039;101;0.033;20260628
Becky G;Sorry Papi;1039;101;0.033;20260628
VAUNDY;fly away;1037;1037;0.087;20260628
Rascal Flatts;Life Is a Highway;1037;835;0.24;20260628
Claudia Jung;Die Liebe meines Lebens;1030;1030;0.001;20260628
Wincent Weiss;Kurz für immer;1021;1021;0.016;20260628
Keisuke Kuwata;AKANE On My Mind~Scared of Manju;1021;-62;0.023;20260628
Shakira;Dai Dai;16717;-419;0.601;20260629
Burna Boy;Dai Dai;16717;-419;0.601;20260629
Madonna;Love Sensation;14059;2500;0.166;20260629
Madonna;Bring Your Love;11291;-258;0.285;20260629
Sabrina Carpenter;Bring Your Love;11291;-258;0.285;20260629
Robyn;Dancing On My Own;10741;-57;0.558;20260629
HUGEL;Movin' To The Sun;10552;-1202;0.373;20260629
Imael Angel;Movin' To The Sun;10552;-1202;0.373;20260629
Ultra Naté;Movin' To The Sun;10552;-1202;0.373;20260629
Taylor Swift;I Knew It, I Knew You;10049;18;0.356;20260629
Ariana Grande;hate that i made you love me;8956;1016;0.414;20260629
Madonna;I Feel So Free;8551;-2623;0.292;20260629
Kimo Sounds;Rise Slow;8283;35;0.119;20260629
Katy Perry;Watch It Burn;8256;-3966;0.058;20260629
Benson Boone;The Time Of My Life;8059;-1349;0.04;20260629
The Second Voice;LET ME BE;7120;-1536;1.206;20260629
Ella Langley;Choosin' Texas;6984;177;1.392;20260629
Michael Jackson;Billie Jean;6847;-1190;1.378;20260629
DJ Goja;Mi Chico;6776;1820;0.019;20260629
Jason Derulo;Mi Chico;6776;1820;0.019;20260629
Melody;Mi Chico;6776;1820;0.019;20260629
HUNTR/X;Golden;6434;-359;5.256;20260629
EJAE;Golden;6434;-359;5.256;20260629
AUDREY NUNA;Golden;6434;-359;5.256;20260629
REI AMI;Golden;6434;-359;5.256;20260629
KPop Demon Hunters Cast;Golden;6434;-359;5.256;20260629
Stray Kids;RUN IT;6407;-3111;0.096;20260629
David Guetta;Run Run River;6338;890;0.174;20260629
Alok;Run Run River;6338;890;0.174;20260629
Stick Figure;Run Run River;6338;890;0.174;20260629
Olivia Rodrigo;drop dead;6131;241;0.589;20260629
STELLA LEFTY;Boston;5915;786;0.256;20260629
RAYE;WHERE IS MY HUSBAND;5877;1030;2.897;20260629
Alex Warren;FEVER DREAM;5703;-650;1.012;20260629
DJ.ILHAM;DIGIDI DIGIDI;5652;269;0.238;20260629
Michael Jackson;Beat It;5585;196;0.82;20260629
Cameron Whitcomb;Kingdom of Fear;5451;1412;0.407;20260629
Teddy Swims;Mr. Know It All;5393;937;0.4;20260629
The Rolling Stones;Jealous Lover;5235;-1868;0.041;20260629
Alex Warren;Ordinary;5170;460;5.961;20260629
Bebe Rexha;New Religion;5144;144;0.806;20260629
Faithless;New Religion;5144;144;0.806;20260629
Bruno Mars;I Just Might;5088;81;1.824;20260629
The Rolling Stones;Divine Intervention;4833;-1257;0.039;20260629
HUGEL;Jamaican;4633;-204;0.591;20260629
SOLTO (FR);Jamaican;4633;-204;0.591;20260629
BTS;SWIM;4567;-552;0.985;20260629
Gracie Abrams;Look at My Life;4306;-1366;0.035;20260629
DJ Goja;Mi Chico;4229;-380;0.11;20260629
Saxboy Billy;The Puerto Rico Song;4195;590;0.231;20260629
Olivia Dean;Man I Need;4086;51;2.568;20260629
The Chemical Brothers;Go;3879;-1439;0.989;20260629
KITSCHKRIEG;Gut Genug;3762;219;0.065;20260629
Blumengarten;Gut Genug;3762;219;0.065;20260629
Shirin David;Gut Genug;3762;219;0.065;20260629
Sarah Hession;My Last Goodbye;3660;-1023;0.011;20260629
Ella Langley;Be Her;3595;460;0.439;20260629
THE 8;singasong;3539;3539;0.004;20260629
VERNON;singasong;3539;3539;0.004;20260629
Olivia Rodrigo;stupid song;3531;-596;0.097;20260629
Sam Fender;Rein Me In;3512;517;0.716;20260629
Olivia Dean;Rein Me In;3512;517;0.716;20260629
Noah Nine;Mama, I still call your name;3486;-1604;0.057;20260629
Taylor Swift;The Fate of Ophelia;3452;-245;3.53;20260629
Bruno Mars;Risk It All;3404;806;0.702;20260629
Harry Styles;American Girls;3396;15;0.507;20260629
sombr;My Body Isn't Ready;3371;415;0.016;20260629
Andreas Gabalier;UNA CANZONE PER TE;3255;-202;0.012;20260629
Pietro Basile;UNA CANZONE PER TE;3255;-202;0.012;20260629
Alan Jackson;Remember When;3252;1931;0.087;20260629
Josh Fawaz;Like a Prayer;3180;-777;0.437;20260629
Tame Impala;Dracula;3164;-441;0.662;20260629
JENNIE;Dracula;3164;-441;0.662;20260629
BearyTunes;Glaub an dich;3153;0;0.043;20260629
ANOTR;Talk To You;3136;-250;0.311;20260629
Bad Bunny;NUEVAYoL;3102;-307;0.967;20260629
Madonna;Read My Lips;3100;-3190;0.032;20260629
Feid;Read My Lips;3100;-3190;0.032;20260629
ATEEZ;BAD;3053;-986;0.023;20260629
Justin Bieber;Beauty and a Beat;3041;-849;2.625;20260629
Benson Boone;Beautiful Things;3019;238;7.285;20260629
Kimo Sounds;After the fall;3005;-1564;0.049;20260629
Marshmello;Another Drink;2809;73;0.012;20260629
Kelsea Ballerini;Another Drink;2809;73;0.012;20260629
Michael Jackson;Thriller;2761;250;1.171;20260629
BTS;Come Over;2740;646;0.201;20260629
TAEYEON;Bansanka;2689;2689;0.003;20260629
sombr;Homewrecker;2681;-101;0.49;20260629
Five Finger Death Punch;De Oppresso Liber;2664;430;0.012;20260629
Zara Larsson;Lush Life;2657;611;2.856;20260629
Ella Langley;you look like you love me;2605;-403;1.309;20260629
Riley Green;you look like you love me;2605;-403;1.309;20260629
Bad Bunny;DtMF;2601;-254;1.157;20260629
Michael Jackson;Human Nature;2547;597;0.405;20260629
ENHYPEN;We'll Be Fine;2521;2521;0.003;20260629
Michael Jackson;Smooth Criminal;2512;-495;0.529;20260629
Alex Warren;PASSENGER;2486;1596;0.053;20260629
Olivia Dean;So Easy;2432;119;1.651;20260629
The Bausa;Magnetic;2403;-553;0.203;20260629
Noah Nine;A Man Can Cry;2343;584;0.024;20260629
Ella Langley;I Can't Love You Anymore;2304;11;0.193;20260629
Morgan Wallen;I Can't Love You Anymore;2304;11;0.193;20260629
Chaka Khan;Boogie's in My Soul;2282;-525;0.039;20260629
Snoop Dogg;Boogie's in My Soul;2282;-525;0.039;20260629
Kerstin Ott;1000 x Nein;2201;-217;0.015;20260629
The Rolling Stones;In The Stars;2198;477;0.165;20260629
Mauvais Djo;Pilé;2159;-548;0.054;20260629
XXXTENTACION;Moonlight;2159;-77;0.803;20260629
Harry Styles;Sign of the Times;2153;219;4.956;20260629
BearyTunes;Mut;2132;-469;0.03;20260629
SIENNA SPIRO;Material Lover;2107;-74;0.107;20260629
Shaboozey;Cowgirl;2106;27;0.08;20260629
Lady Gaga;Die With A Smile;2069;1295;7.548;20260629
Bruno Mars;Die With A Smile;2069;1295;7.548;20260629
Ricchi;Sarà perché ti amo;2011;-813;1.616;20260629
Poveri;Sarà perché ti amo;2011;-813;1.616;20260629
Peter Maffay;Ein Leben lang ist nicht lang;1995;-216;0.008;20260629
Johannes Oerding;Ein Leben lang ist nicht lang;1995;-216;0.008;20260629
LOVIXX STOSLIV;Don't tell your dreams;1967;-561;0.017;20260629
Ragal Ironbull;VALHALLA CALLING;1953;360;0.362;20260629
Five Finger Death Punch;Eye of the Storm;1949;262;0.042;20260629
Disney;Zoo;1947;-543;0.617;20260629
Shakira;Zoo;1947;-543;0.617;20260629
Tame Impala;Dracula;1945;603;0.465;20260629
The Whiskey Brothers;Brown Eyed Girl;1935;-1358;0.028;20260629
Mark Medlock;Back into the Sun;1927;-316;0.022;20260629
Levant;Ruf mich nicht mehr an;1898;-186;0.005;20260629
Bring Me The Horizon;Dehumanized;1896;-1435;0.019;20260629
Temper City;Self Aware;1893;-34;0.094;20260629
HUGEL;Shine;1885;-275;0.009;20260629
French Montana;Shine;1885;-275;0.009;20260629
David Guetta;Shine;1885;-275;0.009;20260629
Aidan Martin;Shine;1885;-275;0.009;20260629
LE SSERAFIM;ICONIC BY MISTAKE;1884;641;0.075;20260629
ILLIT;ICONIC BY MISTAKE;1884;641;0.075;20260629
KATSEYE;ICONIC BY MISTAKE;1884;641;0.075;20260629
Andrea Bocelli;DNA;1879;290;0.128;20260629
David Guetta;DNA;1879;290;0.128;20260629
EJAE;DNA;1879;290;0.128;20260629
Megan Thee Stallion;DNA;1879;290;0.128;20260629
Jelly Roll;Hands Up;1861;-500;0.016;20260629
YOASOBI;Orion;1845;-133;0.006;20260629
Gravel;Sit With Me Lord;1839;559;0.008;20260629
Grace;Sit With Me Lord;1839;559;0.008;20260629
Blake Shelton;Let Him In Anyway;1805;-254;0.048;20260629
Kenshi Yonezu - Karasu;Raven;1769;-226;0.027;20260629
Ac/Dc;Thunderstruck;1762;-603;4.187;20260629
Shaboozey;A Bar Song;1752;328;4.903;20260629
Dan + Shay;Marry You Again;1749;-43;0.008;20260629
Coldplay;Viva la Vida;1707;797;7.026;20260629
Sia;Unstoppable;1694;551;7.649;20260629
The Rolling Stones;Rough And Twisted;1679;591;0.095;20260629
Asia;Heat of the Moment;1661;1661;0.044;20260629
Drake;NOKIA;1657;918;1.898;20260629
Kis-My-Ft2;My Affection;1656;1656;0.002;20260629
Teddy Swims;Lose Control;1622;670;7.44;20260629
BTS;Into the Sun;1621;41;0.22;20260629
Jennifer Lopez;Save Me Tonight;1604;137;0.148;20260629
David Guetta;Save Me Tonight;1604;137;0.148;20260629
Alok;Everything's Fine;1602;-348;0.01;20260629
Jennifer Lopez;Everything's Fine;1602;-348;0.01;20260629
BE:FIRST;Missing;1600;1600;0.002;20260629
The Beaches;Edge of the Earth;1587;399;0.136;20260629
Shakira;Waka Waka;1580;-189;7.393;20260629
Rutger Van Barneveld;Zwoele Zomernachten;1569;0;0.023;20260629
G Flip;Bed on Fire;1538;-98;0.126;20260629
Justen de Wildt;Cheerio;1523;15;0.116;20260629
Michael Jackson;Don't Stop 'Til You Get Enough;1519;-37;0.304;20260629
Christina Perri;A Thousand Years;1514;935;8.331;20260629
20th Century;Bokuraga uwagakisurusekai;1508;-60;0.003;20260629
Alan Jackson;Still The One;1508;-43;0.006;20260629
John Denver;Take Me Home, Country Roads;1469;-256;0.666;20260629
Mauvais Djo;Maladie;1461;632;0.024;20260629
Nena;Alles ist gut;1456;265;0.004;20260629
Hey! Say! JUMP;CUE CUE CUTE;1455;-218;0.017;20260629
Kara Holt;I Did It Tired;1448;-384;0.037;20260629
Teddy Swims;The Door;1445;807;3.961;20260629
Tears for Fears;Everybody Wants to Rule the World;1442;-209;1.082;20260629
ILLIT;It's Me;1433;122;0.11;20260629
Ankara Echoes;Beni Al;1430;-35;0.064;20260629
SixTONES;Dance Forever;1422;-86;0.01;20260629
sakanaction;Yoru No Odoriko;1395;-84;0.105;20260629
Alan Walker;FATE;1393;948;0.004;20260629
Ava Max;FATE;1393;948;0.004;20260629
The Killers;Mr. Brightside;1390;-120;1.76;20260629
Hikaru Utada;PAPPAPARADISE;1387;-174;0.045;20260629
Martin Garrix;Repeat It;1375;945;0.077;20260629
Ed Sheeran;Repeat It;1375;945;0.077;20260629
Prospa;Free Your Mind;1372;-60;0.057;20260629
Cloonee;Free Your Mind;1372;-60;0.057;20260629
Carly Pearce;If I Don't Leave I'm Gonna Stay;1368;-131;0.022;20260629
Riley Green;If I Don't Leave I'm Gonna Stay;1368;-131;0.022;20260629
キヨ;SHUNKAN JOURNEY;1368;-82;0.004;20260629
レトルト;SHUNKAN JOURNEY;1368;-82;0.004;20260629
USHIZAWA;SHUNKAN JOURNEY;1368;-82;0.004;20260629
ガッチマン;SHUNKAN JOURNEY;1368;-82;0.004;20260629
Michael Jackson;Bad;1346;-157;0.22;20260629
Aitana;SUPERESTRELLA;1345;-29;0.288;20260629
Keith Urban;Steal Away;1321;240;0.032;20260629
M!LK;Sukisugite METSU;1315;-53;0.307;20260629
T.I.;LET 'EM KNOW;1311;419;0.182;20260629
Charli xcx;Wink Wink;1309;423;0.014;20260629
Spencer Hatcher;Turn This Town;1291;798;0.002;20260629
ARASHI;Five;1290;0;0.173;20260629
Brandon Flowers;Plans;1285;-400;0.009;20260629
Chappell Roan;Pink Pony Club;1284;124;2.744;20260629
Kenshi Yonezu;IRIS OUT;1280;-138;0.39;20260629
Neil Diamond;Sweet Caroline;1272;-335;1.465;20260629
Keisuke Kuwata;HITOTARASHI;1265;-50;0.075;20260629
Luke Combs;Be By You;1264;-57;0.275;20260629
DHENYS R J;All Night Long;1244;497;0.144;20260629
Noah Kahan;Orbiter;1242;882;0.047;20260629
M.Sasuke;Gg Ez;1241;-162;0.004;20260629
MAZZEL;So Strawberry;1241;-154;0.012;20260629
Oasis;Wonderwall;1240;-207;1.332;20260629
Keith Urban;We Go Back;1223;-259;0.042;20260629
Ramin Djawadi;Main Title;1218;864;0.274;20260629
The Proclaimers;I'm Gonna Be;1204;132;0.49;20260629
LAY;Call My Name;1195;688;0.002;20260629
B'z;完全無欠;1193;-72;0.042;20260629
Zara Larsson;Midnight Sun;1184;-45;0.264;20260629
Tems;What You Need;1170;1170;0.008;20260629
Djo;End of Beginning;1151;821;1.956;20260629
sakanaction;Kaiju;1148;23;0.495;20260629
BTS;Body to Body;1140;87;0.365;20260629
2raumwohnung;36Grad;1137;-581;0.073;20260629
The Cranberries;Zombie;1136;904;1.849;20260629
SIENNA SPIRO;Die On This Hill;1132;-89;0.696;20260629
M!LK;Bakuretsu Aishiteru;1125;-92;0.175;20260629
Taylor Swift;Opalite;1090;-235;1.93;20260629
Drake;Janice STFU;1084;-453;0.096;20260629
Steve Gruber and the Freedom Project;One Nation;1083;-65;0.003;20260629
SUPER BEAVER;Climax;1083;-65;0.026;20260629
Delta Goodrem;Hologram;1081;-876;0.011;20260629
Dave;Raindance;1077;-778;0.396;20260629
Tems;Raindance;1077;-778;0.396;20260629
TUKI.;SOS;1076;-189;0.009;20260629
sombr;12 to 12;1076;-68;1.187;20260629
Billie Eilish;BIRDS OF A FEATHER;1074;-860;5.973;20260629
mikeeysmind;Papaoutai;1068;-165;0.935;20260629
Chill77;Papaoutai;1068;-165;0.935;20260629
Unjaps;Papaoutai;1068;-165;0.935;20260629
disiz;melodrama;1062;454;0.25;20260629
Theodora;melodrama;1062;454;0.25;20260629
DoGoodDad;Don’t Turn the Page;1060;643;0.002;20260629
Alan Jackson;Designated Drinker;1059;1059;0.001;20260629
THE 8;8DM;1053;1053;0.001;20260629
Oliver Tree;Life Goes On;1041;109;0.442;20260629
Yung Miami;Spend Dat;1037;355;0.031;20260629
Wincent Weiss;Kurz für immer;1021;0;0.017;20260629
Kis-My-Ft2;King King;1021;226;0.012;20260629
Shakira;Dai Dai;17003;286;0.618;20260630
Burna Boy;Dai Dai;17003;286;0.618;20260630
Madonna;Love Sensation;12198;-1861;0.178;20260630
Madonna;I Feel So Free;11298;2747;0.304;20260630
Robyn;Dancing On My Own;11097;356;0.569;20260630
HUGEL;Movin' To The Sun;11057;505;0.384;20260630
Imael Angel;Movin' To The Sun;11057;505;0.384;20260630
Ultra Naté;Movin' To The Sun;11057;505;0.384;20260630
Taylor Swift;I Knew It, I Knew You;9893;-156;0.366;20260630
Madonna;Bring Your Love;9874;-1417;0.294;20260630
Sabrina Carpenter;Bring Your Love;9874;-1417;0.294;20260630
Ariana Grande;hate that i made you love me;8795;-161;0.423;20260630
LE SSERAFIM;ICONIC BY MISTAKE;7680;5796;0.083;20260630
ILLIT;ICONIC BY MISTAKE;7680;5796;0.083;20260630
KATSEYE;ICONIC BY MISTAKE;7680;5796;0.083;20260630
Benson Boone;The Time Of My Life;7168;-891;0.047;20260630
Kimo Sounds;Rise Slow;6959;-1324;0.126;20260630
HUNTR/X;Golden;6894;460;5.263;20260630
EJAE;Golden;6894;460;5.263;20260630
AUDREY NUNA;Golden;6894;460;5.263;20260630
REI AMI;Golden;6894;460;5.263;20260630
KPop Demon Hunters Cast;Golden;6894;460;5.263;20260630
Michael Jackson;Billie Jean;6810;-37;1.384;20260630
The Second Voice;LET ME BE;6708;-412;1.213;20260630
Olivia Rodrigo;drop dead;6675;544;0.595;20260630
David Guetta;Run Run River;6602;264;0.181;20260630
Alok;Run Run River;6602;264;0.181;20260630
Stick Figure;Run Run River;6602;264;0.181;20260630
DJ Goja;Mi Chico;6346;-430;0.026;20260630
Jason Derulo;Mi Chico;6346;-430;0.026;20260630
Melody;Mi Chico;6346;-430;0.026;20260630
Stray Kids;RUN IT;6342;-65;0.103;20260630
Ella Langley;Choosin' Texas;6276;-708;1.398;20260630
BTS;SWIM;6123;1556;0.992;20260630
STELLA LEFTY;Boston;5960;45;0.262;20260630
Bebe Rexha;New Religion;5818;674;0.812;20260630
Faithless;New Religion;5818;674;0.812;20260630
Michael Jackson;Beat It;5772;187;0.825;20260630
DJ.ILHAM;DIGIDI DIGIDI;5447;-205;0.243;20260630
Alex Warren;Ordinary;5348;178;5.966;20260630
Teddy Swims;Mr. Know It All;5196;-197;0.405;20260630
Alex Warren;FEVER DREAM;5194;-509;1.018;20260630
Cameron Whitcomb;Kingdom of Fear;5164;-287;0.412;20260630
Katy Perry;Watch It Burn;4906;-3350;0.062;20260630
RAYE;WHERE IS MY HUSBAND;4805;-1072;2.901;20260630
Bruno Mars;I Just Might;4598;-490;1.829;20260630
LOVIXX STOSLIV;Don't tell your dreams;4578;2611;0.021;20260630
DJ Goja;Mi Chico;4577;348;0.115;20260630
Michael Jackson;Human Nature;4220;1673;0.409;20260630
Taylor Swift;The Fate of Ophelia;4181;729;3.535;20260630
KITSCHKRIEG;Gut Genug;4175;413;0.069;20260630
Blumengarten;Gut Genug;4175;413;0.069;20260630
Shirin David;Gut Genug;4175;413;0.069;20260630
Harry Styles;American Girls;4007;611;0.511;20260630
Olivia Dean;So Easy;3911;1479;1.655;20260630
The Rolling Stones;Jealous Lover;3905;-1330;0.045;20260630
The Chemical Brothers;Go;3863;-16;0.993;20260630
Asia;Heat of the Moment;3820;2159;0.047;20260630
Sam Fender;Rein Me In;3807;295;0.72;20260630
Olivia Dean;Rein Me In;3807;295;0.72;20260630
Saxboy Billy;The Puerto Rico Song;3807;-388;0.235;20260630
Peter Gabriel;I Belong to the Sky;3769;3769;0.004;20260630
HUGEL;Jamaican;3692;-941;0.595;20260630
SOLTO (FR);Jamaican;3692;-941;0.595;20260630
Olivia Rodrigo;stupid song;3665;134;0.101;20260630
Bruno Mars;Risk It All;3638;234;0.706;20260630
THE 8;singasong;3528;-11;0.007;20260630
VERNON;singasong;3528;-11;0.007;20260630
Benson Boone;Beautiful Things;3500;481;7.288;20260630
Tame Impala;Dracula;3497;333;0.666;20260630
JENNIE;Dracula;3497;333;0.666;20260630
Kimo Sounds;After the fall;3470;465;0.053;20260630
sombr;My Body Isn't Ready;3386;15;0.02;20260630
Ella Langley;Be Her;3385;-210;0.443;20260630
The Rolling Stones;Divine Intervention;3328;-1505;0.043;20260630
Olivia Dean;Man I Need;3302;-784;2.571;20260630
Justin Bieber;Beauty and a Beat;3226;185;2.628;20260630
BearyTunes;Glaub an dich;3153;0;0.046;20260630
The Whiskey Brothers;Brown Eyed Girl;3080;1145;0.031;20260630
Andreas Gabalier;UNA CANZONE PER TE;3035;-220;0.015;20260630
Pietro Basile;UNA CANZONE PER TE;3035;-220;0.015;20260630
Gracie Abrams;Look at My Life;3024;-1282;0.038;20260630
Alan Jackson;Remember When;2988;-264;0.09;20260630
Bad Bunny;NUEVAYoL;2953;-149;0.97;20260630
Sarah Hession;My Last Goodbye;2858;-802;0.013;20260630
Josh Fawaz;Like a Prayer;2854;-326;0.44;20260630
Ella Langley;you look like you love me;2768;163;1.312;20260630
Riley Green;you look like you love me;2768;163;1.312;20260630
TAEYEON;Bansanka;2690;1;0.005;20260630
Michael Jackson;Thriller;2682;-79;1.174;20260630
Michael Jackson;Smooth Criminal;2576;64;0.532;20260630
ENHYPEN;We'll Be Fine;2551;30;0.005;20260630
Shaboozey;Cowgirl;2542;436;0.082;20260630
Zara Larsson;Lush Life;2527;-130;2.859;20260630
Marshmello;Another Drink;2512;-297;0.015;20260630
Kelsea Ballerini;Another Drink;2512;-297;0.015;20260630
Ragal Ironbull;VALHALLA CALLING;2442;489;0.365;20260630
ANOTR;Talk To You;2411;-725;0.314;20260630
Kerstin Ott;1000 x Nein;2404;203;0.017;20260630
BearyTunes;Mut;2403;271;0.032;20260630
Five Finger Death Punch;De Oppresso Liber;2382;-282;0.015;20260630
Harry Styles;Sign of the Times;2368;215;4.958;20260630
ATEEZ;BAD;2367;-686;0.025;20260630
Tame Impala;Dracula;2323;378;0.467;20260630
Ricchi;Sarà perché ti amo;2317;306;1.619;20260630
Poveri;Sarà perché ti amo;2317;306;1.619;20260630
Bon Jovi;Livin' On a Prayer;2290;1775;1.168;20260630
Bad Bunny;DtMF;2235;-366;1.159;20260630
Ac/Dc;Thunderstruck;2221;459;4.189;20260630
Andrea Bocelli;DNA;2212;333;0.13;20260630
David Guetta;DNA;2212;333;0.13;20260630
EJAE;DNA;2212;333;0.13;20260630
Megan Thee Stallion;DNA;2212;333;0.13;20260630
Ella Langley;I Can't Love You Anymore;2182;-122;0.195;20260630
Morgan Wallen;I Can't Love You Anymore;2182;-122;0.195;20260630
Kara Holt;I Did It Tired;2148;700;0.039;20260630
Noah Nine;Mama, I still call your name;2112;-1374;0.059;20260630
YOASOBI;Orion;2060;215;0.008;20260630
The Rolling Stones;In The Stars;2033;-165;0.167;20260630
Temper City;Self Aware;2029;136;0.096;20260630
Levant;Ruf mich nicht mehr an;2023;125;0.007;20260630
Oliver Tree;Life Goes On;2016;975;0.444;20260630
Teddy Swims;Lose Control;2015;393;7.442;20260630
Love and Deepspace;Tameless Territory;1951;1951;0.002;20260630
DoGoodDad;Don’t Turn the Page;1938;878;0.004;20260630
G Flip;Bed on Fire;1923;385;0.128;20260630
Gravel;Sit With Me Lord;1884;45;0.009;20260630
Grace;Sit With Me Lord;1884;45;0.009;20260630
米津玄師 - 烏;Raven;1877;1877;0.006;20260630
Chaka Khan;Boogie's in My Soul;1859;-423;0.041;20260630
Snoop Dogg;Boogie's in My Soul;1859;-423;0.041;20260630
SIENNA SPIRO;Material Lover;1849;-258;0.108;20260630
Olivia Rodrigo;honeybee;1835;1056;0.014;20260630
Michael Jackson;Don't Stop 'Til You Get Enough;1804;285;0.306;20260630
XXXTENTACION;Moonlight;1797;-362;0.805;20260630
The Bausa;Magnetic;1792;-611;0.205;20260630
Bring Me The Horizon;Dehumanized;1780;-116;0.02;20260630
Five Finger Death Punch;Eye of the Storm;1761;-188;0.044;20260630
BTS;Come Over;1728;-1012;0.203;20260630
Kis-My-Ft2;My Affection;1704;48;0.003;20260630
SK.music;Inside My Soul;1702;1450;0.123;20260630
Bananarama;Venus;1692;1692;0.002;20260630
Richard X;Venus;1692;1692;0.002;20260630
Blake Shelton;Let Him In Anyway;1638;-167;0.049;20260630
Drake;NOKIA;1626;-31;1.899;20260630
Teddy Swims;The Door;1620;175;3.963;20260630
Oasis;Wonderwall;1617;377;1.333;20260630
Michael Jackson;Bad;1612;266;0.222;20260630
BE:FIRST;Missing;1600;0;0.003;20260630
Hoshimachi Suisei;The Stargazing Girl;1591;1591;0.002;20260630
Mauvais Djo;Pilé;1582;-577;0.056;20260630
Spencer Hatcher;Turn This Town;1575;284;0.003;20260630
sombr;Homewrecker;1574;-1107;0.491;20260630
Die Rodensteiner;Ciao Ciao Amore;1568;1493;0.002;20260630
Prospa;Free Your Mind;1565;193;0.059;20260630
Cloonee;Free Your Mind;1565;193;0.059;20260630
Jelly Roll;Hands Up;1565;-296;0.018;20260630
Coldplay;Viva la Vida;1544;-163;7.027;20260630
Shakira;Waka Waka;1543;-37;7.394;20260630
Steve Gruber and the Freedom Project;One Nation;1508;425;0.004;20260630
ILLIT;It's Me;1501;68;0.112;20260630
Justen de Wildt;Cheerio;1494;-29;0.118;20260630
20th Century;Bokuraga uwagakisurusekai;1479;-29;0.005;20260630
Rutger Van Barneveld;Zwoele Zomernachten;1470;-99;0.025;20260630
Shaboozey;A Bar Song;1466;-286;4.904;20260630
John Denver;Take Me Home, Country Roads;1462;-7;0.667;20260630
Alex Warren;PASSENGER;1456;-1030;0.055;20260630
Mark Medlock;Back into the Sun;1454;-473;0.024;20260630
SixTONES;Dance Forever;1452;30;0.012;20260630
Disney;Zoo;1445;-502;0.618;20260630
Shakira;Zoo;1445;-502;0.618;20260630
The Rolling Stones;Rough And Twisted;1431;-248;0.096;20260630
sakanaction;Yoru No Odoriko;1422;27;0.107;20260630
Zara Larsson;Midnight Sun;1406;222;0.265;20260630
Peter Maffay;Ein Leben lang ist nicht lang;1395;-600;0.009;20260630
Johannes Oerding;Ein Leben lang ist nicht lang;1395;-600;0.009;20260630
Shakira;Zoo;1394;591;0.652;20260630
LAY;Call My Name;1392;197;0.003;20260630
Ati242;Her Nerdeysen;1382;476;0.585;20260630
Tove Lo;des fleurs;1373;678;0.021;20260630
Stromae;des fleurs;1373;678;0.021;20260630
Drake;Janice STFU;1345;261;0.097;20260630
T.I.;LET 'EM KNOW;1344;33;0.184;20260630
M!LK;Sukisugite METSU;1341;26;0.308;20260630
Billie Eilish;BIRDS OF A FEATHER;1340;266;5.974;20260630
Rico Nasty;You Can't Run From Me;1338;1338;0.001;20260630
M.Sasuke;Gg Ez;1321;80;0.006;20260630
Djo;End of Beginning;1318;167;1.958;20260630
キヨ;SHUNKAN JOURNEY;1315;-53;0.006;20260630
レトルト;SHUNKAN JOURNEY;1315;-53;0.006;20260630
USHIZAWA;SHUNKAN JOURNEY;1315;-53;0.006;20260630
ガッチマン;SHUNKAN JOURNEY;1315;-53;0.006;20260630
Nena;Alles ist gut;1308;-148;0.006;20260630
Aitana;SUPERESTRELLA;1304;-41;0.29;20260630
SUPER BEAVER;Climax;1290;207;0.028;20260630
Luke Combs;Be By You;1286;22;0.276;20260630
Randy Newman;You've Got a Friend In Me;1285;778;0.283;20260630
Keisuke Kuwata;HITOTARASHI;1265;0;0.076;20260630
The Beaches;Edge of the Earth;1257;-330;0.137;20260630
Lady Gaga;Die With A Smile;1256;-813;7.549;20260630
Bruno Mars;Die With A Smile;1256;-813;7.549;20260630
BTS;Body to Body;1254;114;0.367;20260630
Sia;Unstoppable;1243;-451;7.65;20260630
Sonny Green;We're Telling 'Em;1241;1241;0.001;20260630
ARASHI;Five;1241;-49;0.174;20260630
Myles Smith;Stay;1240;398;0.369;20260630
Alan Jackson;Still The One;1240;-268;0.007;20260630
Tems;What You Need;1239;69;0.009;20260630
Jahin Music;Your Phone Linging;1228;973;0.342;20260630
Angelina Mango;Canto d’amore;1218;528;0.021;20260630
Hikaru Utada;PAPPAPARADISE;1217;-170;0.046;20260630
Men at Work;Down Under;1199;665;0.408;20260630
Noah Nine;A Man Can Cry;1196;-1147;0.025;20260630
Dan + Shay;Marry You Again;1188;-561;0.01;20260630
Andreas Bourani;Auf uns;1185;642;1.092;20260630
Toby Keith;Courtesy of the Red, White and Blue;1170;225;0.121;20260630
M!LK;Bakuretsu Aishiteru;1170;45;0.176;20260630
HUGEL;Shine;1166;-719;0.01;20260630
French Montana;Shine;1166;-719;0.01;20260630
David Guetta;Shine;1166;-719;0.01;20260630
Aidan Martin;Shine;1166;-719;0.01;20260630
Survivor;Eye of the Tiger;1164;195;2.496;20260630
Michael Jackson;Heal the World;1154;570;0.256;20260630
GroßstadtEngel;Gute Laune;1147;288;0.388;20260630
DHENYS R J;All Night Long;1135;-109;0.145;20260630
Ramin Djawadi;Main Title;1131;-87;0.275;20260630
Fine Motion (CV: Chinami Hashimoto);TRACEN RAMEN;1125;1125;0.001;20260630
Meisho Doto (CV: Misaki Watada);TRACEN RAMEN;1125;1125;0.001;20260630
Nice Nature (CV: Kaori Maeda);TRACEN RAMEN;1125;1125;0.001;20260630
Narita Top Road (CV: Kanna Nakamura);TRACEN RAMEN;1125;1125;0.001;20260630
Calstone Light O (CV: Yumiko Mochizuki);TRACEN RAMEN;1125;1125;0.001;20260630
Umamusume: Pretty Derby;TRACEN RAMEN;1125;1125;0.001;20260630
Madonna;Read My Lips;1118;-1982;0.033;20260630
Feid;Read My Lips;1118;-1982;0.033;20260630
Zenar;Te conocí;1108;686;0.013;20260630
sakanaction;Kaiju;1104;-44;0.496;20260630
Neil Diamond;Sweet Caroline;1096;-176;1.466;20260630
CTID;Haaland;1088;748;0.003;20260630
米津玄師;IRIS OUT;1083;1083;0.122;20260630
xaviorthemachine;Her Nerdeysen;1079;301;0.115;20260630
Dev1lHawk;Her Nerdeysen;1079;301;0.115;20260630
The Proclaimers;I'm Gonna Be;1068;-136;0.491;20260630
Lee Greenwood;God Bless The U.S.A.;1062;312;0.114;20260630
Hey! Say! JUMP;CUE CUE CUTE;1062;-393;0.018;20260630
SIENNA SPIRO;Die On This Hill;1059;-73;0.697;20260630
Lauryn Hill;Ex-Factor;1058;638;0.001;20260630
Tom Odell;Another Love;1051;39;2.734;20260630
RENJUN;同谋者的默契;1046;135;0.008;20260630
Ella Langley;Dandelion;1045;67;0.228;20260630
Elevation Worship;God I'm Just Grateful;1043;321;0.109;20260630
Chandler Moore;God I'm Just Grateful;1043;321;0.109;20260630
